attempt,cycle_index_before,cycle_index_after,completed_step,dt_requested_s,dt_completed_s,time_before_s,time_after_s,original_cycle_time_before_s,original_cycle_time_after_s,original_cycle_time_target_s,slope_rad,velocity_before_kmh,target_velocity_kmh,wheel_torque_nm,normalized_action,sigma_tor,sigma_min,sigma_max,soc_before,soc_after,battery_soh_before,observed_battery_soh,battery_soh_after,motor1_soh_before,motor1_soh_after,motor2_soh_before,motor2_soh_after,battery_power_kw,battery_current_a,predicted_motor_power_kw,reward,terminated,truncated,constraint_violation,constraint_stage,violated_constraints
0,0,1,True,1.0,1.0,0.0,1.0,0.0,1.0,1.0,0.0,0.0,0.0,83.40462000000002,0.5149999856948853,0.5149999856948853,0.0,1.0,0.6,0.6,1.0,0.949999988079071,1.0,1.0,1.0,1.0,1.0,-0.0,0.0,,1000.0,False,False,False,,[]
1,1,2,True,1.0,1.0,1.0,2.0,1.0,2.0,2.0,0.0,0.0,0.0,83.40462000000002,0.5149999856948853,0.5149999856948853,0.0,1.0,0.6,0.6,1.0,0.949999988079071,1.0,1.0,1.0,1.0,1.0,-0.0,0.0,,1000.0,False,False,False,,[]
2,2,3,True,1.0,1.0,2.0,3.0,2.0,3.0,3.0,0.0,0.0,0.0,83.40462000000002,0.5149999856948853,0.5149999856948853,0.0,1.0,0.6,0.6,1.0,0.949999988079071,1.0,1.0,1.0,1.0,1.0,-0.0,0.0,,1000.0,False,False,False,,[]
3,3,4,True,1.0,1.0,3.0,4.0,3.0,4.0,4.0,0.0,0.0,0.0,83.40462000000002,0.5149999856948853,0.5149999856948853,0.0,1.0,0.6,0.6,1.0,0.949999988079071,1.0,1.0,1.0,1.0,1.0,-0.0,0.0,,1000.0,False,False,False,,[]
4,4,5,True,1.0,1.0,4.0,5.0,4.0,5.0,5.0,0.0,0.0,0.0,83.40462000000002,0.5149999856948853,0.5149999856948853,0.0,1.0,0.6,0.6,1.0,0.949999988079071,1.0,1.0,1.0,1.0,1.0,-0.0,0.0,,1000.0,False,False,False,,[]
5,5,6,True,1.0,1.0,5.0,6.0,5.0,6.0,6.0,0.0,0.0,0.0,83.40462000000002,0.5149999856948853,0.5149999856948853,0.0,1.0,0.6,0.6,1.0,0.949999988079071,1.0,1.0,1.0,1.0,1.0,-0.0,0.0,,1000.0,False,False,False,,[]
6,6,7,True,1.0,1.0,6.0,7.0,6.0,7.0,7.0,0.0,0.0,0.0,83.40462000000002,0.5149999856948853,0.5149999856948853,0.0,1.0,0.6,0.6,1.0,0.949999988079071,1.0,1.0,1.0,1.0,1.0,-0.0,0.0,,1000.0,False,False,False,,[]
7,7,8,True,1.0,1.0,7.0,8.0,7.0,8.0,8.0,0.0,0.0,0.0,83.40462000000002,0.5149999856948853,0.5149999856948853,0.0,1.0,0.6,0.6,1.0,0.949999988079071,1.0,1.0,1.0,1.0,1.0,-0.0,0.0,,1000.0,False,False,False,,[]
8,8,9,True,1.0,1.0,8.0,9.0,8.0,9.0,9.0,0.0,0.0,0.0,83.40462000000002,0.5149999856948853,0.5149999856948853,0.0,1.0,0.6,0.6,1.0,0.949999988079071,1.0,1.0,1.0,1.0,1.0,-0.0,0.0,,1000.0,False,False,False,,[]
9,9,10,True,1.0,1.0,9.0,10.0,9.0,10.0,10.0,0.0,0.0,0.0,83.40462000000002,0.5149999856948853,0.5149999856948853,0.0,1.0,0.6,0.6,1.0,0.949999988079071,1.0,1.0,1.0,1.0,1.0,-0.0,0.0,,1000.0,False,False,False,,[]
10,10,11,True,1.0,1.0,10.0,11.0,10.0,11.0,11.0,0.0,0.0,0.0,83.40462000000002,0.5149999856948853,0.5149999856948853,0.0,1.0,0.6,0.6,1.0,0.949999988079071,1.0,1.0,1.0,1.0,1.0,-0.0,0.0,,1000.0,False,False,False,,[]
11,11,12,True,1.0,1.0,11.0,12.0,11.0,12.0,12.0,0.0,0.0,0.0,83.40462000000002,0.5149999856948853,0.5149999856948853,0.0,1.0,0.6,0.6,1.0,0.949999988079071,1.0,1.0,1.0,1.0,1.0,-0.0,0.0,,1000.0,False,False,False,,[]
12,12,13,True,1.0,1.0,12.0,13.0,12.0,13.0,13.0,0.0,0.0,0.0,83.40462000000002,0.5149999856948853,0.5149999856948853,0.0,1.0,0.6,0.6,1.0,0.949999988079071,1.0,1.0,1.0,1.0,1.0,-0.0,0.0,,1000.0,False,False,False,,[]
13,13,14,True,1.0,1.0,13.0,14.0,13.0,14.0,14.0,0.0,0.0,0.0,83.40462000000002,0.5149999856948853,0.5149999856948853,0.0,1.0,0.6,0.6,1.0,0.949999988079071,1.0,1.0,1.0,1.0,1.0,-0.0,0.0,,1000.0,False,False,False,,[]
14,14,15,True,1.0,1.0,14.0,15.0,14.0,15.0,15.0,0.0,0.0,0.0,83.40462000000002,0.5149999856948853,0.5149999856948853,0.0,1.0,0.6,0.6,1.0,0.949999988079071,1.0,1.0,1.0,1.0,1.0,-0.0,0.0,,1000.0,False,False,False,,[]
15,15,16,True,1.0,1.0,15.0,16.0,15.0,16.0,16.0,0.0,0.0,0.0,83.40462000000002,0.5149999856948853,0.5149999856948853,0.0,1.0,0.6,0.6,1.0,0.949999988079071,1.0,1.0,1.0,1.0,1.0,-0.0,0.0,,1000.0,False,False,False,,[]
16,16,17,True,1.0,1.0,16.0,17.0,16.0,17.0,17.0,0.0,0.0,0.0,83.40462000000002,0.5149999856948853,0.5149999856948853,0.0,1.0,0.6,0.6,1.0,0.949999988079071,1.0,1.0,1.0,1.0,1.0,-0.0,0.0,,1000.0,False,False,False,,[]
17,17,18,True,1.0,1.0,17.0,18.0,17.0,18.0,18.0,0.0,0.0,0.0,83.40462000000002,0.5149999856948853,0.5149999856948853,0.0,1.0,0.6,0.6,1.0,0.949999988079071,1.0,1.0,1.0,1.0,1.0,-0.0,0.0,,1000.0,False,False,False,,[]
18,18,19,True,1.0,1.0,18.0,19.0,18.0,19.0,19.0,0.0,0.0,0.0,83.40462000000002,0.5149999856948853,0.5149999856948853,0.0,1.0,0.6,0.6,1.0,0.949999988079071,1.0,1.0,1.0,1.0,1.0,-0.0,0.0,,1000.0,False,False,False,,[]
19,19,20,True,1.0,1.0,19.0,20.0,19.0,20.0,20.0,0.0,0.0,0.0,83.40462000000002,0.5149999856948853,0.5149999856948853,0.0,1.0,0.6,0.6,1.0,0.949999988079071,1.0,1.0,1.0,1.0,1.0,-0.0,0.0,,1000.0,False,False,False,,[]
20,20,21,True,1.0,1.0,20.0,21.0,20.0,21.0,21.0,0.0,0.0,4.828032,824.5477656000002,0.5149999856948853,0.5149999856948853,0.0,1.0,0.6,0.5999496217779385,1.0,0.949999988079071,0.9999999014715322,1.0,0.9999999930435496,1.0,0.9999999923569093,-3.335799394876236,-13.058035158323836,,930.3791599519066,False,False,False,,[]
21,21,22,True,1.0,1.0,21.0,22.0,21.0,22.0,22.0,0.0,4.828032,9.495129600000002,800.0363326455804,0.51500004529953,0.51500004529953,0.0,1.0,0.5999496217779385,0.5998045630018218,0.9999999014715322,0.9499998688697815,0.999999592867131,0.9999999930435496,0.9999999730195704,0.9999999923569093,0.9999999703564572,-9.602019170734039,-37.59923476945548,,821.0560497221235,False,False,False,,[]
22,22,23,True,1.0,1.0,22.0,23.0,22.0,23.0,23.0,0.0,9.495129600000002,13.8403584,751.1812416475383,0.5150001049041748,0.5150001049041748,0.0,1.0,0.5998045630018218,0.5996275436880425,0.999999592867131,0.9499995708465576,0.9999992212625768,0.9999999730195704,0.9999999630280896,0.9999999703564572,0.9999999367018464,-11.71573004530865,-45.88340613160136,,795.0226109500896,False,False,False,,[]
23,23,24,True,1.0,1.0,23.0,24.0,23.0,24.0,24.0,0.0,13.8403584,18.507456,801.4318074478125,0.5150002241134644,0.5150002241134644,0.0,1.0,0.5996275436880425,0.5994195916708525,0.9999992212625768,0.949999213218689,0.9999987907872236,0.9999999630280896,0.999999953782867,0.9999999367018464,0.9999999086720801,-13.76062735178062,-53.901162855666946,,776.2320591469263,False,False,False,,[]
24,24,25,True,1.0,1.0,24.0,25.0,24.0,25.0,25.0,0.0,18.507456,23.013619200000004,777.9792253708866,0.5150003433227539,0.5150003433227539,0.0,1.0,0.5994195916708525,0.5991805122883895,0.9999987907872236,0.9499987959861755,0.9999983033374651,0.999999953782867,0.9999999422631305,0.9999999086720801,0.9999998891217635,-15.81752431976291,-61.969375934392794,,758.2108100185715,False,False,False,,[]
25,25,26,True,1.0,1.0,25.0,26.0,25.0,26.0,26.0,0.0,23.013619200000004,27.1979136,730.1215465506091,0.5150005221366882,0.5150005221366882,0.0,1.0,0.5991805122883895,0.5989096740754167,0.9999983033374651,0.9499983191490173,0.9999977602870407,0.9999999422631305,0.9999999286406733,0.9999998891217635,0.9999998680010233,-17.91521388590534,-70.20126480255378,,735.3555128878324,False,False,False,,[]
26,26,27,True,1.0,1.0,26.0,27.0,26.0,27.0,27.0,0.0,27.1979136,27.841651200000005,188.35919804837286,0.5150007009506226,0.5150007009506226,0.0,1.0,0.5989096740754167,0.5988214144779308,0.9999977602870407,0.9499977231025696,0.9999975811542985,0.9999999286406733,0.9999999182074769,0.9999998680010233,0.9999998601668105,-5.840875833177312,-22.87688766835752,,889.33135626137,False,False,False,,[]
27,27,28,True,1.0,1.0,27.0,28.0,27.0,28.0,28.0,0.0,27.841651200000005,29.129126400000004,287.47215874805437,0.5150007605552673,0.5150007605552673,0.0,1.0,0.5988214144779308,0.5986924395848087,0.9999975811542985,0.9499975442886353,0.9999973087484951,0.9999999182074769,0.9999999079957815,0.9999998601668105,0.9999998482848726,-8.534034313250558,-33.43029229726778,,848.6737429947744,False,False,False,,[]
28,28,29,True,1.0,1.0,28.0,29.0,28.0,29.0,29.0,0.0,29.129126400000004,33.3134208,732.7664181277457,0.5150008201599121,0.5150008201599121,0.0,1.0,0.5986924395848087,0.598359203482543,0.9999973087484951,0.9499973058700562,0.9999966646342343,0.9999999079957815,0.999999888414831,0.9999998482848726,0.9999998295368921,-22.034521366678753,-86.3747977072557,,696.3902461425083,False,False,False,,[]
29,29,30,True,1.0,1.0,29.0,30.0,29.0,30.0,30.0,0.0,33.3134208,34.9227648,339.65718430727117,0.5150009989738464,0.5150009989738464,0.0,1.0,0.598359203482543,0.598181002988722,0.9999966646342343,0.9499966502189636,0.9999962907425403,0.999999888414831,0.9999998747547034,0.9999998295368921,0.9999998155743299,-11.787383643232518,-46.18956799839863,,804.3678117935763,False,False,False,,[]
30,30,31,True,1.0,1.0,30.0,31.0,30.0,31.0,31.0,0.0,34.9227648,36.0493056,266.4537092117821,0.515001118183136,0.515001118183136,0.0,1.0,0.598181002988722,0.5980386531512267,0.9999962907425403,0.949996292591095,0.9999959875735058,0.9999998747547034,0.9999998627701175,0.9999998155743299,0.9999998081647223,-9.416491489450733,-36.89707787877006,,838.8832912248077,False,False,False,,[]
31,31,32,True,1.0,1.0,31.0,32.0,31.0,32.0,32.0,0.0,36.0493056,36.21024,118.88823137172203,0.5150011777877808,0.5150011777877808,0.0,1.0,0.5980386531512267,0.5979690564788108,0.9999959875735058,0.9499959945678711,0.9999958488747878,0.9999998627701175,0.9999998541893472,0.9999998081647223,0.9999998047986767,-4.604705782697483,-18.039457490207525,,912.8973922814449,False,False,False,,[]
32,32,33,True,1.0,1.0,32.0,33.0,32.0,33.0,33.0,0.0,36.21024,35.566502400000005,-4.5391717661146975,0.5150012373924255,0.5150012373924255,0.0,1.0,0.5979690564788108,0.5979703510661792,0.9999958488747878,0.9499958157539368,0.9999958464615686,0.9999998541893472,0.9999998538407786,0.9999998047986767,0.9999998041927853,0.0856716662833898,0.3355570458915457,,1000.0988152583874,False,False,False,,[]
33,33,34,True,1.0,1.0,33.0,34.0,33.0,34.0,34.0,0.0,35.566502400000005,34.600896000000006,-54.331954807221564,0.5150012373924255,0.5150012373924255,0.0,1.0,0.5979703510661792,0.5979876835601473,0.9999958464615686,0.9499958157539368,0.9999958136414409,0.9999998538407786,0.999999849829931,0.9999998041927853,0.9999997997581419,1.1470914905103695,4.492582436515961,,1005.6365831037091,False,False,False,,[]
34,34,35,True,1.0,1.0,34.0,35.0,34.0,35.0,35.0,0.0,34.600896000000006,33.6352896,-54.89392557117554,0.5150012373924255,0.5150012373924255,0.0,1.0,0.5979876835601473,0.5980046911332839,0.9999958136414409,0.9499958157539368,0.9999957814468053,0.999999849829931,0.999999845891213,0.9999997997581419,0.9999997953712816,1.1256176420086264,4.408362957001776,,1005.4925345004149,False,False,False,,[]
35,35,36,True,1.0,1.0,35.0,36.0,35.0,36.0,36.0,0.0,33.6352896,32.8306176,-30.735657729881474,0.5150012969970703,0.5150012969970703,0.0,1.0,0.5980046911332839,0.5980133754066717,0.9999957814468053,0.949995756149292,0.999995765141143,0.999999845891213,0.9999998437056192,0.9999997953712816,0.9999997922825776,0.5747543103087253,2.250963662091973,,1001.7825813157506,False,False,False,,[]
36,36,37,True,1.0,1.0,36.0,37.0,36.0,37.0,37.0,0.0,32.8306176,31.865011200000005,-55.88403384757243,0.5150012969970703,0.5150012969970703,0.0,1.0,0.5980133754066717,0.5980298573525595,0.999995765141143,0.949995756149292,0.999995733957537,0.9999998437056192,0.9999998399971398,0.9999997922825776,0.999999788023101,1.0908814797034347,4.272120374146711,,1005.4248999720146,False,False,False,,[]
37,37,38,True,1.0,1.0,37.0,38.0,37.0,38.0,38.0,0.0,31.865011200000005,27.358848000000002,-599.9071546433286,0.5150012969970703,0.5150012969970703,0.0,1.0,0.5980298573525595,0.5982315663529819,0.999995733957537,0.9499956965446472,0.9999953151886384,0.9999998399971398,0.9999998223618225,0.999999788023101,0.9999997741022255,13.358518152155902,52.282972909487796,,1147.1519720548054,False,False,False,,[]
38,38,39,True,1.0,1.0,38.0,39.0,38.0,39.0,39.0,0.0,27.358848000000002,23.979225600000003,-429.1872657585922,0.5150014162063599,0.5150014162063599,0.0,1.0,0.5982315663529819,0.598349718909925,0.9999953151886384,0.9499952793121338,0.9999950682685825,0.9999998223618225,0.9999998093590979,0.9999997741022255,0.9999997591674354,7.823614872108376,30.62514275967029,,1070.1173376106863,False,False,False,,[]
39,39,40,True,1.0,1.0,39.0,40.0,39.0,40.0,40.0,0.0,23.979225600000003,23.979225600000003,88.17385277160572,0.5150014758110046,0.5150014758110046,0.0,1.0,0.598349718909925,0.5983115523785911,0.9999950682685825,0.9499950408935547,0.9999949945098624,0.9999998093590979,0.9999998048349882,0.9999997591674354,0.9999997547342069,-2.526166018022136,-9.892764921749903,,948.3169701144949,False,False,False,,[]
40,40,41,True,1.0,1.0,40.0,41.0,40.0,41.0,41.0,0.0,23.979225600000003,24.4620288,162.28816733160477,0.5150015354156494,0.5150015354156494,0.0,1.0,0.5983115523785911,0.5982452491266046,0.9999949945098624,0.9499949812889099,0.9999948627996132,0.9999998048349882,0.9999997970297774,0.9999997547342069,0.9999997491482499,-4.3880703545300115,-17.185802914906024,,915.0257287485159,False,False,False,,[]
41,41,42,True,1.0,1.0,41.0,42.0,41.0,42.0,42.0,0.0,24.4620288,24.944832,162.48215035907165,0.5150015354156494,0.5150015354156494,0.0,1.0,0.5982452491266046,0.5981770053431444,0.9999948627996132,0.9499948620796204,0.9999947269769367,0.9999997970297774,0.9999997890737582,0.9999997491482499,0.9999997429812972,-4.516397134667883,-17.68878867285971,,912.451199004957,False,False,False,,[]
42,42,43,True,1.0,1.0,42.0,43.0,42.0,43.0,43.0,0.0,24.944832,25.749504,212.089543197848,0.5150015950202942,0.5150015950202942,0.0,1.0,0.5981770053431444,0.5980871208872802,0.9999947269769367,0.9499947428703308,0.99999454425615,0.9999997890737582,0.9999997791605008,0.9999997429812972,0.9999997349092654,-5.948079906552243,-23.29805096000688,,887.987621870378,False,False,False,,[]
43,43,44,True,1.0,1.0,43.0,44.0,43.0,44.0,44.0,0.0,25.749504,27.519782400000004,360.65651480761386,0.515001654624939,0.515001654624939,0.0,1.0,0.5980871208872802,0.5979368148059336,0.99999454425615,0.9499945044517517,0.9999942251646561,0.9999997791605008,0.9999997656271744,0.9999997349092654,0.999999723746209,-9.944321235114769,-38.95933628503064,,828.5610883627719,False,False,False,,[]
44,44,45,True,1.0,1.0,44.0,45.0,44.0,45.0,45.0,0.0,27.519782400000004,30.738470400000004,583.7816203956997,0.5150017142295837,0.5150017142295837,0.0,1.0,0.5979368148059336,0.5976918967724392,0.9999942251646561,0.9499942064285278,0.999993727295829,0.9999997656271744,0.999999752857656,0.999999723746209,0.9999997104204087,-16.19825498354296,-63.482754281775186,,757.1167641441982,False,False,False,,[]
45,45,46,True,1.0,1.0,45.0,46.0,45.0,46.0,46.0,0.0,30.738470400000004,33.957158400000004,585.336921745478,0.5150018930435181,0.5150018930435181,0.0,1.0,0.5976918967724392,0.5974115236956742,0.999993727295829,0.9499937295913696,0.9999931680797157,0.999999752857656,0.9999997376509424,0.9999997104204087,0.9999996893553357,-18.539448782443905,-72.67270149747395,,728.5621632574084,False,False,False,,[]
46,46,47,True,1.0,1.0,46.0,47.0,46.0,47.0,47.0,0.0,33.957158400000004,36.5321088,488.2449935179934,0.5150020718574524,0.5150020718574524,0.0,1.0,0.5974115236956742,0.5971574058068673,0.9999931680797157,0.9499931335449219,0.9999926539717696,0.9999997376509424,0.9999997196394016,0.9999996893553357,0.9999996758704924,-16.803034372549998,-65.86735677875632,,747.9291333628511,False,False,False,,[]
47,47,48,True,1.0,1.0,47.0,48.0,47.0,48.0,48.0,0.0,36.5321088,36.8539776,143.88365520197723,0.5150021910667419,0.5150021910667419,0.0,1.0,0.5971574058068673,0.5970756749495588,0.9999926539717696,0.9499926567077637,0.9999924891459249,0.9999997196394016,0.9999997113975305,0.9999996758704924,0.9999996717332574,-5.406749821721643,-21.184638214340485,,900.4202323611377,False,False,False,,[]
48,48,49,True,1.0,1.0,48.0,49.0,48.0,49.0,49.0,0.0,36.8539776,36.5321088,45.26048553509974,0.5150022506713867,0.5150022506713867,0.0,1.0,0.5970756749495588,0.5970450396089796,0.9999924891459249,0.9499924778938293,0.9999924303761916,0.9999997113975305,0.9999997081660857,0.9999996717332574,0.9999996674883569,-2.026922832192469,-7.940680278144255,,957.8648112303288,False,False,False,,[]
49,49,50,True,1.0,1.0,49.0,50.0,49.0,50.0,50.0,0.0,36.5321088,36.37117440000001,69.76934064197819,0.5150022506713867,0.5150022506713867,0.0,1.0,0.5970450396089796,0.5970012442978306,0.9999924303761916,0.9499924182891846,0.9999923452722415,0.9999997081660857,0.9999997034378796,0.9999996674883569,0.9999996627462217,-2.8975304582034145,-11.351744649818242,,941.8181944282599,False,False,False,,[]
50,50,51,True,1.0,1.0,50.0,51.0,50.0,51.0,51.0,0.0,36.37117440000001,34.2790272,-226.7852313426982,0.5150023102760315,0.5150023102760315,0.0,1.0,0.5970012442978306,0.5970884417615719,0.9999923452722415,0.9499923586845398,0.9999921684790114,0.9999997034378796,0.999999691387906,0.9999996627462217,0.9999996564683408,5.771446425663833,22.601582601736474,,1053.9521102484189,False,False,False,,[]
51,51,52,True,1.0,1.0,51.0,52.0,51.0,52.0,52.0,0.0,34.2790272,30.577536000000002,-475.0589278691045,0.5150023698806763,0.5150023698806763,0.0,1.0,0.5970884417615719,0.5972575836935619,0.9999921684790114,0.9499921798706055,0.9999918122043163,0.999999691387906,0.9999996748009617,0.9999996564683408,0.9999996386125698,11.198776012455033,43.84158877178654,,1109.9663008055986,False,False,False,,[]
52,52,53,True,1.0,1.0,52.0,53.0,52.0,53.0,53.0,0.0,30.577536000000002,27.519782400000004,-378.23101419395107,0.515002429485321,0.515002429485321,0.0,1.0,0.5972575836935619,0.5973819171937442,0.9999918122043163,0.9499918222427368,0.9999915507911761,0.9999996748009617,0.9999996634003324,0.9999996386125698,0.9999996300026717,8.231659300203484,32.22724324726392,,1084.8124355936977,False,False,False,,[]
53,53,54,True,1.0,1.0,53.0,54.0,53.0,54.0,54.0,0.0,27.519782400000004,25.427635200000005,-231.47583976430028,0.5150025486946106,0.5150025486946106,0.0,1.0,0.5973819171937442,0.5974435227562339,0.9999915507911761,0.9499915242195129,0.9999914289739164,0.9999996634003324,0.9999996524171385,0.9999996300026717,0.999999620897589,4.078167067829542,15.968161797320958,,1030.2221434187325,False,False,False,,[]
54,54,55,True,1.0,1.0,54.0,55.0,54.0,55.0,55.0,0.0,25.427635200000005,25.427635200000005,88.76740216793681,0.5150026082992554,0.5150026082992554,0.0,1.0,0.5974435227562339,0.5974033892331938,0.9999914289739164,0.9499914050102234,0.9999913512644988,0.9999996524171385,0.9999996475874559,0.999999620897589,0.9999996165919408,-2.6560251730901157,-10.402609171983789,,946.038175801669,False,False,False,,[]
55,55,56,True,1.0,1.0,55.0,56.0,55.0,56.0,56.0,0.0,25.427635200000005,28.4853888,558.158061047936,0.5150026082992554,0.5150026082992554,0.0,1.0,0.5974033892331938,0.5971859833161869,0.9999913512644988,0.9499913454055786,0.9999909032364462,0.9999996475874559,0.9999996356748725,0.9999996165919408,0.9999996048013512,-14.3797982817073,-56.35161368819618,,777.6582545821931,False,False,False,,[]
56,56,57,True,1.0,1.0,56.0,57.0,56.0,57.0,57.0,0.0,28.4853888,31.865011200000005,608.9349373878459,0.5150027275085449,0.5150027275085449,0.0,1.0,0.5971859833161869,0.5969170446036479,0.9999909032364462,0.9499908685684204,0.9999903634362189,0.9999996356748725,0.999999618340505,0.9999996048013512,0.999999590402244,-17.78405671993806,-69.70891429011131,,738.1968542287959,False,False,False,,[]
57,57,58,True,1.0,1.0,57.0,58.0,57.0,58.0,58.0,0.0,31.865011200000005,34.76183040000001,536.5123352766728,0.5150029063224792,0.5150029063224792,0.0,1.0,0.5969170446036479,0.5966484674118082,0.9999903634362189,0.9499903321266174,0.9999898242556916,0.999999618340505,0.9999996043321197,0.999999590402244,0.9999995666754096,-17.758453598161122,-69.6152081248479,,735.1695365200734,False,False,False,,[]
58,58,59,True,1.0,1.0,58.0,59.0,58.0,59.0,59.0,0.0,34.76183040000001,37.3367808,488.7036355596743,0.5150030851364136,0.5150030851364136,0.0,1.0,0.5966484674118082,0.5963938517246616,0.9999898242556916,0.9499897956848145,0.9999893092753435,0.9999996043321197,0.9999995904208249,0.9999995666754096,0.9999995528697656,-16.83446910988852,-65.99638610838053,,749.720357658766,False,False,False,,[]
59,59,60,True,1.0,1.0,59.0,60.0,59.0,60.0,60.0,0.0,37.3367808,38.9461248,342.01484070420696,0.5150032043457031,0.5150032043457031,0.0,1.0,0.5963938517246616,0.5962057313865092,0.9999893092753435,0.9499893188476562,0.9999889162961558,0.9999995904208249,0.9999995804504157,0.9999995528697656,0.9999995426472855,-12.439523196061073,-48.76079164909419,,801.5317938393105,False,False,False,,[]
60,60,61,True,1.0,1.0,60.0,61.0,60.0,61.0,61.0,0.0,38.9461248,39.58986240000001,194.80446136293108,0.5150033235549927,0.5150033235549927,0.0,1.0,0.5962057313865092,0.5960903373277109,0.9999889162961558,0.9499889016151428,0.9999886757908144,0.9999995804504157,0.9999995706052361,0.9999995426472855,0.9999995366528044,-7.631796136634732,-29.910140040518556,,865.5878385375636,False,False,False,,[]
61,61,62,True,1.0,1.0,61.0,62.0,61.0,62.0,62.0,0.0,39.58986240000001,40.0726656,170.51901970960904,0.5150033831596375,0.5150033831596375,0.0,1.0,0.5960903373277109,0.5959869850231817,0.9999886757908144,0.9499886631965637,0.9999884629056353,0.9999995706052361,0.9999995612288002,0.9999995366528044,0.9999995313303635,-6.835490742774775,-26.788917333964303,,877.7013568308379,False,False,False,,[]
62,62,63,True,1.0,1.0,62.0,63.0,62.0,63.0,63.0,0.0,40.0726656,40.2336,121.42848530281692,0.5150034427642822,0.5150034427642822,0.0,1.0,0.5959869850231817,0.5959114848197857,0.9999884629056353,0.9499884247779846,0.9999883115703342,0.9999995612288002,0.9999995536119575,0.9999995313303635,0.9999995275095671,-4.993763331188717,-19.56965272023764,,907.3822484620733,False,False,False,,[]
63,63,64,True,1.0,1.0,63.0,64.0,63.0,64.0,64.0,0.0,40.2336,39.58986240000001,-1.9881768035986946,0.515003502368927,0.515003502368927,0.0,1.0,0.5959114848197857,0.5959122168990436,0.9999883115703342,0.9499883055686951,0.999988310206428,0.9999995536119575,0.9999995535553604,0.9999995275095671,0.9999995272090602,0.04843280955838758,0.18975494363131007,,1000.2386415600419,False,False,False,,[]
64,64,65,True,1.0,1.0,64.0,65.0,64.0,65.0,65.0,0.0,39.58986240000001,39.428928,71.69993362960834,0.515003502368927,0.515003502368927,0.0,1.0,0.5959122168990436,0.5958645358934898,0.999988310206428,0.9499883055686951,0.9999882171988426,0.9999995535553604,0.9999995485116305,0.9999995272090602,0.9999995224779785,-3.154083276472392,-12.358916639564379,,937.4209851272693,False,False,False,,[]
65,65,66,True,1.0,1.0,65.0,66.0,65.0,66.0,66.0,0.0,39.428928,39.7507968,145.70877126105492,0.5150035619735718,0.5150035619735718,0.0,1.0,0.5958645358934898,0.59577589809445,0.9999882171988426,0.9499881863594055,0.9999880372319256,0.9999995485116305,0.9999995399570084,0.9999995224779785,0.9999995179575099,-5.862636906560301,-22.97491751110578,,893.0887227404411,False,False,False,,[]
66,66,67,True,1.0,1.0,66.0,67.0,66.0,67.0,67.0,0.0,39.7507968,39.911731200000006,121.21538323942288,0.5150036215782166,0.5150036215782166,0.0,1.0,0.59577589809445,0.5957010638498305,0.9999880372319256,0.9499880075454712,0.9999878873291874,0.9999995399570084,0.9999995323674734,0.9999995179575099,0.9999995141739941,-4.949804349134624,-19.39703620538485,,908.1022588509009,False,False,False,,[]
67,67,68,True,1.0,1.0,67.0,68.0,67.0,68.0,68.0,0.0,39.911731200000006,39.7507968,71.91217641049066,0.5150036215782166,0.5150036215782166,0.0,1.0,0.5957010638498305,0.595653031231062,0.9999878873291874,0.9499878883361816,0.9999877936035043,0.9999995323674734,0.999999527287694,0.9999995141739941,0.9999995095044509,-3.1772980757784364,-12.450054784802624,,937.0714277613469,False,False,False,,[]
68,68,69,True,1.0,1.0,68.0,69.0,68.0,69.0,69.0,0.0,39.7507968,39.58986240000001,71.80584019942353,0.5150036811828613,0.5150036811828613,0.0,1.0,0.595653031231062,0.5956051745208195,0.9999877936035043,0.9499877691268921,0.9999877002371386,0.999999527287694,0.9999995222259261,0.9999995095044509,0.9999995048038464,-3.1656807798090876,-12.404459294832614,,937.2460186741766,False,False,False,,[]
69,69,70,True,1.0,1.0,69.0,70.0,69.0,70.0,70.0,0.0,39.58986240000001,39.58986240000001,96.40470514960998,0.5150036811828613,0.5150036811828613,0.0,1.0,0.5956051745208195,0.5955450578932237,0.9999877002371386,0.9499877095222473,0.9999875815370822,0.9999995222259261,0.9999995158235587,0.9999995048038464,0.9999995014798732,-3.976531515103852,-15.582229872861827,,924.459652581711,False,False,False,,[]
70,70,71,True,1.0,1.0,70.0,71.0,70.0,71.0,71.0,0.0,39.58986240000001,40.394534400000005,219.92856274960937,0.5150037407875061,0.5150037407875061,0.0,1.0,0.5955450578932237,0.5954138661997967,0.9999875815370822,0.9499875903129578,0.999987303847659,0.9999995158235587,0.9999995056040673,0.9999995014798732,0.9999994945874724,-8.675988195946367,-34.00488693625078,,850.2876958717891,False,False,False,,[]
71,71,72,True,1.0,1.0,71.0,72.0,71.0,72.0,72.0,0.0,40.394534400000005,41.19920640000001,220.46239201123998,0.5150038003921509,0.5150038003921509,0.0,1.0,0.5954138661997967,0.5952664923848265,0.999987303847659,0.9499872922897339,0.9999869906097333,0.9999995056040673,0.9999994951874966,0.9999994945874724,0.9999994764638384,-9.745358285497574,-38.19929284027753,,828.337209045814,False,False,False,,[]
72,72,73,True,1.0,1.0,72.0,73.0,72.0,73.0,73.0,0.0,41.19920640000001,41.3601408,122.1878762242901,0.5150039196014404,0.5150039196014404,0.0,1.0,0.5952664923848265,0.5951737785575052,0.9999869906097333,0.94998699426651,0.9999868016148926,0.9999994951874966,0.9999994874199924,0.9999994764638384,0.9999994619798226,-6.131703291164084,-24.031424041683543,,881.9393391108335,False,False,False,,[]
73,73,74,True,1.0,1.0,73.0,74.0,73.0,74.0,74.0,0.0,41.3601408,40.8773376,23.47899312667013,0.5150039792060852,0.5150039792060852,0.0,1.0,0.5951737785575052,0.5951532552801813,0.9999868016148926,0.9499868154525757,0.999986762631328,0.9999994874199924,0.9999994854826827,0.9999994619798226,0.9999994583654284,-1.357615587468093,-5.319633482363242,,970.8989187679982,False,False,False,,[]
74,74,75,True,1.0,1.0,74.0,75.0,74.0,75.0,75.0,0.0,40.8773376,40.0726656,-26.259869936699793,0.5150039792060852,0.5150039792060852,0.0,1.0,0.5951532552801813,0.5951624413984103,0.999986762631328,0.9499867558479309,0.9999867453749279,0.9999994854826827,0.9999994833665871,0.9999994583654284,0.9999994551495975,0.6077302082209053,2.381041844972192,,1002.1330921615975,False,False,False,,[]
75,75,76,True,1.0,1.0,75.0,76.0,75.0,76.0,76.0,0.0,40.0726656,40.2336,121.42848530281692,0.5150039792060852,0.5150039792060852,0.0,1.0,0.5951624413984103,0.5950869407476062,0.9999867453749279,0.9499867558479309,0.9999865940386637,0.9999994833665871,0.9999994757497388,0.9999994551495975,0.9999994513288054,-4.993763469982028,-19.56976868844014,,907.3817996975174,False,False,False,,[]
76,76,77,True,1.0,1.0,76.0,77.0,76.0,77.0,77.0,0.0,40.2336,40.8773376,195.64999535639973,0.51500403881073,0.51500403881073,0.0,1.0,0.5950869407476062,0.5949624059213308,0.9999865940386637,0.9499865770339966,0.9999863321506582,0.9999994757497388,0.9999994657108174,0.9999994513288054,0.9999994404083076,-8.235660904475681,-32.27942697058721,,853.4731328508226,False,False,False,,[]
77,77,78,True,1.0,1.0,77.0,78.0,77.0,78.0,78.0,0.0,40.8773376,41.842944,245.49261678330055,0.5150040984153748,0.5150040984153748,0.0,1.0,0.5949624059213308,0.5948011579495144,0.9999863321506582,0.9499863386154175,0.9999859913699274,0.9999994657108174,0.9999994550830212,0.9999994404083076,0.9999994225842067,-10.662037437878089,-41.79547429480353,,817.1417098728532,False,False,False,,[]
78,78,79,True,1.0,1.0,78.0,79.0,78.0,79.0,79.0,0.0,41.842944,41.842944,97.92649448135425,0.5150042176246643,0.5150042176246643,0.0,1.0,0.5948011579495144,0.5947295690302541,0.9999859913699274,0.9499859809875488,0.9999858484225486,0.9999994550830212,0.9999994483997023,0.9999994225842067,0.9999994132336918,-4.734743825348236,-18.55584787225351,,907.5089634251091,False,False,False,,[]
79,79,80,True,1.0,1.0,79.0,80.0,79.0,80.0,80.0,0.0,41.842944,41.3601408,23.81217992135425,0.5150042176246643,0.5150042176246643,0.0,1.0,0.5947295690302541,0.5947103357903196,0.9999858484225486,0.9499858617782593,0.9999858119354607,0.9999994483997023,0.9999994464137,0.9999994132336918,0.9999994102592252,-1.2722535419682515,-4.985255791009165,,972.9117837797506,False,False,False,,[]
80,80,81,True,1.0,1.0,80.0,81.0,80.0,81.0,81.0,0.0,41.3601408,42.003878400000005,196.41239376667085,0.5150042772293091,0.5150042772293091,0.0,1.0,0.5947103357903196,0.5945774663929524,0.9999858119354607,0.9499858021736145,0.9999855302329299,0.9999994464137,0.9999994363298326,0.9999994102592252,0.999999395247885,-8.786163853867736,-34.439747797586236,,843.0744557791897,False,False,False,,[]
81,81,82,True,1.0,1.0,81.0,82.0,81.0,82.0,82.0,0.0,42.003878400000005,42.969484800000004,246.26704514876238,0.5150043368339539,0.5150043368339539,0.0,1.0,0.5945774663929524,0.5944176463551897,0.9999855302329299,0.9499855041503906,0.9999851922687673,0.9999994363298326,0.9999994257430215,0.999999395247885,0.9999993816415852,-10.567109845436592,-41.42535378810228,,821.1464492000441,False,False,False,,[]
82,82,83,True,1.0,1.0,82.0,83.0,82.0,83.0,83.0,0.0,42.969484800000004,44.25696000000001,296.35713993960485,0.5150044560432434,0.5150044560432434,0.0,1.0,0.5944176463551897,0.5942280949517899,0.9999851922687673,0.9499852061271667,0.9999847965539338,0.9999994257430215,0.9999994155582015,0.9999993816415852,0.9999993688054601,-12.531245372106223,-49.1317237612249,,798.6302967884652,False,False,False,,[]
83,83,84,True,1.0,1.0,83.0,84.0,83.0,84.0,84.0,0.0,44.25696000000001,46.02723840000001,371.4029167444444,0.515004575252533,0.515004575252533,0.0,1.0,0.5942280949517899,0.5939851619193754,0.9999847965539338,0.9499847888946533,0.9999843022175825,0.9999994155582015,0.9999994022944649,0.9999993688054601,0.9999993551478973,-16.056787595444526,-62.96824200181424,,757.9846288655299,False,False,False,,[]
84,84,85,True,1.0,1.0,84.0,85.0,84.0,85.0,85.0,0.0,46.02723840000001,47.1537792,273.9094887624374,0.5150046944618225,0.5150046944618225,0.0,1.0,0.5939851619193754,0.5937973611943416,0.9999843022175825,0.9499843120574951,0.9999839098499964,0.9999994022944649,0.9999993918526746,0.9999993551478973,0.9999993423145087,-12.414050420113304,-48.67794792876944,,799.7999460151543,False,False,False,,[]
85,85,86,True,1.0,1.0,85.0,86.0,85.0,86.0,86.0,0.0,47.1537792,47.958451200000006,225.37061372943595,0.5150048136711121,0.5150048136711121,0.0,1.0,0.5937973611943416,0.5936348824694706,0.9999839098499964,0.9499838948249817,0.9999835666450217,0.9999993918526746,0.9999993811952896,0.9999993423145087,0.9999993292845203,-10.740561351710975,-42.114485486547075,,819.3453361109686,False,False,False,,[]
86,86,87,True,1.0,1.0,86.0,87.0,86.0,87.0,87.0,0.0,47.958451200000006,48.441254400000005,176.59586564642186,0.5150049328804016,0.5150049328804016,0.0,1.0,0.5936348824694706,0.5934997447444136,0.9999835666450217,0.949983537197113,0.9999832794968204,0.9999993811952896,0.9999993707902433,0.9999993292845203,0.9999993159262839,-8.933656090259424,-35.02769833479002,,842.0231327705068,False,False,False,,[]
87,87,88,True,1.0,1.0,87.0,88.0,87.0,88.0,88.0,0.0,48.441254400000005,48.9240576,176.98189831569695,0.5150050520896912,0.5150050520896912,0.0,1.0,0.5934997447444136,0.5933630018999045,0.9999832794968204,0.9499832391738892,0.999982988481367,0.9999993707902433,0.9999993602752763,0.9999993159262839,0.9999993024264975,-9.03951567626604,-35.443745296729944,,840.4356143051027,False,False,False,,[]
88,88,89,True,1.0,1.0,88.0,89.0,88.0,89.0,89.0,0.0,48.9240576,49.406860800000004,177.37179775628553,0.5150051116943359,0.5150051116943359,0.0,1.0,0.5933630018999045,0.5932247670479892,0.999982988481367,0.9499830007553101,0.9999826938609215,0.9999993602752763,0.9999993496502957,0.9999993024264975,0.9999992888815801,-9.137894394868193,-35.83047361644734,,839.0199346676475,False,False,False,,[]
89,89,90,True,1.0,1.0,89.0,90.0,89.0,90.0,90.0,0.0,49.406860800000004,49.406860800000004,103.65124940818279,0.5150051712989807,0.5150051712989807,0.0,1.0,0.5932247670479892,0.5931441083324918,0.9999826938609215,0.9499827027320862,0.999982531367774,0.9999993496502957,0.999999341692359,0.9999992888815801,0.9999992835136389,-5.332719068894406,-20.906739056946144,,900.7110958430388,False,False,False,,[]
90,90,91,True,1.0,1.0,90.0,91.0,90.0,91.0,91.0,0.0,49.406860800000004,49.084992,54.24170636818246,0.5150052309036255,0.5150052309036255,0.0,1.0,0.5931441083324918,0.593096255476748,0.999982531367774,0.9499825239181519,0.9999824380092803,0.999999341692359,0.9999993367977685,0.9999992835136389,0.9999992772339636,-3.1641055754632292,-12.403460208778297,,936.0114748308716,False,False,False,,[]
91,91,92,True,1.0,1.0,91.0,92.0,91.0,92.0,92.0,0.0,49.084992,48.9240576,78.68353743899313,0.5150052905082703,0.5150052905082703,0.0,1.0,0.593096255476748,0.5930289239051708,0.9999824380092803,0.9499824047088623,0.9999823041216729,0.9999993367977685,0.9999993302664889,0.9999992772339636,0.9999992687141848,-4.451865123073159,-17.452343352826553,,912.599113616539,False,False,False,,[]
92,92,93,True,1.0,1.0,92.0,93.0,92.0,93.0,93.0,0.0,48.9240576,48.7631232,78.55271167628584,0.5150052905082703,0.5150052905082703,0.0,1.0,0.5930289239051708,0.5929619159146784,0.9999823041216729,0.9499822854995728,0.9999821709196722,0.9999993302664889,0.9999993237646378,0.9999992687141848,0.9999992602332226,-4.430505895052942,-17.36847113564423,,912.9827022262465,False,False,False,,[]
93,93,94,True,1.0,1.0,93.0,94.0,93.0,94.0,94.0,0.0,48.7631232,48.9240576,127.83185859483085,0.515005350112915,0.515005350112915,0.0,1.0,0.5929619159146784,0.5928581476292413,0.9999821709196722,0.9499821662902832,0.9999819570906572,0.9999993237646378,0.9999993147024653,0.9999992602332226,0.9999992484436789,-6.860315311268427,-26.896739585310108,,872.5981384698599,False,False,False,,[]
94,94,95,True,1.0,1.0,94.0,95.0,94.0,95.0,95.0,0.0,48.9240576,49.567795200000006,202.07656927628616,0.5150054097175598,0.5150054097175598,0.0,1.0,0.5928581476292413,0.5927041198825205,0.9999819570906572,0.9499819278717041,0.9999816305946367,0.9999993147024653,0.9999993038548605,0.9999992484436789,0.9999992346605875,-10.181360510502593,-39.92399195003637,,825.5538334008853,False,False,False,,[]
95,95,96,True,1.0,1.0,95.0,96.0,95.0,96.0,96.0,0.0,49.567795200000006,48.9240576,4.964278014660924,0.5150055289268494,0.5150055289268494,0.0,1.0,0.5927041198825205,0.5927001226581271,0.9999816305946367,0.9499816298484802,0.9999816231237497,0.9999993038548605,0.9999993036804925,0.9999992346605875,0.999999234085863,-0.26433685259831474,-1.0360805627519474,,994.5366070828569,False,False,False,,[]
96,96,97,True,1.0,1.0,96.0,97.0,96.0,97.0,97.0,0.0,48.9240576,48.1193856,-20.266374403714835,0.5150055289268494,0.5150055289268494,0.0,1.0,0.5927001226581271,0.5927091860576468,0.9999816231237497,0.9499816298484802,0.9999816060999243,0.9999993036804925,0.9999993017557961,0.999999234085863,0.9999992317740882,0.5994086687770063,2.3492331555114414,,1003.1343391860987,False,False,False,,[]
97,97,98,True,1.0,1.0,97.0,98.0,97.0,98.0,98.0,0.0,48.1193856,47.47564800000001,3.7907129215922883,0.5150055289268494,0.5150055289268494,0.0,1.0,0.5927091860576468,0.5927062237925204,0.9999816060999243,0.9499815702438354,0.9999816005689982,0.9999993017557961,0.9999993016265651,0.9999992317740882,0.9999992313481374,-0.1959104209683942,-0.7678191207655654,,995.9459625985667,False,False,False,,[]
98,98,99,True,1.0,1.0,98.0,99.0,98.0,99.0,99.0,0.0,47.47564800000001,47.958451200000006,176.2136997484594,0.5150055289268494,0.5150055289268494,0.0,1.0,0.5927062237925204,0.5925735489066228,0.9999816005689982,0.9499815702438354,0.9999813193323802,0.9999993016265651,0.9999992913313396,0.9999992313481374,0.9999992188299224,-8.771200684945466,-34.38933042463902,,844.8714696231484,False,False,False,,[]
99,99,100,True,1.0,1.0,99.0,100.0,99.0,100.0,100.0,0.0,47.958451200000006,48.7631232,226.00540868642221,0.5150055885314941,0.5150055885314941,0.0,1.0,0.5925735489066228,0.5924077203754999,0.9999813193323802,0.9499813318252563,0.9999809695451948,0.9999992913313396,0.9999992806594634,0.9999992188299224,0.9999992052082162,-10.961607649057633,-42.982755267062096,,816.2593427833317,False,False,False,,[]
100,100,101,True,1.0,1.0,100.0,101.0,100.0,101.0,101.0,0.0,48.7631232,49.406860800000004,201.94617315483185,0.5150057077407837,0.5150057077407837,0.0,1.0,0.5924077203754999,0.5922541692428677,0.9999809695451948,0.9499809741973877,0.9999806439958695,0.9999992806594634,0.9999992698475708,0.9999992052082162,0.9999991913772995,-10.150070052860697,-39.80045357829637,,825.9351060703541,False,False,False,,[]
101,101,102,True,1.0,1.0,101.0,102.0,101.0,102.0,102.0,0.0,49.406860800000004,49.7287296,153.06079244818216,0.5150058269500732,0.5150058269500732,0.0,1.0,0.5922541692428677,0.5921349866768829,0.9999806439958695,0.949980616569519,0.9999803946721604,0.9999992698475708,0.9999992597165119,0.9999991913772995,0.999999181519837,-7.8788464104354645,-30.89212110325896,,859.030177153137,False,False,False,,[]
102,102,103,True,1.0,1.0,102.0,103.0,102.0,103.0,103.0,0.0,49.7287296,49.889664,128.62067994239985,0.515005886554718,0.515005886554718,0.0,1.0,0.5921349866768829,0.5920272671135893,0.9999803946721604,0.9499803781509399,0.9999801718413172,0.9999992597165119,0.9999992505024016,0.999999181519837,0.9999991684645337,-7.121207674917816,-27.92091080568441,,867.8506002346148,False,False,False,,[]
103,103,104,True,1.0,1.0,103.0,104.0,103.0,104.0,104.0,0.0,49.889664,49.7287296,79.344110871392,0.5150059461593628,0.5150059461593628,0.0,1.0,0.5920272671135893,0.5919582474190284,0.9999801718413172,0.9499801397323608,0.9999800343700702,0.9999992505024016,0.9999992438229309,0.9999991684645337,0.999999159713342,-4.5633185042951645,-17.889904830199047,,910.583038744249,False,False,False,,[]
104,104,105,True,1.0,1.0,104.0,105.0,104.0,105.0,105.0,0.0,49.7287296,48.9240576,-19.607949177601157,0.5150060057640076,0.5150060057640076,0.0,1.0,0.5919582474190284,0.5919681561148187,0.9999800343700702,0.9499800205230713,0.9999800157431241,0.9999992438229309,0.9999992429951156,0.999999159713342,0.9999991574395832,0.6552923913411658,2.5683339488442734,,1004.9689959098931,False,False,False,,[]
105,105,106,True,1.0,1.0,105.0,106.0,105.0,106.0,106.0,0.0,48.9240576,47.958451200000006,-44.97114592371353,0.5150060057640076,0.5150060057640076,0.0,1.0,0.5919681561148187,0.5919883806704889,0.9999800157431241,0.9499800205230713,0.9999799773382002,0.9999992429951156,0.9999992388889293,0.9999991574395832,0.9999991523182602,1.337612637919343,5.24220482970445,,1007.2081394058749,False,False,False,,[]
106,106,107,True,1.0,1.0,106.0,107.0,106.0,107.0,107.0,0.0,47.958451200000006,48.1193856,127.18632260642153,0.5150060057640076,0.5150060057640076,0.0,1.0,0.5919883806704889,0.5918874523472829,0.9999799773382002,0.9499799609184265,0.9999797699383316,0.9999992388889293,0.9999992299495339,0.9999991523182602,0.9999991413033079,-6.672963523580459,-26.160621374991194,,875.9461747430759,False,False,False,,[]
107,107,108,True,1.0,1.0,107.0,108.0,107.0,108.0,108.0,0.0,48.1193856,48.6021888,176.724113561591,0.5150060653686523,0.5150060653686523,0.0,1.0,0.5918874523472829,0.5917517821130397,0.9999797699383316,0.9499797821044922,0.9999794815084104,0.9999992299495339,0.9999992195078524,0.9999991413033079,0.9999991278979113,-8.968889761688683,-35.165724715847276,,841.4956274248094,False,False,False,,[]
108,108,109,True,1.0,1.0,108.0,109.0,108.0,109.0,109.0,0.0,48.6021888,49.406860800000004,226.52097819463694,0.5150061845779419,0.5150061845779419,0.0,1.0,0.5917517821130397,0.5915836536511283,0.9999794815084104,0.9499794840812683,0.9999791272155916,0.9999992195078524,0.9999992088171786,0.9999991278979113,0.9999991141623521,-11.113238149013403,-43.57889732742229,,814.3428732502595,False,False,False,,[]
109,109,110,True,1.0,1.0,109.0,110.0,109.0,110.0,110.0,0.0,49.406860800000004,50.2115328,227.17510700818218,0.5150062441825867,0.5150062441825867,0.0,1.0,0.5915836536511283,0.5914061780753221,0.9999791272155916,0.9499791264533997,0.9999787547272107,0.9999992088171786,0.9999991979580304,0.9999991141623521,0.9999990950981579,-11.730301612394321,-46.00166924895865,,803.4401660094816,False,False,False,,[]
110,110,111,True,1.0,1.0,110.0,111.0,110.0,111.0,111.0,0.0,50.2115328,51.177139200000006,252.54474837315112,0.5150063633918762,0.5150063633918762,0.0,1.0,0.5914061780753221,0.5912086834897502,0.9999787547272107,0.949978768825531,0.9999783439118575,0.9999991979580304,0.9999991873588392,0.9999990950981579,0.9999990745165979,-13.052120246821701,-51.19059658026099,,787.5523432698632,False,False,False,,[]
111,111,112,True,1.0,1.0,111.0,112.0,111.0,112.0,112.0,0.0,51.177139200000006,51.82087680000001,203.9472273085875,0.5150064826011658,0.5150064826011658,0.0,1.0,0.5912086834897502,0.5910440960657272,0.9999783439118575,0.9499783515930176,0.9999779965606542,0.9999991873588392,0.999999176011986,0.9999990745165979,0.999999058210172,-10.877948842752089,-42.661060306763204,,815.011983839459,False,False,False,,[]
112,112,113,True,1.0,1.0,112.0,113.0,112.0,113.0,113.0,0.0,51.82087680000001,52.1427456,155.0876250773465,0.5150066018104553,0.5150066018104553,0.0,1.0,0.5910440960657272,0.5909164280341168,0.9999779965606542,0.9499779939651489,0.999977727259563,0.999999176011986,0.9999991655330474,0.999999058210172,0.9999990465378189,-8.438573814669594,-33.091553793393444,,849.7985828155033,False,False,False,,[]
113,113,114,True,1.0,1.0,113.0,114.0,113.0,114.0,114.0,0.0,52.1427456,51.82087680000001,56.54608724927151,0.5150066614151001,0.5150066614151001,0.0,1.0,0.5909164280341168,0.5908663158086086,0.999977727259563,0.949977695941925,0.9999776292768245,0.9999991655330474,0.9999991601854142,0.9999990465378189,0.9999990413097833,-3.3130639325592806,-12.989088851721561,,934.1549941183413,False,False,False,,[]
114,114,115,True,1.0,1.0,114.0,115.0,114.0,115.0,115.0,0.0,51.82087680000001,51.016204800000004,-17.8457755626522,0.5150067210197449,0.5150067210197449,0.0,1.0,0.5908663158086086,0.5908758396113893,0.9999776292768245,0.9499776363372803,0.9999776113801627,0.9999991601854142,0.9999991595309341,0.9999990413097833,0.9999990391525985,0.6297752442426471,2.4685696807717896,,1004.9468221785181,False,False,False,,[]
115,115,116,True,1.0,1.0,115.0,116.0,115.0,116.0,116.0,0.0,51.016204800000004,46.02723840000001,-660.8561869904611,0.5150067210197449,0.5150067210197449,0.0,1.0,0.5908758396113893,0.5912507879323363,0.9999776113801627,0.9499775767326355,0.999976906340985,0.9999991595309341,0.9999991435212585,0.9999990391525985,0.9999990089992637,24.823659415244844,97.18660478945881,,1348.2201880758575,False,False,False,,[]
116,116,117,True,1.0,1.0,116.0,117.0,116.0,117.0,117.0,0.0,46.02723840000001,40.7164032,-714.2813720375624,0.5150068998336792,0.5150068998336792,0.0,1.0,0.5912507879323363,0.591616844669912,0.999976906340985,0.949976921081543,0.9999762138152484,0.9999991435212585,0.9999991280471364,0.9999990089992637,0.9999989847226695,24.239205425040026,94.88190637961867,,1345.9918437874805,False,False,False,,[]
117,117,118,True,1.0,1.0,117.0,118.0,117.0,118.0,118.0,0.0,40.7164032,35.405568,-718.1023865553105,0.5150071382522583,0.5150071382522583,0.0,1.0,0.591616844669912,0.5919347366504529,0.9999762138152484,0.9499762058258057,0.9999755934914579,0.9999991280471364,0.9999991089800149,0.9999989847226695,0.9999989633047655,21.050736983345484,82.3976013562115,,1274.493496308411,False,False,False,,[]
118,118,119,True,1.0,1.0,118.0,119.0,118.0,119.0,119.0,0.0,35.405568,30.0947328,-721.4555217443558,0.5150073170661926,0.5150073170661926,0.0,1.0,0.5919347366504529,0.5921993314247861,0.9999755934914579,0.9499756097793579,0.9999750611607487,0.9999991089800149,0.9999990893322311,0.9999989633047655,0.9999989356902417,17.521380166676224,68.58296550716652,,1196.3144841609626,False,False,False,,[]
119,119,120,True,1.0,1.0,119.0,120.0,119.0,120.0,120.0,0.0,30.0947328,24.783897600000003,-724.3407776046968,0.515007495880127,0.515007495880127,0.0,1.0,0.5921993314247861,0.5924212024264053,0.9999750611607487,0.9499750733375549,0.9999746049168927,0.9999990893322311,0.9999990724294402,0.9999989356902417,0.9999989120199998,14.69228295034806,57.508963619683996,,1156.970307231102,False,False,False,,[]
120,120,121,True,1.0,1.0,120.0,121.0,120.0,121.0,121.0,0.0,24.783897600000003,19.4730624,-726.7581541363347,0.5150076150894165,0.5150076150894165,0.0,1.0,0.5924212024264053,0.5926039934360774,0.9999746049168927,0.9499745965003967,0.9999742221653503,0.9999990724294402,0.9999990609589077,0.9999989120199998,0.999998894379884,12.10432283856591,47.37942970702274,,1130.461097006995,False,False,False,,[]
121,121,122,True,1.0,1.0,121.0,122.0,121.0,122.0,122.0,0.0,19.4730624,14.162227200000002,-728.7076513392673,0.515007734298706,0.515007734298706,0.0,1.0,0.5926039934360774,0.592738248040632,0.9999742221653503,0.9499742388725281,0.9999739371400007,0.9999990609589077,0.9999990517436292,0.999998894379884,0.9999988751729283,8.889761051354695,34.79879350055076,,1083.8109201444272,False,False,False,,[]
122,122,123,True,1.0,1.0,122.0,123.0,122.0,123.0,123.0,0.0,14.162227200000002,8.851392,-730.1892692134973,0.5150077939033508,0.5150077939033508,0.0,1.0,0.592738248040632,0.5928129853179329,0.9999739371400007,0.9499739408493042,0.9999737874457013,0.9999990517436292,0.9999990432123789,0.9999988751729283,0.999998842910546,4.948209632792034,19.371902276379988,,1019.3411987232778,False,False,False,,[]
123,123,124,True,1.0,1.0,123.0,124.0,123.0,124.0,124.0,0.0,8.851392,3.5405568000000005,-731.2030077590222,0.5150078535079956,0.5150078535079956,0.0,1.0,0.5928129853179329,0.5928428160070498,0.9999737874457013,0.9499737620353699,0.999973730264611,0.9999990432123789,0.99999902737855,0.999998842910546,0.999998825514378,1.9748399229160085,7.732114619082334,,990.9649594511856,False,False,False,,[]
124,124,125,True,1.0,1.0,124.0,125.0,124.0,125.0,125.0,0.0,3.5405568000000005,0.0,-459.9963802558437,0.5150079131126404,0.5150079131126404,0.0,1.0,0.5928428160070498,0.5928481781077202,0.999973730264611,0.9499737024307251,0.9999737202293545,0.99999902737855,0.9999990245325532,0.999998825514378,0.9999988223875648,0.3549607218658158,1.389856493766905,,998.3883665496887,False,False,False,,[]
125,125,126,True,1.0,1.0,125.0,126.0,125.0,126.0,126.0,0.0,0.0,0.0,83.40462000000002,0.5150079131126404,0.5150079131126404,0.0,1.0,0.5928481781077202,0.5928481781077202,0.9999737202293545,0.9499737024307251,0.9999737202293545,0.9999990245325532,0.9999990245325532,0.9999988223875648,0.9999988223875648,-0.0,0.0,,1000.0,False,False,False,,[]
126,126,127,True,1.0,1.0,126.0,127.0,126.0,127.0,127.0,0.0,0.0,0.0,83.40462000000002,0.5150079131126404,0.5150079131126404,0.0,1.0,0.5928481781077202,0.5928481781077202,0.9999737202293545,0.9499737024307251,0.9999737202293545,0.9999990245325532,0.9999990245325532,0.9999988223875648,0.9999988223875648,-0.0,0.0,,1000.0,False,False,False,,[]
127,127,128,True,1.0,1.0,127.0,128.0,127.0,128.0,128.0,0.0,0.0,0.0,83.40462000000002,0.5150079131126404,0.5150079131126404,0.0,1.0,0.5928481781077202,0.5928481781077202,0.9999737202293545,0.9499737024307251,0.9999737202293545,0.9999990245325532,0.9999990245325532,0.9999988223875648,0.9999988223875648,-0.0,0.0,,1000.0,False,False,False,,[]
128,128,129,True,1.0,1.0,128.0,129.0,128.0,129.0,129.0,0.0,0.0,0.0,83.40462000000002,0.5150079131126404,0.5150079131126404,0.0,1.0,0.5928481781077202,0.5928481781077202,0.9999737202293545,0.9499737024307251,0.9999737202293545,0.9999990245325532,0.9999990245325532,0.9999988223875648,0.9999988223875648,-0.0,0.0,,1000.0,False,False,False,,[]
129,129,130,True,1.0,1.0,129.0,130.0,129.0,130.0,130.0,0.0,0.0,0.0,83.40462000000002,0.5150079131126404,0.5150079131126404,0.0,1.0,0.5928481781077202,0.5928481781077202,0.9999737202293545,0.9499737024307251,0.9999737202293545,0.9999990245325532,0.9999990245325532,0.9999988223875648,0.9999988223875648,-0.0,0.0,,1000.0,False,False,False,,[]
130,130,131,True,1.0,1.0,130.0,131.0,130.0,131.0,131.0,0.0,0.0,0.0,83.40462000000002,0.5150079131126404,0.5150079131126404,0.0,1.0,0.5928481781077202,0.5928481781077202,0.9999737202293545,0.9499737024307251,0.9999737202293545,0.9999990245325532,0.9999990245325532,0.9999988223875648,0.9999988223875648,-0.0,0.0,,1000.0,False,False,False,,[]
131,131,132,True,1.0,1.0,131.0,132.0,131.0,132.0,132.0,0.0,0.0,0.0,83.40462000000002,0.5150079131126404,0.5150079131126404,0.0,1.0,0.5928481781077202,0.5928481781077202,0.9999737202293545,0.9499737024307251,0.9999737202293545,0.9999990245325532,0.9999990245325532,0.9999988223875648,0.9999988223875648,-0.0,0.0,,1000.0,False,False,False,,[]
132,132,133,True,1.0,1.0,132.0,133.0,132.0,133.0,133.0,0.0,0.0,0.0,83.40462000000002,0.5150079131126404,0.5150079131126404,0.0,1.0,0.5928481781077202,0.5928481781077202,0.9999737202293545,0.9499737024307251,0.9999737202293545,0.9999990245325532,0.9999990245325532,0.9999988223875648,0.9999988223875648,-0.0,0.0,,1000.0,False,False,False,,[]
133,133,134,True,1.0,1.0,133.0,134.0,133.0,134.0,134.0,0.0,0.0,0.0,83.40462000000002,0.5150079131126404,0.5150079131126404,0.0,1.0,0.5928481781077202,0.5928481781077202,0.9999737202293545,0.9499737024307251,0.9999737202293545,0.9999990245325532,0.9999990245325532,0.9999988223875648,0.9999988223875648,-0.0,0.0,,1000.0,False,False,False,,[]
134,134,135,True,1.0,1.0,134.0,135.0,134.0,135.0,135.0,0.0,0.0,0.0,83.40462000000002,0.5150079131126404,0.5150079131126404,0.0,1.0,0.5928481781077202,0.5928481781077202,0.9999737202293545,0.9499737024307251,0.9999737202293545,0.9999990245325532,0.9999990245325532,0.9999988223875648,0.9999988223875648,-0.0,0.0,,1000.0,False,False,False,,[]
135,135,136,True,1.0,1.0,135.0,136.0,135.0,136.0,136.0,0.0,0.0,0.0,83.40462000000002,0.5150079131126404,0.5150079131126404,0.0,1.0,0.5928481781077202,0.5928481781077202,0.9999737202293545,0.9499737024307251,0.9999737202293545,0.9999990245325532,0.9999990245325532,0.9999988223875648,0.9999988223875648,-0.0,0.0,,1000.0,False,False,False,,[]
136,136,137,True,1.0,1.0,136.0,137.0,136.0,137.0,137.0,0.0,0.0,0.0,83.40462000000002,0.5150079131126404,0.5150079131126404,0.0,1.0,0.5928481781077202,0.5928481781077202,0.9999737202293545,0.9499737024307251,0.9999737202293545,0.9999990245325532,0.9999990245325532,0.9999988223875648,0.9999988223875648,-0.0,0.0,,1000.0,False,False,False,,[]
137,137,138,True,1.0,1.0,137.0,138.0,137.0,138.0,138.0,0.0,0.0,0.0,83.40462000000002,0.5150079131126404,0.5150079131126404,0.0,1.0,0.5928481781077202,0.5928481781077202,0.9999737202293545,0.9499737024307251,0.9999737202293545,0.9999990245325532,0.9999990245325532,0.9999988223875648,0.9999988223875648,-0.0,0.0,,1000.0,False,False,False,,[]
138,138,139,True,1.0,1.0,138.0,139.0,138.0,139.0,139.0,0.0,0.0,0.0,83.40462000000002,0.5150079131126404,0.5150079131126404,0.0,1.0,0.5928481781077202,0.5928481781077202,0.9999737202293545,0.9499737024307251,0.9999737202293545,0.9999990245325532,0.9999990245325532,0.9999988223875648,0.9999988223875648,-0.0,0.0,,1000.0,False,False,False,,[]
139,139,140,True,1.0,1.0,139.0,140.0,139.0,140.0,140.0,0.0,0.0,0.0,83.40462000000002,0.5150079131126404,0.5150079131126404,0.0,1.0,0.5928481781077202,0.5928481781077202,0.9999737202293545,0.9499737024307251,0.9999737202293545,0.9999990245325532,0.9999990245325532,0.9999988223875648,0.9999988223875648,-0.0,0.0,,1000.0,False,False,False,,[]
140,140,141,True,1.0,1.0,140.0,141.0,140.0,141.0,141.0,0.0,0.0,0.0,83.40462000000002,0.5150079131126404,0.5150079131126404,0.0,1.0,0.5928481781077202,0.5928481781077202,0.9999737202293545,0.9499737024307251,0.9999737202293545,0.9999990245325532,0.9999990245325532,0.9999988223875648,0.9999988223875648,-0.0,0.0,,1000.0,False,False,False,,[]
141,141,142,True,1.0,1.0,141.0,142.0,141.0,142.0,142.0,0.0,0.0,0.0,83.40462000000002,0.5150079131126404,0.5150079131126404,0.0,1.0,0.5928481781077202,0.5928481781077202,0.9999737202293545,0.9499737024307251,0.9999737202293545,0.9999990245325532,0.9999990245325532,0.9999988223875648,0.9999988223875648,-0.0,0.0,,1000.0,False,False,False,,[]
142,142,143,True,1.0,1.0,142.0,143.0,142.0,143.0,143.0,0.0,0.0,0.0,83.40462000000002,0.5150079131126404,0.5150079131126404,0.0,1.0,0.5928481781077202,0.5928481781077202,0.9999737202293545,0.9499737024307251,0.9999737202293545,0.9999990245325532,0.9999990245325532,0.9999988223875648,0.9999988223875648,-0.0,0.0,,1000.0,False,False,False,,[]
143,143,144,True,1.0,1.0,143.0,144.0,143.0,144.0,144.0,0.0,0.0,0.0,83.40462000000002,0.5150079131126404,0.5150079131126404,0.0,1.0,0.5928481781077202,0.5928481781077202,0.9999737202293545,0.9499737024307251,0.9999737202293545,0.9999990245325532,0.9999990245325532,0.9999988223875648,0.9999988223875648,-0.0,0.0,,1000.0,False,False,False,,[]
144,144,145,True,1.0,1.0,144.0,145.0,144.0,145.0,145.0,0.0,0.0,0.0,83.40462000000002,0.5150079131126404,0.5150079131126404,0.0,1.0,0.5928481781077202,0.5928481781077202,0.9999737202293545,0.9499737024307251,0.9999737202293545,0.9999990245325532,0.9999990245325532,0.9999988223875648,0.9999988223875648,-0.0,0.0,,1000.0,False,False,False,,[]
145,145,146,True,1.0,1.0,145.0,146.0,145.0,146.0,146.0,0.0,0.0,0.0,83.40462000000002,0.5150079131126404,0.5150079131126404,0.0,1.0,0.5928481781077202,0.5928481781077202,0.9999737202293545,0.9499737024307251,0.9999737202293545,0.9999990245325532,0.9999990245325532,0.9999988223875648,0.9999988223875648,-0.0,0.0,,1000.0,False,False,False,,[]
146,146,147,True,1.0,1.0,146.0,147.0,146.0,147.0,147.0,0.0,0.0,0.0,83.40462000000002,0.5150079131126404,0.5150079131126404,0.0,1.0,0.5928481781077202,0.5928481781077202,0.9999737202293545,0.9499737024307251,0.9999737202293545,0.9999990245325532,0.9999990245325532,0.9999988223875648,0.9999988223875648,-0.0,0.0,,1000.0,False,False,False,,[]
147,147,148,True,1.0,1.0,147.0,148.0,147.0,148.0,148.0,0.0,0.0,0.0,83.40462000000002,0.5150079131126404,0.5150079131126404,0.0,1.0,0.5928481781077202,0.5928481781077202,0.9999737202293545,0.9499737024307251,0.9999737202293545,0.9999990245325532,0.9999990245325532,0.9999988223875648,0.9999988223875648,-0.0,0.0,,1000.0,False,False,False,,[]
148,148,149,True,1.0,1.0,148.0,149.0,148.0,149.0,149.0,0.0,0.0,0.0,83.40462000000002,0.5150079131126404,0.5150079131126404,0.0,1.0,0.5928481781077202,0.5928481781077202,0.9999737202293545,0.9499737024307251,0.9999737202293545,0.9999990245325532,0.9999990245325532,0.9999988223875648,0.9999988223875648,-0.0,0.0,,1000.0,False,False,False,,[]
149,149,150,True,1.0,1.0,149.0,150.0,149.0,150.0,150.0,0.0,0.0,0.0,83.40462000000002,0.5150079131126404,0.5150079131126404,0.0,1.0,0.5928481781077202,0.5928481781077202,0.9999737202293545,0.9499737024307251,0.9999737202293545,0.9999990245325532,0.9999990245325532,0.9999988223875648,0.9999988223875648,-0.0,0.0,,1000.0,False,False,False,,[]
150,150,151,True,1.0,1.0,150.0,151.0,150.0,151.0,151.0,0.0,0.0,0.0,83.40462000000002,0.5150079131126404,0.5150079131126404,0.0,1.0,0.5928481781077202,0.5928481781077202,0.9999737202293545,0.9499737024307251,0.9999737202293545,0.9999990245325532,0.9999990245325532,0.9999988223875648,0.9999988223875648,-0.0,0.0,,1000.0,False,False,False,,[]
151,151,152,True,1.0,1.0,151.0,152.0,151.0,152.0,152.0,0.0,0.0,0.0,83.40462000000002,0.5150079131126404,0.5150079131126404,0.0,1.0,0.5928481781077202,0.5928481781077202,0.9999737202293545,0.9499737024307251,0.9999737202293545,0.9999990245325532,0.9999990245325532,0.9999988223875648,0.9999988223875648,-0.0,0.0,,1000.0,False,False,False,,[]
152,152,153,True,1.0,1.0,152.0,153.0,152.0,153.0,153.0,0.0,0.0,0.0,83.40462000000002,0.5150079131126404,0.5150079131126404,0.0,1.0,0.5928481781077202,0.5928481781077202,0.9999737202293545,0.9499737024307251,0.9999737202293545,0.9999990245325532,0.9999990245325532,0.9999988223875648,0.9999988223875648,-0.0,0.0,,1000.0,False,False,False,,[]
153,153,154,True,1.0,1.0,153.0,154.0,153.0,154.0,154.0,0.0,0.0,0.0,83.40462000000002,0.5150079131126404,0.5150079131126404,0.0,1.0,0.5928481781077202,0.5928481781077202,0.9999737202293545,0.9499737024307251,0.9999737202293545,0.9999990245325532,0.9999990245325532,0.9999988223875648,0.9999988223875648,-0.0,0.0,,1000.0,False,False,False,,[]
154,154,155,True,1.0,1.0,154.0,155.0,154.0,155.0,155.0,0.0,0.0,0.0,83.40462000000002,0.5150079131126404,0.5150079131126404,0.0,1.0,0.5928481781077202,0.5928481781077202,0.9999737202293545,0.9499737024307251,0.9999737202293545,0.9999990245325532,0.9999990245325532,0.9999988223875648,0.9999988223875648,-0.0,0.0,,1000.0,False,False,False,,[]
155,155,156,True,1.0,1.0,155.0,156.0,155.0,156.0,156.0,0.0,0.0,0.0,83.40462000000002,0.5150079131126404,0.5150079131126404,0.0,1.0,0.5928481781077202,0.5928481781077202,0.9999737202293545,0.9499737024307251,0.9999737202293545,0.9999990245325532,0.9999990245325532,0.9999988223875648,0.9999988223875648,-0.0,0.0,,1000.0,False,False,False,,[]
156,156,157,True,1.0,1.0,156.0,157.0,156.0,157.0,157.0,0.0,0.0,0.0,83.40462000000002,0.5150079131126404,0.5150079131126404,0.0,1.0,0.5928481781077202,0.5928481781077202,0.9999737202293545,0.9499737024307251,0.9999737202293545,0.9999990245325532,0.9999990245325532,0.9999988223875648,0.9999988223875648,-0.0,0.0,,1000.0,False,False,False,,[]
157,157,158,True,1.0,1.0,157.0,158.0,157.0,158.0,158.0,0.0,0.0,0.0,83.40462000000002,0.5150079131126404,0.5150079131126404,0.0,1.0,0.5928481781077202,0.5928481781077202,0.9999737202293545,0.9499737024307251,0.9999737202293545,0.9999990245325532,0.9999990245325532,0.9999988223875648,0.9999988223875648,-0.0,0.0,,1000.0,False,False,False,,[]
158,158,159,True,1.0,1.0,158.0,159.0,158.0,159.0,159.0,0.0,0.0,0.0,83.40462000000002,0.5150079131126404,0.5150079131126404,0.0,1.0,0.5928481781077202,0.5928481781077202,0.9999737202293545,0.9499737024307251,0.9999737202293545,0.9999990245325532,0.9999990245325532,0.9999988223875648,0.9999988223875648,-0.0,0.0,,1000.0,False,False,False,,[]
159,159,160,True,1.0,1.0,159.0,160.0,159.0,160.0,160.0,0.0,0.0,0.0,83.40462000000002,0.5150079131126404,0.5150079131126404,0.0,1.0,0.5928481781077202,0.5928481781077202,0.9999737202293545,0.9499737024307251,0.9999737202293545,0.9999990245325532,0.9999990245325532,0.9999988223875648,0.9999988223875648,-0.0,0.0,,1000.0,False,False,False,,[]
160,160,161,True,1.0,1.0,160.0,161.0,160.0,161.0,161.0,0.0,0.0,0.0,83.40462000000002,0.5150079131126404,0.5150079131126404,0.0,1.0,0.5928481781077202,0.5928481781077202,0.9999737202293545,0.9499737024307251,0.9999737202293545,0.9999990245325532,0.9999990245325532,0.9999988223875648,0.9999988223875648,-0.0,0.0,,1000.0,False,False,False,,[]
161,161,162,True,1.0,1.0,161.0,162.0,161.0,162.0,162.0,0.0,0.0,0.0,83.40462000000002,0.5150079131126404,0.5150079131126404,0.0,1.0,0.5928481781077202,0.5928481781077202,0.9999737202293545,0.9499737024307251,0.9999737202293545,0.9999990245325532,0.9999990245325532,0.9999988223875648,0.9999988223875648,-0.0,0.0,,1000.0,False,False,False,,[]
162,162,163,True,1.0,1.0,162.0,163.0,162.0,163.0,163.0,0.0,0.0,0.0,83.40462000000002,0.5150079131126404,0.5150079131126404,0.0,1.0,0.5928481781077202,0.5928481781077202,0.9999737202293545,0.9499737024307251,0.9999737202293545,0.9999990245325532,0.9999990245325532,0.9999988223875648,0.9999988223875648,-0.0,0.0,,1000.0,False,False,False,,[]
163,163,164,True,1.0,1.0,163.0,164.0,163.0,164.0,164.0,0.0,0.0,5.3108352,898.6620801600001,0.5150079131126404,0.5150079131126404,0.0,1.0,0.5928481781077202,0.5927877664147589,0.9999737202293545,0.9499737024307251,0.9999736009122564,0.9999990245325532,0.9999990161925223,0.9999988223875648,0.9999988132246173,-3.9992007777936562,-15.65871081555678,,917.5605087812556,False,False,False,,[]
164,164,165,True,1.0,1.0,164.0,165.0,164.0,165.0,165.0,0.0,5.3108352,10.6216704,898.8960198243519,0.5150079131126404,0.5150079131126404,0.0,1.0,0.5927877664147589,0.592606411112969,0.9999736009122564,0.9499735832214355,0.999973220926727,0.9999990161925223,0.9999989911659164,0.9999988132246173,0.9999987857286188,-12.000725548574824,-47.00729422395966,,786.2398842606331,False,False,False,,[]
165,165,166,True,1.0,1.0,165.0,166.0,165.0,166.0,166.0,0.0,10.6216704,15.932505600000002,899.5978388174084,0.5150080323219299,0.5150080323219299,0.0,1.0,0.592606411112969,0.5923709258484848,0.999973220926727,0.9499732255935669,0.9999727399336614,0.9999989911659164,0.9999989822656741,0.9999987857286188,0.9999987398661864,-15.578852031708244,-61.03778055428815,,747.1902401703969,False,False,False,,[]
166,166,167,True,1.0,1.0,166.0,167.0,166.0,167.0,167.0,0.0,15.932505600000002,21.2433408,900.7675371391676,0.5150081515312195,0.5150081515312195,0.0,1.0,0.5923709258484848,0.5921143890413973,0.9999727399336614,0.9499727487564087,0.9999722215926152,0.9999989822656741,0.9999989647229947,0.9999987398661864,0.9999987179843611,-16.96883386777539,-66.49434039706462,,741.9523674407396,False,False,False,,[]
167,167,168,True,1.0,1.0,167.0,168.0,167.0,168.0,168.0,0.0,21.2433408,26.554176000000002,902.4051147896324,0.5150083303451538,0.5150083303451538,0.0,1.0,0.5921143890413973,0.5918046739568797,0.9999722215926152,0.9499722123146057,0.9999716142371563,0.9999989647229947,0.9999989493407551,0.9999987179843611,0.9999987010843735,-20.480875420020602,-80.27814990696004,,712.8941156237322,False,False,False,,[]
168,168,169,True,1.0,1.0,168.0,169.0,168.0,169.0,169.0,0.0,26.554176000000002,31.865011200000005,904.5105717688,0.5150085091590881,0.5150085091590881,0.0,1.0,0.5918046739568797,0.5914206731893608,0.9999716142371563,0.949971616268158,0.9999708967299522,0.9999989493407551,0.9999989267274916,0.9999987010843735,0.999998680380648,-25.38426394018003,-99.53299894092076,,667.0809341890514,False,False,False,,[]
169,169,170,True,1.0,1.0,169.0,170.0,169.0,170.0,170.0,0.0,31.865011200000005,35.7274368,684.740964396671,0.5150087475776672,0.5150087475776672,0.0,1.0,0.5914206731893608,0.5910764715932978,0.9999708967299522,0.9499709010124207,0.9999702360596319,0.9999989267274916,0.9999989075778125,0.999998680380648,0.9999986539492435,-22.752834496364876,-89.21705369952942,,686.8840869927835,False,False,False,,[]
170,170,171,True,1.0,1.0,170.0,171.0,170.0,171.0,171.0,0.0,35.7274368,39.1070592,612.7920417711706,0.5150089263916016,0.5150089263916016,0.0,1.0,0.5910764715932978,0.590744266683604,0.9999702360596319,0.9499702453613281,0.9999695935215801,0.9999989075778125,0.9999988888613082,0.9999986539492435,0.999998635981484,-21.957845327699975,-86.10751259262605,,697.7670859426514,False,False,False,,[]
171,171,172,True,1.0,1.0,171.0,172.0,171.0,172.0,172.0,0.0,39.1070592,41.521075200000006,466.6611360877144,0.5150091052055359,0.5150091052055359,0.0,1.0,0.590744266683604,0.5904716690251917,0.9999695935215801,0.9499695897102356,0.9999690474693653,0.9999988888613082,0.9999988734663348,0.999998635981484,0.9999986212391225,-18.019204647759608,-70.6573130604731,,736.7349682418999,False,False,False,,[]
172,172,173,True,1.0,1.0,172.0,173.0,172.0,173.0,173.0,0.0,41.521075200000006,42.4866816,245.9325694303077,0.5150092840194702,0.5150092840194702,0.0,1.0,0.5904716690251917,0.5903134815750618,0.9999690474693653,0.9499690532684326,0.9999687127306003,0.9999988734663348,0.9999988628302936,0.9999986212391225,0.9999986076611774,-10.459298766870226,-41.00218707365351,,822.4527543202854,False,False,False,,[]
173,173,174,True,1.0,1.0,173.0,174.0,173.0,174.0,174.0,0.0,42.4866816,41.3601408,-74.5566421214711,0.5150094032287598,0.5150094032287598,0.0,1.0,0.5903134815750618,0.5903429257904869,0.9999687127306003,0.949968695640564,0.9999686563116584,0.9999988628302936,0.9999988573526608,0.9999986076611774,0.999998600372612,1.9479133329919145,7.631940638178446,,1011.1592781973311,False,False,False,,[]
174,174,175,True,1.0,1.0,174.0,175.0,174.0,175.0,175.0,0.0,41.3601408,40.394534400000005,-50.635321433328905,0.5150094032287598,0.5150094032287598,0.0,1.0,0.5903429257904869,0.5903601253585107,0.9999686563116584,0.9499686360359192,0.9999686237474689,0.9999988573526608,0.9999988534811861,0.999998600372612,0.9999985929563323,1.1378602046148034,4.4581280317627705,,1002.6624645634687,False,False,False,,[]
175,175,176,True,1.0,1.0,175.0,176.0,175.0,176.0,176.0,0.0,40.394534400000005,39.7507968,-1.88055166876103,0.5150094032287598,0.5150094032287598,0.0,1.0,0.5903601253585107,0.5903608204579938,0.9999686237474689,0.9499686360359192,0.999968622452505,0.9999988534811861,0.9999988534274363,0.9999985929563323,0.9999985926707347,0.04598449254890015,0.18016978601974276,,1000.2263068558631,False,False,False,,[]
176,176,177,True,1.0,1.0,176.0,177.0,176.0,177.0,177.0,0.0,39.7507968,40.2336,170.62492627942223,0.5150094032287598,0.5150094032287598,0.0,1.0,0.5903608204579938,0.5902570163089699,0.999968622452505,0.9499686360359192,0.9999684085420832,0.9999988534274363,0.9999988440309157,0.9999985926707347,0.9999985873235363,-6.865122950815501,-26.906035426986453,,877.2399915786285,False,False,False,,[]
177,177,178,True,1.0,1.0,177.0,178.0,177.0,178.0,178.0,0.0,40.2336,40.5554688,146.2404523163994,0.5150094628334045,0.5150094628334045,0.0,1.0,0.5902570163089699,0.5901648527330626,0.9999684085420832,0.9499683976173401,0.9999682207700201,0.9999988440309157,0.9999988354051905,0.9999985873235363,0.9999985811470974,-6.095376075634959,-23.888798875159154,,888.3022570240987,False,False,False,,[]
178,178,179,True,1.0,1.0,178.0,179.0,178.0,179.0,179.0,0.0,40.5554688,40.8773376,146.45613222733644,0.5150095224380493,0.5150095224380493,0.0,1.0,0.5901648527330626,0.5900589068179101,0.9999682207700201,0.9499682188034058,0.9999680019881195,0.9999988354051905,0.9999988267560288,0.9999985811470974,0.9999985655388641,-7.006490827556327,-27.461181207537457,,867.9941478374834,False,False,False,,[]
179,179,180,True,1.0,1.0,179.0,180.0,179.0,180.0,180.0,0.0,40.8773376,41.521075200000006,196.08307374330025,0.5150095820426941,0.5150095820426941,0.0,1.0,0.5900589068179101,0.589923098828307,0.9999680019881195,0.9499679803848267,0.9999677132264242,0.9999988267560288,0.9999988167263404,0.9999985655388641,0.9999985475798542,-8.980332985866214,-35.201430905118514,,838.4528864855907,False,False,False,,[]
180,180,181,True,1.0,1.0,180.0,181.0,180.0,181.0,181.0,0.0,41.521075200000006,43.7741568,443.57074159030805,0.5150097012519836,0.5150097012519836,0.0,1.0,0.589923098828307,0.5896486642746716,0.9999677132264242,0.9499676823616028,0.9999671640493086,0.9999988167263404,0.9999988009987131,0.9999985475798542,0.9999985327558365,-18.13855151282119,-71.13343630228356,,735.3460729922634,False,False,False,,[]
181,181,182,True,1.0,1.0,181.0,182.0,181.0,182.0,182.0,0.0,43.7741568,42.647616,-73.63549126679685,0.515009880065918,0.515009880065918,0.0,1.0,0.5896486642746716,0.5896789216238223,0.9999671640493086,0.9499671459197998,0.9999671060261601,0.9999988009987131,0.9999987954431145,0.9999985327558365,0.9999985256649205,2.0015792847554565,7.842704899885685,,1011.949627207101,False,False,False,,[]
182,182,183,True,1.0,1.0,182.0,183.0,182.0,183.0,183.0,0.0,42.647616,38.624256,-519.1288893690368,0.515009880065918,0.515009880065918,0.0,1.0,0.5896789216238223,0.5899214824097129,0.9999671060261601,0.949967086315155,0.999966612353375,0.9999987954431145,0.9999987776444308,0.9999985256649205,0.9999985091341317,16.057282912292656,62.87175570283734,,1188.8684366766677,False,False,False,,[]
183,183,184,True,1.0,1.0,183.0,184.0,183.0,184.0,184.0,0.0,38.624256,36.5321088,-225.38374156286943,0.5150099992752075,0.5150099992752075,0.0,1.0,0.5899214824097129,0.5900158963147111,0.999966612353375,0.9499666094779968,0.9999664195726149,0.9999987776444308,0.9999987672776038,0.9999985091341317,0.9999985024972151,6.24803792793241,24.472084175536406,,1061.7199976378834,False,False,False,,[]
184,184,185,True,1.0,1.0,184.0,185.0,184.0,185.0,185.0,0.0,36.5321088,31.2212736,-720.7833479980231,0.5150100588798523,0.5150100588798523,0.0,1.0,0.5900158963147111,0.5902919562104744,0.9999664195726149,0.9499664306640625,0.9999658676382086,0.9999987672776038,0.9999987477856552,0.9999985024972151,0.9999984762876711,18.280512915471373,71.55472498183713,,1212.3636298043864,False,False,False,,[]
185,185,186,True,1.0,1.0,185.0,186.0,185.0,186.0,186.0,0.0,31.2212736,28.4853888,-328.49150666869446,0.5150102376937866,0.5150102376937866,0.0,1.0,0.5902919562104744,0.5904012086004069,0.9999658676382086,0.9499658346176147,0.9999656412973825,0.9999987477856552,0.9999987357413107,0.9999984762876711,0.9999984686030098,7.231869099978783,28.318219470525992,,1071.6842080526385,False,False,False,,[]
186,186,187,True,1.0,1.0,186.0,187.0,186.0,187.0,187.0,0.0,28.4853888,27.6807168,-33.38912213215446,0.5150102972984314,0.5150102972984314,0.0,1.0,0.5904012086004069,0.5904092341683604,0.9999656412973825,0.9499656558036804,0.9999656262382179,0.9999987357413107,0.9999987337349228,0.9999984686030098,0.9999984658336983,0.5311123283709855,2.080227213553137,,1001.746998786047,False,False,False,,[]
187,187,188,True,1.0,1.0,187.0,188.0,187.0,188.0,188.0,0.0,27.6807168,29.129126400000004,312.1028171512493,0.5150102972984314,0.5150102972984314,0.0,1.0,0.5904092341683604,0.5902682564055128,0.9999656262382179,0.9499655961990356,0.9999653258276929,0.9999987337349228,0.9999987216411679,0.9999984658336983,0.9999984530921932,-9.325389719860066,-36.541436130101324,,836.22242927027,False,False,False,,[]
188,188,189,True,1.0,1.0,188.0,189.0,188.0,189.0,189.0,0.0,29.129126400000004,29.933798400000004,213.96621620774567,0.515010416507721,0.515010416507721,0.0,1.0,0.5902682564055128,0.590172037715125,0.9999653258276929,0.9499652981758118,0.9999651290146194,0.9999987216411679,0.9999987128539878,0.9999984530921932,0.9999984481406816,-6.365291443735573,-24.93988454850916,,885.2388019396378,False,False,False,,[]
189,189,190,True,1.0,1.0,189.0,190.0,189.0,190.0,190.0,0.0,29.933798400000004,32.18688,436.70335574090177,0.5150104761123657,0.5150104761123657,0.0,1.0,0.590172037715125,0.589969164189058,0.9999651290146194,0.9499651193618774,0.9999647080552141,0.9999987128539878,0.9999986974502759,0.9999984481406816,0.9999984364891575,-13.4161629808285,-52.58481795658279,,786.1482548274694,False,False,False,,[]
190,190,191,True,1.0,1.0,190.0,191.0,190.0,191.0,191.0,0.0,32.18688,35.7274368,635.5024185768948,0.5150105953216553,0.5150105953216553,0.0,1.0,0.589969164189058,0.589648712019582,0.9999647080552141,0.949964702129364,0.9999640837121841,0.9999986974502759,0.9999986789799572,0.9999984364891575,0.999998413002287,-21.182439370123166,-83.0612023281628,,701.8313846255475,False,False,False,,[]
191,191,192,True,1.0,1.0,191.0,192.0,191.0,192.0,192.0,0.0,35.7274368,39.428928,662.2015848111699,0.5150107741355896,0.5150107741355896,0.0,1.0,0.589648712019582,0.5892895311564933,0.9999640837121841,0.9499640464782715,0.9999634010418557,0.9999986789799572,0.9999986598648714,0.999998413002287,0.999998393502346,-23.73683472123216,-93.09967971260434,,682.0989634629693,False,False,False,,[]
192,192,193,True,1.0,1.0,192.0,193.0,192.0,193.0,193.0,0.0,39.428928,43.9350912,788.0328307810554,0.5150109529495239,0.5150109529495239,0.0,1.0,0.5892895311564933,0.5888250711625195,0.9999634010418557,0.949963390827179,0.9999625854609405,0.9999986598648714,0.9999986433969876,0.999998393502346,0.9999983677628457,-30.6801752237709,-120.38803043801471,,629.6335244531615,False,False,False,,[]
193,193,194,True,1.0,1.0,193.0,194.0,193.0,194.0,194.0,0.0,43.9350912,49.084992,889.9676752556925,0.5150112509727478,0.5150112509727478,0.0,1.0,0.5888250711625195,0.5882352730105922,0.9999625854609405,0.9499625563621521,0.9999616125881178,0.9999986433969876,0.9999986224387937,0.9999983677628457,0.9999983313902986,-38.93743910723738,-152.87568097956378,,573.2576974410105,False,False,False,,[]
194,194,195,True,1.0,1.0,194.0,195.0,194.0,195.0,195.0,0.0,49.084992,53.91302400000001,844.531454558995,0.5150115489959717,0.5150115489959717,0.0,1.0,0.5882352730105922,0.5876163233572982,0.9999616125881178,0.9499616026878357,0.9999605722445611,0.9999986224387937,0.9999986038870197,0.9999983313902986,0.9999982904922528,-40.849273823717624,-160.4317501338143,,561.0306446393918,False,False,False,,[]
195,195,196,True,1.0,1.0,195.0,196.0,195.0,196.0,196.0,0.0,53.91302400000001,58.25825280000001,774.541696064705,0.5150118470191956,0.5150118470191956,0.0,1.0,0.5876163233572982,0.5869980749611616,0.9999605722445611,0.9499605894088745,0.9999595335491439,0.9999986038870197,0.9999985854530441,0.9999982904922528,0.9999982496430047,-40.79388049648255,-160.24998427858628,,561.3558706478626,False,False,False,,[]
196,196,197,True,1.0,1.0,196.0,197.0,196.0,197.0,197.0,0.0,58.25825280000001,60.028531199999996,383.3080611509815,0.5150121450424194,0.5150121450424194,0.0,1.0,0.5869980749611616,0.5866662959223256,0.9999595335491439,0.9499595165252686,0.9999588916630081,0.9999985854530441,0.9999985674641655,0.9999982496430047,0.9999982283252474,-21.90676433015155,-85.99712686630816,,696.7309372054104,False,False,False,,[]
197,197,198,True,1.0,1.0,197.0,198.0,197.0,198.0,198.0,0.0,60.028531199999996,63.247219199999996,607.3878296117814,0.5150123238563538,0.5150123238563538,0.0,1.0,0.5866662959223256,0.5861451699260795,0.9999588916630081,0.949958860874176,0.9999580218398408,0.9999985674641655,0.9999985496387389,0.9999982283252474,0.9999982071361263,-34.385262505481236,-135.0758582269911,,607.1192525304986,False,False,False,,[]
198,198,199,True,1.0,1.0,198.0,199.0,198.0,199.0,199.0,0.0,63.247219199999996,65.178432,413.04070947921133,0.5150126218795776,0.5150126218795776,0.0,1.0,0.5861451699260795,0.585767481061312,0.9999580218398408,0.9499580264091492,0.999957312996941,0.9999985496387389,0.9999985336517946,0.9999982071361263,0.9999981869691741,-24.927939531515044,-97.89695374770014,,673.5244697867466,False,False,False,,[]
199,199,200,True,1.0,1.0,199.0,200.0,199.0,200.0,200.0,0.0,65.178432,67.7533824,513.9169178969848,0.515012800693512,0.515012800693512,0.0,1.0,0.585767481061312,0.5852916518443054,0.999957312996941,0.9499573111534119,0.9999564855062739,0.9999985336517946,0.9999985165973985,0.9999981869691741,0.9999981682323755,-31.392293147184095,-123.33493304811694,,627.2071897720041,False,False,False,,[]
200,200,201,True,1.0,1.0,200.0,201.0,200.0,201.0,201.0,0.0,67.7533824,70.00646400000001,467.34644428221594,0.5150130391120911,0.5150130391120911,0.0,1.0,0.5852916518443054,0.5848428714294824,0.9999564855062739,0.949956476688385,0.9999556871679431,0.9999985165973985,0.9999985002598057,0.9999981682323755,0.999998150530876,-29.60603668755223,-116.323883522132,,639.937198053286,False,False,False,,[]
201,201,202,True,1.0,1.0,201.0,202.0,201.0,202.0,202.0,0.0,70.00646400000001,72.58141440000001,519.3303977332293,0.5150132775306702,0.5150132775306702,0.0,1.0,0.5848428714294824,0.5843269833443477,0.9999556871679431,0.9499557018280029,0.9999548218118781,0.9999985002598057,0.9999984828038476,0.999998150530876,0.9999981291237422,-34.02152417711209,-133.7181916669157,,609.2780432948103,False,False,False,,[]
202,202,203,True,1.0,1.0,202.0,203.0,202.0,203.0,203.0,0.0,72.58141440000001,74.029824,349.44229432174365,0.515013575553894,0.515013575553894,0.0,1.0,0.5843269833443477,0.5839635279757236,0.9999548218118781,0.9499548077583313,0.9999541329965596,0.9999984828038476,0.9999984673465668,0.9999981291237422,0.999998111207319,-23.9768090398902,-94.20763154737195,,682.2629221129164,False,False,False,,[]
203,203,204,True,1.0,1.0,203.0,204.0,203.0,204.0,204.0,0.0,74.029824,75.3172992,326.49883713417734,0.5150137543678284,0.5150137543678284,0.0,1.0,0.5839635279757236,0.5836130012830838,0.9999541329965596,0.949954092502594,0.9999534629488561,0.9999984673465668,0.9999984491477122,0.999998111207319,0.9999980935343714,-23.12287804068934,-90.8565187322326,,688.0402872063555,False,False,False,,[]
204,204,205,True,1.0,1.0,204.0,205.0,204.0,205.0,205.0,0.0,75.3172992,76.44384000000001,303.38889395958944,0.5150139927864075,0.5150139927864075,0.0,1.0,0.5836130012830838,0.583278240882727,0.9999534629488561,0.9499534368515015,0.9999528165106939,0.9999984491477122,0.9999984294435049,0.9999980935343714,0.9999980760520578,-22.08221216315544,-86.76989577250171,,696.0924736162976,False,False,False,,[]
205,205,206,True,1.0,1.0,205.0,206.0,205.0,206.0,206.0,0.0,76.44384000000001,76.44384000000001,131.87352428780403,0.5150141716003418,0.5150141716003418,0.0,1.0,0.583278240882727,0.5831214980714599,0.9999528165106939,0.9499527812004089,0.999952484630575,0.9999984294435049,0.999998415406228,0.9999980760520578,0.9999980653915481,-10.344512352566587,-40.62773668042866,,823.2969254706902,False,False,False,,[]
206,206,207,True,1.0,1.0,206.0,207.0,206.0,207.0,207.0,0.0,76.44384000000001,76.1219712,82.46398124780467,0.5150142312049866,0.5150142312049866,0.0,1.0,0.5831214980714599,0.5830190239189582,0.999952484630575,0.9499524831771851,0.9999522737354652,0.999998415406228,0.9999984055740753,0.9999980653915481,0.9999980560395595,-6.764169568160305,-26.56130032841203,,875.0837199142812,False,False,False,,[]
207,207,208,True,1.0,1.0,207.0,208.0,207.0,208.0,208.0,0.0,76.1219712,75.96103680000002,106.76145285631549,0.5150143504142761,0.5150143504142761,0.0,1.0,0.5830190239189582,0.5828890965957294,0.9999522737354652,0.949952244758606,0.999951999062247,0.9999984055740753,0.9999983931143588,0.9999980560395595,0.9999980456435729,-8.575832440336143,-33.67716218091786,,847.2778691020127,False,False,False,,[]
208,208,209,True,1.0,1.0,208.0,209.0,208.0,209.0,209.0,0.0,75.96103680000002,75.63916800000001,81.85367584245664,0.5150144100189209,0.5150144100189209,0.0,1.0,0.5828890965957294,0.5827878605118555,0.999951999062247,0.9499520063400269,0.9999517909673119,0.9999983931143588,0.9999983833715486,0.9999980456435729,0.9999980363377661,-6.682797250861757,-26.240392940108435,,876.351842740149,False,False,False,,[]
209,209,210,True,1.0,1.0,209.0,210.0,209.0,210.0,210.0,0.0,75.63916800000001,75.63916800000001,130.8584968185082,0.5150144696235657,0.5150144696235657,0.0,1.0,0.5827878605118555,0.5826337879450585,0.9999517909673119,0.9499517679214478,0.9999514643822894,0.9999983833715486,0.9999983695320016,0.9999980363377661,0.9999980257721265,-10.169245971888694,-39.935609313777185,,825.6709312357129,False,False,False,,[]
210,210,211,True,1.0,1.0,210.0,211.0,210.0,211.0,211.0,0.0,75.63916800000001,75.63916800000001,130.8584968185082,0.5150145292282104,0.5150145292282104,0.0,1.0,0.5826337879450585,0.5824797163698698,0.9999514643822894,0.9499514698982239,0.999951137799236,0.9999983695320016,0.9999983556924539,0.9999980257721265,0.9999980152064867,-10.16924604489582,-39.93535228889667,,825.6717407987456,False,False,False,,[]
211,211,212,True,1.0,1.0,211.0,212.0,211.0,212.0,212.0,0.0,75.63916800000001,75.63916800000001,130.8584968185082,0.5150146484375,0.5150146484375,0.0,1.0,0.5824797163698698,0.5823256457499014,0.999951137799236,0.9499511122703552,0.9999508112180793,0.9999983556924539,0.9999983418529046,0.9999980152064867,0.9999980046408463,-10.16924619090996,-39.93510469581085,,825.6725198797243,False,False,False,,[]
212,212,213,True,1.0,1.0,212.0,213.0,212.0,213.0,213.0,0.0,75.63916800000001,75.63916800000001,130.8584968185082,0.5150147676467896,0.5150147676467896,0.0,1.0,0.5823256457499014,0.5821715760508303,0.9999508112180793,0.9499508142471313,0.9999504846387512,0.9999983418529046,0.9999983280133539,0.9999980046408463,0.9999979940752054,-10.16924633692394,-39.93486599923809,,825.6732709913914,False,False,False,,[]
213,213,214,True,1.0,1.0,213.0,214.0,213.0,214.0,214.0,0.0,75.63916800000001,75.96103680000002,180.26803985850756,0.5150148868560791,0.5150148868560791,0.0,1.0,0.5821715760508303,0.5819677323956367,0.9999504846387512,0.9499504566192627,0.9999500618569027,0.9999983280133539,0.9999983127337337,0.9999979940752054,0.9999979829719372,-13.452500708940722,-52.83627542617124,,785.8516968222466,False,False,False,,[]
214,214,215,True,1.0,1.0,214.0,215.0,214.0,215.0,215.0,0.0,75.96103680000002,76.2829056,180.67276192245535,0.5150150060653687,0.5150150060653687,0.0,1.0,0.5819677323956367,0.5817625901148369,0.9999500618569027,0.9499500393867493,0.9999496366389332,0.9999983127337337,0.9999982973863251,0.9999979829719372,0.9999979717855733,-13.537936422168933,-53.17287918330749,,784.80747688191,False,False,False,,[]
215,215,216,True,1.0,1.0,215.0,216.0,215.0,216.0,216.0,0.0,76.2829056,77.0875776,255.19351711143153,0.5150151252746582,0.5150151252746582,0.0,1.0,0.5817625901148369,0.5814782426581385,0.9999496366389332,0.9499496221542358,0.999949070758856,0.9999982973863251,0.9999982832166292,0.9999979717855733,0.9999979540551407,-18.759930160232688,-73.70286077620251,,728.4193425695486,False,False,False,,[]
216,216,217,True,1.0,1.0,216.0,217.0,216.0,217.0,217.0,0.0,77.0875776,78.053184,280.921908925862,0.5150152444839478,0.5150152444839478,0.0,1.0,0.5814782426581385,0.5811619623980745,0.999949070758856,0.9499490857124329,0.9999484529754143,0.9999982832166292,0.9999982656908476,0.9999979540551407,0.9999979367359237,-20.86358214153953,-81.97984340858783,,707.7623682412366,False,False,False,,[]
217,217,218,True,1.0,1.0,217.0,218.0,217.0,218.0,218.0,0.0,78.053184,79.01879040000001,282.164431440661,0.5150154829025269,0.5150154829025269,0.0,1.0,0.5811619623980745,0.5808404636559167,0.9999484529754143,0.9499484300613403,0.9999478269950656,0.9999982656908476,0.9999982477825837,0.9999979367359237,0.9999979193878674,-21.20617049005841,-83.33247396729077,,704.5463189885453,False,False,False,,[]
218,218,219,True,1.0,1.0,218.0,219.0,218.0,219.0,219.0,0.0,79.01879040000001,79.66252800000001,234.0128780007013,0.5150156617164612,0.5150156617164612,0.0,1.0,0.5808404636559167,0.5805683993689646,0.9999478269950656,0.9499478340148926,0.9999472818519439,0.9999982477825837,0.999998232675915,0.9999979193878674,0.9999979022765676,-17.947143409267312,-70.51906317796451,,735.9453385600826,False,False,False,,[]
219,219,220,True,1.0,1.0,219.0,220.0,219.0,220.0,220.0,0.0,79.66252800000001,80.4672,259.564902079197,0.5150158405303955,0.5150158405303955,0.0,1.0,0.5805683993689646,0.5802676107031992,0.9999472818519439,0.9499472975730896,0.9999466888790715,0.999998232675915,0.9999982173451254,0.9999979022765676,0.9999978850095984,-19.83940771278108,-77.96442216640884,,718.0381241625774,False,False,False,,[]
220,220,221,True,1.0,1.0,220.0,221.0,220.0,221.0,221.0,0.0,80.4672,81.4328064,285.33840622560007,0.5150159597396851,0.5150159597396851,0.0,1.0,0.5802676107031992,0.5799332483935032,0.9999466888790715,0.9499467015266418,0.9999460430471314,0.9999982173451254,0.9999981984502261,0.9999978850095984,0.999997868028738,-22.050398864267574,-86.66671067320779,,696.9509203070188,False,False,False,,[]
221,221,222,True,1.0,1.0,221.0,222.0,221.0,222.0,222.0,0.0,81.4328064,82.07654400000001,237.2255204987583,0.5150161981582642,0.5150161981582642,0.0,1.0,0.5799332483935032,0.5796503726061069,0.9999460430471314,0.9499460458755493,0.9999454796295044,0.9999981984502261,0.9999981830233231,0.999997868028738,0.9999978510821433,-18.6568281988221,-73.32140409315095,,729.0802908313474,False,False,False,,[]
222,222,223,True,1.0,1.0,222.0,223.0,222.0,223.0,223.0,0.0,82.07654400000001,82.88121600000001,262.8033230526666,0.5150163769721985,0.5150163769721985,0.0,1.0,0.5796503726061069,0.5793376136559527,0.9999454796295044,0.9499454498291016,0.9999448674232903,0.9999981830233231,0.9999981668144375,0.9999978510821433,0.9999978343589484,-20.624967760321674,-81.06711987995052,,710.776684892073,False,False,False,,[]
223,223,224,True,1.0,1.0,223.0,224.0,223.0,224.0,224.0,0.0,82.88121600000001,84.00775680000001,313.3138218133308,0.5150165557861328,0.5150165557861328,0.0,1.0,0.5793376136559527,0.5789624059126064,0.9999448674232903,0.9499448537826538,0.9999441620229699,0.9999981668144375,0.9999981451505988,0.9999978343589484,0.9999978189930755,-24.73700075545188,-97.2538470753602,,674.4100235926201,False,False,False,,[]
224,224,225,True,1.0,1.0,224.0,225.0,224.0,225.0,225.0,0.0,84.00775680000001,85.61710080000002,388.98751931504995,0.5150167346000671,0.5150167346000671,0.0,1.0,0.5789624059126064,0.578500197347049,0.9999441620229699,0.9499441385269165,0.99994334886002,0.9999981451505988,0.9999981267526413,0.9999978189930755,0.9999978008365147,-30.462129175703936,-119.80446019246605,,632.8795966763373,False,False,False,,[]
225,225,226,True,1.0,1.0,225.0,226.0,225.0,226.0,226.0,0.0,85.61710080000002,87.06551040000001,366.5469572186204,0.5150169730186462,0.5150169730186462,0.0,1.0,0.578500197347049,0.5780563653478762,0.99994334886002,0.9499433636665344,0.9999425561570983,0.9999981267526413,0.9999981086999544,0.9999978008365147,0.9999977834545456,-29.24941959553022,-115.04125418560128,,641.6273940184843,False,False,False,,[]
226,226,227,True,1.0,1.0,226.0,227.0,226.0,227.0,227.0,0.0,87.06551040000001,87.8701824,269.8023939472968,0.5150172710418701,0.5150172710418701,0.0,1.0,0.5780563653478762,0.5777179613974808,0.9999425561570983,0.9499425292015076,0.9999419041933695,0.9999981086999544,0.9999980908038897,0.9999977834545456,0.9999977678628951,-22.306659465547945,-87.71430394249494,,695.8515923737172,False,False,False,,[]
227,227,228,True,1.0,1.0,227.0,228.0,227.0,228.0,228.0,0.0,87.8701824,88.3529856,221.5604010227713,0.5150174498558044,0.5150174498558044,0.0,1.0,0.5777179613974808,0.5774323294475554,0.9999419041933695,0.949941873550415,0.9999413361689934,0.9999980908038897,0.9999980735423459,0.9999977678628951,0.9999977521145518,-18.830189764772058,-74.0358014206685,,727.0378149671042,False,False,False,,[]
228,228,229,True,1.0,1.0,228.0,229.0,228.0,229.0,229.0,0.0,88.3529856,88.51392000000001,172.85654374714147,0.5150176286697388,0.5150176286697388,0.0,1.0,0.5774323294475554,0.5772019477688128,0.9999413361689934,0.9499413371086121,0.9999408643999688,0.9999980735423459,0.9999980558069773,0.9999977521145518,0.9999977384239581,-15.190021016845167,-59.71493113007902,,763.950961055701,False,False,False,,[]
229,229,230,True,1.0,1.0,229.0,230.0,229.0,230.0,230.0,0.0,88.51392000000001,88.3529856,123.6830885777744,0.5150177478790283,0.5150177478790283,0.0,1.0,0.5772019477688128,0.5770325297777548,0.9999408643999688,0.9499408602714539,0.9999405075858072,0.9999980558069773,0.9999980404606743,0.9999977384239581,0.9999977277489595,-11.172512164451382,-43.913143282250736,,812.2680357704647,False,False,False,,[]
230,230,231,True,1.0,1.0,230.0,231.0,230.0,231.0,231.0,0.0,88.3529856,87.8701824,74.03745766714079,0.5150178670883179,0.5150178670883179,0.0,1.0,0.5770325297777548,0.5769334297399165,0.9999405075858072,0.9499405026435852,0.9999403043068236,0.9999980404606743,0.9999980358076509,0.9999977277489595,0.9999977179394918,-6.536874027048099,-25.68672980770305,,881.9194305963655,False,False,False,,[]
231,231,232,True,1.0,1.0,231.0,232.0,231.0,232.0,232.0,0.0,87.8701824,87.8701824,147.44608646277223,0.5150179266929626,0.5150179266929626,0.0,1.0,0.5769334297399165,0.5767371082077003,0.9999403043068236,0.9499402642250061,0.9999398957125228,0.9999980358076509,0.9999980189100942,0.9999977179394918,0.999997707786929,-12.94649438824561,-50.88654115044183,,790.9946325656501,False,False,False,,[]
232,232,233,True,1.0,1.0,232.0,233.0,232.0,233.0,233.0,0.0,87.8701824,88.1920512,196.85562950276963,0.5150180459022522,0.5150180459022522,0.0,1.0,0.5767371082077003,0.5764790787938199,0.9999398957125228,0.9499399065971375,0.9999393747671094,0.9999980189100942,0.9999980011611266,0.999997707786929,0.9999976923378002,-17.012633799272795,-66.88122407779467,,744.4231253412976,False,False,False,,[]
233,233,234,True,1.0,1.0,233.0,234.0,233.0,234.0,234.0,0.0,88.1920512,88.67485440000002,222.03042855776337,0.5150181651115417,0.5150181651115417,0.0,1.0,0.5764790787938199,0.5761920336633736,0.9999393747671094,0.9499393701553345,0.9999388043889662,0.9999980011611266,0.9999979838520846,0.9999976923378002,0.9999976766698491,-18.923607477636182,-74.40209781168872,,726.1848032018135,False,False,False,,[]
234,234,235,True,1.0,1.0,234.0,235.0,234.0,235.0,235.0,0.0,88.67485440000002,89.31859200000001,247.44346368966978,0.5150183439254761,0.5150183439254761,0.0,1.0,0.5761920336633736,0.5758758208389185,0.9999388043889662,0.9499387741088867,0.9999381867119845,0.9999979838520846,0.9999979676105079,0.9999976766698491,0.9999976611194776,-20.843912891525488,-81.9623640987334,,709.3343221741222,False,False,False,,[]
235,235,236,True,1.0,1.0,235.0,236.0,235.0,236.0,236.0,0.0,89.31859200000001,89.64046080000001,198.98428710980917,0.5150185227394104,0.5150185227394104,0.0,1.0,0.5758758208389185,0.5756111984134731,0.9999381867119845,0.949938178062439,0.9999376543335677,0.9999979676105079,0.9999979495892135,0.9999976611194776,0.9999976454875248,-17.445289484194728,-68.59013267546193,,739.9112102165075,False,False,False,,[]
236,236,237,True,1.0,1.0,236.0,237.0,236.0,237.0,237.0,0.0,89.64046080000001,90.28419840000001,248.87159122741994,0.5150187015533447,0.5150187015533447,0.0,1.0,0.5756111984134731,0.5752902947041388,0.9999376543335677,0.949937641620636,0.9999370292837165,0.9999979495892135,0.999997933257872,0.9999976454875248,0.9999976300909542,-21.151444156549893,-83.1782414594463,,706.6455601424709,False,False,False,,[]
237,237,238,True,1.0,1.0,237.0,238.0,237.0,238.0,238.0,0.0,90.28419840000001,90.6060672,200.4227260377255,0.515018880367279,0.515018880367279,0.0,1.0,0.5752902947041388,0.5750212240113288,0.9999370292837165,0.9499370455741882,0.9999364892573438,0.999997933257872,0.9999979150581924,0.9999976300909542,0.9999976143479076,-17.737139265896236,-69.74312357636065,,736.9109564319143,False,False,False,,[]
238,238,239,True,1.0,1.0,238.0,239.0,238.0,239.0,239.0,0.0,90.6060672,91.0888704,225.61041433042072,0.5150190591812134,0.5150190591812134,0.0,1.0,0.5750212240113288,0.5747226679323121,0.9999364892573438,0.9499364495277405,0.9999358999180205,0.9999979150581924,0.9999978974057868,0.9999976143479076,0.9999975986323457,-19.67856652711355,-77.38573568113522,,718.9806689722525,False,False,False,,[]
239,239,240,True,1.0,1.0,239.0,240.0,239.0,240.0,240.0,0.0,91.0888704,91.2498048,176.92846875888605,0.5150192379951477,0.5150192379951477,0.0,1.0,0.5747226679323121,0.5744792706991625,0.9999358999180205,0.9499359130859375,0.9999354047546816,0.9999978974057868,0.9999978790632376,0.9999975986323457,0.9999975834643745,-16.045174126589483,-63.088562832363905,,753.9066950139475,False,False,False,,[]
240,240,241,True,1.0,1.0,240.0,241.0,240.0,241.0,241.0,0.0,91.2498048,91.2498048,152.467089010889,0.515019416809082,0.515019416809082,0.0,1.0,0.5744792706991625,0.5742683310624678,0.9999354047546816,0.9499353766441345,0.9999349687094254,0.9999978790632376,0.9999978613140824,0.9999975834643745,0.9999975719390691,-13.906813910492918,-54.67555383128522,,778.9262300900293,False,False,False,,[]
241,241,242,True,1.0,1.0,241.0,242.0,241.0,242.0,242.0,0.0,91.2498048,90.927936,103.05754597088962,0.5150195360183716,0.5150195360183716,0.0,1.0,0.5742683310624678,0.5741217683043323,0.9999349687094254,0.9499349594116211,0.99993465709361,0.9999978613140824,0.9999978487222765,0.9999975719390691,0.9999975609403142,-9.664593370024326,-37.9890669087364,,832.4212074331094,False,False,False,,[]
242,242,243,True,1.0,1.0,242.0,243.0,242.0,243.0,243.0,0.0,90.927936,90.927936,151.9807351081407,0.5150195956230164,0.5150195956230164,0.0,1.0,0.5741217683043323,0.5739122299287022,0.99993465709361,0.9499346613883972,0.9999342236581462,0.9999978487222765,0.9999978310540562,0.9999975609403142,0.9999975495230659,-13.815008526210164,-54.31234696330986,,780.0510428353717,False,False,False,,[]
243,243,244,True,1.0,1.0,243.0,244.0,243.0,244.0,244.0,0.0,90.927936,90.927936,151.9807351081407,0.5150197744369507,0.5150197744369507,0.0,1.0,0.5739122299287022,0.5737026925047464,0.9999342236581462,0.949934184551239,0.9999337902244565,0.9999978310540562,0.9999978133858338,0.9999975495230659,0.9999975381058251,-13.815008125680231,-54.312100289350035,,780.0517333015305,False,False,False,,[]
244,244,245,True,1.0,1.0,244.0,245.0,244.0,245.0,245.0,0.0,90.927936,90.927936,151.9807351081407,0.5150198936462402,0.5150198936462402,0.0,1.0,0.5737026925047464,0.5734931559889928,0.9999337902244565,0.9499337673187256,0.9999333567924598,0.9999978133858338,0.9999977957176102,0.9999975381058251,0.9999975266885897,-13.815007858660255,-54.311864883332774,,780.0523913045238,False,False,False,,[]
245,245,246,True,1.0,1.0,245.0,246.0,245.0,246.0,246.0,0.0,90.927936,90.927936,151.9807351081407,0.5150200128555298,0.5150200128555298,0.0,1.0,0.5734931559889928,0.5732836203411267,0.9999333567924598,0.9499333500862122,0.999932923362081,0.9999977957176102,0.9999977780493852,0.9999975266885897,0.9999975152713593,-13.815007591640263,-54.31163992687329,,780.0530201435806,False,False,False,,[]
246,246,247,True,1.0,1.0,246.0,247.0,246.0,247.0,247.0,0.0,90.927936,90.927936,151.9807351081407,0.5150201320648193,0.5150201320648193,0.0,1.0,0.5732836203411267,0.5730740855219343,0.999932923362081,0.9499329328536987,0.9999324899332469,0.9999977780493852,0.9999977603811588,0.9999975152713593,0.9999975038541341,-13.81500732462026,-54.311425134681805,,780.053620738325,False,False,False,,[]
247,247,248,True,1.0,1.0,247.0,248.0,247.0,248.0,248.0,0.0,90.927936,90.7670016,127.27596358813904,0.5150202512741089,0.5150202512741089,0.0,1.0,0.5730740855219343,0.5728962866135072,0.9999324899332469,0.9499324560165405,0.9999321168188103,0.9999977603811588,0.9999977445733081,0.9999975038541341,0.9999974932649862,-11.723820845126568,-46.08547706428938,,805.472476227833,False,False,False,,[]
248,248,249,True,1.0,1.0,248.0,249.0,248.0,249.0,249.0,0.0,90.7670016,90.28419840000001,77.62388805865274,0.5150203704833984,0.5150203704833984,0.0,1.0,0.5728962866135072,0.572788739706164,0.9999321168188103,0.9499320983886719,0.9999318943827001,0.9999977445733081,0.9999977385587894,0.9999974932649862,0.9999974830245417,-7.093193300884786,-27.876158383361922,,872.56571927673,False,False,False,,[]
249,249,250,True,1.0,1.0,249.0,250.0,249.0,250.0,250.0,0.0,90.28419840000001,89.8013952,76.89886843772518,0.5150204300880432,0.5150204300880432,0.0,1.0,0.572788739706164,0.5726826865877781,0.9999318943827001,0.9499318599700928,0.9999316753564524,0.9999977385587894,0.9999977326322242,0.9999974830245417,0.9999974728642482,-6.995029835501078,-27.488968285606205,,874.0933234878179,False,False,False,,[]
250,250,251,True,1.0,1.0,250.0,251.0,250.0,251.0,251.0,0.0,89.8013952,88.67485440000002,-22.641370491885578,0.515020489692688,0.515020489692688,0.0,1.0,0.5726826865877781,0.5727041590748873,0.9999316753564524,0.9499316811561584,0.9999316345319912,0.9999977326322242,0.9999977311910845,0.9999974728642482,0.9999974686854806,1.4169131925545493,5.565668658703309,,1011.9103196077128,False,False,False,,[]
251,251,252,True,1.0,1.0,251.0,252.0,251.0,252.0,252.0,0.0,88.67485440000002,87.8701824,25.100520009668756,0.515020489692688,0.515020489692688,0.0,1.0,0.5727041590748873,0.5726689250347173,0.9999316345319912,0.9499316215515137,0.9999315666355145,0.9999977311910845,0.9999977296107058,0.9999974686854806,0.9999974641709827,-2.3248384253707304,-9.132663212034048,,954.0905331970977,False,False,False,,[]
252,252,253,True,1.0,1.0,252.0,253.0,252.0,253.0,253.0,0.0,87.8701824,87.22644480000001,48.62700038277156,0.5150205492973328,0.5150205492973328,0.0,1.0,0.5726689250347173,0.5726029087524128,0.9999315666355145,0.9499315619468689,0.9999314355321358,0.9999977296107058,0.9999977265741711,0.9999974641709827,0.9999974567032283,-4.355824798798556,-17.11142037332215,,917.7419541633793,False,False,False,,[]
253,253,254,True,1.0,1.0,253.0,254.0,253.0,254.0,254.0,0.0,87.22644480000001,86.904576,97.10164404787858,0.5150205492973328,0.5150205492973328,0.0,1.0,0.5726029087524128,0.5724696024210004,0.9999314355321358,0.9499314427375793,0.9999311527824087,0.9999977265741711,0.9999977147276033,0.9999974567032283,0.9999974462217224,-8.79432534039978,-34.55300110208133,,844.6592440339119,False,False,False,,[]
254,254,255,True,1.0,1.0,254.0,255.0,254.0,255.0,255.0,0.0,86.904576,86.42177280000001,71.93200068797285,0.5150206685066223,0.5150206685066223,0.0,1.0,0.5724696024210004,0.5723747442942572,0.9999311527824087,0.9499311447143555,0.9999309590104176,0.9999977147276033,0.9999977102811901,0.9999974462217224,0.9999974366977274,-6.258792276562952,-24.58722645185261,,886.3631604121085,False,False,False,,[]
255,255,256,True,1.0,1.0,255.0,256.0,255.0,256.0,256.0,0.0,86.42177280000001,86.26083840000001,120.64745827753944,0.5150207281112671,0.5150207281112671,0.0,1.0,0.5723747442942572,0.5722124084121412,0.9999309590104176,0.9499309659004211,0.9999306160866425,0.9999977102811901,0.9999976953405126,0.9999974366977274,0.9999974259926383,-10.70918269702469,-42.077460644456494,,818.1471409203675,False,False,False,,[]
256,256,257,True,1.0,1.0,256.0,257.0,256.0,257.0,257.0,0.0,86.26083840000001,86.7436416,219.23604182323893,0.5150208473205566,0.5150208473205566,0.0,1.0,0.5722124084121412,0.5719338218679328,0.9999306160866425,0.9499306082725525,0.9999300598803886,0.9999976953405126,0.99999767832227,0.9999974259926383,0.9999974097997986,-18.371636133317836,-72.20963225879385,,731.3051428088932,False,False,False,,[]
257,257,258,True,1.0,1.0,257.0,258.0,257.0,258.0,258.0,0.0,86.7436416,86.904576,170.51929530990574,0.5150209665298462,0.5150209665298462,0.0,1.0,0.5719338218679328,0.5717108790629473,0.9999300598803886,0.9499300718307495,0.9999296016715905,0.99999767832227,0.9999976609489799,0.9999974097997986,0.9999973969128849,-14.704189433747073,-57.78677505227114,,769.8087839546861,False,False,False,,[]
258,258,259,True,1.0,1.0,258.0,259.0,258.0,259.0,259.0,0.0,86.904576,87.06551040000001,170.75108676797154,0.5150211453437805,0.5150211453437805,0.0,1.0,0.5717108790629473,0.5714871655819098,0.9999296016715905,0.9499295949935913,0.9999291420516372,0.9999976609489799,0.9999976434924938,0.9999973969128849,0.9999973839710373,-14.754790501255567,-57.98653428489652,,769.187097089966,False,False,False,,[]
259,259,260,True,1.0,1.0,259.0,260.0,259.0,260.0,260.0,0.0,87.06551040000001,87.06551040000001,146.2785363472965,0.5150212645530701,0.5150212645530701,0.0,1.0,0.5714871655819098,0.5712936407134351,0.9999291420516372,0.9499291181564331,0.9999287387651485,0.9999976434924938,0.9999976265476845,0.9999973839710373,0.9999973738785234,-12.76478102719402,-50.161645908642164,,793.0900660721232,False,False,False,,[]
260,260,261,True,1.0,1.0,260.0,261.0,260.0,261.0,261.0,0.0,87.06551040000001,86.5827072,72.16422178729549,0.5150213837623596,0.5150213837623596,0.0,1.0,0.5712936407134351,0.5711983191730254,0.9999287387651485,0.9499287009239197,0.9999285439582222,0.9999976265476845,0.9999976220786269,0.9999973738785234,0.9999973643226928,-6.289299799251716,-24.70734327419124,,885.8752426596554,False,False,False,,[]
261,261,262,True,1.0,1.0,261.0,262.0,261.0,262.0,262.0,0.0,86.5827072,85.93896960000001,46.76407589309445,0.5150214433670044,0.5150214433670044,0.0,1.0,0.5711983191730254,0.5711349567889165,0.9999285439582222,0.9499285221099854,0.9999284184515527,0.9999976220786269,0.9999976186259095,0.9999973643226928,0.9999973571440518,-4.1812365441789145,-16.423529961043972,,920.3489441766243,False,False,False,,[]
262,262,263,True,1.0,1.0,262.0,263.0,262.0,263.0,263.0,0.0,85.93896960000001,85.295232,45.842925038417256,0.5150215029716492,0.5150215029716492,0.0,1.0,0.5711349567889165,0.5710739043799481,0.9999284184515527,0.9499284029006958,0.9999282977933942,0.9999976186259095,0.9999976158263698,0.9999973571440518,0.9999973501098165,-4.029051201084814,-15.82478440459839,,923.4019607108656,False,False,False,,[]
263,263,264,True,1.0,1.0,263.0,264.0,263.0,264.0,264.0,0.0,85.295232,84.6514944,44.92864844385152,0.5150215029716492,0.5150215029716492,0.0,1.0,0.5710739043799481,0.571014458286173,0.9999282977933942,0.9499282836914062,0.9999281804942733,0.9999976158263698,0.9999976131032926,0.9999973501098165,0.9999973432198005,-3.9232761249189925,-15.40842750648883,,925.2498945993216,False,False,False,,[]
264,264,265,True,1.0,1.0,264.0,265.0,264.0,265.0,265.0,0.0,84.6514944,83.84682240000001,19.31647458939758,0.515021562576294,0.515021562576294,0.0,1.0,0.571014458286173,0.5709884149315397,0.9999281804942733,0.9499281644821167,0.9999281307575698,0.9999976131032926,0.9999976119425197,0.9999973432198005,0.9999973397864662,-1.7190609720975671,-6.750437520940794,,965.6134130993503,False,False,False,,[]
265,265,266,True,1.0,1.0,265.0,266.0,265.0,266.0,266.0,0.0,83.84682240000001,84.3296256,215.83006075960375,0.515021562576294,0.515021562576294,0.0,1.0,0.5709884149315397,0.5707205041900323,0.9999281307575698,0.9499281048774719,0.9999275927203645,0.9999976119425197,0.9999975953059173,0.9999973397864662,0.9999973233668141,-17.67182996591141,-69.44246419873106,,738.132281559868,False,False,False,,[]
266,266,267,True,1.0,1.0,266.0,267.0,266.0,267.0,267.0,0.0,84.3296256,83.685888,43.57012278971022,0.5150217413902283,0.5150217413902283,0.0,1.0,0.5707205041900323,0.5706634228044434,0.9999275927203645,0.949927568435669,0.9999274803475442,0.9999975953059173,0.999997592695186,0.9999973233668141,0.9999973166926408,-3.767540439569666,-14.795495144632527,,927.985045485956,False,False,False,,[]
267,267,268,True,1.0,1.0,267.0,268.0,267.0,268.0,268.0,0.0,83.685888,83.5249536,116.78734640541536,0.5150217413902283,0.5150217413902283,0.0,1.0,0.5706634228044434,0.5705099820825887,0.9999274803475442,0.9499274492263794,0.9999271550175928,0.999997592695186,0.9999975782913421,0.9999973166926408,0.9999973059800701,-10.124986792987606,-39.771835104711464,,825.7023766424577,False,False,False,,[]
268,268,269,True,1.0,1.0,268.0,269.0,268.0,269.0,269.0,0.0,83.5249536,83.20308480000001,91.8593762524887,0.5150218605995178,0.5150218605995178,0.0,1.0,0.5705099820825887,0.5703879303642575,0.9999271550175928,0.9499271512031555,0.9999268989741117,0.9999975782913421,0.9999975671370607,0.9999973059800701,0.9999972958527339,-8.054614747485857,-31.63580539146166,,855.4775961725292,False,False,False,,[]
269,269,270,True,1.0,1.0,269.0,270.0,269.0,270.0,270.0,0.0,83.20308480000001,82.88121600000001,91.4142679103936,0.5150219202041626,0.5150219202041626,0.0,1.0,0.5703879303642575,0.5702668199543002,0.9999268989741117,0.9499269127845764,0.9999266451391854,0.9999975671370607,0.9999975560430873,0.9999972958527339,0.999997285754809,-7.992696874039304,-31.391818260926225,,856.3947589322333,False,False,False,,[]
270,270,271,True,1.0,1.0,270.0,271.0,270.0,271.0,271.0,0.0,82.88121600000001,83.04215040000001,165.08519269333075,0.5150220394134521,0.5150220394134521,0.0,1.0,0.5702668199543002,0.570060871062574,0.9999266451391854,0.9499266147613525,0.9999262184100537,0.9999975560430873,0.9999975395499056,0.999997285754809,0.9999972746093825,-13.588284627046015,-53.381952735424335,,783.539150595427,False,False,False,,[]
271,271,272,True,1.0,1.0,271.0,272.0,271.0,272.0,272.0,0.0,83.04215040000001,83.3640192,190.0114442812339,0.5150221586227417,0.5150221586227417,0.0,1.0,0.570060871062574,0.569824971929525,0.9999262184100537,0.9499261975288391,0.999925736671832,0.9999975395499056,0.9999975227444279,0.9999972746093825,0.9999972606608123,-15.562668173208746,-61.14505528629828,,760.5563299653135,False,False,False,,[]
272,272,273,True,1.0,1.0,272.0,273.0,272.0,273.0,273.0,0.0,83.3640192,83.84682240000001,215.1604648608131,0.5150222778320312,0.5150222778320312,0.0,1.0,0.569824971929525,0.5695592783972812,0.999925736671832,0.9499257206916809,0.9999252024469735,0.9999975227444279,0.9999975061864108,0.9999972606608123,0.9999972443162167,-17.526129974340172,-68.86776355759505,,739.6347781509322,False,False,False,,[]
273,273,274,True,1.0,1.0,273.0,274.0,273.0,274.0,274.0,0.0,83.84682240000001,84.49056,240.53483227960342,0.5150224566459656,0.5150224566459656,0.0,1.0,0.5695592783972812,0.5692655407972087,0.9999252024469735,0.9499251842498779,0.9999246209987422,0.9999975061864108,0.9999974904622526,0.9999972443162167,0.9999972277164184,-19.373543869648266,-76.13678593876953,,722.4356242396484,False,False,False,,[]
274,274,275,True,1.0,1.0,274.0,275.0,274.0,275.0,275.0,0.0,84.49056,85.295232,266.1384133089244,0.5150226354598999,0.5150226354598999,0.0,1.0,0.5692655407972087,0.5689408124113766,0.9999246209987422,0.9499245882034302,0.9999239899866835,0.9999974904622526,0.9999974735349861,0.9999972277164184,0.9999972116198486,-21.414376350760218,-84.16959760766424,,703.8023629096986,False,False,False,,[]
275,275,276,True,1.0,1.0,275.0,276.0,275.0,276.0,276.0,0.0,85.295232,86.09990400000001,267.27159212385254,0.5150228142738342,0.5150228142738342,0.0,1.0,0.5689408124113766,0.5686118023214743,0.9999239899866835,0.9499239921569824,0.9999233523528485,0.9999974735349861,0.9999974563097839,0.9999972116198486,0.9999971956035888,-21.695090335470603,-85.27941530267236,,701.2549273855057,False,False,False,,[]
276,276,277,True,1.0,1.0,276.0,277.0,276.0,277.0,277.0,0.0,86.09990400000001,86.904576,268.4155119702018,0.5150229930877686,0.5150229930877686,0.0,1.0,0.5686118023214743,0.5682784972954377,0.9999233523528485,0.9499233365058899,0.9999227081333529,0.9999974563097839,0.9999974387821866,0.9999971956035888,0.9999971796978671,-21.976627056438,-86.3926627487162,,698.73375035561,False,False,False,,[]
277,277,278,True,1.0,1.0,277.0,278.0,277.0,278.0,278.0,0.0,86.904576,88.3529856,368.3892589279709,0.5150231719017029,0.5150231719017029,0.0,1.0,0.5682784972954377,0.5678258204476816,0.9999227081333529,0.9499226808547974,0.9999219054226649,0.9999974387821866,0.9999974203941001,0.9999971796978671,0.9999971619443714,-29.834334992323676,-117.33383893837501,,637.3122762015917,False,False,False,,[]
278,278,279,True,1.0,1.0,278.0,279.0,278.0,279.0,279.0,0.0,88.3529856,89.15765760000001,271.6756298271402,0.515023410320282,0.515023410320282,0.0,1.0,0.5678258204476816,0.5674809069297201,0.9999219054226649,0.9499219059944153,0.9999212436905243,0.9999974203941001,0.9999974019954934,0.9999971619443714,0.9999971470286013,-22.73722069638216,-89.40158385561217,,692.3284632510329,False,False,False,,[]
279,279,280,True,1.0,1.0,279.0,280.0,279.0,280.0,280.0,0.0,89.15765760000001,89.47952640000001,198.74605103289065,0.5150236487388611,0.5150236487388611,0.0,1.0,0.5674809069297201,0.5672170659062807,0.9999212436905243,0.9499212503433228,0.9999207126610815,0.9999974019954934,0.9999973840042023,0.9999971470286013,0.9999971314273384,-17.39615140390707,-68.38759327546626,,740.4464699403698,False,False,False,,[]
280,280,281,True,1.0,1.0,280.0,281.0,280.0,281.0,281.0,0.0,89.47952640000001,90.123264,248.6324958679858,0.5150237679481506,0.5150237679481506,0.0,1.0,0.5672170659062807,0.5668970311099851,0.9999207126610815,0.9499207139015198,0.9999200889719375,0.9999973840042023,0.9999973676876338,0.9999971314273384,0.999997116052655,-21.096925536556277,-82.95301919981245,,707.1660860208949,False,False,False,,[]
281,281,282,True,1.0,1.0,281.0,282.0,281.0,282.0,282.0,0.0,90.123264,90.123264,150.77236907326466,0.5150240063667297,0.5150240063667297,0.0,1.0,0.5668970311099851,0.5666910517338068,0.9999200889719375,0.9499200582504272,0.9999196621857238,0.9999973676876338,0.9999973502219027,0.999997116052655,0.9999971049764976,-13.582516153866269,-53.38985430540788,,782.9628008859452,False,False,False,,[]
282,282,283,True,1.0,1.0,282.0,283.0,282.0,283.0,283.0,0.0,90.123264,89.8013952,101.36282603326335,0.5150241255760193,0.5150241255760193,0.0,1.0,0.5666910517338068,0.5665482949236316,0.9999196621857238,0.9499196410179138,0.9999193581991944,0.9999973502219027,0.9999973378374729,0.9999971049764976,0.9999970941155816,-9.415422691716143,-37.002565197419074,,835.8402907202966,False,False,False,,[]
283,283,284,True,1.0,1.0,283.0,284.0,283.0,284.0,284.0,0.0,89.8013952,88.83578880000002,2.063401028116072,0.5150241851806641,0.5150241851806641,0.0,1.0,0.5665482949236316,0.5665456132169135,0.9999193581991944,0.9499193429946899,0.9999193531934807,0.9999973378374729,0.9999973377060165,0.9999970941155816,0.9999970939422802,-0.1769529560474449,-0.6950983813173054,,996.5250813003022,False,False,False,,[]
284,284,285,True,1.0,1.0,284.0,285.0,284.0,285.0,285.0,0.0,88.83578880000002,87.709248,-24.072075877184606,0.5150241851806641,0.5150241851806641,0.0,1.0,0.5665456132169135,0.5665682229607436,0.9999193531934807,0.9499193429946899,0.9999193101589646,0.9999973377060165,0.9999973361903798,0.9999970939422802,0.9999970895855057,1.4921552887751455,5.8604456007614205,,1012.5904288945305,False,False,False,,[]
285,285,286,True,1.0,1.0,285.0,286.0,285.0,286.0,286.0,0.0,87.709248,86.26083840000001,-75.13122652283373,0.5150241851806641,0.5150241851806641,0.0,1.0,0.5665682229607436,0.5666406710058577,0.9999193101589646,0.9499192833900452,0.999919165374466,0.9999973361903798,0.9999973315289289,0.9999970895855057,0.9999970798402339,4.782537395377117,18.77853329356717,,1045.5470321036646,False,False,False,,[]
286,286,287,True,1.0,1.0,286.0,287.0,286.0,287.0,287.0,0.0,86.26083840000001,84.49056,-126.63075945676046,0.5150242447853088,0.5150242447853088,0.0,1.0,0.5666406710058577,0.5667576881552705,0.999919165374466,0.9499191641807556,0.9999189210987071,0.9999973315289289,0.9999973161534248,0.9999970798402339,0.9999970691645189,7.726721231079357,30.330845127788244,,1071.281294484403,False,False,False,,[]
287,287,288,True,1.0,1.0,287.0,288.0,287.0,288.0,288.0,0.0,84.49056,82.88121600000001,-104.43315949107472,0.5150243043899536,0.5150243043899536,0.0,1.0,0.5667576881552705,0.5668504232794802,0.9999189210987071,0.9499189257621765,0.9999187320565147,0.9999973161534248,0.9999973033697211,0.9999970691645189,0.999997058633765,6.123735407929497,24.036944195168257,,1053.204131076914,False,False,False,,[]
288,288,289,True,1.0,1.0,288.0,289.0,288.0,289.0,289.0,0.0,82.88121600000001,82.88121600000001,140.3804211733311,0.5150243639945984,0.5150243639945984,0.0,1.0,0.5668504232794802,0.5666723672431586,0.9999187320565147,0.9499187469482422,0.9999183584443739,0.9999973033697211,0.9999972877293563,0.999997058633765,0.9999970483146424,-11.749278637487416,-46.152124614566,,805.5572249028999,False,False,False,,[]
289,289,290,True,1.0,1.0,289.0,290.0,289.0,290.0,290.0,0.0,82.88121600000001,82.88121600000001,140.3804211733311,0.5150244832038879,0.5150244832038879,0.0,1.0,0.5666723672431586,0.5664943103644967,0.9999183584443739,0.9499183297157288,0.9999179848306029,0.9999972877293563,0.9999972720889899,0.9999970483146424,0.999997037995519,-11.749278789279405,-46.15234294917059,,805.5565709862801,False,False,False,,[]
290,290,291,True,1.0,1.0,290.0,291.0,290.0,291.0,291.0,0.0,82.88121600000001,82.23747840000001,41.56133509333236,0.5150246024131775,0.5150246024131775,0.0,1.0,0.5664943103644967,0.566440676369078,0.9999179848306029,0.9499179720878601,0.9999178795999465,0.9999972720889899,0.9999972696415493,0.999997037995519,0.9999970316436195,-3.54047153487574,-13.901931612528804,,932.0043190759924,False,False,False,,[]
291,291,292,True,1.0,1.0,291.0,292.0,291.0,292.0,292.0,0.0,82.23747840000001,80.62813440000001,-107.54891788571514,0.5150246620178223,0.5150246620178223,0.0,1.0,0.566440676369078,0.5665332574861817,0.9999178795999465,0.9499178528785706,0.999917690900132,0.9999972696415493,0.9999972564860375,0.9999970316436195,0.9999970210753107,6.114553830290464,23.99702555327431,,1052.6175238274236,False,False,False,,[]
292,292,293,True,1.0,1.0,292.0,293.0,292.0,293.0,293.0,0.0,80.62813440000001,80.4672,112.62004103464922,0.515024721622467,0.515024721622467,0.0,1.0,0.5665332574861817,0.5663897469383655,0.999917690900132,0.9499176740646362,0.9999173854004131,0.9999972564860375,0.9999972428647279,0.9999970210753107,0.9999970105402812,-9.47226729189266,-37.197933993938605,,834.5734685690103,False,False,False,,[]
293,293,294,True,1.0,1.0,293.0,294.0,293.0,294.0,294.0,0.0,80.4672,80.62813440000001,161.8145486256017,0.5150247812271118,0.5150247812271118,0.0,1.0,0.5663897469383655,0.5661937869825306,0.9999173854004131,0.9499173760414124,0.9999169774913513,0.9999972428647279,0.999997226927113,0.9999970105402812,0.9999970002549683,-12.932070178418376,-50.79282055240517,,791.782068674134,False,False,False,,[]
294,294,295,True,1.0,1.0,294.0,295.0,294.0,295.0,295.0,0.0,80.62813440000001,80.4672,112.62004103464922,0.5150249004364014,0.5150249004364014,0.0,1.0,0.5661937869825306,0.5660502748228246,0.9999169774913513,0.9499169588088989,0.9999166719883976,0.999997226927113,0.9999972133058007,0.9999970002549683,0.9999969897199387,-9.47226751136749,-37.19835179581772,,834.5721186316666,False,False,False,,[]
295,295,296,True,1.0,1.0,295.0,296.0,295.0,296.0,296.0,0.0,80.4672,79.82346240000001,38.29069102560132,0.5150250196456909,0.5150250196456909,0.0,1.0,0.5660502748228246,0.5660021188372825,0.9999166719883976,0.949916660785675,0.9999165780106488,0.9999972133058007,0.9999972111168893,0.9999969897199387,0.9999969838973544,-3.1794262044808126,-12.482031452516331,,938.4690372216814,False,False,False,,[]
296,296,297,True,1.0,1.0,296.0,297.0,296.0,297.0,297.0,0.0,79.82346240000001,79.66252800000001,111.54916020196553,0.5150250196456909,0.5150250196456909,0.0,1.0,0.5660021188372825,0.5658611051520477,0.9999165780106488,0.9499165415763855,0.9999162775278561,0.9999972111168893,0.9999971977058965,0.9999969838973544,0.9999969733739726,-9.307920888032765,-36.550747212846005,,836.8226472976241,False,False,False,,[]
297,297,298,True,1.0,1.0,297.0,298.0,297.0,298.0,298.0,0.0,79.66252800000001,79.66252800000001,136.0410444791986,0.5150251388549805,0.5150251388549805,0.0,1.0,0.5658611051520477,0.565694011046435,0.9999162775278561,0.9499162435531616,0.9999159252599941,0.9999971977058965,0.9999971828710952,0.9999969733739726,0.9999969628867437,-11.028569854671002,-43.3107921748162,,814.5691080270876,False,False,False,,[]
298,298,299,True,1.0,1.0,298.0,299.0,298.0,299.0,299.0,0.0,79.66252800000001,79.66252800000001,136.0410444791986,0.51502525806427,0.51502525806427,0.0,1.0,0.565694011046435,0.565526915961263,0.9999159252599941,0.949915885925293,0.9999155729902134,0.9999971828710952,0.9999971680362923,0.9999969628867437,0.9999969523995142,-11.028569981795334,-43.311046076572595,,814.5683294325795,False,False,False,,[]
299,299,300,True,1.0,1.0,299.0,300.0,299.0,300.0,300.0,0.0,79.66252800000001,79.01879040000001,37.22195839919793,0.5150253176689148,0.5150253176689148,0.0,1.0,0.565526915961263,0.5654805124320641,0.9999155729902134,0.9499155879020691,0.9999154825875487,0.9999971680362923,0.9999971659298381,0.9999969523995142,0.9999969467506877,-3.063863510644948,-12.027794768350246,,940.5576266756232,False,False,False,,[]
300,300,301,True,1.0,1.0,300.0,301.0,300.0,301.0,301.0,0.0,79.01879040000001,78.2141184,11.669934320700301,0.5150253772735596,0.5150253772735596,0.0,1.0,0.5654805124320641,0.5654657031930931,0.9999154825875487,0.9499154686927795,0.9999154546144917,0.9999971659298381,0.9999971652754447,0.9999969467506877,0.999996944727587,-0.9779448858699709,-3.838554741278241,,980.1192236539566,False,False,False,,[]
301,301,302,True,1.0,1.0,301.0,302.0,301.0,302.0,302.0,0.0,78.2141184,77.40944640000001,10.62053555085687,0.5150253772735596,0.5150253772735596,0.0,1.0,0.5654657031930931,0.5654522084980462,0.9999154546144917,0.9499154686927795,0.9999154291572251,0.9999971652754447,0.9999971645681016,0.999996944727587,0.9999969428944309,-0.8911930511063193,-3.4978249561524697,,981.7580316078693,False,False,False,,[]
302,302,303,True,1.0,1.0,302.0,303.0,302.0,303.0,303.0,0.0,77.40944640000001,75.96103680000002,-89.23720826756416,0.5150253772735596,0.5150253772735596,0.0,1.0,0.5654522084980462,0.5655229600829091,0.9999154291572251,0.9499154090881348,0.9999152879974961,0.9999971645681016,0.99999715387484,0.9999969428944309,0.999996933159064,4.673961089676673,18.338810796455892,,1037.5671776886325,False,False,False,,[]
303,303,304,True,1.0,1.0,303.0,304.0,303.0,304.0,304.0,0.0,75.96103680000002,74.1907584,-140.48926783754436,0.5150254368782043,0.5150254368782043,0.0,1.0,0.5655229600829091,0.5656378676908196,0.9999152879974961,0.9499152898788452,0.9999150486199619,0.99999715387484,0.9999971397029118,0.999996933159064,0.9999969228100559,7.592783966266727,29.784051970400398,,1071.17866339911,False,False,False,,[]
304,304,305,True,1.0,1.0,304.0,305.0,304.0,305.0,305.0,0.0,74.1907584,72.42048,-142.69397194704544,0.5150254964828491,0.5150254964828491,0.0,1.0,0.5656378676908196,0.5657517814311962,0.9999150486199619,0.9499150514602661,0.999914811543484,0.9999971397029118,0.9999971257786939,0.9999969228100559,0.9999969123535754,7.527952039722906,29.526441505616447,,1070.4636945955453,False,False,False,,[]
305,305,306,True,1.0,1.0,305.0,306.0,305.0,306.0,306.0,0.0,72.42048,70.4892672,-169.5514609844621,0.5150255560874939,0.5150255560874939,0.0,1.0,0.5657517814311962,0.5658873634827637,0.999914811543484,0.949914813041687,0.9999145233259006,0.9999971257786939,0.9999971114954288,0.9999969123535754,0.9999969026753868,8.961500714294576,35.142867766293854,,1090.2733697661552,False,False,False,,[]
306,306,307,True,1.0,1.0,306.0,307.0,306.0,307.0,307.0,0.0,70.4892672,68.5580544,-171.8405896009331,0.5150256156921387,0.5150256156921387,0.0,1.0,0.5658873634827637,0.5660209073531531,0.9999145233259006,0.9499145150184631,0.9999142400065117,0.9999971114954288,0.9999970975655571,0.9999969026753868,0.9999968927757833,8.827758983260814,34.61457120493144,,1088.59231667838,False,False,False,,[]
307,307,308,True,1.0,1.0,307.0,308.0,307.0,308.0,308.0,0.0,68.5580544,66.78777600000001,-149.36307835641685,0.5150257349014282,0.5150257349014282,0.0,1.0,0.5660209073531531,0.5661308257813029,0.9999142400065117,0.9499142169952393,0.9999140121374153,0.9999970975655571,0.9999970844925081,0.9999968927757833,0.999996882074474,7.266303858636902,28.490856576412178,,1067.6428170402942,False,False,False,,[]
308,308,309,True,1.0,1.0,308.0,309.0,308.0,309.0,309.0,0.0,66.78777600000001,64.8565632,-176.05515550995415,0.515025794506073,0.515025794506073,0.0,1.0,0.5661308257813029,0.5662601138178939,0.9999140121374153,0.9499139785766602,0.9999137389865629,0.9999970844925081,0.9999970712576018,0.999996882074474,0.9999968718727725,8.548125546041927,33.51145908436684,,1085.2299958231363,False,False,False,,[]
309,309,310,True,1.0,1.0,309.0,310.0,309.0,310.0,310.0,0.0,64.8565632,61.959744,-326.3924639185446,0.5150258541107178,0.5150258541107178,0.0,1.0,0.5662601138178939,0.5664960603250538,0.9999137389865629,0.949913740158081,0.9999132571630732,0.9999970712576018,0.9999970538230984,0.9999968718727725,0.9999968528558048,15.606923876633143,61.15733465585729,,1178.2902662789493,False,False,False,,[]
310,310,311,True,1.0,1.0,310.0,311.0,310.0,311.0,311.0,0.0,61.959744,59.545728000000004,-255.32516515208889,0.5150260329246521,0.5150260329246521,0.0,1.0,0.5664960603250538,0.5666701934636355,0.9999132571630732,0.9499132633209229,0.9999128911597537,0.9999970538230984,0.999997041829129,0.9999968528558048,0.999996833951495,11.517666590704302,45.13530952036699,,1119.36271394484,False,False,False,,[]
311,311,312,True,1.0,1.0,311.0,312.0,311.0,312.0,312.0,0.0,59.545728000000004,56.64890880000001,-331.8723233289735,0.5150261521339417,0.5150261521339417,0.0,1.0,0.5666701934636355,0.5668899571536081,0.9999128911597537,0.9499129056930542,0.9999124387873715,0.999997041829129,0.9999970257820889,0.999996833951495,0.999996816002147,14.53957941329877,56.96274844092111,,1163.5078293950112,False,False,False,,[]
312,312,313,True,1.0,1.0,312.0,313.0,312.0,313.0,313.0,0.0,56.64890880000001,54.3958272,-235.8450461359523,0.5150262713432312,0.5150262713432312,0.0,1.0,0.5668899571536081,0.5670382269238124,0.9999124387873715,0.949912428855896,0.999912123759062,0.9999970257820889,0.9999970138053119,0.999996816002147,0.9999968038227526,9.808626948530302,38.4315244369671,,1102.062890525953,False,False,False,,[]
313,313,314,True,1.0,1.0,313.0,314.0,313.0,314.0,314.0,0.0,54.3958272,52.30368,-213.21544188651103,0.515026330947876,0.515026330947876,0.0,1.0,0.5670382269238124,0.5671649422283456,0.999912123759062,0.9499121308326721,0.999911856716645,0.9999970138053119,0.999997002064173,0.9999968038227526,0.9999967922031354,8.38296473557587,32.84460693498475,,1083.0133017607097,False,False,False,,[]
314,314,315,True,1.0,1.0,314.0,315.0,314.0,315.0,315.0,0.0,52.30368,50.69433600000001,-140.95266632288366,0.5150264501571655,0.5150264501571655,0.0,1.0,0.5671649422283456,0.5672390007575862,0.999911856716645,0.9499118328094482,0.9999117084802985,0.999997002064173,0.9999969921371749,0.9999967922031354,0.9999967791108711,4.899015598191138,19.195970779169475,,1037.576488500875,False,False,False,,[]
315,315,316,True,1.0,1.0,315.0,316.0,315.0,316.0,316.0,0.0,50.69433600000001,49.24592640000001,-117.62274682478639,0.5150265097618103,0.5150265097618103,0.0,1.0,0.5672390007575862,0.5672976974805232,0.9999117084802985,0.9499117136001587,0.9999115927447124,0.9999969921371749,0.9999969834020095,0.9999967791108711,0.9999967677369763,3.8828700178621656,15.2141905852802,,1027.7641271527555,False,False,False,,[]
316,316,317,True,1.0,1.0,316.0,317.0,316.0,317.0,317.0,0.0,49.24592640000001,49.084992,78.81479284295823,0.5150265097618103,0.5150265097618103,0.0,1.0,0.5672976974805232,0.5672300720400211,0.9999115927447124,0.9499115943908691,0.9999114582340881,0.9999969834020095,0.999996976841033,0.9999967677369763,0.9999967591913878,-4.471970996278254,-17.528514178149724,,912.2563823081591,False,False,False,,[]
317,317,318,True,1.0,1.0,317.0,318.0,317.0,318.0,318.0,0.0,49.084992,48.28032,-20.135548641005588,0.5150265693664551,0.5150265693664551,0.0,1.0,0.5672300720400211,0.5672391080699498,0.9999114582340881,0.9499114751815796,0.9999114412621255,0.999996976841033,0.9999969749250152,0.9999967591913878,0.9999967568870181,0.597680090659778,2.3421389575391474,,1003.1282013109425,False,False,False,,[]
318,318,319,True,1.0,1.0,318.0,319.0,318.0,319.0,319.0,0.0,48.28032,46.670976,-144.30923864198468,0.5150265693664551,0.5150265693664551,0.0,1.0,0.5672391080699498,0.5673095853058729,0.9999114412621255,0.9499114155769348,0.999911300687496,0.9999969749250152,0.9999969654008384,0.9999967568870181,0.9999967454454707,4.662692529185874,18.267699551283695,,1036.7572418645555,False,False,False,,[]
319,319,320,True,1.0,1.0,319.0,320.0,319.0,320.0,320.0,0.0,46.670976,44.25696000000001,-269.10053794967524,0.5150266289710999,0.5150266289710999,0.0,1.0,0.5673095853058729,0.5674473294491186,0.999911300687496,0.9499112963676453,0.9999110072537948,0.9999969654008384,0.9999969550089025,0.9999967454454707,0.9999967322128407,9.115423518930077,35.70328192926622,,1092.6289372465258,False,False,False,,[]
320,320,321,True,1.0,1.0,320.0,321.0,320.0,321.0,321.0,0.0,44.25696000000001,39.911731200000006,-567.3784010155562,0.5150266885757446,0.5150266885757446,0.0,1.0,0.5674473294491186,0.5677243010845006,0.9999110072537948,0.9499109983444214,0.9999104537758626,0.9999969550089025,0.999996937508318,0.9999967322128407,0.9999967135022957,18.338546513318622,71.7910478910072,,1227.6155244521847,False,False,False,,[]
321,321,322,True,1.0,1.0,321.0,322.0,321.0,322.0,322.0,0.0,39.911731200000006,34.600896000000006,-718.6405122295088,0.515026867389679,0.515026867389679,0.0,1.0,0.5677243010845006,0.5680351476361769,0.9999104537758626,0.9499104619026184,0.9999098446140716,0.999996937508318,0.9999969182683933,0.9999967135022957,0.9999966925223444,20.58649722652656,80.57142619449564,,1265.3590813053856,False,False,False,,[]
322,322,323,True,1.0,1.0,322.0,323.0,322.0,323.0,323.0,0.0,34.600896000000006,32.347814400000004,-252.53209773117493,0.5150270462036133,0.5150270462036133,0.0,1.0,0.5680351476361769,0.5681219292677226,0.9999098446140716,0.9499098062515259,0.9999096687355042,0.9999969182683933,0.9999969047999016,0.9999966925223444,0.9999966802388691,5.744115612796809,22.49379889665563,,1045.4147046768855,False,False,False,,[]
323,323,324,True,1.0,1.0,323.0,324.0,323.0,324.0,324.0,0.0,32.347814400000004,30.738470400000004,-154.9641269911063,0.5150271058082581,0.5150271058082581,0.0,1.0,0.5681219292677226,0.568174128067554,0.9999096687355042,0.9499096274375916,0.9999095664644119,0.9999969047999016,0.9999968974451838,0.9999966802388691,0.9999966751521475,3.454856888420072,13.52992891628813,,1030.4288220312972,False,False,False,,[]
324,324,325,True,1.0,1.0,324.0,325.0,324.0,325.0,325.0,0.0,30.738470400000004,29.772864000000002,-56.987137774522424,0.5150271058082581,0.5150271058082581,0.0,1.0,0.568174128067554,0.5681899053498696,0.9999095664644119,0.9499095678329468,0.9999095366345897,0.9999968974451838,0.9999968939245527,0.9999966751521475,0.9999966711400852,1.0441582877256237,4.089471576213372,,1005.2894375696205,False,False,False,,[]
325,325,326,True,1.0,1.0,325.0,326.0,325.0,326.0,326.0,0.0,29.772864000000002,27.358848000000002,-279.8147167922439,0.5150271654129028,0.5150271654129028,0.0,1.0,0.5681899053498696,0.5682744020994899,0.9999095366345897,0.949909508228302,0.9999093657690962,0.9999968939245527,0.9999968838259957,0.9999966711400852,0.9999966595114197,5.593391591533566,21.901557501569226,,1047.8698134255803,False,False,False,,[]
326,326,327,True,1.0,1.0,326.0,327.0,326.0,327.0,327.0,0.0,27.358848000000002,24.944832,-280.95863663859274,0.5150272250175476,0.5150272250175476,0.0,1.0,0.5682744020994899,0.5683502344434345,0.9999093657690962,0.9499093294143677,0.9999092137186442,0.9999968838259957,0.9999968725792078,0.9999966595114197,0.9999966488121339,5.019929578148374,19.655743550447735,,1040.237667269263,False,False,False,,[]
327,327,328,True,1.0,1.0,327.0,328.0,327.0,328.0,328.0,0.0,24.944832,20.1168,-652.577460002152,0.5150272250175476,0.5150272250175476,0.0,1.0,0.5683502344434345,0.568513643377169,0.9999092137186442,0.9499092102050781,0.9999088686835039,0.9999968725792078,0.9999968589892989,0.9999966488121339,0.9999966316594299,10.82071987112957,42.35559562400318,,1108.8475919516784,False,False,False,,[]
328,328,329,True,1.0,1.0,328.0,329.0,328.0,329.0,329.0,0.0,20.1168,17.380915200000004,-333.2199235208994,0.5150273442268372,0.5150273442268372,0.0,1.0,0.568513643377169,0.5685861700262256,0.9999088686835039,0.9499088525772095,0.9999087237307728,0.9999968589892989,0.9999968545331008,0.9999966316594299,0.9999966266854555,4.80161334168376,18.798907435455607,,1051.0839447143849,False,False,False,,[]
329,329,330,True,1.0,1.0,329.0,330.0,329.0,330.0,330.0,0.0,17.380915200000004,12.874752,-605.823314750082,0.5150274038314819,0.5150274038314819,0.0,1.0,0.5685861700262256,0.5686674163265695,0.9999087237307728,0.9499087333679199,0.9999085599597797,0.9999968545331008,0.9999968442663039,0.9999966266854555,0.999996592273654,5.379235403657762,21.05904104914936,,1020.6066634988324,False,False,False,,[]
330,330,331,True,1.0,1.0,330.0,331.0,330.0,331.0,331.0,0.0,12.874752,7.563916800000001,-730.4779881380965,0.5150274038314819,0.5150274038314819,0.0,1.0,0.5686674163265695,0.5687356078932726,0.9999085599597797,0.9499085545539856,0.9999084242479604,0.9999968442663039,0.9999968386070597,0.999996592273654,0.9999965636108784,4.514882335161707,17.675254089446696,,1020.7189253068746,False,False,False,,[]
331,331,332,True,1.0,1.0,331.0,332.0,331.0,332.0,332.0,0.0,7.563916800000001,2.2530816,-731.3783013918151,0.5150274634361267,0.5150274634361267,0.0,1.0,0.5687356078932726,0.5687592456620277,0.9999084242479604,0.949908435344696,0.9999083792114716,0.9999968386070597,0.9999968260598922,0.9999965636108784,0.9999965498267521,1.5648586339421644,6.1269096613385035,,992.8542552240718,False,False,False,,[]
332,332,333,True,1.0,1.0,332.0,333.0,332.0,333.0,333.0,0.0,2.2530816,0.0,-262.4200764368292,0.5150274634361267,0.5150274634361267,0.0,1.0,0.5687592456620277,0.5687611922958592,0.9999083792114716,0.9499083757400513,0.9999083755804679,0.9999968260598922,0.9999968250266577,0.9999965498267521,0.9999965486916566,0.12886301765047473,0.5045674891017561,,999.4155451756208,False,False,False,,[]
333,333,334,True,1.0,1.0,333.0,334.0,333.0,334.0,334.0,0.0,0.0,0.0,83.40462000000002,0.5150274634361267,0.5150274634361267,0.0,1.0,0.5687611922958592,0.5687611922958592,0.9999083755804679,0.9499083757400513,0.9999083755804679,0.9999968250266577,0.9999968250266577,0.9999965486916566,0.9999965486916566,-0.0,0.0,,1000.0,False,False,False,,[]
334,334,335,True,1.0,1.0,334.0,335.0,334.0,335.0,335.0,0.0,0.0,0.0,83.40462000000002,0.5150274634361267,0.5150274634361267,0.0,1.0,0.5687611922958592,0.5687611922958592,0.9999083755804679,0.9499083757400513,0.9999083755804679,0.9999968250266577,0.9999968250266577,0.9999965486916566,0.9999965486916566,-0.0,0.0,,1000.0,False,False,False,,[]
335,335,336,True,1.0,1.0,335.0,336.0,335.0,336.0,336.0,0.0,0.0,0.0,83.40462000000002,0.5150274634361267,0.5150274634361267,0.0,1.0,0.5687611922958592,0.5687611922958592,0.9999083755804679,0.9499083757400513,0.9999083755804679,0.9999968250266577,0.9999968250266577,0.9999965486916566,0.9999965486916566,-0.0,0.0,,1000.0,False,False,False,,[]
336,336,337,True,1.0,1.0,336.0,337.0,336.0,337.0,337.0,0.0,0.0,0.0,83.40462000000002,0.5150274634361267,0.5150274634361267,0.0,1.0,0.5687611922958592,0.5687611922958592,0.9999083755804679,0.9499083757400513,0.9999083755804679,0.9999968250266577,0.9999968250266577,0.9999965486916566,0.9999965486916566,-0.0,0.0,,1000.0,False,False,False,,[]
337,337,338,True,1.0,1.0,337.0,338.0,337.0,338.0,338.0,0.0,0.0,0.0,83.40462000000002,0.5150274634361267,0.5150274634361267,0.0,1.0,0.5687611922958592,0.5687611922958592,0.9999083755804679,0.9499083757400513,0.9999083755804679,0.9999968250266577,0.9999968250266577,0.9999965486916566,0.9999965486916566,-0.0,0.0,,1000.0,False,False,False,,[]
338,338,339,True,1.0,1.0,338.0,339.0,338.0,339.0,339.0,0.0,0.0,0.0,83.40462000000002,0.5150274634361267,0.5150274634361267,0.0,1.0,0.5687611922958592,0.5687611922958592,0.9999083755804679,0.9499083757400513,0.9999083755804679,0.9999968250266577,0.9999968250266577,0.9999965486916566,0.9999965486916566,-0.0,0.0,,1000.0,False,False,False,,[]
339,339,340,True,1.0,1.0,339.0,340.0,339.0,340.0,340.0,0.0,0.0,0.0,83.40462000000002,0.5150274634361267,0.5150274634361267,0.0,1.0,0.5687611922958592,0.5687611922958592,0.9999083755804679,0.9499083757400513,0.9999083755804679,0.9999968250266577,0.9999968250266577,0.9999965486916566,0.9999965486916566,-0.0,0.0,,1000.0,False,False,False,,[]
340,340,341,True,1.0,1.0,340.0,341.0,340.0,341.0,341.0,0.0,0.0,0.0,83.40462000000002,0.5150274634361267,0.5150274634361267,0.0,1.0,0.5687611922958592,0.5687611922958592,0.9999083755804679,0.9499083757400513,0.9999083755804679,0.9999968250266577,0.9999968250266577,0.9999965486916566,0.9999965486916566,-0.0,0.0,,1000.0,False,False,False,,[]
341,341,342,True,1.0,1.0,341.0,342.0,341.0,342.0,342.0,0.0,0.0,0.0,83.40462000000002,0.5150274634361267,0.5150274634361267,0.0,1.0,0.5687611922958592,0.5687611922958592,0.9999083755804679,0.9499083757400513,0.9999083755804679,0.9999968250266577,0.9999968250266577,0.9999965486916566,0.9999965486916566,-0.0,0.0,,1000.0,False,False,False,,[]
342,342,343,True,1.0,1.0,342.0,343.0,342.0,343.0,343.0,0.0,0.0,0.0,83.40462000000002,0.5150274634361267,0.5150274634361267,0.0,1.0,0.5687611922958592,0.5687611922958592,0.9999083755804679,0.9499083757400513,0.9999083755804679,0.9999968250266577,0.9999968250266577,0.9999965486916566,0.9999965486916566,-0.0,0.0,,1000.0,False,False,False,,[]
343,343,344,True,1.0,1.0,343.0,344.0,343.0,344.0,344.0,0.0,0.0,0.0,83.40462000000002,0.5150274634361267,0.5150274634361267,0.0,1.0,0.5687611922958592,0.5687611922958592,0.9999083755804679,0.9499083757400513,0.9999083755804679,0.9999968250266577,0.9999968250266577,0.9999965486916566,0.9999965486916566,-0.0,0.0,,1000.0,False,False,False,,[]
344,344,345,True,1.0,1.0,344.0,345.0,344.0,345.0,345.0,0.0,0.0,0.0,83.40462000000002,0.5150274634361267,0.5150274634361267,0.0,1.0,0.5687611922958592,0.5687611922958592,0.9999083755804679,0.9499083757400513,0.9999083755804679,0.9999968250266577,0.9999968250266577,0.9999965486916566,0.9999965486916566,-0.0,0.0,,1000.0,False,False,False,,[]
345,345,346,True,1.0,1.0,345.0,346.0,345.0,346.0,346.0,0.0,0.0,0.0,83.40462000000002,0.5150274634361267,0.5150274634361267,0.0,1.0,0.5687611922958592,0.5687611922958592,0.9999083755804679,0.9499083757400513,0.9999083755804679,0.9999968250266577,0.9999968250266577,0.9999965486916566,0.9999965486916566,-0.0,0.0,,1000.0,False,False,False,,[]
346,346,347,True,1.0,1.0,346.0,347.0,346.0,347.0,347.0,0.0,0.0,1.609344,330.45233520000005,0.5150274634361267,0.5150274634361267,0.0,1.0,0.5687611922958592,0.5687544604642875,0.9999083755804679,0.9499083757400513,0.9999083629648451,0.9999968250266577,0.9999968240973006,0.9999965486916566,0.999996547670679,-0.44562718530258827,-1.7448907433867311,,990.1541757927577,False,False,False,,[]
347,347,348,True,1.0,1.0,347.0,348.0,347.0,348.0,348.0,0.0,1.609344,6.9201792,898.6835622228424,0.5150274634361267,0.5150274634361267,0.0,1.0,0.5687544604642875,0.5686574024517215,0.9999083629648451,0.9499083757400513,0.9999081642718816,0.9999968240973006,0.9999968107018768,0.999996547670679,0.9999965329546714,-6.423112362525872,-25.1574368571123,,873.3328967694305,False,False,False,,[]
348,348,349,True,1.0,1.0,348.0,349.0,348.0,349.0,349.0,0.0,6.9201792,12.2310144,899.059283501953,0.5150275826454163,0.5150275826454163,0.0,1.0,0.5686574024517215,0.5684851233687986,0.9999081642718816,0.9499081373214722,0.9999078018761942,0.9999968107018768,0.9999968021731722,0.9999965329546714,0.9999964998992634,-11.397938226207694,-44.65473829359583,,799.9342362830645,False,False,False,,[]
349,349,350,True,1.0,1.0,349.0,350.0,349.0,350.0,350.0,0.0,12.2310144,17.541849600000003,899.9028841097685,0.515027642250061,0.515027642250061,0.0,1.0,0.5684851233687986,0.5682200231899964,0.9999078018761942,0.9499077796936035,0.999907268673815,0.9999968021731722,0.9999967914221801,0.9999964998992634,0.9999964484623917,-17.53258002093591,-68.71396634553567,,724.3184138920479,False,False,False,,[]
350,350,351,True,1.0,1.0,350.0,351.0,350.0,351.0,351.0,0.0,17.541849600000003,22.8526848,901.2143640462863,0.5150278210639954,0.5150278210639954,0.0,1.0,0.5682200231899964,0.5679586272381912,0.999907268673815,0.9499072432518005,0.9999067418759819,0.9999967914221801,0.9999967784390372,0.9999964484623917,0.9999964341993299,-17.28591387950704,-67.75383070790454,,745.5331716999109,False,False,False,,[]
351,351,352,True,1.0,1.0,351.0,352.0,351.0,352.0,352.0,0.0,22.8526848,27.841651200000005,853.58418027151,0.5150279998779297,0.5150279998779297,0.0,1.0,0.5679586272381912,0.5676394907558932,0.9999067418759819,0.9499067068099976,0.9999061195959822,0.9999967784390372,0.9999967614457445,0.9999964341993299,0.9999964109197451,-21.0982036409228,-82.720176211675,,703.4142659963444,False,False,False,,[]
352,352,353,True,1.0,1.0,352.0,353.0,352.0,353.0,353.0,0.0,27.841651200000005,32.18688,756.8628176280541,0.515028178691864,0.515028178691864,0.0,1.0,0.5676394907558932,0.5673092949191934,0.9999061195959822,0.9499061107635498,0.9999054801382938,0.9999967614457445,0.9999967420017468,0.9999964109197451,0.9999963931190641,-21.825816345780158,-85.58676087259282,,698.6234331230681,False,False,False,,[]
353,353,354,True,1.0,1.0,353.0,354.0,353.0,354.0,354.0,0.0,32.18688,36.21024,709.6167331368948,0.5150283575057983,0.5150283575057983,0.0,1.0,0.5673092949191934,0.5669549884831984,0.9999054801382938,0.9499054551124573,0.9999048045478944,0.9999967420017468,0.9999967224704799,0.9999963931190641,0.9999963711441413,-23.41473957326083,-91.8362282099116,,683.3533978265775,False,False,False,,[]
354,354,355,True,1.0,1.0,354.0,355.0,354.0,355.0,355.0,0.0,36.21024,38.1414528,390.73717255388505,0.5150285363197327,0.5150285363197327,0.0,1.0,0.5669549884831984,0.5667459396736572,0.9999048045478944,0.9499047994613647,0.9999043720253191,0.9999967224704799,0.9999967117846719,0.9999963711441413,0.9999963597616586,-13.819684758695862,-54.18545143307315,,784.7018557544142,False,False,False,,[]
355,355,356,True,1.0,1.0,355.0,356.0,355.0,356.0,356.0,0.0,38.1414528,40.5554688,466.0424526778569,0.515028715133667,0.515028715133667,0.0,1.0,0.5667459396736572,0.5664803855182945,0.9999043720253191,0.9499043822288513,0.9999038380405527,0.9999967117846719,0.9999966969498792,0.9999963597616586,0.9999963453920654,-17.550764171360974,-68.8316370700147,,741.7533616600703,False,False,False,,[]
356,356,357,True,1.0,1.0,356.0,357.0,356.0,357.0,357.0,0.0,40.5554688,42.80855040000001,442.9133904673374,0.5150288343429565,0.5150288343429565,0.0,1.0,0.5664803855182945,0.5662127782821086,0.9999038380405527,0.9499038457870483,0.9999033005244211,0.9999966969498792,0.9999966818144942,0.9999963453920654,0.9999963309257277,-17.684716024449482,-69.3637956193802,,740.2140526246977,False,False,False,,[]
357,357,358,True,1.0,1.0,357.0,358.0,357.0,358.0,358.0,0.0,42.80855040000001,45.222566400000005,469.17604118465545,0.5150290131568909,0.5150290131568909,0.0,1.0,0.5662127782821086,0.5659133255606079,0.9999033005244211,0.9499033093452454,0.9999027097240724,0.9999966818144942,0.9999966648418577,0.9999963309257277,0.999996314743697,-19.7854384374778,-77.61814541296985,,718.5521569247637,False,False,False,,[]
358,358,359,True,1.0,1.0,358.0,359.0,358.0,359.0,359.0,0.0,45.222566400000005,48.28032,569.7577305208608,0.5150291919708252,0.5150291919708252,0.0,1.0,0.5659133255606079,0.5655299558741832,0.9999027097240724,0.9499027132987976,0.999901993077079,0.9999966648418577,0.9999966492474943,0.999996314743697,0.9999962896966048,-25.320725745329682,-99.36942272127402,,668.5940712513714,False,False,False,,[]
359,359,360,True,1.0,1.0,359.0,360.0,359.0,360.0,360.0,0.0,48.28032,49.567795200000006,300.3766487180163,0.5150294303894043,0.5150294303894043,0.0,1.0,0.5655299558741832,0.5653185026566008,0.999901993077079,0.9499019980430603,0.9999015560764608,0.9999966492474943,0.9999966386109339,0.9999962896966048,0.9999962781208351,-13.97170828994957,-54.80867399735838,,782.8612204429767,False,False,False,,[]
360,360,361,True,1.0,1.0,360.0,361.0,360.0,361.0,361.0,0.0,49.567795200000006,50.85527040000001,301.4215362546629,0.5150295495986938,0.5150295495986938,0.0,1.0,0.5653185026566008,0.5650978205556104,0.9999015560764608,0.9499015212059021,0.9999011020154858,0.9999966386109339,0.9999966273319367,0.9999962781208351,0.9999962637180833,-14.58023600810872,-57.20080057670426,,774.1316492867777,False,False,False,,[]
361,361,362,True,1.0,1.0,361.0,362.0,361.0,362.0,362.0,0.0,50.85527040000001,51.659942400000006,228.37960627174658,0.5150296688079834,0.5150296688079834,0.0,1.0,0.5650978205556104,0.5649188547243891,0.9999011020154858,0.9499011039733887,0.9999007266434718,0.9999966273319367,0.9999966161711308,0.9999962637180833,0.999996247725881,-11.824927237517342,-46.387943452585084,,804.0808448662294,False,False,False,,[]
362,362,363,True,1.0,1.0,362.0,363.0,362.0,363.0,363.0,0.0,51.659942400000006,52.7864832,278.47335301327126,0.515029788017273,0.515029788017273,0.0,1.0,0.5649188547243891,0.5647068568918852,0.9999007266434718,0.9499006867408752,0.9999002886304441,0.9999966161711308,0.9999966056810733,0.999996247725881,0.9999962335632135,-14.005440459240129,-54.94983818500769,,780.974303715431,False,False,False,,[]
363,363,364,True,1.0,1.0,363.0,364.0,363.0,364.0,364.0,0.0,52.7864832,54.07395840000001,304.1540546481978,0.5150299072265625,0.5150299072265625,0.0,1.0,0.5647068568918852,0.5644713922670264,0.9999002886304441,0.9499002695083618,0.9998998076745507,0.9999966056810733,0.9999965933556569,0.9999962335632135,0.9999962198515445,-15.553761254083769,-61.03243076340402,,763.5935110134826,False,False,False,,[]
364,364,365,True,1.0,1.0,364.0,365.0,364.0,365.0,365.0,0.0,54.07395840000001,55.522368,329.9999533463734,0.5150300860404968,0.5150300860404968,0.0,1.0,0.5644713922670264,0.5642068538353504,0.9998998076745507,0.9498997926712036,0.999899275441058,0.9999965933556569,0.9999965783754176,0.9999962198515445,0.9999962036200433,-17.47155258464483,-68.56836149040646,,741.3043947915961,False,False,False,,[]
365,365,366,True,1.0,1.0,365.0,366.0,365.0,366.0,366.0,0.0,55.522368,55.68330240000001,133.67841681797782,0.5150302052497864,0.5150302052497864,0.0,1.0,0.5642068538353504,0.5640889163796872,0.999899275441058,0.9498992562294006,0.9998990290223881,0.9999965783754176,0.9999965681012829,0.9999962036200433,0.9999961934358405,-7.792257603283791,-30.569388507908645,,859.8173853580191,False,False,False,,[]
366,366,367,True,1.0,1.0,366.0,367.0,366.0,367.0,367.0,0.0,55.68330240000001,56.1661056,183.23640091221512,0.5150302648544312,0.5150302648544312,0.0,1.0,0.5640889163796872,0.5639291104194166,0.9998990290223881,0.9498990178108215,0.999898691086014,0.9999965681012829,0.9999965564445942,0.9999961934358405,0.9999961788516051,-10.557068281767956,-41.42170490212038,,819.7792925747221,False,False,False,,[]
367,367,368,True,1.0,1.0,367.0,368.0,367.0,368.0,368.0,0.0,56.1661056,56.0051712,84.8652158424761,0.5150303840637207,0.5150303840637207,0.0,1.0,0.5639291104194166,0.5638501461524668,0.999898691086014,0.9498986601829529,0.9998985322699383,0.9999965564445942,0.9999965485487416,0.9999961788516051,0.9999961711357568,-5.217711820498265,-20.467537993390984,,900.5296755167933,False,False,False,,[]
368,368,369,True,1.0,1.0,368.0,369.0,368.0,369.0,369.0,0.0,56.0051712,55.522368,35.305942824466335,0.5150304436683655,0.5150304436683655,0.0,1.0,0.5638501461524668,0.5638155265912184,0.9998985322699383,0.9498985409736633,0.9998984655976613,0.9999965485487416,0.999996544899731,0.9999961711357568,0.9999961669797334,-2.2878918368790355,-8.973390275576593,,953.2054087753119,False,False,False,,[]
369,369,370,True,1.0,1.0,369.0,370.0,369.0,370.0,370.0,0.0,55.522368,55.84423680000001,158.38318833797845,0.5150304436683655,0.5150304436683655,0.0,1.0,0.5638155265912184,0.5636785247469849,0.9998984655976613,0.9498984813690186,0.999898173957122,0.999996544899731,0.9999965338645092,0.9999961669797334,0.9999961560397275,-9.051323108263398,-35.51087802533047,,841.6508596439126,False,False,False,,[]
370,370,371,True,1.0,1.0,370.0,371.0,370.0,371.0,371.0,0.0,55.84423680000001,57.13171200000001,306.90912920771217,0.515030562877655,0.515030562877655,0.0,1.0,0.5636785247469849,0.5634252131018191,0.999898173957122,0.9498981833457947,0.9998976612635129,0.9999965338645092,0.9999965203346879,0.9999961560397275,0.9999961398258199,-16.729157911195305,-65.65837842695677,,749.4427509668383,False,False,False,,[]
371,371,372,True,1.0,1.0,371.0,372.0,371.0,372.0,372.0,0.0,57.13171200000001,57.936384000000004,234.00124729693238,0.5150306820869446,0.5150306820869446,0.0,1.0,0.5634252131018191,0.5632220311279871,0.9998976612635129,0.9498976469039917,0.9998972397244341,0.9999965203346879,0.999996508214083,0.9999961398258199,0.9999961230287224,-13.419732743522534,-52.664767617260985,,784.773150741818,False,False,False,,[]
372,372,373,True,1.0,1.0,372.0,373.0,372.0,373.0,373.0,0.0,57.936384000000004,57.936384000000004,111.24537344354306,0.5150308609008789,0.5150308609008789,0.0,1.0,0.5632220311279871,0.5631178823343624,0.9998972397244341,0.9498972296714783,0.9998970250314267,0.999996508214083,0.9999964984858506,0.9999961230287224,0.9999961136349423,-6.880653910777142,-26.99536730749551,,873.5607269986108,False,False,False,,[]
373,373,374,True,1.0,1.0,373.0,374.0,373.0,374.0,374.0,0.0,57.936384000000004,57.936384000000004,111.24537344354306,0.5150309205055237,0.5150309205055237,0.0,1.0,0.5631178823343624,0.5630137335531127,0.9998970250314267,0.9498969912528992,0.9998968103384475,0.9999964984858506,0.9999964887576175,0.9999961136349423,0.9999961042411629,-6.880653917693339,-26.995364099931404,,873.560738585452,False,False,False,,[]
374,374,375,True,1.0,1.0,374.0,375.0,374.0,375.0,375.0,0.0,57.936384000000004,57.936384000000004,111.24537344354306,0.5150309801101685,0.5150309801101685,0.0,1.0,0.5630137335531127,0.5629095847809377,0.9998968103384475,0.9498968124389648,0.9998965956454888,0.9999964887576175,0.9999964790293837,0.9999961042411629,0.9999960948473842,-6.880653924609517,-26.9953617477599,,873.560747086293,False,False,False,,[]
375,375,376,True,1.0,1.0,375.0,376.0,375.0,376.0,376.0,0.0,57.936384000000004,57.936384000000004,111.24537344354306,0.5150310397148132,0.5150310397148132,0.0,1.0,0.5629095847809377,0.5628054360146295,0.9998965956454888,0.9498965740203857,0.9998963809525435,0.9999964790293837,0.9999964693011493,0.9999960948473842,0.9999960854536061,-6.880653931525674,-26.995360227083843,,873.5607525800095,False,False,False,,[]
376,376,377,True,1.0,1.0,376.0,377.0,376.0,377.0,377.0,0.0,57.936384000000004,57.936384000000004,111.24537344354306,0.515031099319458,0.515031099319458,0.0,1.0,0.5628054360146295,0.5627012872510698,0.9998963809525435,0.9498963952064514,0.9998961662596044,0.9999964693011493,0.9999964595729142,0.9999960854536061,0.9999960760598285,-6.880653938441814,-26.99535951466619,,873.56075506711,False,False,False,,[]
377,377,378,True,1.0,1.0,377.0,378.0,377.0,378.0,378.0,0.0,57.936384000000004,58.097318400000006,135.95014496354273,0.5150311589241028,0.5150311589241028,0.0,1.0,0.5627012872510698,0.5625767704251448,0.9998961662596044,0.9498961567878723,0.9998959044140633,0.9999964595729142,0.9999964487720837,0.9999960760598285,0.9999960656858918,-8.225754633896353,-32.27476127977888,,853.3324979680057,False,False,False,,[]
378,378,379,True,1.0,1.0,378.0,379.0,378.0,379.0,379.0,0.0,58.097318400000006,58.5801216,185.51457367663463,0.5150312185287476,0.5150312185287476,0.0,1.0,0.5625767704251448,0.5624115303680094,0.9998959044140633,0.9498959183692932,0.9998955557815025,0.9999964487720837,0.9999964368094497,0.9999960656858918,0.9999960529782954,-10.914490949143245,-42.8302228094928,,816.4774665486116,False,False,False,,[]
379,379,380,True,1.0,1.0,379.0,380.0,379.0,380.0,380.0,0.0,58.5801216,58.741056,136.57226550345402,0.5150313377380371,0.5150313377380371,0.0,1.0,0.5624115303680094,0.5622851242320898,0.9998955557815025,0.9498955607414246,0.9998952894711912,0.9999964368094497,0.9999964258670471,0.9999960529782954,0.9999960424699516,-8.350225424573459,-32.764470430355495,,851.4349006552376,False,False,False,,[]
380,380,381,True,1.0,1.0,380.0,381.0,380.0,381.0,381.0,0.0,58.741056,58.5801216,87.31932670157458,0.5150313973426819,0.5150313973426819,0.0,1.0,0.5622851242320898,0.562200413732653,0.9998952894711912,0.9498952627182007,0.9998951181376396,0.9999964258670471,0.9999964174411035,0.9999960424699516,0.9999960342987556,-5.596552676283851,-21.956961454029333,,894.101705172405,False,False,False,,[]
381,381,382,True,1.0,1.0,381.0,382.0,381.0,382.0,382.0,0.0,58.5801216,57.936384000000004,13.048407903455615,0.5150314569473267,0.5150314569473267,0.0,1.0,0.562200413732653,0.5621879755446508,0.9998951181376396,0.9498950839042664,0.9998950946976751,0.9999964174411035,0.9999964168988814,0.9999960342987556,0.9999960325117536,-0.821946333076136,-3.223978330136986,,983.1764658742022,False,False,False,,[]
382,382,383,True,1.0,1.0,382.0,383.0,382.0,383.0,383.0,0.0,57.936384000000004,56.487974400000006,-111.09757023645696,0.5150314569473267,0.5150314569473267,0.0,1.0,0.5621879755446508,0.5622537266081183,0.9998950946976751,0.9498950839042664,0.9998949641548756,0.9999964168988814,0.9999964072996848,0.9999960325117536,0.999996023174007,4.346237945179706,17.04267565077914,,1034.9393884480653,False,False,False,,[]
383,383,384,True,1.0,1.0,383.0,384.0,383.0,384.0,384.0,0.0,56.487974400000006,54.878630400000006,-137.17697895773156,0.5150315165519714,0.5150315165519714,0.0,1.0,0.5622537266081183,0.5623345037894717,0.9998949641548756,0.9498949646949768,0.9998948014042092,0.9999964072996848,0.9999963968928425,0.999996023174007,0.9999960128484456,5.340152482847092,20.93744540679891,,1045.7731903462766,False,False,False,,[]
384,384,385,True,1.0,1.0,384.0,385.0,384.0,385.0,385.0,0.0,54.878630400000006,53.91302400000001,-39.8444516264149,0.5150315761566162,0.5150315761566162,0.0,1.0,0.5623345037894717,0.5623552141694316,0.9998948014042092,0.9498947858810425,0.9998947620580457,0.9999963968928425,0.9999963928187762,0.9999960128484456,0.9999960084623127,1.369009046056532,5.36813048559144,,1008.3852928509513,False,False,False,,[]
385,385,386,True,1.0,1.0,385.0,386.0,385.0,386.0,386.0,0.0,53.91302400000001,50.5334016,-411.28733689529724,0.5150315761566162,0.5150315761566162,0.0,1.0,0.5623552141694316,0.5626019442490655,0.9998947620580457,0.9498947262763977,0.9998942609733593,0.9999963928187762,0.9999963771406182,0.9999960084623127,0.9999959882656853,16.32197596941772,63.95243664110423,,1191.5355585235977,False,False,False,,[]
386,386,387,True,1.0,1.0,386.0,387.0,386.0,387.0,387.0,0.0,50.5334016,46.670976,-488.3294418000651,0.5150316953659058,0.5150316953659058,0.0,1.0,0.5626019442490655,0.5628761636190587,0.9998942609733593,0.9498942494392395,0.9998937121618332,0.9999963771406182,0.9999963615836133,0.9999959882656853,0.9999959659485441,18.14474661742098,71.07766070223332,,1221.6934712167763,False,False,False,,[]
387,387,388,True,1.0,1.0,387.0,388.0,387.0,388.0,388.0,0.0,46.670976,41.3601408,-713.7864253096753,0.5150318741798401,0.5150318741798401,0.0,1.0,0.5628761636190587,0.5632475025402794,0.9998937121618332,0.9498937129974365,0.9998930121706286,0.9999963615836133,0.9999963458967873,0.9999959659485441,0.9999959413299687,24.582368300757263,96.25104838043568,,1353.2429645018267,False,False,False,,[]
388,388,389,True,1.0,1.0,388.0,389.0,388.0,389.0,389.0,0.0,41.3601408,37.014912,-569.435523353329,0.5150321125984192,0.5150321125984192,0.0,1.0,0.5632475025402794,0.5635046343292242,0.9998930121706286,0.9498929977416992,0.9998924927907263,0.9999963458967873,0.9999963276126298,0.9999959413299687,0.9999959238443659,17.019106226392623,66.64855969447562,,1203.9837969773969,False,False,False,,[]
389,389,390,True,1.0,1.0,389.0,390.0,389.0,390.0,390.0,0.0,37.014912,32.6696832,-572.260199796456,0.5150322914123535,0.5150322914123535,0.0,1.0,0.5635046343292242,0.5637317965449631,0.9998924927907263,0.9498924612998962,0.9998920268737198,0.9999963276126298,0.9999963085059368,0.9999959238443659,0.9999959082205047,15.036134559892801,58.88044631952715,,1170.7407911811817,False,False,False,,[]
390,390,391,True,1.0,1.0,390.0,391.0,390.0,391.0,391.0,0.0,32.6696832,28.163520000000002,-599.476439283341,0.5150324106216431,0.5150324106216431,0.0,1.0,0.5637317965449631,0.5639424816901125,0.9998920268737198,0.9498920440673828,0.9998915913020995,0.9999963085059368,0.9999962942082259,0.9999959082205047,0.9999958939325275,13.946468330719442,54.60958962272901,,1160.8230958829595,False,False,False,,[]
391,391,392,True,1.0,1.0,391.0,392.0,391.0,392.0,392.0,0.0,28.163520000000002,23.335488,-651.1596438545641,0.5150325298309326,0.5150325298309326,0.0,1.0,0.5639424816901125,0.5641313713980233,0.9998915913020995,0.9498915672302246,0.9998911968516045,0.9999962942082259,0.9999962820603621,0.9999958939325275,0.9999958735749437,12.504230205390112,48.96021229046618,,1132.4248706025062,False,False,False,,[]
392,392,393,True,1.0,1.0,392.0,393.0,392.0,393.0,393.0,0.0,23.335488,19.312128,-529.6980642874188,0.5150326490402222,0.5150326490402222,0.0,1.0,0.5641313713980233,0.5642585433067294,0.9998911968516045,0.949891209602356,0.9998909287271911,0.9999962820603621,0.9999962740036779,0.9999958735749437,0.9999958596047318,8.417791638661233,32.96295873662948,,1084.9900613118039,False,False,False,,[]
393,393,394,True,1.0,1.0,393.0,394.0,393.0,394.0,394.0,0.0,19.312128,14.0012928,-728.7594231107178,0.5150327086448669,0.5150327086448669,0.0,1.0,0.5642585433067294,0.5643916897082508,0.9998909287271911,0.9498909115791321,0.9998906463608646,0.9999962740036779,0.9999962653452975,0.9999958596047318,0.9999958401973345,8.814029416385834,34.51154727434227,,1083.2405253606596,False,False,False,,[]
394,394,395,True,1.0,1.0,394.0,395.0,394.0,395.0,395.0,0.0,14.0012928,8.690457600000002,-730.2268628234704,0.5150328278541565,0.5150328278541565,0.0,1.0,0.5643916897082508,0.5644677395899754,0.9998906463608646,0.9498906135559082,0.9998904938417762,0.9999962653452975,0.999996259435683,0.9999958401973345,0.9999958083861785,5.0337974374201755,19.712129343008105,,1023.622340016527,False,False,False,,[]
395,395,396,True,1.0,1.0,395.0,396.0,395.0,396.0,396.0,0.0,8.690457600000002,3.3796224000000006,-731.2264232075206,0.5150328278541565,0.5150328278541565,0.0,1.0,0.5644677395899754,0.5644968042144244,0.9998904938417762,0.9498904943466187,0.9998904381708568,0.999996259435683,0.9999962440118807,0.9999958083861785,0.9999957914421891,1.9236069775113684,7.533550657160871,,991.2077304364302,False,False,False,,[]
396,396,397,True,1.0,1.0,396.0,397.0,396.0,397.0,397.0,0.0,3.3796224000000006,0.0,-435.3008460228659,0.5150328874588013,0.5150328874588013,0.0,1.0,0.5644968042144244,0.5645016491066976,0.9998904381708568,0.9498904347419739,0.9998904291081506,0.9999962440118807,0.999996241440969,0.9999957914421891,0.9999957886178861,0.320635799093373,1.2557960772275854,,998.5455255171597,False,False,False,,[]
397,397,398,True,1.0,1.0,397.0,398.0,397.0,398.0,398.0,0.0,0.0,0.0,83.40462000000002,0.5150328874588013,0.5150328874588013,0.0,1.0,0.5645016491066976,0.5645016491066976,0.9998904291081506,0.9498904347419739,0.9998904291081506,0.999996241440969,0.999996241440969,0.9999957886178861,0.9999957886178861,-0.0,0.0,,1000.0,False,False,False,,[]
398,398,399,True,1.0,1.0,398.0,399.0,398.0,399.0,399.0,0.0,0.0,0.0,83.40462000000002,0.5150328874588013,0.5150328874588013,0.0,1.0,0.5645016491066976,0.5645016491066976,0.9998904291081506,0.9498904347419739,0.9998904291081506,0.999996241440969,0.999996241440969,0.9999957886178861,0.9999957886178861,-0.0,0.0,,1000.0,False,False,False,,[]
399,399,400,True,1.0,1.0,399.0,400.0,399.0,400.0,400.0,0.0,0.0,0.0,83.40462000000002,0.5150328874588013,0.5150328874588013,0.0,1.0,0.5645016491066976,0.5645016491066976,0.9998904291081506,0.9498904347419739,0.9998904291081506,0.999996241440969,0.999996241440969,0.9999957886178861,0.9999957886178861,-0.0,0.0,,1000.0,False,False,False,,[]
400,400,401,True,1.0,1.0,400.0,401.0,400.0,401.0,401.0,0.0,0.0,0.0,83.40462000000002,0.5150328874588013,0.5150328874588013,0.0,1.0,0.5645016491066976,0.5645016491066976,0.9998904291081506,0.9498904347419739,0.9998904291081506,0.999996241440969,0.999996241440969,0.9999957886178861,0.9999957886178861,-0.0,0.0,,1000.0,False,False,False,,[]
401,401,402,True,1.0,1.0,401.0,402.0,401.0,402.0,402.0,0.0,0.0,0.0,83.40462000000002,0.5150328874588013,0.5150328874588013,0.0,1.0,0.5645016491066976,0.5645016491066976,0.9998904291081506,0.9498904347419739,0.9998904291081506,0.999996241440969,0.999996241440969,0.9999957886178861,0.9999957886178861,-0.0,0.0,,1000.0,False,False,False,,[]
402,402,403,True,1.0,1.0,402.0,403.0,402.0,403.0,403.0,0.0,0.0,4.184294400000001,725.7286795200001,0.5150328874588013,0.5150328874588013,0.0,1.0,0.5645016491066976,0.5644631968405602,0.9998904291081506,0.9498904347419739,0.9998903547764592,0.999996241440969,0.9999962361342511,0.9999957886178861,0.9999957827881336,-2.544547050138203,-9.966827382814268,,946.0541874445222,False,False,False,,[]
403,403,404,True,1.0,1.0,403.0,404.0,403.0,404.0,404.0,0.0,4.184294400000001,9.495129600000002,898.8072989048137,0.5150328874588013,0.5150328874588013,0.0,1.0,0.5644631968405602,0.5643074481209505,0.9998903547764592,0.9498903155326843,0.999890024865926,0.9999962361342511,0.9999962146478402,0.9999957827881336,0.9999957591840037,-10.302636279548922,-40.37006812286251,,810.48422042581,False,False,False,,[]
404,404,405,True,1.0,1.0,404.0,405.0,404.0,405.0,405.0,0.0,9.495129600000002,14.8059648,899.4098707675385,0.5150330066680908,0.5150330066680908,0.0,1.0,0.5643074481209505,0.5640856542971643,0.999890024865926,0.9498900175094604,0.9998895687636682,0.9999962146478402,0.9999962015125419,0.9999957591840037,0.9999957172238598,-14.667532767203953,-57.488959125368325,,756.14395787347,False,False,False,,[]
405,405,406,True,1.0,1.0,405.0,406.0,405.0,406.0,406.0,0.0,14.8059648,20.1168,900.4803219589674,0.5150331258773804,0.5150331258773804,0.0,1.0,0.5640856542971643,0.5638439905664153,0.9998895687636682,0.9498895406723022,0.9998890766914251,0.9999962015125419,0.9999961861767815,0.9999957172238598,0.9999956948793081,-15.979176592840444,-62.639239010135014,,752.6995944587611,False,False,False,,[]
406,406,407,True,1.0,1.0,406.0,407.0,406.0,407.0,407.0,0.0,20.1168,25.427635200000005,902.0186524791005,0.5150333046913147,0.5150333046913147,0.0,1.0,0.5638439905664153,0.5635448662002951,0.9998890766914251,0.949889063835144,0.999888486425842,0.9999961861767815,0.9999961715251973,0.9999956948793081,0.9999956748210652,-19.77315018471791,-77.5330356983494,,717.946857850649,False,False,False,,[]
407,407,408,True,1.0,1.0,407.0,408.0,407.0,408.0,408.0,0.0,25.427635200000005,30.738470400000004,904.024862327937,0.515033483505249,0.515033483505249,0.0,1.0,0.5635448662002951,0.5631677106386751,0.999888486425842,0.9498884677886963,0.999887778321162,0.9999961715251973,0.9999961497946915,0.9999956748210652,0.9999956471620872,-24.92228952123224,-97.75872157191195,,667.8440698200452,False,False,False,,[]
408,408,409,True,1.0,1.0,408.0,409.0,408.0,409.0,409.0,0.0,30.738470400000004,36.0493056,906.4989515054768,0.5150336623191833,0.5150336623191833,0.0,1.0,0.5631677106386751,0.5627210737292269,0.999887778321162,0.949887752532959,0.9998869824126125,0.9999961497946915,0.9999961280166509,0.9999956471620872,0.9999956126707491,-29.502840575237553,-115.76828692897281,,631.9126731779434,False,False,False,,[]
409,409,410,True,1.0,1.0,409.0,410.0,409.0,410.0,410.0,0.0,36.0493056,40.2336,736.5075193717228,0.5150339007377625,0.5150339007377625,0.0,1.0,0.5627210737292269,0.562318408361253,0.9998869824126125,0.9498869776725769,0.9998862400827601,0.9999961280166509,0.9999961090374587,0.9999956126707491,0.9999955906586724,-26.597410691132755,-104.37086337881577,,658.8094321242098,False,False,False,,[]
410,410,411,True,1.0,1.0,410.0,411.0,410.0,411.0,411.0,0.0,40.2336,41.19920640000001,245.059538396401,0.5150341391563416,0.5150341391563416,0.0,1.0,0.562318408361253,0.5621604959185643,0.9998862400827601,0.9498862028121948,0.9998859058878489,0.9999961090374587,0.9999960985743175,0.9999955906586724,0.9999955736255205,-10.437157852515972,-40.930905144921695,,820.460158287885,False,False,False,,[]
411,411,412,True,1.0,1.0,411.0,412.0,411.0,412.0,412.0,0.0,41.19920640000001,44.25696000000001,566.8737635842901,0.5150341987609863,0.5150341987609863,0.0,1.0,0.5621604959185643,0.5618122791738684,0.9998859058878489,0.949885904788971,0.9998852392500356,0.9999960985743175,0.9999960813207314,0.9999955736255205,0.9999955546459621,-23.000535738006768,-90.25778022516401,,689.1258902200053,False,False,False,,[]
412,412,413,True,1.0,1.0,412.0,413.0,412.0,413.0,413.0,0.0,44.25696000000001,46.670976,470.2220028244431,0.5150344371795654,0.5150344371795654,0.0,1.0,0.5618122791738684,0.5615013651505145,0.9998852392500356,0.9498852491378784,0.999884629980649,0.9999960813207314,0.9999960648111478,0.9999955546459621,0.9999955358184558,-20.536558512666527,-80.58891485332758,,710.6421242318412,False,False,False,,[]
413,413,414,True,1.0,1.0,413.0,414.0,413.0,414.0,414.0,0.0,46.670976,48.28032,348.51875005032457,0.5150346159934998,0.5150346159934998,0.0,1.0,0.5615013651505145,0.5612612431066276,0.999884629980649,0.9498845934867859,0.9998841406638974,0.9999960648111478,0.9999960515048834,0.9999955358184558,0.9999955223508454,-15.862534689176405,-62.239633775477394,,759.9779824434147,False,False,False,,[]
414,414,415,True,1.0,1.0,414.0,415.0,414.0,415.0,415.0,0.0,48.28032,48.441254400000005,127.44324807801569,0.5150347948074341,0.5150347948074341,0.0,1.0,0.5612612431066276,0.5611586847948179,0.9998841406638974,0.9498841166496277,0.9998839295782072,0.9999960515048834,0.9999960425159223,0.9999955223508454,0.9999955106980587,-6.777512138542877,-26.583114421085032,,873.8901158432,False,False,False,,[]
415,415,416,True,1.0,1.0,415.0,416.0,415.0,416.0,416.0,0.0,48.441254400000005,48.28032,78.16281223569821,0.5150347948074341,0.5150347948074341,0.0,1.0,0.5611586847948179,0.5610926127270378,0.9998839295782072,0.9498839378356934,0.9998837983568818,0.9999960425159223,0.9999960361016699,0.9999955106980587,0.9999955023333622,-4.366808845294227,-17.12587996858551,,914.0992177619138,False,False,False,,[]
416,416,417,True,1.0,1.0,416.0,417.0,416.0,417.0,417.0,0.0,48.28032,47.797516800000004,28.624161998016007,0.5150348544120789,0.5150348544120789,0.0,1.0,0.5610926127270378,0.5610676362444016,0.9998837983568818,0.949883759021759,0.9998837507074108,0.9999960361016699,0.9999960333889772,0.9999955023333622,0.9999954991009034,-1.6509638311135335,-6.473904299308368,,965.5430688501457,False,False,False,,[]
417,417,418,True,1.0,1.0,417.0,418.0,417.0,418.0,418.0,0.0,47.797516800000004,47.1537792,3.5346467325108306,0.5150348544120789,0.5150348544120789,0.0,1.0,0.5610676362444016,0.5610648915307874,0.9998837507074108,0.949883759021759,0.9998837455837716,0.9999960333889772,0.9999960332692805,0.9999954991009034,0.9999954987064243,-0.181445009561931,-0.7114297687986627,,996.2429156822426,False,False,False,,[]
418,418,419,True,1.0,1.0,418.0,419.0,418.0,419.0,419.0,0.0,47.1537792,46.349107200000006,-21.677101470564736,0.5150348544120789,0.5150348544120789,0.0,1.0,0.5610648915307874,0.5610742070407476,0.9998837455837716,0.949883759021759,0.99988372808209,0.9999960332692805,0.9999960312551986,0.9999954987064243,0.9999954963240871,0.6158660205938258,2.4145801816689896,,1003.1789966824128,False,False,False,,[]
419,419,420,True,1.0,1.0,419.0,420.0,419.0,420.0,420.0,0.0,46.349107200000006,45.061632,-96.41546995613278,0.5150349140167236,0.5150349140167236,0.0,1.0,0.5610742070407476,0.5611171429106249,0.99988372808209,0.9498836994171143,0.9998836447183426,0.9999960312551986,0.999996024112649,0.9999954963240871,0.999995487124828,2.838994877636119,11.128977472173846,,1018.5972287045289,False,False,False,,[]
420,420,421,True,1.0,1.0,420.0,421.0,420.0,421.0,421.0,0.0,45.061632,40.2336,-640.8965883316839,0.5150349140167236,0.5150349140167236,0.0,1.0,0.5611171429106249,0.5614373916246346,0.9998836447183426,0.9498836398124695,0.9998830206939945,0.999996024112649,0.9999960073700488,0.999995487124828,0.9999954657073459,21.195093253215195,83.00846667132815,,1281.53570526126,False,False,False,,[]
421,421,422,True,1.0,1.0,421.0,422.0,421.0,422.0,422.0,0.0,40.2336,34.9227648,-718.4265508836,0.515035092830658,0.515035092830658,0.0,1.0,0.5614373916246346,0.5617511221811218,0.9998830206939945,0.949882984161377,0.9998824069452062,0.9999960073700488,0.9999959881103938,0.9999954657073459,0.9999954445528013,20.766871033931725,81.31896024148165,,1268.9412933645783,False,False,False,,[]
422,422,423,True,1.0,1.0,422.0,423.0,422.0,423.0,423.0,0.0,34.9227648,29.6119296,-721.7371515882177,0.5150352716445923,0.5150352716445923,0.0,1.0,0.5617511221811218,0.5620135291045779,0.9998824069452062,0.9498823881149292,0.9998818783957787,0.9999959881103938,0.9999959681766454,0.9999954445528013,0.9999954198848116,17.369654466261654,68.01587455983292,,1197.5334296295803,False,False,False,,[]
423,423,424,True,1.0,1.0,423.0,424.0,423.0,424.0,424.0,0.0,29.6119296,24.3010944,-724.5798729641313,0.5150354504585266,0.5150354504585266,0.0,1.0,0.5620135291045779,0.5622394488613905,0.9998818783957787,0.9498818516731262,0.9998814147440213,0.9999959681766454,0.9999959531113526,0.9999954198848116,0.9999954045797466,14.954791427893031,58.55840096582337,,1175.342568118908,False,False,False,,[]
424,424,425,True,1.0,1.0,424.0,425.0,424.0,425.0,425.0,0.0,24.3010944,18.990259200000004,-726.9547150113403,0.5150355696678162,0.5150355696678162,0.0,1.0,0.5622394488613905,0.5624223078468278,0.9998814147440213,0.949881374835968,0.9998810318616299,0.9999959531113526,0.9999959418874425,0.9999954045797466,0.9999953922497307,12.104174468747368,47.39704902532129,,1137.6781980150317,False,False,False,,[]
425,425,426,True,1.0,1.0,425.0,426.0,425.0,426.0,426.0,0.0,18.990259200000004,13.679424000000001,-728.8616777298467,0.5150356888771057,0.5150356888771057,0.0,1.0,0.5624223078468278,0.562550424404522,0.9998810318616299,0.9498810172080994,0.9998807614958196,0.9999959418874425,0.9999959333951333,0.9999953922497307,0.9999953700953308,8.479912334980229,33.20781175433247,,1075.7699960107243,False,False,False,,[]
426,426,427,True,1.0,1.0,426.0,427.0,426.0,427.0,427.0,0.0,13.679424000000001,8.368588800000001,-730.3007611196481,0.5150357484817505,0.5150357484817505,0.0,1.0,0.562550424404522,0.5626243337214617,0.9998807614958196,0.9498807787895203,0.999880613579731,0.9999959333951333,0.9999959276525537,0.9999953700953308,0.9999953391836772,4.891497475298091,19.15729495079272,,1022.9796784179186,False,False,False,,[]
427,427,428,True,1.0,1.0,427.0,428.0,427.0,428.0,428.0,0.0,8.368588800000001,3.0577536,-731.2719651807461,0.5150358080863953,0.5150358080863953,0.0,1.0,0.5626243337214617,0.5626518532880412,0.999880613579731,0.9498805999755859,0.9998805609478562,0.9999959276525537,0.9999959130503603,0.9999953391836772,0.9999953231424668,1.821128021134531,7.133071657420025,,991.6827322989942,False,False,False,,[]
428,428,429,True,1.0,1.0,428.0,429.0,428.0,429.0,429.0,0.0,3.0577536,0.0,-385.90848863313954,0.51503586769104,0.51503586769104,0.0,1.0,0.5626518532880412,0.5626557398367125,0.9998805609478562,0.9498805403709412,0.9998805536846106,0.9999959130503603,0.9999959109882172,0.9999953231424668,0.9999953208771041,0.2571823358539128,1.0073934155921125,,998.8340792749273,False,False,False,,[]
429,429,430,True,1.0,1.0,429.0,430.0,429.0,430.0,430.0,0.0,0.0,0.0,83.40462000000002,0.51503586769104,0.51503586769104,0.0,1.0,0.5626557398367125,0.5626557398367125,0.9998805536846106,0.9498805403709412,0.9998805536846106,0.9999959109882172,0.9999959109882172,0.9999953208771041,0.9999953208771041,-0.0,0.0,,1000.0,False,False,False,,[]
430,430,431,True,1.0,1.0,430.0,431.0,430.0,431.0,431.0,0.0,0.0,0.0,83.40462000000002,0.51503586769104,0.51503586769104,0.0,1.0,0.5626557398367125,0.5626557398367125,0.9998805536846106,0.9498805403709412,0.9998805536846106,0.9999959109882172,0.9999959109882172,0.9999953208771041,0.9999953208771041,-0.0,0.0,,1000.0,False,False,False,,[]
431,431,432,True,1.0,1.0,431.0,432.0,431.0,432.0,432.0,0.0,0.0,0.0,83.40462000000002,0.51503586769104,0.51503586769104,0.0,1.0,0.5626557398367125,0.5626557398367125,0.9998805536846106,0.9498805403709412,0.9998805536846106,0.9999959109882172,0.9999959109882172,0.9999953208771041,0.9999953208771041,-0.0,0.0,,1000.0,False,False,False,,[]
432,432,433,True,1.0,1.0,432.0,433.0,432.0,433.0,433.0,0.0,0.0,0.0,83.40462000000002,0.51503586769104,0.51503586769104,0.0,1.0,0.5626557398367125,0.5626557398367125,0.9998805536846106,0.9498805403709412,0.9998805536846106,0.9999959109882172,0.9999959109882172,0.9999953208771041,0.9999953208771041,-0.0,0.0,,1000.0,False,False,False,,[]
433,433,434,True,1.0,1.0,433.0,434.0,433.0,434.0,434.0,0.0,0.0,0.0,83.40462000000002,0.51503586769104,0.51503586769104,0.0,1.0,0.5626557398367125,0.5626557398367125,0.9998805536846106,0.9498805403709412,0.9998805536846106,0.9999959109882172,0.9999959109882172,0.9999953208771041,0.9999953208771041,-0.0,0.0,,1000.0,False,False,False,,[]
434,434,435,True,1.0,1.0,434.0,435.0,434.0,435.0,435.0,0.0,0.0,0.0,83.40462000000002,0.51503586769104,0.51503586769104,0.0,1.0,0.5626557398367125,0.5626557398367125,0.9998805536846106,0.9498805403709412,0.9998805536846106,0.9999959109882172,0.9999959109882172,0.9999953208771041,0.9999953208771041,-0.0,0.0,,1000.0,False,False,False,,[]
435,435,436,True,1.0,1.0,435.0,436.0,435.0,436.0,436.0,0.0,0.0,0.0,83.40462000000002,0.51503586769104,0.51503586769104,0.0,1.0,0.5626557398367125,0.5626557398367125,0.9998805536846106,0.9498805403709412,0.9998805536846106,0.9999959109882172,0.9999959109882172,0.9999953208771041,0.9999953208771041,-0.0,0.0,,1000.0,False,False,False,,[]
436,436,437,True,1.0,1.0,436.0,437.0,436.0,437.0,437.0,0.0,0.0,0.0,83.40462000000002,0.51503586769104,0.51503586769104,0.0,1.0,0.5626557398367125,0.5626557398367125,0.9998805536846106,0.9498805403709412,0.9998805536846106,0.9999959109882172,0.9999959109882172,0.9999953208771041,0.9999953208771041,-0.0,0.0,,1000.0,False,False,False,,[]
437,437,438,True,1.0,1.0,437.0,438.0,437.0,438.0,438.0,0.0,0.0,0.0,83.40462000000002,0.51503586769104,0.51503586769104,0.0,1.0,0.5626557398367125,0.5626557398367125,0.9998805536846106,0.9498805403709412,0.9998805536846106,0.9999959109882172,0.9999959109882172,0.9999953208771041,0.9999953208771041,-0.0,0.0,,1000.0,False,False,False,,[]
438,438,439,True,1.0,1.0,438.0,439.0,438.0,439.0,439.0,0.0,0.0,0.0,83.40462000000002,0.51503586769104,0.51503586769104,0.0,1.0,0.5626557398367125,0.5626557398367125,0.9998805536846106,0.9498805403709412,0.9998805536846106,0.9999959109882172,0.9999959109882172,0.9999953208771041,0.9999953208771041,-0.0,0.0,,1000.0,False,False,False,,[]
439,439,440,True,1.0,1.0,439.0,440.0,439.0,440.0,440.0,0.0,0.0,0.0,83.40462000000002,0.51503586769104,0.51503586769104,0.0,1.0,0.5626557398367125,0.5626557398367125,0.9998805536846106,0.9498805403709412,0.9998805536846106,0.9999959109882172,0.9999959109882172,0.9999953208771041,0.9999953208771041,-0.0,0.0,,1000.0,False,False,False,,[]
440,440,441,True,1.0,1.0,440.0,441.0,440.0,441.0,441.0,0.0,0.0,0.0,83.40462000000002,0.51503586769104,0.51503586769104,0.0,1.0,0.5626557398367125,0.5626557398367125,0.9998805536846106,0.9498805403709412,0.9998805536846106,0.9999959109882172,0.9999959109882172,0.9999953208771041,0.9999953208771041,-0.0,0.0,,1000.0,False,False,False,,[]
441,441,442,True,1.0,1.0,441.0,442.0,441.0,442.0,442.0,0.0,0.0,0.0,83.40462000000002,0.51503586769104,0.51503586769104,0.0,1.0,0.5626557398367125,0.5626557398367125,0.9998805536846106,0.9498805403709412,0.9998805536846106,0.9999959109882172,0.9999959109882172,0.9999953208771041,0.9999953208771041,-0.0,0.0,,1000.0,False,False,False,,[]
442,442,443,True,1.0,1.0,442.0,443.0,442.0,443.0,443.0,0.0,0.0,0.0,83.40462000000002,0.51503586769104,0.51503586769104,0.0,1.0,0.5626557398367125,0.5626557398367125,0.9998805536846106,0.9498805403709412,0.9998805536846106,0.9999959109882172,0.9999959109882172,0.9999953208771041,0.9999953208771041,-0.0,0.0,,1000.0,False,False,False,,[]
443,443,444,True,1.0,1.0,443.0,444.0,443.0,444.0,444.0,0.0,0.0,0.0,83.40462000000002,0.51503586769104,0.51503586769104,0.0,1.0,0.5626557398367125,0.5626557398367125,0.9998805536846106,0.9498805403709412,0.9998805536846106,0.9999959109882172,0.9999959109882172,0.9999953208771041,0.9999953208771041,-0.0,0.0,,1000.0,False,False,False,,[]
444,444,445,True,1.0,1.0,444.0,445.0,444.0,445.0,445.0,0.0,0.0,0.0,83.40462000000002,0.51503586769104,0.51503586769104,0.0,1.0,0.5626557398367125,0.5626557398367125,0.9998805536846106,0.9498805403709412,0.9998805536846106,0.9999959109882172,0.9999959109882172,0.9999953208771041,0.9999953208771041,-0.0,0.0,,1000.0,False,False,False,,[]
445,445,446,True,1.0,1.0,445.0,446.0,445.0,446.0,446.0,0.0,0.0,0.0,83.40462000000002,0.51503586769104,0.51503586769104,0.0,1.0,0.5626557398367125,0.5626557398367125,0.9998805536846106,0.9498805403709412,0.9998805536846106,0.9999959109882172,0.9999959109882172,0.9999953208771041,0.9999953208771041,-0.0,0.0,,1000.0,False,False,False,,[]
446,446,447,True,1.0,1.0,446.0,447.0,446.0,447.0,447.0,0.0,0.0,0.0,83.40462000000002,0.51503586769104,0.51503586769104,0.0,1.0,0.5626557398367125,0.5626557398367125,0.9998805536846106,0.9498805403709412,0.9998805536846106,0.9999959109882172,0.9999959109882172,0.9999953208771041,0.9999953208771041,-0.0,0.0,,1000.0,False,False,False,,[]
447,447,448,True,1.0,1.0,447.0,448.0,447.0,448.0,448.0,0.0,0.0,5.3108352,898.6620801600001,0.51503586769104,0.51503586769104,0.0,1.0,0.5626557398367125,0.5625953011938948,0.9998805536846106,0.9498805403709412,0.9998804343111376,0.9999959109882172,0.9999959026477335,0.9999953208771041,0.9999953117146847,-3.9992007777936567,-15.665696218338011,,917.5331372142808,False,False,False,,[]
448,448,449,True,1.0,1.0,448.0,449.0,448.0,449.0,449.0,0.0,5.3108352,10.6216704,898.8960198243519,0.51503586769104,0.51503586769104,0.0,1.0,0.5625953011938948,0.5624138654279857,0.9998804343111376,0.9498804211616516,0.9998800541704677,0.9999959026477335,0.9999958776197692,0.9999953117146847,0.9999952842202711,-12.000725548574824,-47.028150523645664,,786.180697523229,False,False,False,,[]
449,449,450,True,1.0,1.0,449.0,450.0,449.0,450.0,450.0,0.0,10.6216704,15.932505600000002,899.5978388174084,0.5150359869003296,0.5150359869003296,0.0,1.0,0.5624138654279857,0.562178279890073,0.9998800541704677,0.949880063533783,0.9998795729968237,0.9999958776197692,0.9999958687191741,0.9999952842202711,0.9999952383604822,-15.578601103758094,-61.06377142697375,,747.1254611990973,False,False,False,,[]
450,450,451,True,1.0,1.0,450.0,451.0,450.0,451.0,451.0,0.0,15.932505600000002,21.2433408,900.7675371391676,0.5150361061096191,0.5150361061096191,0.0,1.0,0.562178279890073,0.5619216305775396,0.9998795729968237,0.9498795866966248,0.9998790544592681,0.9999958687191741,0.9999958511757991,0.9999952383604822,0.9999952164799182,-16.968800920637776,-66.52350180863942,,741.8799346927726,False,False,False,,[]
451,451,452,True,1.0,1.0,451.0,452.0,451.0,452.0,452.0,0.0,21.2433408,26.554176000000002,902.4051147896324,0.5150362849235535,0.5150362849235535,0.0,1.0,0.5619216305775396,0.5616117794347345,0.9998790544592681,0.9498790502548218,0.9998784468863984,0.9999958511757991,0.9999958357927246,0.9999952164799182,0.9999951995809047,-20.480875420020595,-80.3134162150939,,712.8139988472491,False,False,False,,[]
452,452,453,True,1.0,1.0,452.0,453.0,452.0,453.0,453.0,0.0,26.554176000000002,31.865011200000005,904.5105717688,0.5150364637374878,0.5150364637374878,0.0,1.0,0.5616117794347345,0.5612276100305313,0.9998784468863984,0.949878454208374,0.999877729149559,0.9999958357927246,0.9999958131782336,0.9999951995809047,0.9999951788783724,-25.38427988101482,-99.57670956945395,,666.9956683566865,False,False,False,,[]
453,453,454,True,1.0,1.0,453.0,454.0,453.0,454.0,454.0,0.0,31.865011200000005,37.175846400000005,907.083908076672,0.5150367021560669,0.5150367021560669,0.0,1.0,0.5612276100305313,0.5607798606059032,0.999877729149559,0.9498777389526367,0.9998769319777506,0.9999958131782336,0.9999957929891783,0.9999951788783724,0.9999951543421478,-29.57508125846105,-116.05665086360861,,636.054675828736,False,False,False,,[]
454,454,455,True,1.0,1.0,454.0,455.0,454.0,455.0,455.0,0.0,37.175846400000005,42.4866816,910.1251237132469,0.515036940574646,0.515036940574646,0.0,1.0,0.5607798606059032,0.5602663803390595,0.9998769319777506,0.9498769044876099,0.9998760687133356,0.9999957929891783,0.9999957742023955,0.9999951543421478,0.999995125936214,-33.90395357432628,-133.09408516588041,,607.1647535736696,False,False,False,,[]
455,455,456,True,1.0,1.0,455.0,456.0,455.0,456.0,456.0,0.0,42.4866816,44.739763200000006,444.24355979852896,0.5150371789932251,0.5150371789932251,0.0,1.0,0.5602663803390595,0.5599846557105957,0.9998760687133356,0.949876070022583,0.999875507226089,0.9999957742023955,0.9999957576619316,0.999995125936214,0.9999951107544238,-18.611621321464213,-73.02302369780023,,730.1425287626425,False,False,False,,[]
456,456,457,True,1.0,1.0,456.0,457.0,456.0,457.0,457.0,0.0,44.739763200000006,46.831910400000005,421.16884720699653,0.5150373578071594,0.5150373578071594,0.0,1.0,0.5599846557105957,0.559703151807622,0.999875507226089,0.9498754739761353,0.9998749461093996,0.9999957576619316,0.9999957414215223,0.9999951107544238,0.9999950942929302,-18.595371453124972,-72.96581165080754,,729.7578979604223,False,False,False,,[]
457,457,458,True,1.0,1.0,457.0,458.0,457.0,458.0,458.0,0.0,46.831910400000005,50.69433600000001,694.5103621154374,0.5150375366210938,0.5150375366210938,0.0,1.0,0.559703151807622,0.5592186293913594,0.9998749461093996,0.9498749375343323,0.999874109854194,0.9999957414215223,0.9999957244998343,0.9999950942929302,0.9999950624484008,-31.98291211969563,-125.5882102952589,,618.4620237181966,False,False,False,,[]
458,458,459,True,1.0,1.0,458.0,459.0,458.0,459.0,459.0,0.0,50.69433600000001,53.108352000000004,475.2917696552127,0.5150377750396729,0.5150377750396729,0.0,1.0,0.5592186293913594,0.5588634157207036,0.999874109854194,0.9498741030693054,0.9998734329402476,0.9999957244998343,0.9999957100089422,0.9999950624484008,0.9999950392529254,-23.452866217367884,-92.07138343397548,,684.6541596523964,False,False,False,,[]
459,459,460,True,1.0,1.0,459.0,460.0,459.0,460.0,460.0,0.0,53.108352000000004,54.07395840000001,255.02721555520037,0.5150379538536072,0.5150379538536072,0.0,1.0,0.5588634157207036,0.558660027243934,0.9998734329402476,0.9498734474182129,0.9998730110132059,0.9999957100089422,0.9999956988706108,0.9999950392529254,0.9999950235119753,-13.433573499628272,-52.71829317867437,,785.8790347900772,False,False,False,,[]
460,460,461,True,1.0,1.0,460.0,461.0,460.0,461.0,461.0,0.0,54.07395840000001,56.0051712,404.11426790637336,0.5150381326675415,0.5150381326675415,0.0,1.0,0.558660027243934,0.5583363765330629,0.9998730110132059,0.9498729705810547,0.9998723816766175,0.9999956988706108,0.9999956828465656,0.9999950235119753,0.9999950025976801,-21.367690936781596,-83.89026425781536,,702.4826459787163,False,False,False,,[]
461,461,462,True,1.0,1.0,461.0,462.0,461.0,462.0,462.0,0.0,56.0051712,56.487974400000006,183.53457194446736,0.5150383114814758,0.5150383114814758,0.0,1.0,0.5583363765330629,0.5581793560470529,0.9998723816766175,0.9498723745346069,0.9998720492467048,0.9999956828465656,0.9999956711477125,0.9999950025976801,0.9999949913722324,-10.371085784677842,-40.69970997379312,,824.2747066722617,False,False,False,,[]
462,462,463,True,1.0,1.0,462.0,463.0,462.0,463.0,463.0,0.0,56.487974400000006,57.29264640000001,233.39459384226848,0.5150383710861206,0.5150383710861206,0.0,1.0,0.5581793560470529,0.5579783901438607,0.9998720492467048,0.9498720169067383,0.9998716318772312,0.9999956711477125,0.9999956590643361,0.9999949913722324,0.9999949744618636,-13.271525812209962,-52.09036210740325,,786.3510866901777,False,False,False,,[]
463,463,464,True,1.0,1.0,463.0,464.0,463.0,464.0,464.0,0.0,57.29264640000001,58.097318400000006,234.15398476374068,0.5150384902954102,0.5150384902954102,0.0,1.0,0.5579783901438607,0.5577777516742981,0.9998716318772312,0.9498715996742249,0.9998712151247954,0.9999956590643361,0.999995646934911,0.9999949744618636,0.9999949605614776,-13.249391266183181,-52.005491310627725,,788.4299332062291,False,False,False,,[]
464,464,465,True,1.0,1.0,464.0,465.0,464.0,465.0,465.0,0.0,58.097318400000006,57.936384000000004,86.69548759663594,0.5150386691093445,0.5150386691093445,0.0,1.0,0.5577777516742981,0.5576945073956191,0.9998712151247954,0.9498711824417114,0.9998710469981155,0.999995646934911,0.9999956386431054,0.9999949605614776,0.9999949525197059,-5.49895516406945,-21.576917033612627,,895.7438982664801,False,False,False,,[]
465,465,466,True,1.0,1.0,465.0,466.0,465.0,466.0,466.0,0.0,57.936384000000004,58.097318400000006,135.95014496354273,0.5150386691093445,0.5150386691093445,0.0,1.0,0.5576945073956191,0.5575699696615741,0.9998710469981155,0.9498710632324219,0.9998707851032501,0.9999956386431054,0.999995627842206,0.9999949525197059,0.9999949421458343,-8.225755377937961,-32.280180664459536,,853.313679082591,False,False,False,,[]
466,466,467,True,1.0,1.0,466.0,467.0,466.0,467.0,467.0,0.0,58.097318400000006,58.25825280000001,136.10503063663728,0.515038788318634,0.515038788318634,0.0,1.0,0.5575699696615741,0.557442937383016,0.9998707851032501,0.949870765209198,0.9998705173098095,0.999995627842206,0.999995617005956,0.9999949421458343,0.9999949300458727,-8.390411095229664,-32.926766602271634,,849.7997369703714,False,False,False,,[]
467,467,468,True,1.0,1.0,467.0,468.0,467.0,468.0,468.0,0.0,58.25825280000001,57.936384000000004,62.1460313909837,0.5150388479232788,0.5150388479232788,0.0,1.0,0.557442937383016,0.5573817123762614,0.9998705173098095,0.9498705267906189,0.9998703962901131,0.999995617005956,0.9999956105515416,0.9999949300458727,0.9999949237629707,-4.044691694126778,-15.86952175076722,,920.7558030560853,False,False,False,,[]
468,468,469,True,1.0,1.0,468.0,469.0,468.0,469.0,469.0,0.0,57.936384000000004,57.45358080000001,37.13105888354403,0.5150388479232788,0.5150388479232788,0.0,1.0,0.5573817123762614,0.5573442521110754,0.9998703962901131,0.9498704075813293,0.9998703239462883,0.9999956105515416,0.9999956066445317,0.9999949237629707,0.9999949193159376,-2.474968081486627,-9.709700736205804,,949.6237057693884,False,False,False,,[]
469,469,470,True,1.0,1.0,469.0,470.0,469.0,470.0,470.0,0.0,57.45358080000001,57.936384000000004,184.8976088318055,0.5150389075279236,0.5150389075279236,0.0,1.0,0.5573442521110754,0.5571812329642312,0.9998703239462883,0.9498702883720398,0.999869979677826,0.9999956066445317,0.9999955947611678,0.9999949193159376,0.9999949067836604,-10.766616518347677,-42.25456286202838,,818.4232748296639,False,False,False,,[]
470,470,471,True,1.0,1.0,470.0,471.0,470.0,471.0,471.0,0.0,57.936384000000004,57.936384000000004,111.24537344354306,0.5150390267372131,0.5150390267372131,0.0,1.0,0.5571812329642312,0.557077068755208,0.999869979677826,0.9498699903488159,0.9998697649498031,0.9999955947611678,0.9999955850328456,0.9999949067836604,0.999994897389969,-6.8806548581230995,-26.99936297880589,,873.5462907052051,False,False,False,,[]
471,471,472,True,1.0,1.0,471.0,472.0,471.0,472.0,472.0,0.0,57.936384000000004,57.29264640000001,12.42628736354337,0.5150390863418579,0.5150390863418579,0.0,1.0,0.557077068755208,0.5570653532267205,0.9998697649498031,0.9498697519302368,0.9998697428873047,0.9999955850328456,0.9999955845221737,0.999994897389969,0.9999948957069985,-0.7741069292230286,-3.0366649839755433,,984.1401671735188,False,False,False,,[]
472,472,473,True,1.0,1.0,472.0,473.0,472.0,473.0,473.0,0.0,57.29264640000001,57.13171200000001,85.92535564374165,0.5150390863418579,0.5150390863418579,0.0,1.0,0.5570653532267205,0.5569838992950539,0.9998697428873047,0.9498697519302368,0.9998695786644285,0.9999955845221737,0.9999955763965469,0.9999948957069985,0.9999948877948497,-5.381137303405679,-21.112859087982233,,897.7353768200054,False,False,False,,[]
473,473,474,True,1.0,1.0,473.0,474.0,473.0,474.0,474.0,0.0,57.13171200000001,56.9707776,85.77261817693135,0.5150391459465027,0.5150391459465027,0.0,1.0,0.5569838992950539,0.5569028078917309,0.9998695786644285,0.9498695731163025,0.9998694152304338,0.9999955763965469,0.9999955683039435,0.9999948877948497,0.9999948799148141,-5.357254379145768,-21.018891741323753,,898.1438083455704,False,False,False,,[]
474,474,475,True,1.0,1.0,474.0,475.0,474.0,475.0,475.0,0.0,56.9707776,56.64890880000001,60.915538831383124,0.5150392055511475,0.5150392055511475,0.0,1.0,0.5569028078917309,0.5568439330381706,0.9998694152304338,0.9498693943023682,0.9998692991233867,0.9999955683039435,0.9999955620933917,0.9999948799148141,0.9999948737739932,-3.8898474407538584,-15.260362042814604,,923.5000870379195,False,False,False,,[]
475,475,476,True,1.0,1.0,475.0,476.0,475.0,476.0,476.0,0.0,56.64890880000001,56.64890880000001,110.02175514404908,0.5150392055511475,0.5150392055511475,0.0,1.0,0.5568439330381706,0.5567417978619474,0.9998692991233867,0.9498692750930786,0.9998690889955931,0.9999955620933917,0.9999955526426569,0.9999948737739932,0.9999948636031297,-6.747264015215636,-26.473437677027285,,875.0670654971022,False,False,False,,[]
476,476,477,True,1.0,1.0,476.0,477.0,476.0,477.0,477.0,0.0,56.64890880000001,56.64890880000001,110.02175514404908,0.5150392651557922,0.5150392651557922,0.0,1.0,0.5567417978619474,0.5566396628163645,0.9998690889955931,0.9498690962791443,0.9998688788680951,0.9999955526426569,0.9999955431919215,0.9999948636031297,0.9999948534322672,-6.747263993305535,-26.4734038151047,,875.0671884197275,False,False,False,,[]
477,477,478,True,1.0,1.0,477.0,478.0,477.0,478.0,478.0,0.0,56.64890880000001,56.64890880000001,110.02175514404908,0.515039324760437,0.515039324760437,0.0,1.0,0.5566396628163645,0.5565375278951944,0.9998688788680951,0.9498688578605652,0.9998686687408785,0.9999955431919215,0.9999955337411854,0.9999948534322672,0.9999948432614058,-6.747263971395421,-26.47337156729225,,875.0673055027394,False,False,False,,[]
478,478,479,True,1.0,1.0,478.0,479.0,478.0,479.0,479.0,0.0,56.64890880000001,56.64890880000001,110.02175514404908,0.5150393843650818,0.5150393843650818,0.0,1.0,0.5565375278951944,0.5564353930923812,0.9998686687408785,0.9498686790466309,0.9998684586139299,0.9999955337411854,0.9999955242904487,0.9999948432614058,0.9999948330905453,-6.747263949485292,-26.47334088918331,,875.0674169027299,False,False,False,,[]
479,479,480,True,1.0,1.0,479.0,480.0,479.0,480.0,480.0,0.0,56.64890880000001,56.64890880000001,110.02175514404908,0.5150394439697266,0.5150394439697266,0.0,1.0,0.5564353930923812,0.5563332584020356,0.9998684586139299,0.9498684406280518,0.9998682484872358,0.9999955242904487,0.9999955148397113,0.9999948330905453,0.9999948229196858,-6.747263927575152,-26.473311737590628,,875.0675227643897,False,False,False,,[]
480,480,481,True,1.0,1.0,480.0,481.0,480.0,481.0,481.0,0.0,56.64890880000001,56.327040000000004,60.61221210404776,0.5150395035743713,0.5150395035743713,0.0,1.0,0.5563332584020356,0.5562751021192709,0.9998682484872358,0.9498682618141174,0.999868133877875,0.9999955148397113,0.999995508689208,0.9999948229196858,0.9999948169203227,-3.842480958271109,-15.074108492624859,,924.4134098726881,False,False,False,,[]
481,481,482,True,1.0,1.0,481.0,482.0,481.0,482.0,482.0,0.0,56.327040000000004,56.487974400000006,134.42491850174466,0.5150395631790161,0.5150395631790161,0.0,1.0,0.5562751021192709,0.5561549680745861,0.999868133877875,0.9498681426048279,0.9998678823296897,0.999995508689208,0.9999954982401783,0.9999948169203227,0.9999948066610361,-7.936060251257037,-31.138744382302768,,857.6350077679032,False,False,False,,[]
482,482,483,True,1.0,1.0,482.0,483.0,482.0,483.0,483.0,0.0,56.487974400000006,56.64890880000001,134.57550776226878,0.5150396227836609,0.5150396227836609,0.0,1.0,0.5561549680745861,0.5560325247448193,0.9998678823296897,0.949867844581604,0.9998676253662513,0.9999954982401783,0.9999954877560946,0.9999948066610361,0.9999947948374414,-8.088493879579334,-31.737311075553702,,854.3741828403029,False,False,False,,[]
483,483,484,True,1.0,1.0,483.0,484.0,483.0,484.0,484.0,0.0,56.64890880000001,57.13171200000001,184.13606970404908,0.5150397419929504,0.5150397419929504,0.0,1.0,0.5560325247448193,0.5558693918902518,0.9998676253662513,0.9498676061630249,0.9998672808741028,0.9999954877560946,0.9999954759742092,0.9999947948374414,0.9999947799974458,-10.774936575622013,-42.28403590390841,,816.8573543033875,False,False,False,,[]
484,484,485,True,1.0,1.0,484.0,485.0,484.0,485.0,485.0,0.0,57.13171200000001,56.64890880000001,36.36307513693298,0.5150398015975952,0.5150398015975952,0.0,1.0,0.5558693918902518,0.5558331325832078,0.9998672808741028,0.9498672485351562,0.999867210931807,0.9999954759742092,0.9999954721757872,0.9999947799974458,0.9999947756725996,-2.395827076691264,-9.39841238580045,,951.1337851822788,False,False,False,,[]
485,485,486,True,1.0,1.0,485.0,486.0,485.0,486.0,486.0,0.0,56.64890880000001,56.327040000000004,60.61221210404776,0.51503986120224,0.51503986120224,0.0,1.0,0.5558331325832078,0.5557749768103565,0.999867210931807,0.9498671889305115,0.9998670963235082,0.9999954721757872,0.9999954660252804,0.9999947756725996,0.9999947696732401,-3.84248099171377,-15.073976323062396,,924.4139364649003,False,False,False,,[]
486,486,487,True,1.0,1.0,486.0,487.0,486.0,487.0,487.0,0.0,56.327040000000004,56.327040000000004,109.72014698174402,0.51503986120224,0.51503986120224,0.0,1.0,0.5557749768103565,0.5556748089327379,0.9998670963235082,0.9498670697212219,0.9998668906393656,0.9999954660252804,0.9999954566434324,0.9999947696732401,0.999994760485599,-6.61756661157203,-25.96351387874697,,877.7274868914499,False,False,False,,[]
487,487,488,True,1.0,1.0,487.0,488.0,487.0,488.0,488.0,0.0,56.327040000000004,56.327040000000004,109.72014698174402,0.5150399208068848,0.5150399208068848,0.0,1.0,0.5556748089327379,0.5555746411480228,0.9998668906393656,0.9498668909072876,0.9998666849554324,0.9999954566434324,0.9999954472615836,0.999994760485599,0.9999947512979586,-6.617566614995385,-25.963489798155685,,877.7275745961734,False,False,False,,[]
488,488,489,True,1.0,1.0,488.0,489.0,488.0,489.0,489.0,0.0,56.327040000000004,56.0051712,60.310603941743686,0.5150399804115295,0.5150399804115295,0.0,1.0,0.5555746411480228,0.5555170888119694,0.9998666849554324,0.9498666524887085,0.9998665716032682,0.9999954472615836,0.9999954411707617,0.9999947512979586,0.9999947453569419,-3.802698840205193,-14.917565505040528,,925.1383666752254,False,False,False,,[]
489,489,490,True,1.0,1.0,489.0,490.0,489.0,490.0,490.0,0.0,56.0051712,55.68330240000001,60.010714344467985,0.5150400400161743,0.5150400400161743,0.0,1.0,0.5555170888119694,0.5554601291516162,0.9998665716032682,0.949866533279419,0.9998664594834334,0.9999954411707617,0.9999954351392603,0.9999947453569419,0.9999947394693,-3.763617543526722,-14.763943963519326,,925.8480971056588,False,False,False,,[]
490,490,491,True,1.0,1.0,490.0,491.0,490.0,491.0,491.0,0.0,55.68330240000001,55.522368,84.41731483221442,0.5150400400161743,0.5150400400161743,0.0,1.0,0.5554601291516162,0.5553821872245771,0.9998664594834334,0.9498664736747742,0.999866302880229,0.9999954351392603,0.9999954273406728,0.9999947394693,0.9999947318243045,-5.149780238223231,-20.202547488556704,,901.6759926833137,False,False,False,,[]
491,491,492,True,1.0,1.0,491.0,492.0,491.0,492.0,492.0,0.0,55.522368,53.91302400000001,-138.07406990202256,0.5150400996208191,0.5150400996208191,0.0,1.0,0.5553821872245771,0.555461587597109,0.999866302880229,0.9498662948608398,0.9998661431188963,0.9999954273406728,0.9999954170857575,0.9999947318243045,0.9999947209415062,5.248793539547818,20.58057656024135,,1044.1536291369648,False,False,False,,[]
492,492,493,True,1.0,1.0,492.0,493.0,492.0,493.0,493.0,0.0,53.91302400000001,51.499008,-263.0587077752972,0.5150401592254639,0.5150401592254639,0.0,1.0,0.555461587597109,0.5556170193682425,0.9998661431188963,0.9498661160469055,0.9998658138367549,0.9999954170857575,0.9999954063649527,0.9999947209415062,0.9999947037304693,10.278180751326435,40.28791507780643,,1104.4497028144892,False,False,False,,[]
493,493,494,True,1.0,1.0,493.0,494.0,493.0,494.0,494.0,0.0,51.499008,48.441254400000005,-363.98840652954595,0.5150402784347534,0.5150402784347534,0.0,1.0,0.5556170193682425,0.5558251051270662,0.9998658138367549,0.9498658180236816,0.9998653831116144,0.9999954063649527,0.9999953908718284,0.9999947037304693,0.9999946881194871,13.763831694130003,53.93582868710533,,1154.6132678584306,False,False,False,,[]
494,494,495,True,1.0,1.0,494.0,495.0,494.0,495.0,495.0,0.0,48.441254400000005,45.061632,-415.9326181643022,0.515040397644043,0.515040397644043,0.0,1.0,0.5558251051270662,0.5560482169906973,0.9998653831116144,0.9498654007911682,0.9998649245931356,0.9999953908718284,0.9999953750432655,0.9999946881194871,0.9999946714301604,14.76036310846247,57.8305950531853,,1169.2379930860832,False,False,False,,[]
495,495,496,True,1.0,1.0,495.0,496.0,495.0,496.0,496.0,0.0,45.061632,41.038272000000006,-517.3727307316835,0.5150405168533325,0.5150405168533325,0.0,1.0,0.5560482169906973,0.5563056548159343,0.9998649245931356,0.94986492395401,0.9998644046792486,0.9999953750432655,0.9999953575745097,0.9999946714301604,0.999994653977691,17.03537028009431,66.7278843014269,,1205.5821512050682,False,False,False,,[]
496,496,497,True,1.0,1.0,496.0,497.0,496.0,497.0,497.0,0.0,41.038272000000006,36.21024,-643.7698142368346,0.5150406956672668,0.5150406956672668,0.0,1.0,0.5563056548159343,0.5565936815722619,0.9998644046792486,0.949864387512207,0.9998638326694409,0.9999953575745097,0.9999953388187861,0.999994653977691,0.9999946344939992,19.064104331291826,74.65653524010368,,1238.5225496532823,False,False,False,,[]
497,497,498,True,1.0,1.0,497.0,498.0,497.0,498.0,498.0,0.0,36.21024,31.865011200000005,-572.7489167261151,0.5150408744812012,0.5150408744812012,0.0,1.0,0.5565936815722619,0.5568110255314622,0.9998638326694409,0.9498637914657593,0.9998633847557294,0.9999953388187861,0.9999953200881317,0.9999946344939992,0.9999946132880341,14.384703207409412,56.335554224741344,,1152.8918723403763,False,False,False,,[]
498,498,499,True,1.0,1.0,498.0,499.0,498.0,499.0,499.0,0.0,31.865011200000005,26.554176000000002,-723.4310122433283,0.5150409936904907,0.5150409936904907,0.0,1.0,0.5568110255314622,0.5570540269807139,0.9998633847557294,0.9498633742332458,0.9998628902974569,0.9999953200881317,0.9999953022818807,0.9999946132880341,0.9999945967302244,16.08601693512072,62.98597564604015,,1189.3315456404553,False,False,False,,[]
499,499,500,True,1.0,1.0,499.0,500.0,499.0,500.0,500.0,0.0,26.554176000000002,21.2433408,-726.0043485512006,0.5150411128997803,0.5150411128997803,0.0,1.0,0.5570540269807139,0.5572556469737406,0.9998628902974569,0.9498628973960876,0.9998624716961126,0.9999953022818807,0.9999952899057499,0.9999945967302244,0.9999945831347394,13.346617325672716,52.25990219252888,,1154.4521206860952,False,False,False,,[]
500,500,501,True,1.0,1.0,500.0,501.0,500.0,501.0,501.0,0.0,21.2433408,16.576243200000004,-629.2907194503675,0.5150412321090698,0.5150412321090698,0.0,1.0,0.5572556469737406,0.5573939394144916,0.9998624716961126,0.9498624801635742,0.9998621769363224,0.9999952899057499,0.9999952814176886,0.9999945831347394,0.9999945738103991,9.153658932566774,35.845400642634495,,1100.114924680635,False,False,False,,[]
501,501,502,True,1.0,1.0,501.0,502.0,501.0,502.0,502.0,0.0,16.576243200000004,11.587276800000001,-680.164265073067,0.5150413513183594,0.5150413513183594,0.0,1.0,0.5573939394144916,0.5574767157424608,0.9998621769363224,0.9498621821403503,0.9998620098312676,0.9999952814176886,0.999995269062536,0.9999945738103991,0.9999945370359006,5.4784624739431305,21.455624209622673,,1017.227946824461,False,False,False,,[]
502,502,503,True,1.0,1.0,502.0,503.0,502.0,503.0,503.0,0.0,11.587276800000001,6.437376,-706.0344385022585,0.5150414109230042,0.5150414109230042,0.0,1.0,0.5574767157424608,0.557527671916804,0.9998620098312676,0.949862003326416,0.9998619101160928,0.999995269062536,0.999995256523692,0.9999945370359006,0.9999945126050406,3.3723040542679117,13.207840389728085,,1004.0311377280334,False,False,False,,[]
503,503,504,True,1.0,1.0,503.0,504.0,503.0,504.0,504.0,0.0,6.437376,1.609344,-657.3948125945243,0.5150414109230042,0.5150414109230042,0.0,1.0,0.557527671916804,0.5575450940393318,0.9998619101160928,0.9498618841171265,0.9998618771233553,0.999995256523692,0.9999952472792261,0.9999945126050406,0.9999945024497788,1.1529208175488512,4.515814159236148,,994.75082034609,False,False,False,,[]
504,504,505,True,1.0,1.0,504.0,505.0,504.0,505.0,505.0,0.0,1.609344,0.0,-163.62161313715777,0.5150414109230042,0.5150414109230042,0.0,1.0,0.5575450940393318,0.5575459613214491,0.9998618771233553,0.9498618841171265,0.9998618755073445,0.9999952472792261,0.9999952468190477,0.9999945024497788,0.9999945019442621,0.057391010811978234,0.22479952480033893,,999.7400535505378,False,False,False,,[]
505,505,506,True,1.0,1.0,505.0,506.0,505.0,506.0,506.0,0.0,0.0,0.0,83.40462000000002,0.5150414109230042,0.5150414109230042,0.0,1.0,0.5575459613214491,0.5575459613214491,0.9998618755073445,0.9498618841171265,0.9998618755073445,0.9999952468190477,0.9999952468190477,0.9999945019442621,0.9999945019442621,-0.0,0.0,,1000.0,False,False,False,,[]
506,506,507,True,1.0,1.0,506.0,507.0,506.0,507.0,507.0,0.0,0.0,0.0,83.40462000000002,0.5150414109230042,0.5150414109230042,0.0,1.0,0.5575459613214491,0.5575459613214491,0.9998618755073445,0.9498618841171265,0.9998618755073445,0.9999952468190477,0.9999952468190477,0.9999945019442621,0.9999945019442621,-0.0,0.0,,1000.0,False,False,False,,[]
507,507,508,True,1.0,1.0,507.0,508.0,507.0,508.0,508.0,0.0,0.0,0.0,83.40462000000002,0.5150414109230042,0.5150414109230042,0.0,1.0,0.5575459613214491,0.5575459613214491,0.9998618755073445,0.9498618841171265,0.9998618755073445,0.9999952468190477,0.9999952468190477,0.9999945019442621,0.9999945019442621,-0.0,0.0,,1000.0,False,False,False,,[]
508,508,509,True,1.0,1.0,508.0,509.0,508.0,509.0,509.0,0.0,0.0,0.0,83.40462000000002,0.5150414109230042,0.5150414109230042,0.0,1.0,0.5575459613214491,0.5575459613214491,0.9998618755073445,0.9498618841171265,0.9998618755073445,0.9999952468190477,0.9999952468190477,0.9999945019442621,0.9999945019442621,-0.0,0.0,,1000.0,False,False,False,,[]
509,509,510,True,1.0,1.0,509.0,510.0,509.0,510.0,510.0,0.0,0.0,0.0,83.40462000000002,0.5150414109230042,0.5150414109230042,0.0,1.0,0.5575459613214491,0.5575459613214491,0.9998618755073445,0.9498618841171265,0.9998618755073445,0.9999952468190477,0.9999952468190477,0.9999945019442621,0.9999945019442621,-0.0,0.0,,1000.0,False,False,False,,[]
510,510,511,True,1.0,1.0,510.0,511.0,510.0,511.0,511.0,0.0,0.0,1.9312128,379.86187824,0.5150414109230042,0.5150414109230042,0.0,1.0,0.5575459613214491,0.5575366721222106,0.9998618755073445,0.9498618841171265,0.9998618580555438,0.9999952468190477,0.9999952455370344,0.9999945019442621,0.9999945005359406,-0.6147093359218445,-2.4077604426050554,,986.4611034452327,False,False,False,,[]
511,511,512,True,1.0,1.0,511.0,512.0,511.0,512.0,512.0,0.0,1.9312128,5.632704,651.645299130493,0.5150414705276489,0.5150414705276489,0.0,1.0,0.5575366721222106,0.5574742481267657,0.9998618580555438,0.9498618245124817,0.9998617345210679,0.9999952455370344,0.9999952369232357,0.9999945005359406,0.9999944910734837,-4.130208501536921,-16.18029961929874,,915.0355634399011,False,False,False,,[]
512,512,513,True,1.0,1.0,512.0,513.0,512.0,513.0,513.0,0.0,5.632704,8.851392,577.7632056698175,0.5150414705276489,0.5150414705276489,0.0,1.0,0.5574742481267657,0.5573682488727325,0.9998617345210679,0.9498617053031921,0.9998615156175986,0.9999952369232357,0.9999952222988379,0.9999944910734837,0.999994475008245,-7.012215297628105,-27.47500664540784,,863.126118327306,False,False,False,,[]
513,513,514,True,1.0,1.0,513.0,514.0,513.0,514.0,514.0,0.0,8.851392,10.460736,331.10216760097796,0.5150415301322937,0.5150415301322937,0.0,1.0,0.5573682488727325,0.5573003701278987,0.9998615156175986,0.9498615264892578,0.9998613805696778,0.9999952222988379,0.9999952164545876,0.999994475008245,0.9999944627327784,-4.490782960136166,-17.59417066092932,,909.5016285604131,False,False,False,,[]
514,514,515,True,1.0,1.0,514.0,515.0,514.0,515.0,515.0,0.0,10.460736,13.679424000000001,578.4076675550846,0.5150415897369385,0.5150415897369385,0.0,1.0,0.5573003701278987,0.5571602378674294,0.9998613805696778,0.9498613476753235,0.99986108186084,0.9999952164545876,0.9999952092315817,0.9999944627327784,0.9999944359275207,-9.268700022232451,-36.3222819136319,,830.5431183376547,False,False,False,,[]
515,515,516,True,1.0,1.0,515.0,516.0,515.0,516.0,516.0,0.0,13.679424000000001,15.4497024,356.70918576035155,0.515041708946228,0.515041708946228,0.0,1.0,0.5571602378674294,0.557055513521471,0.99986108186084,0.9498610496520996,0.9998608658598014,0.9999952092315817,0.9999952035081465,0.9999944359275207,0.9999944159800679,-6.927153192669175,-27.144550472436617,,868.0590686400204,False,False,False,,[]
516,516,517,True,1.0,1.0,516.0,517.0,516.0,517.0,517.0,0.0,15.4497024,16.898112,307.7273505915414,0.515041708946228,0.515041708946228,0.0,1.0,0.557055513521471,0.5569734945750426,0.9998608658598014,0.9498608708381653,0.9998607004063471,0.9999952035081465,0.9999951999579543,0.9999944159800679,0.9999944038794057,-5.425472354839956,-21.25931091422404,,897.4927359132544,False,False,False,,[]
517,517,518,True,1.0,1.0,517.0,518.0,517.0,518.0,518.0,0.0,16.898112,19.151193600000003,431.6398187083573,0.5150417685508728,0.5150417685508728,0.0,1.0,0.5569734945750426,0.556856610375357,0.9998607004063471,0.949860692024231,0.999860456439856,0.9999951999579543,0.9999951902877907,0.9999944038794057,0.9999943977830827,-7.730744133662815,-30.296384558517556,,864.2688759922419,False,False,False,,[]
518,518,519,True,1.0,1.0,518.0,519.0,518.0,519.0,519.0,0.0,19.151193600000003,22.530816,605.2468968390892,0.5150418877601624,0.5150418877601624,0.0,1.0,0.556856610375357,0.5566732934221733,0.999860456439856,0.9498604536056519,0.9998600726761716,0.9999951902877907,0.9999951812902834,0.9999943977830827,0.9999943857684418,-12.121624777850677,-47.515754265216145,,804.6959028094425,False,False,False,,[]
519,519,520,True,1.0,1.0,519.0,520.0,519.0,520.0,520.0,0.0,22.530816,25.749504,581.7105347170789,0.5150420069694519,0.5150420069694519,0.0,1.0,0.5566732934221733,0.5564682293334904,0.9998600726761716,0.9498600363731384,0.9998596476047734,0.9999951812902834,0.999995168450887,0.9999943857684418,0.999994374765054,-13.557814952843374,-53.152611786602634,,786.5258601967947,False,False,False,,[]
520,520,521,True,1.0,1.0,520.0,521.0,520.0,521.0,521.0,0.0,25.749504,28.4853888,508.88514392761334,0.5150421261787415,0.5150421261787415,0.0,1.0,0.5564682293334904,0.556266446616272,0.9998596476047734,0.949859619140625,0.9998592286971183,0.999995168450887,0.9999951556277881,0.999994374765054,0.9999943639520144,-13.34003191537051,-52.302080303011536,,789.0731540006395,False,False,False,,[]
521,521,522,True,1.0,1.0,521.0,522.0,521.0,522.0,522.0,0.0,28.4853888,30.577536000000002,411.29676522784564,0.515042245388031,0.515042245388031,0.0,1.0,0.556266446616272,0.5560871646211107,0.9998592286971183,0.9498592019081116,0.9998588527139501,0.9999951556277881,0.9999951430062962,0.9999943639520144,0.9999943544345913,-11.852504441486678,-46.46989314578825,,807.0899775314628,False,False,False,,[]
522,522,523,True,1.0,1.0,522.0,523.0,522.0,523.0,523.0,0.0,30.577536000000002,32.347814400000004,362.91213140604907,0.5150423645973206,0.5150423645973206,0.0,1.0,0.5560871646211107,0.5559155983283842,0.9998588527139501,0.9498588442802429,0.9998584917071704,0.9999951430062962,0.9999951304631062,0.9999943544345913,0.9999943433701322,-11.342028072076289,-44.469983074710555,,812.1665011741744,False,False,False,,[]
523,523,524,True,1.0,1.0,523.0,524.0,523.0,524.0,524.0,0.0,32.347814400000004,33.796224,314.4265318888934,0.5150424242019653,0.5150424242019653,0.0,1.0,0.5559155983283842,0.5557521633568436,0.9998584917071704,0.9498584866523743,0.9998581466208274,0.9999951304631062,0.9999951169209705,0.9999943433701322,0.9999943293732191,-10.804177458118113,-42.362344623316424,,816.0050215999582,False,False,False,,[]
524,524,525,True,1.0,1.0,524.0,525.0,524.0,525.0,525.0,0.0,33.796224,35.405568,339.9259249134275,0.5150425434112549,0.5150425434112549,0.0,1.0,0.5557521633568436,0.5555792534737344,0.9998581466208274,0.9498581290245056,0.9998577829968993,0.9999951169209705,0.9999951052676613,0.9999943293732191,0.9999943201570487,-11.429639390842283,-44.81824170192974,,812.9144430095486,False,False,False,,[]
525,525,526,True,1.0,1.0,525.0,526.0,525.0,526.0,526.0,0.0,35.405568,37.014912,340.84965361564485,0.5150426626205444,0.5150426626205444,0.0,1.0,0.5555792534737344,0.5553936060258217,0.9998577829968993,0.949857771396637,0.9998573947556767,0.9999951052676613,0.9999950898539196,0.9999943201570487,0.9999943104860124,-12.270492760289262,-48.119818498975064,,800.28403795882,False,False,False,,[]
526,526,527,True,1.0,1.0,526.0,527.0,526.0,527.0,527.0,0.0,37.014912,38.302387200000005,292.40680340354527,0.515042781829834,0.515042781829834,0.0,1.0,0.5553936060258217,0.5552320844271598,0.9998573947556767,0.9498573541641235,0.9998570534357047,0.9999950898539196,0.9999950792409418,0.9999943104860124,0.9999943018576006,-10.676098797516882,-41.86639837315405,,823.1164108638346,False,False,False,,[]
527,527,528,True,1.0,1.0,527.0,528.0,527.0,528.0,528.0,0.0,38.302387200000005,39.428928,268.5063203163572,0.5150429010391235,0.5150429010391235,0.0,1.0,0.5552320844271598,0.5550782173275837,0.9998570534357047,0.9498570561408997,0.9998567272587251,0.9999950792409418,0.999995068555563,0.9999943018576006,0.9999942936805051,-10.169961047246318,-39.88235221013365,,829.6364237194058,False,False,False,,[]
528,528,529,True,1.0,1.0,528.0,529.0,528.0,529.0,529.0,0.0,39.428928,40.0726656,195.11831430105525,0.5150430202484131,0.5150430202484131,0.0,1.0,0.5550782173275837,0.5549613253288476,0.9998567272587251,0.949856698513031,0.9998564832740939,0.999995068555563,0.9999950586974008,0.9999942936805051,0.9999942876030423,-7.7266615905950236,-30.29840607238597,,864.1353763287561,False,False,False,,[]
529,529,530,True,1.0,1.0,529.0,530.0,529.0,530.0,530.0,0.0,40.0726656,40.2336,121.42848530281692,0.5150430798530579,0.5150430798530579,0.0,1.0,0.5549613253288476,0.5548857857019233,0.9998564832740939,0.9498564600944519,0.9998563318539312,0.9999950586974008,0.999995051080147,0.9999942876030423,0.9999942837825583,-4.993773585239897,-19.579871298766935,,907.3427227388004,False,False,False,,[]
530,530,531,True,1.0,1.0,530.0,531.0,530.0,531.0,531.0,0.0,40.2336,40.2336,96.83090927640002,0.5150430798530579,0.5150430798530579,0.0,1.0,0.5548857857019233,0.5548247813434138,0.9998563318539312,0.9498563408851624,0.9998562112964021,0.999995051080147,0.9999950445968975,0.9999942837825583,0.9999942806997373,-4.033044789453215,-15.812329725654015,,923.6798598735222,False,False,False,,[]
531,531,532,True,1.0,1.0,531.0,532.0,531.0,532.0,532.0,0.0,40.2336,40.2336,96.83090927640002,0.5150431394577026,0.5150431394577026,0.0,1.0,0.5548247813434138,0.5547637771279597,0.9998562112964021,0.9498562216758728,0.9998560907391726,0.9999950445968975,0.9999950381136474,0.9999942806997373,0.9999942776169152,-4.033044906351208,-15.812292645724638,,923.680006061346,False,False,False,,[]
532,532,533,True,1.0,1.0,532.0,533.0,532.0,533.0,533.0,0.0,40.2336,40.2336,96.83090927640002,0.5150431394577026,0.5150431394577026,0.0,1.0,0.5547637771279597,0.5547027730528137,0.9998560907391726,0.9498561024665833,0.9998559701822369,0.9999950381136474,0.9999950316303974,0.9999942776169152,0.9999942745340931,-4.033044906351208,-15.812256277837012,,923.6801508432491,False,False,False,,[]
533,533,534,True,1.0,1.0,533.0,534.0,533.0,534.0,534.0,0.0,40.2336,40.2336,96.83090927640002,0.5150431990623474,0.5150431990623474,0.0,1.0,0.5547027730528137,0.5546417691118148,0.9998559701822369,0.9498559832572937,0.9998558496255822,0.9999950316303974,0.9999950251471467,0.9999942745340931,0.9999942714512698,-4.033045023249182,-15.81222150690106,,923.6802877448459,False,False,False,,[]
534,534,535,True,1.0,1.0,534.0,535.0,534.0,535.0,535.0,0.0,40.2336,40.2336,96.83090927640002,0.5150432586669922,0.5150432586669922,0.0,1.0,0.5546417691118148,0.5545807653006903,0.9998558496255822,0.9498558640480042,0.9998557290691994,0.9999950251471467,0.9999950186638954,0.9999942714512698,0.9999942683684455,-4.0330451401471406,-15.812187843476611,,923.6804203379304,False,False,False,,[]
535,535,536,True,1.0,1.0,535.0,536.0,535.0,536.0,536.0,0.0,40.2336,41.19920640000001,245.059538396401,0.5150432586669922,0.5150432586669922,0.0,1.0,0.5545807653006903,0.5544228448587043,0.9998557290691994,0.9498557448387146,0.9998553948584666,0.9999950186638954,0.9999950082007617,0.9999942683684455,0.9999942513351895,-10.437169945910016,-40.93297856278175,,820.4536435175779,False,False,False,,[]
536,536,537,True,1.0,1.0,536.0,537.0,536.0,537.0,537.0,0.0,41.19920640000001,41.521075200000006,146.89264774428977,0.5150433778762817,0.5150433778762817,0.0,1.0,0.5544228448587043,0.554315199811387,0.9998553948584666,0.949855387210846,0.9998551721980005,0.9999950082007617,0.9999949994796511,0.9999942513351895,0.9999942355544527,-7.115248340300501,-27.901596264652632,,866.2411552742437,False,False,False,,[]
537,537,538,True,1.0,1.0,537.0,538.0,537.0,538.0,538.0,0.0,41.521075200000006,41.842944,147.11348335030897,0.5150434374809265,0.5150434374809265,0.0,1.0,0.554315199811387,0.5542109676736791,0.9998551721980005,0.9498551487922668,0.9998549573156678,0.9999949994796511,0.9999949907008178,0.9999942355544527,0.9999942222747008,-6.8896149616503655,-27.01697009390427,,871.2478954539661,False,False,False,,[]
538,538,539,True,1.0,1.0,538.0,539.0,538.0,539.0,539.0,0.0,41.842944,41.19920640000001,-0.8925915986454319,0.5150434970855713,0.5150434970855713,0.0,1.0,0.5542109676736791,0.5542113347069533,0.9998549573156678,0.9498549699783325,0.9998549566321075,0.9999949907008178,0.9999949906743819,0.9999942222747008,0.9999942221654937,0.02426807399282268,0.09513502467297581,,1000.1630608965718,False,False,False,,[]
539,539,540,True,1.0,1.0,539.0,540.0,539.0,540.0,540.0,0.0,41.19920640000001,40.5554688,-1.3359813757112222,0.5150434970855713,0.5150434970855713,0.0,1.0,0.5542113347069533,0.5542118428299508,0.9998549566321075,0.9498549699783325,0.9998549556856522,0.9999949906743819,0.9999949906354276,0.9999942221654937,0.9999942219637029,0.03359801827841758,0.13170548097806908,,1000.1727622128109,False,False,False,,[]
540,540,541,True,1.0,1.0,540.0,541.0,540.0,541.0,541.0,0.0,40.5554688,40.2336,47.637046147336754,0.5150434970855713,0.5150434970855713,0.0,1.0,0.5542118428299508,0.5541771870813054,0.9998549556856522,0.9498549699783325,0.9998548889413207,0.9999949906354276,0.9999949870009741,0.9999942219637029,0.9999942174427381,-2.291323016274987,-8.982770048917136,,952.8477569103505,False,False,False,,[]
541,541,542,True,1.0,1.0,541.0,542.0,541.0,542.0,542.0,0.0,40.2336,40.2336,96.83090927640002,0.5150435566902161,0.5150435566902161,0.0,1.0,0.5541771870813054,0.554116183919641,0.9998548889413207,0.949854850769043,0.9998547683862979,0.9999949870009741,0.99999498051772,0.9999942174427381,0.9999942143599082,-4.033045724636671,-15.81201950341071,,923.6810832846945,False,False,False,,[]
542,542,543,True,1.0,1.0,542.0,543.0,542.0,543.0,543.0,0.0,40.2336,40.2336,96.83090927640002,0.5150435566902161,0.5150435566902161,0.0,1.0,0.554116183919641,0.5540551808625293,0.9998547683862979,0.9498547315597534,0.9998546478314942,0.99999498051772,0.9999949740344658,0.9999942143599082,0.9999942112770783,-4.033045724636671,-15.811992403379529,,923.6811911763898,False,False,False,,[]
543,543,544,True,1.0,1.0,543.0,544.0,543.0,544.0,544.0,0.0,40.2336,39.2679936,-51.397719843600974,0.5150436162948608,0.5150436162948608,0.0,1.0,0.5540551808625293,0.5540742653180067,0.9998546478314942,0.9498546123504639,0.9998546116319323,0.9999949740344658,0.9999949702079937,0.9999942112770783,0.9999942065877477,1.2620355739850624,4.946690859769331,,1006.9973188025599,False,False,False,,[]
544,544,545,True,1.0,1.0,544.0,545.0,544.0,545.0,545.0,0.0,39.2679936,37.175846400000005,-224.96784882624272,0.5150436162948608,0.5150436162948608,0.0,1.0,0.5540742653180067,0.5541703159774837,0.9998546116319323,0.9498546123504639,0.999854415194855,0.9999949702079937,0.9999949598475575,0.9999942065877477,0.9999941998500603,6.353522074866171,24.896330936411093,,1063.0481394215292,False,False,False,,[]
545,545,546,True,1.0,1.0,545.0,546.0,545.0,546.0,546.0,0.0,37.175846400000005,31.865011200000005,-720.3897966067524,0.5150436758995056,0.5150436758995056,0.0,1.0,0.5541703159774837,0.5544576117175346,0.999854415194855,0.9498543739318848,0.9998538443998884,0.9999949598475575,0.999994940283978,0.9999941998500603,0.9999941803641104,19.01672228475937,74.467055821204,,1236.3487225192396,False,False,False,,[]
546,546,547,True,1.0,1.0,546.0,547.0,546.0,547.0,547.0,0.0,31.865011200000005,26.554176000000002,-723.4310122433283,0.5150438547134399,0.5150438547134399,0.0,1.0,0.5544576117175346,0.5547006289346877,0.9998538443998884,0.9498538374900818,0.9998533499135186,0.999994940283978,0.9999949224775724,0.9999941803641104,0.9999941638063984,16.086012558887656,62.990062686100515,,1189.3497949715133,False,False,False,,[]
547,547,548,True,1.0,1.0,547.0,548.0,547.0,548.0,548.0,0.0,26.554176000000002,21.2433408,-726.0043485512006,0.5150439739227295,0.5150439739227295,0.0,1.0,0.5547006289346877,0.5549022617286702,0.9998533499135186,0.9498533606529236,0.9998529312880757,0.9999949224775724,0.9999949101013729,0.9999941638063984,0.9999941502109936,13.346617325672716,52.26322020024004,,1154.4659849251286,False,False,False,,[]
548,548,549,True,1.0,1.0,548.0,549.0,548.0,549.0,549.0,0.0,21.2433408,15.932505600000002,-728.1098055303678,0.515044093132019,0.515044093132019,0.0,1.0,0.5549022617286702,0.5550496560796568,0.9998529312880757,0.9498529434204102,0.999852618009095,0.9999949101013729,0.9999948951879951,0.9999941502109936,0.9999941333596883,9.755795257626392,38.20461577574971,,1092.0628293757613,False,False,False,,[]
549,549,550,True,1.0,1.0,549.0,550.0,549.0,550.0,550.0,0.0,15.932505600000002,10.6216704,-729.7473831808325,0.5150442123413086,0.5150442123413086,0.0,1.0,0.5550496560796568,0.5551379739969001,0.999852618009095,0.9498525857925415,0.9998524387477593,0.9999948951879951,0.9999948875998173,0.9999941333596883,0.999994096159184,5.844998660247593,22.892004149465237,,1026.2758445844631,False,False,False,,[]
550,550,551,True,1.0,1.0,550.0,551.0,550.0,551.0,551.0,0.0,10.6216704,5.3108352,-730.9170815025919,0.5150442719459534,0.5150442719459534,0.0,1.0,0.5551379739969001,0.5551763285287669,0.9998524387477593,0.9498524069786072,0.9998523646120854,0.9999948875998173,0.9999948672485588,0.999994096159184,0.9999940738031073,2.5380870307818832,9.941494659849761,,988.3704667590987,False,False,False,,[]
551,551,552,True,1.0,1.0,551.0,552.0,551.0,552.0,552.0,0.0,5.3108352,0.0,-731.618900495648,0.5150442719459534,0.5150442719459534,0.0,1.0,0.5551763285287669,0.5551891263072837,0.9998523646120854,0.9498523473739624,0.9998523404859813,0.9999948672485588,0.9999948604582923,0.9999940738031073,0.9999940663439264,0.8468413585325504,3.3171841915699103,,996.1505958782028,False,False,False,,[]
552,552,553,True,1.0,1.0,552.0,553.0,552.0,553.0,553.0,0.0,0.0,0.0,83.40462000000002,0.5150442719459534,0.5150442719459534,0.0,1.0,0.5551891263072837,0.5551891263072837,0.9998523404859813,0.9498523473739624,0.9998523404859813,0.9999948604582923,0.9999948604582923,0.9999940663439264,0.9999940663439264,-0.0,0.0,,1000.0,False,False,False,,[]
553,553,554,True,1.0,1.0,553.0,554.0,553.0,554.0,554.0,0.0,0.0,0.0,83.40462000000002,0.5150442719459534,0.5150442719459534,0.0,1.0,0.5551891263072837,0.5551891263072837,0.9998523404859813,0.9498523473739624,0.9998523404859813,0.9999948604582923,0.9999948604582923,0.9999940663439264,0.9999940663439264,-0.0,0.0,,1000.0,False,False,False,,[]
554,554,555,True,1.0,1.0,554.0,555.0,554.0,555.0,555.0,0.0,0.0,0.0,83.40462000000002,0.5150442719459534,0.5150442719459534,0.0,1.0,0.5551891263072837,0.5551891263072837,0.9998523404859813,0.9498523473739624,0.9998523404859813,0.9999948604582923,0.9999948604582923,0.9999940663439264,0.9999940663439264,-0.0,0.0,,1000.0,False,False,False,,[]
555,555,556,True,1.0,1.0,555.0,556.0,555.0,556.0,556.0,0.0,0.0,0.0,83.40462000000002,0.5150442719459534,0.5150442719459534,0.0,1.0,0.5551891263072837,0.5551891263072837,0.9998523404859813,0.9498523473739624,0.9998523404859813,0.9999948604582923,0.9999948604582923,0.9999940663439264,0.9999940663439264,-0.0,0.0,,1000.0,False,False,False,,[]
556,556,557,True,1.0,1.0,556.0,557.0,556.0,557.0,557.0,0.0,0.0,0.0,83.40462000000002,0.5150442719459534,0.5150442719459534,0.0,1.0,0.5551891263072837,0.5551891263072837,0.9998523404859813,0.9498523473739624,0.9998523404859813,0.9999948604582923,0.9999948604582923,0.9999940663439264,0.9999940663439264,-0.0,0.0,,1000.0,False,False,False,,[]
557,557,558,True,1.0,1.0,557.0,558.0,557.0,558.0,558.0,0.0,0.0,0.0,83.40462000000002,0.5150442719459534,0.5150442719459534,0.0,1.0,0.5551891263072837,0.5551891263072837,0.9998523404859813,0.9498523473739624,0.9998523404859813,0.9999948604582923,0.9999948604582923,0.9999940663439264,0.9999940663439264,-0.0,0.0,,1000.0,False,False,False,,[]
558,558,559,True,1.0,1.0,558.0,559.0,558.0,559.0,559.0,0.0,0.0,0.0,83.40462000000002,0.5150442719459534,0.5150442719459534,0.0,1.0,0.5551891263072837,0.5551891263072837,0.9998523404859813,0.9498523473739624,0.9998523404859813,0.9999948604582923,0.9999948604582923,0.9999940663439264,0.9999940663439264,-0.0,0.0,,1000.0,False,False,False,,[]
559,559,560,True,1.0,1.0,559.0,560.0,559.0,560.0,560.0,0.0,0.0,0.0,83.40462000000002,0.5150442719459534,0.5150442719459534,0.0,1.0,0.5551891263072837,0.5551891263072837,0.9998523404859813,0.9498523473739624,0.9998523404859813,0.9999948604582923,0.9999948604582923,0.9999940663439264,0.9999940663439264,-0.0,0.0,,1000.0,False,False,False,,[]
560,560,561,True,1.0,1.0,560.0,561.0,560.0,561.0,561.0,0.0,0.0,0.0,83.40462000000002,0.5150442719459534,0.5150442719459534,0.0,1.0,0.5551891263072837,0.5551891263072837,0.9998523404859813,0.9498523473739624,0.9998523404859813,0.9999948604582923,0.9999948604582923,0.9999940663439264,0.9999940663439264,-0.0,0.0,,1000.0,False,False,False,,[]
561,561,562,True,1.0,1.0,561.0,562.0,561.0,562.0,562.0,0.0,0.0,0.0,83.40462000000002,0.5150442719459534,0.5150442719459534,0.0,1.0,0.5551891263072837,0.5551891263072837,0.9998523404859813,0.9498523473739624,0.9998523404859813,0.9999948604582923,0.9999948604582923,0.9999940663439264,0.9999940663439264,-0.0,0.0,,1000.0,False,False,False,,[]
562,562,563,True,1.0,1.0,562.0,563.0,562.0,563.0,563.0,0.0,0.0,0.0,83.40462000000002,0.5150442719459534,0.5150442719459534,0.0,1.0,0.5551891263072837,0.5551891263072837,0.9998523404859813,0.9498523473739624,0.9998523404859813,0.9999948604582923,0.9999948604582923,0.9999940663439264,0.9999940663439264,-0.0,0.0,,1000.0,False,False,False,,[]
563,563,564,True,1.0,1.0,563.0,564.0,563.0,564.0,564.0,0.0,0.0,0.0,83.40462000000002,0.5150442719459534,0.5150442719459534,0.0,1.0,0.5551891263072837,0.5551891263072837,0.9998523404859813,0.9498523473739624,0.9998523404859813,0.9999948604582923,0.9999948604582923,0.9999940663439264,0.9999940663439264,-0.0,0.0,,1000.0,False,False,False,,[]
564,564,565,True,1.0,1.0,564.0,565.0,564.0,565.0,565.0,0.0,0.0,0.0,83.40462000000002,0.5150442719459534,0.5150442719459534,0.0,1.0,0.5551891263072837,0.5551891263072837,0.9998523404859813,0.9498523473739624,0.9998523404859813,0.9999948604582923,0.9999948604582923,0.9999940663439264,0.9999940663439264,-0.0,0.0,,1000.0,False,False,False,,[]
565,565,566,True,1.0,1.0,565.0,566.0,565.0,566.0,566.0,0.0,0.0,0.0,83.40462000000002,0.5150442719459534,0.5150442719459534,0.0,1.0,0.5551891263072837,0.5551891263072837,0.9998523404859813,0.9498523473739624,0.9998523404859813,0.9999948604582923,0.9999948604582923,0.9999940663439264,0.9999940663439264,-0.0,0.0,,1000.0,False,False,False,,[]
566,566,567,True,1.0,1.0,566.0,567.0,566.0,567.0,567.0,0.0,0.0,0.0,83.40462000000002,0.5150442719459534,0.5150442719459534,0.0,1.0,0.5551891263072837,0.5551891263072837,0.9998523404859813,0.9498523473739624,0.9998523404859813,0.9999948604582923,0.9999948604582923,0.9999940663439264,0.9999940663439264,-0.0,0.0,,1000.0,False,False,False,,[]
567,567,568,True,1.0,1.0,567.0,568.0,567.0,568.0,568.0,0.0,0.0,0.0,83.40462000000002,0.5150442719459534,0.5150442719459534,0.0,1.0,0.5551891263072837,0.5551891263072837,0.9998523404859813,0.9498523473739624,0.9998523404859813,0.9999948604582923,0.9999948604582923,0.9999940663439264,0.9999940663439264,-0.0,0.0,,1000.0,False,False,False,,[]
568,568,569,True,1.0,1.0,568.0,569.0,568.0,569.0,569.0,0.0,0.0,5.3108352,898.6620801600001,0.5150442719459534,0.5150442719459534,0.0,1.0,0.5551891263072837,0.5551286840749519,0.9998523404859813,0.9498523473739624,0.9998522211049994,0.9999948604582923,0.9999948521176727,0.9999940663439264,0.9999940571816658,-3.9992007777936562,-15.666626620411389,,917.5295023474405,False,False,False,,[]
569,569,570,True,1.0,1.0,569.0,570.0,569.0,570.0,570.0,0.0,5.3108352,10.6216704,898.8960198243519,0.5150443315505981,0.5150443315505981,0.0,1.0,0.5551286840749519,0.554947237567085,0.9998522211049994,0.9498522281646729,0.9998518409436193,0.9999948521176727,0.999994827089297,0.9999940571816658,0.999994029687732,-12.000725548574822,-47.03093483908652,,786.1728205008299,False,False,False,,[]
570,570,571,True,1.0,1.0,570.0,571.0,570.0,571.0,571.0,0.0,10.6216704,15.932505600000002,899.5978388174084,0.5150444507598877,0.5150444507598877,0.0,1.0,0.554947237567085,0.5547116392324153,0.9998518409436193,0.9498518109321594,0.9998513597469321,0.999994827089297,0.9999948181885951,0.999994029687732,0.9999939838287435,-15.578525129629073,-61.06708834639474,,747.1174190506139,False,False,False,,[]
571,571,572,True,1.0,1.0,571.0,572.0,571.0,572.0,572.0,0.0,15.932505600000002,20.921472,851.3579940991683,0.5150445699691772,0.5150445699691772,0.0,1.0,0.5547116392324153,0.554462915049287,0.9998513597469321,0.9498513340950012,0.9998508551330699,0.9999948181885951,0.9999947992097994,0.9999939838287435,0.9999939592481173,-16.444254399682805,-64.46930826683683,,744.7430498559409,False,False,False,,[]
572,572,573,True,1.0,1.0,572.0,573.0,572.0,573.0,573.0,0.0,20.921472,23.4964224,482.3114329403383,0.5150447487831116,0.5150447487831116,0.0,1.0,0.554462915049287,0.5542907224434854,0.9998508551330699,0.949850857257843,0.9998504929058297,0.9999947992097994,0.9999947821620456,0.9999939592481173,0.9999939454091626,-11.386073329228777,-44.63232342376863,,806.9057978991262,False,False,False,,[]
573,573,574,True,1.0,1.0,573.0,574.0,573.0,574.0,574.0,0.0,23.4964224,25.749504,433.85053779545177,0.5150448679924011,0.5150448679924011,0.0,1.0,0.5542907224434854,0.5541231665715172,0.9998504929058297,0.9498504996299744,0.9998501397336901,0.9999947821620456,0.9999947685226533,0.9999939454091626,0.9999939309675873,-11.078971270110138,-43.43048201416507,,812.3780063760526,False,False,False,,[]
574,574,575,True,1.0,1.0,574.0,575.0,574.0,575.0,575.0,0.0,25.749504,27.358848000000002,335.9517432876136,0.5150449275970459,0.5150449275970459,0.0,1.0,0.5541231665715172,0.5539810979994824,0.9998501397336901,0.9498501420021057,0.9998498371298297,0.9999947685226533,0.9999947552999037,0.9999939309675873,0.9999939193223252,-9.393948485500086,-36.82417387142689,,835.2844395655791,False,False,False,,[]
575,575,576,True,1.0,1.0,575.0,576.0,575.0,576.0,576.0,0.0,27.358848000000002,27.358848000000002,89.61293616140739,0.5150450468063354,0.5150450468063354,0.0,1.0,0.5539810979994824,0.5539383080500708,0.9998498371298297,0.9498498439788818,0.9998497540612583,0.9999947552999037,0.9999947500534794,0.9999939193223252,0.999993915264562,-2.8301446102663204,-11.091154887475524,,943.0394781680253,False,False,False,,[]
576,576,577,True,1.0,1.0,576.0,577.0,576.0,577.0,577.0,0.0,27.358848000000002,27.358848000000002,89.61293616140739,0.5150451064109802,0.5150451064109802,0.0,1.0,0.5539383080500708,0.5538955180916934,0.9998497540612583,0.9498497247695923,0.9998496709926689,0.9999947500534794,0.9999947448070544,0.999993915264562,0.9999939112067989,-2.830144665060102,-11.091157211440773,,943.0394679926209,False,False,False,,[]
577,577,578,True,1.0,1.0,577.0,578.0,577.0,578.0,578.0,0.0,27.358848000000002,28.163520000000002,213.1367937614072,0.5150451064109802,0.5150451064109802,0.0,1.0,0.5538955180916934,0.5537967594229706,0.9998496709926689,0.9498496651649475,0.9998494684815586,0.9999947448070544,0.9999947340129164,0.9999939112067989,0.9999939023577661,-6.530784736111093,-25.59824693292967,,878.2307194326636,False,False,False,,[]
578,578,579,True,1.0,1.0,578.0,579.0,578.0,579.0,579.0,0.0,28.163520000000002,28.4853888,139.39304478543588,0.515045166015625,0.515045166015625,0.0,1.0,0.5537967594229706,0.5537323047890427,0.9998494684815586,0.9498494863510132,0.9998493406748972,0.9999947340129164,0.999994727834288,0.9999939023577661,0.9999938962858307,-4.262659973739466,-16.706641114113506,,917.8641349746285,False,False,False,,[]
579,579,580,True,1.0,1.0,579.0,580.0,579.0,580.0,580.0,0.0,28.4853888,28.4853888,90.13473546784539,0.5150452256202698,0.5150452256202698,0.0,1.0,0.5537323047890427,0.553689541020887,0.9998493406748972,0.9498493075370789,0.999849257659278,0.999994727834288,0.9999947233343205,0.9999938962858307,0.9999938922667263,-2.8283186155155846,-11.084368705960589,,943.7662522652155,False,False,False,,[]
580,580,581,True,1.0,1.0,580.0,581.0,580.0,581.0,581.0,0.0,28.4853888,28.163520000000002,40.725192427845535,0.5150452256202698,0.5150452256202698,0.0,1.0,0.553689541020887,0.5536674173763289,0.999849257659278,0.9498492479324341,0.9998492155700043,0.9999947233343205,0.9999947208658966,0.9999938922667263,0.9999938890847038,-1.4633141234804656,-5.73444866945245,,969.0081931524146,False,False,False,,[]
581,581,582,True,1.0,1.0,581.0,582.0,581.0,582.0,582.0,0.0,28.163520000000002,27.358848000000002,-33.540355854563835,0.5150452256202698,0.5150452256202698,0.0,1.0,0.5536674173763289,0.5536753932538234,0.9998492155700043,0.9498491883277893,0.9998492006048063,0.9999947208658966,0.9999947188733856,0.9999938890847038,0.9999938863386089,0.5275998517515192,2.067347446581475,,1001.7437873576296,False,False,False,,[]
582,582,583,True,1.0,1.0,582.0,583.0,582.0,583.0,583.0,0.0,27.358848000000002,27.1979136,64.9081646414072,0.5150452256202698,0.5150452256202698,0.0,1.0,0.5536753932538234,0.5536433566704936,0.9998492006048063,0.9498491883277893,0.9998491390626759,0.9999947188733856,0.9999947150844871,0.9999938863386089,0.999993882590872,-2.1189870498148466,-8.303882399107374,,956.2721313360379,False,False,False,,[]
583,583,584,True,1.0,1.0,583.0,584.0,583.0,584.0,584.0,0.0,27.1979136,26.715110400000004,15.425797408372663,0.5150452852249146,0.5150452852249146,0.0,1.0,0.5536433566704936,0.5536347691556983,0.9998491390626759,0.9498491287231445,0.9998491229402144,0.9999947150844871,0.9999947141946584,0.999993882590872,0.9999938811645721,-0.5680460863105253,-2.2258838349387133,,987.6388215788251,False,False,False,,[]
584,584,585,True,1.0,1.0,584.0,585.0,584.0,585.0,585.0,0.0,26.715110400000004,27.358848000000002,188.1433033168074,0.5150452852249146,0.5150452852249146,0.0,1.0,0.5536347691556983,0.5535582193458124,0.9998491229402144,0.9498491287231445,0.9998489693434129,0.9999947141946584,0.9999947081786198,0.9999938811645721,0.9999938766425852,-5.062598290045016,-19.841710722429738,,907.0726596514714,False,False,False,,[]
585,585,586,True,1.0,1.0,585.0,586.0,585.0,586.0,586.0,0.0,27.358848000000002,27.519782400000004,114.31770768140755,0.5150452852249146,0.5150452852249146,0.0,1.0,0.5535582193458124,0.5535038646719059,0.9998489693434129,0.9498489499092102,0.9998488626235624,0.9999947081786198,0.9999947014661572,0.9999938766425852,0.999993871762379,-3.594926238535327,-14.088731476556589,,928.833408610279,False,False,False,,[]
586,586,587,True,1.0,1.0,586.0,587.0,586.0,587.0,587.0,0.0,27.519782400000004,27.358848000000002,64.98141847569924,0.5150453448295593,0.5150453448295593,0.0,1.0,0.5535038646719059,0.5534716078327074,0.9998488626235624,0.9498488306999207,0.9998488006449684,0.9999947014661572,0.9999946976506032,0.999993871762379,0.999993867991744,-2.1335499419139423,-8.360972720259769,,955.9855755568215,False,False,False,,[]
587,587,588,True,1.0,1.0,587.0,588.0,587.0,588.0,588.0,0.0,27.358848000000002,26.715110400000004,-9.206149918592317,0.5150453448295593,0.5150453448295593,0.0,1.0,0.5534716078327074,0.5534736113633201,0.9998488006449684,0.9498487710952759,0.9998487969076286,0.9999946976506032,0.9999946971179662,0.999993867991744,0.9999938670968936,0.13253351319426399,0.519315134796223,,1000.20235022232,False,False,False,,[]
588,588,589,True,1.0,1.0,588.0,589.0,588.0,589.0,589.0,0.0,26.715110400000004,26.554176000000002,64.6194457168075,0.5150453448295593,0.5150453448295593,0.0,1.0,0.5534736113633201,0.5534424509369686,0.9998487969076286,0.9498487710952759,0.9998487370998759,0.9999946971179662,0.9999946934349361,0.9999938670968936,0.9999938634406865,-2.0610899404362217,-8.076782510279886,,957.4138134232265,False,False,False,,[]
589,589,590,True,1.0,1.0,589.0,590.0,589.0,590.0,590.0,0.0,26.554176000000002,26.554176000000002,89.25311160879986,0.5150454044342041,0.5150454044342041,0.0,1.0,0.5534424509369686,0.5534007734611289,0.9998487370998759,0.9498487114906311,0.999848656278966,0.9999946934349361,0.9999946883632613,0.9999938634406865,0.9999938592776988,-2.7566546663660274,-10.802801737645312,,944.2922088980773,False,False,False,,[]
590,590,591,True,1.0,1.0,590.0,591.0,590.0,591.0,591.0,0.0,26.554176000000002,26.715110400000004,113.95788312880002,0.5150454044342041,0.5150454044342041,0.0,1.0,0.5534007734611289,0.553348778563394,0.999848656278966,0.9498486518859863,0.9998485544276895,0.9999946883632613,0.9999946818681521,0.9999938592776988,0.999993855048272,-3.438961797528012,-13.477077492875505,,932.0493508504616,False,False,False,,[]
591,591,592,True,1.0,1.0,591.0,592.0,591.0,592.0,592.0,0.0,26.715110400000004,27.358848000000002,188.1433033168074,0.5150454640388489,0.5150454640388489,0.0,1.0,0.553348778563394,0.5532722290246865,0.9998485544276895,0.9498485326766968,0.9998484008314729,0.9999946818681521,0.9999946758521114,0.999993855048272,0.9999938505262861,-5.062598395435016,-19.841640432998116,,907.0729299800863,False,False,False,,[]
592,592,593,True,1.0,1.0,592.0,593.0,592.0,593.0,593.0,0.0,27.358848000000002,28.324454400000004,237.8415652814079,0.5150454640388489,0.5150454640388489,0.0,1.0,0.5532722290246865,0.5531626908498579,0.9998484008314729,0.9498484134674072,0.9998481738351258,0.9999946758521114,0.9999946642949266,0.9999938505262861,0.9999938407226806,-7.243435743906666,-28.392294915566975,,866.8526470932688,False,False,False,,[]
593,593,594,True,1.0,1.0,593.0,594.0,593.0,594.0,594.0,0.0,28.324454400000004,29.772864000000002,312.40184746601227,0.5150455236434937,0.5150455236434937,0.0,1.0,0.5531626908498579,0.5530270646109332,0.9998481738351258,0.9498481750488281,0.9998478855111466,0.9999946642949266,0.9999946535698001,0.9999938407226806,0.999993833611923,-8.967564232380719,-35.154321129299106,,845.8129360139732,False,False,False,,[]
594,594,595,True,1.0,1.0,594.0,595.0,594.0,595.0,595.0,0.0,29.772864000000002,30.8994048,263.6902566477554,0.5150456428527832,0.5150456428527832,0.0,1.0,0.5530270646109332,0.5529066914529595,0.9998478855111466,0.9498478770256042,0.9998476334033176,0.9999946535698001,0.9999946435107128,0.999993833611923,0.9999938273439024,-7.959102787113523,-31.20072254679298,,860.6510808812767,False,False,False,,[]
595,595,596,True,1.0,1.0,595.0,596.0,595.0,596.0,596.0,0.0,30.8994048,32.5087488,338.3714828461641,0.515045702457428,0.515045702457428,0.0,1.0,0.5529066914529595,0.5527429607762413,0.9998476334033176,0.9498476386070251,0.9998472877355747,0.9999946435107128,0.9999946303366711,0.9999938273439024,0.9999938162943599,-10.824087831862672,-42.438991405356504,,817.9818352836282,False,False,False,,[]
596,596,597,True,1.0,1.0,596.0,597.0,596.0,597.0,597.0,0.0,32.5087488,33.796224,289.80833308214795,0.5150458216667175,0.5150458216667175,0.0,1.0,0.5527429607762413,0.5525872219184238,0.9998472877355747,0.9498472809791565,0.9998469578445909,0.9999946303366711,0.9999946148049949,0.9999938162943599,0.9999938031262116,-10.295502529214415,-40.36751194628745,,821.4039598445604,False,False,False,,[]
597,597,598,True,1.0,1.0,597.0,598.0,597.0,598.0,598.0,0.0,33.796224,33.957158400000004,117.58298123342851,0.5150459408760071,0.5150459408760071,0.0,1.0,0.5525872219184238,0.5525208611423148,0.9998469578445909,0.9498469233512878,0.9998468260126526,0.9999946148049949,0.9999946073957175,0.9999938031262116,0.9999937974769891,-4.387980964538497,-17.200713167452918,,915.245963438788,False,False,False,,[]
598,598,599,True,1.0,1.0,598.0,599.0,598.0,599.0,599.0,0.0,33.957158400000004,34.1180928,117.6734207179924,0.5150459408760071,0.5150459408760071,0.0,1.0,0.5525208611423148,0.5524554325348009,0.9998468260126526,0.9498468041419983,0.9998466961510313,0.9999946073957175,0.9999945995367672,0.9999937974769891,0.9999937936008773,-4.326332154384278,-16.95909506761125,,917.3050994776834,False,False,False,,[]
599,599,600,True,1.0,1.0,599.0,600.0,599.0,600.0,600.0,0.0,34.1180928,34.76183040000001,191.87860440381797,0.5150460004806519,0.5150460004806519,0.0,1.0,0.5524554325348009,0.5523525038388705,0.9998466961510313,0.9498466849327087,0.9998464842262419,0.9999945995367672,0.9999945888522634,0.9999937936008773,0.9999937884228424,-6.805110995773596,-26.67911798515239,,877.2055145797921,False,False,False,,[]
600,600,601,True,1.0,1.0,600.0,601.0,600.0,601.0,601.0,0.0,34.76183040000001,35.405568,192.24637731967422,0.5150460600852966,0.5150460600852966,0.0,1.0,0.5523525038388705,0.5522483364313474,0.9998464842262419,0.9498464465141296,0.9998462694909536,0.9999945888522634,0.9999945785254428,0.9999937884228424,0.9999937831379122,-6.886837234847941,-27.0001920299711,,876.2301384005502,False,False,False,,[]
601,601,602,True,1.0,1.0,601.0,602.0,601.0,602.0,602.0,0.0,35.405568,36.0493056,192.6210244956439,0.5150461196899414,0.5150461196899414,0.0,1.0,0.5522483364313474,0.5521409371704322,0.9998462694909536,0.9498462677001953,0.9998460473922979,0.9999945785254428,0.9999945672686232,0.9999937831379122,0.9999937777455233,-7.100284537290963,-27.837888429212583,,872.4036890444759,False,False,False,,[]
602,602,603,True,1.0,1.0,602.0,603.0,602.0,603.0,603.0,0.0,36.0493056,36.21024,118.88823137172203,0.5150461792945862,0.5150461792945862,0.0,1.0,0.5521409371704322,0.5520712926503462,0.9998460473922979,0.9498460292816162,0.9998459085917277,0.9999945672686232,0.9999945586873349,0.9999937777455233,0.99999377437979,-4.6047240987364235,-18.051859606308362,,912.8488598789532,False,False,False,,[]
603,603,604,True,1.0,1.0,603.0,604.0,603.0,604.0,604.0,0.0,36.21024,36.21024,94.27991431388402,0.515046238899231,0.515046238899231,0.0,1.0,0.5520712926503462,0.5520158628209351,0.9998459085917277,0.9498459100723267,0.9998457996463919,0.9999945586873349,0.9999945526360293,0.99999377437979,0.9999937703602245,-3.6650296713552697,-14.367411783364187,,929.026781605196,False,False,False,,[]
604,604,605,True,1.0,1.0,604.0,605.0,604.0,605.0,605.0,0.0,36.21024,36.21024,94.27991431388402,0.515046238899231,0.515046238899231,0.0,1.0,0.5520158628209351,0.5519604330617166,0.9998457996463919,0.9498457908630371,0.9998456907012014,0.9999945526360293,0.9999945465847238,0.9999937703602245,0.9999937663406591,-3.6650296713552697,-14.367393589413181,,929.0268547405361,False,False,False,,[]
605,605,606,True,1.0,1.0,605.0,606.0,605.0,606.0,606.0,0.0,36.21024,36.5321088,143.68945735388533,0.5150462985038757,0.5150462985038757,0.0,1.0,0.5519604330617166,0.5518793305822598,0.9998456907012014,0.9498456716537476,0.9998455272431125,0.9999945465847238,0.9999945383272655,0.9999937663406591,0.999993762245623,-5.3620893316782645,-21.021762675192598,,901.0626191446435,False,False,False,,[]
606,606,607,True,1.0,1.0,606.0,607.0,606.0,607.0,607.0,0.0,36.5321088,38.1414528,341.52182736197756,0.5150463581085205,0.5150463581085205,0.0,1.0,0.5518793305822598,0.5516953262392601,0.9998455272431125,0.9498454928398132,0.9998451421575119,0.9999945383272655,0.9999945285566388,0.999993762245623,0.9999937522541209,-12.161381278459674,-47.693925705511866,,804.9747233284365,False,False,False,,[]
607,607,608,True,1.0,1.0,607.0,608.0,607.0,608.0,608.0,0.0,38.1414528,40.394534400000005,441.3376811578582,0.5150464773178101,0.5150464773178101,0.0,1.0,0.5516953262392601,0.5514447550958484,0.9998451421575119,0.9498451352119446,0.999844634284073,0.9999945285566388,0.9999945149174887,0.9999937522541209,0.9999937386745809,-16.556608525079366,-64.94804037229628,,752.6849150687367,False,False,False,,[]
608,608,609,True,1.0,1.0,608.0,609.0,608.0,609.0,609.0,0.0,40.394534400000005,41.842944,319.28147809123965,0.5150465965270996,0.5150465965270996,0.0,1.0,0.5514447550958484,0.551251479631939,0.999844634284073,0.9498445987701416,0.9998442314717922,0.9999945149174887,0.9999945050865079,0.9999937386745809,0.9999937244490067,-12.772039586028928,-50.09700024532912,,795.157018599484,False,False,False,,[]
609,609,610,True,1.0,1.0,609.0,610.0,609.0,610.0,610.0,0.0,41.842944,42.647616,221.45035208135366,0.5150467157363892,0.5150467157363892,0.0,1.0,0.551251479631939,0.5511057639853322,0.9998442314717922,0.949844241142273,0.9998439215515917,0.9999945050865079,0.9999944946344943,0.9999937244490067,0.9999937110242736,-9.630109316338677,-37.76949560047676,,832.9276882841884,False,False,False,,[]
610,610,611,True,1.0,1.0,610.0,611.0,610.0,611.0,611.0,0.0,42.647616,43.452288,222.0142562309634,0.5150468349456787,0.5150468349456787,0.0,1.0,0.5511057639853322,0.5509574021896233,0.9998439215515917,0.9498438835144043,0.9998436063394788,0.9999944946344943,0.9999944841644158,0.9999937110242736,0.9999936975108028,-9.804588936445478,-38.45537744773941,,830.6568487988844,False,False,False,,[]
611,611,612,True,1.0,1.0,611.0,612.0,611.0,612.0,612.0,0.0,43.452288,42.003878400000005,-123.27789986800704,0.5150469541549683,0.5150469541549683,0.0,1.0,0.5509574021896233,0.5510098228652626,0.9998436063394788,0.9498435854911804,0.9998435036113786,0.9999944841644158,0.9999944762273458,0.9999936975108028,0.9999936871907306,3.466334159425823,13.587439125688567,,1024.4754598233592,False,False,False,,[]
612,612,613,True,1.0,1.0,612.0,613.0,612.0,613.0,613.0,0.0,42.003878400000005,36.693043200000005,-717.2190441312376,0.5150469541549683,0.5150469541549683,0.0,1.0,0.5510098228652626,0.551339565419887,0.9998435036113786,0.9498434662818909,0.9998428648503943,0.9999944762273458,0.9999944579737369,0.9999936871907306,0.999993665077384,21.824651285500412,85.46927015867911,,1291.1547517667682,False,False,False,,[]
613,613,614,True,1.0,1.0,613.0,614.0,613.0,614.0,614.0,0.0,36.693043200000005,31.382208000000002,-720.68560461209,0.5150471329689026,0.5150471329689026,0.0,1.0,0.551339565419887,0.5516187629956907,0.9998428648503943,0.9498428702354431,0.9998423076137093,0.9999944579737369,0.9999944384047347,0.999993665077384,0.9999936408994352,18.479525599319597,72.36801164830075,,1219.1062570480274,False,False,False,,[]
614,614,615,True,1.0,1.0,614.0,615.0,614.0,615.0,615.0,0.0,31.382208000000002,26.0713728,-723.6842857642387,0.5150473117828369,0.5150473117828369,0.0,1.0,0.5516187629956907,0.5518555752783344,0.9998423076137093,0.9498422741889954,0.9998418242329165,0.9999944384047347,0.9999944205622262,0.9999936408994352,0.9999936221276657,15.674358476099856,61.38174366125415,,1179.0505247518126,False,False,False,,[]
615,615,616,True,1.0,1.0,615.0,616.0,615.0,616.0,616.0,0.0,26.0713728,20.760537600000003,-726.2150875876822,0.5150474309921265,0.5150474309921265,0.0,1.0,0.5518555752783344,0.5520532027283066,0.9998418242329165,0.9498417973518372,0.9998414131661966,0.9999944205622262,0.9999944084324496,0.9999936221276657,0.9999936088031439,13.080784581936339,51.22503503280717,,1150.8360265201998,False,False,False,,[]
616,616,617,True,1.0,1.0,616.0,617.0,616.0,617.0,617.0,0.0,20.760537600000003,15.4497024,-728.2780100824234,0.5150476098060608,0.5150476098060608,0.0,1.0,0.5520532027283066,0.5521937270814622,0.9998414131661966,0.9498413801193237,0.999841113668046,0.9999944084324496,0.999994392098263,0.9999936088031439,0.999993590632883,9.300487678656038,36.42391233793865,,1082.3331832823033,False,False,False,,[]
617,617,618,True,1.0,1.0,617.0,618.0,617.0,618.0,618.0,0.0,15.4497024,10.1388672,-729.873053248459,0.5150476694107056,0.5150476694107056,0.0,1.0,0.5521937270814622,0.5522794612353948,0.999841113668046,0.9498410820960999,0.9998409400903386,0.999994392098263,0.9999943854372666,0.999993590632883,0.9999935547792065,5.673705739521751,22.222292699334577,,1026.5482946119066,False,False,False,,[]
618,618,619,True,1.0,1.0,618.0,619.0,618.0,619.0,619.0,0.0,10.1388672,4.828032,-731.0002170857914,0.5150477290153503,0.5150477290153503,0.0,1.0,0.5522794612353948,0.5523154971962302,0.9998409400903386,0.9498409032821655,0.9998408705940519,0.9999943854372666,0.9999943663171149,0.9999935547792065,0.9999935337758046,2.3845347640143544,9.340521048528672,,989.0832689499455,False,False,False,,[]
619,619,620,True,1.0,1.0,619.0,620.0,619.0,620.0,620.0,0.0,4.828032,0.0,-657.54518703442,0.5150477290153503,0.5150477290153503,0.0,1.0,0.5523154971962302,0.5523259541410502,0.9998408705940519,0.9498408436775208,0.9998408509259293,0.9999943663171149,0.9999943607690985,0.9999935337758046,0.9999935276813331,0.6919107240463949,2.7104400973598786,,996.857550816211,False,False,False,,[]
620,620,621,True,1.0,1.0,620.0,621.0,620.0,621.0,621.0,0.0,0.0,0.0,83.40462000000002,0.5150477290153503,0.5150477290153503,0.0,1.0,0.5523259541410502,0.5523259541410502,0.9998408509259293,0.9498408436775208,0.9998408509259293,0.9999943607690985,0.9999943607690985,0.9999935276813331,0.9999935276813331,-0.0,0.0,,1000.0,False,False,False,,[]
621,621,622,True,1.0,1.0,621.0,622.0,621.0,622.0,622.0,0.0,0.0,0.0,83.40462000000002,0.5150477290153503,0.5150477290153503,0.0,1.0,0.5523259541410502,0.5523259541410502,0.9998408509259293,0.9498408436775208,0.9998408509259293,0.9999943607690985,0.9999943607690985,0.9999935276813331,0.9999935276813331,-0.0,0.0,,1000.0,False,False,False,,[]
622,622,623,True,1.0,1.0,622.0,623.0,622.0,623.0,623.0,0.0,0.0,0.0,83.40462000000002,0.5150477290153503,0.5150477290153503,0.0,1.0,0.5523259541410502,0.5523259541410502,0.9998408509259293,0.9498408436775208,0.9998408509259293,0.9999943607690985,0.9999943607690985,0.9999935276813331,0.9999935276813331,-0.0,0.0,,1000.0,False,False,False,,[]
623,623,624,True,1.0,1.0,623.0,624.0,623.0,624.0,624.0,0.0,0.0,0.0,83.40462000000002,0.5150477290153503,0.5150477290153503,0.0,1.0,0.5523259541410502,0.5523259541410502,0.9998408509259293,0.9498408436775208,0.9998408509259293,0.9999943607690985,0.9999943607690985,0.9999935276813331,0.9999935276813331,-0.0,0.0,,1000.0,False,False,False,,[]
624,624,625,True,1.0,1.0,624.0,625.0,624.0,625.0,625.0,0.0,0.0,0.0,83.40462000000002,0.5150477290153503,0.5150477290153503,0.0,1.0,0.5523259541410502,0.5523259541410502,0.9998408509259293,0.9498408436775208,0.9998408509259293,0.9999943607690985,0.9999943607690985,0.9999935276813331,0.9999935276813331,-0.0,0.0,,1000.0,False,False,False,,[]
625,625,626,True,1.0,1.0,625.0,626.0,625.0,626.0,626.0,0.0,0.0,0.0,83.40462000000002,0.5150477290153503,0.5150477290153503,0.0,1.0,0.5523259541410502,0.5523259541410502,0.9998408509259293,0.9498408436775208,0.9998408509259293,0.9999943607690985,0.9999943607690985,0.9999935276813331,0.9999935276813331,-0.0,0.0,,1000.0,False,False,False,,[]
626,626,627,True,1.0,1.0,626.0,627.0,626.0,627.0,627.0,0.0,0.0,0.0,83.40462000000002,0.5150477290153503,0.5150477290153503,0.0,1.0,0.5523259541410502,0.5523259541410502,0.9998408509259293,0.9498408436775208,0.9998408509259293,0.9999943607690985,0.9999943607690985,0.9999935276813331,0.9999935276813331,-0.0,0.0,,1000.0,False,False,False,,[]
627,627,628,True,1.0,1.0,627.0,628.0,627.0,628.0,628.0,0.0,0.0,0.0,83.40462000000002,0.5150477290153503,0.5150477290153503,0.0,1.0,0.5523259541410502,0.5523259541410502,0.9998408509259293,0.9498408436775208,0.9998408509259293,0.9999943607690985,0.9999943607690985,0.9999935276813331,0.9999935276813331,-0.0,0.0,,1000.0,False,False,False,,[]
628,628,629,True,1.0,1.0,628.0,629.0,628.0,629.0,629.0,0.0,0.0,0.0,83.40462000000002,0.5150477290153503,0.5150477290153503,0.0,1.0,0.5523259541410502,0.5523259541410502,0.9998408509259293,0.9498408436775208,0.9998408509259293,0.9999943607690985,0.9999943607690985,0.9999935276813331,0.9999935276813331,-0.0,0.0,,1000.0,False,False,False,,[]
629,629,630,True,1.0,1.0,629.0,630.0,629.0,630.0,630.0,0.0,0.0,0.0,83.40462000000002,0.5150477290153503,0.5150477290153503,0.0,1.0,0.5523259541410502,0.5523259541410502,0.9998408509259293,0.9498408436775208,0.9998408509259293,0.9999943607690985,0.9999943607690985,0.9999935276813331,0.9999935276813331,-0.0,0.0,,1000.0,False,False,False,,[]
630,630,631,True,1.0,1.0,630.0,631.0,630.0,631.0,631.0,0.0,0.0,0.0,83.40462000000002,0.5150477290153503,0.5150477290153503,0.0,1.0,0.5523259541410502,0.5523259541410502,0.9998408509259293,0.9498408436775208,0.9998408509259293,0.9999943607690985,0.9999943607690985,0.9999935276813331,0.9999935276813331,-0.0,0.0,,1000.0,False,False,False,,[]
631,631,632,True,1.0,1.0,631.0,632.0,631.0,632.0,632.0,0.0,0.0,0.0,83.40462000000002,0.5150477290153503,0.5150477290153503,0.0,1.0,0.5523259541410502,0.5523259541410502,0.9998408509259293,0.9498408436775208,0.9998408509259293,0.9999943607690985,0.9999943607690985,0.9999935276813331,0.9999935276813331,-0.0,0.0,,1000.0,False,False,False,,[]
632,632,633,True,1.0,1.0,632.0,633.0,632.0,633.0,633.0,0.0,0.0,0.0,83.40462000000002,0.5150477290153503,0.5150477290153503,0.0,1.0,0.5523259541410502,0.5523259541410502,0.9998408509259293,0.9498408436775208,0.9998408509259293,0.9999943607690985,0.9999943607690985,0.9999935276813331,0.9999935276813331,-0.0,0.0,,1000.0,False,False,False,,[]
633,633,634,True,1.0,1.0,633.0,634.0,633.0,634.0,634.0,0.0,0.0,0.0,83.40462000000002,0.5150477290153503,0.5150477290153503,0.0,1.0,0.5523259541410502,0.5523259541410502,0.9998408509259293,0.9498408436775208,0.9998408509259293,0.9999943607690985,0.9999943607690985,0.9999935276813331,0.9999935276813331,-0.0,0.0,,1000.0,False,False,False,,[]
634,634,635,True,1.0,1.0,634.0,635.0,634.0,635.0,635.0,0.0,0.0,0.0,83.40462000000002,0.5150477290153503,0.5150477290153503,0.0,1.0,0.5523259541410502,0.5523259541410502,0.9998408509259293,0.9498408436775208,0.9998408509259293,0.9999943607690985,0.9999943607690985,0.9999935276813331,0.9999935276813331,-0.0,0.0,,1000.0,False,False,False,,[]
635,635,636,True,1.0,1.0,635.0,636.0,635.0,636.0,636.0,0.0,0.0,0.0,83.40462000000002,0.5150477290153503,0.5150477290153503,0.0,1.0,0.5523259541410502,0.5523259541410502,0.9998408509259293,0.9498408436775208,0.9998408509259293,0.9999943607690985,0.9999943607690985,0.9999935276813331,0.9999935276813331,-0.0,0.0,,1000.0,False,False,False,,[]
636,636,637,True,1.0,1.0,636.0,637.0,636.0,637.0,637.0,0.0,0.0,0.0,83.40462000000002,0.5150477290153503,0.5150477290153503,0.0,1.0,0.5523259541410502,0.5523259541410502,0.9998408509259293,0.9498408436775208,0.9998408509259293,0.9999943607690985,0.9999943607690985,0.9999935276813331,0.9999935276813331,-0.0,0.0,,1000.0,False,False,False,,[]
637,637,638,True,1.0,1.0,637.0,638.0,637.0,638.0,638.0,0.0,0.0,0.0,83.40462000000002,0.5150477290153503,0.5150477290153503,0.0,1.0,0.5523259541410502,0.5523259541410502,0.9998408509259293,0.9498408436775208,0.9998408509259293,0.9999943607690985,0.9999943607690985,0.9999935276813331,0.9999935276813331,-0.0,0.0,,1000.0,False,False,False,,[]
638,638,639,True,1.0,1.0,638.0,639.0,638.0,639.0,639.0,0.0,0.0,0.0,83.40462000000002,0.5150477290153503,0.5150477290153503,0.0,1.0,0.5523259541410502,0.5523259541410502,0.9998408509259293,0.9498408436775208,0.9998408509259293,0.9999943607690985,0.9999943607690985,0.9999935276813331,0.9999935276813331,-0.0,0.0,,1000.0,False,False,False,,[]
639,639,640,True,1.0,1.0,639.0,640.0,639.0,640.0,640.0,0.0,0.0,0.0,83.40462000000002,0.5150477290153503,0.5150477290153503,0.0,1.0,0.5523259541410502,0.5523259541410502,0.9998408509259293,0.9498408436775208,0.9998408509259293,0.9999943607690985,0.9999943607690985,0.9999935276813331,0.9999935276813331,-0.0,0.0,,1000.0,False,False,False,,[]
640,640,641,True,1.0,1.0,640.0,641.0,640.0,641.0,641.0,0.0,0.0,0.0,83.40462000000002,0.5150477290153503,0.5150477290153503,0.0,1.0,0.5523259541410502,0.5523259541410502,0.9998408509259293,0.9498408436775208,0.9998408509259293,0.9999943607690985,0.9999943607690985,0.9999935276813331,0.9999935276813331,-0.0,0.0,,1000.0,False,False,False,,[]
641,641,642,True,1.0,1.0,641.0,642.0,641.0,642.0,642.0,0.0,0.0,0.0,83.40462000000002,0.5150477290153503,0.5150477290153503,0.0,1.0,0.5523259541410502,0.5523259541410502,0.9998408509259293,0.9498408436775208,0.9998408509259293,0.9999943607690985,0.9999943607690985,0.9999935276813331,0.9999935276813331,-0.0,0.0,,1000.0,False,False,False,,[]
642,642,643,True,1.0,1.0,642.0,643.0,642.0,643.0,643.0,0.0,0.0,0.0,83.40462000000002,0.5150477290153503,0.5150477290153503,0.0,1.0,0.5523259541410502,0.5523259541410502,0.9998408509259293,0.9498408436775208,0.9998408509259293,0.9999943607690985,0.9999943607690985,0.9999935276813331,0.9999935276813331,-0.0,0.0,,1000.0,False,False,False,,[]
643,643,644,True,1.0,1.0,643.0,644.0,643.0,644.0,644.0,0.0,0.0,0.0,83.40462000000002,0.5150477290153503,0.5150477290153503,0.0,1.0,0.5523259541410502,0.5523259541410502,0.9998408509259293,0.9498408436775208,0.9998408509259293,0.9999943607690985,0.9999943607690985,0.9999935276813331,0.9999935276813331,-0.0,0.0,,1000.0,False,False,False,,[]
644,644,645,True,1.0,1.0,644.0,645.0,644.0,645.0,645.0,0.0,0.0,0.0,83.40462000000002,0.5150477290153503,0.5150477290153503,0.0,1.0,0.5523259541410502,0.5523259541410502,0.9998408509259293,0.9498408436775208,0.9998408509259293,0.9999943607690985,0.9999943607690985,0.9999935276813331,0.9999935276813331,-0.0,0.0,,1000.0,False,False,False,,[]
645,645,646,True,1.0,1.0,645.0,646.0,645.0,646.0,646.0,0.0,0.0,3.218688,577.5000504000001,0.5150477290153503,0.5150477290153503,0.0,1.0,0.5523259541410502,0.552302417248602,0.9998408509259293,0.9498408436775208,0.999840806086063,0.9999943607690985,0.9999943575206731,0.9999935276813331,0.9999935241129522,-1.557560316928,-6.100762522582992,,966.335121035859,False,False,False,,[]
646,646,647,True,1.0,1.0,646.0,647.0,646.0,647.0,647.0,0.0,3.218688,7.2420480000000005,701.1098362513691,0.5150477886199951,0.5150477886199951,0.0,1.0,0.552302417248602,0.5522095284833485,0.999840806086063,0.949840784072876,0.999840616702208,0.9999943575206731,0.9999943447035562,0.9999935241129522,0.9999935100334094,-6.14557139603553,-24.076767953701964,,878.1760694261231,False,False,False,,[]
647,647,648,True,1.0,1.0,647.0,648.0,647.0,648.0,648.0,0.0,7.2420480000000005,12.5528832,899.0970919325554,0.5150477886199951,0.5150477886199951,0.0,1.0,0.5522095284833485,0.5520342157401223,0.999840616702208,0.9498406052589417,0.9998402484074465,0.9999943447035562,0.9999943382182302,0.9999935100334094,0.9999934758668821,-11.595383228164009,-45.44106304419965,,798.215781723798,False,False,False,,[]
648,648,649,True,1.0,1.0,648.0,649.0,648.0,649.0,649.0,0.0,12.5528832,16.4153088,677.6261051833218,0.5150479078292847,0.5150479078292847,0.0,1.0,0.5520342157401223,0.5518352244384432,0.9998402484074465,0.949840247631073,0.9998398347627853,0.9999943382182302,0.9999943265702623,0.9999934758668821,0.999993438183345,-13.159627065443393,-51.57854539522448,,775.3817696831507,False,False,False,,[]
649,649,650,True,1.0,1.0,649.0,650.0,649.0,650.0,650.0,0.0,16.4153088,20.1168,653.849358778107,0.5150480270385742,0.5150480270385742,0.0,1.0,0.5518352244384432,0.5516520129519739,0.9998398347627853,0.9498398303985596,0.9998394512020155,0.9999943265702623,0.9999943109455885,0.999993438183345,0.9999934261996427,-12.115752219343143,-47.48841729285265,,800.5277466487034,False,False,False,,[]
650,650,651,True,1.0,1.0,650.0,651.0,650.0,651.0,651.0,0.0,20.1168,22.530816,457.3327651191001,0.5150481462478638,0.5150481462478638,0.0,1.0,0.5516520129519739,0.5515066531771916,0.9998394512020155,0.9498394131660461,0.9998391419945677,0.9999943109455885,0.9999943039893681,0.9999934261996427,0.9999934135615416,-9.613114899329434,-37.677253623564134,,836.2079087001949,False,False,False,,[]
651,651,652,True,1.0,1.0,651.0,652.0,651.0,652.0,652.0,0.0,22.530816,24.622963200000004,408.7771340770797,0.5150482654571533,0.5150482654571533,0.0,1.0,0.5515066531771916,0.5513546348090446,0.9998391419945677,0.9498391151428223,0.9998388194928802,0.9999943039893681,0.9999942907152762,0.9999934135615416,0.999993400959063,-10.05275569455115,-39.40316102370943,,826.3471826132406,False,False,False,,[]
652,652,653,True,1.0,1.0,652.0,653.0,652.0,653.0,653.0,0.0,24.622963200000004,28.163520000000002,631.9383295307392,0.5150483846664429,0.5150483846664429,0.0,1.0,0.5513546348090446,0.5511068927874577,0.9998388194928802,0.9498388171195984,0.9998383166159693,0.9999942907152762,0.9999942786298005,0.999993400959063,0.9999933803887535,-16.377039042974616,-64.21473199529993,,751.492371116963,False,False,False,,[]
653,653,654,True,1.0,1.0,653.0,654.0,653.0,654.0,654.0,0.0,28.163520000000002,31.543142400000004,608.7837036654371,0.5150485038757324,0.5150485038757324,0.0,1.0,0.5511068927874577,0.5508423490180435,0.9998383166159693,0.9498382806777954,0.9998377843732663,0.9999942786298005,0.9999942627766816,0.9999933803887535,0.999993366148119,-17.48519802891939,-68.56974503217049,,741.9158292347935,False,False,False,,[]
654,654,655,True,1.0,1.0,654.0,655.0,654.0,655.0,655.0,0.0,31.543142400000004,33.796224,437.52397054147434,0.5150486826896667,0.5150486826896667,0.0,1.0,0.5508423490180435,0.5506276132177962,0.9998377843732663,0.9498377442359924,0.9998373412811773,0.9999942627766816,0.9999942502541903,0.999993366148119,0.9999933486628442,-14.19396836531207,-55.65951942411256,,775.7634281851325,False,False,False,,[]
655,655,656,True,1.0,1.0,655.0,656.0,655.0,656.0,656.0,0.0,33.796224,35.7274368,389.3354679534269,0.5150488018989563,0.5150488018989563,0.0,1.0,0.5506276132177962,0.5504217693570832,0.9998373412811773,0.949837327003479,0.9998369147487322,0.9999942502541903,0.9999942317286795,0.9999933486628442,0.9999933380581081,-13.605611456069976,-53.35472869680119,,782.7008386676363,False,False,False,,[]
656,656,657,True,1.0,1.0,656.0,657.0,656.0,657.0,657.0,0.0,35.7274368,37.4977152,365.74432657116995,0.5150489211082458,0.5150489211082458,0.0,1.0,0.5504217693570832,0.550229344404308,0.9998369147487322,0.9498369097709656,0.9998365135546355,0.9999942317286795,0.999994222157113,0.9999933380581081,0.9999933275655584,-12.718356039404666,-49.876547759333974,,798.3340501119437,False,False,False,,[]
657,657,658,True,1.0,1.0,657.0,658.0,657.0,658.0,658.0,0.0,37.4977152,39.428928,391.5242753364238,0.5150490403175354,0.5150490403175354,0.0,1.0,0.550229344404308,0.5500124014561993,0.9998365135546355,0.9498364925384521,0.9998360663812005,0.999994222157113,0.9999942109505756,0.9999933275655584,0.999993315765653,-14.336921700557243,-56.231612149784475,,778.4119984191419,False,False,False,,[]
658,658,659,True,1.0,1.0,658.0,659.0,658.0,659.0,659.0,0.0,39.428928,40.7164032,293.93740038105494,0.515049159526825,0.515049159526825,0.0,1.0,0.5500124014561993,0.5498408822379548,0.9998360663812005,0.9498360753059387,0.9998357054661859,0.9999942109505756,0.999994200631124,0.999993315765653,0.9999933065361988,-11.335893551653415,-44.45778136898991,,814.8899126071558,False,False,False,,[]
659,659,660,True,1.0,1.0,659.0,660.0,659.0,660.0,660.0,0.0,40.7164032,41.19920640000001,171.2693881646904,0.5150492787361145,0.5150492787361145,0.0,1.0,0.5498408822379548,0.549719075886563,0.9998357054661859,0.9498357176780701,0.9998354499987708,0.999994200631124,0.9999941911719972,0.9999933065361988,0.9999932892333371,-8.05120024336569,-31.57220628076351,,851.7052679308692,False,False,False,,[]
660,660,661,True,1.0,1.0,660.0,661.0,660.0,661.0,661.0,0.0,41.19920640000001,41.842944,196.30219078429013,0.515049397945404,0.515049397945404,0.0,1.0,0.549719075886563,0.549584221250876,0.9998354499987708,0.9498354196548462,0.9998351635314381,0.9999941911719972,0.9999941811191523,0.9999932892333371,0.9999932725290954,-8.913088731437888,-34.95432157006092,,840.153661898056,False,False,False,,[]
661,661,662,True,1.0,1.0,661.0,662.0,661.0,662.0,662.0,0.0,41.842944,42.003878400000005,122.63126600135394,0.5150494575500488,0.5150494575500488,0.0,1.0,0.549584221250876,0.5494973308964319,0.9998351635314381,0.9498351812362671,0.9998349874137933,0.9999941811191523,0.9999941732797553,0.9999932725290954,0.9999932622065415,-5.743635863860901,-22.52197987191967,,890.7384023772364,False,False,False,,[]
662,662,663,True,1.0,1.0,662.0,663.0,662.0,663.0,663.0,0.0,42.003878400000005,42.1648128,122.743187548762,0.5150495171546936,0.5150495171546936,0.0,1.0,0.5494973308964319,0.5494103543490207,0.9998349874137933,0.9498350024223328,0.9998348111065788,0.9999941732797553,0.9999941654213246,0.9999932622065415,0.9999932520438078,-5.7492873352982805,-22.544321088972655,,890.7666779383525,False,False,False,,[]
663,663,664,True,1.0,1.0,663.0,664.0,663.0,664.0,664.0,0.0,42.1648128,42.1648128,98.15076721742726,0.5150495767593384,0.5150495767593384,0.0,1.0,0.5494103543490207,0.5493391885486243,0.9998348111065788,0.9498348236083984,0.999834669062883,0.9999941654213246,0.9999941586755846,0.9999932520438078,0.9999932433578568,-4.7043706058894745,-18.446175462753995,,908.4286967680456,False,False,False,,[]
664,664,665,True,1.0,1.0,664.0,665.0,664.0,665.0,665.0,0.0,42.1648128,42.4866816,147.5603102574266,0.5150495767593384,0.5150495767593384,0.0,1.0,0.5493391885486243,0.5492361675178479,0.999834669062883,0.9498346447944641,0.9998344569288202,0.9999941586755846,0.9999941498321704,0.9999932433578568,0.999993231910905,-6.809453088694095,-26.703051177257237,,873.7250580204267,False,False,False,,[]
665,665,666,True,1.0,1.0,665.0,666.0,665.0,666.0,666.0,0.0,42.4866816,42.647616,123.08153003852826,0.5150496363639832,0.5150496363639832,0.0,1.0,0.5492361675178479,0.5491480529977606,0.9998344569288202,0.9498344659805298,0.9998342781159086,0.9999941498321704,0.9999941419172387,0.999993231910905,0.9999932216179649,-5.824357265069875,-22.83928360662179,,889.5185232988632,False,False,False,,[]
666,666,667,True,1.0,1.0,666.0,667.0,666.0,667.0,667.0,0.0,42.647616,42.647616,98.49039863096306,0.5150496959686279,0.5150496959686279,0.0,1.0,0.5491480529977606,0.5490758499393049,0.9998342781159086,0.9498342871665955,0.999834133855584,0.9999941419172387,0.9999941350780585,0.9999932216179649,0.9999932128135008,-4.7728152678245905,-18.715032751713572,,907.216488326528,False,False,False,,[]
667,667,668,True,1.0,1.0,667.0,668.0,667.0,668.0,668.0,0.0,42.647616,41.842944,-25.033458969036307,0.5150497555732727,0.5150497555732727,0.0,1.0,0.5490758499393049,0.5490855592930934,0.999834133855584,0.9498341083526611,0.9998341156069316,0.9999941350780585,0.999994132965036,0.9999932128135008,0.999993210327549,0.6419795806293316,2.516664501995585,,1003.2963444258863,False,False,False,,[]
668,668,669,True,1.0,1.0,668.0,669.0,668.0,669.0,669.0,0.0,41.842944,41.038272000000006,-25.597363118646086,0.5150497555732727,0.5150497555732727,0.0,1.0,0.5490855592930934,0.5490945384045253,0.9998341156069316,0.9498341083526611,0.9998340987428155,0.999994132965036,0.9999941308489606,0.999993210327549,0.9999932068806976,0.5937177900278855,2.327385683122246,,1001.7327703349881,False,False,False,,[]
669,669,670,True,1.0,1.0,669.0,670.0,669.0,670.0,670.0,0.0,41.038272000000006,37.98051840000001,-372.0173275168332,0.5150497555732727,0.5150497555732727,0.0,1.0,0.5490945384045253,0.5492651286586462,0.9998340987428155,0.9498341083526611,0.999833739639653,0.9999941308489606,0.9999941200349911,0.9999932068806976,0.9999931953637881,11.28594926568482,44.216993868141415,,1126.5689626790343,False,False,False,,[]
670,670,671,True,1.0,1.0,670.0,671.0,670.0,671.0,671.0,0.0,37.98051840000001,34.4399616,-448.13570371938766,0.5150498747825623,0.5150498747825623,0.0,1.0,0.5492651286586462,0.5494498109923419,0.999833739639653,0.9498337507247925,0.9998333532512323,0.9999941200349911,0.9999941042097507,0.9999931953637881,0.9999931826488794,12.220081288765549,47.869660893924916,,1133.1487677521302,False,False,False,,[]
671,671,672,True,1.0,1.0,671.0,672.0,671.0,672.0,672.0,0.0,34.4399616,29.772864000000002,-623.1958285807663,0.5150499939918518,0.5150499939918518,0.0,1.0,0.5494498109923419,0.5496748123240686,0.9998333532512323,0.949833333492279,0.999832891276381,0.9999941042097507,0.9999940863745331,0.9999931826488794,0.9999931616791352,14.891408202015514,58.32034518354406,,1162.7891899707283,False,False,False,,[]
672,672,673,True,1.0,1.0,672.0,673.0,672.0,673.0,673.0,0.0,29.772864000000002,26.3932416,-428.04334591224443,0.5150501728057861,0.5150501728057861,0.0,1.0,0.5496748123240686,0.5498043759286838,0.999832891276381,0.9498328566551208,0.9998326174695248,0.9999940863745331,0.9999940729193139,0.9999931616791352,0.9999931452263742,8.573460438807334,33.58288631628262,,1077.9055581178386,False,False,False,,[]
673,673,674,True,1.0,1.0,673.0,674.0,673.0,674.0,674.0,0.0,26.3932416,23.335488,-380.2082232579508,0.5150502324104309,0.5150502324104309,0.0,1.0,0.5498043759286838,0.5499036169696736,0.9998326174695248,0.9498326182365417,0.9998324138732264,0.9999940729193139,0.9999940596423775,0.9999931452263742,0.9999931321103436,6.566842840498064,25.723277824564292,,1055.396099297608,False,False,False,,[]
674,674,675,True,1.0,1.0,674.0,675.0,674.0,675.0,675.0,0.0,23.335488,18.6683904,-628.5171503674189,0.5150502920150757,0.5150502920150757,0.0,1.0,0.5499036169696736,0.5500569232338985,0.9998324138732264,0.9498323798179626,0.9998320888104606,0.9999940596423775,0.9999940502266345,0.9999931321103436,0.9999931216316281,10.146730267522575,39.736983687097265,,1112.2301742322989,False,False,False,,[]
675,675,676,True,1.0,1.0,675.0,676.0,675.0,676.0,676.0,0.0,18.6683904,14.0012928,-630.1431277039484,0.5150503516197205,0.5150503516197205,0.0,1.0,0.5500569232338985,0.5501681445956574,0.9998320888104606,0.9498320817947388,0.9998318579462094,0.9999940502266345,0.9999940428843324,0.9999931216316281,0.99999310303696,7.3609372731117775,28.828576967919346,,1066.3231302305364,False,False,False,,[]
676,676,677,True,1.0,1.0,676.0,677.0,676.0,677.0,677.0,0.0,14.0012928,9.3341952,-631.4077767434708,0.51505047082901,0.51505047082901,0.0,1.0,0.5501681445956574,0.5502325455878614,0.9998318579462094,0.9498318433761597,0.9998317302526147,0.9999940428843324,0.999994034157887,0.99999310303696,0.9999930747514078,4.261876011055517,16.6927371792636,,1014.8365399574129,False,False,False,,[]
677,677,678,True,1.0,1.0,677.0,678.0,677.0,678.0,678.0,0.0,9.3341952,5.632704,-484.08246836598704,0.51505047082901,0.51505047082901,0.0,1.0,0.5502325455878614,0.5502564091249018,0.9998317302526147,0.9498317241668701,0.9998316847759319,0.999994034157887,0.9999940214960857,0.9999930747514078,0.9999930608426278,1.5790849954468662,6.185428800890694,,992.7975393550503,False,False,False,,[]
678,678,679,True,1.0,1.0,678.0,679.0,678.0,679.0,679.0,0.0,5.632704,3.218688,-286.90379753018266,0.5150505304336548,0.5150505304336548,0.0,1.0,0.5502564091249018,0.5502647736805797,0.9998316847759319,0.9498316645622253,0.9998316690754855,0.9999940214960857,0.9999940170580354,0.9999930608426278,0.9999930559675039,0.5534803285882146,2.168092831696765,,997.4876644237258,False,False,False,,[]
679,679,680,True,1.0,1.0,679.0,680.0,679.0,680.0,680.0,0.0,3.218688,0.0,-410.60488214863113,0.5150505304336548,0.5150505304336548,0.0,1.0,0.5502647736805797,0.550269126762424,0.9998316690754855,0.9498316645622253,0.9998316609366614,0.9999940170580354,0.9999940147483791,0.9999930559675039,0.9999930534303851,0.2880429886862131,1.1283188140598008,,998.6941319781351,False,False,False,,[]
680,680,681,True,1.0,1.0,680.0,681.0,680.0,681.0,681.0,0.0,0.0,0.0,83.40462000000002,0.5150505304336548,0.5150505304336548,0.0,1.0,0.550269126762424,0.550269126762424,0.9998316609366614,0.9498316645622253,0.9998316609366614,0.9999940147483791,0.9999940147483791,0.9999930534303851,0.9999930534303851,-0.0,0.0,,1000.0,False,False,False,,[]
681,681,682,True,1.0,1.0,681.0,682.0,681.0,682.0,682.0,0.0,0.0,0.0,83.40462000000002,0.5150505304336548,0.5150505304336548,0.0,1.0,0.550269126762424,0.550269126762424,0.9998316609366614,0.9498316645622253,0.9998316609366614,0.9999940147483791,0.9999940147483791,0.9999930534303851,0.9999930534303851,-0.0,0.0,,1000.0,False,False,False,,[]
682,682,683,True,1.0,1.0,682.0,683.0,682.0,683.0,683.0,0.0,0.0,0.0,83.40462000000002,0.5150505304336548,0.5150505304336548,0.0,1.0,0.550269126762424,0.550269126762424,0.9998316609366614,0.9498316645622253,0.9998316609366614,0.9999940147483791,0.9999940147483791,0.9999930534303851,0.9999930534303851,-0.0,0.0,,1000.0,False,False,False,,[]
683,683,684,True,1.0,1.0,683.0,684.0,683.0,684.0,684.0,0.0,0.0,0.0,83.40462000000002,0.5150505304336548,0.5150505304336548,0.0,1.0,0.550269126762424,0.550269126762424,0.9998316609366614,0.9498316645622253,0.9998316609366614,0.9999940147483791,0.9999940147483791,0.9999930534303851,0.9999930534303851,-0.0,0.0,,1000.0,False,False,False,,[]
684,684,685,True,1.0,1.0,684.0,685.0,684.0,685.0,685.0,0.0,0.0,0.0,83.40462000000002,0.5150505304336548,0.5150505304336548,0.0,1.0,0.550269126762424,0.550269126762424,0.9998316609366614,0.9498316645622253,0.9998316609366614,0.9999940147483791,0.9999940147483791,0.9999930534303851,0.9999930534303851,-0.0,0.0,,1000.0,False,False,False,,[]
685,685,686,True,1.0,1.0,685.0,686.0,685.0,686.0,686.0,0.0,0.0,0.0,83.40462000000002,0.5150505304336548,0.5150505304336548,0.0,1.0,0.550269126762424,0.550269126762424,0.9998316609366614,0.9498316645622253,0.9998316609366614,0.9999940147483791,0.9999940147483791,0.9999930534303851,0.9999930534303851,-0.0,0.0,,1000.0,False,False,False,,[]
686,686,687,True,1.0,1.0,686.0,687.0,686.0,687.0,687.0,0.0,0.0,0.0,83.40462000000002,0.5150505304336548,0.5150505304336548,0.0,1.0,0.550269126762424,0.550269126762424,0.9998316609366614,0.9498316645622253,0.9998316609366614,0.9999940147483791,0.9999940147483791,0.9999930534303851,0.9999930534303851,-0.0,0.0,,1000.0,False,False,False,,[]
687,687,688,True,1.0,1.0,687.0,688.0,687.0,688.0,688.0,0.0,0.0,0.0,83.40462000000002,0.5150505304336548,0.5150505304336548,0.0,1.0,0.550269126762424,0.550269126762424,0.9998316609366614,0.9498316645622253,0.9998316609366614,0.9999940147483791,0.9999940147483791,0.9999930534303851,0.9999930534303851,-0.0,0.0,,1000.0,False,False,False,,[]
688,688,689,True,1.0,1.0,688.0,689.0,688.0,689.0,689.0,0.0,0.0,0.0,83.40462000000002,0.5150505304336548,0.5150505304336548,0.0,1.0,0.550269126762424,0.550269126762424,0.9998316609366614,0.9498316645622253,0.9998316609366614,0.9999940147483791,0.9999940147483791,0.9999930534303851,0.9999930534303851,-0.0,0.0,,1000.0,False,False,False,,[]
689,689,690,True,1.0,1.0,689.0,690.0,689.0,690.0,690.0,0.0,0.0,0.0,83.40462000000002,0.5150505304336548,0.5150505304336548,0.0,1.0,0.550269126762424,0.550269126762424,0.9998316609366614,0.9498316645622253,0.9998316609366614,0.9999940147483791,0.9999940147483791,0.9999930534303851,0.9999930534303851,-0.0,0.0,,1000.0,False,False,False,,[]
690,690,691,True,1.0,1.0,690.0,691.0,690.0,691.0,691.0,0.0,0.0,0.0,83.40462000000002,0.5150505304336548,0.5150505304336548,0.0,1.0,0.550269126762424,0.550269126762424,0.9998316609366614,0.9498316645622253,0.9998316609366614,0.9999940147483791,0.9999940147483791,0.9999930534303851,0.9999930534303851,-0.0,0.0,,1000.0,False,False,False,,[]
691,691,692,True,1.0,1.0,691.0,692.0,691.0,692.0,692.0,0.0,0.0,0.0,83.40462000000002,0.5150505304336548,0.5150505304336548,0.0,1.0,0.550269126762424,0.550269126762424,0.9998316609366614,0.9498316645622253,0.9998316609366614,0.9999940147483791,0.9999940147483791,0.9999930534303851,0.9999930534303851,-0.0,0.0,,1000.0,False,False,False,,[]
692,692,693,True,1.0,1.0,692.0,693.0,692.0,693.0,693.0,0.0,0.0,0.0,83.40462000000002,0.5150505304336548,0.5150505304336548,0.0,1.0,0.550269126762424,0.550269126762424,0.9998316609366614,0.9498316645622253,0.9998316609366614,0.9999940147483791,0.9999940147483791,0.9999930534303851,0.9999930534303851,-0.0,0.0,,1000.0,False,False,False,,[]
693,693,694,True,1.0,1.0,693.0,694.0,693.0,694.0,694.0,0.0,0.0,2.2530816,429.27142128,0.5150505304336548,0.5150505304336548,0.0,1.0,0.550269126762424,0.5502568796918331,0.9998316609366614,0.9498316645622253,0.9998316378611755,0.9999940147483791,0.9999940130581202,0.9999930534303851,0.9999930515736639,-0.8104437243940141,-3.17444069714435,,982.2202427014399,False,False,False,,[]
694,694,695,True,1.0,1.0,694.0,695.0,694.0,695.0,695.0,0.0,2.2530816,5.3108352,552.8373837231708,0.5150505304336548,0.5150505304336548,0.0,1.0,0.5502568796918331,0.5502039228118762,0.9998316378611755,0.9498316049575806,0.9998315340278312,0.9999940130581202,0.9999940057502891,0.9999930515736639,0.9999930435461338,-3.50395171309849,-13.726423284816013,,927.0628005617957,False,False,False,,[]
695,695,696,True,1.0,1.0,695.0,696.0,695.0,696.0,696.0,0.0,5.3108352,7.081113600000001,355.3910463843523,0.5150505304336548,0.5150505304336548,0.0,1.0,0.5502039228118762,0.5501481483900894,0.9998315340278312,0.9498315453529358,0.999831424368251,0.9999940057502891,0.9999939980538392,0.9999930435461338,0.9999930350917126,-3.6902862835372208,-14.456730127149388,,923.4537623925486,False,False,False,,[]
696,696,697,True,1.0,1.0,696.0,697.0,696.0,697.0,697.0,0.0,7.081113600000001,10.460736,602.6207146566259,0.5150505900382996,0.5150505900382996,0.0,1.0,0.5501481483900894,0.550031352337593,0.999831424368251,0.9498314261436462,0.9998311806067659,0.9999939980538392,0.9999939859236504,0.9999930350917126,0.9999930147982021,-7.7261384478796336,-30.273536807059035,,852.0820495785874,False,False,False,,[]
697,697,698,True,1.0,1.0,697.0,698.0,697.0,698.0,698.0,0.0,10.460736,14.8059648,751.3410681950845,0.5150506496429443,0.5150506496429443,0.0,1.0,0.550031352337593,0.5498433460664967,0.9998311806067659,0.9498311877250671,0.9998307878458272,0.9999939859236504,0.9999939781668719,0.9999930147982021,0.9999929783544275,-12.433426646125769,-48.73122546817674,,786.4832359929636,False,False,False,,[]
698,698,699,True,1.0,1.0,698.0,699.0,698.0,699.0,699.0,0.0,14.8059648,18.185587200000004,604.0230637189677,0.5150507688522339,0.5150507688522339,0.0,1.0,0.5498433460664967,0.549691598991951,0.9998307878458272,0.9498307704925537,0.9998304658840548,0.9999939781668719,0.9999939710595703,0.9999929783544275,0.9999929627399389,-10.035919343894365,-39.332841722226924,,828.7303976409027,False,False,False,,[]
699,699,700,True,1.0,1.0,699.0,700.0,699.0,700.0,700.0,0.0,18.185587200000004,21.726144,629.6526380443254,0.5150508880615234,0.5150508880615234,0.0,1.0,0.549691598991951,0.5495111438260789,0.9998304658840548,0.9498304724693298,0.9998300876350165,0.9999939710595703,0.9999939620966369,0.9999929627399389,0.9999929528943208,-11.93282376020703,-46.77397899404736,,808.3495255433386,False,False,False,,[]
700,700,701,True,1.0,1.0,700.0,701.0,700.0,701.0,701.0,0.0,21.726144,23.4964224,359.0722126729981,0.515051007270813,0.515051007270813,0.0,1.0,0.5495111438260789,0.5493733540198675,0.9998300876350165,0.9498300552368164,0.9998297940909278,0.9999939620966369,0.9999939454310568,0.9999929528943208,0.9999929415705059,-9.112151878344504,-35.71511776999981,,836.7265312801713,False,False,False,,[]
701,701,702,True,1.0,1.0,701.0,702.0,701.0,702.0,702.0,0.0,23.4964224,26.3932416,532.6696238754515,0.5150510668754578,0.5150510668754578,0.0,1.0,0.5493733540198675,0.5491729959411256,0.9998297940909278,0.9498297572135925,0.9998293778670755,0.9999939454310568,0.9999939338866918,0.9999929415705059,0.999992924518936,-13.246631114568604,-51.9328140099254,,787.0443688769712,False,False,False,,[]
702,702,703,True,1.0,1.0,702.0,703.0,702.0,703.0,703.0,0.0,26.3932416,26.8760448,163.2967501820489,0.5150511860847473,0.5150511860847473,0.0,1.0,0.5491729959411256,0.5491000030556004,0.9998293778670755,0.9498293399810791,0.9998292319159642,0.9999939338866918,0.999993925210583,0.999992924518936,0.9999929187571818,-4.827502100804233,-18.91975592812859,,907.4197227072574,False,False,False,,[]
703,703,704,True,1.0,1.0,703.0,704.0,703.0,704.0,704.0,0.0,26.8760448,26.554176000000002,39.98620946607297,0.5150512456893921,0.5150512456893921,0.0,1.0,0.5491000030556004,0.5490794762437345,0.9998292319159642,0.9498292207717896,0.9998291929255511,0.999993925210583,0.9999939229246297,0.9999929187571818,0.9999929157894849,-1.357778555623429,-5.320549635629754,,971.1759793656566,False,False,False,,[]
704,704,705,True,1.0,1.0,704.0,705.0,704.0,705.0,705.0,0.0,26.554176000000002,26.554176000000002,89.25311160879986,0.5150512456893921,0.5150512456893921,0.0,1.0,0.5490794762437345,0.5490377988175027,0.9998291929255511,0.9498291611671448,0.9998291121047413,0.9999939229246297,0.9999939178528975,0.9999929157894849,0.9999929116265104,-2.7566595603510113,-10.802788879297234,,944.2922225624671,False,False,False,,[]
705,705,706,True,1.0,1.0,705.0,706.0,705.0,706.0,706.0,0.0,26.554176000000002,29.2900608,509.2342274487993,0.5150512456893921,0.5150512456893921,0.0,1.0,0.5490377988175027,0.5488227256037694,0.9998291121047413,0.9498291015625,0.9998286683879699,0.9999939178528975,0.9999939054357266,0.9999929116265104,0.99999289288831,-14.217755888958157,-55.74697699966321,,774.8332534246815,False,False,False,,[]
706,706,707,True,1.0,1.0,706.0,707.0,706.0,707.0,707.0,0.0,29.2900608,30.8994048,337.5680536958632,0.5150513648986816,0.5150513648986816,0.0,1.0,0.5488227256037694,0.5486705764335881,0.9998286683879699,0.9498286843299866,0.9998283456260197,0.9999939054357266,0.999993893200129,0.99999289288831,0.9999928849281317,-10.059297809807184,-39.43706491099416,,830.136518320511,False,False,False,,[]
707,707,708,True,1.0,1.0,707.0,708.0,707.0,708.0,708.0,0.0,30.8994048,32.347814400000004,313.6667113261644,0.5150514841079712,0.5150514841079712,0.0,1.0,0.5486705764335881,0.5485211427002412,0.9998283456260197,0.9498283267021179,0.9998280282741618,0.999993893200129,0.9999938823905238,0.9999928849281317,0.9999928748293562,-9.879394364446114,-38.73322368351197,,831.8932568985819,False,False,False,,[]
708,708,709,True,1.0,1.0,708.0,709.0,708.0,709.0,709.0,0.0,32.347814400000004,34.600896000000006,437.9503894888938,0.5150516033172607,0.5150516033172607,0.0,1.0,0.5485211427002412,0.5482922892791454,0.9998280282741618,0.949828028678894,0.9998275592798588,0.9999938823905238,0.9999938648985218,0.9999928748293562,0.999992854595151,-15.125555144009068,-59.31880674803057,,761.3368431593315,False,False,False,,[]
709,709,710,True,1.0,1.0,709.0,710.0,709.0,710.0,710.0,0.0,34.600896000000006,36.21024,340.38241874882414,0.5150517225265503,0.5150517225265503,0.0,1.0,0.5482922892791454,0.5481158794867319,0.9998275592798588,0.9498275518417358,0.9998271888567132,0.9999938648985218,0.9999938535723866,0.999992854595151,0.9999928451521654,-11.660439616026837,-45.72541819359249,,810.2275163011894,False,False,False,,[]
710,710,711,True,1.0,1.0,710.0,711.0,710.0,711.0,711.0,0.0,36.21024,36.21024,94.27991431388402,0.5150518417358398,0.5150518417358398,0.0,1.0,0.5481158794867319,0.5480604496606772,0.9998271888567132,0.9498271942138672,0.9998270799113843,0.9999938535723866,0.9999938475210288,0.9999928451521654,0.9999928411325423,-3.6650383196687426,-14.367410913357324,,929.0266903375082,False,False,False,,[]
711,711,712,True,1.0,1.0,711.0,712.0,711.0,712.0,712.0,0.0,36.21024,35.566502400000005,-4.5391717661146975,0.5150519013404846,0.5150519013404846,0.0,1.0,0.5480604496606772,0.548061745138084,0.9998270799113843,0.9498270750045776,0.9998270774965039,0.9999938475210288,0.9999938471724259,0.9999928411325423,0.9999928405267122,0.0856727896325532,0.3357877438297178,,1000.099566301483,False,False,False,,[]
712,712,713,True,1.0,1.0,712.0,713.0,712.0,713.0,713.0,0.0,35.566502400000005,36.5321088,242.12530343277848,0.5150519013404846,0.5150519013404846,0.0,1.0,0.548061745138084,0.5479291505154478,0.9998270774965039,0.9498270750045776,0.9998267964520915,0.9999938471724259,0.9999938353233248,0.9999928405267122,0.9999928336874766,-8.765330298480404,-34.368526187308596,,847.8978149620882,False,False,False,,[]
713,713,714,True,1.0,1.0,713.0,714.0,713.0,714.0,714.0,0.0,36.5321088,37.4977152,242.70274128197693,0.5150519609451294,0.5150519609451294,0.0,1.0,0.5479291505154478,0.5477950733676308,0.9998267964520915,0.9498267769813538,0.9998265118528971,0.9999938353233248,0.9999938248689418,0.9999928336874766,0.9999928266483005,-8.863000853199138,-34.752796714164724,,847.4356323533136,False,False,False,,[]
714,714,715,True,1.0,1.0,714.0,715.0,714.0,715.0,715.0,0.0,37.4977152,37.819584000000006,144.476560136425,0.515052080154419,0.515052080154419,0.0,1.0,0.5477950733676308,0.5477109896569932,0.9998265118528971,0.9498264789581299,0.9998263418913212,0.9999938248689418,0.9999938165035446,0.9999928266483005,0.9999928223851323,-5.55894117766926,-21.794497797274868,,897.9010751822378,False,False,False,,[]
715,715,716,True,1.0,1.0,715.0,716.0,715.0,716.0,716.0,0.0,37.819584000000006,36.21024,-151.77962599537463,0.515052080154419,0.515052080154419,0.0,1.0,0.5477109896569932,0.5477720505125334,0.9998263418913212,0.9498263597488403,0.9998262212154726,0.9999938165035446,0.9999938079110117,0.9999928223851323,0.9999928179830261,4.038658521171792,15.826973756032299,,1037.3429257577482,False,False,False,,[]
716,716,717,True,1.0,1.0,716.0,717.0,716.0,717.0,717.0,0.0,36.21024,34.76183040000001,-128.06302936611405,0.5150521397590637,0.5150521397590637,0.0,1.0,0.5477720505125334,0.5478196255255636,0.9998262212154726,0.949826180934906,0.9998261284242604,0.9999938079110117,0.9999937990142332,0.9999928179830261,0.9999928144221938,3.146725501430277,12.331443377430304,,1026.523605467272,False,False,False,,[]
717,717,718,True,1.0,1.0,717.0,718.0,717.0,718.0,718.0,0.0,34.76183040000001,32.991552,-178.32519548032587,0.5150521397590637,0.5150521397590637,0.0,1.0,0.5478196255255636,0.547881537840026,0.9998261284242604,0.9498261213302612,0.9998260059636941,0.9999937990142332,0.99999378920714,0.9999928144221938,0.999992805675981,4.0954110623982345,16.047671908666878,,1032.1120525688982,False,False,False,,[]
718,718,719,True,1.0,1.0,718.0,719.0,718.0,719.0,719.0,0.0,32.991552,28.968192000000002,-525.1868310905485,0.5150521993637085,0.5150521993637085,0.0,1.0,0.547881537840026,0.5480645904127711,0.9998260059636941,0.9498260021209717,0.9998256227087154,0.99999378920714,0.9999937715737861,0.999992805675981,0.9999927923669982,12.113923756897341,47.44722685553102,,1128.3940178996336,False,False,False,,[]
719,719,720,True,1.0,1.0,719.0,720.0,719.0,720.0,720.0,0.0,28.968192000000002,24.14016,-650.7783372391144,0.515052318572998,0.515052318572998,0.0,1.0,0.5480645904127711,0.5482614778867225,0.9998256227087154,0.9498255848884583,0.9998252130424721,0.9999937715737861,0.9999937588924624,0.9999927923669982,0.9999927742948629,13.031387137295008,51.03323324821792,,1143.0758173271126,False,False,False,,[]
720,720,721,True,1.0,1.0,720.0,721.0,720.0,721.0,721.0,0.0,24.14016,19.312128,-652.9050614604961,0.5150524377822876,0.5150524377822876,0.0,1.0,0.5482614778867225,0.5484263376514026,0.9998252130424721,0.9498252272605896,0.9998248651564561,0.9999937588924624,0.9999937487740456,0.9999927742948629,0.9999927631800363,10.911622602784297,42.73165100506327,,1122.1303306947248,False,False,False,,[]
721,721,722,True,1.0,1.0,721.0,722.0,721.0,722.0,722.0,0.0,19.312128,14.484096000000001,-654.6451085507175,0.5150525569915771,0.5150525569915771,0.0,1.0,0.5484263376514026,0.5485477726221023,0.9998248651564561,0.949824869632721,0.9998246105604607,0.9999937487740456,0.9999937400231058,0.9999927631800363,0.9999927465857804,8.037068248291526,31.475944405375717,,1075.9979221328508,False,False,False,,[]
722,722,723,True,1.0,1.0,722.0,723.0,722.0,723.0,723.0,0.0,14.484096000000001,9.977932800000001,-606.5889354697786,0.5150526165962219,0.5150526165962219,0.0,1.0,0.5485477726221023,0.5486117595568515,0.9998246105604607,0.9498245716094971,0.9998244837392352,0.9999937400231058,0.9999937303019734,0.9999927465857804,0.9999927181003436,4.234440659365396,16.585413486980784,,1013.2720839352754,False,False,False,,[]
723,723,724,True,1.0,1.0,723.0,724.0,723.0,724.0,724.0,0.0,9.977932800000001,7.2420480000000005,-335.7507253443444,0.5150526762008667,0.5150526762008667,0.0,1.0,0.5486117595568515,0.5486324073693737,0.9998244837392352,0.9498244524002075,0.99982444451434,0.9999937303019734,0.9999937219183591,0.9999927181003436,0.9999927070013016,1.3662727900799392,5.351913005743229,,997.2502487257983,False,False,False,,[]
724,724,725,True,1.0,1.0,724.0,725.0,724.0,725.0,725.0,0.0,7.2420480000000005,4.828032,-286.7319410274447,0.5150526762008667,0.5150526762008667,0.0,1.0,0.5486324073693737,0.5486438067303173,0.99982444451434,0.9498244524002075,0.9998244230538821,0.9999937219183591,0.9999937158700721,0.9999927070013016,0.9999927003574167,0.7542938068571946,2.9547143565966305,,996.5729284858644,False,False,False,,[]
725,725,726,True,1.0,1.0,725.0,726.0,725.0,726.0,726.0,0.0,4.828032,3.3796224000000006,-138.74498511441982,0.5150526762008667,0.5150526762008667,0.0,1.0,0.5486438067303173,0.5486475576155365,0.9998244230538821,0.9498243927955627,0.9998244160450969,0.9999937158700721,0.9999937138799372,0.9999927003574167,0.9999926981713056,0.24819365497934792,0.9722294488125822,,998.8750276697095,False,False,False,,[]
726,726,727,True,1.0,1.0,726.0,727.0,726.0,727.0,727.0,0.0,3.3796224000000006,0.804672,-311.7769884228658,0.5150526762008667,0.5150526762008667,0.0,1.0,0.5486475576155365,0.5486518545356343,0.9998244160450969,0.9498243927955627,0.9998244080117181,0.9999937138799372,0.9999937116000548,0.9999926981713056,0.9999926956669145,0.28432864120529827,1.1137616893292137,,998.7109724275214,False,False,False,,[]
727,727,728,True,1.0,1.0,727.0,728.0,727.0,728.0,728.0,0.0,0.804672,0.804672,83.40999051571058,0.5150526762008667,0.5150526762008667,0.0,1.0,0.5486518545356343,0.5486501546481701,0.9998244080117181,0.9498243927955627,0.999824404841729,0.9999937116000548,0.9999937113654628,0.9999926956669145,0.9999926954092214,-0.11248145448007014,-0.44061083070892715,,997.4971087017657,False,False,False,,[]
728,728,729,True,1.0,1.0,728.0,729.0,728.0,729.0,729.0,0.0,0.804672,5.149900800000001,750.4388215557109,0.5150526762008667,0.5150526762008667,0.0,1.0,0.5486501546481701,0.5485935580489835,0.999824404841729,0.9498243927955627,0.9998242934761075,0.9999937113654628,0.9999937035561635,0.9999926954092214,0.9999926868309107,-3.7443795834587643,-14.669838509187304,,922.406457284014,False,False,False,,[]
729,729,730,True,1.0,1.0,729.0,730.0,729.0,730.0,730.0,0.0,5.149900800000001,10.460736,898.8820564835048,0.5150527358055115,0.5150527358055115,0.0,1.0,0.5485935580489835,0.5484157628504344,0.9998242934761075,0.9498242735862732,0.9998239203688529,0.9999937035561635,0.9999936790333923,0.9999926868309107,0.9999926598932952,-11.758103996816722,-46.08451546392101,,789.5362379482473,False,False,False,,[]
730,730,731,True,1.0,1.0,730.0,731.0,730.0,731.0,731.0,0.0,10.460736,15.4497024,850.1601542750843,0.5150527954101562,0.5150527954101562,0.0,1.0,0.5484157628504344,0.5481989077123233,0.9998239203688529,0.9498239159584045,0.9998234733575687,0.9999936790333923,0.9999936711769543,0.9999926598932952,0.999992617605867,-14.338526930217734,-56.208851798383044,,762.3693670404875,False,False,False,,[]
731,731,732,True,1.0,1.0,731.0,732.0,731.0,732.0,732.0,0.0,15.4497024,20.1168,801.8227809915413,0.5150529742240906,0.5150529742240906,0.0,1.0,0.5481989077123233,0.5479819772015277,0.9998234733575687,0.9498234391212463,0.9998230262070994,0.9999936711769543,0.99999365537014,0.999992617605867,0.9999926014354006,-14.342332576334593,-56.22838839819393,,773.0228396448484,False,False,False,,[]
732,732,733,True,1.0,1.0,732.0,733.0,732.0,733.0,733.0,0.0,20.1168,22.530816,457.3327651191001,0.5150530934333801,0.5150530934333801,0.0,1.0,0.5479819772015277,0.5478365981897494,0.9998230262070994,0.9498230218887329,0.9998227169611167,0.99999365537014,0.9999936484138526,0.9999926014354006,0.9999925887973913,-9.613114133049054,-37.68223985296282,,836.1917805985112,False,False,False,,[]
733,733,734,True,1.0,1.0,733.0,734.0,733.0,734.0,734.0,0.0,22.530816,25.749504,581.7105347170789,0.5150531530380249,0.5150531530380249,0.0,1.0,0.5478365981897494,0.5476315158217441,0.9998227169611167,0.949822723865509,0.9998222918554527,0.9999936484138526,0.9999936355746313,0.9999925887973913,0.9999925777942564,-13.557782982090592,-53.157349786975175,,786.5126974124382,False,False,False,,[]
734,734,735,True,1.0,1.0,734.0,735.0,734.0,735.0,735.0,0.0,25.749504,28.968192000000002,582.9994584876139,0.5150533318519592,0.5150533318519592,0.0,1.0,0.5476315158217441,0.5473924921897193,0.9998222918554527,0.9498223066329956,0.9998218045055987,0.9999936355746313,0.9999936228972218,0.9999925777942564,0.9999925574467398,-15.798787461038522,-61.95492542082368,,757.1263322290106,False,False,False,,[]
735,735,736,True,1.0,1.0,735.0,736.0,735.0,736.0,736.0,0.0,28.968192000000002,31.543142400000004,485.6411526808864,0.5150534510612488,0.5150534510612488,0.0,1.0,0.5473924921897193,0.5471780824369425,0.9998218045055987,0.9498217701911926,0.9998213620174072,0.9999936228972218,0.9999936096399064,0.9999925574467398,0.9999925459336654,-14.171786310396234,-55.57500791974877,,779.1627193931065,False,False,False,,[]
736,736,737,True,1.0,1.0,736.0,737.0,736.0,737.0,737.0,0.0,31.543142400000004,34.600896000000006,561.0478281414746,0.5150535702705383,0.5150535702705383,0.0,1.0,0.5471780824369425,0.5468997675993277,0.9998213620174072,0.9498213529586792,0.9998208062696858,0.9999936096399064,0.9999935948666442,0.9999925459336654,0.9999925221330145,-18.390687899000987,-72.13920590978036,,728.616814490249,False,False,False,,[]
737,737,738,True,1.0,1.0,737.0,738.0,737.0,738.0,738.0,0.0,34.600896000000006,37.175846400000005,488.61104786882515,0.5150537490844727,0.5150537490844727,0.0,1.0,0.5468997675993277,0.546646254753161,0.9998208062696858,0.9498208165168762,0.9998202932229644,0.9999935948666442,0.99999358107849,0.9999925221330145,0.9999925083930422,-16.7514881015875,-65.71052972640429,,750.5559866811867,False,False,False,,[]
738,738,739,True,1.0,1.0,738.0,739.0,738.0,739.0,739.0,0.0,37.175846400000005,39.428928,440.73446483324716,0.515053927898407,0.515053927898407,0.0,1.0,0.546646254753161,0.5464023839924815,0.9998202932229644,0.9498202800750732,0.9998197972165898,0.99999358107849,0.9999935679713486,0.9999925083930422,0.9999924951657325,-16.113502673480898,-63.211301168098,,757.687201189743,False,False,False,,[]
739,739,740,True,1.0,1.0,739.0,740.0,739.0,740.0,740.0,0.0,39.428928,41.038272000000006,343.34694342105524,0.5150540471076965,0.5150540471076965,0.0,1.0,0.5464023839924815,0.5462037062371573,0.9998197972165898,0.949819803237915,0.9998193841642142,0.9999935679713486,0.9999935579932047,0.9999924951657325,0.9999924843416613,-13.128275701588418,-51.49727418005378,,793.156513588174,False,False,False,,[]
740,740,741,True,1.0,1.0,740.0,741.0,740.0,741.0,741.0,0.0,41.038272000000006,42.647616,344.42104656316627,0.5150541663169861,0.5150541663169861,0.0,1.0,0.5462037062371573,0.5459960697562931,0.9998193841642142,0.9498193860054016,0.9998189542783499,0.9999935579932047,0.9999935474475983,0.9999924843416613,0.9999924728571196,-13.719097380810428,-53.81937583998541,,785.7587725728897,False,False,False,,[]
741,741,742,True,1.0,1.0,741.0,742.0,741.0,742.0,742.0,0.0,42.647616,43.613222400000005,246.71902775096308,0.5150542855262756,0.5150542855262756,0.0,1.0,0.5459960697562931,0.5458338874666437,0.9998189542783499,0.9498189687728882,0.9998186116569833,0.9999935474475983,0.9999935368247298,0.9999924728571196,0.9999924592586352,-10.716727340522187,-42.0376494771068,,819.2250631606951,False,False,False,,[]
742,742,743,True,1.0,1.0,742.0,743.0,742.0,743.0,743.0,0.0,43.613222400000005,44.41789440000001,222.70511937197082,0.5150544047355652,0.5150544047355652,0.0,1.0,0.5458338874666437,0.5456822795160863,0.9998186116569833,0.9498186111450195,0.9998182899721461,0.9999935368247298,0.9999935263175771,0.9999924592586352,0.9999924456274056,-10.017954008095503,-39.296780784487666,,827.8729478939729,False,False,False,,[]
743,743,744,True,1.0,1.0,743.0,744.0,743.0,744.0,744.0,0.0,44.41789440000001,44.9006976,173.88311075070283,0.5150545239448547,0.5150545239448547,0.0,1.0,0.5456822795160863,0.5455577006668075,0.9998182899721461,0.9498182535171509,0.9998180279802805,0.9999935263175771,0.9999935165203647,0.9999924456274056,0.9999924327901343,-8.23236460664101,-32.29083773305316,,852.2152127467753,False,False,False,,[]
744,744,745,True,1.0,1.0,744.0,745.0,744.0,745.0,745.0,0.0,44.9006976,45.5444352,198.94555861702872,0.5150545835494995,0.5150545835494995,0.0,1.0,0.5455577006668075,0.5454164783301629,0.9998180279802805,0.9498180150985718,0.9998177270777783,0.9999935165203647,0.9999935061946801,0.9999924327901343,0.9999924192997569,-9.331523178315802,-36.60482965828703,,836.7300047040507,False,False,False,,[]
745,745,746,True,1.0,1.0,745.0,746.0,745.0,746.0,746.0,0.0,45.5444352,46.02723840000001,174.72370386972258,0.5150547027587891,0.5150547027587891,0.0,1.0,0.5454164783301629,0.5452886585076234,0.9998177270777783,0.9498177170753479,0.9998174574164619,0.9999935061946801,0.9999934963014249,0.9999924192997569,0.9999924062718354,-8.446065435815473,-33.130898002252344,,849.1075359499797,False,False,False,,[]
746,746,747,True,1.0,1.0,746.0,747.0,746.0,747.0,747.0,0.0,46.02723840000001,46.02723840000001,100.97608812243865,0.5150547623634338,0.5150547623634338,0.0,1.0,0.5452886585076234,0.545211170674137,0.9998174574164619,0.949817419052124,0.999817301794782,0.9999934963014249,0.9999934888755121,0.9999924062718354,0.999992398092178,-5.120945837255738,-20.084846439658577,,901.9933923370384,False,False,False,,[]
747,747,748,True,1.0,1.0,747.0,748.0,747.0,748.0,748.0,0.0,46.02723840000001,45.5444352,26.861773562437662,0.5150548219680786,0.5150548219680786,0.0,1.0,0.545211170674137,0.545188797936817,0.999817301794782,0.9498172998428345,0.9998172592212471,0.9999934888755121,0.9999934864308626,0.999992398092178,0.9999923952011323,-1.4788100817347336,-5.7990135133609915,,969.0243741956003,False,False,False,,[]
748,748,749,True,1.0,1.0,748.0,749.0,748.0,749.0,749.0,0.0,45.5444352,45.3835008,75.90461778972096,0.5150548219680786,0.5150548219680786,0.0,1.0,0.545188797936817,0.5451284108165956,0.9998172592212471,0.9498172402381897,0.9998171399555489,0.9999934864308626,0.9999934805143175,0.9999923952011323,0.9999923875838429,-3.9911408287715235,-15.652341561389544,,920.9396138965699,False,False,False,,[]
749,749,750,True,1.0,1.0,749.0,750.0,749.0,750.0,750.0,0.0,45.3835008,45.061632,51.078472614663596,0.5150548815727234,0.5150548815727234,0.0,1.0,0.5451284108165956,0.5450869448529827,0.9998171399555489,0.9498171210289001,0.9998170595614398,0.9999934805143175,0.9999934762399781,0.9999923875838429,0.9999923821540636,-2.740781613705567,-10.747977768443757,,944.1002997801737,False,False,False,,[]
750,750,751,True,1.0,1.0,750.0,751.0,750.0,751.0,751.0,0.0,45.061632,44.25696000000001,-23.27730033168319,0.5150548815727234,0.5150548815727234,0.0,1.0,0.5450869448529827,0.5450964808727653,0.9998170595614398,0.9498170614242554,0.9998170416416062,0.9999934762399781,0.9999934741525494,0.9999923821540636,0.9999923797104443,0.6304157803240831,2.4717363276608704,,1003.2233448981527,False,False,False,,[]
751,751,752,True,1.0,1.0,751.0,752.0,751.0,752.0,752.0,0.0,44.25696000000001,43.130419200000006,-73.28297061555568,0.5150548815727234,0.5150548815727234,0.0,1.0,0.5450964808727653,0.5451269589914901,0.9998170416416062,0.9498170018196106,0.9998169831824737,0.9999934741525494,0.9999934685735107,0.9999923797104443,0.9999923725768339,2.0150952029036615,7.899928373464513,,1012.0633461620389,False,False,False,,[]
752,752,753,True,1.0,1.0,752.0,753.0,752.0,753.0,753.0,0.0,43.130419200000006,41.038272000000006,-222.32813294419023,0.5150549411773682,0.5150549411773682,0.0,1.0,0.5451269589914901,0.5452274022012853,0.9998169831824737,0.9498169422149658,0.9998167768774051,0.9999934685735107,0.9999934581487655,0.9999923725768339,0.9999923591365474,6.642718159418744,26.03487997892594,,1059.2633157102666,False,False,False,,[]
753,753,754,True,1.0,1.0,753.0,754.0,753.0,754.0,754.0,0.0,41.038272000000006,37.819584000000006,-396.72209903683284,0.5150549411773682,0.5150549411773682,0.0,1.0,0.5452274022012853,0.5454086751772517,0.9998167768774051,0.9498167634010315,0.9998163970506203,0.9999934581487655,0.9999934463388287,0.9999923591365474,0.9999923468799725,11.992320710997719,46.985955370479175,,1135.3621770132609,False,False,False,,[]
754,754,755,True,1.0,1.0,754.0,755.0,754.0,755.0,755.0,0.0,37.819584000000006,34.600896000000006,-398.8273411953734,0.5150550603866577,0.5150550603866577,0.0,1.0,0.5454086751772517,0.5455713639319392,0.9998163970506203,0.9498164057731628,0.9998160534322592,0.9999934463388287,0.9999934304386514,0.9999923468799725,0.999992335564206,10.763427660575493,42.16892521500331,,1112.4843800569754,False,False,False,,[]
755,755,756,True,1.0,1.0,755.0,756.0,755.0,756.0,756.0,0.0,34.600896000000006,30.577536000000002,-524.2845844511753,0.5150551795959473,0.5150551795959473,0.0,1.0,0.5455713639319392,0.5457637135763344,0.9998160534322592,0.9498160481452942,0.9998156523815231,0.9999934304386514,0.9999934173754202,0.999992335564206,0.9999923153553014,12.728241158904945,49.85702782723747,,1135.038266465135,False,False,False,,[]
756,756,757,True,1.0,1.0,756.0,757.0,756.0,757.0,757.0,0.0,30.577536000000002,26.554176000000002,-526.4596433139511,0.5150552988052368,0.5150552988052368,0.0,1.0,0.5457637135763344,0.5459319967651124,0.9998156523815231,0.9498156309127808,0.9998152977859901,0.9999934173754202,0.9999934062862827,0.9999923153553014,0.9999922958231717,11.136081885968467,43.6190025312781,,1113.8367541574721,False,False,False,,[]
757,757,758,True,1.0,1.0,757.0,758.0,757.0,758.0,758.0,0.0,26.554176000000002,23.979225600000003,-306.0232327111999,0.5150554180145264,0.5150554180145264,0.0,1.0,0.5459319967651124,0.5460115192478301,0.9998152977859901,0.9498152732849121,0.9998151377598447,0.9999934062862827,0.9999933939956869,0.9999922958231717,0.9999922846922588,5.261407852783605,20.612227520418415,,1041.7734043058886,False,False,False,,[]
758,758,759,True,1.0,1.0,758.0,759.0,758.0,759.0,759.0,0.0,23.979225600000003,20.1168,-504.7406637083949,0.5150554776191711,0.5150554776191711,0.0,1.0,0.5460115192478301,0.5461394721406456,0.9998151377598447,0.9498151540756226,0.9998148677826472,0.9999933939956869,0.9999933860575206,0.9999922846922588,0.9999922742151045,8.467444580023828,33.1653898177957,,1089.9655999313702,False,False,False,,[]
759,759,760,True,1.0,1.0,759.0,760.0,759.0,760.0,760.0,0.0,20.1168,15.127833600000002,-679.0867248008997,0.5150555372238159,0.5150555372238159,0.0,1.0,0.5461394721406456,0.546273052792546,0.9998148677826472,0.9498148560523987,0.9998145843750272,0.9999933860575206,0.9999933733483196,0.9999922742151045,0.9999922628110006,8.840681613733707,34.62410497257173,,1088.2891850769158,False,False,False,,[]
760,760,761,True,1.0,1.0,760.0,761.0,760.0,761.0,761.0,0.0,15.127833600000002,9.977932800000001,-705.2499135672599,0.5150556564331055,0.5150556564331055,0.0,1.0,0.546273052792546,0.5463507771112713,0.9998145843750272,0.9498145580291748,0.9998144282422888,0.9999933733483196,0.9999933632186442,0.9999922628110006,0.999992228821113,5.1434567420603505,20.14614341361714,,1018.3211057235435,False,False,False,,[]
761,761,762,True,1.0,1.0,761.0,762.0,761.0,762.0,762.0,0.0,9.977932800000001,4.828032,-706.3222981443444,0.5150556564331055,0.5150556564331055,0.0,1.0,0.5463507771112713,0.5463852227245313,0.9998144282422888,0.9498144388198853,0.999814361916298,0.9999933632186442,0.999993344942343,0.999992228821113,0.9999922087453144,2.279260415695699,8.928302956965053,,989.5708282835749,False,False,False,,[]
762,762,763,True,1.0,1.0,762.0,763.0,762.0,763.0,763.0,0.0,4.828032,2.414016,-286.97361423441987,0.5150556564331055,0.5150556564331055,0.0,1.0,0.5463852227245313,0.546392068505618,0.999814361916298,0.9498143792152405,0.9998143490857008,0.999993344942343,0.9999933413102912,0.9999922087453144,0.9999922047556481,0.4529577399144306,1.774426457661922,,997.9452339726819,False,False,False,,[]
763,763,764,True,1.0,1.0,763.0,764.0,763.0,764.0,764.0,0.0,2.414016,2.414016,83.45295464139505,0.5150557160377502,0.5150557160377502,0.0,1.0,0.546392068505618,0.546386965799253,0.9998143490857008,0.9498143196105957,0.9998143395383279,0.9999933413102912,0.9999933406061486,0.9999922047556481,0.9999922039821754,-0.33761817957365825,-1.3226214897733533,,992.5212935868735,False,False,False,,[]
764,764,765,True,1.0,1.0,764.0,765.0,764.0,765.0,765.0,0.0,2.414016,0.804672,-163.594760558605,0.5150557160377502,0.5150557160377502,0.0,1.0,0.546386965799253,0.5463887002586334,0.9998143395383279,0.9498143196105957,0.9998143363037588,0.9999933406061486,0.9999933396859173,0.9999922039821754,0.9999922029713377,0.11476318430049409,0.4495718713731241,,999.4802038318157,False,False,False,,[]
765,765,766,True,1.0,1.0,765.0,766.0,765.0,766.0,766.0,0.0,0.804672,0.0,-40.11386708428944,0.5150557160377502,0.5150557160377502,0.0,1.0,0.5463887002586334,0.5463888065813025,0.9998143363037588,0.9498143196105957,0.9998143361057947,0.9999933396859173,0.9999933396295065,0.9999922029713377,0.9999922029093727,0.007035058924687678,0.02755883583961716,,999.968151520871,False,False,False,,[]
766,766,767,True,1.0,1.0,766.0,767.0,766.0,767.0,767.0,0.0,0.0,4.828032,824.5477656000002,0.5150557160377502,0.5150557160377502,0.0,1.0,0.5463888065813025,0.5463383843609929,0.9998143361057947,0.9498143196105957,0.9998142374870315,0.9999933396295065,0.9999933326723034,0.9999922029093727,0.9999921952671602,-3.335799394876236,-13.069439504235906,,930.3333696583112,False,False,False,,[]
767,767,768,True,1.0,1.0,767.0,768.0,767.0,768.0,768.0,0.0,4.828032,10.1388672,898.8554187255801,0.5150557160377502,0.5150557160377502,0.0,1.0,0.5463383843609929,0.5461679226545447,0.9998142374870315,0.9498142004013062,0.9998138786347331,0.9999933326723034,0.9999933091613413,0.9999921952671602,0.9999921694412983,-11.272899654298264,-44.18367431136238,,796.3788588051553,False,False,False,,[]
768,768,769,True,1.0,1.0,768.0,769.0,768.0,769.0,769.0,0.0,10.1388672,15.4497024,899.5147032342086,0.5150558352470398,0.5150558352470398,0.0,1.0,0.5461679226545447,0.5459413132640298,0.9998138786347331,0.9498138427734375,0.9998134137251683,0.9999933091613413,0.9999933009520243,0.9999921694412983,0.9999921252550306,-14.982440733089705,-58.73715402147138,,754.4346052218906,False,False,False,,[]
769,769,770,True,1.0,1.0,769.0,770.0,769.0,770.0,770.0,0.0,15.4497024,20.760537600000003,900.6418670715415,0.5150559544563293,0.5150559544563293,0.0,1.0,0.5459413132640298,0.5456825402783324,0.9998134137251683,0.9498134255409241,0.9998128914845353,0.9999933009520243,0.999993281079204,0.9999921252550306,0.9999920997015309,-17.105763241709102,-67.07395789278287,,737.2329487328047,False,False,False,,[]
770,770,771,True,1.0,1.0,770.0,771.0,770.0,771.0,771.0,0.0,20.760537600000003,25.427635200000005,803.4178241575776,0.5150561332702637,0.5150561332702637,0.0,1.0,0.5456825402783324,0.5454159506502954,0.9998128914845353,0.9498128890991211,0.9998123557173018,0.999993281079204,0.9999932678441645,0.9999920997015309,0.9999920851633878,-17.62032350085005,-69.10003158718922,,741.8730401093947,False,False,False,,[]
771,771,772,True,1.0,1.0,771.0,772.0,771.0,772.0,772.0,0.0,25.427635200000005,28.163520000000002,508.7485180079362,0.515056312084198,0.515056312084198,0.0,1.0,0.5454159506502954,0.5452160036449688,0.9998123557173018,0.9498123526573181,0.9998119402687186,0.9999932678441645,0.9999932548145261,0.9999920851633878,0.9999920743406866,-13.217039097484566,-51.82626378065207,,790.2987956853987,False,False,False,,[]
772,772,773,True,1.0,1.0,772.0,773.0,772.0,773.0,773.0,0.0,28.163520000000002,29.6119296,312.326445425436,0.5150564312934875,0.5150564312934875,0.0,1.0,0.5452160036449688,0.5450768374718614,0.9998119402687186,0.9498119354248047,0.9998116435059674,0.9999932548145261,0.9999932422847637,0.9999920743406866,0.9999920655832318,-9.200409761581792,-36.07187206943576,,840.2445793407944,False,False,False,,[]
773,773,774,True,1.0,1.0,773.0,774.0,773.0,774.0,774.0,0.0,29.6119296,31.382208000000002,362.4300739158692,0.5150564908981323,0.5150564908981323,0.0,1.0,0.5450768374718614,0.5449100584327943,0.9998116435059674,0.9498116374015808,0.9998112918553584,0.9999932422847637,0.999993228089081,0.9999920655832318,0.9999920569226175,-11.024537189562004,-43.229126926204785,,816.4595655063554,False,False,False,,[]
774,774,775,True,1.0,1.0,774.0,775.0,774.0,775.0,775.0,0.0,31.382208000000002,33.3134208,388.0304326357619,0.5150566101074219,0.5150566101074219,0.0,1.0,0.5449100584327943,0.544720477526235,0.9998112918553584,0.9498112797737122,0.9998108960841745,0.999993228089081,0.9999932156048421,0.9999920569226175,0.9999920423240676,-12.530279283258393,-49.13937098015983,,796.0257213909659,False,False,False,,[]
775,775,776,True,1.0,1.0,775.0,776.0,775.0,776.0,776.0,0.0,33.3134208,35.405568,413.7714988672712,0.5150567293167114,0.5150567293167114,0.0,1.0,0.544720477526235,0.5445041473675423,0.9998108960841745,0.9498108625411987,0.999810450042709,0.9999932156048421,0.9999931980202753,0.9999920423240676,0.9999920285402735,-14.296224491386733,-56.07277713315559,,773.8125333865402,False,False,False,,[]
776,776,777,True,1.0,1.0,776.0,777.0,776.0,777.0,777.0,0.0,35.405568,37.3367808,390.2591966556442,0.515056848526001,0.515056848526001,0.0,1.0,0.5445041473675423,0.5442999058989276,0.999810450042709,0.9498104453086853,0.9998100265141766,0.9999931980202753,0.999993187670411,0.9999920285402735,0.9999920174184366,-13.496934742796865,-52.939388664908954,,788.6024716588846,False,False,False,,[]
777,777,778,True,1.0,1.0,777.0,778.0,777.0,778.0,778.0,0.0,37.3367808,40.2336,539.6530128642073,0.5150569677352905,0.5150569677352905,0.0,1.0,0.5442999058989276,0.5439954818721041,0.9998100265141766,0.9498100280761719,0.9998094276557168,0.999993187670411,0.9999931697542285,0.9999920174184366,0.9999920010183372,-20.109738334970384,-78.90670775266116,,714.9873442707128,False,False,False,,[]
778,778,779,True,1.0,1.0,778.0,779.0,778.0,779.0,779.0,0.0,40.2336,42.647616,467.4024820764001,0.5150571465492249,0.5150571465492249,0.0,1.0,0.5439954818721041,0.5437142644540898,0.9998094276557168,0.9498094320297241,0.9998088670201852,0.9999931697542285,0.9999931535981547,0.9999920010183372,0.9999919858414426,-18.576196698595624,-72.89155474931096,,730.6662390736775,False,False,False,,[]
779,779,780,True,1.0,1.0,779.0,780.0,779.0,780.0,780.0,0.0,42.647616,44.25696000000001,345.53811383096377,0.5150573253631592,0.5150573253631592,0.0,1.0,0.5437142644540898,0.5434979773955249,0.9998088670201852,0.9498088359832764,0.99980842105837,0.9999931535981547,0.9999931424951427,0.9999919858414426,0.999991974076922,-14.288770421239471,-56.061605580022125,,778.9673987541705,False,False,False,,[]
780,780,781,True,1.0,1.0,780.0,781.0,780.0,781.0,781.0,0.0,44.25696000000001,45.061632,223.1742876244434,0.5150574445724487,0.5150574445724487,0.0,1.0,0.5434979773955249,0.5433441368955642,0.99980842105837,0.9498084187507629,0.9998080949342215,0.9999931424951427,0.999993131900887,0.999991974076922,0.999991960391418,-10.164699417916943,-39.875457589826716,,825.9461573139248,False,False,False,,[]
781,781,782,True,1.0,1.0,781.0,782.0,781.0,782.0,782.0,0.0,45.061632,45.5444352,174.36087182831616,0.5150575637817383,0.5150575637817383,0.0,1.0,0.5433441368955642,0.5432177190282789,0.9998080949342215,0.9498080611228943,0.9998078285961383,0.999993131900887,0.9999931220476878,0.999991960391418,0.999991947457018,-8.353265590355113,-32.76751120034943,,850.4563688066306,False,False,False,,[]
782,782,783,True,1.0,1.0,782.0,783.0,782.0,783.0,783.0,0.0,45.5444352,46.5100416,248.83801842972161,0.5150576829910278,0.5150576829910278,0.0,1.0,0.5432177190282789,0.5430453762729297,0.9998078285961383,0.9498078227043152,0.9998074660764348,0.9999931220476878,0.9999931113882521,0.999991947457018,0.999991933961376,-11.38596692829137,-44.671242186495874,,811.194613239073,False,False,False,,[]
783,783,784,True,1.0,1.0,783.0,784.0,783.0,784.0,784.0,0.0,46.5100416,46.5100416,101.3466537064673,0.5150577425956726,0.5150577425956726,0.0,1.0,0.5430453762729297,0.5429649130234225,0.9998074660764348,0.9498074650764465,0.9998073040080618,0.9999931113882521,0.9999931038896467,0.999991933961376,0.9999919242923495,-5.317209165678272,-20.856074272261953,,897.7968542770873,False,False,False,,[]
784,784,785,True,1.0,1.0,784.0,785.0,784.0,785.0,785.0,0.0,46.5100416,46.5100416,101.3466537064673,0.5150578022003174,0.5150578022003174,0.0,1.0,0.5429649130234225,0.542884449992773,0.9998073040080618,0.9498072862625122,0.9998071419401644,0.9999931038896467,0.9999930963910407,0.9999919242923495,0.9999919146233238,-5.3172091596374145,-20.856017544354422,,897.7970691917677,False,False,False,,[]
785,785,786,True,1.0,1.0,785.0,786.0,785.0,786.0,786.0,0.0,46.5100416,46.349107200000006,76.64188218646761,0.5150578618049622,0.5150578618049622,0.0,1.0,0.542884449992773,0.5428222684601526,0.9998071419401644,0.9498071074485779,0.9998070189146965,0.9999930963910407,0.9999930903218835,0.9999919146233238,0.9999919067954794,-4.109367137160635,-16.11745325520943,,918.7958312504161,False,False,False,,[]
786,786,787,True,1.0,1.0,786.0,787.0,786.0,787.0,787.0,0.0,46.349107200000006,45.866304,27.10838764386658,0.5150579214096069,0.5150579214096069,0.0,1.0,0.5428222684601526,0.5428000890893763,0.9998070189146965,0.9498069882392883,0.9998069767171056,0.9999930903218835,0.99999308783918,0.9999919067954794,0.9999919042152069,-1.4659596682997709,-5.748892905229798,,969.4975648364041,False,False,False,,[]
787,787,788,True,1.0,1.0,787.0,788.0,787.0,788.0,788.0,0.0,45.866304,45.5444352,51.4438825036101,0.5150579214096069,0.5150579214096069,0.0,1.0,0.5428000890893763,0.5427578881479588,0.9998069767171056,0.9498069882392883,0.9998068948391738,0.99999308783918,0.9999930834931505,0.9999919042152069,0.9999918986892706,-2.7891986819900723,-10.938484015415755,,943.1642611411306,False,False,False,,[]
788,788,789,True,1.0,1.0,788.0,789.0,788.0,789.0,789.0,0.0,45.5444352,45.5444352,100.6093893097216,0.5150579214096069,0.5150579214096069,0.0,1.0,0.5427578881479588,0.5426794963155636,0.9998068948391738,0.9498068690299988,0.9998067372626679,0.9999930834931505,0.9999930761400024,0.9999918986892706,0.9999918892362536,-5.180675976442494,-20.319162956826997,,900.1259426467759,False,False,False,,[]
789,789,790,True,1.0,1.0,789.0,790.0,789.0,790.0,790.0,0.0,45.5444352,45.5444352,100.6093893097216,0.5150579810142517,0.5150579810142517,0.0,1.0,0.5426794963155636,0.5426011046328693,0.9998067372626679,0.9498067498207092,0.9998065796864859,0.9999930761400024,0.9999930687868538,0.9999918892362536,0.9999918797832374,-5.18067596956538,-20.31912415435866,,900.1260904566968,False,False,False,,[]
790,790,791,True,1.0,1.0,790.0,791.0,790.0,791.0,791.0,0.0,45.5444352,45.3835008,75.90461778972096,0.5150580406188965,0.5150580406188965,0.0,1.0,0.5426011046328693,0.5425407160108161,0.9998065796864859,0.9498065710067749,0.9998064604176463,0.9999930687868538,0.9999930628702791,0.9999918797832374,0.9999918721659885,-3.9911403648353807,-15.65273083618345,,920.9380829492316,False,False,False,,[]
791,791,792,True,1.0,1.0,791.0,792.0,791.0,792.0,792.0,0.0,45.3835008,44.41789440000001,-47.74061346533511,0.5150580406188965,0.5150580406188965,0.0,1.0,0.5425407160108161,0.542560657291495,0.9998064604176463,0.9498064517974854,0.9998064225611327,0.9999930628702791,0.999993058863118,0.9999918721659885,0.9999918671271861,1.3182840610359168,5.16877995197675,,1007.1605750817656,False,False,False,,[]
792,792,793,True,1.0,1.0,792.0,793.0,792.0,793.0,793.0,0.0,44.41789440000001,44.25696000000001,75.06402467070411,0.5150581002235413,0.5150581002235413,0.0,1.0,0.542560657291495,0.542502290637253,0.9998064225611327,0.9498063921928406,0.9998063075135157,0.999993058863118,0.9999930531103682,0.9999918671271861,0.9999918597458027,-3.8577560700044655,-15.128636779542882,,923.3563030884,False,False,False,,[]
793,793,794,True,1.0,1.0,793.0,794.0,793.0,794.0,794.0,0.0,44.25696000000001,44.25696000000001,99.65043002444402,0.5150581002235413,0.5150581002235413,0.0,1.0,0.542502290637253,0.5424266149110567,0.9998063075135157,0.949806272983551,0.9998061558003423,0.9999930531103682,0.9999930459560136,0.9999918597458027,0.9999918505720877,-5.001574224813218,-19.615148230083115,,903.19949216904,False,False,False,,[]
794,794,795,True,1.0,1.0,794.0,795.0,794.0,795.0,795.0,0.0,44.25696000000001,44.25696000000001,99.65043002444402,0.515058159828186,0.515058159828186,0.0,1.0,0.5424266149110567,0.5423509392702077,0.9998061558003423,0.9498061537742615,0.9998060040873527,0.9999930459560136,0.9999930388016584,0.9999918505720877,0.9999918413983736,-5.001574212101538,-19.615126108068498,,903.1995770626087,False,False,False,,[]
795,795,796,True,1.0,1.0,795.0,796.0,795.0,796.0,796.0,0.0,44.25696000000001,44.25696000000001,99.65043002444402,0.5150582194328308,0.5150582194328308,0.0,1.0,0.5423509392702077,0.5422752637112948,0.9998060040873527,0.9498059749603271,0.9998058523745394,0.9999930388016584,0.9999930316473026,0.9999918413983736,0.9999918322246603,-5.001574199389847,-19.615104870248683,,903.1996584760035,False,False,False,,[]
796,796,797,True,1.0,1.0,796.0,797.0,796.0,797.0,797.0,0.0,44.25696000000001,44.25696000000001,99.65043002444402,0.5150582194328308,0.5150582194328308,0.0,1.0,0.5422752637112948,0.5421995882308079,0.9998058523745394,0.9498058557510376,0.9998057006618951,0.9999930316473026,0.9999930244929468,0.9999918322246603,0.9999918230509469,-5.001574199389847,-19.61508454219403,,903.199736229172,False,False,False,,[]
797,797,798,True,1.0,1.0,797.0,798.0,797.0,798.0,798.0,0.0,44.25696000000001,44.25696000000001,99.65043002444402,0.5150582790374756,0.5150582790374756,0.0,1.0,0.5421995882308079,0.5421239128257133,0.9998057006618951,0.9498056769371033,0.9998055489494131,0.9999930244929468,0.9999930173385905,0.9999918230509469,0.9999918138772345,-5.001574186678145,-19.61506500053599,,903.1998112446447,False,False,False,,[]
798,798,799,True,1.0,1.0,798.0,799.0,798.0,799.0,799.0,0.0,44.25696000000001,44.41789440000001,124.35520154444467,0.5150583386421204,0.5150583386421204,0.0,1.0,0.5421239128257133,0.5420314874554152,0.9998055489494131,0.9498055577278137,0.9998053605957437,0.9999930173385905,0.9999930091020334,0.9999918138772345,0.999991803171651,-6.108304087675399,-23.956655981266756,,884.7968976841764,False,False,False,,[]
799,799,800,True,1.0,1.0,799.0,800.0,799.0,800.0,800.0,0.0,44.41789440000001,45.061632,198.5878822707035,0.5150583982467651,0.5150583982467651,0.0,1.0,0.5420314874554152,0.5418917721106135,0.9998053605957437,0.9498053193092346,0.999805062726518,0.9999930091020334,0.9999929987994205,0.999991803171651,0.9999917897549013,-9.23221863821813,-36.21421737259498,,838.0672750987354,False,False,False,,[]
800,800,801,True,1.0,1.0,800.0,801.0,800.0,801.0,801.0,0.0,45.061632,45.866304,223.77041486831556,0.5150585174560547,0.5150585174560547,0.0,1.0,0.5418917721106135,0.5417353527526249,0.999805062726518,0.9498050212860107,0.9998047314870329,0.9999929987994205,0.9999929881868211,0.9999917897549013,0.9999917760853452,-10.335180002270702,-40.54389759063736,,823.8416735305084,False,False,False,,[]
801,801,802,True,1.0,1.0,801.0,802.0,801.0,802.0,802.0,0.0,45.866304,48.28032,471.4249983436104,0.5150585770606995,0.5150585770606995,0.0,1.0,0.5417353527526249,0.5414131654172919,0.9998047314870329,0.9498047232627869,0.9998041044312169,0.9999929881868211,0.9999929720422679,0.9999917760853452,0.9999917560241914,-21.276226891481723,-83.51095731830854,,703.6809290865525,False,False,False,,[]
802,802,803,True,1.0,1.0,802.0,803.0,802.0,803.0,803.0,0.0,48.28032,49.889664,349.7861917580157,0.5150587558746338,0.5150587558746338,0.0,1.0,0.5414131654172919,0.5411630657700313,0.9998041044312169,0.9498040676116943,0.9998035973890483,0.9999929720422679,0.999992957779248,0.9999917560241914,0.9999917417154359,-16.51782183071342,-64.82582856996773,,752.2328304204556,False,False,False,,[]
803,803,804,True,1.0,1.0,803.0,804.0,803.0,804.0,804.0,0.0,49.889664,51.499008,351.0965975913923,0.5150589346885681,0.5150589346885681,0.0,1.0,0.5411630657700313,0.5408958218423702,0.9998035973890483,0.9498035907745361,0.999803060496991,0.999992957779248,0.9999929426762574,0.9999917417154359,0.9999917197718423,-17.64792301866623,-69.26962604974241,,736.3880233321497,False,False,False,,[]
804,804,805,True,1.0,1.0,804.0,805.0,804.0,805.0,805.0,0.0,51.499008,53.108352000000004,352.44996755045446,0.5150591135025024,0.5150591135025024,0.0,1.0,0.5408958218423702,0.5406255111236735,0.999803060496991,0.9498030543327332,0.9998025183481682,0.9999929426762574,0.9999929268966398,0.9999917197718423,0.9999917032570924,-17.84891919520771,-70.06453828616317,,737.017454952675,False,False,False,,[]
805,805,806,True,1.0,1.0,805.0,806.0,805.0,806.0,806.0,0.0,53.108352000000004,53.108352000000004,106.79858643519938,0.515059232711792,0.515059232711792,0.0,1.0,0.5406255111236735,0.5405331017208129,0.9998025183481682,0.9498025178909302,0.9998023300299804,0.9999929268966398,0.999992918192323,0.9999917032570924,0.9999916945518995,-6.104861852680115,-23.95251722146536,,886.0136907797302,False,False,False,,[]
806,806,807,True,1.0,1.0,806.0,807.0,806.0,807.0,807.0,0.0,53.108352000000004,54.07395840000001,255.02721555520037,0.5150592923164368,0.5150592923164368,0.0,1.0,0.5405331017208129,0.5403296876766982,0.9998023300299804,0.9498023390769958,0.9998019080549116,0.999992918192323,0.9999929070542805,0.9999916945518995,0.9999916788112284,-13.433533752160278,-52.724920234533286,,785.8606291517605,False,False,False,,[]
807,807,808,True,1.0,1.0,807.0,808.0,807.0,808.0,808.0,0.0,54.07395840000001,54.717696000000004,206.47609574637403,0.5150594115257263,0.5150594115257263,0.0,1.0,0.5403296876766982,0.5401564066305328,0.9998019080549116,0.9498019218444824,0.9998015437086841,0.9999929070542805,0.9999928952273118,0.9999916788112284,0.9999916633999373,-11.444120324314914,-44.91444716607369,,808.4375471203278,False,False,False,,[]
808,808,809,True,1.0,1.0,808.0,809.0,808.0,809.0,809.0,0.0,54.717696000000004,55.200499199999996,182.3521992056285,0.5150595307350159,0.5150595307350159,0.0,1.0,0.5401564066305328,0.5400032240817295,0.9998015437086841,0.949801504611969,0.99980121889179,0.9999928952273118,0.9999928836991436,0.9999916633999373,0.9999916520323937,-10.117077548411594,-39.70491664980335,,827.4310264941008,False,False,False,,[]
809,809,810,True,1.0,1.0,809.0,810.0,809.0,810.0,810.0,0.0,55.200499199999996,55.03956480000001,83.97328059326826,0.5150596499443054,0.5150596499443054,0.0,1.0,0.5400032240817295,0.5399262906102428,0.99980121889179,0.9498012065887451,0.9998010644672252,0.9999928836991436,0.9999928759970786,0.9999916520323937,0.9999916444604451,-5.082256160113842,-19.941155809369373,,902.8123078098057,False,False,False,,[]
810,810,811,True,1.0,1.0,810.0,811.0,810.0,811.0,811.0,0.0,55.03956480000001,54.717696000000004,59.12135694279728,0.5150597095489502,0.5150597095489502,0.0,1.0,0.5399262906102428,0.5398710850007467,0.9998010644672252,0.9498010277748108,0.9998009559863831,0.9999928759970786,0.9999928701411737,0.9999916444604451,0.9999916387416242,-3.6472015135750424,-14.309293981389073,,927.9636485628797,False,False,False,,[]
811,811,812,True,1.0,1.0,811.0,812.0,811.0,812.0,812.0,0.0,54.717696000000004,54.717696000000004,108.23788464562945,0.5150597095489502,0.5150597095489502,0.0,1.0,0.5398710850007467,0.5397747388246824,0.9998009559863831,0.949800968170166,0.999800758887961,0.9999928701411737,0.9999928611005391,0.9999916387416242,0.999991629716575,-6.364498818739354,-24.972928835843103,,881.7395859228418,False,False,False,,[]
812,812,813,True,1.0,1.0,812.0,813.0,812.0,813.0,813.0,0.0,54.717696000000004,54.5567616,83.5331131256288,0.515059769153595,0.515059769153595,0.0,1.0,0.5397747388246824,0.539698441486269,0.999800758887961,0.9498007297515869,0.9998006058355486,0.9999928611005391,0.9999928534945683,0.999991629716575,0.9999916219238444,-5.040435686618368,-19.776270116744122,,903.3413214527578,False,False,False,,[]
813,813,814,True,1.0,1.0,813.0,814.0,813.0,814.0,814.0,0.0,54.5567616,54.07395840000001,33.977706878932594,0.5150598287582397,0.5150598287582397,0.0,1.0,0.539698441486269,0.5396658414118751,0.9998006058355486,0.9498006105422974,0.9998005431764234,0.9999928534945683,0.9999928500326868,0.9999916219238444,0.9999916179811098,-2.153983310655716,-8.449939282890513,,955.7756827695946,False,False,False,,[]
814,814,815,True,1.0,1.0,814.0,815.0,814.0,815.0,815.0,0.0,54.07395840000001,53.269286400000006,-15.866847933626026,0.5150598287582397,0.5150598287582397,0.0,1.0,0.5396658414118751,0.5396746860031879,0.9998005431764234,0.9498005509376526,0.9998005265671421,0.9999928500326868,0.9999928494252215,0.9999916179811098,0.9999916159793129,0.5844825343744665,2.292518068278395,,1004.5954222374841,False,False,False,,[]
815,815,816,True,1.0,1.0,815.0,816.0,815.0,816.0,816.0,0.0,53.269286400000006,53.108352000000004,82.23581135058691,0.5150598287582397,0.5150598287582397,0.0,1.0,0.5396746860031879,0.5396018287883402,0.9998005265671421,0.9498004913330078,0.9998003809066414,0.9999928494252215,0.9999928421037112,0.9999916159793129,0.9999916087478773,-4.813687334870361,-18.884590088518852,,907.4606059764377,False,False,False,,[]
816,816,817,True,1.0,1.0,816.0,817.0,816.0,817.0,817.0,0.0,53.108352000000004,52.30368,-16.725271164800965,0.5150598883628845,0.5150598883628845,0.0,1.0,0.5396018287883402,0.5396109835535156,0.9998003809066414,0.9498003721237183,0.9998003637096664,0.9999928421037112,0.9999928414749011,0.9999916087478773,0.9999916066757428,0.6050197038535993,2.37291513344424,,1004.7566416277701,False,False,False,,[]
817,817,818,True,1.0,1.0,817.0,818.0,817.0,818.0,818.0,0.0,52.30368,51.499008,-17.428808722884327,0.5150598883628845,0.5150598883628845,0.0,1.0,0.5396109835535156,0.5396203772660582,0.9998003637096664,0.9498003721237183,0.9998003460597101,0.9999928414749011,0.9999928408296445,0.9999916066757428,0.9999916045494117,0.6208439727920181,2.434850291042641,,1004.8808360291727,False,False,False,,[]
818,818,819,True,1.0,1.0,818.0,819.0,818.0,819.0,819.0,0.0,51.499008,51.3380736,80.69748083045411,0.5150598883628845,0.5150598883628845,0.0,1.0,0.5396203772660582,0.5395478926058834,0.9998003460597101,0.9498003125190735,0.9998002011968491,0.9999928408296445,0.9999928338480361,0.9999916045494117,0.9999915953437766,-4.789621110295602,-18.78802391728634,,906.4883071386673,False,False,False,,[]
819,819,820,True,1.0,1.0,819.0,820.0,819.0,820.0,820.0,0.0,51.3380736,50.85527040000001,31.150667408892836,0.5150599479675293,0.5150599479675293,0.0,1.0,0.5395478926058834,0.5395191088583589,0.9998002011968491,0.9498001933097839,0.9998001460790734,0.9999928338480361,0.9999928307831961,0.9999915953437766,0.9999915916022873,-1.9022416219721034,-7.4607473583723145,,960.5208135101702,False,False,False,,[]
820,820,821,True,1.0,1.0,820.0,821.0,820.0,821.0,821.0,0.0,50.85527040000001,50.69433600000001,80.15097715174655,0.5150599479675293,0.5150599479675293,0.0,1.0,0.5395191088583589,0.5394480043443318,0.9998001460790734,0.9498001337051392,0.999800004166211,0.9999928307831961,0.9999928239230772,0.9999915916022873,0.9999915825768884,-4.698607625873046,-18.43029003580451,,908.1156604236381,False,False,False,,[]
821,821,822,True,1.0,1.0,821.0,822.0,821.0,822.0,822.0,0.0,50.69433600000001,49.24592640000001,-117.62274682478639,0.5150600075721741,0.5150600075721741,0.0,1.0,0.5394480043443318,0.539506739755924,0.999800004166211,0.9498000144958496,0.999799888349957,0.9999928239230772,0.9999928151875456,0.9999915825768884,0.9999915712034513,3.882871627681576,15.224218684703455,,1027.7965706682269,False,False,False,,[]
822,822,823,True,1.0,1.0,822.0,823.0,822.0,823.0,823.0,0.0,49.24592640000001,48.28032,-44.709064757041126,0.5150600075721741,0.5150600075721741,0.0,1.0,0.539506739755924,0.539526987445809,0.999799888349957,0.9497998952865601,0.9997998499002329,0.9999928151875456,0.9999928110745534,0.9999915712034513,0.9999915660787143,1.338460671782108,5.248201218168355,,1007.2166958712284,False,False,False,,[]
823,823,824,True,1.0,1.0,823.0,824.0,823.0,824.0,824.0,0.0,48.28032,48.1193856,78.03370503801537,0.5150600671768188,0.5150600671768188,0.0,1.0,0.539526987445809,0.539461232910719,0.9997998499002329,0.9497998356819153,0.9997997193500973,0.9999928110745534,0.999992804689222,0.9999915660787143,0.9999915577527835,-4.345701693936843,-17.04357549530205,,914.4773378532057,False,False,False,,[]
824,824,825,True,1.0,1.0,824.0,825.0,824.0,825.0,825.0,0.0,48.1193856,48.1193856,102.60979900159101,0.5150600671768188,0.5150600671768188,0.0,1.0,0.539461232910719,0.539377340230012,0.9997997193500973,0.9497997164726257,0.9997995498063444,0.999992804689222,0.9999927969350264,0.9999915577527835,0.9999915477835268,-5.544166930325191,-21.744982839259542,,893.9981812721503,False,False,False,,[]
825,825,826,True,1.0,1.0,825.0,826.0,825.0,826.0,826.0,0.0,48.1193856,48.1193856,102.60979900159101,0.5150601267814636,0.5150601267814636,0.0,1.0,0.539377340230012,0.5392934474256162,0.9997995498063444,0.9497995376586914,0.9997993802623212,0.9999927969350264,0.9999927891808302,0.9999915477835268,0.9999915378142711,-5.544166926393879,-21.745014899406193,,893.9980610669195,False,False,False,,[]
826,826,827,True,1.0,1.0,826.0,827.0,826.0,827.0,827.0,0.0,48.1193856,48.1193856,102.60979900159101,0.5150601863861084,0.5150601863861084,0.0,1.0,0.5392934474256162,0.5392095544994573,0.9997993802623212,0.9497993588447571,0.9997992107180316,0.9999927891808302,0.9999927814266334,0.9999915378142711,0.9999915278450161,-5.5441669224625505,-21.745046460412617,,893.9979425516335,False,False,False,,[]
827,827,828,True,1.0,1.0,827.0,828.0,827.0,828.0,828.0,0.0,48.1193856,47.63658240000001,28.49548444159197,0.5150602459907532,0.5150602459907532,0.0,1.0,0.5392095544994573,0.5391847982898073,0.9997992107180316,0.9497991800308228,0.9997991634989677,0.9999927814266334,0.9999927787316434,0.9999915278450161,0.9999915246574423,-1.6363470513912033,-6.416809541302508,,965.846993712225,False,False,False,,[]
828,828,829,True,1.0,1.0,828.0,829.0,828.0,829.0,829.0,0.0,47.63658240000001,47.47564800000001,77.52157265985736,0.5150602459907532,0.5150602459907532,0.0,1.0,0.5391847982898073,0.5391212754874674,0.9997991634989677,0.9497991800308228,0.9997990376547982,0.9999927787316434,0.999992772462236,0.9999915246574423,0.9999915171213117,-4.198347359406107,-16.465110366511688,,917.5046289407013,False,False,False,,[]
829,829,830,True,1.0,1.0,829.0,830.0,829.0,830.0,830.0,0.0,47.47564800000001,47.47564800000001,102.09938518845938,0.515060305595398,0.515060305595398,0.0,1.0,0.5391212754874674,0.5390396367311346,0.9997990376547982,0.9497990012168884,0.9997988730295259,0.999992772462236,0.9999927648103262,0.9999915171213117,0.9999915078802266,-5.395394937719659,-21.160765641441927,,896.8655887506366,False,False,False,,[]
830,830,831,True,1.0,1.0,830.0,831.0,830.0,831.0,831.0,0.0,47.47564800000001,47.1537792,52.68984214845806,0.515060305595398,0.515060305595398,0.0,1.0,0.5390396367311346,0.5389955830722629,0.9997988730295259,0.9497988820075989,0.9997987874019109,0.9999927648103262,0.999992760219889,0.9999915078802266,0.9999915024371991,-2.911787832424814,-11.41870837955139,,941.0437192235844,False,False,False,,[]
831,831,832,True,1.0,1.0,831.0,832.0,831.0,832.0,832.0,0.0,47.1537792,46.5100416,3.0276700494349402,0.5150603652000427,0.5150603652000427,0.0,1.0,0.5389955830722629,0.5389932638926683,0.9997987874019109,0.9497987627983093,0.9997987830744306,0.999992760219889,0.9999927601187457,0.9999915024371991,0.9999915021038998,-0.15331185918866566,-0.6011313509099359,,996.8237503825997,False,False,False,,[]
832,832,833,True,1.0,1.0,832.0,833.0,832.0,833.0,833.0,0.0,46.5100416,45.3835008,-71.58674693353338,0.5150603652000427,0.5150603652000427,0.0,1.0,0.5389932638926683,0.5390248020782127,0.9997987830744306,0.9497987627983093,0.999798722519252,0.9999927601187457,0.9999927544145827,0.9999915021038998,0.9999914950321642,2.0851561304493624,8.174697693104441,,1012.8703091651723,False,False,False,,[]
833,833,834,True,1.0,1.0,833.0,834.0,833.0,834.0,834.0,0.0,45.3835008,44.578828800000004,-23.03584194533641,0.5150603652000427,0.5150603652000427,0.0,1.0,0.5390248020782127,0.5390343051325449,0.999798722519252,0.9497987031936646,0.9997987046619421,0.9999927544145827,0.9999927523324798,0.9999914950321642,0.9999914925964914,0.6282854673674437,2.4631916829088323,,1003.2098176021601,False,False,False,,[]
834,834,835,True,1.0,1.0,834.0,835.0,834.0,835.0,835.0,0.0,44.578828800000004,43.452288,-73.04580864177737,0.5150603652000427,0.5150603652000427,0.0,1.0,0.5390343051325449,0.5390649082963014,0.9997987046619421,0.9497987031936646,0.9997986459557836,0.9999927523324798,0.9999927467364785,0.9999914925964914,0.9999914854293812,2.0235144874245043,7.932340045672867,,1012.1144394641805,False,False,False,,[]
835,835,836,True,1.0,1.0,835.0,836.0,835.0,836.0,836.0,0.0,43.452288,41.038272000000006,-271.5065289880071,0.5150604248046875,0.5150604248046875,0.0,1.0,0.5390649082963014,0.5391924990412027,0.9997986459557836,0.9497986435890198,0.9997983768380678,0.9999927467364785,0.9999927361066268,0.9999914854293812,0.9999914720474797,8.439418140066739,33.07152107841984,,1083.0331400959753,False,False,False,,[]
836,836,837,True,1.0,1.0,836.0,837.0,836.0,837.0,837.0,0.0,41.038272000000006,38.1414528,-347.3125559968335,0.5150604844093323,0.5150604844093323,0.0,1.0,0.5391924990412027,0.5393523351659639,0.9997983768380678,0.9497983455657959,0.9997980388421505,0.9999927361066268,0.9999927262546681,0.9999914720474797,0.9999914612737204,10.574268394638915,41.42952353811966,,1117.8315329203613,False,False,False,,[]
837,837,838,True,1.0,1.0,837.0,838.0,837.0,838.0,838.0,0.0,38.1414528,35.405568,-324.5102359621426,0.5150606036186218,0.5150606036186218,0.0,1.0,0.5393523351659639,0.5394892805597934,0.9997980388421505,0.949798047542572,0.9997977473378775,0.9999927262546681,0.9999927158076364,0.9999914612737204,0.9999914519234068,9.060126939887802,35.496246080587326,,1096.4883680829546,False,False,False,,[]
838,838,839,True,1.0,1.0,838.0,839.0,838.0,839.0,839.0,0.0,35.405568,32.991552,-276.7696343843559,0.5150606632232666,0.5150606632232666,0.0,1.0,0.5394892805597934,0.5395932862503363,0.9997977473378775,0.9497977495193481,0.999797532969876,0.9999927158076364,0.9999927043475367,0.9999914519234068,0.9999914424364461,6.880755953774592,26.9582749887232,,1065.6684394973233,False,False,False,,[]
839,839,840,True,1.0,1.0,839.0,840.0,839.0,840.0,840.0,0.0,32.991552,30.8994048,-228.72957285054935,0.5150607228279114,0.5150607228279114,0.0,1.0,0.5395932862503363,0.5396722429039339,0.999797532969876,0.949797511100769,0.9997973741702952,0.9999927043475367,0.9999926947621064,0.9999914424364461,0.9999914343054843,5.223523576897178,20.465564612498884,,1047.515626635995,False,False,False,,[]
840,840,841,True,1.0,1.0,840.0,841.0,840.0,841.0,841.0,0.0,30.8994048,30.8994048,91.32376764616336,0.5150607824325562,0.5150607824325562,0.0,1.0,0.5396722429039339,0.5396257008760776,0.9997973741702952,0.9497973918914795,0.9997972834855235,0.9999926947621064,0.9999926898455973,0.9999914343054843,0.9999914302248394,-3.078031076689343,-12.063693620353705,,939.3131746721843,False,False,False,,[]
841,841,842,True,1.0,1.0,841.0,842.0,841.0,842.0,842.0,0.0,30.8994048,32.347814400000004,313.6667113261644,0.5150608420372009,0.5150608420372009,0.0,1.0,0.5396257008760776,0.5394762688598174,0.9997972834855235,0.9497972726821899,0.9997969661370913,0.9999926898455973,0.9999926790359435,0.9999914302248394,0.9999914201262433,-9.879385191970417,-38.73277861466539,,831.8947727883213,False,False,False,,[]
842,842,843,True,1.0,1.0,842.0,843.0,842.0,843.0,843.0,0.0,32.347814400000004,33.6352896,289.7217603688928,0.5150609016418457,0.5150609016418457,0.0,1.0,0.5394762688598174,0.539328139165406,0.9997969661370913,0.9497969746589661,0.9997966513885892,0.9999926790359435,0.9999926680254118,0.9999914201262433,0.9999914073745519,-9.792873972322157,-38.39521679142785,,831.001841531298,False,False,False,,[]
843,843,844,True,1.0,1.0,843.0,844.0,843.0,844.0,844.0,0.0,33.6352896,34.4399616,216.31205747011825,0.5150610208511353,0.5150610208511353,0.0,1.0,0.539328139165406,0.5392081586998294,0.9997966513885892,0.9497966170310974,0.9997964001997244,0.9999926680254118,0.9999926551765227,0.9999914073745519,0.9999913980340861,-7.932276763509423,-31.09893667745991,,856.686091479313,False,False,False,,[]
844,844,845,True,1.0,1.0,844.0,845.0,844.0,845.0,845.0,0.0,34.4399616,35.405568,241.4711746192332,0.51506108045578,0.51506108045578,0.0,1.0,0.5392081586998294,0.5390761205474617,0.9997964001997244,0.9497963786125183,0.9997961204871036,0.9999926551765227,0.9999926411112814,0.9999913980340861,0.9999913914266012,-8.728845687011326,-34.22428909371983,,846.9680073751439,False,False,False,,[]
845,845,846,True,1.0,1.0,845.0,846.0,845.0,846.0,846.0,0.0,35.405568,36.37117440000001,242.03056753564516,0.5150611996650696,0.5150611996650696,0.0,1.0,0.5390761205474617,0.5389441478929715,0.9997961204871036,0.9497960805892944,0.999795840931148,0.9999926411112814,0.9999926293044492,0.9999913914266012,0.9999913846206925,-8.724209037684249,-34.20731204386129,,848.5067618986524,False,False,False,,[]
846,846,847,True,1.0,1.0,846.0,847.0,846.0,847.0,847.0,0.0,36.37117440000001,37.3367808,242.60542753730158,0.5150612592697144,0.5150612592697144,0.0,1.0,0.5389441478929715,0.5388106554185604,0.999795840931148,0.9497958421707153,0.9997955577350373,0.9999926293044492,0.9999926188609634,0.9999913846206925,0.999991377615066,-8.824332667218346,-34.601249367356,,847.9885557237076,False,False,False,,[]
847,847,848,True,1.0,1.0,847.0,848.0,847.0,848.0,848.0,0.0,37.3367808,38.624256,292.6052976642076,0.5150613188743591,0.5150613188743591,0.0,1.0,0.5388106554185604,0.5386477807858594,0.9997955577350373,0.9497955441474915,0.9997952137509024,0.9999926188609634,0.9999926082641162,0.999991377615066,0.9999913689073326,-10.765234456614282,-42.21710479612284,,821.9779634884814,False,False,False,,[]
848,848,849,True,1.0,1.0,848.0,849.0,848.0,849.0,849.0,0.0,38.624256,40.2336,342.8260033971299,0.5150614380836487,0.5150614380836487,0.0,1.0,0.5386477807858594,0.5384535079360718,0.9997952137509024,0.9497951865196228,0.9997948090430758,0.9999926082641162,0.9999925985990881,0.9999913689073326,0.9999913583159986,-12.83864544011375,-50.355522664952176,,796.812752439344,False,False,False,,[]
849,849,850,True,1.0,1.0,849.0,850.0,849.0,850.0,850.0,0.0,40.2336,41.842944,343.8786244764008,0.5150615572929382,0.5150615572929382,0.0,1.0,0.5384535079360718,0.5382494454579604,0.9997948090430758,0.9497947692871094,0.9997943858504578,0.9999925985990881,0.9999925883805778,0.9999913583159986,0.9999913461843444,-13.484395708286428,-52.89299432649291,,788.1885814652135,False,False,False,,[]
850,850,851,True,1.0,1.0,850.0,851.0,850.0,851.0,851.0,0.0,41.842944,42.80855040000001,246.1551236013543,0.5150616765022278,0.5150616765022278,0.0,1.0,0.5382494454579604,0.538090124173246,0.9997943858504578,0.949794352054596,0.9997940488710668,0.9999925883805778,0.999992577776749,0.9999913461843444,0.999991332619283,-10.528750428978904,-41.29607699797035,,821.5656959447118,False,False,False,,[]
851,851,852,True,1.0,1.0,851.0,852.0,851.0,852.0,852.0,0.0,42.80855040000001,42.80855040000001,98.60446838465535,0.5150617957115173,0.5150617957115173,0.0,1.0,0.538090124173246,0.5380175965981945,0.9997940488710668,0.9497940540313721,0.9997939039163536,0.999992577776749,0.9999925709062006,0.999991332619283,0.9999913237919033,-4.794104996415829,-18.79914745334447,,906.8477186668532,False,False,False,,[]
852,852,853,True,1.0,1.0,852.0,853.0,852.0,853.0,853.0,0.0,42.80855040000001,43.130419200000006,148.01401142465568,0.5150618553161621,0.5150618553161621,0.0,1.0,0.5380175965981945,0.5379129354302367,0.9997939039163536,0.9497938752174377,0.9997936880589653,0.9999925709062006,0.9999925619995556,0.9999913237919033,0.9999913122170054,-6.917438976419931,-27.128174734670093,,872.0460369385149,False,False,False,,[]
853,853,854,True,1.0,1.0,853.0,854.0,853.0,854.0,854.0,0.0,43.130419200000006,43.452288,148.24343985580984,0.5150619149208069,0.5150619149208069,0.0,1.0,0.5379129354302367,0.537807401565139,0.9997936880589653,0.9497936964035034,0.9997934702157912,0.9999925619995556,0.9999925530577627,0.9999913122170054,0.9999913005454143,-6.974992208757016,-27.35437783332743,,871.1320684789566,False,False,False,,[]
854,854,855,True,1.0,1.0,854.0,855.0,854.0,855.0,855.0,0.0,43.452288,43.7741568,148.47458685199234,0.5150619745254517,0.5150619745254517,0.0,1.0,0.537807401565139,0.5377010274096863,0.9997934702157912,0.9497934579849243,0.9997932504575151,0.9999925530577627,0.9999925440813753,0.9999913005454143,0.9999912888025442,-7.030402371836058,-27.572181093330162,,870.269575295378,False,False,False,,[]
855,855,856,True,1.0,1.0,855.0,856.0,855.0,856.0,856.0,0.0,43.7741568,44.739763200000006,247.52653849320384,0.5150620341300964,0.5150620341300964,0.0,1.0,0.5377010274096863,0.5375349052928292,0.9997932504575151,0.9497932195663452,0.9997929000945669,0.9999925440813753,0.9999925335212988,0.9999912888025442,0.999991275128529,-10.976984995911003,-43.05885268936454,,816.0650545084211,False,False,False,,[]
856,856,857,True,1.0,1.0,856.0,857.0,856.0,857.0,857.0,0.0,44.739763200000006,45.222566400000005,174.12113200699676,0.515062153339386,0.515062153339386,0.0,1.0,0.5375349052928292,0.5374093839312724,0.9997929000945669,0.9497928619384766,0.9997926358770748,0.9999925335212988,0.9999925236956843,0.999991275128529,0.9999912622173233,-8.294898827180472,-32.53513691553904,,851.2957219572545,False,False,False,,[]
857,857,858,True,1.0,1.0,857.0,858.0,857.0,858.0,858.0,0.0,45.222566400000005,46.349107200000006,273.30047228086084,0.5150622129440308,0.5150622129440308,0.0,1.0,0.5374093839312724,0.5372244401656845,0.9997926358770748,0.9497926235198975,0.9997922489865603,0.9999925236956843,0.9999925133192735,0.9999912622173233,0.9999912491226148,-12.219182990991985,-47.93742404036409,,801.8577850440807,False,False,False,,[]
858,858,859,True,1.0,1.0,858.0,859.0,858.0,859.0,859.0,0.0,46.349107200000006,46.5100416,125.92747372386724,0.5150623321533203,0.5150623321533203,0.0,1.0,0.5372244401656845,0.5371267911851556,0.9997922489865603,0.9497922658920288,0.9997920489681905,0.9999925133192735,0.9999925046327303,0.9999912491226148,0.9999912379809937,-6.4531106236923135,-25.3106157530998,,879.1371232963811,False,False,False,,[]
859,859,860,True,1.0,1.0,859.0,860.0,859.0,860.0,860.0,0.0,46.5100416,46.670976,126.05142522646696,0.5150623917579651,0.5150623917579651,0.0,1.0,0.5371267911851556,0.5370287829181578,0.9997920489681905,0.9497920274734497,0.9997918481433066,0.9999925046327303,0.999992495916561,0.9999912379809937,0.9999912268349279,-6.476792866006448,-25.403742805817473,,878.7709232905426,False,False,False,,[]
860,860,861,True,1.0,1.0,860.0,861.0,860.0,861.0,861.0,0.0,46.670976,46.831910400000005,126.17580637032451,0.5150624513626099,0.5150624513626099,0.0,1.0,0.5370287829181578,0.536930804979186,0.9997918481433066,0.9497918486595154,0.9997916473865229,0.999992495916561,0.9999924871753455,0.9999912268349279,0.9999912159624651,-6.474735823058623,-25.395881781492797,,878.9916030755592,False,False,False,,[]
861,861,862,True,1.0,1.0,861.0,862.0,861.0,862.0,862.0,0.0,46.831910400000005,46.670976,76.89107411543662,0.5150625109672546,0.5150625109672546,0.0,1.0,0.536930804979186,0.5368684718706934,0.9997916473865229,0.9497916102409363,0.9997915240428756,0.9999924871753455,0.9999924810492806,0.9999912159624651,0.9999912083639754,-4.119626405281768,-16.156741721284753,,918.7865901566553,False,False,False,,[]
862,862,863,True,1.0,1.0,862.0,863.0,862.0,863.0,863.0,0.0,46.670976,45.222566400000005,-120.8719088296752,0.5150625705718994,0.5150625705718994,0.0,1.0,0.5368684718706934,0.5369238166632705,0.9997915240428756,0.9497914910316467,0.9997914152737254,0.9999924810492806,0.9999924726522939,0.9999912083639754,0.999991197600489,3.6591493615532236,14.34537023596803,,1025.964498521406,False,False,False,,[]
863,863,864,True,1.0,1.0,863.0,864.0,863.0,864.0,864.0,0.0,45.222566400000005,44.25696000000001,-47.86155747913887,0.5150625705718994,0.5150625705718994,0.0,1.0,0.5369238166632705,0.5369437369828245,0.9997914152737254,0.949791431427002,0.9997913774577798,0.9999924726522939,0.9999924686508178,0.999991197600489,0.9999911925670746,1.3169779614465498,5.163346828383863,,1007.1546600124468,False,False,False,,[]
864,864,865,True,1.0,1.0,864.0,865.0,864.0,865.0,865.0,0.0,44.25696000000001,43.452288,-23.87342757555632,0.5150625705718994,0.5150625705718994,0.0,1.0,0.5369437369828245,0.5369533436828124,0.9997913774577798,0.9497913718223572,0.9997913594038775,0.9999924686508178,0.9999924665520131,0.9999911925670746,0.9999911901060704,0.635129438177923,2.4900566368737675,,1003.252042396269,False,False,False,,[]
865,865,866,True,1.0,1.0,865.0,866.0,865.0,866.0,866.0,0.0,43.452288,41.521075200000006,-197.39221442800704,0.5150625705718994,0.5150625705718994,0.0,1.0,0.5369533436828124,0.5370418010393466,0.9997913594038775,0.9497913718223572,0.999791179835025,0.9999924665520131,0.9999924564403141,0.9999911901060704,0.9999911769852797,5.849883712392343,22.928146813651182,,1049.6130923002147,False,False,False,,[]
866,866,867,True,1.0,1.0,866.0,867.0,866.0,867.0,867.0,0.0,41.521075200000006,40.2336,-99.9342318496917,0.5150626301765442,0.5150626301765442,0.0,1.0,0.5370418010393466,0.5370781349710243,0.999791179835025,0.9497911930084229,0.9997911097436655,0.9999924564403141,0.999992449747866,0.9999911769852797,0.9999911642088295,2.4026239480618012,9.417755090843853,,1009.9540030906932,False,False,False,,[]
867,867,868,True,1.0,1.0,867.0,868.0,867.0,868.0,868.0,0.0,40.2336,39.428928,-26.692948323600323,0.515062689781189,0.515062689781189,0.0,1.0,0.5370781349710243,0.5370872867545586,0.9997911097436655,0.9497910737991333,0.9997910925523416,0.999992449747866,0.999992447633469,0.9999911642088295,0.9999911609366499,0.6051496735584874,2.372142292090889,,1002.0502694058777,False,False,False,,[]
868,868,869,True,1.0,1.0,868.0,869.0,868.0,869.0,869.0,0.0,39.428928,39.911731200000006,170.41354278105558,0.515062689781189,0.515062689781189,0.0,1.0,0.5370872867545586,0.536984356684894,0.9997910925523416,0.9497910737991333,0.999790880624439,0.999992447633469,0.9999924382970349,0.9999911609366499,0.9999911556396406,-6.803950926616139,-26.679474057072728,,878.1510118814592,False,False,False,,[]
869,869,870,True,1.0,1.0,869.0,870.0,869.0,870.0,870.0,0.0,39.911731200000006,40.394534400000005,170.7312624904913,0.5150627493858337,0.5150627493858337,0.0,1.0,0.536984356684894,0.5368800740082742,0.999790880624439,0.949790894985199,0.9997906656272872,0.9999924382970349,0.999992428896811,0.9999911556396406,0.9999911502681693,-6.893206154417429,-27.030069779853296,,876.7668376295072,False,False,False,,[]
870,870,871,True,1.0,1.0,870.0,871.0,870.0,871.0,871.0,0.0,40.394534400000005,41.038272000000006,195.75762049123935,0.5150628089904785,0.5150628089904785,0.0,1.0,0.5368800740082742,0.5367465698469802,0.9997906656272872,0.9497906565666199,0.9997903824031454,0.999992428896811,0.9999924188591639,0.9999911502681693,0.9999911330341805,-8.82380506889723,-34.60427860739588,,840.9734288438103,False,False,False,,[]
871,871,872,True,1.0,1.0,871.0,872.0,871.0,872.0,872.0,0.0,41.038272000000006,41.3601408,146.7828744031669,0.5150628685951233,0.5150628685951233,0.0,1.0,0.5367465698469802,0.5366384986000873,0.9997903824031454,0.949790358543396,0.9997901587678761,0.9999924188591639,0.9999924101751285,0.9999911330341805,0.9999911168228531,-7.143199353207241,-28.012067194648324,,865.5534624480781,False,False,False,,[]
872,872,873,True,1.0,1.0,872.0,873.0,872.0,873.0,873.0,0.0,41.3601408,42.1648128,221.1171652866705,0.5150629878044128,0.5150629878044128,0.0,1.0,0.5366384986000873,0.5364931061716874,0.9997901587678761,0.9497901201248169,0.9997898494950181,0.9999924101751285,0.9999923997431617,0.9999911168228531,0.9999911024213893,-9.608711545425704,-37.68571744123322,,832.5333070912002,False,False,False,,[]
873,873,874,True,1.0,1.0,873.0,874.0,873.0,874.0,874.0,0.0,42.1648128,43.2913536,271.08416785742696,0.5150630474090576,0.5150630474090576,0.0,1.0,0.5364931061716874,0.5363193776817144,0.9997898494950181,0.949789822101593,0.9997894842784378,0.9999923997431617,0.9999923891821783,0.9999911024213893,0.9999910890056458,-11.47996709651975,-45.030424600995396,,810.2238091740817,False,False,False,,[]
874,874,875,True,1.0,1.0,874.0,875.0,874.0,875.0,875.0,0.0,43.2913536,44.25696000000001,247.1778846132743,0.5150631666183472,0.5150631666183472,0.0,1.0,0.5363193776817144,0.5361549813886144,0.9997894842784378,0.9497894644737244,0.9997891373026632,0.9999923891821783,0.9999923785927719,0.9999910890056458,0.9999910753930731,-10.863117177859055,-42.61151917152377,,817.4637396853707,False,False,False,,[]
875,875,876,True,1.0,1.0,875.0,876.0,875.0,876.0,876.0,0.0,44.25696000000001,44.739763200000006,173.76474458444403,0.5150632858276367,0.5150632858276367,0.0,1.0,0.5361549813886144,0.5360308433933351,0.9997891373026632,0.9497891068458557,0.9997888763504885,0.9999923785927719,0.9999923688099247,0.9999910753930731,0.9999910625640626,-8.203602789187716,-32.17656837641185,,852.6275338351032,False,False,False,,[]
876,876,877,True,1.0,1.0,876.0,877.0,876.0,877.0,877.0,0.0,44.739763200000006,45.7053696,248.23544656699585,0.5150633454322815,0.5150633454322815,0.0,1.0,0.5360308433933351,0.5358612290291519,0.9997888763504885,0.9497888684272766,0.9997885191526787,0.9999923688099247,0.9999923581516333,0.9999910625640626,0.9999910489297062,-11.207033313595689,-43.964043196289765,,813.2548882551171,False,False,False,,[]
877,877,878,True,1.0,1.0,877.0,878.0,877.0,878.0,878.0,0.0,45.7053696,46.670976,248.95982172603715,0.515063464641571,0.515063464641571,0.0,1.0,0.5358612290291519,0.53569037209645,0.9997885191526787,0.949788510799408,0.9997881595291983,0.9999923581516333,0.9999923474953366,0.9999910489297062,0.9999910373255836,-11.288623982197452,-44.28611695632317,,813.6168874028616,False,False,False,,[]
878,878,879,True,1.0,1.0,878.0,879.0,878.0,879.0,879.0,0.0,46.670976,46.9928448,150.8805778903242,0.5150635242462158,0.5150635242462158,0.0,1.0,0.53569037209645,0.5355759368382506,0.9997881595291983,0.9497881531715393,0.9997879212458038,0.9999923474953366,0.9999923379134119,0.9999910373255836,0.9999910255361465,-7.561845385244688,-29.661618925298363,,862.3403355187278,False,False,False,,[]
879,879,880,True,1.0,1.0,879.0,880.0,879.0,880.0,880.0,0.0,46.9928448,46.831910400000005,77.01631454180786,0.5150636434555054,0.5150636434555054,0.0,1.0,0.5355759368382506,0.535513616153963,0.9997879212458038,0.9497879147529602,0.9997877979282401,0.9999923379134119,0.9999923317588012,0.9999910255361465,0.9999910181183537,-4.118744693699481,-16.1535213673262,,918.9277430447264,False,False,False,,[]
880,880,881,True,1.0,1.0,880.0,881.0,880.0,881.0,881.0,0.0,46.831910400000005,46.670976,76.89107411543662,0.5150636434555054,0.5150636434555054,0.0,1.0,0.535513616153963,0.5354512826132198,0.9997877979282401,0.9497877955436707,0.9997876745836853,0.9999923317588012,0.9999923256327262,0.9999910181183537,0.9999910105198782,-4.119626196660536,-16.15685376061683,,918.7861521241127,False,False,False,,[]
881,881,882,True,1.0,1.0,881.0,882.0,881.0,882.0,882.0,0.0,46.670976,46.5100416,76.76626333032418,0.5150637030601501,0.5150637030601501,0.0,1.0,0.5354512826132198,0.5353888324663671,0.9997876745836853,0.9497876763343811,0.9997875509942951,0.9999923256327262,0.9999923195351184,0.9999910105198782,0.9999910026783828,-4.127362305700788,-16.18707806420891,,918.4860282890659,False,False,False,,[]
882,882,883,True,1.0,1.0,882.0,883.0,882.0,883.0,883.0,0.0,46.5100416,45.866304,2.527567626466619,0.5150637626647949,0.5150637626647949,0.0,1.0,0.5353888324663671,0.5353869279701513,0.9997875509942951,0.9497875571250916,0.9997875474420359,0.9999923195351184,0.9999923194518417,0.9999910026783828,0.9999910024070795,-0.12589406542235299,-0.49364541913904203,,997.3925147019926,False,False,False,,[]
883,883,884,True,1.0,1.0,883.0,884.0,883.0,884.0,884.0,0.0,45.866304,45.222566400000005,2.034339463610742,0.5150637626647949,0.5150637626647949,0.0,1.0,0.5353869279701513,0.5353854125133626,0.9997875474420359,0.9497875571250916,0.9997875446164872,0.9999923194518417,0.9999923193857498,0.9999910024070795,0.9999910021892885,-0.10018061784850406,-0.39280639962344727,,997.9224307059503,False,False,False,,[]
884,884,885,True,1.0,1.0,884.0,885.0,884.0,885.0,885.0,0.0,45.222566400000005,45.061632,75.6623001208605,0.5150637626647949,0.5150637626647949,0.0,1.0,0.5353854125133626,0.5353256019496234,0.9997875446164872,0.9497875571250916,0.9997874265561069,0.9999923193857498,0.9999923135160445,0.9999910021892885,0.9999909946352503,-3.95323318165129,-15.5028981211833,,921.6247158901351,False,False,False,,[]
885,885,886,True,1.0,1.0,885.0,886.0,885.0,886.0,886.0,0.0,45.061632,45.061632,100.24655726831618,0.5150637626647949,0.5150637626647949,0.0,1.0,0.5353256019496234,0.5352482250837232,0.9997874265561069,0.949787437915802,0.9997872711741559,0.9999923135160445,0.999992306235765,0.9999909946352503,0.9999909852798067,-5.114043662595807,-20.056083641334556,,901.2656421888827,False,False,False,,[]
886,886,887,True,1.0,1.0,886.0,887.0,886.0,887.0,887.0,0.0,45.061632,44.41789440000001,1.427471188317464,0.5150638222694397,0.5150638222694397,0.0,1.0,0.5352482250837232,0.5352471805347047,0.9997872711741559,0.9497872591018677,0.9997872692275053,0.999992306235765,0.9999923061902084,0.9999909852798067,0.9999909851296854,-0.06905354630984302,-0.27074710560225046,,998.5671640770005,False,False,False,,[]
887,887,888,True,1.0,1.0,887.0,888.0,887.0,888.0,888.0,0.0,44.41789440000001,43.7741568,0.949710110703116,0.5150638222694397,0.5150638222694397,0.0,1.0,0.5352471805347047,0.5352464885660713,0.9997872692275053,0.9497872591018677,0.999787267938378,0.9999923061902084,0.9999923061543607,0.9999909851296854,0.9999909850312454,-0.045746497638787485,-0.1793582697748588,,999.0457424268905,False,False,False,,[]
888,888,889,True,1.0,1.0,888.0,889.0,888.0,889.0,889.0,0.0,43.7741568,42.80855040000001,-48.93071974679618,0.5150638222694397,0.5150638222694397,0.0,1.0,0.5352464885660713,0.5352662051638447,0.999787267938378,0.9497872591018677,0.9997872305166285,0.9999923061543607,0.9999923022087639,0.9999909850312454,0.9999909800519966,1.3036014446289306,5.11054214286336,,1007.099626550805,False,False,False,,[]
889,889,890,True,1.0,1.0,889.0,890.0,889.0,890.0,890.0,0.0,42.80855040000001,43.452288,197.42355446465507,0.5150638222694397,0.5150638222694397,0.0,1.0,0.5352662051638447,0.5351315352394065,0.9997872305166285,0.9497871994972229,0.9997869444933601,0.9999923022087639,0.9999922920492483,0.9999909800519966,0.9999909668656413,-8.900021200460145,-34.90644441439467,,842.731103888275,False,False,False,,[]
890,890,891,True,1.0,1.0,890.0,891.0,890.0,891.0,891.0,0.0,43.452288,44.25696000000001,222.58890141199333,0.5150638818740845,0.5150638818740845,0.0,1.0,0.5351315352394065,0.5349805557804759,0.9997869444933601,0.9497869610786438,0.999786624060062,0.9999922920492483,0.9999922815805345,0.9999909668656413,0.9999909532850096,-9.977077855248783,-39.13387575480905,,828.4509033978927,False,False,False,,[]
891,891,892,True,1.0,1.0,891.0,892.0,891.0,892.0,892.0,0.0,44.25696000000001,44.739763200000006,173.76474458444403,0.515064001083374,0.515064001083374,0.0,1.0,0.5349805557804759,0.5348564197833409,0.999786624060062,0.9497866034507751,0.9997863631125978,0.9999922815805345,0.9999922717976815,0.9999909532850096,0.9999909404560068,-8.203602796333115,-32.176050457392634,,852.6293301662831,False,False,False,,[]
892,892,893,True,1.0,1.0,892.0,893.0,892.0,893.0,893.0,0.0,44.739763200000006,45.061632,149.41636048699615,0.5150641202926636,0.5150641202926636,0.0,1.0,0.5348564197833409,0.5347466348402709,0.9997863631125978,0.949786365032196,0.9997861355499439,0.9999922717976815,0.9999922626489975,0.9999909404560068,0.9999909284484874,-7.255367523936337,-28.456257243737856,,866.77840286732,False,False,False,,[]
893,893,894,True,1.0,1.0,893.0,894.0,893.0,894.0,894.0,0.0,45.061632,44.739763200000006,50.83701422831682,0.5150641798973083,0.5150641798973083,0.0,1.0,0.5347466348402709,0.5347056553532554,0.9997861355499439,0.9497861266136169,0.9997860561368165,0.9999922626489975,0.9999922584219542,0.9999909284484874,0.9999909230829421,-2.7087590933571217,-10.621883034392825,,944.7211636513408,False,False,False,,[]
894,894,895,True,1.0,1.0,894.0,895.0,894.0,895.0,895.0,0.0,44.739763200000006,45.061632,149.41636048699615,0.5150641798973083,0.5150641798973083,0.0,1.0,0.5347056553532554,0.5345958702267288,0.9997860561368165,0.9497860670089722,0.9997858285737414,0.9999922584219542,0.9999922492732697,0.9999909230829421,0.9999909110754235,-7.255367509296804,-28.456304795705666,,866.7782335643491,False,False,False,,[]
895,895,896,True,1.0,1.0,895.0,896.0,895.0,896.0,896.0,0.0,45.061632,45.061632,100.24655726831618,0.5150642395019531,0.5150642395019531,0.0,1.0,0.5345958702267288,0.5345184933689945,0.9997858285737414,0.9497858285903931,0.999785673191808,0.9999922492732697,0.9999922419929852,0.9999909110754235,0.9999909017199864,-5.1140436025289615,-20.056081524756102,,901.265651509287,False,False,False,,[]
896,896,897,True,1.0,1.0,896.0,897.0,896.0,897.0,897.0,0.0,45.061632,45.061632,100.24655726831618,0.5150642991065979,0.5150642991065979,0.0,1.0,0.5345184933689945,0.5344411163969406,0.999785673191808,0.9497856497764587,0.9997855178096277,0.9999922419929852,0.9999922347127002,0.9999909017199864,0.9999908923645502,-5.114043595020553,-20.056111156377703,,901.2655388640907,False,False,False,,[]
897,897,898,True,1.0,1.0,897.0,898.0,897.0,898.0,898.0,0.0,45.061632,44.578828800000004,26.132242708316166,0.5150643587112427,0.5150643587112427,0.0,1.0,0.5344411163969406,0.5344198033497407,0.9997855178096277,0.9497855305671692,0.9997854772946205,0.9999922347127002,0.9999922323797177,0.9999908923645502,0.9999908896113908,-1.408881061626283,-5.5243418342117385,,970.4491538931533,False,False,False,,[]
898,898,899,True,1.0,1.0,898.0,899.0,898.0,899.0,899.0,0.0,44.578828800000004,44.0960256,25.77327743822136,0.5150643587112427,0.5150643587112427,0.0,1.0,0.5344198033497407,0.5343990058293515,0.9997854772946205,0.9497854709625244,0.9997854377795368,0.9999922323797177,0.9999922301012428,0.9999908896113908,0.9999908869252998,-1.3748363065071267,-5.3907172848851355,,971.143826021534,False,False,False,,[]
899,899,900,True,1.0,1.0,899.0,900.0,899.0,900.0,900.0,0.0,44.0960256,43.2913536,-23.991364100559252,0.5150643587112427,0.5150643587112427,0.0,1.0,0.5343990058293515,0.5344086251518907,0.9997854377795368,0.9497854113578796,0.9997854197016898,0.9999922301012428,0.9999922280005039,0.9999908869252998,0.999990884461223,0.6359680672272916,2.493328402151967,,1003.2572976320247,False,False,False,,[]
900,900,901,True,1.0,1.0,900.0,901.0,900.0,901.0,901.0,0.0,43.2913536,42.80855040000001,24.834940933274268,0.5150643587112427,0.5150643587112427,0.0,1.0,0.5344086251518907,0.5343891577991573,0.9997854197016898,0.9497854113578796,0.9997853827620109,0.9999922280005039,0.9999922258630498,0.999990884461223,0.9999908819480847,-1.286989734983433,-5.04593782850755,,972.9406590592536,False,False,False,,[]
901,901,902,True,1.0,1.0,901.0,902.0,901.0,902.0,902.0,0.0,42.80855040000001,42.647616,73.8996968646547,0.5150644183158875,0.5150644183158875,0.0,1.0,0.5343891577991573,0.5343336322613398,0.9997853827620109,0.9497853517532349,0.9997852736183451,0.9999922258630498,0.9999922203359656,0.9999908819480847,0.9999908749164675,-3.6704636125255994,-14.39221940229675,,926.7852568282302,False,False,False,,[]
902,902,903,True,1.0,1.0,902.0,903.0,902.0,903.0,903.0,0.0,42.647616,42.647616,98.49039863096306,0.5150644183158875,0.5150644183158875,0.0,1.0,0.5343336322613398,0.5342614273500372,0.9997852736183451,0.9497852325439453,0.9997851293540571,0.9999922203359656,0.9999922134966513,0.9999908749164675,0.9999908661122027,-4.772811941889619,-18.715513009611538,,907.2146907942988,False,False,False,,[]
903,903,904,True,1.0,1.0,903.0,904.0,903.0,904.0,904.0,0.0,42.647616,42.647616,98.49039863096306,0.5150644779205322,0.5150644779205322,0.0,1.0,0.5342614273500372,0.5341892222811627,0.9997851293540571,0.9497851133346558,0.9997849850894319,0.9999922134966513,0.9999922066573366,0.9999908661122027,0.9999908573079387,-4.772811928422873,-18.71555385225894,,907.2145336390269,False,False,False,,[]
904,904,905,True,1.0,1.0,904.0,905.0,904.0,905.0,905.0,0.0,42.647616,42.3257472,49.08085559096273,0.5150644779205322,0.5150644779205322,0.0,1.0,0.5341892222811627,0.5341517536208334,0.9997849850894319,0.9497849941253662,0.9997849127288,0.9999922066573366,0.9999922027745364,0.9999908573079387,0.9999908524062535,-2.4769737415256605,-9.711876757358317,,949.2266190933424,False,False,False,,[]
905,905,906,True,1.0,1.0,905.0,906.0,905.0,906.0,906.0,0.0,42.3257472,42.1648128,73.55877652734932,0.515064537525177,0.515064537525177,0.0,1.0,0.5341517536208334,0.5340970541359682,0.9997849127288,0.9497848749160767,0.9997848052957155,0.9999922027745364,0.9999921973139034,0.9999908524062535,0.9999908454729217,-3.615917680696316,-14.178106477066693,,927.7842795021015,False,False,False,,[]
906,906,907,True,1.0,1.0,906.0,907.0,906.0,907.0,907.0,0.0,42.1648128,42.1648128,98.15076721742726,0.515064537525177,0.515064537525177,0.0,1.0,0.5340970541359682,0.5340258858980016,0.9997848052957155,0.9497848153114319,0.9997846632468156,0.9999921973139034,0.9999921905680289,0.9999908454729217,0.9999908367871712,-4.704367221100928,-18.446807280939435,,908.4263101486367,False,False,False,,[]
907,907,908,True,1.0,1.0,907.0,908.0,907.0,908.0,908.0,0.0,42.1648128,41.6820096,24.036452657427233,0.5150645971298218,0.5150645971298218,0.0,1.0,0.5340258858980016,0.5340072631031836,0.9997846632468156,0.9497846364974976,0.9997846279388853,0.9999921905680289,0.9999921885488714,0.9999908367871712,0.9999908342597136,-1.2312062942476327,-4.827028416839642,,973.9941583230099,False,False,False,,[]
908,908,909,True,1.0,1.0,908.0,909.0,908.0,909.0,909.0,0.0,41.6820096,41.19920640000001,23.700688015204005,0.5150645971298218,0.5150645971298218,0.0,1.0,0.5340072631031836,0.5339876453484934,0.9997846279388853,0.9497846364974976,0.9997845907083384,0.9999921885488714,0.9999921865789786,0.9999908342597136,0.9999908310683596,-1.2970087325083064,-5.084922015704075,,972.2877985698913,False,False,False,,[]
909,909,910,True,1.0,1.0,909.0,910.0,909.0,910.0,910.0,0.0,41.19920640000001,41.19920640000001,97.48310470429043,0.5150645971298218,0.5150645971298218,0.0,1.0,0.5339876453484934,0.5339108908685968,0.9997845907083384,0.9497845768928528,0.9997844366700288,0.9999921865789786,0.9999921799833908,0.9999908310683596,0.9999908184636883,-5.073734327391938,-19.894761189220844,,899.7996030110347,False,False,False,,[]
910,910,911,True,1.0,1.0,910.0,911.0,910.0,911.0,911.0,0.0,41.19920640000001,41.6820096,171.59741926428947,0.5150646567344666,0.5150646567344666,0.0,1.0,0.5339108908685968,0.5337892420936313,0.9997844366700288,0.9497843980789185,0.9997841815724293,0.9999921799833908,0.9999921704983783,0.9999908184636883,0.9999908019418464,-8.040218706941115,-31.531362471039046,,852.3947339971949,False,False,False,,[]
911,911,912,True,1.0,1.0,911.0,912.0,911.0,912.0,912.0,0.0,41.6820096,41.521075200000006,73.11023105520336,0.5150647759437561,0.5150647759437561,0.0,1.0,0.5337892420936313,0.5337328446192197,0.9997841815724293,0.9497841596603394,0.9997840706202427,0.9999921704983783,0.9999921651449477,0.9999908019418464,0.9999907935118637,-3.728191705172304,-14.618225367491556,,924.8331615782942,False,False,False,,[]
912,912,913,True,1.0,1.0,912.0,913.0,912.0,913.0,913.0,0.0,41.521075200000006,41.038272000000006,23.589625750308638,0.5150647759437561,0.5150647759437561,0.0,1.0,0.5337328446192197,0.5337127995378809,0.9997840706202427,0.9497840404510498,0.9997840325628096,0.9999921651449477,0.9999921631912865,0.9999907935118637,0.9999907901072419,-1.3252502277704188,-5.195685083003076,,971.6198511366742,False,False,False,,[]
913,913,914,True,1.0,1.0,913.0,914.0,913.0,914.0,914.0,0.0,41.038272000000006,39.58986240000001,-124.96961231683248,0.5150647759437561,0.5150647759437561,0.0,1.0,0.5337127995378809,0.533767233635509,0.9997840325628096,0.9497840404510498,0.9997839256787144,0.9999921631912865,0.9999921554112764,0.9999907901072419,0.9999907858323999,3.599743226643422,14.10931810522331,,1032.7280141268884,False,False,False,,[]
914,914,915,True,1.0,1.0,914.0,915.0,914.0,915.0,915.0,0.0,39.58986240000001,37.819584000000006,-175.34778157039034,0.5150648355484009,0.5150648355484009,0.0,1.0,0.533767233635509,0.5338419205107768,0.9997839256787144,0.9497839212417603,0.999783776092743,0.9999921554112764,0.999992146017575,0.9999907858323999,0.9999907805147084,4.93965234822668,19.358838069415874,,1047.1389331936466,False,False,False,,[]
915,915,916,True,1.0,1.0,915.0,916.0,915.0,916.0,916.0,0.0,37.819584000000006,35.7274368,-225.89394055537463,0.5150648951530457,0.5150648951530457,0.0,1.0,0.5338419205107768,0.5339344269038231,0.999783776092743,0.9497837424278259,0.9997835875590143,0.999992146017575,0.999992135700665,0.9999907805147084,0.9999907740059445,6.118924734212551,23.977657077602267,,1060.251265869749,False,False,False,,[]
916,916,917,True,1.0,1.0,916.0,917.0,916.0,917.0,917.0,0.0,35.7274368,34.76183040000001,-54.23678926882849,0.5150649547576904,0.5150649547576904,0.0,1.0,0.5339344269038231,0.5339518236651508,0.9997835875590143,0.9497835636138916,0.9997835546151213,0.999992135700665,0.9999921316772761,0.9999907740059445,0.9999907695638728,1.1505312425789822,4.509240536154288,,1005.6688662526889,False,False,False,,[]
917,917,918,True,1.0,1.0,917.0,918.0,917.0,918.0,918.0,0.0,34.76183040000001,34.76183040000001,93.42729123967553,0.5150649547576904,0.5150649547576904,0.0,1.0,0.5339518236651508,0.5338974366141335,0.9997835546151213,0.9497835636138916,0.9997834478283194,0.9999921316772761,0.9999921250746714,0.9999907695638728,0.9999907655717037,-3.5961843585746593,-14.09712362369151,,929.6613526476441,False,False,False,,[]
918,918,919,True,1.0,1.0,918.0,919.0,918.0,919.0,919.0,0.0,34.76183040000001,34.9227648,118.13206275967421,0.5150649547576904,0.5150649547576904,0.0,1.0,0.5338974366141335,0.5338308525452732,0.9997834478283194,0.949783444404602,0.9997833155238915,0.9999921250746714,0.9999921169350655,0.9999907655717037,0.9999907623466767,-4.402500433096242,-17.258590648595835,,916.4398027554913,False,False,False,,[]
919,919,920,True,1.0,1.0,919.0,920.0,919.0,920.0,920.0,0.0,34.9227648,36.37117440000001,315.8632522517835,0.5150650143623352,0.5150650143623352,0.0,1.0,0.5338308525452732,0.5336579687879668,0.9997833155238915,0.9497833251953125,0.9997829519508165,0.9999921169350655,0.9999921004001794,0.9999907623466767,0.9999907535244045,-11.427069502529706,-44.811469893805025,,809.9801062546325,False,False,False,,[]
920,920,921,True,1.0,1.0,920.0,921.0,920.0,921.0,921.0,0.0,36.37117440000001,37.6586496,292.0149705773009,0.5150651335716248,0.5150651335716248,0.0,1.0,0.5336579687879668,0.5334993853792388,0.9997829519508165,0.9497829675674438,0.9997826164292778,0.9999921004001794,0.9999920899551054,0.9999907535244045,0.9999907450552419,-10.481780883208526,-41.104819542306544,,825.7298755572313,False,False,False,,[]
921,921,922,True,1.0,1.0,921.0,922.0,921.0,922.0,922.0,0.0,37.6586496,38.624256,243.39596744989794,0.5150651931762695,0.5150651931762695,0.0,1.0,0.5334993853792388,0.5333612561583042,0.9997826164292778,0.9497826099395752,0.9997823220643839,0.9999920899551054,0.9999920794805873,0.9999907450552419,0.9999907377813106,-9.130010149606097,-35.80309406623608,,843.6581912976984,False,False,False,,[]
922,922,923,True,1.0,1.0,922.0,923.0,922.0,923.0,923.0,0.0,38.624256,38.9461248,145.18783123712961,0.5150653123855591,0.5150653123855591,0.0,1.0,0.5333612561583042,0.5332745971510607,0.9997823220643839,0.9497823119163513,0.9997821464554039,0.9999920794805873,0.9999920710710423,0.9999907377813106,0.9999907333691165,-5.728680322965193,-22.462014677502808,,895.2217716760791,False,False,False,,[]
923,923,924,True,1.0,1.0,923.0,924.0,923.0,924.0,924.0,0.0,38.9461248,39.2679936,145.39491832292882,0.5150653719902039,0.5150653719902039,0.0,1.0,0.5332745971510607,0.5331871009133511,0.9997821464554039,0.949782133102417,0.9997819690045504,0.9999920710710423,0.9999920625848574,0.9999907333691165,0.9999907289139616,-5.78394247336401,-22.679024814342412,,894.3082675478028,False,False,False,,[]
924,924,925,True,1.0,1.0,924.0,925.0,924.0,925.0,925.0,0.0,39.2679936,40.0726656,219.71803853375735,0.5150654315948486,0.5150654315948486,0.0,1.0,0.5331871009133511,0.5330568326058536,0.9997819690045504,0.9497819542884827,0.9997816935185938,0.9999920625848574,0.9999920523183184,0.9999907289139616,0.9999907220844462,-8.610128926518737,-33.76554530334378,,851.1268801743867,False,False,False,,[]
925,925,926,True,1.0,1.0,925.0,926.0,925.0,926.0,926.0,0.0,40.0726656,40.394534400000005,146.13325682281757,0.5150654911994934,0.5150654911994934,0.0,1.0,0.5330568326058536,0.5329665934827452,0.9997816935185938,0.9497816562652588,0.9997815100131671,0.9999920523183184,0.9999920437043888,0.9999907220844462,0.999990717477679,-5.964958459329323,-23.389980709689628,,891.4162618669861,False,False,False,,[]
926,926,927,True,1.0,1.0,926.0,927.0,926.0,927.0,927.0,0.0,40.394534400000005,40.5554688,121.64330593123834,0.5150655508041382,0.5150655508041382,0.0,1.0,0.5329665934827452,0.532885443873893,0.9997815100131671,0.9497814774513245,0.9997813464525503,0.9999920437043888,0.9999920360405263,0.999990717477679,0.9999907092747882,-5.364215437493975,-21.03397861447782,,898.1720569431924,False,False,False,,[]
927,927,928,True,1.0,1.0,927.0,928.0,927.0,928.0,928.0,0.0,40.5554688,40.7164032,121.75136070733676,0.515065610408783,0.515065610408783,0.0,1.0,0.532885443873893,0.5327981516204144,0.9997813464525503,0.9497813582420349,0.999781169450721,0.9999920360405263,0.9999920283433074,0.9999907092747882,0.9999906971439962,-5.770104976597323,-22.626152101639168,,889.030780328084,False,False,False,,[]
928,928,929,True,1.0,1.0,928.0,929.0,928.0,929.0,929.0,0.0,40.7164032,41.038272000000006,146.56461664468975,0.5150656700134277,0.5150656700134277,0.0,1.0,0.5327981516204144,0.5326908151393995,0.999781169450721,0.9497811794281006,0.9997809474955244,0.9999920283433074,0.9999920196821611,0.9999906971439962,0.9999906809847829,-7.094527781044391,-27.821615879070528,,866.2866161623017,False,False,False,,[]
929,929,930,True,1.0,1.0,929.0,930.0,929.0,930.0,930.0,0.0,41.038272000000006,40.5554688,23.25901680316559,0.5150657296180725,0.5150657296180725,0.0,1.0,0.5326908151393995,0.5326703682588957,0.9997809474955244,0.9497809410095215,0.9997809086599766,0.9999920196821611,0.9999920177766287,0.9999906809847829,0.999990677345423,-1.3518048055292522,-5.299831426582607,,970.9913163235367,False,False,False,,[]
930,930,931,True,1.0,1.0,930.0,931.0,930.0,931.0,931.0,0.0,40.5554688,40.2336,47.637046147336754,0.5150657296180725,0.5150657296180725,0.0,1.0,0.5326703682588957,0.5326357095597833,0.9997809086599766,0.9497808814048767,0.9997808419097701,0.9999920177766287,0.9999920141420353,0.999990677345423,0.9999906728245309,-2.29133310666545,-8.983534809909735,,952.8444837542283,False,False,False,,[]
931,931,932,True,1.0,1.0,931.0,932.0,931.0,932.0,932.0,0.0,40.2336,40.2336,96.83090927640002,0.5150657296180725,0.5150657296180725,0.0,1.0,0.5326357095597833,0.5325747007816903,0.9997808419097701,0.9497808218002319,0.9997807213429858,0.9999920141420353,0.9999920076585671,0.9999906728245309,0.9999906697412899,-4.033089209443572,-15.813475281695153,,923.6747545983258,False,False,False,,[]
932,932,933,True,1.0,1.0,932.0,933.0,932.0,933.0,933.0,0.0,40.2336,40.2336,96.83090927640002,0.5150657892227173,0.5150657892227173,0.0,1.0,0.5325747007816903,0.5325136920667569,0.9997807213429858,0.9497807025909424,0.9997806007763337,0.9999920076585671,0.9999920011750982,0.9999906697412899,0.9999906666580478,-4.033089326334986,-15.81345891073551,,923.6748182502979,False,False,False,,[]
933,933,934,True,1.0,1.0,933.0,934.0,933.0,934.0,934.0,0.0,40.2336,39.7507968,22.71659471640001,0.5150658488273621,0.5150658488273621,0.0,1.0,0.5325136920667569,0.5324956649767733,0.9997806007763337,0.9497805833816528,0.9997805666177434,0.9999920011750982,0.999991999347919,0.9999906666580478,0.9999906637614749,-1.1918753638062616,-4.672621723770934,,974.5005357886255,False,False,False,,[]
934,934,935,True,1.0,1.0,934.0,935.0,934.0,935.0,935.0,0.0,39.7507968,39.428928,47.10106867942188,0.5150658488273621,0.5150658488273621,0.0,1.0,0.5324956649767733,0.5324617498282949,0.9997805666177434,0.9497805833816528,0.9997805013470575,0.999991999347919,0.9999919958137641,0.9999906637614749,0.9999906591943369,-2.2422588092038938,-8.790806485606137,,953.7038667739787,False,False,False,,[]
935,935,936,True,1.0,1.0,935.0,936.0,935.0,936.0,936.0,0.0,39.428928,39.1070592,46.88968518105522,0.5150658488273621,0.5150658488273621,0.0,1.0,0.5324617498282949,0.5324281332032031,0.9997805013470575,0.9497804641723633,0.9997804366697794,0.9999919958137641,0.9999919923220517,0.9999906591943369,0.9999906546113118,-2.222551570981664,-8.713429223771271,,954.053644256065,False,False,False,,[]
936,936,937,True,1.0,1.0,936.0,937.0,936.0,937.0,937.0,0.0,39.1070592,39.1070592,96.08956328771431,0.5150659084320068,0.5150659084320068,0.0,1.0,0.5324281332032031,0.5323686133971797,0.9997804366697794,0.9497804045677185,0.9997803192167402,0.9999919923220517,0.9999919859762898,0.9999906546113118,0.9999906511132307,-3.9348576771627934,-15.427533721290935,,924.976152776141,False,False,False,,[]
937,937,938,True,1.0,1.0,937.0,938.0,937.0,938.0,938.0,0.0,39.1070592,39.428928,145.4991063277137,0.5150659084320068,0.5150659084320068,0.0,1.0,0.5323686133971797,0.5322806969354529,0.9997803192167402,0.949780285358429,0.9997801408403176,0.9999919859762898,0.9999919774517222,0.9999906511132307,0.9999906466365411,-5.811644862630176,-22.78794687959182,,893.8504651833128,False,False,False,,[]
938,938,939,True,1.0,1.0,938.0,939.0,938.0,939.0,939.0,0.0,39.428928,40.2336,219.82308582105495,0.5150659680366516,0.5150659680366516,0.0,1.0,0.5322806969354529,0.5321499290072893,0.9997801408403176,0.9497801065444946,0.9997798641625875,0.9999919774517222,0.9999919672082197,0.9999906466365411,0.999990639776049,-8.64303566015723,-33.8950469800132,,850.673102349446,False,False,False,,[]
939,939,940,True,1.0,1.0,939.0,940.0,939.0,940.0,940.0,0.0,40.2336,40.2336,96.83090927640002,0.5150660276412964,0.5150660276412964,0.0,1.0,0.5321499290072893,0.532088920487617,0.9997798641625875,0.9497798681259155,0.9997797435963443,0.9999919672082197,0.9999919607247486,0.999990639776049,0.9999906366928025,-4.033089793900464,-15.81340829906066,,923.6750141396474,False,False,False,,[]
940,940,941,True,1.0,1.0,940.0,941.0,940.0,941.0,941.0,0.0,40.2336,39.58986240000001,-1.9881768035986946,0.5150660872459412,0.5150660872459412,0.0,1.0,0.532088920487617,0.5320896530114078,0.9997797435963443,0.949779748916626,0.9997797422316093,0.9999919607247486,0.9999919606681447,0.9999906366928025,0.9999906363923339,0.04843440778741576,0.18987016656157515,,1000.2390348218443,False,False,False,,[]
941,941,942,True,1.0,1.0,941.0,942.0,941.0,942.0,942.0,0.0,39.58986240000001,39.58986240000001,96.40470514960998,0.5150660872459412,0.5150660872459412,0.0,1.0,0.5320896530114078,0.5320295004154338,0.9997797422316093,0.949779748916626,0.9997796234563543,0.9999919606681447,0.9999919542652153,0.9999906363923339,0.9999906330672729,-3.9766475796257725,-15.591552876441579,,924.4210780714735,False,False,False,,[]
942,942,943,True,1.0,1.0,942.0,943.0,942.0,943.0,943.0,0.0,39.58986240000001,38.785190400000005,-27.119152450390366,0.5150660872459412,0.5150660872459412,0.0,1.0,0.5320295004154338,0.5320386505968973,0.9997796234563543,0.9497796297073364,0.9997796062680667,0.9999919542652153,0.9999919521497307,0.9999906330672729,0.9999906298021539,0.6050446326378449,2.3717270353070914,,1002.0549634025498,False,False,False,,[]
943,943,944,True,1.0,1.0,943.0,944.0,943.0,944.0,944.0,0.0,38.785190400000005,39.428928,194.70070299940014,0.5150661468505859,0.5150661468505859,0.0,1.0,0.5320386505968973,0.5319236430496236,0.9997796062680667,0.9497795701026917,0.9997793666589123,0.9999919521497307,0.9999919422890782,0.9999906298021539,0.999990623836193,-7.602021066928822,-29.80995625332269,,865.9545062394991,False,False,False,,[]
944,944,945,True,1.0,1.0,944.0,945.0,944.0,945.0,945.0,0.0,39.428928,40.394534400000005,244.52785734105558,0.5150662064552307,0.5150662064552307,0.0,1.0,0.5319236430496236,0.5317790787589567,0.9997793666589123,0.9497793316841125,0.9997790590455949,0.9999919422890782,0.9999919317822784,0.999990623836193,0.9999906161892724,-9.554604611902567,-37.471064140858395,,837.8863078853959,False,False,False,,[]
945,945,946,True,1.0,1.0,945.0,946.0,945.0,946.0,946.0,0.0,40.394534400000005,41.19920640000001,220.46239201123998,0.5150662660598755,0.5150662660598755,0.0,1.0,0.5317790787589567,0.5316316206748462,0.9997790590455949,0.9497790336608887,0.9997787456392063,0.9999919317822784,0.9999919213655154,0.9999906161892724,0.999990598065615,-9.74541696623978,-38.22113540145493,,828.2676871948157,False,False,False,,[]
946,946,947,True,1.0,1.0,946.0,947.0,946.0,947.0,947.0,0.0,41.19920640000001,40.394534400000005,-26.040752895709915,0.515066385269165,0.515066385269165,0.0,1.0,0.5316316206748462,0.5316401399945158,0.9997787456392063,0.9497787356376648,0.9997787296458435,0.9999919213655154,0.9999919192488329,0.999990598065615,0.9999905940182785,0.5632927484101241,2.208207658350331,,1000.7565363366156,False,False,False,,[]
947,947,948,True,1.0,1.0,947.0,948.0,947.0,948.0,948.0,0.0,40.394534400000005,38.624256,-174.8139523087607,0.515066385269165,0.515066385269165,0.0,1.0,0.5316401399945158,0.5317162961011833,0.9997787296458435,0.9497787356376648,0.9997785768978473,0.9999919192488329,0.9999919098454909,0.9999905940182785,0.9999905886065751,5.036653734248099,19.73966284823757,,1048.2908401164932,False,False,False,,[]
948,948,949,True,1.0,1.0,948.0,949.0,948.0,949.0,949.0,0.0,38.624256,35.405568,-398.3171422028702,0.5150664448738098,0.5150664448738098,0.0,1.0,0.5317162961011833,0.5318874209448473,0.9997785768978473,0.9497785568237305,0.9997782167517967,0.9999919098454909,0.9999918990093709,0.9999905886065751,0.9999905770544156,11.321601671278012,44.35555947770625,,1127.0424308463184,False,False,False,,[]
949,949,950,True,1.0,1.0,949.0,950.0,949.0,950.0,950.0,0.0,35.405568,32.347814400000004,-375.5887204643556,0.5150665640830994,0.5150665640830994,0.0,1.0,0.5318874209448473,0.5320281700610157,0.9997782167517967,0.9497781991958618,0.9997779168013161,0.9999918990093709,0.9999918879879421,0.9999905770544156,0.9999905603661449,9.312004847945119,36.48217091082525,,1090.56530734001,False,False,False,,[]
950,950,951,True,1.0,1.0,950.0,951.0,950.0,951.0,951.0,0.0,32.347814400000004,27.1979136,-698.469100431107,0.5150666236877441,0.5150666236877441,0.0,1.0,0.5320281700610157,0.5322665098598794,0.9997779168013161,0.9497779011726379,0.9997774306775273,0.9999918879879421,0.9999918695623672,0.9999905603661449,0.9999905440722425,15.774832602987953,61.77767586550434,,1183.4430765973195,False,False,False,,[]
951,951,952,True,1.0,1.0,951.0,952.0,951.0,952.0,952.0,0.0,27.1979136,21.8870784,-725.7173481916278,0.5150667428970337,0.5150667428970337,0.0,1.0,0.5322665098598794,0.5324679028637529,0.9997774306775273,0.9497774243354797,0.999777012503568,0.9999918695623672,0.9999918564672743,0.9999905440722425,0.9999905235557911,13.329571657003239,52.201066604004424,,1144.117716868344,False,False,False,,[]
952,952,953,True,1.0,1.0,952.0,953.0,952.0,953.0,953.0,0.0,21.8870784,16.576243200000004,-727.8795178166989,0.515066921710968,0.515066921710968,0.0,1.0,0.5324679028637529,0.5326305956719851,0.999777012503568,0.9497770071029663,0.9997766688772295,0.9999918564672743,0.9999918464818073,0.9999905235557911,0.9999905125876427,10.767947684552542,42.16997589378571,,1120.2932323424507,False,False,False,,[]
953,953,954,True,1.0,1.0,953.0,954.0,953.0,954.0,954.0,0.0,16.576243200000004,11.265408,-729.573808113067,0.5150669813156128,0.5150669813156128,0.0,1.0,0.5326305956719851,0.5327185320308025,0.9997766688772295,0.9497766494750977,0.9997764904569643,0.9999918464818073,0.9999918335406255,0.9999905125876427,0.9999904735945858,5.81926350917345,22.793104205480898,,1018.4959823785748,False,False,False,,[]
954,954,955,True,1.0,1.0,954.0,955.0,954.0,955.0,955.0,0.0,11.265408,5.954572800000001,-730.8002190807301,0.5150670409202576,0.5150670409202576,0.0,1.0,0.5327185320308025,0.5327668436791859,0.9997764904569643,0.9497764706611633,0.9997763961610768,0.9999918335406255,0.999991818905193,0.9999904735945858,0.999990449436955,3.196829444686812,12.522379260962035,,1000.0890042440282,False,False,False,,[]
955,955,956,True,1.0,1.0,955.0,956.0,955.0,956.0,956.0,0.0,5.954572800000001,0.6437376000000001,-731.5587507196897,0.5150671005249023,0.5150671005249023,0.0,1.0,0.5327668436791859,0.532782743737432,0.9997763961610768,0.9497764110565186,0.9997763660955135,0.999991818905193,0.999991810469121,0.999990449436955,0.999990440170686,1.0520497323389808,4.121295097359822,,995.2141751332042,False,False,False,,[]
956,956,957,True,1.0,1.0,956.0,957.0,956.0,957.0,957.0,0.0,0.6437376000000001,0.0,-15.411028949945251,0.5150671005249023,0.5150671005249023,0.0,1.0,0.532782743737432,0.53278277641661,0.9997763660955135,0.9497763514518738,0.9997763660346719,0.999991810469121,0.999991810451783,0.999990440170686,0.9999904401516417,0.0021621948644366755,0.00847044293917157,,999.9902128878555,False,False,False,,[]
957,957,958,True,1.0,1.0,957.0,958.0,957.0,958.0,958.0,0.0,0.0,0.0,83.40462000000002,0.5150671005249023,0.5150671005249023,0.0,1.0,0.53278277641661,0.53278277641661,0.9997763660346719,0.9497763514518738,0.9997763660346719,0.999991810451783,0.999991810451783,0.9999904401516417,0.9999904401516417,-0.0,0.0,,1000.0,False,False,False,,[]
958,958,959,True,1.0,1.0,958.0,959.0,958.0,959.0,959.0,0.0,0.0,0.0,83.40462000000002,0.5150671005249023,0.5150671005249023,0.0,1.0,0.53278277641661,0.53278277641661,0.9997763660346719,0.9497763514518738,0.9997763660346719,0.999991810451783,0.999991810451783,0.9999904401516417,0.9999904401516417,-0.0,0.0,,1000.0,False,False,False,,[]
959,959,960,True,1.0,1.0,959.0,960.0,959.0,960.0,960.0,0.0,0.0,3.218688,577.5000504000001,0.5150671005249023,0.5150671005249023,0.0,1.0,0.53278277641661,0.5327592345527283,0.9997763660346719,0.9497763514518738,0.9997763211851164,0.999991810451783,0.9999918072032354,0.9999904401516417,0.9999904365834034,-1.5575603169280001,-6.102051118119789,,966.329593025906,False,False,False,,[]
960,960,961,True,1.0,1.0,960.0,961.0,960.0,961.0,961.0,0.0,3.218688,8.5295232,898.7480084113689,0.5150671005249023,0.5150671005249023,0.0,1.0,0.5327592345527283,0.5326254607715327,0.9997763211851164,0.949776291847229,0.9997760373141218,0.9999918072032354,0.9999917887501917,0.9999904365834034,0.9999904163143886,-8.847562777271776,-34.67416408591545,,832.7206319156717,False,False,False,,[]
961,961,962,True,1.0,1.0,961.0,962.0,961.0,962.0,962.0,0.0,8.5295232,13.8403584,899.2655113052388,0.5150671601295471,0.5150671601295471,0.0,1.0,0.5326254607715327,0.5324274294791794,0.9997760373141218,0.9497760534286499,0.9997756254836188,0.9999917887501917,0.9999917815753236,0.9999904163143886,0.9999903776977449,-13.094145780848653,-51.32971097796621,,778.2065712888706,False,False,False,,[]
962,962,963,True,1.0,1.0,962.0,963.0,962.0,963.0,963.0,0.0,13.8403584,19.151193600000003,900.2508935278127,0.5150673389434814,0.5150673389434814,0.0,1.0,0.5324274294791794,0.5321936577501609,0.9997756254836188,0.9497756361961365,0.9997751475802851,0.9999917815753236,0.999991770982085,0.9999903776977449,0.9999903487813556,-15.454447381976982,-60.59363216159165,,756.9611909409526,False,False,False,,[]
963,963,964,True,1.0,1.0,963.0,964.0,963.0,964.0,964.0,0.0,19.151193600000003,24.4620288,901.7041550790889,0.515067458152771,0.515067458152771,0.0,1.0,0.5321936577501609,0.5319111255492118,0.9997751475802851,0.9497751593589783,0.9997745847384315,0.999991770982085,0.9999917569557311,0.9999903487813556,0.9999903333746849,-18.673420633650704,-73.2323464860115,,730.8609029667781,False,False,False,,[]
964,964,965,True,1.0,1.0,964.0,965.0,964.0,965.0,965.0,0.0,24.4620288,28.163520000000002,656.5775807590715,0.5150676369667053,0.5150676369667053,0.0,1.0,0.5319111255492118,0.5316546021362435,0.9997745847384315,0.9497745633125305,0.9997740664207826,0.9999917569557311,0.9999917442906782,0.9999903333746849,0.9999903123495374,-16.953973870569214,-66.49086864138282,,745.1312870593752,False,False,False,,[]
965,965,966,True,1.0,1.0,965.0,966.0,965.0,966.0,966.0,0.0,28.163520000000002,29.933798400000004,361.73598846543644,0.5150678157806396,0.5150678157806396,0.0,1.0,0.5316546021362435,0.5314990218231467,0.9997740664207826,0.9497740268707275,0.9997737368441119,0.9999917442906782,0.9999917330072596,0.9999903123495374,0.9999903041162355,-10.284813020196525,-40.32641715470633,,827.7770861508478,False,False,False,,[]
966,966,967,True,1.0,1.0,966.0,967.0,966.0,967.0,967.0,0.0,29.933798400000004,32.18688,436.70335574090177,0.5150678753852844,0.5150678753852844,0.0,1.0,0.5314990218231467,0.5312960332703478,0.9997737368441119,0.9497737288475037,0.9997733156685081,0.9999917330072596,0.9999917176027017,0.9999903041162355,0.9999902924659104,-13.416143065786265,-52.61463288545637,,786.0640304245817,False,False,False,,[]
967,967,968,True,1.0,1.0,967.0,968.0,967.0,968.0,968.0,0.0,32.18688,33.957158400000004,363.7499318568964,0.515067994594574,0.515067994594574,0.0,1.0,0.5312960332703478,0.5311088205309746,0.9997733156685081,0.9497733116149902,0.999772924426667,0.9999917176027017,0.9999917031923099,0.9999902924659104,0.9999902764263845,-12.373255072198553,-48.52554204553654,,795.6798776283591,False,False,False,,[]
968,968,969,True,1.0,1.0,968.0,969.0,968.0,969.0,969.0,0.0,33.957158400000004,35.405568,315.3115928779927,0.5150681138038635,0.5150681138038635,0.0,1.0,0.5311088205309746,0.5309430333873393,0.999772924426667,0.9497728943824768,0.9997725747206628,0.9999917031923099,0.9999916886066149,0.9999902764263845,0.9999902678581358,-10.95729430706552,-42.97202763029781,,817.0524148498971,False,False,False,,[]
969,969,970,True,1.0,1.0,969.0,970.0,969.0,970.0,970.0,0.0,35.405568,37.014912,340.84965361564485,0.5150682330131531,0.5150682330131531,0.0,1.0,0.5309430333873393,0.5307573569883154,0.9997725747206628,0.9497725367546082,0.9997721864238924,0.9999916886066149,0.9999916731926406,0.9999902678581358,0.9999902581876094,-12.270471728741995,-48.12732262698938,,800.2621167249562,False,False,False,,[]
970,970,971,True,1.0,1.0,970.0,971.0,970.0,971.0,971.0,0.0,37.014912,39.428928,465.3402040435441,0.5150683522224426,0.5150683522224426,0.0,1.0,0.5307573569883154,0.5305000474296953,0.9997721864238924,0.9497721791267395,0.9997716667337803,0.9999916731926406,0.9999916590971055,0.9999902581876094,0.9999902442515874,-16.999591908003094,-66.69463759433917,,747.7697056769422,False,False,False,,[]
971,971,972,True,1.0,1.0,971.0,972.0,971.0,972.0,972.0,0.0,39.428928,42.3257472,540.9851155810546,0.515068531036377,0.515068531036377,0.0,1.0,0.5305000474296953,0.5301797080682159,0.9997716667337803,0.9497716426849365,0.9997710425674313,0.9999916590971055,0.9999916412940126,0.9999902442515874,0.9999902269245822,-21.15776280249554,-83.031962495444,,705.2752713020201,False,False,False,,[]
972,972,973,True,1.0,1.0,972.0,973.0,972.0,973.0,973.0,0.0,42.3257472,44.25696000000001,394.72080628735006,0.5150687098503113,0.5150687098503113,0.0,1.0,0.5301797080682159,0.5299324968205085,0.9997710425674313,0.9497710466384888,0.999770540630231,0.9999916412940126,0.9999916277838536,0.9999902269245822,0.9999902135356293,-16.329768458752213,-64.07715540577342,,755.1135841283234,False,False,False,,[]
973,973,974,True,1.0,1.0,973.0,974.0,973.0,974.0,974.0,0.0,44.25696000000001,45.222566400000005,247.87905914444403,0.5150688290596008,0.5150688290596008,0.0,1.0,0.5299324968205085,0.5297647015186568,0.999770540630231,0.9497705101966858,0.9997701869893925,0.9999916277838536,0.999991617235563,0.9999902135356293,0.9999901998939361,-11.085815010546838,-43.49254223992804,,814.7639333700672,False,False,False,,[]
974,974,975,True,1.0,1.0,974.0,975.0,974.0,975.0,975.0,0.0,45.222566400000005,45.7053696,174.4813862008602,0.5150689482688904,0.5150689482688904,0.0,1.0,0.5297647015186568,0.5296378405373146,0.9997701869893925,0.9497701525688171,0.9997699196018701,0.999991617235563,0.9999916073687308,0.9999901998939361,0.9999901869524168,-8.382143560375733,-32.88236636391716,,850.0451609820112,False,False,False,,[]
975,975,976,True,1.0,1.0,975.0,976.0,975.0,976.0,976.0,0.0,45.7053696,45.866304,125.43596412603678,0.5150690078735352,0.5150690078735352,0.0,1.0,0.5296378405373146,0.5295417911653207,0.9997699196018701,0.949769914150238,0.9997697231676732,0.9999916073687308,0.9999915988213307,0.9999901869524168,0.9999901759373813,-6.346803706467196,-24.89599722079194,,880.8591899893479,False,False,False,,[]
976,976,977,True,1.0,1.0,976.0,977.0,976.0,977.0,977.0,0.0,45.866304,45.866304,100.85342554360946,0.5150690674781799,0.5150690674781799,0.0,1.0,0.5295417911653207,0.5294626978135386,0.9997697231676732,0.9497697353363037,0.9997695640718877,0.9999915988213307,0.9999915914195189,0.9999901759373813,0.9999901664061739,-5.226622120393504,-20.500996781935914,,899.3323764813451,False,False,False,,[]
977,977,978,True,1.0,1.0,977.0,978.0,977.0,978.0,978.0,0.0,45.866304,45.866304,100.85342554360946,0.5150691270828247,0.5150691270828247,0.0,1.0,0.5294626978135386,0.529383604578753,0.9997695640718877,0.9497695565223694,0.9997694049763557,0.9999915914195189,0.9999915840177064,0.9999901664061739,0.9999901568749673,-5.226622113716714,-20.500966456439535,,899.3324917069021,False,False,False,,[]
978,978,979,True,1.0,1.0,978.0,979.0,978.0,979.0,979.0,0.0,45.866304,44.578828800000004,-96.78474661638992,0.5150691866874695,0.5150691866874695,0.0,1.0,0.529383604578753,0.529426234857315,0.9997694049763557,0.9497693777084351,0.9997693222306809,0.9999915840177064,0.9999915769066232,0.9999901568749673,0.9999901477276139,2.818169647586232,11.049768203274507,,1018.4308221365843,False,False,False,,[]
979,979,980,True,1.0,1.0,979.0,980.0,979.0,980.0,980.0,0.0,44.578828800000004,44.25696000000001,50.478048958223,0.5150691866874695,0.5150691866874695,0.0,1.0,0.529426234857315,0.529385970560096,0.9997693222306809,0.9497693181037903,0.9997692442580745,0.9999915769066232,0.9999915727499624,0.9999901477276139,0.9999901424572963,-2.6612238244401323,-10.436505839164152,,945.6367287117454,False,False,False,,[]
980,980,981,True,1.0,1.0,980.0,981.0,980.0,981.0,981.0,0.0,44.25696000000001,43.7741568,25.536115464443036,0.5150692462921143,0.5150692462921143,0.0,1.0,0.529385970560096,0.5293655092298851,0.9997692442580745,0.9497692584991455,0.9997692053945325,0.9999915727499624,0.9999915705073116,0.9999901424572963,0.9999901398152693,-1.3524757449108427,-5.303576790643936,,971.5978982392032,False,False,False,,[]
981,981,982,True,1.0,1.0,981.0,982.0,981.0,982.0,982.0,0.0,43.7741568,43.130419200000006,0.47882329320414513,0.5150692462921143,0.5150692462921143,0.0,1.0,0.5293655092298851,0.529365168917039,0.9997692053945325,0.9497691988945007,0.9997692047607528,0.9999915705073116,0.9999915704924699,0.9999901398152693,0.9999901397663631,-0.02249636149748633,-0.08820908971624557,,999.5327796853463,False,False,False,,[]
982,982,983,True,1.0,1.0,982.0,983.0,982.0,983.0,983.0,0.0,43.130419200000006,42.647616,24.719582255809495,0.5150692462921143,0.5150692462921143,0.0,1.0,0.529365168917039,0.5293458611426313,0.9997692047607528,0.9497691988945007,0.9997691681295958,0.9999915704924699,0.9999915683721858,0.9999901397663631,0.9999901372742748,-1.2763050765507982,-5.004575126480771,,973.1571508728798,False,False,False,,[]
983,983,984,True,1.0,1.0,983.0,984.0,983.0,984.0,984.0,0.0,42.647616,41.842944,-25.033458969036307,0.5150692462921143,0.5150692462921143,0.0,1.0,0.5293458611426313,0.5293555718166301,0.9997691681295958,0.949769139289856,0.9997691498784386,0.9999915683721858,0.9999915662590891,0.9999901372742748,0.9999901347884228,0.6419802814884243,2.5170067004956587,,1003.2974470283275,False,False,False,,[]
984,984,985,True,1.0,1.0,984.0,985.0,984.0,985.0,985.0,0.0,41.842944,41.3601408,23.81217992135425,0.5150692462921143,0.5150692462921143,0.0,1.0,0.5293555718166301,0.5293363267951037,0.9997691498784386,0.949769139289856,0.9997691133685792,0.9999915662590891,0.999991564272853,0.9999901347884228,0.9999901318143551,-1.2722388515127128,-4.988309579640453,,972.8986328240774,False,False,False,,[]
985,985,986,True,1.0,1.0,985.0,986.0,985.0,986.0,986.0,0.0,41.3601408,40.5554688,-25.930549913330207,0.5150692462921143,0.5150692462921143,0.0,1.0,0.5293363267951037,0.5293448426663258,0.9997691133685792,0.9497690796852112,0.999769097381744,0.999991564272853,0.9999915621561394,0.9999901318143551,0.9999901277671905,0.5630240046028553,2.20731382075571,,1000.7538774205786,False,False,False,,[]
986,986,987,True,1.0,1.0,986.0,987.0,986.0,987.0,987.0,0.0,40.5554688,38.624256,-199.41066905266294,0.5150692462921143,0.5150692462921143,0.0,1.0,0.5293448426663258,0.529432676394643,0.999769097381744,0.9497690796852112,0.9997689191876047,0.9999915621561394,0.9999915522463232,0.9999901277671905,0.9999901215815122,5.80876937942008,22.766502379811886,,1056.9917476689866,False,False,False,,[]
987,987,988,True,1.0,1.0,987.0,988.0,987.0,988.0,988.0,0.0,38.624256,35.405568,-398.3171422028702,0.515069305896759,0.515069305896759,0.0,1.0,0.529432676394643,0.5296038120454134,0.9997689191876047,0.9497689008712769,0.9997685590204776,0.9999915522463232,0.9999915414101204,0.9999901215815122,0.999990110029421,11.321600167271747,44.35836067970407,,1127.053462606466,False,False,False,,[]
988,988,989,True,1.0,1.0,988.0,989.0,988.0,989.0,989.0,0.0,35.405568,34.600896000000006,-29.721919184355187,0.5150694251060486,0.5150694251060486,0.0,1.0,0.5296038120454134,0.5296126421278962,0.9997685590204776,0.9497685432434082,0.9997685424386777,0.9999915414101204,0.9999915391837344,0.999990110029421,0.9999901068558177,0.5839223901247187,2.2887573795384792,,1001.7750585167369,False,False,False,,[]
989,989,990,True,1.0,1.0,989.0,990.0,989.0,990.0,990.0,0.0,34.600896000000006,34.600896000000006,93.33470354882546,0.5150694251060486,0.5150694251060486,0.0,1.0,0.5296126421278962,0.5295589909741067,0.9997685424386777,0.9497685432434082,0.9997684371725895,0.9999915391837344,0.9999915328906362,0.9999901068558177,0.9999901028369542,-3.5472980382989867,-13.906379062221628,,930.6743260952627,False,False,False,,[]
990,990,991,True,1.0,1.0,990.0,991.0,990.0,991.0,991.0,0.0,34.600896000000006,35.083699200000005,167.44901810882547,0.5150694847106934,0.5150694847106934,0.0,1.0,0.5295589909741067,0.5294657255679688,0.9997684371725895,0.9497684240341187,0.9997682469507546,0.9999915328906362,0.9999915219987122,0.9999901028369542,0.9999900982656079,-6.165737311564703,-24.174393270956692,,886.7206716578258,False,False,False,,[]
991,991,992,True,1.0,1.0,991.0,992.0,991.0,992.0,992.0,0.0,35.083699200000005,36.21024,266.5471561851449,0.5150695443153381,0.5150695443153381,0.0,1.0,0.5294657255679688,0.5293180663917127,0.9997682469507546,0.9497682452201843,0.9997679331424189,0.9999915219987122,0.9999915068767432,0.9999900982656079,0.9999900908208368,-9.759846246969328,-38.27325848557588,,832.2190267493827,False,False,False,,[]
992,992,993,True,1.0,1.0,992.0,993.0,992.0,993.0,993.0,0.0,36.21024,37.014912,217.80377191388533,0.5150696039199829,0.5150696039199829,0.0,1.0,0.5293180663917127,0.5291976603824179,0.9997679331424189,0.9497679471969604,0.9997676809576821,0.9999915068767432,0.9999914965797823,0.9999900908208368,0.9999900845727031,-7.958852235371671,-31.209237609225916,,860.4596259234228,False,False,False,,[]
993,993,994,True,1.0,1.0,993.0,994.0,993.0,994.0,994.0,0.0,37.014912,36.693043200000005,45.359088203544644,0.5150697231292725,0.5150697231292725,0.0,1.0,0.5291976603824179,0.5291668303184481,0.9997676809576821,0.9497676491737366,0.9997676218031312,0.9999914965797823,0.9999914933327642,0.9999900845727031,0.9999900803102544,-2.038390218185802,-7.991152580959146,,957.6205175111618,False,False,False,,[]
994,994,995,True,1.0,1.0,994.0,995.0,994.0,995.0,995.0,0.0,36.693043200000005,36.693043200000005,94.57185554791006,0.5150697231292725,0.5150697231292725,0.0,1.0,0.5291668303184481,0.5291105766742958,0.9997676218031312,0.9497675895690918,0.9997675111494759,0.9999914933327642,0.9999914872267656,0.9999900803102544,0.9999900762438912,-3.719067626331998,-14.580944564276281,,928.0816779945911,False,False,False,,[]
995,995,996,True,1.0,1.0,995.0,996.0,995.0,996.0,996.0,0.0,36.693043200000005,37.014912,143.98139858791038,0.5150697827339172,0.5150697827339172,0.0,1.0,0.5291105766742958,0.5290283774741158,0.9997675111494759,0.9497674703598022,0.999767345303161,0.9999914872267656,0.9999914789445247,0.9999900762438912,0.9999900720862671,-5.433952743836669,-21.30603268665346,,899.908814914652,False,False,False,,[]
996,996,997,True,1.0,1.0,996.0,997.0,996.0,997.0,997.0,0.0,37.014912,36.5321088,20.65431668354497,0.5150697827339172,0.5150697827339172,0.0,1.0,0.5290283774741158,0.5290130811885996,0.999767345303161,0.9497673511505127,0.9997673163963559,0.9999914789445247,0.9999914773925723,0.9999900720862671,0.9999900695865522,-1.0113959623311952,-3.964797205795886,,978.2451645498074,False,False,False,,[]
997,997,998,True,1.0,1.0,997.0,998.0,997.0,998.0,998.0,0.0,36.5321088,36.5321088,94.47411216197787,0.515069842338562,0.515069842338562,0.0,1.0,0.5290130811885996,0.5289571232296761,0.9997673163963559,0.9497672915458679,0.9997672063561627,0.9999914773925723,0.9999914713182794,0.9999900695865522,0.9999900655356495,-3.6995565109052997,-14.50430295294279,,928.429958326859,False,False,False,,[]
998,998,999,True,1.0,1.0,998.0,999.0,998.0,999.0,999.0,0.0,36.5321088,36.5321088,94.47411216197787,0.515069842338562,0.515069842338562,0.0,1.0,0.5289571232296761,0.5289011653085991,0.9997672063561627,0.9497671723365784,0.999767096316048,0.9999914713182794,0.9999914652439864,0.9999900655356495,0.9999900614847468,-3.6995565109052997,-14.504293143180613,,928.4299977157139,False,False,False,,[]
999,999,1000,True,1.0,1.0,999.0,1000.0,999.0,1000.0,1000.0,0.0,36.5321088,37.819584000000006,292.11228432197817,0.515069842338562,0.515069842338562,0.0,1.0,0.5289011653085991,0.5287418468546522,0.999767096316048,0.9497671127319336,0.9997667593422478,0.9999914652439864,0.9999914547648806,0.9999900614847468,0.9999900529760097,-10.529627975336563,-41.29534326303718,,825.0800052221069,False,False,False,,[]
1000,1000,1001,True,1.0,1.0,1000.0,1001.0,1000.0,1001.0,1001.0,0.0,37.819584000000006,38.624256,218.79194680462646,0.5150699615478516,0.5150699615478516,0.0,1.0,0.5287418468546522,0.5286162689825542,0.9997667593422478,0.9497667551040649,0.9997664949911896,0.9999914547648806,0.9999914444740694,0.9999900529760097,0.9999900464236439,-8.300169839749813,-32.54978444778823,,855.5372666961181,False,False,False,,[]
1001,1001,1002,True,1.0,1.0,1001.0,1002.0,1001.0,1002.0,1002.0,0.0,38.624256,39.58986240000001,244.00691731713124,0.5150700807571411,0.5150700807571411,0.0,1.0,0.5286162689825542,0.5284747192457037,0.9997664949911896,0.9497664570808411,0.9997661934302823,0.9999914444740694,0.9999914340485996,0.9999900464236439,0.9999900389469173,-9.355105496500993,-36.68969179167169,,840.6130253357794,False,False,False,,[]
1002,1002,1003,True,1.0,1.0,1002.0,1003.0,1002.0,1003.0,1003.0,0.0,39.58986240000001,39.911731200000006,145.81424818960934,0.5150701403617859,0.5150701403617859,0.0,1.0,0.5284747192457037,0.5283856504928106,0.9997661934302823,0.9497661590576172,0.9997660125121157,0.9999914340485996,0.9999914254865183,0.9999900389469173,0.9999900344054107,-5.8873755782478785,-23.086620749876925,,892.6466078266395,False,False,False,,[]
1003,1003,1004,True,1.0,1.0,1003.0,1004.0,1003.0,1004.0,1004.0,0.0,39.911731200000006,40.394534400000005,170.7312624904913,0.5150701999664307,0.5150701999664307,0.0,1.0,0.5283856504928106,0.5282813586206386,0.9997660125121157,0.9497659802436829,0.9997657974940715,0.9999914254865183,0.999991416086221,0.9999900344054107,0.999990029034022,-6.893205769810107,-27.032453266983683,,876.7581699439312,False,False,False,,[]
1004,1004,1005,True,1.0,1.0,1004.0,1005.0,1004.0,1005.0,1005.0,0.0,40.394534400000005,41.038272000000006,195.75762049123935,0.5150702595710754,0.5150702595710754,0.0,1.0,0.5282813586206386,0.5281478427337034,0.9997657974940715,0.9497658014297485,0.999765514241805,0.999991416086221,0.9999914060485122,0.999990029034022,0.9999900118000766,-8.823811336480968,-34.60731789361614,,840.9631341401821,False,False,False,,[]
1005,1005,1006,True,1.0,1.0,1005.0,1006.0,1005.0,1006.0,1006.0,0.0,41.038272000000006,41.19920640000001,122.07810288316722,0.5150703191757202,0.5150703191757202,0.0,1.0,0.5281478427337034,0.5280550509531209,0.999765514241805,0.9497655034065247,0.9997653250736334,0.9999914060485122,0.9999913982978806,0.9999900118000766,0.9999899971703188,-6.13303814700397,-24.051629527002845,,881.7650213546032,False,False,False,,[]
1006,1006,1007,True,1.0,1.0,1006.0,1007.0,1006.0,1007.0,1007.0,0.0,41.19920640000001,41.038272000000006,72.77833318428978,0.515070378780365,0.515070378780365,0.0,1.0,0.5280550509531209,0.5279956417810019,0.9997653250736334,0.9497653245925903,0.9997652078516004,0.9999913982978806,0.9999913930253942,0.9999899971703188,0.9999899870789442,-3.9269966386974073,-15.398857413240496,,920.3905975991612,False,False,False,,[]
1007,1007,1008,True,1.0,1.0,1007.0,1008.0,1007.0,1008.0,1008.0,0.0,41.038272000000006,40.2336,-26.15052623683377,0.5150704383850098,0.5150704383850098,0.0,1.0,0.5279956417810019,0.528004658980795,0.9997652078516004,0.9497652053833008,0.9997651909153176,0.9999913930253942,0.9999913909088197,0.9999899870789442,0.9999899836487429,0.5961752849772612,2.337258186375288,,1001.7799584282665,False,False,False,,[]
1008,1008,1009,True,1.0,1.0,1008.0,1009.0,1008.0,1009.0,1009.0,0.0,40.2336,38.785190400000005,-125.51203440359905,0.5150704383850098,0.5150704383850098,0.0,1.0,0.528004658980795,0.5280584230481112,0.9997651909153176,0.9497652053833008,0.9997650854160349,0.9999913909088197,0.9999913831702051,0.9999899836487429,0.9999899797633081,3.5552653257733566,13.935646248378655,,1032.6205764835536,False,False,False,,[]
1009,1009,1010,True,1.0,1.0,1009.0,1010.0,1009.0,1010.0,1010.0,0.0,38.785190400000005,38.1414528,-2.937469160599236,0.5150704979896545,0.5150704979896545,0.0,1.0,0.5280584230481112,0.5280594683333311,0.9997650854160349,0.9497650861740112,0.999765083468011,0.9999913831702051,0.9999913830896088,0.9999899797633081,0.9999899793383358,0.0691141141343155,0.27093792899145525,,1000.3450332432719,False,False,False,,[]
1010,1010,1011,True,1.0,1.0,1010.0,1011.0,1010.0,1011.0,1011.0,0.0,38.1414528,37.3367808,-28.052977722142543,0.5150704979896545,0.5150704979896545,0.0,1.0,0.5280594683333311,0.5280685899708685,0.999765083468011,0.9497650861740112,0.9997650663338207,0.9999913830896088,0.9999913809783024,0.9999899793383358,0.9999899760978771,0.6031557685867249,2.36432844970629,,1002.0606911929644,False,False,False,,[]
1011,1011,1012,True,1.0,1.0,1011.0,1012.0,1011.0,1012.0,1012.0,0.0,37.3367808,36.8539776,20.852810944207267,0.5150704979896545,0.5150704979896545,0.0,1.0,0.5280685899708685,0.5280530314962472,0.9997650663338207,0.9497650265693665,0.9997650369239901,0.9999913809783024,0.9999913794032989,0.9999899760978771,0.9999899735561277,-1.0287377692386914,-4.0327566218426485,,977.8839701716646,False,False,False,,[]
1012,1012,1013,True,1.0,1.0,1012.0,1013.0,1012.0,1013.0,1013.0,0.0,36.8539776,36.21024,-4.1490575049015765,0.5150704979896545,0.5150704979896545,0.0,1.0,0.5280530314962472,0.5280542388660153,0.9997650369239901,0.9497650265693665,0.9997650346735438,0.9999913794032989,0.9999913790822685,0.9999899735561277,0.9999899729908838,0.07983786585808433,0.3129502439213455,,1000.0960600912501,False,False,False,,[]
1013,1013,1014,True,1.0,1.0,1013.0,1014.0,1013.0,1014.0,1014.0,0.0,36.21024,35.405568,-29.243943286115353,0.5150704979896545,0.5150704979896545,0.0,1.0,0.5280542388660153,0.5280631160192769,0.9997650346735438,0.9497650265693665,0.9997650180025833,0.9999913790822685,0.9999913768413236,0.9999899729908838,0.9999899697832556,0.5870369308775814,2.300958125416738,,1001.7645923646069,False,False,False,,[]
1014,1014,1015,True,1.0,1.0,1014.0,1015.0,1014.0,1015.0,1015.0,0.0,35.405568,34.76183040000001,-5.017147664354535,0.5150704979896545,0.5150704979896545,0.0,1.0,0.5280631160192769,0.5280645176563388,0.9997650180025833,0.9497650265693665,0.9997650153895409,0.9999913768413236,0.9999913764646383,0.9999899697832556,0.9999899691309027,0.09268952791088163,0.36330432644332733,,1000.1113070168303,False,False,False,,[]
1015,1015,1016,True,1.0,1.0,1015.0,1016.0,1015.0,1016.0,1016.0,0.0,34.76183040000001,32.991552,-178.32519548032587,0.5150704979896545,0.5150704979896545,0.0,1.0,0.5280645176563388,0.5281264344147233,0.9997650153895409,0.9497650265693665,0.9997648929196521,0.9999913764646383,0.9999913666573451,0.9999899691309027,0.9999899603849929,4.095414748960948,16.048823773259404,,1032.1159031697005,False,False,False,,[]
1016,1016,1017,True,1.0,1.0,1016.0,1017.0,1016.0,1017.0,1017.0,0.0,32.991552,28.163520000000002,-648.7106886905487,0.5150705575942993,0.5150705575942993,0.0,1.0,0.5281264344147233,0.5283550472655976,0.9997648929196521,0.9497649073600769,0.9997644243626572,0.9999913666573451,0.9999913504274218,0.9999899603849929,0.9999899448429782,15.130065321956113,59.25645094660214,,1176.4501227335988,False,False,False,,[]
1017,1017,1018,True,1.0,1.0,1017.0,1018.0,1017.0,1018.0,1018.0,0.0,28.163520000000002,22.8526848,-725.273958414564,0.5150706768035889,0.5150706768035889,0.0,1.0,0.5283550472655976,0.5285639211863666,0.9997644243626572,0.9497644305229187,0.9997639921663317,0.9999913504274218,0.9999913366141594,0.9999899448429782,0.9999899233812385,13.824517701195443,54.14012026333221,,1149.926610520562,False,False,False,,[]
1018,1018,1019,True,1.0,1.0,1018.0,1019.0,1018.0,1019.0,1019.0,0.0,22.8526848,17.541849600000003,-727.5211970084904,0.5150707960128784,0.5150707960128784,0.0,1.0,0.5285639211863666,0.5287346999504238,0.9997639921663317,0.9497639536857605,0.9997636326953508,0.9999913366141594,0.9999913261324137,0.9999899233812385,0.9999899118681506,11.303030776649477,44.2658556436107,,1127.1883645121725,False,False,False,,[]
1019,1019,1020,True,1.0,1.0,1019.0,1020.0,1019.0,1020.0,1020.0,0.0,17.541849600000003,12.2310144,-729.3005562737139,0.515070915222168,0.515070915222168,0.0,1.0,0.5287346999504238,0.5288332024723346,0.9997636326953508,0.9497635960578918,0.9997634307600938,0.9999913261324137,0.9999913171260587,0.9999899118681506,0.9999898701863283,6.518512265679119,25.531853679278665,,1028.405399387438,False,False,False,,[]
1020,1020,1021,True,1.0,1.0,1020.0,1021.0,1020.0,1021.0,1021.0,0.0,12.2310144,6.9201792,-730.6120362102321,0.5150709748268127,0.5150709748268127,0.0,1.0,0.5288332024723346,0.5288942266092955,0.9997634307600938,0.9497634172439575,0.999763310161145,0.9999913171260587,0.9999913086902372,0.9999898701863283,0.9999898433265667,4.038089460771353,15.817456300280334,,1013.858080329152,False,False,False,,[]
1021,1021,1022,True,1.0,1.0,1021.0,1022.0,1021.0,1022.0,1022.0,0.0,6.9201792,1.609344,-731.455636818047,0.5150710344314575,0.5150710344314575,0.0,1.0,0.5288942266092955,0.5289147775338192,0.999763310161145,0.949763298034668,0.9997632711240093,0.9999913086902372,0.9999912977865247,0.9999898433265667,0.9999898313500044,1.3597750385663485,5.3267996365308035,,993.8055465976777,False,False,False,,[]
1022,1022,1023,True,1.0,1.0,1022.0,1023.0,1022.0,1023.0,1023.0,0.0,1.609344,0.0,-163.62161313715777,0.5150710344314575,0.5150710344314575,0.0,1.0,0.5289147775338192,0.5289156449475831,0.9997632711240093,0.9497632384300232,0.9997632695077531,0.9999912977865247,0.9999912973263199,0.9999898313500044,0.9999898308445185,0.057391010811978234,0.22483364759754326,,999.7401649221587,False,False,False,,[]
1023,1023,1024,True,1.0,1.0,1023.0,1024.0,1023.0,1024.0,1024.0,0.0,0.0,0.0,83.40462000000002,0.5150710344314575,0.5150710344314575,0.0,1.0,0.5289156449475831,0.5289156449475831,0.9997632695077531,0.9497632384300232,0.9997632695077531,0.9999912973263199,0.9999912973263199,0.9999898308445185,0.9999898308445185,-0.0,0.0,,1000.0,False,False,False,,[]
1024,1024,1025,True,1.0,1.0,1024.0,1025.0,1024.0,1025.0,1025.0,0.0,0.0,0.0,83.40462000000002,0.5150710344314575,0.5150710344314575,0.0,1.0,0.5289156449475831,0.5289156449475831,0.9997632695077531,0.9497632384300232,0.9997632695077531,0.9999912973263199,0.9999912973263199,0.9999898308445185,0.9999898308445185,-0.0,0.0,,1000.0,False,False,False,,[]
1025,1025,1026,True,1.0,1.0,1025.0,1026.0,1025.0,1026.0,1026.0,0.0,0.0,0.0,83.40462000000002,0.5150710344314575,0.5150710344314575,0.0,1.0,0.5289156449475831,0.5289156449475831,0.9997632695077531,0.9497632384300232,0.9997632695077531,0.9999912973263199,0.9999912973263199,0.9999898308445185,0.9999898308445185,-0.0,0.0,,1000.0,False,False,False,,[]
1026,1026,1027,True,1.0,1.0,1026.0,1027.0,1026.0,1027.0,1027.0,0.0,0.0,0.0,83.40462000000002,0.5150710344314575,0.5150710344314575,0.0,1.0,0.5289156449475831,0.5289156449475831,0.9997632695077531,0.9497632384300232,0.9997632695077531,0.9999912973263199,0.9999912973263199,0.9999898308445185,0.9999898308445185,-0.0,0.0,,1000.0,False,False,False,,[]
1027,1027,1028,True,1.0,1.0,1027.0,1028.0,1027.0,1028.0,1028.0,0.0,0.0,0.0,83.40462000000002,0.5150710344314575,0.5150710344314575,0.0,1.0,0.5289156449475831,0.5289156449475831,0.9997632695077531,0.9497632384300232,0.9997632695077531,0.9999912973263199,0.9999912973263199,0.9999898308445185,0.9999898308445185,-0.0,0.0,,1000.0,False,False,False,,[]
1028,1028,1029,True,1.0,1.0,1028.0,1029.0,1028.0,1029.0,1029.0,0.0,0.0,0.0,83.40462000000002,0.5150710344314575,0.5150710344314575,0.0,1.0,0.5289156449475831,0.5289156449475831,0.9997632695077531,0.9497632384300232,0.9997632695077531,0.9999912973263199,0.9999912973263199,0.9999898308445185,0.9999898308445185,-0.0,0.0,,1000.0,False,False,False,,[]
1029,1029,1030,True,1.0,1.0,1029.0,1030.0,1029.0,1030.0,1030.0,0.0,0.0,0.0,83.40462000000002,0.5150710344314575,0.5150710344314575,0.0,1.0,0.5289156449475831,0.5289156449475831,0.9997632695077531,0.9497632384300232,0.9997632695077531,0.9999912973263199,0.9999912973263199,0.9999898308445185,0.9999898308445185,-0.0,0.0,,1000.0,False,False,False,,[]
1030,1030,1031,True,1.0,1.0,1030.0,1031.0,1030.0,1031.0,1031.0,0.0,0.0,0.0,83.40462000000002,0.5150710344314575,0.5150710344314575,0.0,1.0,0.5289156449475831,0.5289156449475831,0.9997632695077531,0.9497632384300232,0.9997632695077531,0.9999912973263199,0.9999912973263199,0.9999898308445185,0.9999898308445185,-0.0,0.0,,1000.0,False,False,False,,[]
1031,1031,1032,True,1.0,1.0,1031.0,1032.0,1031.0,1032.0,1032.0,0.0,0.0,0.0,83.40462000000002,0.5150710344314575,0.5150710344314575,0.0,1.0,0.5289156449475831,0.5289156449475831,0.9997632695077531,0.9497632384300232,0.9997632695077531,0.9999912973263199,0.9999912973263199,0.9999898308445185,0.9999898308445185,-0.0,0.0,,1000.0,False,False,False,,[]
1032,1032,1033,True,1.0,1.0,1032.0,1033.0,1032.0,1033.0,1033.0,0.0,0.0,0.0,83.40462000000002,0.5150710344314575,0.5150710344314575,0.0,1.0,0.5289156449475831,0.5289156449475831,0.9997632695077531,0.9497632384300232,0.9997632695077531,0.9999912973263199,0.9999912973263199,0.9999898308445185,0.9999898308445185,-0.0,0.0,,1000.0,False,False,False,,[]
1033,1033,1034,True,1.0,1.0,1033.0,1034.0,1033.0,1034.0,1034.0,0.0,0.0,0.0,83.40462000000002,0.5150710344314575,0.5150710344314575,0.0,1.0,0.5289156449475831,0.5289156449475831,0.9997632695077531,0.9497632384300232,0.9997632695077531,0.9999912973263199,0.9999912973263199,0.9999898308445185,0.9999898308445185,-0.0,0.0,,1000.0,False,False,False,,[]
1034,1034,1035,True,1.0,1.0,1034.0,1035.0,1034.0,1035.0,1035.0,0.0,0.0,0.0,83.40462000000002,0.5150710344314575,0.5150710344314575,0.0,1.0,0.5289156449475831,0.5289156449475831,0.9997632695077531,0.9497632384300232,0.9997632695077531,0.9999912973263199,0.9999912973263199,0.9999898308445185,0.9999898308445185,-0.0,0.0,,1000.0,False,False,False,,[]
1035,1035,1036,True,1.0,1.0,1035.0,1036.0,1035.0,1036.0,1036.0,0.0,0.0,0.0,83.40462000000002,0.5150710344314575,0.5150710344314575,0.0,1.0,0.5289156449475831,0.5289156449475831,0.9997632695077531,0.9497632384300232,0.9997632695077531,0.9999912973263199,0.9999912973263199,0.9999898308445185,0.9999898308445185,-0.0,0.0,,1000.0,False,False,False,,[]
1036,1036,1037,True,1.0,1.0,1036.0,1037.0,1036.0,1037.0,1037.0,0.0,0.0,0.0,83.40462000000002,0.5150710344314575,0.5150710344314575,0.0,1.0,0.5289156449475831,0.5289156449475831,0.9997632695077531,0.9497632384300232,0.9997632695077531,0.9999912973263199,0.9999912973263199,0.9999898308445185,0.9999898308445185,-0.0,0.0,,1000.0,False,False,False,,[]
1037,1037,1038,True,1.0,1.0,1037.0,1038.0,1037.0,1038.0,1038.0,0.0,0.0,0.0,83.40462000000002,0.5150710344314575,0.5150710344314575,0.0,1.0,0.5289156449475831,0.5289156449475831,0.9997632695077531,0.9497632384300232,0.9997632695077531,0.9999912973263199,0.9999912973263199,0.9999898308445185,0.9999898308445185,-0.0,0.0,,1000.0,False,False,False,,[]
1038,1038,1039,True,1.0,1.0,1038.0,1039.0,1038.0,1039.0,1039.0,0.0,0.0,0.0,83.40462000000002,0.5150710344314575,0.5150710344314575,0.0,1.0,0.5289156449475831,0.5289156449475831,0.9997632695077531,0.9497632384300232,0.9997632695077531,0.9999912973263199,0.9999912973263199,0.9999898308445185,0.9999898308445185,-0.0,0.0,,1000.0,False,False,False,,[]
1039,1039,1040,True,1.0,1.0,1039.0,1040.0,1039.0,1040.0,1040.0,0.0,0.0,0.0,83.40462000000002,0.5150710344314575,0.5150710344314575,0.0,1.0,0.5289156449475831,0.5289156449475831,0.9997632695077531,0.9497632384300232,0.9997632695077531,0.9999912973263199,0.9999912973263199,0.9999898308445185,0.9999898308445185,-0.0,0.0,,1000.0,False,False,False,,[]
1040,1040,1041,True,1.0,1.0,1040.0,1041.0,1040.0,1041.0,1041.0,0.0,0.0,0.0,83.40462000000002,0.5150710344314575,0.5150710344314575,0.0,1.0,0.5289156449475831,0.5289156449475831,0.9997632695077531,0.9497632384300232,0.9997632695077531,0.9999912973263199,0.9999912973263199,0.9999898308445185,0.9999898308445185,-0.0,0.0,,1000.0,False,False,False,,[]
1041,1041,1042,True,1.0,1.0,1041.0,1042.0,1041.0,1042.0,1042.0,0.0,0.0,0.0,83.40462000000002,0.5150710344314575,0.5150710344314575,0.0,1.0,0.5289156449475831,0.5289156449475831,0.9997632695077531,0.9497632384300232,0.9997632695077531,0.9999912973263199,0.9999912973263199,0.9999898308445185,0.9999898308445185,-0.0,0.0,,1000.0,False,False,False,,[]
1042,1042,1043,True,1.0,1.0,1042.0,1043.0,1042.0,1043.0,1043.0,0.0,0.0,0.0,83.40462000000002,0.5150710344314575,0.5150710344314575,0.0,1.0,0.5289156449475831,0.5289156449475831,0.9997632695077531,0.9497632384300232,0.9997632695077531,0.9999912973263199,0.9999912973263199,0.9999898308445185,0.9999898308445185,-0.0,0.0,,1000.0,False,False,False,,[]
1043,1043,1044,True,1.0,1.0,1043.0,1044.0,1043.0,1044.0,1044.0,0.0,0.0,0.0,83.40462000000002,0.5150710344314575,0.5150710344314575,0.0,1.0,0.5289156449475831,0.5289156449475831,0.9997632695077531,0.9497632384300232,0.9997632695077531,0.9999912973263199,0.9999912973263199,0.9999898308445185,0.9999898308445185,-0.0,0.0,,1000.0,False,False,False,,[]
1044,1044,1045,True,1.0,1.0,1044.0,1045.0,1044.0,1045.0,1045.0,0.0,0.0,0.0,83.40462000000002,0.5150710344314575,0.5150710344314575,0.0,1.0,0.5289156449475831,0.5289156449475831,0.9997632695077531,0.9497632384300232,0.9997632695077531,0.9999912973263199,0.9999912973263199,0.9999898308445185,0.9999898308445185,-0.0,0.0,,1000.0,False,False,False,,[]
1045,1045,1046,True,1.0,1.0,1045.0,1046.0,1045.0,1046.0,1046.0,0.0,0.0,0.0,83.40462000000002,0.5150710344314575,0.5150710344314575,0.0,1.0,0.5289156449475831,0.5289156449475831,0.9997632695077531,0.9497632384300232,0.9997632695077531,0.9999912973263199,0.9999912973263199,0.9999898308445185,0.9999898308445185,-0.0,0.0,,1000.0,False,False,False,,[]
1046,1046,1047,True,1.0,1.0,1046.0,1047.0,1046.0,1047.0,1047.0,0.0,0.0,0.0,83.40462000000002,0.5150710344314575,0.5150710344314575,0.0,1.0,0.5289156449475831,0.5289156449475831,0.9997632695077531,0.9497632384300232,0.9997632695077531,0.9999912973263199,0.9999912973263199,0.9999898308445185,0.9999898308445185,-0.0,0.0,,1000.0,False,False,False,,[]
1047,1047,1048,True,1.0,1.0,1047.0,1048.0,1047.0,1048.0,1048.0,0.0,0.0,0.0,83.40462000000002,0.5150710344314575,0.5150710344314575,0.0,1.0,0.5289156449475831,0.5289156449475831,0.9997632695077531,0.9497632384300232,0.9997632695077531,0.9999912973263199,0.9999912973263199,0.9999898308445185,0.9999898308445185,-0.0,0.0,,1000.0,False,False,False,,[]
1048,1048,1049,True,1.0,1.0,1048.0,1049.0,1048.0,1049.0,1049.0,0.0,0.0,0.0,83.40462000000002,0.5150710344314575,0.5150710344314575,0.0,1.0,0.5289156449475831,0.5289156449475831,0.9997632695077531,0.9497632384300232,0.9997632695077531,0.9999912973263199,0.9999912973263199,0.9999898308445185,0.9999898308445185,-0.0,0.0,,1000.0,False,False,False,,[]
1049,1049,1050,True,1.0,1.0,1049.0,1050.0,1049.0,1050.0,1050.0,0.0,0.0,0.0,83.40462000000002,0.5150710344314575,0.5150710344314575,0.0,1.0,0.5289156449475831,0.5289156449475831,0.9997632695077531,0.9497632384300232,0.9997632695077531,0.9999912973263199,0.9999912973263199,0.9999898308445185,0.9999898308445185,-0.0,0.0,,1000.0,False,False,False,,[]
1050,1050,1051,True,1.0,1.0,1050.0,1051.0,1050.0,1051.0,1051.0,0.0,0.0,0.0,83.40462000000002,0.5150710344314575,0.5150710344314575,0.0,1.0,0.5289156449475831,0.5289156449475831,0.9997632695077531,0.9497632384300232,0.9997632695077531,0.9999912973263199,0.9999912973263199,0.9999898308445185,0.9999898308445185,-0.0,0.0,,1000.0,False,False,False,,[]
1051,1051,1052,True,1.0,1.0,1051.0,1052.0,1051.0,1052.0,1052.0,0.0,0.0,0.0,83.40462000000002,0.5150710344314575,0.5150710344314575,0.0,1.0,0.5289156449475831,0.5289156449475831,0.9997632695077531,0.9497632384300232,0.9997632695077531,0.9999912973263199,0.9999912973263199,0.9999898308445185,0.9999898308445185,-0.0,0.0,,1000.0,False,False,False,,[]
1052,1052,1053,True,1.0,1.0,1052.0,1053.0,1052.0,1053.0,1053.0,0.0,0.0,1.9312128,379.86187824,0.5150710344314575,0.5150710344314575,0.0,1.0,0.5289156449475831,0.5289063557550929,0.9997632695077531,0.9497632384300232,0.9997632520559652,0.9999912973263199,0.9999912960442329,0.9999898308445185,0.9999898294362831,-0.6147093359218445,-2.4077586934505426,,986.4611232464711,False,False,False,,[]
1053,1053,1054,True,1.0,1.0,1053.0,1054.0,1053.0,1054.0,1054.0,0.0,1.9312128,6.437376,775.1691567304929,0.5150710344314575,0.5150710344314575,0.0,1.0,0.5289063557550929,0.5288241938947046,0.9997632520559652,0.9497632384300232,0.9997630862910428,0.9999912960442329,0.9999912847069141,0.9999898294362831,0.9999898169834507,-5.435790114898817,-21.296354212643845,,890.8459755010449,False,False,False,,[]
1054,1054,1055,True,1.0,1.0,1054.0,1055.0,1054.0,1055.0,1055.0,0.0,6.437376,11.7482112,899.005793165476,0.5150710940361023,0.5150710940361023,0.0,1.0,0.5288241938947046,0.5286557378397698,0.9997630862910428,0.9497630596160889,0.9997627313573668,0.9999912847069141,0.9999912730445814,0.9999898169834507,0.9999897855993856,-11.14159764629073,-43.66380943909026,,801.9273069082119,False,False,False,,[]
1055,1055,1056,True,1.0,1.0,1055.0,1056.0,1055.0,1056.0,1056.0,0.0,11.7482112,17.0590464,899.806859288863,0.5150712132453918,0.5150712132453918,0.0,1.0,0.5286557378397698,0.5283921959523461,0.9997627313573668,0.9497627019882202,0.999762200844771,0.9999912730445814,0.9999912571372908,0.9999897855993856,0.9999897358405181,-17.42412268169138,-68.31005722021598,,723.4532596944297,False,False,False,,[]
1056,1056,1057,True,1.0,1.0,1056.0,1057.0,1056.0,1057.0,1057.0,0.0,17.0590464,22.369881600000003,901.0758047409548,0.5150713324546814,0.5150713324546814,0.0,1.0,0.5283921959523461,0.528137012838576,0.999762200844771,0.9497621655464172,0.999761684870789,0.9999912571372908,0.9999912444653798,0.9999897358405181,0.9999897219217954,-16.870110649417455,-66.1434630892234,,749.9787311674136,False,False,False,,[]
1057,1057,1058,True,1.0,1.0,1057.0,1058.0,1057.0,1058.0,1058.0,0.0,22.369881600000003,27.358848000000002,853.403086481749,0.5150715112686157,0.5150715112686157,0.0,1.0,0.528137012838576,0.5278243967023294,0.999761684870789,0.949761688709259,0.9997610728915507,0.9999912444653798,0.999991227987529,0.9999897219217954,0.999989699317806,-20.661169331608246,-81.03010251511661,,707.7662267105875,False,False,False,,[]
1058,1058,1059,True,1.0,1.0,1058.0,1059.0,1058.0,1059.0,1059.0,0.0,27.358848000000002,29.772864000000002,460.1845089614079,0.51507169008255,0.51507169008255,0.0,1.0,0.5278243967023294,0.5276249922986401,0.9997610728915507,0.9497610330581665,0.9997606584668886,0.999991227987529,0.9999912164361962,0.999989699317806,0.9999896815814424,-13.181947280721623,-51.68562143624407,,787.318152311395,False,False,False,,[]
1059,1059,1060,True,1.0,1.0,1059.0,1060.0,1059.0,1060.0,1060.0,0.0,29.772864000000002,32.18688,461.32842880775667,0.5150718092918396,0.5150718092918396,0.0,1.0,0.5276249922986401,0.5274108708736442,0.9997606584668886,0.9497606754302979,0.9997602165129424,0.9999912164361962,0.9999911997429531,0.9999896815814424,0.9999896696569424,-14.153179904555687,-55.50027335893278,,777.0402855019723,False,False,False,,[]
1060,1060,1061,True,1.0,1.0,1060.0,1061.0,1060.0,1061.0,1061.0,0.0,32.18688,35.083699200000005,536.6833324968961,0.5150719285011292,0.5150719285011292,0.0,1.0,0.5274108708736442,0.5271392893366394,0.9997602165129424,0.9497601985931396,0.9997596721933028,0.9999911997429531,0.9999911855229242,0.9999896696569424,0.999989645624772,-17.946623056278973,-70.39393439164827,,732.9950462004341,False,False,False,,[]
1061,1061,1062,True,1.0,1.0,1061.0,1062.0,1061.0,1062.0,1062.0,0.0,35.083699200000005,37.014912,390.0710137851462,0.5150721073150635,0.5150721073150635,0.0,1.0,0.5271392893366394,0.5269328793245834,0.9997596721933028,0.9497596621513367,0.9997592446009576,0.9999911855229242,0.9999911718712865,0.999989645624772,0.9999896346070206,-13.641423363973768,-53.50147512491192,,785.028787794318,False,False,False,,[]
1062,1062,1063,True,1.0,1.0,1062.0,1063.0,1062.0,1063.0,1063.0,0.0,37.014912,38.624256,341.81634644354466,0.515072226524353,0.515072226524353,0.0,1.0,0.5269328793245834,0.5267463417993881,0.9997592446009576,0.9497592449188232,0.9997588546528156,0.9999911718712865,0.9999911619814905,0.9999896346070206,0.9999896244781307,-12.328011194807715,-48.35052653064971,,802.8575141977284,False,False,False,,[]
1063,1063,1064,True,1.0,1.0,1063.0,1064.0,1063.0,1064.0,1064.0,0.0,38.624256,39.911731200000006,293.4164603571306,0.5150723457336426,0.5150723457336426,0.0,1.0,0.5267463417993881,0.5265780445524675,0.9997588546528156,0.9497588276863098,0.9997585000297811,0.9999911619814905,0.9999911514658419,0.9999896244781307,0.9999896154504673,-11.12254055859377,-43.62264640181846,,817.459053507215,False,False,False,,[]
1064,1064,1065,True,1.0,1.0,1064.0,1065.0,1064.0,1065.0,1065.0,0.0,39.911731200000006,41.19920640000001,294.25512009049163,0.5150724649429321,0.5150724649429321,0.0,1.0,0.5265780445524675,0.5264043997329968,0.9997585000297811,0.9497584700584412,0.9997581349759211,0.9999911514658419,0.9999911411309771,0.9999896154504673,0.9999896061001678,-11.475214492662278,-45.00873720681581,,813.1169623233761,False,False,False,,[]
1065,1065,1066,True,1.0,1.0,1065.0,1066.0,1065.0,1066.0,1066.0,0.0,41.19920640000001,42.647616,319.82604838428944,0.5150725841522217,0.5150725841522217,0.0,1.0,0.5264043997329968,0.5262097560514438,0.9997581349759211,0.9497581124305725,0.9997577295638981,0.9999911411309771,0.9999911315354845,0.9999896061001678,0.999989593707447,-12.861433893778473,-50.45164225852124,,795.4354114979031,False,False,False,,[]
1066,1066,1067,True,1.0,1.0,1066.0,1067.0,1066.0,1067.0,1067.0,0.0,42.647616,43.130419200000006,172.60471319096405,0.5150727033615112,0.5150727033615112,0.0,1.0,0.5262097560514438,0.5260902549998273,0.9997577295638981,0.9497576951980591,0.9997574794960336,0.9999911315354845,0.9999911218852106,0.999989593707447,0.9999895812207873,-7.897671783418192,-30.974672579006782,,857.1589435510092,False,False,False,,[]
1067,1067,1068,True,1.0,1.0,1067.0,1068.0,1067.0,1068.0,1068.0,0.0,43.130419200000006,44.0960256,247.06252593580857,0.515072762966156,0.515072762966156,0.0,1.0,0.5260902549998273,0.5259263666437644,0.9997574794960336,0.94975745677948,0.9997571335183445,0.9999911218852106,0.9999911112868275,0.9999895812207873,0.9999895675727648,-10.829414740317267,-42.47986189151866,,817.8403494148586,False,False,False,,[]
1068,1068,1069,True,1.0,1.0,1068.0,1069.0,1068.0,1069.0,1069.0,0.0,44.0960256,44.9006976,223.05635109944046,0.5150728821754456,0.5150728821754456,0.0,1.0,0.5259263666437644,0.5257730505492029,0.9997571335183445,0.9497570991516113,0.9997568084360432,0.9999911112868275,0.999991100697037,0.9999895675727648,0.9999895538837674,-10.130741738335546,-39.7395317103503,,826.3758597265625,False,False,False,,[]
1069,1069,1070,True,1.0,1.0,1069.0,1070.0,1069.0,1070.0,1070.0,0.0,44.9006976,45.5444352,198.94555861702872,0.5150729417800903,0.5150729417800903,0.0,1.0,0.5257730505492029,0.5256318299597452,0.9997568084360432,0.9497568011283875,0.9997565075370551,0.999991100697037,0.9999910903712396,0.9999895538837674,0.9999895403935091,-9.331526150186773,-36.6043767874245,,836.7314783292879,False,False,False,,[]
1070,1070,1071,True,1.0,1.0,1070.0,1071.0,1070.0,1071.0,1071.0,0.0,45.5444352,45.061632,26.495074749721603,0.5150730609893799,0.5150730609893799,0.0,1.0,0.5256318299597452,0.5256099914875664,0.9997565075370551,0.9497565031051636,0.9997564660018984,0.9999910903712396,0.9999910879828163,0.9999895403935091,0.9999895375721054,-1.443535924749898,-5.660531988745047,,969.7422809857703,False,False,False,,[]
1071,1071,1072,True,1.0,1.0,1071.0,1072.0,1071.0,1072.0,1072.0,0.0,45.061632,44.25696000000001,-23.27730033168319,0.5150730609893799,0.5150730609893799,0.0,1.0,0.5256099914875664,0.525619527547826,0.9997564660018984,0.9497564435005188,0.999756448081988,0.9999910879828163,0.9999910858953187,0.9999895375721054,0.9999895351285777,0.6304163778321101,2.471746819310283,,1003.2234008219405,False,False,False,,[]
1072,1072,1073,True,1.0,1.0,1072.0,1073.0,1072.0,1073.0,1073.0,0.0,44.25696000000001,43.452288,-23.87342757555632,0.5150730609893799,0.5150730609893799,0.0,1.0,0.525619527547826,0.5256291345052442,0.999756448081988,0.9497564435005188,0.9997564300275975,0.9999910858953187,0.9999910837964742,0.9999895351285777,0.9999895326676268,0.6351297943235908,2.4901233627777093,,1003.252265879088,False,False,False,,[]
1073,1073,1074,True,1.0,1.0,1073.0,1074.0,1073.0,1074.0,1074.0,0.0,43.452288,43.452288,99.06504381199298,0.5150730609893799,0.5150730609893799,0.0,1.0,0.5256291345052442,0.5255552006153169,0.9997564300275975,0.9497564435005188,0.9997562820587735,0.9999910837964742,0.9999910768002311,0.9999895326676268,0.9999895236766936,-4.8867862526947965,-19.16366426913801,,905.2084301616547,False,False,False,,[]
1074,1074,1075,True,1.0,1.0,1074.0,1075.0,1074.0,1075.0,1075.0,0.0,43.452288,42.3257472,-73.86835682800769,0.5150731205940247,0.5150731205940247,0.0,1.0,0.5255552006153169,0.5255853385591585,0.9997562820587735,0.9497562646865845,0.9997562242713537,0.9999910768002311,0.9999910712598467,0.9999895236766936,0.9999895166211435,1.9926679677332937,7.8117550437367855,,1011.9032889086276,False,False,False,,[]
1075,1075,1076,True,1.0,1.0,1075.0,1076.0,1075.0,1076.0,1076.0,0.0,42.3257472,39.428928,-346.42233931265105,0.5150731205940247,0.5150731205940247,0.0,1.0,0.5255853385591585,0.5257491550198349,0.9997562242713537,0.9497562050819397,0.9997558784349811,0.9999910712598467,0.9999910609860149,0.9999895166211435,0.9999895046567824,10.83633496994219,42.461226607329195,,1119.8140953226984,False,False,False,,[]
1076,1076,1077,True,1.0,1.0,1076.0,1077.0,1076.0,1077.0,1077.0,0.0,39.428928,36.21024,-397.7962021789459,0.5150732398033142,0.5150732398033142,0.0,1.0,0.5257491550198349,0.5259236598581714,0.9997558784349811,0.949755847454071,0.999755511709293,0.9999910609860149,0.9999910498046237,0.9999895046567824,0.9999894928690911,11.544939419107909,45.23165409681856,,1129.7688509105026,False,False,False,,[]
1077,1077,1078,True,1.0,1.0,1077.0,1078.0,1077.0,1078.0,1078.0,0.0,36.21024,34.600896000000006,-152.7678008861147,0.5150733590126038,0.5150733590126038,0.0,1.0,0.5259236598581714,0.5259811513251198,0.999755511709293,0.9497554898262024,0.9997553984837558,0.9999910498046237,0.9999910401436163,0.9999894928690911,0.9999894886311526,3.8025317989803753,14.901788233051013,,1033.346042951015,False,False,False,,[]
1078,1078,1079,True,1.0,1.0,1078.0,1079.0,1078.0,1079.0,1079.0,0.0,34.600896000000006,33.15248640000001,-129.00824013117455,0.5150734186172485,0.5150734186172485,0.0,1.0,0.5259811513251198,0.5260251443058673,0.9997553984837558,0.9497553706169128,0.9997553129791573,0.9999910401436163,0.9999910322086534,0.9999894886311526,0.9999894822811292,2.909757109022609,11.402980609758625,,1021.6148515608952,False,False,False,,[]
1079,1079,1080,True,1.0,1.0,1079.0,1080.0,1079.0,1080.0,1080.0,0.0,33.15248640000001,28.968192000000002,-549.8033113322675,0.5150734186172485,0.5150734186172485,0.0,1.0,0.5260251443058673,0.526218666850691,0.9997553129791573,0.9497553110122681,0.9997549096970861,0.9999910322086534,0.9999910153618838,0.9999894822811292,0.9999894681092524,12.806442887586234,50.16104361829783,,1139.1801186052423,False,False,False,,[]
1080,1080,1081,True,1.0,1.0,1080.0,1081.0,1080.0,1081.0,1081.0,0.0,28.968192000000002,24.14016,-650.7783372391144,0.5150735378265381,0.5150735378265381,0.0,1.0,0.526218666850691,0.526415565272063,0.9997549096970861,0.9497548937797546,0.9997545000101146,0.9999910153618838,0.99999100267986,0.9999894681092524,0.9999894500375022,13.031364292130936,51.03607081964363,,1143.0870014959976,False,False,False,,[]
1081,1081,1082,True,1.0,1.0,1081.0,1082.0,1081.0,1082.0,1082.0,0.0,24.14016,19.794931200000004,-578.7907469004956,0.5150736570358276,0.5150736570358276,0.0,1.0,0.526415565272063,0.5265633514932234,0.9997545000101146,0.9497544765472412,0.9997541859478803,0.99999100267986,0.9999909936099937,0.9999894500375022,0.9999894400753284,9.780470865688228,38.30618852476626,,1107.8466043611077,False,False,False,,[]
1082,1082,1083,True,1.0,1.0,1082.0,1083.0,1082.0,1083.0,1083.0,0.0,19.794931200000004,17.8637184,-209.80261695259856,0.5150737762451172,0.5150737762451172,0.0,1.0,0.5265633514932234,0.5266070175869756,0.9997541859478803,0.9497541785240173,0.9997541011057536,0.9999909936099937,0.9999909898819639,0.9999894400753284,0.999989435211771,2.8891008687170205,11.318251500572645,,1027.3166516504205,False,False,False,,[]
1083,1083,1084,True,1.0,1.0,1083.0,1084.0,1083.0,1084.0,1084.0,0.0,17.8637184,17.0590464,-37.47243263720744,0.5150737762451172,0.5150737762451172,0.0,1.0,0.5266070175869756,0.5266117762434005,0.9997541011057536,0.9497541189193726,0.9997540922051085,0.9999909898819639,0.9999909878904308,0.999989435211771,0.9999894329145009,0.3148213335027503,1.233443745333364,,999.5799653267425,False,False,False,,[]
1084,1084,1085,True,1.0,1.0,1084.0,1085.0,1084.0,1085.0,1085.0,0.0,17.0590464,16.09344,-62.41028453904544,0.5150737762451172,0.5150737762451172,0.0,1.0,0.5266117762434005,0.5266196345092936,0.9997540922051085,0.9497540593147278,0.9997540774622823,0.9999909878904308,0.999990985052665,0.9999894329145009,0.9999894293381105,0.519897568517004,2.0368625194895493,,999.9698279791137,False,False,False,,[]
1085,1085,1086,True,1.0,1.0,1085.0,1086.0,1085.0,1086.0,1086.0,0.0,16.09344,15.288768000000001,-37.97103131577633,0.5150737762451172,0.5150737762451172,0.0,1.0,0.5266196345092936,0.526623897182299,0.9997540774622823,0.9497540593147278,0.9997540694931978,0.999990985052665,0.9999909832428072,0.9999894293381105,0.9999894271541728,0.2820171711120495,1.1048848429916527,,999.4722477080394,False,False,False,,[]
1086,1086,1087,True,1.0,1.0,1086.0,1087.0,1086.0,1087.0,1087.0,0.0,15.288768000000001,14.6450304,-13.475709908487998,0.5150737762451172,0.5150737762451172,0.0,1.0,0.526623897182299,0.5266252642363533,0.9997540694931978,0.9497540593147278,0.9997540669447139,0.9999909832428072,0.9999909825705892,0.9999894271541728,0.99998942638941,0.09044441584688578,0.3543404108865484,,999.675330244507,False,False,False,,[]
1087,1087,1088,True,1.0,1.0,1087.0,1088.0,1087.0,1088.0,1088.0,0.0,14.6450304,14.0012928,-13.635536456034025,0.5150737762451172,0.5150737762451172,0.0,1.0,0.5266252642363533,0.5266265809292265,0.9997540669447139,0.9497540593147278,0.9997540644902352,0.9999909825705892,0.9999909819200301,0.99998942638941,0.9999894256395881,0.08711365864563239,0.3412867927420027,,999.6709723726281,False,False,False,,[]
1088,1088,1089,True,1.0,1.0,1088.0,1089.0,1088.0,1089.0,1089.0,0.0,14.0012928,13.8403584,60.32582581652924,0.5150737762451172,0.5150737762451172,0.0,1.0,0.5266265809292265,0.5266071330565375,0.9997540644902352,0.9497540593147278,0.9997540275882233,0.9999909819200301,0.9999909795953528,0.9999894256395881,0.9999894224154381,-1.2866222775763076,-5.040888601000908,,972.1130878208998,False,False,False,,[]
1089,1089,1090,True,1.0,1.0,1089.0,1090.0,1089.0,1090.0,1090.0,0.0,13.8403584,14.162227200000002,134.40297640781242,0.5150737762451172,0.5150737762451172,0.0,1.0,0.5266071330565375,0.5265666138739161,0.9997540275882233,0.949753999710083,0.9997539491024585,0.9999909795953528,0.9999909758320715,0.9999894224154381,0.9999894151906686,-2.6804744023913307,-10.502572135475102,,943.9699020461439,False,False,False,,[]
1090,1090,1091,True,1.0,1.0,1090.0,1091.0,1090.0,1091.0,1091.0,0.0,14.162227200000002,14.484096000000001,134.47773398650293,0.515073835849762,0.515073835849762,0.0,1.0,0.5265666138739161,0.5265253599105296,0.9997539491024585,0.9497539401054382,0.9997538691359612,0.9999909758320715,0.999990972103881,0.9999894151906686,0.9999894077957024,-2.7290562958726228,-10.69302730977212,,943.0636898387985,False,False,False,,[]
1091,1091,1092,True,1.0,1.0,1091.0,1092.0,1091.0,1092.0,1092.0,0.0,14.484096000000001,14.0012928,11.030352530221197,0.515073835849762,0.515073835849762,0.0,1.0,0.5265253599105296,0.5265214526627466,0.9997538691359612,0.9497538805007935,0.9997538618338849,0.999990972103881,0.9999909715756395,0.9999894077957024,0.9999894071925481,-0.25850301418716226,-1.0127586253498713,,994.2642375940965,False,False,False,,[]
1092,1092,1093,True,1.0,1.0,1092.0,1093.0,1092.0,1093.0,1093.0,0.0,14.0012928,13.8403584,60.32582581652924,0.515073835849762,0.515073835849762,0.0,1.0,0.5265214526627466,0.5265020047176877,0.9997538618338849,0.9497538208961487,0.9997538249317331,0.9999909715756395,0.999990969250962,0.9999894071925481,0.9999894039683985,-1.2866222519553308,-5.040907359260371,,972.113006421437,False,False,False,,[]
1093,1093,1094,True,1.0,1.0,1093.0,1094.0,1093.0,1094.0,1094.0,0.0,13.8403584,12.874752,-63.235195752187934,0.515073835849762,0.515073835849762,0.0,1.0,0.5265020047176877,0.5265081701843468,0.9997538249317331,0.9497538208961487,0.9997538133838925,0.999990969250962,0.9999909669423926,0.9999894039683985,0.9999894007255045,0.4079239463763113,1.5980889580466664,,999.4595114764662,False,False,False,,[]
1094,1094,1095,True,1.0,1.0,1094.0,1095.0,1094.0,1095.0,1095.0,0.0,12.874752,11.265408,-162.26824317809658,0.515073835849762,0.515073835849762,0.0,1.0,0.5265081701843468,0.5265234399962561,0.9997538133838925,0.9497538208961487,0.9997537845278642,0.9999909669423926,0.9999909626337363,0.9999894007255045,0.9999893932059761,1.0103357742461438,3.957935246869364,,1000.5563337671082,False,False,False,,[]
1095,1095,1096,True,1.0,1.0,1095.0,1096.0,1095.0,1096.0,1096.0,0.0,11.265408,8.04672,-409.63818932073013,0.5150738954544067,0.5150738954544067,0.0,1.0,0.5265234399962561,0.5265566751086764,0.9997537845278642,0.9497537612915039,0.9997537206084645,0.9999909626337363,0.9999909565044766,0.9999893932059761,0.9999893780198348,2.199184106677693,8.614541139354882,,1005.5584974349969,False,False,False,,[]
1096,1096,1097,True,1.0,1.0,1096.0,1097.0,1096.0,1097.0,1097.0,0.0,8.04672,6.759244800000001,-113.69650058894396,0.5150738954544067,0.5150738954544067,0.0,1.0,0.5265566751086764,0.5265622200970613,0.9997537206084645,0.9497537016868591,0.9997537102290739,0.9999909565044766,0.9999909535624414,0.9999893780198348,0.9999893747883607,0.36689190455451826,1.4372609893778263,,998.3363125371131,False,False,False,,[]
1097,1097,1098,True,1.0,1.0,1097.0,1098.0,1097.0,1098.0,1098.0,0.0,6.759244800000001,4.184294400000001,-311.49278073146303,0.5150738954544067,0.5150738954544067,0.0,1.0,0.5265622200970613,0.5265734482771237,0.9997537102290739,0.9497537016868591,0.9997536890944209,0.9999909535624414,0.999990947604862,0.9999893747883607,0.9999893682446717,0.7429508815343604,2.9103442721585058,,996.62487633232,False,False,False,,[]
1098,1098,1099,True,1.0,1.0,1098.0,1099.0,1098.0,1099.0,1099.0,0.0,4.184294400000001,1.609344,-311.72650557518665,0.5150738954544067,0.5150738954544067,0.0,1.0,0.5265734482771237,0.5265793970797598,0.9997536890944209,0.9497537016868591,0.9997536779547506,0.999990947604862,0.9999909444484828,0.9999893682446717,0.9999893647777663,0.39362206539704697,1.541929643259033,,998.2147439690211,False,False,False,,[]
1099,1099,1100,True,1.0,1.0,1099.0,1100.0,1099.0,1100.0,1100.0,0.0,1.609344,0.0,-163.62161313715777,0.5150738954544067,0.5150738954544067,0.0,1.0,0.5265793970797598,0.5265802644324887,0.9997536779547506,0.9497536420822144,0.9997536763386081,0.9999909444484828,0.9999909439882754,0.9999893647777663,0.9999893642722835,0.057391010811978234,0.22481782734061082,,999.7401157366517,False,False,False,,[]
1100,1100,1101,True,1.0,1.0,1100.0,1101.0,1100.0,1101.0,1101.0,0.0,0.0,0.16093440000000003,108.10939152000002,0.5150738954544067,0.5150738954544067,0.0,1.0,0.5265802644324887,0.5265800441015263,0.9997536763386081,0.9497536420822144,0.9997536759283242,0.9999909439882754,0.9999909439578681,0.9999893642722835,0.9999893642388848,-0.014578950945731766,-0.0571097854758811,,999.6749404942776,False,False,False,,[]
1101,1101,1102,True,1.0,1.0,1101.0,1102.0,1101.0,1102.0,1102.0,0.0,0.16093440000000003,0.9656064,206.9286924206284,0.5150738954544067,0.5150738954544067,0.0,1.0,0.5265800441015263,0.526577091999967,0.9997536759283242,0.9497536420822144,0.9997536704164296,0.9999909439578681,0.9999909435504581,0.9999893642388848,0.9999893637913937,-0.19533569189080666,-0.7651847241392731,,995.6607192495715,False,False,False,,[]
1102,1102,1103,True,1.0,1.0,1102.0,1103.0,1102.0,1103.0,1103.0,0.0,0.9656064,2.5749504000000005,330.4600687426233,0.5150738954544067,0.5150738954544067,0.0,1.0,0.526577091999967,0.5265622747459129,0.9997536704164296,0.9497536420822144,0.9997536424280136,0.9999909435504581,0.9999909415056404,0.9999893637913937,0.9999893615454057,-0.9804027513953095,-3.840632250851359,,978.562722946183,False,False,False,,[]
1103,1103,1104,True,1.0,1.0,1103.0,1104.0,1103.0,1104.0,1104.0,0.0,2.5749504000000005,5.793638400000001,577.5550444808762,0.5150738954544067,0.5150738954544067,0.0,1.0,0.5265622747459129,0.5265010558029264,0.9997536424280136,0.9497536420822144,0.9997535214210209,0.9999909415056404,0.9999909330585008,0.9999893615454057,0.9999893522672325,-4.05004246407421,-15.867950022089689,,916.5525172861514,False,False,False,,[]
1104,1104,1105,True,1.0,1.0,1104.0,1105.0,1104.0,1105.0,1105.0,0.0,5.793638400000001,11.104473600000002,898.9404876944359,0.5150739550590515,0.5150739550590515,0.0,1.0,0.5265010558029264,0.5263285449830535,0.9997535214210209,0.9497535228729248,0.9997531585740161,0.9999909330585008,0.9999909134770764,0.9999893522672325,0.9999893231073385,-11.408525389004302,-44.7148045110581,,795.205332421775,False,False,False,,[]
1105,1105,1106,True,1.0,1.0,1105.0,1106.0,1105.0,1106.0,1106.0,0.0,11.104473600000002,16.09344,850.275298131919,0.5150740742683411,0.5150740742683411,0.0,1.0,0.5263285449830535,0.5260951599926892,0.9997531585740161,0.9497531652450562,0.99975268136904,0.9999909134770764,0.9999909005851181,0.9999893231073385,0.9999892787146076,-15.430273113373362,-60.49338950242783,,747.1662726815471,False,False,False,,[]
1106,1106,1107,True,1.0,1.0,1106.0,1107.0,1106.0,1107.0,1107.0,0.0,16.09344,20.599603200000004,777.2864288442245,0.5150741934776306,0.5150741934776306,0.0,1.0,0.5260951599926892,0.52587127240894,0.99975268136904,0.949752688407898,0.9997522214304946,0.9999909005851181,0.9999908823084367,0.9999892787146076,0.9999892593641273,-14.801432017936941,-58.031661707777786,,764.8133251190284,False,False,False,,[]
1107,1107,1108,True,1.0,1.0,1107.0,1108.0,1107.0,1108.0,1108.0,0.0,20.599603200000004,22.530816,383.3814994160722,0.5150743126869202,0.5150743126869202,0.0,1.0,0.52587127240894,0.525752029031344,0.9997522214304946,0.9497522115707397,0.9997519719647304,0.9999908823084367,0.9999908764107301,0.9999892593641273,0.9999892523753862,-7.885224175212415,-30.907883472907322,,864.247165124177,False,False,False,,[]
1108,1108,1109,True,1.0,1.0,1108.0,1109.0,1108.0,1109.0,1109.0,0.0,22.530816,23.335488,211.1389619170789,0.5150744318962097,0.5150744318962097,0.0,1.0,0.525752029031344,0.5256707166601043,0.9997519719647304,0.9497519731521606,0.9997518080499616,0.9999908764107301,0.9999908673205503,0.9999892523753862,0.999989245083549,-5.377395273131348,-21.076166625323733,,897.5968830891097,False,False,False,,[]
1109,1109,1110,True,1.0,1.0,1109.0,1110.0,1109.0,1110.0,1110.0,0.0,23.335488,25.749504,458.49279651258104,0.5150744915008545,0.5150744915008545,0.0,1.0,0.5256707166601043,0.5254953453687177,0.9997518080499616,0.9497517943382263,0.9997514396415452,0.9999908673205503,0.9999908536330508,0.999989245083549,0.999989230057428,-11.59408426106492,-45.45623872743931,,805.8499851250724,False,False,False,,[]
1110,1110,1111,True,1.0,1.0,1110.0,1111.0,1110.0,1111.0,1111.0,0.0,25.749504,29.129126400000004,607.7042300076145,0.5150745511054993,0.5150745511054993,0.0,1.0,0.5254953453687177,0.5252405077898866,0.9997514396415452,0.9497514367103577,0.9997509242725368,0.9999908536330508,0.9999908361455656,0.999989230057428,0.9999892090371001,-16.842493666607957,-66.05390043301988,,743.5594961173248,False,False,False,,[]
1111,1111,1112,True,1.0,1.0,1111.0,1112.0,1111.0,1112.0,1112.0,0.0,29.129126400000004,32.18688,559.8330174877459,0.5150747299194336,0.5150747299194336,0.0,1.0,0.5252405077898866,0.5249928825043184,0.9997509242725368,0.9497509002685547,0.9997504216022391,0.9999908361455656,0.9999908230533467,0.9999892090371001,0.9999891955892639,-16.364665616688644,-64.18447401929389,,755.0404402449186,False,False,False,,[]
1112,1112,1113,True,1.0,1.0,1112.0,1113.0,1112.0,1113.0,1113.0,0.0,32.18688,33.796224,339.0451603368957,0.5150748491287231,0.5150748491287231,0.0,1.0,0.5249928825043184,0.5248216650955817,0.9997504216022391,0.9497504234313965,0.9997500612756725,0.9999908230533467,0.9999908117102962,0.9999891955892639,0.9999891808086385,-11.316872589458871,-44.37955234455023,,810.7842469142516,False,False,False,,[]
1113,1113,1114,True,1.0,1.0,1113.0,1114.0,1113.0,1114.0,1114.0,0.0,33.796224,34.1180928,142.28775275342724,0.5150749683380127,0.5150749683380127,0.0,1.0,0.5248216650955817,0.524742782873366,0.9997500612756725,0.9497500658035278,0.9997499026373414,0.9999908117102962,0.9999908031877749,0.9999891808086385,0.9999891746815273,-5.215083368986752,-20.446271998311673,,901.3916412997545,False,False,False,,[]
1114,1114,1115,True,1.0,1.0,1114.0,1115.0,1114.0,1115.0,1115.0,0.0,34.1180928,34.2790272,117.76428984381701,0.5150750279426575,0.5150750279426575,0.0,1.0,0.524742782873366,0.5246783929905997,0.9997499026373414,0.9497498869895935,0.9997497749671619,0.9999908031877749,0.9999907957355461,0.9999891746815273,0.9999891713971362,-4.257110585426248,-16.68985761302481,,919.2076071981762,False,False,False,,[]
1115,1115,1116,True,1.0,1.0,1115.0,1116.0,1115.0,1116.0,1116.0,0.0,34.2790272,34.4399616,117.85558861089457,0.5150750875473022,0.5150750875473022,0.0,1.0,0.5246783929905997,0.5246134491191299,0.9997497749671619,0.949749767780304,0.9997496461287465,0.9999907957355461,0.9999907880898355,0.9999891713971362,0.9999891681561959,-4.293712190392562,-16.83345148496902,,918.5145647381445,False,False,False,,[]
1116,1116,1117,True,1.0,1.0,1116.0,1117.0,1116.0,1117.0,1117.0,0.0,34.4399616,34.9227648,167.3568600592332,0.5150750875473022,0.5150750875473022,0.0,1.0,0.5246134491191299,0.524522588440285,0.9997496461287465,0.9497496485710144,0.9997494612469747,0.9999907880898355,0.9999907784205968,0.9999891681561959,0.9999891636085211,-6.00666526321878,-23.551087956598572,,890.0235545562456,False,False,False,,[]
1117,1117,1118,True,1.0,1.0,1117.0,1118.0,1117.0,1118.0,1118.0,0.0,34.9227648,36.21024,291.1584807317818,0.515075147151947,0.515075147151947,0.0,1.0,0.524522588440285,0.5243641859338339,0.9997494612469747,0.9497494697570801,0.9997491260830231,0.9999907784205968,0.9999907636266429,0.9999891636085211,0.9999891554947964,-10.46936577871024,-41.057929672101714,,823.1627594052079,False,False,False,,[]
1118,1118,1119,True,1.0,1.0,1118.0,1119.0,1118.0,1119.0,1119.0,0.0,36.21024,37.014912,217.80377191388533,0.5150752663612366,0.5150752663612366,0.0,1.0,0.5243641859338339,0.5242437768348505,0.9997491260830231,0.9497491121292114,0.9997488738910529,0.9999907636266429,0.9999907533296432,0.9999891554947964,0.9999891492467357,-7.958849631123918,-31.21003845651576,,860.4568281162298,False,False,False,,[]
1119,1119,1120,True,1.0,1.0,1119.0,1120.0,1119.0,1120.0,1120.0,0.0,37.014912,38.302387200000005,292.40680340354527,0.5150753259658813,0.5150753259658813,0.0,1.0,0.5242437768348505,0.5240822341408548,0.9997488738910529,0.9497488737106323,0.9997485325295145,0.9999907533296432,0.9999907427168131,0.9999891492467357,0.9999891406189029,-10.67604509811319,-41.87186628369531,,823.0997948469551,False,False,False,,[]
1120,1120,1121,True,1.0,1.0,1120.0,1121.0,1120.0,1121.0,1121.0,0.0,38.302387200000005,39.428928,268.5063203163572,0.5150754451751709,0.5150754451751709,0.0,1.0,0.5240822341408548,0.5239283467977428,0.9997485325295145,0.9497485160827637,0.9997482063123287,0.9999907427168131,0.999990732031495,0.9999891406189029,0.999989132442356,-10.169915530526104,-39.88759933461078,,829.620142561566,False,False,False,,[]
1121,1121,1122,True,1.0,1.0,1121.0,1122.0,1121.0,1122.0,1122.0,0.0,39.428928,40.2336,219.82308582105495,0.5150755643844604,0.5150755643844604,0.0,1.0,0.5239283467977428,0.5237975680652964,0.9997482063123287,0.9497482180595398,0.9997479296088144,0.999990732031495,0.9999907217879317,0.999989132442356,0.9999891255819996,-8.643030290581521,-33.89784745011532,,850.6634723695521,False,False,False,,[]
1122,1122,1123,True,1.0,1.0,1122.0,1123.0,1122.0,1123.0,1123.0,0.0,40.2336,40.0726656,72.12613775640035,0.5150756239891052,0.5150756239891052,0.0,1.0,0.5237975680652964,0.5237491494369403,0.9997479296088144,0.9497479200363159,0.9997478350942298,0.9999907217879317,0.9999907166716085,0.9999891255819996,0.999989120976033,-3.2006764181198797,-12.550108469913686,,936.6870932660405,False,False,False,,[]
1123,1123,1124,True,1.0,1.0,1123.0,1124.0,1123.0,1124.0,1124.0,0.0,40.0726656,39.911731200000006,72.01894226281757,0.51507568359375,0.51507568359375,0.0,1.0,0.5237491494369403,0.5237009075997636,0.9997478350942298,0.9497478008270264,0.9997477409410319,0.9999907166716085,0.9999907115732484,0.999989120976033,0.99998911633784,-3.18901794950562,-12.504284196198466,,936.8614322441513,False,False,False,,[]
1124,1124,1125,True,1.0,1.0,1124.0,1125.0,1124.0,1125.0,1125.0,0.0,39.911731200000006,40.2336,146.02649097049067,0.51507568359375,0.51507568359375,0.0,1.0,0.5237009075997636,0.5236110840495816,0.9997477409410319,0.9497477412223816,0.9997475583549359,0.9999907115732484,0.9999907029970656,0.99998911633784,0.9999891117529485,-5.93703995027768,-23.28226420717688,,891.8671431537309,False,False,False,,[]
1125,1125,1126,True,1.0,1.0,1125.0,1126.0,1125.0,1126.0,1126.0,0.0,40.2336,40.8773376,195.64999535639973,0.5150757431983948,0.5150757431983948,0.0,1.0,0.5236110840495816,0.5234864675109941,0.9997475583549359,0.9497475624084473,0.9997472962741462,0.9999907029970656,0.999990692957546,0.9999891117529485,0.9999891008319464,-8.23575419659955,-32.30060680186211,,853.3987728988094,False,False,False,,[]
1126,1126,1127,True,1.0,1.0,1126.0,1127.0,1126.0,1127.0,1127.0,0.0,40.8773376,41.521075200000006,196.08307374330025,0.5150758028030396,0.5150758028030396,0.0,1.0,0.5234864675109941,0.5233505755616695,0.9997472962741462,0.9497472643852234,0.9997470073101984,0.999990692957546,0.9999906829273212,0.9999891008319464,0.9999890828733803,-8.980387162529201,-35.22319326493982,,838.3795855111724,False,False,False,,[]
1127,1127,1128,True,1.0,1.0,1127.0,1128.0,1127.0,1128.0,1128.0,0.0,41.521075200000006,41.842944,147.11348335030897,0.5150759220123291,0.5150759220123291,0.0,1.0,0.5233505755616695,0.5232463287237837,0.9997470073101984,0.9497469663619995,0.9997467923944696,0.9999906829273212,0.9999906741481618,0.9999890828733803,0.9999890695941109,-6.889611817410223,-27.020780380003238,,871.2343208963234,False,False,False,,[]
1128,1128,1129,True,1.0,1.0,1128.0,1129.0,1128.0,1129.0,1129.0,0.0,41.842944,42.4866816,196.74558056135297,0.5150759816169739,0.5150759816169739,0.0,1.0,0.5232463287237837,0.5231146355785644,0.9997467923944696,0.9497467875480652,0.9997465135068629,0.9999906741481618,0.9999906640512402,0.9999890695941109,0.9999890565777575,-8.702639971408649,-34.13486324083967,,845.5264011387778,False,False,False,,[]
1129,1129,1130,True,1.0,1.0,1129.0,1130.0,1129.0,1130.0,1130.0,0.0,42.4866816,42.80855040000001,147.78630155852895,0.5150760412216187,0.5150760412216187,0.0,1.0,0.5231146355785644,0.52301075987315,0.9997465135068629,0.9497464895248413,0.9997462994339993,0.9999906640512402,0.9999906551762471,0.9999890565777575,0.9999890450506147,-6.864808392125919,-26.92458284340293,,872.8401686171496,False,False,False,,[]
1130,1130,1131,True,1.0,1.0,1130.0,1131.0,1130.0,1131.0,1131.0,0.0,42.80855040000001,43.2913536,172.71878294465438,0.5150761008262634,0.5150761008262634,0.0,1.0,0.52301075987315,0.52289078475837,0.9997462994339993,0.949746310710907,0.9997460482576516,0.9999906551762471,0.9999906455126113,0.9999890450506147,0.9999890325273262,-7.928255848124872,-31.097549750977432,,856.6927210355951,False,False,False,,[]
1131,1131,1132,True,1.0,1.0,1131.0,1132.0,1131.0,1132.0,1132.0,0.0,43.2913536,43.452288,123.65402701327396,0.515076220035553,0.515076220035553,0.0,1.0,0.52289078475837,0.5228007592401704,0.9997460482576516,0.9497460126876831,0.9997458652248513,0.9999906455126113,0.999990637481168,0.9999890325273262,0.9999890220496797,-5.949552318119068,-23.334614317320757,,887.4390989271524,False,False,False,,[]
1132,1132,1133,True,1.0,1.0,1132.0,1133.0,1132.0,1133.0,1133.0,0.0,43.452288,43.452288,99.06504381199298,0.5150762796401978,0.5150762796401978,0.0,1.0,0.5228007592401704,0.5227268182062607,0.9997458652248513,0.9497458338737488,0.9997457172406954,0.999990637481168,0.9999906304848951,0.9999890220496797,0.9999890130587906,-4.886785537961474,-19.165515989413045,,905.2013318528147,False,False,False,,[]
1133,1133,1134,True,1.0,1.0,1133.0,1134.0,1133.0,1134.0,1134.0,0.0,43.452288,43.452288,99.06504381199298,0.5150762796401978,0.5150762796401978,0.0,1.0,0.5227268182062607,0.5226528772081659,0.9997457172406954,0.9497457146644592,0.9997455692566163,0.9999906304848951,0.9999906234886222,0.9999890130587906,0.9999890040679016,-4.886785537961474,-19.165506706176785,,905.2013674944226,False,False,False,,[]
1134,1134,1135,True,1.0,1.0,1134.0,1135.0,1134.0,1135.0,1135.0,0.0,43.452288,43.2913536,74.36027229199233,0.5150763392448425,0.5150763392448425,0.0,1.0,0.5226528772081659,0.5225962161348595,0.9997455692566163,0.9497455358505249,0.9997454577570961,0.9999906234886222,0.9999906178726292,0.9999890040679016,0.9999889968941629,-3.744955110403412,-14.686550201025556,,925.411159934404,False,False,False,,[]
1135,1135,1136,True,1.0,1.0,1135.0,1136.0,1135.0,1136.0,1136.0,0.0,43.2913536,43.130419200000006,74.24448397327461,0.5150763988494873,0.5150763988494873,0.0,1.0,0.5225962161348595,0.5225398385425356,0.9997454577570961,0.9497454166412354,0.9997453468461812,0.9999906178726292,0.9999906122788578,0.9999889968941629,0.9999889897561328,-3.7262517856045587,-14.61307193035245,,925.754073983671,False,False,False,,[]
1136,1136,1137,True,1.0,1.0,1136.0,1137.0,1136.0,1137.0,1137.0,0.0,43.130419200000006,43.130419200000006,98.83389681581048,0.5150763988494873,0.5150763988494873,0.0,1.0,0.5225398385425356,0.522466601789019,0.9997453468461812,0.9497453570365906,0.9997452003725099,0.9999906122788578,0.9999906053454917,0.9999889897561328,0.9999889808472573,-4.840331497527183,-18.982966511482537,,906.0216682126085,False,False,False,,[]
1137,1137,1138,True,1.0,1.0,1137.0,1138.0,1137.0,1138.0,1138.0,0.0,43.130419200000006,42.647616,24.719582255809495,0.5150764584541321,0.5150764584541321,0.0,1.0,0.522466601789019,0.5224472939186231,0.9997452003725099,0.9497451782226562,0.9997451637411674,0.9999906053454917,0.99999060322518,0.9999889808472573,0.9999889783552061,-1.2763045738546006,-5.004600006625167,,973.1570513365466,False,False,False,,[]
1138,1138,1139,True,1.0,1.0,1138.0,1139.0,1138.0,1139.0,1139.0,0.0,42.647616,42.4866816,73.78562711096241,0.5150764584541321,0.5150764584541321,0.0,1.0,0.5224472939186231,0.5223920302883327,0.9997451637411674,0.9497451782226562,0.9997450551401486,0.99999060322518,0.9999905977201554,0.9999889783552061,0.9999889713514812,-3.652754672465505,-14.324332971260711,,927.0998390184764,False,False,False,,[]
1139,1139,1140,True,1.0,1.0,1139.0,1140.0,1139.0,1140.0,1140.0,0.0,42.4866816,41.842944,-0.44232756147110913,0.5150764584541321,0.5150764584541321,0.0,1.0,0.5223920302883327,0.5223922239180016,0.9997450551401486,0.9497450590133667,0.9997450547795952,0.9999905977201554,0.9999905977068511,0.9999889713514812,0.9999889713076419,0.012800653194148248,0.05018881016704038,,1000.1004406854892,False,False,False,,[]
1140,1140,1141,True,1.0,1.0,1140.0,1141.0,1140.0,1141.0,1141.0,0.0,41.842944,41.038272000000006,-25.597363118646086,0.5150764584541321,0.5150764584541321,0.0,1.0,0.5223922239180016,0.522401204298392,0.9997450547795952,0.9497450590133667,0.9997450379130748,0.9999905977068511,0.9999905955906739,0.9999889713076419,0.9999889678609803,0.5937215516148878,2.327714597186976,,1001.7338908899106,False,False,False,,[]
1141,1141,1142,True,1.0,1.0,1141.0,1142.0,1141.0,1142.0,1142.0,0.0,41.038272000000006,39.58986240000001,-124.96961231683248,0.5150765180587769,0.5150765180587769,0.0,1.0,0.522401204298392,0.5224556424232276,0.9997450379130748,0.9497449994087219,0.9997449310206509,0.9999905955906739,0.9999905878105416,0.9999889678609803,0.9999889635861011,3.5997337170522314,14.11036195740449,,1032.7312509415847,False,False,False,,[]
1142,1142,1143,True,1.0,1.0,1142.0,1143.0,1142.0,1143.0,1143.0,0.0,39.58986240000001,37.819584000000006,-175.34778157039034,0.5150765180587769,0.5150765180587769,0.0,1.0,0.5224556424232276,0.5225303348632447,0.9997449310206509,0.9497449398040771,0.9997447814227198,0.9999905878105416,0.999990578416725,0.9999889635861011,0.9999889582685377,4.939652014291398,19.36028045244781,,1047.1437377082364,False,False,False,,[]
1143,1143,1144,True,1.0,1.0,1143.0,1144.0,1143.0,1144.0,1144.0,0.0,37.819584000000006,34.600896000000006,-398.8273411953734,0.5150765776634216,0.5150765776634216,0.0,1.0,0.5225303348632447,0.5226930334388216,0.9997447814227198,0.9497447609901428,0.9997444377850312,0.999990578416725,0.9999905625164972,0.9999889582685377,0.9999889469532732,10.763451102224158,42.17147078951063,,1112.4947014990205,False,False,False,,[]
1144,1144,1145,True,1.0,1.0,1144.0,1145.0,1144.0,1145.0,1145.0,0.0,34.600896000000006,32.18688,-277.2368692511746,0.5150766968727112,0.5150766968727112,0.0,1.0,0.5226930334388216,0.5227911509705703,0.9997444377850312,0.9497444033622742,0.9997442367147659,0.9999905625164972,0.999990550802071,0.9999889469532732,0.9999889337292868,6.490365666627581,25.43206422925532,,1056.0466030519526,False,False,False,,[]
1145,1145,1146,True,1.0,1.0,1145.0,1146.0,1145.0,1146.0,1146.0,0.0,32.18688,28.163520000000002,-525.6218428631047,0.515076756477356,0.515076756477356,0.0,1.0,0.5227911509705703,0.5229705636814078,0.9997442367147659,0.9497442245483398,0.999743860478984,0.999990550802071,0.9999905341606159,0.9999889337292868,0.9999889213021298,11.87180489555762,46.50377464907897,,1127.040603544424,False,False,False,,[]
1146,1146,1147,True,1.0,1.0,1146.0,1147.0,1146.0,1147.0,1147.0,0.0,28.163520000000002,25.749504,-280.58807105456407,0.5150768160820007,0.5150768160820007,0.0,1.0,0.5229705636814078,0.5230572265309336,0.999743860478984,0.9497438669204712,0.9997436848615577,0.9999905341606159,0.9999905273911133,0.9999889213021298,0.9999889153758648,5.733417745485095,22.46301059706239,,1059.7770860573817,False,False,False,,[]
1147,1147,1148,True,1.0,1.0,1147.0,1148.0,1147.0,1148.0,1148.0,0.0,25.749504,22.530816,-405.19140231238646,0.5150768756866455,0.5150768756866455,0.0,1.0,0.5230572265309336,0.5231642393368565,0.9997436848615577,0.9497436881065369,0.9997434636457281,0.9999905273911133,0.9999905140239681,0.9999889153758648,0.9999889067815606,7.080593396842889,27.737719295232417,,1067.1558778210817,False,False,False,,[]
1148,1148,1149,True,1.0,1.0,1148.0,1149.0,1148.0,1149.0,1149.0,0.0,22.530816,17.2199808,-727.6423558429215,0.5150769948959351,0.5150769948959351,0.0,1.0,0.5231642393368565,0.5233323304128156,0.9997434636457281,0.9497434496879578,0.9997431094260604,0.9999905140239681,0.9999905037074202,0.9999889067815606,0.9999888954502062,11.12475516545587,43.5692068885973,,1124.886226399771,False,False,False,,[]
1149,1149,1150,True,1.0,1.0,1149.0,1150.0,1149.0,1150.0,1150.0,0.0,17.2199808,11.909145600000002,-729.3933587851911,0.5150770545005798,0.5150770545005798,0.0,1.0,0.5233323304128156,0.5234274058529998,0.9997431094260604,0.9497430920600891,0.999742915168858,0.9999905037074202,0.9999904934861541,0.9999888954502062,0.9999888546649397,6.291484394381525,24.643554095768373,,1025.265817678532,False,False,False,,[]
1150,1150,1151,True,1.0,1.0,1150.0,1151.0,1150.0,1151.0,1151.0,0.0,11.909145600000002,6.5983104,-730.6764823987593,0.5150771141052246,0.5150771141052246,0.0,1.0,0.5234274058529998,0.5234849934623831,0.999742915168858,0.9497429132461548,0.9997428017433073,0.9999904934861541,0.9999904838395925,0.9999888546649397,0.9999888287060662,3.8105418671891185,14.926708352146168,,1010.7540381368495,False,False,False,,[]
1151,1151,1152,True,1.0,1.0,1151.0,1152.0,1151.0,1152.0,1152.0,0.0,6.5983104,1.2874752000000003,-731.4917266836218,0.5150771737098694,0.5150771737098694,0.0,1.0,0.5234849934623831,0.523503994934447,0.9997428017433073,0.9497427940368652,0.9997427657040749,0.9999904838395925,0.9999904737581843,0.9999888287060662,0.9999888176329893,1.257212534892491,4.92518155896406,,994.2760162726055,False,False,False,,[]
1152,1152,1153,True,1.0,1.0,1152.0,1153.0,1152.0,1153.0,1153.0,0.0,1.2874752000000003,0.0,-114.219803639781,0.5150771737098694,0.5150771737098694,0.0,1.0,0.523503994934447,0.5235044793627931,0.9997427657040749,0.9497427344322205,0.9997427648017754,0.9999904737581843,0.999990473501176,0.9999888176329893,0.9999888173507001,0.032050484578160156,0.12556382731443796,,999.8549219444105,False,False,False,,[]
1153,1153,1154,True,1.0,1.0,1153.0,1154.0,1153.0,1154.0,1154.0,0.0,0.0,0.0,83.40462000000002,0.5150771737098694,0.5150771737098694,0.0,1.0,0.5235044793627931,0.5235044793627931,0.9997427648017754,0.9497427344322205,0.9997427648017754,0.999990473501176,0.999990473501176,0.9999888173507001,0.9999888173507001,-0.0,0.0,,1000.0,False,False,False,,[]
1154,1154,1155,True,1.0,1.0,1154.0,1155.0,1154.0,1155.0,1155.0,0.0,0.0,0.0,83.40462000000002,0.5150771737098694,0.5150771737098694,0.0,1.0,0.5235044793627931,0.5235044793627931,0.9997427648017754,0.9497427344322205,0.9997427648017754,0.999990473501176,0.999990473501176,0.9999888173507001,0.9999888173507001,-0.0,0.0,,1000.0,False,False,False,,[]
1155,1155,1156,True,1.0,1.0,1155.0,1156.0,1155.0,1156.0,1156.0,0.0,0.0,0.0,83.40462000000002,0.5150771737098694,0.5150771737098694,0.0,1.0,0.5235044793627931,0.5235044793627931,0.9997427648017754,0.9497427344322205,0.9997427648017754,0.999990473501176,0.999990473501176,0.9999888173507001,0.9999888173507001,-0.0,0.0,,1000.0,False,False,False,,[]
1156,1156,1157,True,1.0,1.0,1156.0,1157.0,1156.0,1157.0,1157.0,0.0,0.0,0.0,83.40462000000002,0.5150771737098694,0.5150771737098694,0.0,1.0,0.5235044793627931,0.5235044793627931,0.9997427648017754,0.9497427344322205,0.9997427648017754,0.999990473501176,0.999990473501176,0.9999888173507001,0.9999888173507001,-0.0,0.0,,1000.0,False,False,False,,[]
1157,1157,1158,True,1.0,1.0,1157.0,1158.0,1157.0,1158.0,1158.0,0.0,0.0,0.0,83.40462000000002,0.5150771737098694,0.5150771737098694,0.0,1.0,0.5235044793627931,0.5235044793627931,0.9997427648017754,0.9497427344322205,0.9997427648017754,0.999990473501176,0.999990473501176,0.9999888173507001,0.9999888173507001,-0.0,0.0,,1000.0,False,False,False,,[]
1158,1158,1159,True,1.0,1.0,1158.0,1159.0,1158.0,1159.0,1159.0,0.0,0.0,0.0,83.40462000000002,0.5150771737098694,0.5150771737098694,0.0,1.0,0.5235044793627931,0.5235044793627931,0.9997427648017754,0.9497427344322205,0.9997427648017754,0.999990473501176,0.999990473501176,0.9999888173507001,0.9999888173507001,-0.0,0.0,,1000.0,False,False,False,,[]
1159,1159,1160,True,1.0,1.0,1159.0,1160.0,1159.0,1160.0,1160.0,0.0,0.0,0.0,83.40462000000002,0.5150771737098694,0.5150771737098694,0.0,1.0,0.5235044793627931,0.5235044793627931,0.9997427648017754,0.9497427344322205,0.9997427648017754,0.999990473501176,0.999990473501176,0.9999888173507001,0.9999888173507001,-0.0,0.0,,1000.0,False,False,False,,[]
1160,1160,1161,True,1.0,1.0,1160.0,1161.0,1160.0,1161.0,1161.0,0.0,0.0,0.0,83.40462000000002,0.5150771737098694,0.5150771737098694,0.0,1.0,0.5235044793627931,0.5235044793627931,0.9997427648017754,0.9497427344322205,0.9997427648017754,0.999990473501176,0.999990473501176,0.9999888173507001,0.9999888173507001,-0.0,0.0,,1000.0,False,False,False,,[]
1161,1161,1162,True,1.0,1.0,1161.0,1162.0,1161.0,1162.0,1162.0,0.0,0.0,0.0,83.40462000000002,0.5150771737098694,0.5150771737098694,0.0,1.0,0.5235044793627931,0.5235044793627931,0.9997427648017754,0.9497427344322205,0.9997427648017754,0.999990473501176,0.999990473501176,0.9999888173507001,0.9999888173507001,-0.0,0.0,,1000.0,False,False,False,,[]
1162,1162,1163,True,1.0,1.0,1162.0,1163.0,1162.0,1163.0,1163.0,0.0,0.0,0.0,83.40462000000002,0.5150771737098694,0.5150771737098694,0.0,1.0,0.5235044793627931,0.5235044793627931,0.9997427648017754,0.9497427344322205,0.9997427648017754,0.999990473501176,0.999990473501176,0.9999888173507001,0.9999888173507001,-0.0,0.0,,1000.0,False,False,False,,[]
1163,1163,1164,True,1.0,1.0,1163.0,1164.0,1163.0,1164.0,1164.0,0.0,0.0,0.0,83.40462000000002,0.5150771737098694,0.5150771737098694,0.0,1.0,0.5235044793627931,0.5235044793627931,0.9997427648017754,0.9497427344322205,0.9997427648017754,0.999990473501176,0.999990473501176,0.9999888173507001,0.9999888173507001,-0.0,0.0,,1000.0,False,False,False,,[]
1164,1164,1165,True,1.0,1.0,1164.0,1165.0,1164.0,1165.0,1165.0,0.0,0.0,0.0,83.40462000000002,0.5150771737098694,0.5150771737098694,0.0,1.0,0.5235044793627931,0.5235044793627931,0.9997427648017754,0.9497427344322205,0.9997427648017754,0.999990473501176,0.999990473501176,0.9999888173507001,0.9999888173507001,-0.0,0.0,,1000.0,False,False,False,,[]
1165,1165,1166,True,1.0,1.0,1165.0,1166.0,1165.0,1166.0,1166.0,0.0,0.0,0.0,83.40462000000002,0.5150771737098694,0.5150771737098694,0.0,1.0,0.5235044793627931,0.5235044793627931,0.9997427648017754,0.9497427344322205,0.9997427648017754,0.999990473501176,0.999990473501176,0.9999888173507001,0.9999888173507001,-0.0,0.0,,1000.0,False,False,False,,[]
1166,1166,1167,True,1.0,1.0,1166.0,1167.0,1166.0,1167.0,1167.0,0.0,0.0,0.0,83.40462000000002,0.5150771737098694,0.5150771737098694,0.0,1.0,0.5235044793627931,0.5235044793627931,0.9997427648017754,0.9497427344322205,0.9997427648017754,0.999990473501176,0.999990473501176,0.9999888173507001,0.9999888173507001,-0.0,0.0,,1000.0,False,False,False,,[]
1167,1167,1168,True,1.0,1.0,1167.0,1168.0,1167.0,1168.0,1168.0,0.0,0.0,0.0,83.40462000000002,0.5150771737098694,0.5150771737098694,0.0,1.0,0.5235044793627931,0.5235044793627931,0.9997427648017754,0.9497427344322205,0.9997427648017754,0.999990473501176,0.999990473501176,0.9999888173507001,0.9999888173507001,-0.0,0.0,,1000.0,False,False,False,,[]
1168,1168,1169,True,1.0,1.0,1168.0,1169.0,1168.0,1169.0,1169.0,0.0,0.0,3.3796224000000006,602.2048219200002,0.5150771737098694,0.5150771737098694,0.0,1.0,0.5235044793627931,0.5234787044418349,0.9997427648017754,0.9497427344322205,0.9997427155906418,0.999990473501176,0.9999904699442139,0.9999888173507001,0.9999888134438537,-1.7054004571382975,-6.6808595123795325,,963.2428059657086,False,False,False,,[]
1169,1169,1170,True,1.0,1.0,1169.0,1170.0,1169.0,1170.0,1170.0,0.0,3.3796224000000006,8.690457600000002,898.7568160571348,0.5150771737098694,0.5150771737098694,0.0,1.0,0.5234787044418349,0.5233412711723996,0.9997427155906418,0.9497426748275757,0.9997424229082125,0.9999904699442139,0.9999904509850507,0.9999888134438537,0.9999887926197519,-9.090050838239401,-35.62270343761134,,828.8542207481968,False,False,False,,[]
1170,1170,1171,True,1.0,1.0,1170.0,1171.0,1170.0,1171.0,1171.0,0.0,8.690457600000002,14.0012928,899.2884971124795,0.5150772929191589,0.5150772929191589,0.0,1.0,0.5233412711723996,0.5231403963579494,0.9997424229082125,0.9497424364089966,0.9997420057103678,0.9999904509850507,0.9999904437066179,0.9999887926197519,0.9999887534472904,-13.282815185329103,-52.066751905495,,775.7678106034557,False,False,False,,[]
1171,1171,1172,True,1.0,1.0,1171.0,1172.0,1171.0,1172.0,1172.0,0.0,14.0012928,19.312128,900.2880574965296,0.5150774121284485,0.5150774121284485,0.0,1.0,0.5231403963579494,0.5229062295520166,0.9997420057103678,0.9497420191764832,0.9997415270940058,0.9999904437066179,0.9999904330093798,0.9999887534472904,0.9999887255970639,-15.48139152861162,-60.69603609778864,,757.2453766978327,False,False,False,,[]
1172,1172,1173,True,1.0,1.0,1172.0,1173.0,1172.0,1173.0,1173.0,0.0,19.312128,24.622963200000004,901.7554972092832,0.515077531337738,0.515077531337738,0.0,1.0,0.5229062295520166,0.5226216090506792,0.9997415270940058,0.949741542339325,0.9997409607577276,0.9999904330093798,0.9999904188784294,0.9999887255970639,0.9999887100761294,-18.81230294871377,-73.77363394663547,,729.4446080123689,False,False,False,,[]
1173,1173,1174,True,1.0,1.0,1173.0,1174.0,1173.0,1174.0,1174.0,0.0,24.622963200000004,29.933798400000004,903.6908162507398,0.5150777101516724,0.5150777101516724,0.0,1.0,0.5226216090506792,0.5222631511232257,0.9997409607577276,0.9497409462928772,0.9997402791325728,0.9999904188784294,0.999990397776562,0.9999887100761294,0.9999886907615247,-23.684517663376976,-92.91229479593022,,681.6461056350523,False,False,False,,[]
1174,1174,1175,True,1.0,1.0,1174.0,1175.0,1174.0,1175.0,1175.0,0.0,29.933798400000004,33.957158400000004,708.4558424609021,0.5150778889656067,0.5150778889656067,0.0,1.0,0.5222631511232257,0.5219292844574056,0.9997402791325728,0.9497402906417847,0.9997396340560988,0.999990397776562,0.99999037840321,0.9999886907615247,0.9999886683636439,-22.058296716362403,-86.53823978058259,,694.3742615170275,False,False,False,,[]
1175,1175,1176,True,1.0,1.0,1175.0,1176.0,1175.0,1176.0,1176.0,0.0,33.957158400000004,37.014912,562.3593080779934,0.5150781273841858,0.5150781273841858,0.0,1.0,0.5219292844574056,0.5216397450756932,0.9997396340560988,0.9497396349906921,0.9997390595373279,0.99999037840321,0.9999903618680648,0.9999886683636439,0.9999886527279067,-19.129887058251306,-75.04860773985178,,725.0779079007056,False,False,False,,[]
1176,1176,1177,True,1.0,1.0,1176.0,1177.0,1176.0,1177.0,1177.0,0.0,37.014912,37.819584000000006,218.2924888435453,0.5150783061981201,0.5150783061981201,0.0,1.0,0.5216397450756932,0.521516744595274,0.9997390595373279,0.9497390389442444,0.9997388012639038,0.9999903618680648,0.9999903515608181,0.9999886527279067,0.9999886463282384,-8.130074845411022,-31.88172452467594,,857.9752859189747,False,False,False,,[]
1177,1177,1178,True,1.0,1.0,1177.0,1178.0,1177.0,1178.0,1178.0,0.0,37.819584000000006,37.014912,-28.255768395373284,0.5150783658027649,0.5150783658027649,0.0,1.0,0.521516744595274,0.5215258445844004,0.9997388012639038,0.9497388005256653,0.9997387841707401,0.9999903515608181,0.9999903494468017,0.9999886463282384,0.9999886430871614,0.6017237535070571,2.3587171815662598,,1002.039731426747,False,False,False,,[]
1178,1178,1179,True,1.0,1.0,1178.0,1179.0,1178.0,1179.0,1179.0,0.0,37.014912,36.21024,-28.755226356456344,0.5150783658027649,0.5150783658027649,0.0,1.0,0.5215258445844004,0.5215348829192372,0.9997387841707401,0.9497388005256653,0.99973876719441,0.9999903494468017,0.9999903473264942,0.9999886430871614,0.9999886398486456,0.5976674054173189,2.3427363896873445,,1001.9858141933832,False,False,False,,[]
1179,1179,1180,True,1.0,1.0,1179.0,1180.0,1179.0,1180.0,1180.0,0.0,36.21024,32.18688,-523.3393736861148,0.5150783658027649,0.5150783658027649,0.0,1.0,0.5215348829192372,0.5217381408659381,0.99973876719441,0.9497387409210205,0.9997383455125873,0.9999903473264942,0.999990333249917,0.9999886398486456,0.9999886213418445,13.449270440502263,52.68445978486621,,1147.455338951628,False,False,False,,[]
1180,1180,1181,True,1.0,1.0,1180.0,1181.0,1180.0,1181.0,1181.0,0.0,32.18688,26.8760448,-723.260015023105,0.5150784850120544,0.5150784850120544,0.0,1.0,0.5217381408659381,0.5219836595626427,0.9997383455125873,0.9497383236885071,0.9997378465768207,0.999990333249917,0.9999903150916752,0.9999886213418445,0.9999886046068304,16.249621237206405,63.638446185850185,,1191.514317317438,False,False,False,,[]
1181,1181,1182,True,1.0,1.0,1181.0,1182.0,1181.0,1182.0,1182.0,0.0,26.8760448,21.565209600000003,-725.8617076539268,0.5150786638259888,0.5150786638259888,0.0,1.0,0.5219836595626427,0.5221842733359654,0.9997378465768207,0.9497378468513489,0.9997374298709342,0.9999903150916752,0.9999903022167198,0.9999886046068304,0.99998858656551,13.27742914634812,51.999090045240436,,1146.824380489292,False,False,False,,[]
1182,1182,1183,True,1.0,1.0,1182.0,1183.0,1182.0,1183.0,1183.0,0.0,21.565209600000003,16.2543744,-727.9955209560479,0.5150787830352783,0.5150787830352783,0.0,1.0,0.5221842733359654,0.5223442764375331,0.9997374298709342,0.9497374296188354,0.9997370915454468,0.9999903022167198,0.9999902923965827,0.99998858656551,0.999988575779474,10.589418367854238,41.47280392635183,,1118.0234521180594,False,False,False,,[]
1183,1183,1184,True,1.0,1.0,1183.0,1184.0,1183.0,1184.0,1184.0,0.0,16.2543744,10.9435392,-729.661454929463,0.5150789022445679,0.5150789022445679,0.0,1.0,0.5223442764375331,0.5224314183823069,0.9997370915454468,0.9497370719909668,0.9997369148743773,0.9999902923965827,0.9999902810656387,0.999988575779474,0.999988537684351,5.766448901411397,22.58719208536454,,1020.458947679124,False,False,False,,[]
1184,1184,1185,True,1.0,1.0,1184.0,1185.0,1184.0,1185.0,1185.0,0.0,10.9435392,5.632704,-730.8595095741748,0.5150789022445679,0.5150789022445679,0.0,1.0,0.5224314183823069,0.5224746757043849,0.9997369148743773,0.9497368931770325,0.9997368308600868,0.9999902810656387,0.9999902634862431,0.999988537684351,0.9999885144284915,2.8622224615071294,11.212297882610207,,994.0561781118921,False,False,False,,[]
1185,1185,1186,True,1.0,1.0,1185.0,1186.0,1185.0,1186.0,1186.0,0.0,5.632704,0.32186880000000007,-731.5896848901825,0.5150789618492126,0.5150789618492126,0.0,1.0,0.5224746757043849,0.5224890257896808,0.9997368308600868,0.9497368335723877,0.9997368037664941,0.9999902634862431,0.9999902558727053,0.9999885144284915,0.9999885060660996,0.9494508801657705,3.7195421086954457,,995.683509202118,False,False,False,,[]
1186,1186,1187,True,1.0,1.0,1186.0,1187.0,1186.0,1187.0,1187.0,0.0,0.32186880000000007,0.0,33.99593624251369,0.5150789618492126,0.5150789618492126,0.0,1.0,0.5224890257896808,0.5224888872055191,0.9997368037664941,0.9497367739677429,0.9997368035084536,0.9999902558727053,0.9999902558535815,0.9999885060660996,0.9999885060450948,-0.00916895525662342,-0.03592101471612765,,999.7955250419342,False,False,False,,[]
1187,1187,1188,True,1.0,1.0,1187.0,1188.0,1187.0,1188.0,1188.0,0.0,0.0,0.0,83.40462000000002,0.5150789618492126,0.5150789618492126,0.0,1.0,0.5224888872055191,0.5224888872055191,0.9997368035084536,0.9497367739677429,0.9997368035084536,0.9999902558535815,0.9999902558535815,0.9999885060450948,0.9999885060450948,-0.0,0.0,,1000.0,False,False,False,,[]
1188,1188,1189,True,1.0,1.0,1188.0,1189.0,1188.0,1189.0,1189.0,0.0,0.0,0.0,83.40462000000002,0.5150789618492126,0.5150789618492126,0.0,1.0,0.5224888872055191,0.5224888872055191,0.9997368035084536,0.9497367739677429,0.9997368035084536,0.9999902558535815,0.9999902558535815,0.9999885060450948,0.9999885060450948,-0.0,0.0,,1000.0,False,False,False,,[]
1189,1189,1190,True,1.0,1.0,1189.0,1190.0,1189.0,1190.0,1190.0,0.0,0.0,0.0,83.40462000000002,0.5150789618492126,0.5150789618492126,0.0,1.0,0.5224888872055191,0.5224888872055191,0.9997368035084536,0.9497367739677429,0.9997368035084536,0.9999902558535815,0.9999902558535815,0.9999885060450948,0.9999885060450948,-0.0,0.0,,1000.0,False,False,False,,[]
1190,1190,1191,True,1.0,1.0,1190.0,1191.0,1190.0,1191.0,1191.0,0.0,0.0,0.0,83.40462000000002,0.5150789618492126,0.5150789618492126,0.0,1.0,0.5224888872055191,0.5224888872055191,0.9997368035084536,0.9497367739677429,0.9997368035084536,0.9999902558535815,0.9999902558535815,0.9999885060450948,0.9999885060450948,-0.0,0.0,,1000.0,False,False,False,,[]
1191,1191,1192,True,1.0,1.0,1191.0,1192.0,1191.0,1192.0,1192.0,0.0,0.0,0.0,83.40462000000002,0.5150789618492126,0.5150789618492126,0.0,1.0,0.5224888872055191,0.5224888872055191,0.9997368035084536,0.9497367739677429,0.9997368035084536,0.9999902558535815,0.9999902558535815,0.9999885060450948,0.9999885060450948,-0.0,0.0,,1000.0,False,False,False,,[]
1192,1192,1193,True,1.0,1.0,1192.0,1193.0,1192.0,1193.0,1193.0,0.0,0.0,0.0,83.40462000000002,0.5150789618492126,0.5150789618492126,0.0,1.0,0.5224888872055191,0.5224888872055191,0.9997368035084536,0.9497367739677429,0.9997368035084536,0.9999902558535815,0.9999902558535815,0.9999885060450948,0.9999885060450948,-0.0,0.0,,1000.0,False,False,False,,[]
1193,1193,1194,True,1.0,1.0,1193.0,1194.0,1193.0,1194.0,1194.0,0.0,0.0,0.0,83.40462000000002,0.5150789618492126,0.5150789618492126,0.0,1.0,0.5224888872055191,0.5224888872055191,0.9997368035084536,0.9497367739677429,0.9997368035084536,0.9999902558535815,0.9999902558535815,0.9999885060450948,0.9999885060450948,-0.0,0.0,,1000.0,False,False,False,,[]
1194,1194,1195,True,1.0,1.0,1194.0,1195.0,1194.0,1195.0,1195.0,0.0,0.0,0.0,83.40462000000002,0.5150789618492126,0.5150789618492126,0.0,1.0,0.5224888872055191,0.5224888872055191,0.9997368035084536,0.9497367739677429,0.9997368035084536,0.9999902558535815,0.9999902558535815,0.9999885060450948,0.9999885060450948,-0.0,0.0,,1000.0,False,False,False,,[]
1195,1195,1196,True,1.0,1.0,1195.0,1196.0,1195.0,1196.0,1196.0,0.0,0.0,0.0,83.40462000000002,0.5150789618492126,0.5150789618492126,0.0,1.0,0.5224888872055191,0.5224888872055191,0.9997368035084536,0.9497367739677429,0.9997368035084536,0.9999902558535815,0.9999902558535815,0.9999885060450948,0.9999885060450948,-0.0,0.0,,1000.0,False,False,False,,[]
1196,1196,1197,True,1.0,1.0,1196.0,1197.0,1196.0,1197.0,1197.0,0.0,0.0,0.32186880000000007,132.81416304000004,0.5150789618492126,0.5150789618492126,0.0,1.0,0.5224888872055191,0.522488345838761,0.9997368035084536,0.9497367739677429,0.999736802500044,0.9999902558535815,0.9999902557788692,0.9999885060450948,0.999988505963034,-0.035820961354691774,-0.14032226370054265,,999.201657105718,False,False,False,,[]
1197,1197,1198,True,1.0,1.0,1197.0,1198.0,1197.0,1198.0,1198.0,0.0,0.32186880000000007,2.414016,404.56750904251373,0.5150789618492126,0.5150789618492126,0.0,1.0,0.522488345838761,0.5224743282863614,0.999736802500044,0.9497367739677429,0.9997367760428962,0.9999902557788692,0.9999902538444209,0.999988505963034,0.9999885038383168,-0.9274762012428992,-3.6333495819691977,,979.6982685255449,False,False,False,,[]
1198,1198,1199,True,1.0,1.0,1198.0,1199.0,1198.0,1199.0,1199.0,0.0,2.414016,5.632704,577.548385041395,0.5150789618492126,0.5150789618492126,0.0,1.0,0.5224743282863614,0.522415464087695,0.9997367760428962,0.9497367739677429,0.9997366599580717,0.9999902538444209,0.9999902457221851,0.9999885038383168,0.9999884949171924,-3.8942266975702142,-15.257600294325636,,919.5266663069008,False,False,False,,[]
1199,1199,1200,True,1.0,1.0,1199.0,1200.0,1199.0,1200.0,1200.0,0.0,5.632704,10.460736,824.8109208698179,0.5150790214538574,0.5150790214538574,0.0,1.0,0.522415464087695,0.5222472723885857,0.9997366599580717,0.9497366547584534,0.9997363055415268,0.9999902457221851,0.9999902225230568,0.9999884949171924,0.9999884694362453,-11.122880062312017,-43.595288409129985,,798.5221405697055,False,False,False,,[]
1200,1200,1201,True,1.0,1.0,1200.0,1201.0,1200.0,1201.0,1201.0,0.0,10.460736,15.771571200000002,899.5696973150851,0.515079140663147,0.515079140663147,0.0,1.0,0.5222472723885857,0.5220149466670567,0.9997363055415268,0.9497362971305847,0.9997358302512489,0.9999902225230568,0.9999902141063208,0.9999884694362453,0.999988424137781,-15.360096820182378,-60.21882702032511,,749.8669269609455,False,False,False,,[]
1201,1201,1202,True,1.0,1.0,1201.0,1202.0,1201.0,1202.0,1202.0,0.0,15.771571200000002,19.312128,628.9727307553685,0.5150792598724365,0.5150792598724365,0.0,1.0,0.5220149466670567,0.5218499112183785,0.9997358302512489,0.9497358202934265,0.9997354820203134,0.9999902141063208,0.9999902026594885,0.999988424137781,0.9999884132969892,-10.912549693366346,-42.7771882973979,,818.232734737138,False,False,False,,[]
1202,1202,1203,True,1.0,1.0,1202.0,1203.0,1202.0,1203.0,1203.0,0.0,19.312128,20.760537600000003,308.8409807292826,0.5150793790817261,0.5150793790817261,0.0,1.0,0.5218499112183785,0.521761053020449,0.9997354820203134,0.9497354626655579,0.9997353015670035,0.9999902026594885,0.9999901982452504,0.9999884132969892,0.9999884084485826,-5.876581834919558,-23.032044903358486,,895.9239436590464,False,False,False,,[]
1203,1203,1204,True,1.0,1.0,1203.0,1204.0,1203.0,1204.0,1204.0,0.0,20.760537600000003,20.921472,111.68422159757735,0.5150794386863708,0.5150794386863708,0.0,1.0,0.521761053020449,0.5217193326111836,0.9997353015670035,0.9497352838516235,0.9997352206594391,0.9999901982452504,0.9999901934413004,0.9999884084485826,0.9999884035639249,-2.7594945245791247,-10.813930081556487,,943.8416365010012,False,False,False,,[]
1204,1204,1205,True,1.0,1.0,1204.0,1205.0,1204.0,1205.0,1205.0,0.0,20.921472,20.2777344,-11.783997459662096,0.5150794386863708,0.5150794386863708,0.0,1.0,0.5217193326111836,0.5217210039432697,0.9997352206594391,0.9497352242469788,0.9997352175427878,0.9999901934413004,0.9999901926272863,0.9999884035639249,0.9999884026815138,0.11056088554269175,0.4332092767035354,,999.6633551044532,False,False,False,,[]
1205,1205,1206,True,1.0,1.0,1205.0,1206.0,1205.0,1206.0,1206.0,0.0,20.2777344,20.599603200000004,136.22465533683487,0.5150794386863708,0.5150794386863708,0.0,1.0,0.5217210039432697,0.5216735160007209,0.9997352175427878,0.9497352242469788,0.9997351249292885,0.9999901926272863,0.9999901877590675,0.9999884026815138,0.999988397458382,-3.1409613160025827,-12.308874708643023,,937.3471159399301,False,False,False,,[]
1206,1206,1207,True,1.0,1.0,1206.0,1207.0,1206.0,1207.0,1207.0,0.0,20.599603200000004,21.0824064,161.03855573607214,0.5150794982910156,0.5150794982910156,0.0,1.0,0.5216735160007209,0.5216201905042331,0.9997351249292885,0.9497351050376892,0.999735020335482,0.9999901877590675,0.9999901830924234,0.999988397458382,0.9999883927842006,-3.5269828690468077,-13.821968689620872,,931.8572815761114,False,False,False,,[]
1207,1207,1208,True,1.0,1.0,1207.0,1208.0,1207.0,1208.0,1208.0,0.0,21.0824064,21.0824064,87.09115680435681,0.5150794982910156,0.5150794982910156,0.0,1.0,0.5216201905042331,0.5215851444142713,0.999735020335482,0.9497349858283997,0.999734952813604,0.9999901830924234,0.9999901787251255,0.9999883927842006,0.9999883883018184,-2.3180840191846106,-9.083946518105236,,951.7935979596245,False,False,False,,[]
1208,1208,1209,True,1.0,1.0,1208.0,1209.0,1208.0,1209.0,1209.0,0.0,21.0824064,22.530816,309.4341004843568,0.5150794982910156,0.5150794982910156,0.0,1.0,0.5215851444142713,0.5214882445332527,0.999734952813604,0.9497349262237549,0.9997347544750449,0.9999901787251255,0.9999901739116469,0.9999883883018184,0.9999883830149059,-6.4080808369269695,-25.116449160017577,,887.4420601417712,False,False,False,,[]
1209,1209,1210,True,1.0,1.0,1209.0,1210.0,1209.0,1210.0,1210.0,0.0,22.530816,24.944832,458.18667711707906,0.5150795578956604,0.5150795578956604,0.0,1.0,0.5214882445332527,0.5213210067152004,0.9997347544750449,0.9497347474098206,0.9997344019257025,0.9999901739116469,0.9999901603092569,0.9999883830149059,0.9999883709580822,-11.05683991523254,-43.34804243914307,,814.2314857915948,False,False,False,,[]
1210,1210,1211,True,1.0,1.0,1210.0,1211.0,1210.0,1211.0,1211.0,0.0,24.944832,27.358848000000002,459.13725839784826,0.51507967710495,0.51507967710495,0.0,1.0,0.5213210067152004,0.5211360387710838,0.9997344019257025,0.9497343897819519,0.9997340149887596,0.9999901603092569,0.9999901474299606,0.9999883709580822,0.999988354831657,-12.227670419049684,-47.94369111501114,,798.2965246887261,False,False,False,,[]
1211,1211,1212,True,1.0,1.0,1211.0,1212.0,1211.0,1212.0,1212.0,0.0,27.358848000000002,29.933798400000004,484.8892804814076,0.5150797963142395,0.5150797963142395,0.0,1.0,0.5211360387710838,0.5209261485435001,0.9997340149887596,0.9497340321540833,0.9997335808975502,0.9999901474299606,0.9999901340795245,0.999988354831657,0.9999883380578166,-13.87323199373002,-54.40354698972413,,779.1659593035123,False,False,False,,[]
1212,1212,1213,True,1.0,1.0,1212.0,1213.0,1212.0,1213.0,1213.0,0.0,29.933798400000004,31.7040768,362.58904118090084,0.515079915523529,0.515079915523529,0.0,1.0,0.5209261485435001,0.5207583451867903,0.9997335808975502,0.949733555316925,0.9997332272409458,0.9999901340795245,0.9999901206427698,0.9999883380578166,0.99998832885862,-11.092053264090287,-43.494630059164535,,815.7904607296427,False,False,False,,[]
1213,1213,1214,True,1.0,1.0,1213.0,1214.0,1213.0,1214.0,1214.0,0.0,31.7040768,33.796224,412.9036235284457,0.5150800347328186,0.5150800347328186,0.0,1.0,0.5207583451867903,0.5205490113798406,0.9997332272409458,0.9497331976890564,0.9997327941868704,0.9999901206427698,0.9999901042888261,0.99998832885862,0.9999883119857095,-13.83473802999462,-54.25932276138717,,777.6859692455016,False,False,False,,[]
1214,1214,1215,True,1.0,1.0,1214.0,1215.0,1214.0,1215.0,1215.0,0.0,33.796224,34.600896000000006,216.4020673134282,0.5150801539421082,0.5150801539421082,0.0,1.0,0.5205490113798406,0.5204353016451589,0.9997327941868704,0.949732780456543,0.9997325575821923,0.9999901042888261,0.9999900935311297,0.9999883119857095,0.9999883059313442,-7.516746344634641,-29.473563229487354,,866.4142840146127,False,False,False,,[]
1215,1215,1216,True,1.0,1.0,1215.0,1216.0,1215.0,1216.0,1216.0,0.0,34.600896000000006,35.083699200000005,167.44901810882547,0.5150802135467529,0.5150802135467529,0.0,1.0,0.5204353016451589,0.5203420328030107,0.9997325575821923,0.9497325420379639,0.99973236735271,0.9999900935311297,0.9999900826390244,0.9999883059313442,0.9999883013600991,-6.165745160246168,-24.175283884814338,,886.7173057898808,False,False,False,,[]
1216,1216,1217,True,1.0,1.0,1216.0,1217.0,1216.0,1217.0,1217.0,0.0,35.083699200000005,35.083699200000005,93.61375554514616,0.5150802731513977,0.5150802731513977,0.0,1.0,0.5203420328030107,0.5202876792475174,0.99973236735271,0.9497323632240295,0.9997322606351722,0.9999900826390244,0.9999900762636895,0.9999883013600991,0.999988297422811,-3.593545341235351,-14.088441583857781,,929.9402262375094,False,False,False,,[]
1217,1217,1218,True,1.0,1.0,1217.0,1218.0,1217.0,1218.0,1218.0,0.0,35.083699200000005,34.600896000000006,19.499440985146148,0.5150803327560425,0.5150803327560425,0.0,1.0,0.5202876792475174,0.5202738245083632,0.9997322606351722,0.94973224401474,0.9997322344894876,0.9999900762636895,0.9999900748097257,0.999988297422811,0.9999882951660198,-0.9161138292176415,-3.591148388767718,,980.219116809628,False,False,False,,[]
1218,1218,1219,True,1.0,1.0,1218.0,1219.0,1218.0,1219.0,1219.0,0.0,34.600896000000006,34.1180928,19.22038898882447,0.5150803327560425,0.5150803327560425,0.0,1.0,0.5202738245083632,0.5202603457359625,0.9997322344894876,0.94973224401474,0.9997322090626545,0.9999900748097257,0.9999900733964282,0.9999882951660198,0.9999882929674587,-0.8912717069323612,-3.4936978062755624,,980.7447304596932,False,False,False,,[]
1219,1219,1220,True,1.0,1.0,1219.0,1220.0,1219.0,1220.0,1220.0,0.0,34.1180928,34.600896000000006,167.17383288381734,0.5150803327560425,0.5150803327560425,0.0,1.0,0.5202603457359625,0.5201693683583766,0.9997322090626545,0.9497321844100952,0.9997320239222911,0.9999900733964282,0.9999900631745882,0.9999882929674587,0.9999882884669657,-6.014440122073499,-23.581336270259428,,889.5105603534798,False,False,False,,[]
1220,1220,1221,True,1.0,1.0,1220.0,1221.0,1220.0,1221.0,1221.0,0.0,34.600896000000006,35.083699200000005,167.44901810882547,0.5150803923606873,0.5150803923606873,0.0,1.0,0.5201693683583766,0.5200761001118002,0.9997320239222911,0.9497320055961609,0.9997318336941343,0.9999900631745882,0.99999005228248,0.9999882884669657,0.9999882838957223,-6.165745291055831,-24.17512951260212,,886.7178772409353,False,False,False,,[]
1221,1221,1222,True,1.0,1.0,1221.0,1222.0,1221.0,1222.0,1222.0,0.0,35.083699200000005,35.405568,143.0232985851455,0.515080451965332,0.515080451965332,0.0,1.0,0.5200761001118002,0.5199957721390156,0.9997318336941343,0.9497318267822266,0.9997316719196446,0.99999005228248,0.9999900430204466,0.9999882838957223,0.9999882799461988,-5.3104232416452195,-20.82101054577104,,901.1306660004583,False,False,False,,[]
1222,1222,1223,True,1.0,1.0,1222.0,1223.0,1222.0,1223.0,1223.0,0.0,35.405568,35.2446336,69.0971668956445,0.5150805115699768,0.5150805115699768,0.0,1.0,0.5199957721390156,0.5199526184180441,0.9997316719196446,0.9497316479682922,0.9997315881150619,0.9999900430204466,0.9999900378961826,0.9999882799461988,0.9999882753632194,-2.853165320002698,-11.185444475812794,,942.292657182029,False,False,False,,[]
1223,1223,1224,True,1.0,1.0,1223.0,1224.0,1223.0,1224.0,1224.0,0.0,35.2446336,34.9227648,44.29808911976641,0.5150805115699768,0.5150805115699768,0.0,1.0,0.5199526184180441,0.5199231377639197,0.9997315881150619,0.9497315883636475,0.9997315316242851,0.9999900378961826,0.9999900345702367,0.9999882753632194,0.9999882712572284,-1.9492483699633616,-7.641385549025274,,959.1758742612158,False,False,False,,[]
1224,1224,1225,True,1.0,1.0,1224.0,1225.0,1224.0,1225.0,1225.0,0.0,34.9227648,34.600896000000006,44.11076553178305,0.5150805711746216,0.5150805711746216,0.0,1.0,0.5199231377639197,0.5198940036690269,0.9997315316242851,0.9497315287590027,0.999731475816508,0.9999900345702367,0.9999900312887392,0.9999882712572284,0.9999882671799462,-1.9263591592804215,-7.551557396204368,,959.6250684296923,False,False,False,,[]
1225,1225,1226,True,1.0,1.0,1225.0,1226.0,1225.0,1226.0,1226.0,0.0,34.600896000000006,34.600896000000006,93.33470354882546,0.5150805711746216,0.5150805711746216,0.0,1.0,0.5198940036690269,0.5198403509298446,0.999731475816508,0.9497314691543579,0.9997313705471459,0.9999900312887392,0.9999900249955311,0.9999882671799462,0.9999882631610438,-3.5473105340332194,-13.90678999604967,,930.672540481467,False,False,False,,[]
1226,1226,1227,True,1.0,1.0,1226.0,1227.0,1226.0,1227.0,1227.0,0.0,34.600896000000006,34.4399616,68.62993202882382,0.5150805711746216,0.5150805711746216,0.0,1.0,0.5198403509298446,0.5197986311482956,0.9997313705471459,0.9497313499450684,0.9997312896408486,0.9999900249955311,0.9999900201433882,0.9999882631610438,0.9999882586686751,-2.7584555365008265,-10.813767377497228,,944.148942130848,False,False,False,,[]
1227,1227,1228,True,1.0,1.0,1227.0,1228.0,1227.0,1228.0,1228.0,0.0,34.4399616,32.347814400000004,-227.9194842607665,0.5150806307792664,0.5150806307792664,0.0,1.0,0.5197986311482956,0.5198778998942548,0.9997312896408486,0.9497312903404236,0.9997311301648978,0.9999900201433882,0.9999900090943554,0.9999882586686751,0.9999882477008653,5.243170907333562,20.546458952611967,,1043.083857111582,False,False,False,,[]
1228,1228,1229,True,1.0,1.0,1228.0,1229.0,1228.0,1229.0,1229.0,0.0,32.347814400000004,31.382208000000002,-56.14504091110662,0.5150806903839111,0.5150806903839111,0.0,1.0,0.5198778998942548,0.5198942378305113,0.9997311301648978,0.9497311115264893,0.9997310992581105,0.9999900090943554,0.9999900054278095,0.9999882477008653,0.9999882434980139,1.0805125987849806,4.2347930776723,,1005.4069379325871,False,False,False,,[]
1229,1229,1230,True,1.0,1.0,1229.0,1230.0,1229.0,1230.0,1230.0,0.0,31.382208000000002,30.8994048,17.45885983576079,0.5150806903839111,0.5150806903839111,0.0,1.0,0.5198942378305113,0.5198830804547118,0.9997310992581105,0.9497311115264893,0.9997310782581861,0.9999900054278095,0.999990004264298,0.9999882434980139,0.9999882416626121,-0.7378555843935639,-2.8919918072332504,,984.0037579385456,False,False,False,,[]
1230,1230,1231,True,1.0,1.0,1230.0,1231.0,1230.0,1231.0,1231.0,0.0,30.8994048,31.543142400000004,190.142853726165,0.5150806903839111,0.5150806903839111,0.0,1.0,0.5198830804547118,0.5197913265417137,0.9997310782581861,0.9497310519218445,0.9997308913956633,0.999990004264298,0.9999899958351548,0.9999882416626121,0.9999882359718791,-6.066397638400893,-23.782614249113514,,889.236646470845,False,False,False,,[]
1231,1231,1232,True,1.0,1.0,1231.0,1232.0,1231.0,1232.0,1232.0,0.0,31.543142400000004,31.865011200000005,141.0667123014743,0.5150807499885559,0.5150807499885559,0.0,1.0,0.5197913265417137,0.5197208226381949,0.9997308913956633,0.9497308731079102,0.9997307507641736,0.9999899958351548,0.9999899889428274,0.9999882359718791,0.9999882311392324,-4.661656236838257,-18.274611792083217,,912.1657147423483,False,False,False,,[]
1232,1232,1233,True,1.0,1.0,1232.0,1233.0,1232.0,1233.0,1233.0,0.0,31.865011200000005,32.18688,141.2359909566721,0.5150807499885559,0.5150807499885559,0.0,1.0,0.5197208226381949,0.519649160961566,0.9997307507641736,0.9497307538986206,0.9997306076613292,0.9999899889428274,0.9999899819741747,0.9999882311392324,0.9999882259220911,-4.738146068103682,-18.57470658221462,,910.6159796637415,False,False,False,,[]
1233,1233,1234,True,1.0,1.0,1233.0,1234.0,1233.0,1234.0,1234.0,0.0,32.18688,31.382208000000002,-31.526412463104325,0.5150808095932007,0.5150808095932007,0.0,1.0,0.519649160961566,0.5196577035454426,0.9997306076613292,0.9497305750846863,0.9997305916239272,0.9999899819741747,0.9999899798297263,0.9999882259220911,0.9999882229133935,0.5649581893599447,2.2142377408149443,,1001.7888920798065,False,False,False,,[]
1234,1234,1235,True,1.0,1.0,1234.0,1235.0,1234.0,1235.0,1235.0,0.0,31.382208000000002,28.163520000000002,-402.52225600423867,0.5150808095932007,0.5150808095932007,0.0,1.0,0.5196577035454426,0.5197909241788052,0.9997305916239272,0.9497305750846863,0.9997303090796584,0.9999899798297263,0.9999899647268252,0.9999882229133935,0.9999882135236202,8.81417590572867,34.530788167587396,,1087.5162760045844,False,False,False,,[]
1235,1235,1236,True,1.0,1.0,1235.0,1236.0,1235.0,1236.0,1236.0,0.0,28.163520000000002,24.944832,-404.1119286545639,0.5150809288024902,0.5150809288024902,0.0,1.0,0.5197909241788052,0.5199060177607907,0.9997303090796584,0.9497302770614624,0.9997300692710749,0.9999899647268252,0.9999899509926882,0.9999882135236202,0.9999882001195123,7.6150321778096846,29.832256450628936,,1068.3469383972904,False,False,False,,[]
1236,1236,1237,True,1.0,1.0,1236.0,1237.0,1236.0,1237.0,1237.0,0.0,24.944832,20.921472,-529.0536024021516,0.515080988407135,0.515080988407135,0.0,1.0,0.5199060177607907,0.5200379565045269,0.9997300692710749,0.9497300386428833,0.9997297897962234,0.9999899509926882,0.9999899375551704,0.9999882001195123,0.9999881848064335,8.730654091573339,34.19852237640949,,1081.362424716748,False,False,False,,[]
1237,1237,1238,True,1.0,1.0,1237.0,1238.0,1237.0,1238.0,1238.0,0.0,20.921472,16.09344,-654.1080569796616,0.5150810480117798,0.5150810480117798,0.0,1.0,0.5200379565045269,0.520168087579911,0.9997297897962234,0.9497298002243042,0.999729514637422,0.9999899375551704,0.999989923047142,0.9999881848064335,0.9999881689285174,8.61164066056837,33.72997473955901,,1077.8524767671083,False,False,False,,[]
1238,1238,1239,True,1.0,1.0,1238.0,1239.0,1238.0,1239.0,1239.0,0.0,16.09344,12.874752,-408.54260411577644,0.5150811672210693,0.5150811672210693,0.0,1.0,0.520168087579911,0.5202192570986444,0.999729514637422,0.9497295022010803,0.999729414483857,0.999989923047142,0.999989915427907,0.9999881689285174,0.9999881462105694,3.385632728122735,13.263139255704735,,1010.9352659023132,False,False,False,,[]
1239,1239,1240,True,1.0,1.0,1239.0,1240.0,1239.0,1240.0,1240.0,0.0,12.874752,9.656064,-409.3159583780965,0.5150811672210693,0.5150811672210693,0.0,1.0,0.5202192570986444,0.5202612174332778,0.999729414483857,0.9497293829917908,0.9997293330919087,0.999989915427907,0.9999899117279364,0.9999881462105694,0.9999881285076067,2.776329099234935,10.876118736979196,,1012.5743573432173,False,False,False,,[]
1240,1240,1241,True,1.0,1.0,1240.0,1241.0,1240.0,1241.0,1241.0,0.0,9.656064,6.437376,-409.9174561376795,0.5150812268257141,0.5150812268257141,0.0,1.0,0.5202612174332778,0.5202833475841315,0.9997293330919087,0.949729323387146,0.9997292909899891,0.9999899117279364,0.9999899006261693,0.9999881285076067,0.9999881158440528,1.464209293281696,5.7361351012913575,,994.1886076508442,False,False,False,,[]
1241,1241,1242,True,1.0,1.0,1241.0,1242.0,1241.0,1242.0,1242.0,0.0,6.437376,4.02336,-286.82323979452406,0.5150812268257141,0.5150812268257141,0.0,1.0,0.5202833475841315,0.5202932312723095,0.9997292909899891,0.9497292637825012,0.9997292724105084,0.9999899006261693,0.9999898953823609,0.9999881158440528,0.9999881100845249,0.6539294517004948,2.5618519757452143,,997.0312436202078,False,False,False,,[]
1242,1242,1243,True,1.0,1.0,1242.0,1243.0,1242.0,1243.0,1243.0,0.0,4.02336,1.1265408,-361.1470044672361,0.5150812268257141,0.5150812268257141,0.0,1.0,0.5202932312723095,0.5202993579242049,0.9997292724105084,0.9497292637825012,0.9997292609358029,0.9999898953823609,0.9999898921318389,0.9999881100845249,0.9999881065143197,0.405356553882028,1.5880281712829782,,998.161839096067,False,False,False,,[]
1243,1243,1244,True,1.0,1.0,1243.0,1244.0,1243.0,1244.0,1244.0,0.0,1.1265408,0.0,-89.5182544292073,0.5150812268257141,0.5150812268257141,0.0,1.0,0.5202993579242049,0.5202996901248113,0.9997292609358029,0.9497292637825012,0.9997292603171359,0.9999898921318389,0.999989891955589,0.9999881065143197,0.999988106320736,0.021979248991125723,0.08610639716083267,,999.9005101967285,False,False,False,,[]
1244,1244,1245,True,1.0,1.0,1244.0,1245.0,1244.0,1245.0,1245.0,0.0,0.0,0.0,83.40462000000002,0.5150812268257141,0.5150812268257141,0.0,1.0,0.5202996901248113,0.5202996901248113,0.9997292603171359,0.9497292637825012,0.9997292603171359,0.999989891955589,0.999989891955589,0.999988106320736,0.999988106320736,-0.0,0.0,,1000.0,False,False,False,,[]
1245,1245,1246,True,1.0,1.0,1245.0,1246.0,1245.0,1246.0,1246.0,0.0,0.0,0.0,83.40462000000002,0.5150812268257141,0.5150812268257141,0.0,1.0,0.5202996901248113,0.5202996901248113,0.9997292603171359,0.9497292637825012,0.9997292603171359,0.999989891955589,0.999989891955589,0.999988106320736,0.999988106320736,-0.0,0.0,,1000.0,False,False,False,,[]
1246,1246,1247,True,1.0,1.0,1246.0,1247.0,1246.0,1247.0,1247.0,0.0,0.0,0.0,83.40462000000002,0.5150812268257141,0.5150812268257141,0.0,1.0,0.5202996901248113,0.5202996901248113,0.9997292603171359,0.9497292637825012,0.9997292603171359,0.999989891955589,0.999989891955589,0.999988106320736,0.999988106320736,-0.0,0.0,,1000.0,False,False,False,,[]
1247,1247,1248,True,1.0,1.0,1247.0,1248.0,1247.0,1248.0,1248.0,0.0,0.0,0.0,83.40462000000002,0.5150812268257141,0.5150812268257141,0.0,1.0,0.5202996901248113,0.5202996901248113,0.9997292603171359,0.9497292637825012,0.9997292603171359,0.999989891955589,0.999989891955589,0.999988106320736,0.999988106320736,-0.0,0.0,,1000.0,False,False,False,,[]
1248,1248,1249,True,1.0,1.0,1248.0,1249.0,1248.0,1249.0,1249.0,0.0,0.0,0.0,83.40462000000002,0.5150812268257141,0.5150812268257141,0.0,1.0,0.5202996901248113,0.5202996901248113,0.9997292603171359,0.9497292637825012,0.9997292603171359,0.999989891955589,0.999989891955589,0.999988106320736,0.999988106320736,-0.0,0.0,,1000.0,False,False,False,,[]
1249,1249,1250,True,1.0,1.0,1249.0,1250.0,1249.0,1250.0,1250.0,0.0,0.0,0.0,83.40462000000002,0.5150812268257141,0.5150812268257141,0.0,1.0,0.5202996901248113,0.5202996901248113,0.9997292603171359,0.9497292637825012,0.9997292603171359,0.999989891955589,0.999989891955589,0.999988106320736,0.999988106320736,-0.0,0.0,,1000.0,False,False,False,,[]
1250,1250,1251,True,1.0,1.0,1250.0,1251.0,1250.0,1251.0,1251.0,0.0,0.0,0.0,83.40462000000002,0.5150812268257141,0.5150812268257141,0.0,1.0,0.5202996901248113,0.5202996901248113,0.9997292603171359,0.9497292637825012,0.9997292603171359,0.999989891955589,0.999989891955589,0.999988106320736,0.999988106320736,-0.0,0.0,,1000.0,False,False,False,,[]
1251,1251,1252,True,1.0,1.0,1251.0,1252.0,1251.0,1252.0,1252.0,0.0,0.0,1.609344,330.45233520000005,0.5150812268257141,0.5150812268257141,0.0,1.0,0.5202996901248113,0.5202929551439951,0.9997292603171359,0.9497292637825012,0.9997292476955726,0.999989891955589,0.9999898910261349,0.999988106320736,0.9999881052998717,-0.44562718530258816,-1.7457070275384012,,990.1505217442475,False,False,False,,[]
1252,1252,1253,True,1.0,1.0,1252.0,1253.0,1252.0,1253.0,1253.0,0.0,1.609344,1.609344,83.42610206284225,0.5150812268257141,0.5150812268257141,0.0,1.0,0.5202929551439951,0.520289554566526,0.9997292476955726,0.9497292637825012,0.9997292413435385,0.9999898910261349,0.9999898905568343,0.9999881052998717,0.9999881047844162,-0.22500636299350224,-0.8814296799825219,,995.0045429410455,False,False,False,,[]
1253,1253,1254,True,1.0,1.0,1253.0,1254.0,1253.0,1254.0,1254.0,0.0,1.609344,1.609344,83.42610206284225,0.5150812268257141,0.5150812268257141,0.0,1.0,0.520289554566526,0.5202861540112258,0.9997292413435385,0.9497292041778564,0.9997292349915459,0.9999898905568343,0.9999898900875337,0.9999881047844162,0.9999881042689608,-0.22500636299350224,-0.8814239338234178,,995.004568999788,False,False,False,,[]
1254,1254,1255,True,1.0,1.0,1254.0,1255.0,1254.0,1255.0,1255.0,0.0,1.609344,1.609344,83.42610206284225,0.5150812268257141,0.5150812268257141,0.0,1.0,0.5202861540112258,0.5202827534775388,0.9997292349915459,0.9497292041778564,0.9997292286395938,0.9999898900875337,0.9999898896182331,0.9999881042689608,0.9999881037535053,-0.22500636299350224,-0.8814183316523609,,995.0045944095887,False,False,False,,[]
1255,1255,1256,True,1.0,1.0,1255.0,1256.0,1255.0,1256.0,1256.0,0.0,1.609344,1.609344,83.42610206284225,0.5150812268257141,0.5150812268257141,0.0,1.0,0.5202827534775388,0.5202793529649249,0.9997292286395938,0.9497292041778564,0.9997292222876812,0.9999898896182331,0.9999898891489325,0.9999881037535053,0.9999881032380499,-0.22500636299350224,-0.8814128695361536,,995.0046191856156,False,False,False,,[]
1256,1256,1257,True,1.0,1.0,1256.0,1257.0,1256.0,1257.0,1257.0,0.0,1.609344,2.5749504000000005,231.65473118284234,0.5150812268257141,0.5150812268257141,0.0,1.0,0.5202793529649249,0.5202670775417592,0.9997292222876812,0.9497292041778564,0.9997291991581329,0.9999898891489325,0.9999898874548535,0.9999881032380499,0.9999881013773612,-0.8122269100233557,-3.181789684547202,,982.1801622066415,False,False,False,,[]
1257,1257,1258,True,1.0,1.0,1257.0,1258.0,1257.0,1258.0,1258.0,0.0,2.5749504000000005,4.828032,429.3264153608761,0.5150812268257141,0.5150812268257141,0.0,1.0,0.5202670775417592,0.5202268239382746,0.9997291991581329,0.9497292041778564,0.9997291212070505,0.9999898874548535,0.999989881900103,0.9999881013773612,0.9999880952763105,-2.66322766614015,-10.433734023201447,,943.6592821813774,False,False,False,,[]
1258,1258,1259,True,1.0,1.0,1258.0,1259.0,1258.0,1259.0,1259.0,0.0,4.828032,6.437376,330.64567376558017,0.5150812864303589,0.5150812864303589,0.0,1.0,0.5202268239382746,0.520179646525334,0.9997291212070505,0.9497290849685669,0.9997290292271085,0.999989881900103,0.999989875390117,0.9999880952763105,0.9999880881260804,-3.12121536651932,-12.228385434200979,,934.5483255972881,False,False,False,,[]
1259,1259,1260,True,1.0,1.0,1259.0,1260.0,1259.0,1260.0,1260.0,0.0,6.437376,8.04672,330.79604820547604,0.5150812864303589,0.5150812864303589,0.0,1.0,0.520179646525334,0.5201189588962313,0.9997290292271085,0.9497290253639221,0.9997289093326583,0.999989875390117,0.9999898670163283,0.9999880881260804,0.9999880789287464,-4.014816254926046,-15.730233463437292,,917.222337948939,False,False,False,,[]
1260,1260,1261,True,1.0,1.0,1260.0,1261.0,1260.0,1261.0,1261.0,0.0,8.04672,10.1388672,405.10370133105573,0.5150813460350037,0.5150813460350037,0.0,1.0,0.5201189588962313,0.5200370061735056,0.9997289093326583,0.9497289061546326,0.9997287440235043,0.9999898670163283,0.9999898582919863,0.9999880789287464,0.9999880647869775,-5.421154233060126,-21.24214573049057,,891.7824263764849,False,False,False,,[]
1261,1261,1262,True,1.0,1.0,1261.0,1262.0,1261.0,1262.0,1262.0,0.0,10.1388672,12.874752,504.2383589142087,0.5150814056396484,0.5150814056396484,0.0,1.0,0.5200370061735056,0.5199200592056202,0.9997287440235043,0.9497287273406982,0.9997284999110112,0.9999898582919863,0.9999898519134669,0.9999880647869775,0.9999880425112988,-7.734951961784895,-30.31265407587068,,854.6917852364601,False,False,False,,[]
1262,1262,1263,True,1.0,1.0,1262.0,1263.0,1262.0,1263.0,1263.0,0.0,12.874752,16.09344,578.8749024219038,0.5150814652442932,0.5150814652442932,0.0,1.0,0.5199200592056202,0.5197496384716151,0.9997284999110112,0.9497284889221191,0.999728141138679,0.9999898519134669,0.9999898416523914,0.9999880425112988,0.9999880103216527,-11.269373078429505,-44.17305425412847,,800.8016416330374,False,False,False,,[]
1263,1263,1264,True,1.0,1.0,1263.0,1264.0,1263.0,1264.0,1264.0,0.0,16.09344,16.898112,209.07668388422385,0.5150815844535828,0.5150815844535828,0.0,1.0,0.5197496384716151,0.5196881774947782,0.999728141138679,0.9497281312942505,0.9997280196245079,0.9999898416523914,0.99998983767725,0.9999880103216527,0.9999880004330113,-4.065350063547812,-15.930685196119686,,919.5603741827568,False,False,False,,[]
1264,1264,1265,True,1.0,1.0,1264.0,1265.0,1264.0,1265.0,1265.0,0.0,16.898112,15.288768000000001,-161.27469777164325,0.5150815844535828,0.5150815844535828,0.0,1.0,0.5196881774947782,0.5197115279375796,0.9997280196245079,0.9497280120849609,0.9997279751479577,0.99998983767725,0.9999898336644275,0.9999880004330113,0.9999879923837863,1.5449098237313825,6.0524347741046505,,1006.8878583688772,False,False,False,,[]
1265,1265,1266,True,1.0,1.0,1265.0,1266.0,1265.0,1266.0,1266.0,0.0,15.288768000000001,13.679424000000001,-161.70433902848777,0.5150816440582275,0.5150816440582275,0.0,1.0,0.5197115279375796,0.5197308443922701,0.9997279751479577,0.9497279524803162,0.9997279385000212,0.9999898336644275,0.9999898296435272,0.9999879923837863,0.9999879833918548,1.278028239674943,5.006825055804051,,1002.6458110645749,False,False,False,,[]
1266,1266,1267,True,1.0,1.0,1266.0,1267.0,1266.0,1267.0,1267.0,0.0,13.679424000000001,12.2310144,-137.38624463964842,0.5150816440582275,0.5150816440582275,0.0,1.0,0.5197308443922701,0.5197447241616535,0.9997279385000212,0.9497279524803162,0.99972791230646,0.9999898296435272,0.9999898257309314,0.9999879833918548,0.9999879765585948,0.9183269182446565,3.597636224183574,,1000.5148224074503,False,False,False,,[]
1267,1267,1268,True,1.0,1.0,1267.0,1268.0,1267.0,1268.0,1268.0,0.0,12.2310144,14.162227200000002,381.1026821897683,0.5150816440582275,0.5150816440582275,0.0,1.0,0.5197447241616535,0.5196453947350601,0.99972791230646,0.9497278928756714,0.9997277085112153,0.9999898257309314,0.9999898218507162,0.9999879765585948,0.9999879572502668,-6.569712680561402,-25.746187373015566,,874.9691069643915,False,False,False,,[]
1268,1268,1269,True,1.0,1.0,1268.0,1269.0,1268.0,1269.0,1269.0,0.0,14.162227200000002,17.702784,628.5731643865029,0.5150817036628723,0.5150817036628723,0.0,1.0,0.5196453947350601,0.5194798241412376,0.9997277085112153,0.9497277140617371,0.9997273592300304,0.9999898218507162,0.9999898147066664,0.9999879572502668,0.9999879326213711,-10.948304291783563,-42.91589791877883,,811.5093726822306,False,False,False,,[]
1269,1269,1270,True,1.0,1.0,1269.0,1270.0,1269.0,1270.0,1270.0,0.0,17.702784,22.530816,827.1470952039112,0.5150817632675171,0.5150817632675171,0.0,1.0,0.5194798241412376,0.5192407808626853,0.9997273592300304,0.9497273564338684,0.999726871844969,0.9999898147066664,0.9999898028367884,0.9999879326213711,0.9999879195841394,-15.802044335040872,-61.96001780075046,,761.795124697277,False,False,False,,[]
1270,1270,1271,True,1.0,1.0,1270.0,1271.0,1270.0,1271.0,1271.0,0.0,22.530816,27.358848000000002,828.7582499170792,0.5150819420814514,0.5150819420814514,0.0,1.0,0.5192407808626853,0.5189359275737411,0.999726871844969,0.9497268795967102,0.9997262722940866,0.9999898028367884,0.9999897868752975,0.9999879195841394,0.9999878972219634,-20.14642098419768,-79.01797249434965,,712.6912995911208,False,False,False,,[]
1271,1271,1272,True,1.0,1.0,1271.0,1272.0,1271.0,1272.0,1272.0,0.0,27.358848000000002,31.382208000000002,707.2322241614077,0.5150821208953857,0.5150821208953857,0.0,1.0,0.5189359275737411,0.5186343961784221,0.9997262722940866,0.9497262835502625,0.9997256781156205,0.9999897868752975,0.9999897695027309,0.9999878972219634,0.9999878809471052,-19.92475465879128,-78.15693766666931,,717.0531981782158,False,False,False,,[]
1272,1272,1273,True,1.0,1.0,1272.0,1273.0,1272.0,1273.0,1273.0,0.0,31.382208000000002,33.796224,462.14474719576185,0.5150822997093201,0.5150822997093201,0.0,1.0,0.5186343961784221,0.5184105894833932,0.9997256781156205,0.9497256875038147,0.9997252183250849,0.9999897695027309,0.9999897580551999,0.9999878809471052,0.9999878628941815,-14.790769246603439,-58.01069535146733,,769.653366156023,False,False,False,,[]
1273,1273,1274,True,1.0,1.0,1273.0,1274.0,1273.0,1274.0,1274.0,0.0,33.796224,35.083699200000005,290.5163818734282,0.5150824189186096,0.5150824189186096,0.0,1.0,0.5184105894833932,0.5182579690593577,0.9997252183250849,0.9497252106666565,0.9997248946257464,0.9999897580551999,0.9999897440492133,0.9999878628941815,0.9999878550548968,-10.087758831618054,-39.55921391000431,,828.6132559027736,False,False,False,,[]
1274,1274,1275,True,1.0,1.0,1274.0,1275.0,1274.0,1275.0,1275.0,0.0,35.083699200000005,35.7274368,192.43284162514487,0.5150825381278992,0.5150825381278992,0.0,1.0,0.5182579690593577,0.5181521338127079,0.9997248946257464,0.9497248530387878,0.9997246760960401,0.9999897440492133,0.999989733227718,0.9999878550548968,0.9999878497167096,-6.996127357749744,-27.432495931653804,,874.2421087684436,False,False,False,,[]
1275,1275,1276,True,1.0,1.0,1275.0,1276.0,1275.0,1276.0,1276.0,0.0,35.7274368,37.014912,291.63001201117095,0.515082597732544,0.515082597732544,0.0,1.0,0.5181521338127079,0.5179960077763903,0.9997246760960401,0.9497246742248535,0.9997243454376947,0.999989733227718,0.9999897225829734,0.9999878497167096,0.9999878414061067,-10.318690822398635,-40.46786861351389,,827.713696473539,False,False,False,,[]
1276,1276,1277,True,1.0,1.0,1276.0,1277.0,1276.0,1277.0,1277.0,0.0,37.014912,37.98051840000001,242.997260363545,0.5150827169418335,0.5150827169418335,0.0,1.0,0.5179960077763903,0.5178600105267661,0.9997243454376947,0.9497243165969849,0.9997240562200426,0.9999897225829734,0.9999897119900707,0.9999878414061067,0.9999878342669146,-8.98852288074838,-35.250487102600914,,845.5579095600772,False,False,False,,[]
1277,1277,1278,True,1.0,1.0,1277.0,1278.0,1277.0,1278.0,1278.0,0.0,37.98051840000001,38.785190400000005,218.89312732061435,0.5150827765464783,0.5150827765464783,0.0,1.0,0.5178600105267661,0.5177338457373335,0.9997240562200426,0.949724018573761,0.9997237904809448,0.9999897119900707,0.9999897016546173,0.9999878342669146,0.9999878276840909,-8.338645869784104,-32.70191342093745,,854.9515116372287,False,False,False,,[]
1278,1278,1279,True,1.0,1.0,1278.0,1279.0,1278.0,1279.0,1279.0,0.0,38.785190400000005,39.428928,194.70070299940014,0.515082836151123,0.515082836151123,0.0,1.0,0.5177338457373335,0.5176188270849921,0.9997237904809448,0.9497237801551819,0.9997235508460506,0.9999897016546173,0.9999896917938195,0.9999878276840909,0.9999878217183353,-7.602017048346102,-29.812834686896764,,865.9442937896388,False,False,False,,[]
1279,1279,1280,True,1.0,1.0,1279.0,1280.0,1279.0,1280.0,1280.0,0.0,39.428928,39.428928,96.29922822105456,0.5150829553604126,0.5150829553604126,0.0,1.0,0.5176188270849921,0.517558894098892,0.9997235508460506,0.9497235417366028,0.9997234325298512,0.9999896917938195,0.9999896854186267,0.9999878217183353,0.9999878183345228,-3.961797226758732,-15.534629997128215,,924.6215149072108,False,False,False,,[]
1280,1280,1281,True,1.0,1.0,1280.0,1281.0,1280.0,1281.0,1281.0,0.0,39.428928,38.624256,-27.22462937894479,0.5150829553604126,0.5150829553604126,0.0,1.0,0.517558894098892,0.5175680451418347,0.9997234325298512,0.9497234225273132,0.9997234153399309,0.9999896854186267,0.9999896833025176,0.9999878183345228,0.9999878150742746,0.6050517798008103,2.371950330765201,,1002.059928249416,False,False,False,,[]
1281,1281,1282,True,1.0,1.0,1281.0,1282.0,1281.0,1282.0,1282.0,0.0,38.624256,37.819584000000006,-27.74556940286911,0.5150829553604126,0.5150829553604126,0.0,1.0,0.5175680451418347,0.5175771870660522,0.9997234153399309,0.9497234225273132,0.999723398167293,0.9999896833025176,0.9999896811858916,0.9999878150742746,0.9999878118359006,0.6044713613924853,2.369586757158833,,1002.0739528097704,False,False,False,,[]
1282,1282,1283,True,1.0,1.0,1282.0,1283.0,1282.0,1283.0,1283.0,0.0,37.819584000000006,37.819584000000006,95.26808920462707,0.5150830149650574,0.5150830149650574,0.0,1.0,0.5175771870660522,0.5175193564492345,0.999723398167293,0.9497233629226685,0.9997232842360295,0.9999896811858916,0.9999896750028469,0.9999878118359006,0.9999878079103135,-3.8231380590784556,-14.989695879119008,,926.4986608113189,False,False,False,,[]
1283,1283,1284,True,1.0,1.0,1283.0,1284.0,1283.0,1284.0,1284.0,0.0,37.819584000000006,37.819584000000006,95.26808920462707,0.5150830149650574,0.5150830149650574,0.0,1.0,0.5175193564492345,0.5174615259143661,0.9997232842360295,0.9497232437133789,0.9997231703049365,0.9999896750028469,0.9999896688198021,0.9999878079103135,0.9999878039847264,-3.8231380590784556,-14.989674637893168,,926.4987457948359,False,False,False,,[]
1284,1284,1285,True,1.0,1.0,1284.0,1285.0,1284.0,1285.0,1285.0,0.0,37.819584000000006,37.819584000000006,95.26808920462707,0.5150830745697021,0.5150830745697021,0.0,1.0,0.5174615259143661,0.5174036954572012,0.9997231703049365,0.9497231841087341,0.9997230563740053,0.9999896688198021,0.9999896626367567,0.9999878039847264,0.9999878000591385,-3.8231381685322363,-14.989654497151335,,926.4988250467426,False,False,False,,[]
1285,1285,1286,True,1.0,1.0,1285.0,1286.0,1285.0,1286.0,1286.0,0.0,37.819584000000006,37.819584000000006,95.26808920462707,0.5150830745697021,0.5150830745697021,0.0,1.0,0.5174036954572012,0.517345865076877,0.9997230563740053,0.9497230648994446,0.999722942443234,0.9999896626367567,0.9999896564537113,0.9999878000591385,0.9999877961335505,-3.8231381685322363,-14.98963458005168,,926.4989047397183,False,False,False,,[]
1286,1286,1287,True,1.0,1.0,1286.0,1287.0,1286.0,1287.0,1287.0,0.0,37.819584000000006,37.819584000000006,95.26808920462707,0.5150831341743469,0.5150831341743469,0.0,1.0,0.517345865076877,0.5172880347692878,0.999722942443234,0.949722945690155,0.9997228285126141,0.9999896564537113,0.9999896502706653,0.9999877961335505,0.9999877922079616,-3.8231382779860006,-14.989615727115837,,926.4989789261823,False,False,False,,[]
1287,1287,1288,True,1.0,1.0,1287.0,1288.0,1287.0,1288.0,1288.0,0.0,37.819584000000006,38.624256,218.79194680462646,0.5150831341743469,0.5150831341743469,0.0,1.0,0.5172880347692878,0.5171624565849091,0.9997228285126141,0.9497228264808655,0.9997225641608178,0.9999896502706653,0.9999896399797854,0.9999877922079616,0.9999877856557737,-8.300161476028501,-32.5498653909326,,855.537064063082,False,False,False,,[]
1288,1288,1289,True,1.0,1.0,1288.0,1289.0,1288.0,1289.0,1289.0,0.0,38.624256,38.785190400000005,120.4830597171309,0.5150832533836365,0.5150832533836365,0.0,1.0,0.5171624565849091,0.5170899095270536,0.9997225641608178,0.9497225284576416,0.9997224191644025,0.9999896399797854,0.999989632502429,0.9999877856557737,0.9999877820020782,-4.795703858135247,-18.80419739616136,,910.5993986536457,False,False,False,,[]
1289,1289,1290,True,1.0,1.0,1289.0,1290.0,1289.0,1290.0,1290.0,0.0,38.785190400000005,39.428928,194.70070299940014,0.5150832533836365,0.5150832533836365,0.0,1.0,0.5170899095270536,0.5169748940340094,0.9997224191644025,0.949722409248352,0.9997221795368311,0.999989632502429,0.9999896226416275,0.9999877820020782,0.9999877760363277,-7.602016947869826,-29.812015797042772,,865.9472130186837,False,False,False,,[]
1290,1290,1291,True,1.0,1.0,1290.0,1291.0,1290.0,1291.0,1291.0,0.0,39.428928,39.7507968,145.70877126105492,0.515083372592926,0.515083372592926,0.0,1.0,0.5169748940340094,0.5168861998033967,0.9997221795368311,0.949722170829773,0.9997219994453959,0.9999896226416275,0.9999896140861614,0.9999877760363277,0.999987771516603,-5.862649090280263,-22.989544574819146,,893.03370442917,False,False,False,,[]
1291,1291,1292,True,1.0,1.0,1291.0,1292.0,1291.0,1292.0,1292.0,0.0,39.7507968,40.2336,170.62492627942223,0.5150834321975708,0.5150834321975708,0.0,1.0,0.5168861998033967,0.5167823334093969,0.9997219994453959,0.9497219920158386,0.9997217853936715,0.9999896140861614,0.9999896046889091,0.999987771516603,0.9999877661702209,-6.865119616145372,-26.922169324739155,,877.1812860449177,False,False,False,,[]
1292,1292,1293,True,1.0,1.0,1292.0,1293.0,1292.0,1293.0,1293.0,0.0,40.2336,40.8773376,195.64999535639973,0.5150834918022156,0.5150834918022156,0.0,1.0,0.5167823334093969,0.5166577194415095,0.9997217853936715,0.9497217535972595,0.9997215233189473,0.9999896046889091,0.9999895946493247,0.9999877661702209,0.9999877552491644,-8.235764274873592,-32.29994047642542,,853.401000102077,False,False,False,,[]
1293,1293,1294,True,1.0,1.0,1293.0,1294.0,1293.0,1294.0,1294.0,0.0,40.8773376,41.19920640000001,146.6735307033009,0.5150835514068604,0.5150835514068604,0.0,1.0,0.5166577194415095,0.5165499908542559,0.9997215233189473,0.9497215151786804,0.9997213004674697,0.9999895946493247,0.999989585976795,0.9999877552491644,0.9999877390544933,-7.120000539238576,-27.923249816140125,,865.8901268851829,False,False,False,,[]
1294,1294,1295,True,1.0,1.0,1294.0,1295.0,1294.0,1295.0,1295.0,0.0,41.19920640000001,41.3601408,122.1878762242901,0.5150836110115051,0.5150836110115051,0.0,1.0,0.5165499908542559,0.5164572191345121,0.9997213004674697,0.9497212767601013,0.9997211113439062,0.999989585976795,0.9999895782084703,0.9999877390544933,0.9999877245721752,-6.131650792658559,-24.046429757567747,,881.8849827631175,False,False,False,,[]
1295,1295,1296,True,1.0,1.0,1295.0,1296.0,1295.0,1296.0,1296.0,0.0,41.3601408,41.842944,171.70762224667112,0.5150836706161499,0.5150836706161499,0.0,1.0,0.5164572191345121,0.5163374577361,0.9997211113439062,0.949721097946167,0.9997208606674036,0.9999895782084703,0.9999895687152099,0.9999877245721752,0.999987709517893,-7.914747159893555,-31.042154468445183,,855.1565059636539,False,False,False,,[]
1296,1296,1297,True,1.0,1.0,1296.0,1297.0,1296.0,1297.0,1297.0,0.0,41.842944,42.1648128,147.33603752135363,0.5150837302207947,0.5150837302207947,0.0,1.0,0.5163374577361,0.51623523116048,0.9997208606674036,0.9497208595275879,0.9997206503327636,0.9999895687152099,0.9999895599033991,0.999987709517893,0.9999876981307398,-6.75613475439596,-26.497128400686808,,874.5394429342422,False,False,False,,[]
1297,1297,1298,True,1.0,1.0,1297.0,1298.0,1297.0,1298.0,1298.0,0.0,42.1648128,43.452288,295.7889393774276,0.5150837898254395,0.5150837898254395,0.0,1.0,0.51623523116048,0.5160485964917446,0.9997206503327636,0.9497206211090088,0.9997202601984337,0.9999895599033991,0.9999895495503274,0.9999876981307398,0.9999876851921186,-12.331194925347246,-48.37570613621588,,800.6791073620604,False,False,False,,[]
1298,1298,1299,True,1.0,1.0,1298.0,1299.0,1298.0,1299.0,1299.0,0.0,43.452288,44.739763200000006,296.7032159719933,0.515083909034729,0.515083909034729,0.0,1.0,0.5160485964917446,0.515857131105669,0.9997202601984337,0.9497202634811401,0.9997198608319685,0.9999895495503274,0.9999895394746672,0.9999876851921186,0.9999876724450836,-12.649532736533004,-49.62782807080745,,797.3052817834918,False,False,False,,[]
1299,1299,1300,True,1.0,1.0,1299.0,1300.0,1299.0,1300.0,1300.0,0.0,44.739763200000006,45.5444352,223.53067504699618,0.5150840282440186,0.5150840282440186,0.0,1.0,0.515857131105669,0.5157016668197224,0.9997198608319685,0.9497198462486267,0.9997195314853528,0.9999895394746672,0.9999895288684739,0.9999876724450836,0.9999876587071711,-10.271686926101832,-40.29634291736872,,824.5769763983969,False,False,False,,[]
1300,1300,1301,True,1.0,1.0,1300.0,1301.0,1300.0,1301.0,1301.0,0.0,45.5444352,46.670976,273.5427899497213,0.5150841474533081,0.5150841474533081,0.0,1.0,0.5157016668197224,0.5155154988087013,0.9997195314853528,0.9497195482254028,0.9997191422456224,0.9999895288684739,0.999989518424771,0.9999876587071711,0.9999876457380248,-12.298700786484691,-48.254748456668594,,800.9580526661966,False,False,False,,[]
1301,1301,1302,True,1.0,1.0,1301.0,1302.0,1301.0,1302.0,1302.0,0.0,46.670976,46.831910400000005,126.17580637032451,0.5150842666625977,0.5150842666625977,0.0,1.0,0.5155154988087013,0.5154175120425478,0.9997191422456224,0.9497191309928894,0.9997189414690181,0.999989518424771,0.9999895096833202,0.9999876457380248,0.9999876348658673,-6.47473418703706,-25.39816978699055,,878.9833057687785,False,False,False,,[]
1302,1302,1303,True,1.0,1.0,1302.0,1303.0,1302.0,1303.0,1303.0,0.0,46.831910400000005,46.670976,76.89107411543662,0.5150843262672424,0.5150843262672424,0.0,1.0,0.5154175120425478,0.5153551734266018,0.9997189414690181,0.9497189521789551,0.9997188181138081,0.9999895096833202,0.9999895035570622,0.9999876348658673,0.9999876272676511,-4.119622386049356,-16.158169253212545,,918.7810327423166,False,False,False,,[]
1303,1303,1304,True,1.0,1.0,1303.0,1304.0,1303.0,1304.0,1304.0,0.0,46.670976,45.061632,-145.57668034967583,0.5150843262672424,0.5150843262672424,0.0,1.0,0.5153551734266018,0.515423273473103,0.9997188181138081,0.9497188329696655,0.999718682596262,0.9999895035570622,0.9999894943184193,0.9999876272676511,0.9999876152731874,4.502253645498761,17.651532053113144,,1034.4633377591883,False,False,False,,[]
1304,1304,1305,True,1.0,1.0,1304.0,1305.0,1304.0,1305.0,1305.0,0.0,45.061632,39.7507968,-715.0109028916838,0.5150843858718872,0.5150843858718872,0.0,1.0,0.515423273473103,0.515781537495368,0.999718682596262,0.9497186541557312,0.9997180012517317,0.9999894943184193,0.9999894789308381,0.9999876152731874,0.9999875915166271,23.70899683084817,92.86203457109775,,1335.0875097205915,False,False,False,,[]
1305,1305,1306,True,1.0,1.0,1305.0,1306.0,1305.0,1306.0,1306.0,0.0,39.7507968,34.4399616,-718.7468484405789,0.5150846242904663,0.5150846242904663,0.0,1.0,0.515781537495368,0.5160910743853586,0.9997180012517317,0.9497179985046387,0.9997173941810968,0.9999894789308381,0.9999894595183345,0.9999875915166271,0.9999875706266991,20.485130570150744,80.23196188555593,,1263.4676090398048,False,False,False,,[]
1306,1306,1307,True,1.0,1.0,1306.0,1307.0,1306.0,1307.0,1307.0,0.0,34.4399616,29.129126400000004,-722.014914660766,0.5150848031044006,0.5150848031044006,0.0,1.0,0.5160910743853586,0.5163517122514601,0.9997173941810968,0.9497174024581909,0.9997168686984996,0.9999894595183345,0.9999894398734007,0.9999875706266991,0.9999875488317954,17.249178136526723,67.55733489351846,,1199.9756677522635,False,False,False,,[]
1307,1307,1308,True,1.0,1.0,1307.0,1308.0,1307.0,1308.0,1308.0,0.0,29.129126400000004,23.818291200000004,-724.8151015522542,0.5150849223136902,0.5150849223136902,0.0,1.0,0.5163517122514601,0.5165689138252441,0.9997168686984996,0.9497168660163879,0.999716421047591,0.9999894398734007,0.9999894252650675,0.9999875488317954,0.9999875275765836,14.374564725730044,56.29864792478286,,1158.1754196592747,False,False,False,,[]
1308,1308,1309,True,1.0,1.0,1308.0,1309.0,1308.0,1309.0,1309.0,0.0,23.818291200000004,18.507456,-727.1474091150358,0.5150851011276245,0.5150851011276245,0.0,1.0,0.5165689138252441,0.5167464159607751,0.999716421047591,0.9497163891792297,0.999716048507775,0.9999894252650675,0.9999894142875404,0.9999875275765836,0.9999875138142736,11.7471202841046,46.008553529640224,,1130.5928807085927,False,False,False,,[]
1309,1309,1310,True,1.0,1.0,1309.0,1310.0,1309.0,1310.0,1310.0,0.0,18.507456,13.1966208,-729.0118373491142,0.5150852203369141,0.5150852203369141,0.0,1.0,0.5167464159607751,0.5168635531055831,0.999716048507775,0.9497160315513611,0.999715803952817,0.9999894142875404,0.9999894060437448,0.9999875138142736,0.9999874832456794,7.751423487101214,30.361947934220407,,1056.9363797514895,False,False,False,,[]
1310,1310,1311,True,1.0,1.0,1310.0,1311.0,1310.0,1311.0,1311.0,0.0,13.1966208,7.885785600000001,-730.4083862544874,0.5150852799415588,0.5150852799415588,0.0,1.0,0.5168635531055831,0.5169342525294577,0.999715803952817,0.949715793132782,0.9997156629043543,0.9999894060437448,0.9999894005513277,0.9999874832456794,0.9999874536864842,4.678087723090895,18.325290668310537,,1022.017282888375,False,False,False,,[]
1311,1311,1312,True,1.0,1.0,1311.0,1312.0,1311.0,1312.0,1312.0,0.0,7.885785600000001,2.5749504000000005,-731.337055831158,0.5150852799415588,0.5150852799415588,0.0,1.0,0.5169342525294577,0.516959453899332,0.9997156629043543,0.9497156739234924,0.9997156148152709,0.9999894005513277,0.9999893871806482,0.9999874536864842,0.9999874390010601,1.6673782789376805,6.53219507142463,,992.3946427201603,False,False,False,,[]
1312,1312,1313,True,1.0,1.0,1312.0,1313.0,1312.0,1313.0,1313.0,0.0,2.5749504000000005,0.0,-311.81673023912396,0.5150853395462036,0.5150853395462036,0.0,1.0,0.516959453899332,0.5169620989421695,0.9997156148152709,0.9497156143188477,0.9997156098781717,0.9999893871806482,0.9999893857773758,0.9999874390010601,0.9999874374598037,0.17499377490193221,0.6855951035012984,,999.2074327272035,False,False,False,,[]
1313,1313,1314,True,1.0,1.0,1313.0,1314.0,1313.0,1314.0,1314.0,0.0,0.0,0.0,83.40462000000002,0.5150853395462036,0.5150853395462036,0.0,1.0,0.5169620989421695,0.5169620989421695,0.9997156098781717,0.9497156143188477,0.9997156098781717,0.9999893857773758,0.9999893857773758,0.9999874374598037,0.9999874374598037,-0.0,0.0,,1000.0,False,False,False,,[]
1314,1314,1315,True,1.0,1.0,1314.0,1315.0,1314.0,1315.0,1315.0,0.0,0.0,0.0,83.40462000000002,0.5150853395462036,0.5150853395462036,0.0,1.0,0.5169620989421695,0.5169620989421695,0.9997156098781717,0.9497156143188477,0.9997156098781717,0.9999893857773758,0.9999893857773758,0.9999874374598037,0.9999874374598037,-0.0,0.0,,1000.0,False,False,False,,[]
1315,1315,1316,True,1.0,1.0,1315.0,1316.0,1315.0,1316.0,1316.0,0.0,0.0,0.0,83.40462000000002,0.5150853395462036,0.5150853395462036,0.0,1.0,0.5169620989421695,0.5169620989421695,0.9997156098781717,0.9497156143188477,0.9997156098781717,0.9999893857773758,0.9999893857773758,0.9999874374598037,0.9999874374598037,-0.0,0.0,,1000.0,False,False,False,,[]
1316,1316,1317,True,1.0,1.0,1316.0,1317.0,1316.0,1317.0,1317.0,0.0,0.0,0.0,83.40462000000002,0.5150853395462036,0.5150853395462036,0.0,1.0,0.5169620989421695,0.5169620989421695,0.9997156098781717,0.9497156143188477,0.9997156098781717,0.9999893857773758,0.9999893857773758,0.9999874374598037,0.9999874374598037,-0.0,0.0,,1000.0,False,False,False,,[]
1317,1317,1318,True,1.0,1.0,1317.0,1318.0,1317.0,1318.0,1318.0,0.0,0.0,0.0,83.40462000000002,0.5150853395462036,0.5150853395462036,0.0,1.0,0.5169620989421695,0.5169620989421695,0.9997156098781717,0.9497156143188477,0.9997156098781717,0.9999893857773758,0.9999893857773758,0.9999874374598037,0.9999874374598037,-0.0,0.0,,1000.0,False,False,False,,[]
1318,1318,1319,True,1.0,1.0,1318.0,1319.0,1318.0,1319.0,1319.0,0.0,0.0,0.0,83.40462000000002,0.5150853395462036,0.5150853395462036,0.0,1.0,0.5169620989421695,0.5169620989421695,0.9997156098781717,0.9497156143188477,0.9997156098781717,0.9999893857773758,0.9999893857773758,0.9999874374598037,0.9999874374598037,-0.0,0.0,,1000.0,False,False,False,,[]
1319,1319,1320,True,1.0,1.0,1319.0,1320.0,1319.0,1320.0,1320.0,0.0,0.0,0.0,83.40462000000002,0.5150853395462036,0.5150853395462036,0.0,1.0,0.5169620989421695,0.5169620989421695,0.9997156098781717,0.9497156143188477,0.9997156098781717,0.9999893857773758,0.9999893857773758,0.9999874374598037,0.9999874374598037,-0.0,0.0,,1000.0,False,False,False,,[]
1320,1320,1321,True,1.0,1.0,1320.0,1321.0,1320.0,1321.0,1321.0,0.0,0.0,0.0,83.40462000000002,0.5150853395462036,0.5150853395462036,0.0,1.0,0.5169620989421695,0.5169620989421695,0.9997156098781717,0.9497156143188477,0.9997156098781717,0.9999893857773758,0.9999893857773758,0.9999874374598037,0.9999874374598037,-0.0,0.0,,1000.0,False,False,False,,[]
1321,1321,1322,True,1.0,1.0,1321.0,1322.0,1321.0,1322.0,1322.0,0.0,0.0,0.0,83.40462000000002,0.5150853395462036,0.5150853395462036,0.0,1.0,0.5169620989421695,0.5169620989421695,0.9997156098781717,0.9497156143188477,0.9997156098781717,0.9999893857773758,0.9999893857773758,0.9999874374598037,0.9999874374598037,-0.0,0.0,,1000.0,False,False,False,,[]
1322,1322,1323,True,1.0,1.0,1322.0,1323.0,1322.0,1323.0,1323.0,0.0,0.0,0.0,83.40462000000002,0.5150853395462036,0.5150853395462036,0.0,1.0,0.5169620989421695,0.5169620989421695,0.9997156098781717,0.9497156143188477,0.9997156098781717,0.9999893857773758,0.9999893857773758,0.9999874374598037,0.9999874374598037,-0.0,0.0,,1000.0,False,False,False,,[]
1323,1323,1324,True,1.0,1.0,1323.0,1324.0,1323.0,1324.0,1324.0,0.0,0.0,0.0,83.40462000000002,0.5150853395462036,0.5150853395462036,0.0,1.0,0.5169620989421695,0.5169620989421695,0.9997156098781717,0.9497156143188477,0.9997156098781717,0.9999893857773758,0.9999893857773758,0.9999874374598037,0.9999874374598037,-0.0,0.0,,1000.0,False,False,False,,[]
1324,1324,1325,True,1.0,1.0,1324.0,1325.0,1324.0,1325.0,1325.0,0.0,0.0,0.0,83.40462000000002,0.5150853395462036,0.5150853395462036,0.0,1.0,0.5169620989421695,0.5169620989421695,0.9997156098781717,0.9497156143188477,0.9997156098781717,0.9999893857773758,0.9999893857773758,0.9999874374598037,0.9999874374598037,-0.0,0.0,,1000.0,False,False,False,,[]
1325,1325,1326,True,1.0,1.0,1325.0,1326.0,1325.0,1326.0,1326.0,0.0,0.0,0.0,83.40462000000002,0.5150853395462036,0.5150853395462036,0.0,1.0,0.5169620989421695,0.5169620989421695,0.9997156098781717,0.9497156143188477,0.9997156098781717,0.9999893857773758,0.9999893857773758,0.9999874374598037,0.9999874374598037,-0.0,0.0,,1000.0,False,False,False,,[]
1326,1326,1327,True,1.0,1.0,1326.0,1327.0,1326.0,1327.0,1327.0,0.0,0.0,0.0,83.40462000000002,0.5150853395462036,0.5150853395462036,0.0,1.0,0.5169620989421695,0.5169620989421695,0.9997156098781717,0.9497156143188477,0.9997156098781717,0.9999893857773758,0.9999893857773758,0.9999874374598037,0.9999874374598037,-0.0,0.0,,1000.0,False,False,False,,[]
1327,1327,1328,True,1.0,1.0,1327.0,1328.0,1327.0,1328.0,1328.0,0.0,0.0,0.0,83.40462000000002,0.5150853395462036,0.5150853395462036,0.0,1.0,0.5169620989421695,0.5169620989421695,0.9997156098781717,0.9497156143188477,0.9997156098781717,0.9999893857773758,0.9999893857773758,0.9999874374598037,0.9999874374598037,-0.0,0.0,,1000.0,False,False,False,,[]
1328,1328,1329,True,1.0,1.0,1328.0,1329.0,1328.0,1329.0,1329.0,0.0,0.0,0.0,83.40462000000002,0.5150853395462036,0.5150853395462036,0.0,1.0,0.5169620989421695,0.5169620989421695,0.9997156098781717,0.9497156143188477,0.9997156098781717,0.9999893857773758,0.9999893857773758,0.9999874374598037,0.9999874374598037,-0.0,0.0,,1000.0,False,False,False,,[]
1329,1329,1330,True,1.0,1.0,1329.0,1330.0,1329.0,1330.0,1330.0,0.0,0.0,0.0,83.40462000000002,0.5150853395462036,0.5150853395462036,0.0,1.0,0.5169620989421695,0.5169620989421695,0.9997156098781717,0.9497156143188477,0.9997156098781717,0.9999893857773758,0.9999893857773758,0.9999874374598037,0.9999874374598037,-0.0,0.0,,1000.0,False,False,False,,[]
1330,1330,1331,True,1.0,1.0,1330.0,1331.0,1330.0,1331.0,1331.0,0.0,0.0,0.0,83.40462000000002,0.5150853395462036,0.5150853395462036,0.0,1.0,0.5169620989421695,0.5169620989421695,0.9997156098781717,0.9497156143188477,0.9997156098781717,0.9999893857773758,0.9999893857773758,0.9999874374598037,0.9999874374598037,-0.0,0.0,,1000.0,False,False,False,,[]
1331,1331,1332,True,1.0,1.0,1331.0,1332.0,1331.0,1332.0,1332.0,0.0,0.0,0.0,83.40462000000002,0.5150853395462036,0.5150853395462036,0.0,1.0,0.5169620989421695,0.5169620989421695,0.9997156098781717,0.9497156143188477,0.9997156098781717,0.9999893857773758,0.9999893857773758,0.9999874374598037,0.9999874374598037,-0.0,0.0,,1000.0,False,False,False,,[]
1332,1332,1333,True,1.0,1.0,1332.0,1333.0,1332.0,1333.0,1333.0,0.0,0.0,0.0,83.40462000000002,0.5150853395462036,0.5150853395462036,0.0,1.0,0.5169620989421695,0.5169620989421695,0.9997156098781717,0.9497156143188477,0.9997156098781717,0.9999893857773758,0.9999893857773758,0.9999874374598037,0.9999874374598037,-0.0,0.0,,1000.0,False,False,False,,[]
1333,1333,1334,True,1.0,1.0,1333.0,1334.0,1333.0,1334.0,1334.0,0.0,0.0,0.0,83.40462000000002,0.5150853395462036,0.5150853395462036,0.0,1.0,0.5169620989421695,0.5169620989421695,0.9997156098781717,0.9497156143188477,0.9997156098781717,0.9999893857773758,0.9999893857773758,0.9999874374598037,0.9999874374598037,-0.0,0.0,,1000.0,False,False,False,,[]
1334,1334,1335,True,1.0,1.0,1334.0,1335.0,1334.0,1335.0,1335.0,0.0,0.0,0.0,83.40462000000002,0.5150853395462036,0.5150853395462036,0.0,1.0,0.5169620989421695,0.5169620989421695,0.9997156098781717,0.9497156143188477,0.9997156098781717,0.9999893857773758,0.9999893857773758,0.9999874374598037,0.9999874374598037,-0.0,0.0,,1000.0,False,False,False,,[]
1335,1335,1336,True,1.0,1.0,1335.0,1336.0,1335.0,1336.0,1336.0,0.0,0.0,0.0,83.40462000000002,0.5150853395462036,0.5150853395462036,0.0,1.0,0.5169620989421695,0.5169620989421695,0.9997156098781717,0.9497156143188477,0.9997156098781717,0.9999893857773758,0.9999893857773758,0.9999874374598037,0.9999874374598037,-0.0,0.0,,1000.0,False,False,False,,[]
1336,1336,1337,True,1.0,1.0,1336.0,1337.0,1336.0,1337.0,1337.0,0.0,0.0,0.0,83.40462000000002,0.5150853395462036,0.5150853395462036,0.0,1.0,0.5169620989421695,0.5169620989421695,0.9997156098781717,0.9497156143188477,0.9997156098781717,0.9999893857773758,0.9999893857773758,0.9999874374598037,0.9999874374598037,-0.0,0.0,,1000.0,False,False,False,,[]
1337,1337,1338,True,1.0,1.0,1337.0,1338.0,1337.0,1338.0,1338.0,0.0,0.0,2.414016,453.97619280000004,0.5150853395462036,0.5150853395462036,0.0,1.0,0.5169620989421695,0.5169482209594073,0.9997156098781717,0.9497156143188477,0.9997155836880278,0.9999893857773758,0.9999893838620312,0.9999874374598037,0.9999874353561229,-0.9183055078249411,-3.5971731319529185,,979.8964228518129,False,False,False,,[]
1338,1338,1339,True,1.0,1.0,1338.0,1339.0,1338.0,1339.0,1339.0,0.0,2.414016,7.7248512,898.710414801395,0.5150853395462036,0.5150853395462036,0.0,1.0,0.5169482209594073,0.5168327956103295,0.9997155836880278,0.9497155547142029,0.9997153431101069,0.9999893838620312,0.9999893679369039,0.9999874353561229,0.999987417865075,-7.63524848913043,-29.918250480961667,,852.5881002594648,False,False,False,,[]
1339,1339,1340,True,1.0,1.0,1339.0,1340.0,1339.0,1340.0,1340.0,0.0,7.7248512,13.0356864,899.1570268878853,0.5150853991508484,0.5150853991508484,0.0,1.0,0.5168327956103295,0.5166490630911693,0.9997153431101069,0.9497153162956238,0.999714958547125,0.9999893679369039,0.9999893612787809,0.999987417865075,0.9999873820322783,-12.150531286305375,-47.623468966310526,,790.714020960287,False,False,False,,[]
1340,1340,1341,True,1.0,1.0,1340.0,1341.0,1340.0,1341.0,1341.0,0.0,13.0356864,18.346521600000003,900.0715183030798,0.5150855183601379,0.5150855183601379,0.0,1.0,0.5166490630911693,0.5163969603934854,0.999714958547125,0.9497149586677551,0.9997144479774748,0.9999893612787809,0.9999893477685922,0.9999873820322783,0.9999873396533445,-16.667152288916675,-65.34501923968972,,735.8087589252459,False,False,False,,[]
1341,1341,1342,True,1.0,1.0,1341.0,1342.0,1341.0,1342.0,1342.0,0.0,18.346521600000003,21.2433408,530.8823162469771,0.5150856971740723,0.5150856971740723,0.0,1.0,0.5163969603934854,0.51624604083939,0.9997144479774748,0.9497144222259521,0.999714127663509,0.9999893477685922,0.999989340272064,0.9999873396533445,0.9999873314196932,-9.979847032673838,-39.118348421521524,,834.2502228765628,False,False,False,,[]
1342,1342,1343,True,1.0,1.0,1342.0,1343.0,1342.0,1343.0,1343.0,0.0,21.2433408,24.3010944,556.5383135096322,0.515085756778717,0.515085756778717,0.0,1.0,0.51624604083939,0.5160520216587482,0.999714127663509,0.9497141242027283,0.9997137234375707,0.999989340272064,0.9999893264648352,0.9999873314196932,0.9999873156775466,-12.827455707189268,-50.28977162234766,,791.1447798588933,False,False,False,,[]
1343,1343,1344,True,1.0,1.0,1343.0,1344.0,1343.0,1344.0,1344.0,0.0,24.3010944,27.036979200000005,508.28386098866,0.5150858759880066,0.5150858759880066,0.0,1.0,0.5160520216587482,0.5158531553268434,0.9997137234375707,0.9497137069702148,0.9997133100289491,0.9999893264648352,0.9999893136654974,0.9999873156775466,0.9999872986661226,-13.146778889892191,-51.546153229710875,,787.3904422681096,False,False,False,,[]
1344,1344,1345,True,1.0,1.0,1344.0,1345.0,1344.0,1345.0,1345.0,0.0,27.036979200000005,29.450995200000005,460.0392902165934,0.5150859951972961,0.5150859951972961,0.0,1.0,0.5158531553268434,0.5156556913607341,0.9997133100289491,0.9497132897377014,0.9997128992715307,0.9999893136654974,0.9999893019901686,0.9999872986661226,0.9999872810946935,-13.053189375827303,-51.182660015538865,,788.7763648949141,False,False,False,,[]
1345,1345,1346,True,1.0,1.0,1345.0,1346.0,1345.0,1346.0,1346.0,0.0,29.450995200000005,31.382208000000002,387.05600626523784,0.5150861144065857,0.5150861144065857,0.0,1.0,0.5156556913607341,0.5154816021819165,0.9997128992715307,0.949712872505188,0.9997125333536631,0.9999893019901686,0.9999892895223625,0.9999872810946935,0.9999872718705862,-11.508067587509688,-45.12391514950309,,811.4427192951335,False,False,False,,[]
1346,1346,1347,True,1.0,1.0,1346.0,1347.0,1346.0,1347.0,1347.0,0.0,31.382208000000002,32.6696832,289.2113465557611,0.5150862336158752,0.5150862336158752,0.0,1.0,0.5154816021819165,0.5153395041339224,0.9997125333536631,0.9497125148773193,0.9997122306905665,0.9999892895223625,0.9999892782359856,0.9999872718705862,0.9999872615391264,-9.393720110239181,-36.83181404007718,,837.5334277963933,False,False,False,,[]
1347,1347,1348,True,1.0,1.0,1347.0,1348.0,1347.0,1348.0,1348.0,0.0,32.6696832,34.2790272,339.30487847665944,0.5150863528251648,0.5150863528251648,0.0,1.0,0.5153395041339224,0.5151581574113373,0.9997122306905665,0.9497122168540955,0.9997118507215792,0.9999892782359856,0.9999892622654477,0.9999872615391264,0.9999872452959823,-11.986361068523818,-47.00507049405694,,799.0045659988641,False,False,False,,[]
1348,1348,1349,True,1.0,1.0,1348.0,1349.0,1348.0,1349.0,1349.0,0.0,34.2790272,35.2446336,241.3794462108959,0.5150864124298096,0.5150864124298096,0.0,1.0,0.5151581574113373,0.5150263231785801,0.9997118507215792,0.9497118592262268,0.999711571496654,0.9999892622654477,0.9999892479929666,0.9999872452959823,0.9999872387217885,-8.714619910286292,-34.17143313067259,,847.0244960416596,False,False,False,,[]
1349,1349,1350,True,1.0,1.0,1349.0,1350.0,1349.0,1350.0,1350.0,0.0,35.2446336,35.566502400000005,143.11717519976708,0.5150865316390991,0.5150865316390991,0.0,1.0,0.5150263231785801,0.5149456044295798,0.999711571496654,0.9497115612030029,0.999711408873014,0.9999892479929666,0.9999892386981966,0.9999872387217885,0.9999872347516763,-5.336414549744927,-20.922299740868034,,900.7012898311095,False,False,False,,[]
1350,1350,1351,True,1.0,1.0,1350.0,1351.0,1350.0,1351.0,1351.0,0.0,35.566502400000005,36.0493056,168.01098887277752,0.5150865912437439,0.5150865912437439,0.0,1.0,0.5149456044295798,0.5148505629185274,0.999711408873014,0.9497113823890686,0.9997112146915806,0.9999892386981966,0.9999892281425276,0.9999872347516763,0.9999872300380407,-6.2829548949688725,-24.634759664792227,,885.1680680073955,False,False,False,,[]
1351,1351,1352,True,1.0,1.0,1351.0,1352.0,1351.0,1352.0,1352.0,0.0,36.0493056,35.405568,-4.635626228277335,0.5150866508483887,0.5150866508483887,0.0,1.0,0.5148505629185274,0.5148518804579343,0.9997112146915806,0.9497112035751343,0.9997112122355218,0.9999892281425276,0.9999892277880895,0.9999872300380407,0.9999872294225782,0.08712414304438391,0.34150621427069117,,1000.10204344538,False,False,False,,[]
1352,1352,1353,True,1.0,1.0,1352.0,1353.0,1352.0,1353.0,1353.0,0.0,35.405568,34.76183040000001,-5.017147664354535,0.5150866508483887,0.5150866508483887,0.0,1.0,0.5148518804579343,0.514853282124286,0.9997112122355218,0.9497112035751343,0.9997112096224248,0.9999892277880895,0.9999892274113924,0.9999872294225782,0.9999872287702463,0.09268990703789894,0.3633119183815882,,1000.1113399555982,False,False,False,,[]
1353,1353,1354,True,1.0,1.0,1353.0,1354.0,1353.0,1354.0,1354.0,0.0,34.76183040000001,33.957158400000004,-30.096566360324825,0.5150866508483887,0.5150866508483887,0.0,1.0,0.514853282124286,0.5148620668901329,0.9997112096224248,0.9497112035751343,0.9997111931264553,0.9999892274113924,0.9999892251983298,0.9999872287702463,0.9999872256261048,0.5809523056161483,2.2770113075226517,,1001.7811315633634,False,False,False,,[]
1354,1354,1355,True,1.0,1.0,1354.0,1355.0,1354.0,1355.0,1355.0,0.0,33.957158400000004,32.991552,-55.25997992200731,0.5150866508483887,0.5150866508483887,0.0,1.0,0.5148620668901329,0.5148788591291286,0.9997111931264553,0.9497112035751343,0.9997111613461338,0.9999892251983298,0.999989221306021,0.9999872256261048,0.9999872212734814,1.1105630198814551,4.352548347669433,,1005.3982594031081,False,False,False,,[]
1355,1355,1356,True,1.0,1.0,1355.0,1356.0,1355.0,1356.0,1356.0,0.0,32.991552,32.18688,-31.09140069054799,0.5150866508483887,0.5150866508483887,0.0,1.0,0.5148788591291286,0.5148874875511551,0.9997111613461338,0.9497111439704895,0.9997111451462235,0.999989221306021,0.9999892191375971,0.9999872212734814,0.9999872182195094,0.5706492191460922,2.236486989282353,,1001.789230776275,False,False,False,,[]
1356,1356,1357,True,1.0,1.0,1356.0,1357.0,1356.0,1357.0,1357.0,0.0,32.18688,31.543142400000004,-6.821640943103673,0.5150866508483887,0.5150866508483887,0.0,1.0,0.5148874875511551,0.5148892266184757,0.9997111451462235,0.9497111439704895,0.9997111419030466,0.9999892191375971,0.9999892186724043,0.9999872182195094,0.9999872174243375,0.11501574129075229,0.4507662494932579,,1000.1544087625632,False,False,False,,[]
1357,1357,1358,True,1.0,1.0,1357.0,1358.0,1357.0,1358.0,1358.0,0.0,31.543142400000004,29.772864000000002,-180.09531745852541,0.5150866508483887,0.5150866508483887,0.0,1.0,0.5148892266184757,0.5149494098225381,0.9997111419030466,0.9497111439704895,0.9997110230637956,0.9999892186724043,0.9999892106594328,0.9999872174243375,0.9999872128218247,3.981135168352286,15.599486492970616,,1037.0042465745687,False,False,False,,[]
1358,1358,1359,True,1.0,1.0,1358.0,1359.0,1358.0,1359.0,1359.0,0.0,29.772864000000002,28.163520000000002,-156.29085919224403,0.5150867104530334,0.5150867104530334,0.0,1.0,0.5149494098225381,0.5149979704480936,0.9997110230637956,0.9497110247612,0.9997109282588598,0.9999892106594328,0.9999892037600291,0.9999872128218247,0.9999872084455215,3.212337744456607,12.586914143974303,,1028.5996210733488,False,False,False,,[]
1359,1359,1360,True,1.0,1.0,1359.0,1360.0,1359.0,1360.0,1360.0,0.0,28.163520000000002,26.554176000000002,-157.06421345456368,0.5150867104530334,0.5150867104530334,0.0,1.0,0.5149979704480936,0.5150401850165474,0.9997109282588598,0.9497109055519104,0.9997108463533971,0.9999892037600291,0.999989195135404,0.9999872084455215,0.9999872018693281,2.792601787121492,10.942016143204572,,1019.1843139467204,False,False,False,,[]
1360,1360,1361,True,1.0,1.0,1360.0,1361.0,1360.0,1361.0,1361.0,0.0,26.554176000000002,24.944832,-157.79460359120037,0.5150867700576782,0.5150867700576782,0.0,1.0,0.5150401850165474,0.5150806522423858,0.9997108463533971,0.9497108459472656,0.9997107679722568,0.999989195135404,0.999989187588406,0.9999872018693281,0.999987195632663,2.677098616405109,10.489104937322178,,1019.2074212887783,False,False,False,,[]
1361,1361,1362,True,1.0,1.0,1361.0,1362.0,1361.0,1362.0,1362.0,0.0,24.944832,22.530816,-282.0058872021519,0.5150867700576782,0.5150867700576782,0.0,1.0,0.5150806522423858,0.5151499289879783,0.9997107679722568,0.9497107267379761,0.9997106299543215,0.999989187588406,0.9999891762516084,0.999987195632663,0.9999871873462595,4.583567483495443,17.956532457590825,,1037.1848944601106,False,False,False,,[]
1362,1362,1363,True,1.0,1.0,1362.0,1363.0,1362.0,1363.0,1363.0,0.0,22.530816,17.702784,-653.5280412829211,0.515086829662323,0.515086829662323,0.0,1.0,0.5151499289879783,0.515302730914049,0.9997106299543215,0.9497106075286865,0.9997103058940704,0.9999891762516084,0.9999891668731382,0.9999871873462595,0.9999871770456641,10.112994539138665,39.60625923751639,,1111.9967984770801,False,False,False,,[]
1363,1363,1364,True,1.0,1.0,1363.0,1364.0,1363.0,1364.0,1364.0,0.0,17.702784,12.874752,-655.1391959960891,0.5150868892669678,0.5150868892669678,0.0,1.0,0.515302730914049,0.5153918336226508,0.9997103058940704,0.9497103095054626,0.9997101249009203,0.9999891668731382,0.9999891539181938,0.9999871770456641,0.9999871417897219,5.896443000976473,23.09542206959698,,1023.3241221898695,False,False,False,,[]
1364,1364,1365,True,1.0,1.0,1364.0,1365.0,1364.0,1365.0,1365.0,0.0,12.874752,8.368588800000001,-606.9541305380964,0.5150869488716125,0.5150869488716125,0.0,1.0,0.5153918336226508,0.515451028029138,0.9997101249009203,0.9497101306915283,0.9997100081271844,0.9999891539181938,0.9999891493192545,0.9999871417897219,0.9999871170392283,3.9170716438649062,15.343190161463701,,1018.5037690883576,False,False,False,,[]
1365,1365,1366,True,1.0,1.0,1365.0,1366.0,1365.0,1366.0,1366.0,0.0,8.368588800000001,4.02336,-583.0433360607461,0.5150870084762573,0.5150870084762573,0.0,1.0,0.515451028029138,0.5154748263308688,0.9997100081271844,0.9497100114822388,0.9997099627777145,0.9999891493192545,0.9999891366918074,0.9999871170392283,0.9999871031702148,1.57468889573053,6.168519808635291,,992.8188362822414,False,False,False,,[]
1366,1366,1367,True,1.0,1.0,1366.0,1367.0,1366.0,1367.0,1367.0,0.0,4.02336,0.0,-534.0804051072361,0.5150870084762573,0.5150870084762573,0.0,1.0,0.5154748263308688,0.5154819043964227,0.9997099627777145,0.949709951877594,0.9997099495087469,0.9999891366918074,0.9999891329362826,0.9999871031702148,0.9999870990454359,0.46832771227907993,1.8346345915589273,,997.8753886361802,False,False,False,,[]
1367,1367,1368,True,1.0,1.0,1367.0,1368.0,1367.0,1368.0,1368.0,0.0,0.0,0.0,83.40462000000002,0.5150870084762573,0.5150870084762573,0.0,1.0,0.5154819043964227,0.5154819043964227,0.9997099495087469,0.949709951877594,0.9997099495087469,0.9999891329362826,0.9999891329362826,0.9999870990454359,0.9999870990454359,-0.0,0.0,,1000.0,False,False,False,,[]
1368,1368,1369,True,1.0,1.0,1368.0,1369.0,1368.0,1369.0,1369.0,0.0,0.0,0.0,83.40462000000002,0.5150870084762573,0.5150870084762573,0.0,1.0,0.5154819043964227,0.5154819043964227,0.9997099495087469,0.949709951877594,0.9997099495087469,0.9999891329362826,0.9999891329362826,0.9999870990454359,0.9999870990454359,-0.0,0.0,,1000.0,False,False,False,,[]
1369,1369,1370,True,1.0,1.0,1369.0,1370.0,1369.0,1370.0,1370.0,0.0,0.0,0.0,83.40462000000002,0.5150870084762573,0.5150870084762573,0.0,1.0,0.5154819043964227,0.5154819043964227,0.9997099495087469,0.949709951877594,0.9997099495087469,0.9999891329362826,0.9999891329362826,0.9999870990454359,0.9999870990454359,-0.0,0.0,,1000.0,False,False,False,,[]
1370,1370,1371,True,1.0,1.0,1370.0,1371.0,1370.0,1371.0,1371.0,0.0,0.0,0.0,83.40462000000002,0.5150870084762573,0.5150870084762573,0.0,1.0,0.5154819043964227,0.5154819043964227,0.9997099495087469,0.949709951877594,0.9997099495087469,0.9999891329362826,0.9999891329362826,0.9999870990454359,0.9999870990454359,-0.0,0.0,,1000.0,False,False,False,,[]
1371,1371,1372,True,1.0,1.0,1371.0,1372.0,1371.0,1372.0,1372.0,0.0,0.0,0.0,83.40462000000002,0.5150870084762573,0.5150870084762573,0.0,1.0,0.5154819043964227,0.5154819043964227,0.9997099495087469,0.949709951877594,0.9997099495087469,0.9999891329362826,0.9999891329362826,0.9999870990454359,0.9999870990454359,-0.0,0.0,,1000.0,False,False,False,,[]
1372,1372,1373,True,1.0,1.0,1372.0,1373.0,1372.0,1373.0,1373.0,0.0,0.0,0.0,83.40462000000002,0.5150870084762573,0.5150870084762573,0.0,1.0,0.5154819043964227,0.5154819043964227,0.9997099495087469,0.949709951877594,0.9997099495087469,0.9999891329362826,0.9999891329362826,0.9999870990454359,0.9999870990454359,-0.0,0.0,,1000.0,False,False,False,,[]
1373,1373,1374,True,1.0,1.0,1373.0,1374.0,1373.0,1374.0,1374.0,0.0,0.0,0.0,83.40462000000002,0.5150870084762573,0.5150870084762573,0.0,1.0,0.5154819043964227,0.5154819043964227,0.9997099495087469,0.949709951877594,0.9997099495087469,0.9999891329362826,0.9999891329362826,0.9999870990454359,0.9999870990454359,-0.0,0.0,,1000.0,False,False,False,,[]
1374,1374,1375,True,1.0,1.0,1374.0,1375.0,1374.0,1375.0,1375.0,0.0,0.0,0.0,83.40462000000002,0.5150870084762573,0.5150870084762573,0.0,1.0,0.5154819043964227,0.5154819043964227,0.9997099495087469,0.949709951877594,0.9997099495087469,0.9999891329362826,0.9999891329362826,0.9999870990454359,0.9999870990454359,-0.0,0.0,,1000.0,False,False,False,,[]
1375,1375,1376,True,1.0,1.0,1375.0,1376.0,1375.0,1376.0,1376.0,0.0,0.0,0.0,83.40462000000002,0.5150870084762573,0.5150870084762573,0.0,1.0,0.5154819043964227,0.5154819043964227,0.9997099495087469,0.949709951877594,0.9997099495087469,0.9999891329362826,0.9999891329362826,0.9999870990454359,0.9999870990454359,-0.0,0.0,,1000.0,False,False,False,,[]
1376,1376,1377,True,1.0,1.0,1376.0,1377.0,1376.0,1377.0,1377.0,0.0,0.0,0.0,83.40462000000002,0.5150870084762573,0.5150870084762573,0.0,1.0,0.5154819043964227,0.5154819043964227,0.9997099495087469,0.949709951877594,0.9997099495087469,0.9999891329362826,0.9999891329362826,0.9999870990454359,0.9999870990454359,-0.0,0.0,,1000.0,False,False,False,,[]
1377,1377,1378,True,1.0,1.0,1377.0,1378.0,1377.0,1378.0,1378.0,0.0,0.0,0.0,83.40462000000002,0.5150870084762573,0.5150870084762573,0.0,1.0,0.5154819043964227,0.5154819043964227,0.9997099495087469,0.949709951877594,0.9997099495087469,0.9999891329362826,0.9999891329362826,0.9999870990454359,0.9999870990454359,-0.0,0.0,,1000.0,False,False,False,,[]
1378,1378,1379,True,1.0,1.0,1378.0,1379.0,1378.0,1379.0,1379.0,0.0,0.0,0.0,83.40462000000002,0.5150870084762573,0.5150870084762573,0.0,1.0,0.5154819043964227,0.5154819043964227,0.9997099495087469,0.949709951877594,0.9997099495087469,0.9999891329362826,0.9999891329362826,0.9999870990454359,0.9999870990454359,-0.0,0.0,,1000.0,False,False,False,,[]
1379,1379,1380,True,1.0,1.0,1379.0,1380.0,1379.0,1380.0,1380.0,0.0,0.0,0.0,83.40462000000002,0.5150870084762573,0.5150870084762573,0.0,1.0,0.5154819043964227,0.5154819043964227,0.9997099495087469,0.949709951877594,0.9997099495087469,0.9999891329362826,0.9999891329362826,0.9999870990454359,0.9999870990454359,-0.0,0.0,,1000.0,False,False,False,,[]
1380,1380,1381,True,1.0,1.0,1380.0,1381.0,1380.0,1381.0,1381.0,0.0,0.0,0.0,83.40462000000002,0.5150870084762573,0.5150870084762573,0.0,1.0,0.5154819043964227,0.5154819043964227,0.9997099495087469,0.949709951877594,0.9997099495087469,0.9999891329362826,0.9999891329362826,0.9999870990454359,0.9999870990454359,-0.0,0.0,,1000.0,False,False,False,,[]
1381,1381,1382,True,1.0,1.0,1381.0,1382.0,1381.0,1382.0,1382.0,0.0,0.0,0.0,83.40462000000002,0.5150870084762573,0.5150870084762573,0.0,1.0,0.5154819043964227,0.5154819043964227,0.9997099495087469,0.949709951877594,0.9997099495087469,0.9999891329362826,0.9999891329362826,0.9999870990454359,0.9999870990454359,-0.0,0.0,,1000.0,False,False,False,,[]
1382,1382,1383,True,1.0,1.0,1382.0,1383.0,1382.0,1383.0,1383.0,0.0,0.0,0.0,83.40462000000002,0.5150870084762573,0.5150870084762573,0.0,1.0,0.5154819043964227,0.5154819043964227,0.9997099495087469,0.949709951877594,0.9997099495087469,0.9999891329362826,0.9999891329362826,0.9999870990454359,0.9999870990454359,-0.0,0.0,,1000.0,False,False,False,,[]
1383,1383,1384,True,1.0,1.0,1383.0,1384.0,1383.0,1384.0,1384.0,0.0,0.0,0.0,83.40462000000002,0.5150870084762573,0.5150870084762573,0.0,1.0,0.5154819043964227,0.5154819043964227,0.9997099495087469,0.949709951877594,0.9997099495087469,0.9999891329362826,0.9999891329362826,0.9999870990454359,0.9999870990454359,-0.0,0.0,,1000.0,False,False,False,,[]
1384,1384,1385,True,1.0,1.0,1384.0,1385.0,1384.0,1385.0,1385.0,0.0,0.0,0.0,83.40462000000002,0.5150870084762573,0.5150870084762573,0.0,1.0,0.5154819043964227,0.5154819043964227,0.9997099495087469,0.949709951877594,0.9997099495087469,0.9999891329362826,0.9999891329362826,0.9999870990454359,0.9999870990454359,-0.0,0.0,,1000.0,False,False,False,,[]
1385,1385,1386,True,1.0,1.0,1385.0,1386.0,1385.0,1386.0,1386.0,0.0,0.0,0.0,83.40462000000002,0.5150870084762573,0.5150870084762573,0.0,1.0,0.5154819043964227,0.5154819043964227,0.9997099495087469,0.949709951877594,0.9997099495087469,0.9999891329362826,0.9999891329362826,0.9999870990454359,0.9999870990454359,-0.0,0.0,,1000.0,False,False,False,,[]
1386,1386,1387,True,1.0,1.0,1386.0,1387.0,1386.0,1387.0,1387.0,0.0,0.0,0.0,83.40462000000002,0.5150870084762573,0.5150870084762573,0.0,1.0,0.5154819043964227,0.5154819043964227,0.9997099495087469,0.949709951877594,0.9997099495087469,0.9999891329362826,0.9999891329362826,0.9999870990454359,0.9999870990454359,-0.0,0.0,,1000.0,False,False,False,,[]
1387,1387,1388,True,1.0,1.0,1387.0,1388.0,1387.0,1388.0,1388.0,0.0,0.0,0.0,83.40462000000002,0.5150870084762573,0.5150870084762573,0.0,1.0,0.5154819043964227,0.5154819043964227,0.9997099495087469,0.949709951877594,0.9997099495087469,0.9999891329362826,0.9999891329362826,0.9999870990454359,0.9999870990454359,-0.0,0.0,,1000.0,False,False,False,,[]
1388,1388,1389,True,1.0,1.0,1388.0,1389.0,1388.0,1389.0,1389.0,0.0,0.0,0.0,83.40462000000002,0.5150870084762573,0.5150870084762573,0.0,1.0,0.5154819043964227,0.5154819043964227,0.9997099495087469,0.949709951877594,0.9997099495087469,0.9999891329362826,0.9999891329362826,0.9999870990454359,0.9999870990454359,-0.0,0.0,,1000.0,False,False,False,,[]
1389,1389,1390,True,1.0,1.0,1389.0,1390.0,1389.0,1390.0,1390.0,0.0,0.0,4.828032,824.5477656000002,0.5150870084762573,0.5150870084762573,0.0,1.0,0.5154819043964227,0.5154314880826593,0.9997099495087469,0.949709951877594,0.9997098509021058,0.9999891329362826,0.9999891259786567,0.9999870990454359,0.9999870914037166,-3.335799394876236,-13.067908527485514,,930.3395921534393,False,False,False,,[]
1390,1390,1391,True,1.0,1.0,1390.0,1391.0,1390.0,1391.0,1391.0,0.0,4.828032,9.495129600000002,800.0363326455804,0.5150870680809021,0.5150870680809021,0.0,1.0,0.5154314880826593,0.5152863201659139,0.9997098509021058,0.9497098326683044,0.9997095420790223,0.9999891259786567,0.999989105951294,0.9999870914037166,0.9999870694072119,-9.602019170734039,-37.62752402039382,,820.9681218642617,False,False,False,,[]
1391,1391,1392,True,1.0,1.0,1391.0,1392.0,1391.0,1392.0,1392.0,0.0,9.495129600000002,13.8403584,751.1812416475383,0.5150871276855469,0.5150871276855469,0.0,1.0,0.5152863201659139,0.5151091761900638,0.9997095420790223,0.9497095346450806,0.99970917023294,0.999989105951294,0.9999890959585377,0.9999870694072119,0.9999870357586398,-11.715191634629571,-45.91571854035692,,794.9315719324441,False,False,False,,[]
1392,1392,1393,True,1.0,1.0,1392.0,1393.0,1392.0,1393.0,1393.0,0.0,13.8403584,18.507456,801.4318074478125,0.5150872468948364,0.5150872468948364,0.0,1.0,0.5151091761900638,0.5149010739792507,0.99970917023294,0.9497091770172119,0.9997087394770754,0.9999890959585377,0.9999890867117529,0.9999870357586398,0.9999870077349272,-13.760263689611248,-53.940093042770755,,776.1273806374627,False,False,False,,[]
1393,1393,1394,True,1.0,1.0,1393.0,1394.0,1393.0,1394.0,1394.0,0.0,18.507456,23.013619200000004,777.9792253708866,0.515087366104126,0.515087366104126,0.0,1.0,0.5149010739792507,0.5146618194173261,0.9997087394770754,0.9497087001800537,0.9997082517134473,0.9999890867117529,0.9999890751900699,0.9999870077349272,0.9999869881901684,-15.817286671807345,-62.01478245083723,,758.0941523546177,False,False,False,,[]
1394,1394,1395,True,1.0,1.0,1394.0,1395.0,1394.0,1395.0,1395.0,0.0,23.013619200000004,27.1979136,730.1215465506091,0.5150875449180603,0.5150875449180603,0.0,1.0,0.5146618194173261,0.5143907773737484,0.9997082517134473,0.9497082233428955,0.9997077083148354,0.9999890751900699,0.9999890615646146,0.9999869881901684,0.9999869670716252,-17.915306789186268,-70.25409769534191,,735.226053428366,False,False,False,,[]
1395,1395,1396,True,1.0,1.0,1395.0,1396.0,1395.0,1396.0,1396.0,0.0,27.1979136,27.841651200000005,188.35919804837286,0.5150877237319946,0.5150877237319946,0.0,1.0,0.5143907773737484,0.5143024513642103,0.9997077083148354,0.9497076869010925,0.9997075290356553,0.9999890615646146,0.9999890511299359,0.9999869670716252,0.9999869592387134,-5.840910191087475,-22.894101672281316,,889.2671095293097,False,False,False,,[]
1396,1396,1397,True,1.0,1.0,1396.0,1397.0,1396.0,1397.0,1397.0,0.0,27.841651200000005,29.129126400000004,287.47215874805437,0.5150877237319946,0.5150877237319946,0.0,1.0,0.5143024513642103,0.5141733816162605,0.9997075290356553,0.9497075080871582,0.9997072564042133,0.9999890511299359,0.9999890409173638,0.9999869592387134,0.9999869473586611,-8.533967636268734,-33.45487866859975,,848.5899075122159,False,False,False,,[]
1397,1397,1398,True,1.0,1.0,1397.0,1398.0,1397.0,1398.0,1398.0,0.0,29.129126400000004,33.3134208,732.7664181277457,0.5150878429412842,0.5150878429412842,0.0,1.0,0.5141733816162605,0.5138398971176439,0.9997072564042133,0.9497072696685791,0.9997066119107632,0.9999890409173638,0.9999890213331045,0.9999869473586611,0.9999869286132727,-22.034605605449425,-86.4391820414312,,696.2510750794943,False,False,False,,[]
1398,1398,1399,True,1.0,1.0,1398.0,1399.0,1398.0,1399.0,1399.0,0.0,33.3134208,34.9227648,339.65718430727117,0.5150880217552185,0.5150880217552185,0.0,1.0,0.5138398971176439,0.5136615655829354,0.9997066119107632,0.9497066140174866,0.9997062377655188,0.9999890213331045,0.9999890076721322,0.9999869286132727,0.9999869146527282,-11.787304089516562,-46.22353379644089,,804.2673938962937,False,False,False,,[]
1399,1399,1400,True,1.0,1.0,1399.0,1400.0,1399.0,1400.0,1400.0,0.0,34.9227648,36.0493056,266.4537092117821,0.5150881409645081,0.5150881409645081,0.0,1.0,0.5136615655829354,0.5135191121994804,0.9997062377655188,0.9497061967849731,0.9997059343884585,0.9999890076721322,0.9999889956876445,0.9999869146527282,0.99998690724445,-9.41637154775124,-36.92391699151967,,838.796797677915,False,False,False,,[]
1400,1400,1401,True,1.0,1.0,1400.0,1401.0,1400.0,1401.0,1401.0,0.0,36.0493056,36.21024,118.88823137172203,0.5150882005691528,0.5150882005691528,0.0,1.0,0.5135191121994804,0.5134494636738105,0.9997059343884585,0.9497058987617493,0.9997057955793613,0.9999889956876445,0.9999889871058726,0.99998690724445,0.9999869038790083,-4.6047411979615624,-18.052897853645927,,912.8446515709087,False,False,False,,[]
1401,1401,1402,True,1.0,1.0,1401.0,1402.0,1401.0,1402.0,1402.0,0.0,36.21024,35.566502400000005,-4.5391717661146975,0.5150882601737976,0.5150882601737976,0.0,1.0,0.5134494636738105,0.5134507592395704,0.9997057955793613,0.9497057795524597,0.9997057931643161,0.9999889871058726,0.999988986757245,0.9999869038790083,0.9999869032732223,0.08567359581474414,0.3358106449750707,,1000.0996575038213,False,False,False,,[]
1402,1402,1403,True,1.0,1.0,1402.0,1403.0,1402.0,1403.0,1403.0,0.0,35.566502400000005,34.600896000000006,-54.331954807221564,0.5150882601737976,0.5150882601737976,0.0,1.0,0.5134507592395704,0.5134681039139104,0.9997057931643161,0.9497057795524597,0.9997057603207327,0.999988986757245,0.9999889827457924,0.9999869032732223,0.99998689883879,1.1470653217932103,4.495739588922135,,1005.6461309319999,False,False,False,,[]
1403,1403,1404,True,1.0,1.0,1403.0,1404.0,1403.0,1404.0,1404.0,0.0,34.600896000000006,33.6352896,-54.89392557117554,0.5150882601737976,0.5150882601737976,0.0,1.0,0.5134681039139104,0.5134851233161972,0.9997057603207327,0.9497057199478149,0.9997057281033322,0.9999889827457924,0.9999889788064789,0.99998689883879,0.9999868944521365,1.125591821215914,4.411429072756472,,1005.5017993878766,False,False,False,,[]
1404,1404,1405,True,1.0,1.0,1404.0,1405.0,1404.0,1405.0,1405.0,0.0,33.6352896,32.8306176,-30.735657729881474,0.5150882601737976,0.5150882601737976,0.0,1.0,0.5134851233161972,0.5134938137492856,0.9997057281033322,0.9497057199478149,0.999705711786006,0.9999889788064789,0.9999889766205159,0.9999868944521365,0.999986891363837,0.5747529264933656,2.2525602565150944,,1001.787627901511,False,False,False,,[]
1405,1405,1406,True,1.0,1.0,1405.0,1406.0,1405.0,1406.0,1406.0,0.0,32.8306176,31.865011200000005,-55.88403384757243,0.5150882601737976,0.5150882601737976,0.0,1.0,0.5134938137492856,0.5135103070966304,0.999705711786006,0.9497057199478149,0.9997056805804807,0.9999889766205159,0.9999889729115592,0.999986891363837,0.9999868871046433,1.0908669899412766,4.275075631757237,,1005.4340133657396,False,False,False,,[]
1406,1406,1407,True,1.0,1.0,1406.0,1407.0,1406.0,1407.0,1407.0,0.0,31.865011200000005,27.358848000000002,-599.9071546433286,0.5150883197784424,0.5150883197784424,0.0,1.0,0.5135103070966304,0.5137121581917683,0.9997056805804807,0.9497056603431702,0.9997052615441298,0.9999889729115592,0.9999889552755072,0.9999868871046433,0.9999868731862657,13.358604945535557,52.319803859763084,,1147.3061080266266,False,False,False,,[]
1407,1407,1408,True,1.0,1.0,1407.0,1408.0,1407.0,1408.0,1408.0,0.0,27.358848000000002,23.979225600000003,-429.1872657585922,0.5150884389877319,0.5150884389877319,0.0,1.0,0.5137121581917683,0.5138303943084156,0.9997052615441298,0.9497052431106567,0.9997050144292481,0.9999889552755072,0.999988942272598,0.9999868731862657,0.9999868582535927,7.823715467427958,30.64680143499147,,1070.192933890454,False,False,False,,[]
1408,1408,1409,True,1.0,1.0,1408.0,1409.0,1408.0,1409.0,1409.0,0.0,23.979225600000003,23.979225600000003,88.17385277160572,0.5150884985923767,0.5150884985923767,0.0,1.0,0.5138303943084156,0.5137922004755309,0.9997050144292481,0.9497050046920776,0.999704940615795,0.999988942272598,0.9999889377477238,0.9999868582535927,0.9999868538206269,-2.5262284982336523,-9.899841483726021,,948.2870452793549,False,False,False,,[]
1409,1409,1410,True,1.0,1.0,1409.0,1410.0,1409.0,1410.0,1410.0,0.0,23.979225600000003,24.4620288,162.28816733160477,0.5150884985923767,0.5150884985923767,0.0,1.0,0.5137922004755309,0.5137258513146872,0.999704940615795,0.9497049450874329,0.9997048088084292,0.9999889377477238,0.9999889299414748,0.9999868538206269,0.9999868482355914,-4.388091516435908,-17.197702490672064,,914.9790639214889,False,False,False,,[]
1410,1410,1411,True,1.0,1.0,1410.0,1411.0,1410.0,1411.0,1411.0,0.0,24.4620288,24.944832,162.48215035907165,0.5150885581970215,0.5150885581970215,0.0,1.0,0.5137258513146872,0.5136575605618982,0.9997048088084292,0.9497048258781433,0.9997046728860263,0.9999889299414748,0.9999889219844005,0.9999868482355914,0.9999868420696656,-4.516411506142056,-17.700963122912814,,912.4037698899851,False,False,False,,[]
1411,1411,1412,True,1.0,1.0,1411.0,1412.0,1411.0,1412.0,1412.0,0.0,24.944832,25.749504,212.089543197848,0.5150886178016663,0.5150886178016663,0.0,1.0,0.5136575605618982,0.5135676147841765,0.9997046728860263,0.949704647064209,0.9997044900296128,0.9999889219844005,0.9999889120699902,0.9999868420696656,0.9999868339989465,-5.948076917206474,-23.313945585459255,,887.9287037413986,False,False,False,,[]
1412,1412,1413,True,1.0,1.0,1412.0,1413.0,1412.0,1413.0,1413.0,0.0,25.749504,27.519782400000004,360.65651480761386,0.515088677406311,0.515088677406311,0.0,1.0,0.5135676147841765,0.5134172075185083,0.9997044900296128,0.9497044682502747,0.999704170736436,0.9999889120699902,0.999988898536115,0.9999868339989465,0.9999868228373805,-9.944243528424774,-38.98556326120225,,828.4784327375647,False,False,False,,[]
1413,1413,1414,True,1.0,1.0,1413.0,1414.0,1413.0,1414.0,1414.0,0.0,27.519782400000004,30.738470400000004,583.7816203956997,0.5150887370109558,0.5150887370109558,0.0,1.0,0.5134172075185083,0.513172121381212,0.999704170736436,0.9497041702270508,0.999703672568918,0.999988898536115,0.999988885763338,0.9999868228373805,0.9999868095139712,-16.198348149580177,-63.52632678719085,,757.00280090322,False,False,False,,[]
1414,1414,1415,True,1.0,1.0,1414.0,1415.0,1414.0,1415.0,1415.0,0.0,30.738470400000004,33.957158400000004,585.336921745478,0.5150889158248901,0.5150889158248901,0.0,1.0,0.513172121381212,0.5128915560475021,0.999703672568918,0.9497036337852478,0.999703113029428,0.999988885763338,0.9999888705528873,0.9999868095139712,0.9999867884521676,-18.53952263142717,-72.7225344975992,,728.4427191127373,False,False,False,,[]
1415,1415,1416,True,1.0,1.0,1415.0,1416.0,1415.0,1416.0,1416.0,0.0,33.957158400000004,36.5321088,488.2449935179934,0.5150890946388245,0.5150890946388245,0.0,1.0,0.5128915560475021,0.5126372675455648,0.999703113029428,0.9497030973434448,0.9997025986224056,0.9999888705528873,0.9999888525415543,0.9999867884521676,0.9999867749697439,-16.802836690703277,-65.9115797021475,,747.8184485645015,False,False,False,,[]
1416,1416,1417,True,1.0,1.0,1416.0,1417.0,1416.0,1417.0,1417.0,0.0,36.5321088,36.8539776,143.88365520197723,0.515089213848114,0.515089213848114,0.0,1.0,0.5126372675455648,0.5125554806196957,0.9997025986224056,0.9497025609016418,0.9997024336744408,0.9999888525415543,0.9999888442988069,0.9999867749697439,0.9999867708332512,-5.406764002035727,-21.199171185266383,,900.3647681209529,False,False,False,,[]
1417,1417,1418,True,1.0,1.0,1417.0,1418.0,1417.0,1418.0,1418.0,0.0,36.8539776,36.5321088,45.26048553509974,0.5150892734527588,0.5150892734527588,0.0,1.0,0.5125554806196957,0.5125248239553283,0.9997024336744408,0.9497024416923523,0.9997023748625739,0.9999888442988069,0.9999888410668593,0.9999867708332512,0.999986766588688,-2.026953770194232,-7.946207404024387,,957.8412295704603,False,False,False,,[]
1418,1418,1419,True,1.0,1.0,1418.0,1419.0,1418.0,1419.0,1419.0,0.0,36.5321088,36.37117440000001,69.76934064197819,0.5150892734527588,0.5150892734527588,0.0,1.0,0.5125248239553283,0.512480997834943,0.9997023748625739,0.9497023820877075,0.9997022896961877,0.9999888410668593,0.9999888363379746,0.999986766588688,0.9999867618465126,-2.8976056375875525,-11.359730403841601,,941.7846914965909,False,False,False,,[]
1419,1419,1420,True,1.0,1.0,1419.0,1420.0,1419.0,1420.0,1420.0,0.0,36.37117440000001,34.2790272,-226.7852313426982,0.5150893330574036,0.5150893330574036,0.0,1.0,0.512480997834943,0.5125682537244068,0.9997022896961877,0.949702262878418,0.9997021127743874,0.9999888363379746,0.999988824286668,0.9999867618465126,0.9999867555697581,5.771423742579101,22.616726549020335,,1054.0025015425967,False,False,False,,[]
1420,1420,1421,True,1.0,1.0,1420.0,1421.0,1420.0,1421.0,1421.0,0.0,34.2790272,30.577536000000002,-475.0589278691045,0.5150893926620483,0.5150893926620483,0.0,1.0,0.5125682537244068,0.5127375099867414,0.9997021127743874,0.9497020840644836,0.9997017562762517,0.999988824286668,0.9999888076986517,0.9999867555697581,0.9999867377168541,11.198861504275024,43.87122319712027,,1110.0818536127438,False,False,False,,[]
1421,1421,1422,True,1.0,1.0,1421.0,1422.0,1421.0,1422.0,1422.0,0.0,30.577536000000002,27.519782400000004,-378.23101419395107,0.5150895118713379,0.5150895118713379,0.0,1.0,0.5127375099867414,0.5128619269692716,0.9997017562762517,0.949701726436615,0.9997014946662242,0.9999888076986517,0.9999887962976339,0.9999867377168541,0.9999867291085018,8.231717098236063,32.24888187182548,,1084.8888765185902,False,False,False,,[]
1422,1422,1423,True,1.0,1.0,1422.0,1423.0,1422.0,1423.0,1423.0,0.0,27.519782400000004,25.427635200000005,-231.47583976430028,0.5150895714759827,0.5150895714759827,0.0,1.0,0.5128619269692716,0.5129235733323044,0.9997014946662242,0.9497014880180359,0.999701372763421,0.9999887962976339,0.9999887853132957,0.9999867291085018,0.9999867200048914,4.078174330549751,15.97873729812521,,1030.2567174101168,False,False,False,,[]
1423,1423,1424,True,1.0,1.0,1423.0,1424.0,1423.0,1424.0,1424.0,0.0,25.427635200000005,25.427635200000005,88.76740216793681,0.5150895714759827,0.5150895714759827,0.0,1.0,0.5129235733323044,0.5128834124677445,0.999701372763421,0.9497013688087463,0.9997012949989829,0.9999887853132957,0.9999887804827975,0.9999867200048914,0.9999867156994952,-2.6560911633198057,-10.409696093934292,,946.0082776649772,False,False,False,,[]
1424,1424,1425,True,1.0,1.0,1424.0,1425.0,1424.0,1425.0,1425.0,0.0,25.427635200000005,28.4853888,558.158061047936,0.5150896310806274,0.5150896310806274,0.0,1.0,0.5128834124677445,0.5126658690198721,0.9997012949989829,0.9497013092041016,0.9997008467171543,0.9999887804827975,0.9999887685724649,0.9999867156994952,0.9999867039110212,-14.379480750602987,-56.387261688532746,,777.5623877110164,False,False,False,,[]
1425,1425,1426,True,1.0,1.0,1425.0,1426.0,1425.0,1426.0,1426.0,0.0,28.4853888,31.865011200000005,608.9349373878459,0.515089750289917,0.515089750289917,0.0,1.0,0.5126658690198721,0.5123967560333237,0.9997008467171543,0.9497008323669434,0.9997003066183221,0.9999887685724649,0.9999887512375694,0.9999867039110212,0.9999866895144975,-17.783916391562187,-69.75408611335953,,738.0867508569731,False,False,False,,[]
1426,1426,1427,True,1.0,1.0,1426.0,1427.0,1426.0,1427.0,1427.0,0.0,31.865011200000005,34.76183040000001,536.5123352766728,0.5150899291038513,0.5150899291038513,0.0,1.0,0.5123967560333237,0.51212800158956,0.9997003066183221,0.9497002959251404,0.9996997671339145,0.9999887512375694,0.9999887372258068,0.9999866895144975,0.9999866657910488,-17.758492101420508,-69.66115182356062,,735.0573341620692,False,False,False,,[]
1427,1427,1428,True,1.0,1.0,1427.0,1428.0,1427.0,1428.0,1428.0,0.0,34.76183040000001,37.3367808,488.7036355596743,0.5150900483131409,0.5150900483131409,0.0,1.0,0.51212800158956,0.511873216644191,0.9996997671339145,0.9496997594833374,0.9996992518570859,0.9999887372258068,0.9999887233112567,0.9999866657910488,0.9999866519878802,-16.83455736363485,-66.04025783960677,,749.6081346524721,False,False,False,,[]
1428,1428,1429,True,1.0,1.0,1428.0,1429.0,1428.0,1429.0,1429.0,0.0,37.3367808,38.9461248,342.01484070420696,0.5150902271270752,0.5150902271270752,0.0,1.0,0.511873216644191,0.5116849754506972,0.9996992518570859,0.9496992230415344,0.9996988586466926,0.9999887233112567,0.999988713342195,0.9999866519878802,0.9999866417672343,-12.439297096191726,-48.792117353598535,,801.4413503430541,False,False,False,,[]
1429,1429,1430,True,1.0,1.0,1429.0,1430.0,1429.0,1430.0,1430.0,0.0,38.9461248,39.58986240000001,194.80446136293108,0.5150903463363647,0.5150903463363647,0.0,1.0,0.5116849754506972,0.5115695055182107,0.9996988586466926,0.9496988654136658,0.9996986179653508,0.999988713342195,0.9999887034962645,0.9999866417672343,0.9999866357738288,-7.631774331816363,-29.929806500522577,,865.518052998964,False,False,False,,[]
1430,1430,1431,True,1.0,1.0,1430.0,1431.0,1430.0,1431.0,1431.0,0.0,39.58986240000001,40.0726656,170.51901970960904,0.5150904059410095,0.5150904059410095,0.0,1.0,0.5115695055182107,0.5114660853753927,0.9996986179653508,0.9496986269950867,0.9996984049263006,0.9999887034962645,0.9999886941191156,0.9999866357738288,0.9999866304523429,-6.835473162656772,-26.806501018402546,,877.6374345359471,False,False,False,,[]
1431,1431,1432,True,1.0,1.0,1431.0,1432.0,1431.0,1432.0,1432.0,0.0,40.0726656,40.2336,121.42848530281692,0.5150904655456543,0.5150904655456543,0.0,1.0,0.5114660853753927,0.5113905352091019,0.9996984049263006,0.9496983885765076,0.9996982534834502,0.9999886941191156,0.9999886865013703,0.9999866304523429,0.9999866266322321,-4.993785840563413,-19.582603102573756,,907.3320809619131,False,False,False,,[]
1432,1432,1433,True,1.0,1.0,1432.0,1433.0,1432.0,1433.0,1433.0,0.0,40.2336,39.58986240000001,-1.9881768035986946,0.5150905251502991,0.5150905251502991,0.0,1.0,0.5113905352091019,0.5113912678013623,0.9996982534834502,0.949698269367218,0.9996982521185875,0.9999886865013703,0.9999886864447636,0.9999866266322321,0.9999866263317784,0.04843503185980123,0.1898879139020899,,1000.2391026578081,False,False,False,,[]
1433,1433,1434,True,1.0,1.0,1433.0,1434.0,1433.0,1434.0,1434.0,0.0,39.58986240000001,39.428928,71.69993362960834,0.5150905251502991,0.5150905251502991,0.0,1.0,0.5113912678013623,0.5113435543974926,0.9996982521185875,0.949698269367218,0.9996981590448555,0.9999886864447636,0.9999886814003227,0.9999866263317784,0.9999866216003791,-3.1541804843320698,-12.367314283049918,,937.3857995658276,False,False,False,,[]
1434,1434,1435,True,1.0,1.0,1434.0,1435.0,1434.0,1435.0,1435.0,0.0,39.428928,39.7507968,145.70877126105492,0.5150905847549438,0.5150905847549438,0.0,1.0,0.5113435543974926,0.5112548591028204,0.9996981590448555,0.9496981501579285,0.9996979789510723,0.9999886814003227,0.9999886728447803,0.9999866216003791,0.9999866170807216,-5.862650190619179,-22.989820379014112,,893.0326613168356,False,False,False,,[]
1435,1435,1436,True,1.0,1.0,1435.0,1436.0,1435.0,1436.0,1436.0,0.0,39.7507968,39.911731200000006,121.21538323942288,0.5150905847549438,0.5150905847549438,0.0,1.0,0.5112548591028204,0.5111799762605113,0.9996979789510723,0.9496979713439941,0.9996978289438552,0.9999886728447803,0.9999886652543435,0.9999866170807216,0.9999866132978842,-4.949827361039744,-19.409632726537453,,908.0533852643541,False,False,False,,[]
1436,1436,1437,True,1.0,1.0,1436.0,1437.0,1436.0,1437.0,1437.0,0.0,39.911731200000006,39.7507968,71.91217641049066,0.5150906443595886,0.5150906443595886,0.0,1.0,0.5111799762605113,0.5111319112727505,0.9996978289438552,0.9496977925300598,0.9996977351520409,0.9999886652543435,0.9999886601738491,0.9999866132978842,0.9999866086279958,-3.177396731850609,-12.458444827580427,,937.0362678528422,False,False,False,,[]
1437,1437,1438,True,1.0,1.0,1437.0,1438.0,1437.0,1438.0,1438.0,0.0,39.7507968,39.58986240000001,71.80584019942353,0.5150907039642334,0.5150907039642334,0.0,1.0,0.5111319112727505,0.5110840224275517,0.9996977351520409,0.949697732925415,0.999697641720044,0.9999886601738491,0.9999886551113681,0.9999866086279958,0.99998660392706,-3.1657787100613914,-12.412788675524025,,937.2111090112737,False,False,False,,[]
1438,1438,1439,True,1.0,1.0,1438.0,1439.0,1438.0,1439.0,1439.0,0.0,39.58986240000001,39.58986240000001,96.40470514960998,0.5150907039642334,0.5150907039642334,0.0,1.0,0.5110840224275517,0.5110238649774007,0.999697641720044,0.9496976137161255,0.9996975229346401,0.9999886551113681,0.9999886487082171,0.99998660392706,0.99998660060157,-3.976693357102632,-15.592811079136299,,924.4155066953651,False,False,False,,[]
1439,1439,1440,True,1.0,1.0,1439.0,1440.0,1439.0,1440.0,1440.0,0.0,39.58986240000001,40.394534400000005,219.92856274960937,0.5150907635688782,0.5150907635688782,0.0,1.0,0.5110238649774007,0.5108925905145653,0.9996975229346401,0.9496974945068359,0.9996972450475217,0.9999886487082171,0.9999886384881835,0.99998660060157,0.9999865937104059,-8.675938477086723,-34.02634076693751,,850.2140698697579,False,False,False,,[]
1440,1440,1441,True,1.0,1.0,1440.0,1441.0,1440.0,1441.0,1441.0,0.0,40.394534400000005,41.19920640000001,220.46239201123998,0.515090823173523,0.515090823173523,0.0,1.0,0.5108925905145653,0.5107451217139827,0.9996972450475217,0.9496972560882568,0.9996969316197107,0.9999886384881835,0.9999886280713449,0.9999865937104059,0.9999865755867393,-9.745440019787747,-38.223913111002894,,828.2588077546081,False,False,False,,[]
1441,1441,1442,True,1.0,1.0,1441.0,1442.0,1441.0,1442.0,1442.0,0.0,41.19920640000001,41.3601408,122.1878762242901,0.5150909423828125,0.5150909423828125,0.0,1.0,0.5107451217139827,0.5106523498233978,0.9996969316197107,0.9496968984603882,0.9996967424957673,0.9999886280713449,0.9999886203029448,0.9999865755867393,0.9999865611045774,-6.131645961171661,-24.046474039613305,,881.884883121703,False,False,False,,[]
1442,1442,1443,True,1.0,1.0,1442.0,1443.0,1442.0,1443.0,1443.0,0.0,41.3601408,40.8773376,23.47899312667013,0.5150910019874573,0.5150910019874573,0.0,1.0,0.5106523498233978,0.5106318141422945,0.9996967424957673,0.9496967196464539,0.9996967034881687,0.9999886203029448,0.9999886183653294,0.9999865611045774,0.9999865574908318,-1.357575416167058,-5.32284854196702,,970.88528432849,False,False,False,,[]
1443,1443,1444,True,1.0,1.0,1443.0,1444.0,1443.0,1444.0,1444.0,0.0,40.8773376,40.0726656,-26.259869936699793,0.5150910019874573,0.5150910019874573,0.0,1.0,0.5106318141422945,0.5106410060831034,0.9996967034881687,0.9496967196464539,0.9996966862207324,0.9999886183653294,0.9999886162489029,0.9999865574908318,0.9999865542754176,0.607731834221055,2.38255105765648,,1002.1379174764269,False,False,False,,[]
1444,1444,1445,True,1.0,1.0,1444.0,1445.0,1444.0,1445.0,1445.0,0.0,40.0726656,40.2336,121.42848530281692,0.5150910019874573,0.5150910019874573,0.0,1.0,0.5106410060831034,0.5105654578515978,0.9996966862207324,0.9496966600418091,0.9996965347820469,0.9999886162489029,0.999988608631152,0.9999865542754176,0.999986550455311,-4.993785979282482,-19.582101606237114,,907.334015559342,False,False,False,,[]
1445,1445,1446,True,1.0,1.0,1445.0,1446.0,1445.0,1446.0,1446.0,0.0,40.2336,40.8773376,195.64999535639973,0.515091061592102,0.515091061592102,0.0,1.0,0.5105654578515978,0.5104408435451377,0.9996965347820469,0.9496965408325195,0.9996962727065238,0.999988608631152,0.9999885985915046,0.999986550455311,0.9999865395342014,-8.235774119975165,-32.300028234435594,,853.4006106885702,False,False,False,,[]
1446,1446,1447,True,1.0,1.0,1446.0,1447.0,1446.0,1447.0,1447.0,0.0,40.8773376,41.842944,245.49261678330055,0.5150911211967468,0.5150911211967468,0.0,1.0,0.5104408435451377,0.5102794931522802,0.9996962727065238,0.9496962428092957,0.9996959317239319,0.9999885985915046,0.9999885879637882,0.9999865395342014,0.999986521709146,-10.662155145217959,-41.822021828676824,,817.05926686434,False,False,False,,[]
1447,1447,1448,True,1.0,1.0,1447.0,1448.0,1447.0,1448.0,1448.0,0.0,41.842944,41.842944,97.92649448135425,0.5150912404060364,0.5150912404060364,0.0,1.0,0.5102794931522802,0.5102078598704973,0.9996959317239319,0.9496959447860718,0.9996957886817631,0.9999885879637882,0.9999885812796923,0.999986521709146,0.9999865123598239,-4.734723498863952,-18.567346638109843,,907.464965587564,False,False,False,,[]
1448,1448,1449,True,1.0,1.0,1448.0,1449.0,1448.0,1449.0,1449.0,0.0,41.842944,41.3601408,23.81217992135425,0.5150913000106812,0.5150913000106812,0.0,1.0,0.5102078598704973,0.5101886149604469,0.9996957886817631,0.9496957659721375,0.9996957521721193,0.9999885812796923,0.9999885792933767,0.9999865123598239,0.9999865093858915,-1.27223386930252,-4.988280685085461,,972.8988115951705,False,False,False,,[]
1449,1449,1450,True,1.0,1.0,1449.0,1450.0,1449.0,1450.0,1450.0,0.0,41.3601408,42.003878400000005,196.41239376667085,0.5150913000106812,0.5150913000106812,0.0,1.0,0.5101886149604469,0.510055662823852,0.9996957521721193,0.9496957659721375,0.9996954702713527,0.9999885792933767,0.9999885692088496,0.9999865093858915,0.9999864943753011,-8.786186029406199,-34.46119380541749,,843.001627117922,False,False,False,,[]
1450,1450,1451,True,1.0,1.0,1450.0,1451.0,1450.0,1451.0,1451.0,0.0,42.003878400000005,42.969484800000004,246.26704514876238,0.5150913596153259,0.5150913596153259,0.0,1.0,0.510055662823852,0.5098957432509929,0.9996954702713527,0.9496954679489136,0.9996951321107227,0.9999885692088496,0.9999885586218599,0.9999864943753011,0.9999864807689373,-10.567139242213976,-41.45115328509152,,821.0659313452477,False,False,False,,[]
1451,1451,1452,True,1.0,1.0,1451.0,1452.0,1451.0,1452.0,1452.0,0.0,42.969484800000004,44.25696000000001,296.35713993960485,0.5150914788246155,0.5150914788246155,0.0,1.0,0.5098957432509929,0.5097060733884502,0.9996951321107227,0.9496951103210449,0.9996947361696461,0.9999885586218599,0.9999885484377127,0.9999864807689373,0.999986467931303,-12.53130301736467,-49.16242837105477,,798.5397890665511,False,False,False,,[]
1452,1452,1453,True,1.0,1.0,1452.0,1453.0,1452.0,1453.0,1453.0,0.0,44.25696000000001,46.02723840000001,371.4029167444444,0.515091598033905,0.515091598033905,0.0,1.0,0.5097060733884502,0.509462988427827,0.9996947361696461,0.9496947526931763,0.9996942415625695,0.9999885484377127,0.999988535170423,0.999986467931303,0.9999864542769125,-16.05685337192566,-63.007621793525644,,757.8815808768562,False,False,False,,[]
1453,1453,1454,True,1.0,1.0,1453.0,1454.0,1453.0,1454.0,1454.0,0.0,46.02723840000001,47.1537792,273.9094887624374,0.5150917172431946,0.5150917172431946,0.0,1.0,0.509462988427827,0.5092750698261977,0.9996942415625695,0.9496942162513733,0.999693848969392,0.999988535170423,0.9999885247292313,0.9999864542769125,0.9999864414420416,-12.41411112205522,-48.708501542308575,,799.7095570665081,False,False,False,,[]
1454,1454,1455,True,1.0,1.0,1454.0,1455.0,1454.0,1455.0,1455.0,0.0,47.1537792,47.958451200000006,225.37061372943595,0.5150918364524841,0.5150918364524841,0.0,1.0,0.5092750698261977,0.5091124894954316,0.999693848969392,0.9496938586235046,0.9996935055644224,0.9999885247292313,0.9999885140717258,0.9999864414420416,0.9999864284119626,-10.740584073711924,-42.14082173458308,,819.2635656344067,False,False,False,,[]
1455,1455,1456,True,1.0,1.0,1455.0,1456.0,1455.0,1456.0,1456.0,0.0,47.958451200000006,48.441254400000005,176.59586564642186,0.5150919556617737,0.5150919556617737,0.0,1.0,0.5091124894954316,0.5089772675649699,0.9996935055644224,0.949693500995636,0.9996932182136271,0.9999885140717258,0.9999885036662408,0.9999864284119626,0.9999864150543598,-8.933655729204267,-35.04952437568378,,841.9492116331472,False,False,False,,[]
1456,1456,1457,True,1.0,1.0,1456.0,1457.0,1456.0,1457.0,1457.0,0.0,48.441254400000005,48.9240576,176.98189831569695,0.5150920152664185,0.5150920152664185,0.0,1.0,0.5089772675649699,0.5088404395847396,0.9996932182136271,0.9496932029724121,0.9996929269927348,0.9999885036662408,0.999988493150836,0.9999864150543598,0.9999864015552066,-9.039515393979887,-35.46581247568548,,840.3611140338629,False,False,False,,[]
1457,1457,1458,True,1.0,1.0,1457.0,1458.0,1457.0,1458.0,1458.0,0.0,48.9240576,49.406860800000004,177.37179775628553,0.515092134475708,0.515092134475708,0.0,1.0,0.5088404395847396,0.5087021186951054,0.9996929269927348,0.9496929049491882,0.9996926321641028,0.999988493150836,0.999988482525418,0.9999864015552066,0.9999863880108832,-9.137896892941964,-35.85277459317313,,838.9448296454875,False,False,False,,[]
1458,1458,1459,True,1.0,1.0,1458.0,1459.0,1458.0,1459.0,1459.0,0.0,49.406860800000004,49.406860800000004,103.65124940818279,0.5150921940803528,0.5150921940803528,0.0,1.0,0.5087021186951054,0.5086214097559953,0.9996926321641028,0.9496926069259644,0.9996924695617871,0.999988482525418,0.9999884745665394,0.9999863880108832,0.9999863826439053,-5.332725742581537,-20.919757017324056,,900.6615137431593,False,False,False,,[]
1459,1459,1460,True,1.0,1.0,1459.0,1460.0,1459.0,1460.0,1460.0,0.0,49.406860800000004,49.084992,54.24170636818246,0.5150922536849976,0.5150922536849976,0.0,1.0,0.5086214097559953,0.5085735277300583,0.9996924695617871,0.94969242811203,0.9996923761437181,0.9999884745665394,0.9999884696712605,0.9999863826439053,0.9999863763653568,-3.164073607209316,-12.41102112288214,,935.9810839148474,False,False,False,,[]
1460,1460,1461,True,1.0,1.0,1460.0,1461.0,1460.0,1461.0,1461.0,0.0,49.084992,48.9240576,78.68353743899313,0.5150923132896423,0.5150923132896423,0.0,1.0,0.5085735277300583,0.5085061548427147,0.9996923761437181,0.9496923685073853,0.9996922421685401,0.9999884696712605,0.9999884631391679,0.9999863763653568,0.9999863678467508,-4.451847498503401,-17.46305239945954,,912.5577126671986,False,False,False,,[]
1461,1461,1462,True,1.0,1.0,1461.0,1462.0,1461.0,1462.0,1462.0,0.0,48.9240576,48.7631232,78.55271167628584,0.5150923132896423,0.5150923132896423,0.0,1.0,0.5085061548427147,0.5084391058535842,0.9996922421685401,0.9496922492980957,0.9996921088796944,0.9999884631391679,0.9999884566365068,0.9999863678467508,0.9999863593669568,-4.430488341451674,-17.37909798260449,,912.9415898540497,False,False,False,,[]
1462,1462,1463,True,1.0,1.0,1462.0,1463.0,1462.0,1463.0,1463.0,0.0,48.7631232,48.9240576,127.83185859483085,0.5150923728942871,0.5150923728942871,0.0,1.0,0.5084391058535842,0.5083352738162228,0.9996921088796944,0.9496920704841614,0.9996918949059653,0.9999884566365068,0.9999884475733805,0.9999863593669568,0.9999863475785922,-6.8603163201297,-26.91326408408702,,872.5387526415624,False,False,False,,[]
1463,1463,1464,True,1.0,1.0,1463.0,1464.0,1463.0,1464.0,1464.0,0.0,48.9240576,49.567795200000006,202.07656927628616,0.5150924324989319,0.5150924324989319,0.0,1.0,0.5083352738162228,0.5081811514473921,0.9996918949059653,0.949691891670227,0.9996915682220525,0.9999884475733805,0.9999884367257081,0.9999863475785922,0.9999863337955865,-10.181369663683824,-39.9485180009338,,825.476558848801,False,False,False,,[]
1464,1464,1465,True,1.0,1.0,1464.0,1465.0,1464.0,1465.0,1465.0,0.0,49.567795200000006,48.9240576,4.964278014660924,0.5150925517082214,0.5150925517082214,0.0,1.0,0.5081811514473921,0.508177151860808,0.9996915682220525,0.9496915340423584,0.9996915607467333,0.9999884367257081,0.9999884365513106,0.9999863337955865,0.9999863332209652,-0.26433108011147716,-1.0366928425799327,,994.5339050524029,False,False,False,,[]
1465,1465,1466,True,1.0,1.0,1465.0,1466.0,1465.0,1466.0,1466.0,0.0,48.9240576,48.1193856,-20.266374403714835,0.5150925517082214,0.5150925517082214,0.0,1.0,0.508177151860808,0.5081862208130654,0.9996915607467333,0.9496915340423584,0.9996915437123856,0.9999884365513106,0.9999884346262861,0.9999863332209652,0.9999863309096052,0.599410352305284,2.3506724251147246,,1003.1389551176572,False,False,False,,[]
1466,1466,1467,True,1.0,1.0,1466.0,1467.0,1466.0,1467.0,1467.0,0.0,48.1193856,47.47564800000001,3.7907129215922883,0.5150925517082214,0.5150925517082214,0.0,1.0,0.5081862208130654,0.5081832568250924,0.9996915437123856,0.9496915340423584,0.9996915381782334,0.9999884346262861,0.9999884344970332,0.9999863309096052,0.9999863304837308,-0.19590614275173512,-0.7682656826182944,,995.943987769179,False,False,False,,[]
1467,1467,1468,True,1.0,1.0,1467.0,1468.0,1467.0,1468.0,1468.0,0.0,47.47564800000001,47.958451200000006,176.2136997484594,0.5150925517082214,0.5150925517082214,0.0,1.0,0.5081832568250924,0.5080505023583316,0.9996915381782334,0.9496915340423584,0.9996912567510158,0.9999884344970332,0.9999884242013688,0.9999863304837308,0.9999863179662567,-8.771187965210345,-34.409957784388766,,844.8012804977069,False,False,False,,[]
1468,1468,1469,True,1.0,1.0,1468.0,1469.0,1468.0,1469.0,1469.0,0.0,47.958451200000006,48.7631232,226.00540868642221,0.5150926113128662,0.5150926113128662,0.0,1.0,0.5080505023583316,0.5078845733686951,0.9996912567510158,0.9496912360191345,0.9996909067667967,0.9999884242013688,0.9999884135294078,0.9999863179662567,0.9999863043440971,-10.961657226182618,-43.008794113782486,,816.1789307185605,False,False,False,,[]
1469,1469,1470,True,1.0,1.0,1469.0,1470.0,1469.0,1470.0,1470.0,0.0,48.7631232,49.406860800000004,201.94617315483185,0.5150927305221558,0.5150927305221558,0.0,1.0,0.5078845733686951,0.5077309297169957,0.9996909067667967,0.9496908783912659,0.9996905810336654,0.9999884135294078,0.9999884027174456,0.9999863043440971,0.9999862905132857,-10.150078375995474,-39.82443452045917,,825.8594850076468,False,False,False,,[]
1470,1470,1471,True,1.0,1.0,1470.0,1471.0,1470.0,1471.0,1471.0,0.0,49.406860800000004,49.7287296,153.06079244818216,0.5150928497314453,0.5150928497314453,0.0,1.0,0.5077309297169957,0.5076116763472118,0.9996905810336654,0.949690580368042,0.9996903315445581,0.9999884027174456,0.9999883925855151,0.9999862905132857,0.9999862806575919,-7.87878574494985,-30.91047344798789,,858.966390139217,False,False,False,,[]
1471,1471,1472,True,1.0,1.0,1471.0,1472.0,1471.0,1472.0,1472.0,0.0,49.7287296,49.889664,128.62067994239985,0.5150929093360901,0.5150929093360901,0.0,1.0,0.5076116763472118,0.5075038928711278,0.9996903315445581,0.9496903419494629,0.9996901085675627,0.9999883925855151,0.9999883833704727,0.9999862806575919,0.9999862676041016,-7.121151216488583,-27.93747700095647,,867.7921231618818,False,False,False,,[]
1472,1472,1473,True,1.0,1.0,1472.0,1473.0,1472.0,1473.0,1473.0,0.0,49.889664,49.7287296,79.344110871392,0.5150929689407349,0.5150929689407349,0.0,1.0,0.5075038928711278,0.5074348322756792,0.9996901085675627,0.9496901035308838,0.9996899710093468,0.9999883833704727,0.9999883766901737,0.9999862676041016,0.9999862588542786,-4.563282890446504,-17.900506340300954,,910.5423641134491,False,False,False,,[]
1473,1473,1474,True,1.0,1.0,1473.0,1474.0,1473.0,1474.0,1474.0,0.0,49.7287296,48.9240576,-19.607949177601157,0.5150930285453796,0.5150930285453796,0.0,1.0,0.5074348322756792,0.5074447470993891,0.9996899710093468,0.9496899843215942,0.9996899523707693,0.9999883766901737,0.9999883758622184,0.9999862588542786,0.9999862565809279,0.6553053401893719,2.5699223056108167,,1004.974280973654,False,False,False,,[]
1474,1474,1475,True,1.0,1.0,1474.0,1475.0,1474.0,1475.0,1475.0,0.0,48.9240576,47.958451200000006,-44.97114592371353,0.5150930285453796,0.5150930285453796,0.0,1.0,0.5074447470993891,0.5074649838101697,0.9996899523707693,0.9496899247169495,0.9996899139423068,0.9999883758622184,0.9999883717554321,0.9999862565809279,0.9999862514605238,1.3376242174449935,5.245355434317206,,1007.2184060354548,False,False,False,,[]
1475,1475,1476,True,1.0,1.0,1475.0,1476.0,1475.0,1476.0,1476.0,0.0,47.958451200000006,48.1193856,127.18632260642153,0.5150930285453796,0.5150930285453796,0.0,1.0,0.5074649838101697,0.5073639961287958,0.9996899139423068,0.9496899247169495,0.9996897064084109,0.9999883717554321,0.9999883628150885,0.9999862514605238,0.9999862404466363,-6.672971437137595,-26.176007012125982,,875.8904396338354,False,False,False,,[]
1476,1476,1477,True,1.0,1.0,1476.0,1477.0,1476.0,1477.0,1477.0,0.0,48.1193856,48.6021888,176.724113561591,0.5150930881500244,0.5150930881500244,0.0,1.0,0.5073639961287958,0.507228246315095,0.9996897064084109,0.9496896862983704,0.9996894177868385,0.9999883628150885,0.9999883523729686,0.9999862404466363,0.9999862270418733,-8.96888942555934,-35.18635171123529,,841.4258489099941,False,False,False,,[]
1477,1477,1478,True,1.0,1.0,1477.0,1478.0,1477.0,1478.0,1478.0,0.0,48.6021888,49.406860800000004,226.52097819463694,0.515093207359314,0.515093207359314,0.0,1.0,0.507228246315095,0.5070600189530583,0.9996894177868385,0.9496893882751465,0.9996890633005214,0.9999883523729686,0.9999883416826958,0.9999862270418733,0.9999862133057935,-11.113252824154854,-43.60453223991239,,814.2643835594436,False,False,False,,[]
1478,1478,1479,True,1.0,1.0,1478.0,1479.0,1478.0,1479.0,1479.0,0.0,49.406860800000004,50.2115328,227.17510700818218,0.5150932669639587,0.5150932669639587,0.0,1.0,0.5070600189530583,0.5068824412457278,0.9996890633005214,0.9496890306472778,0.9996886906143629,0.9999883416826958,0.9999883308239693,0.9999862133057935,0.9999861942433682,-11.730157820426456,-46.02814174006195,,803.3628931650778,False,False,False,,[]
1479,1479,1480,True,1.0,1.0,1479.0,1480.0,1479.0,1480.0,1480.0,0.0,50.2115328,51.177139200000006,252.54474837315112,0.5150933861732483,0.5150933861732483,0.0,1.0,0.5068824412457278,0.5066848328174144,0.9996886906143629,0.9496886730194092,0.9996882795836278,0.9999883308239693,0.9999883202258256,0.9999861942433682,0.9999861736632956,-13.051960002283217,-51.220104618832444,,787.4699556143544,False,False,False,,[]
1480,1480,1481,True,1.0,1.0,1480.0,1481.0,1480.0,1481.0,1481.0,0.0,51.177139200000006,51.82087680000001,203.9472273085875,0.5150935053825378,0.5150935053825378,0.0,1.0,0.5066848328174144,0.5065201496564584,0.9996882795836278,0.9496882557868958,0.9996879320444021,0.9999883202258256,0.9999883088789355,0.9999861736632956,0.9999861573582637,-10.877860127186691,-42.68587531979601,,814.9368102191406,False,False,False,,[]
1481,1481,1482,True,1.0,1.0,1481.0,1482.0,1481.0,1482.0,1482.0,0.0,51.82087680000001,52.1427456,155.0876250773465,0.5150936245918274,0.5150936245918274,0.0,1.0,0.5065201496564584,0.5063924068871396,0.9996879320444021,0.9496878981590271,0.9996876625659584,0.9999883088789355,0.9999882983991308,0.9999861573582637,0.9999861456874404,-8.438533004759053,-33.11092580743537,,849.7322872274001,False,False,False,,[]
1482,1482,1483,True,1.0,1.0,1482.0,1483.0,1482.0,1483.0,1483.0,0.0,52.1427456,51.82087680000001,56.54608724927151,0.5150936841964722,0.5150936841964722,0.0,1.0,0.5063924068871396,0.506342265031364,0.9996876625659584,0.949687659740448,0.999687564522443,0.9999882983991308,0.9999882930507533,0.9999861456874404,0.9999861404602064,-3.3130689799592754,-12.996769017037893,,934.1238846556001,False,False,False,,[]
1483,1483,1484,True,1.0,1.0,1483.0,1484.0,1483.0,1484.0,1484.0,0.0,51.82087680000001,51.016204800000004,-17.8457755626522,0.5150937438011169,0.5150937438011169,0.0,1.0,0.506342265031364,0.5063517946390772,0.999687564522443,0.9496875405311584,0.9996875466147711,0.9999882930507533,0.9999882923961625,0.9999861404602064,0.9999861383034085,0.6297888942306051,2.4700743192661614,,1004.9518518572332,False,False,False,,[]
1484,1484,1485,True,1.0,1.0,1484.0,1485.0,1484.0,1485.0,1485.0,0.0,51.016204800000004,46.02723840000001,-660.8561869904611,0.5150937438011169,0.5150937438011169,0.0,1.0,0.5063517946390772,0.5067269622795699,0.9996875466147711,0.9496875405311584,0.9996868412702633,0.9999882923961625,0.9999882763837817,0.9999861383034085,0.9999861081554843,24.82377866576014,97.24345241569986,,1348.5683521926449,False,False,False,,[]
1485,1485,1486,True,1.0,1.0,1485.0,1486.0,1485.0,1486.0,1486.0,0.0,46.02723840000001,40.7164032,-714.2813720375624,0.5150939226150513,0.5150939226150513,0.0,1.0,0.5067269622795699,0.5070932314535256,0.9996868412702633,0.9496868252754211,0.9996861484425046,0.9999882763837817,0.9999882609068772,0.9999861081554843,0.999986083883246,24.239264131288046,94.93696988932064,,1346.3249294941716,False,False,False,,[]
1486,1486,1487,True,1.0,1.0,1486.0,1487.0,1486.0,1487.0,1487.0,0.0,40.7164032,35.405568,-718.1023865553105,0.5150941610336304,0.5150941610336304,0.0,1.0,0.5070932314535256,0.5074113098490599,0.9996861484425046,0.9496861100196838,0.9996855278253952,0.9999882609068772,0.9999882418398687,0.999986083883246,0.999986062469185,21.050947249358195,82.44592012248991,,1274.7551313352305,False,False,False,,[]
1487,1487,1488,True,1.0,1.0,1487.0,1488.0,1487.0,1488.0,1488.0,0.0,35.405568,30.0947328,-721.4555217443558,0.5150943398475647,0.5150943398475647,0.0,1.0,0.5074113098490599,0.5076760581526001,0.9996855278253952,0.9496855139732361,0.999684995229822,0.9999882418398687,0.9999882221899783,0.999986062469185,0.9999860348588312,17.521470745882834,68.62276027761948,,1196.4992853453255,False,False,False,,[]
1488,1488,1489,True,1.0,1.0,1488.0,1489.0,1488.0,1489.0,1489.0,0.0,30.0947328,24.783897600000003,-724.3407776046968,0.515094518661499,0.515094518661499,0.0,1.0,0.5076760581526001,0.5078980597852905,0.999684995229822,0.9496849775314331,0.9996845387463299,0.9999882221899783,0.9999882052884674,0.9999860348588312,0.9999860111912913,14.692504880751377,57.54282319333382,,1157.1184394336858,False,False,False,,[]
1489,1489,1490,True,1.0,1.0,1489.0,1490.0,1489.0,1490.0,1490.0,0.0,24.783897600000003,19.4730624,-726.7581541363347,0.5150946378707886,0.5150946378707886,0.0,1.0,0.5078980597852905,0.5080809547975116,0.9996845387463299,0.9496845006942749,0.9996841557945935,0.9999882052884674,0.9999881938159968,0.9999860111912913,0.999985993552686,12.104283127617006,47.40638716772915,,1130.5678863351225,False,False,False,,[]
1490,1490,1491,True,1.0,1.0,1490.0,1491.0,1490.0,1491.0,1491.0,0.0,19.4730624,14.162227200000002,-728.7076513392673,0.5150947570800781,0.5150947570800781,0.0,1.0,0.5080809547975116,0.50821528750627,0.9996841557945935,0.9496841430664062,0.9996838705816357,0.9999881938159968,0.999988184599337,0.999985993552686,0.9999859743491767,8.8898581097323,34.81903811019133,,1083.8830580748318,False,False,False,,[]
1491,1491,1492,True,1.0,1.0,1491.0,1492.0,1491.0,1492.0,1492.0,0.0,14.162227200000002,8.851392,-730.1892692134973,0.5150948762893677,0.5150948762893677,0.0,1.0,0.50821528750627,0.5082900709739546,0.9996838705816357,0.9496838450431824,0.9996837207880512,0.999988184599337,0.999988176067029,0.9999859743491767,0.9999859420925872,4.948450795610927,19.38387482385356,,1019.3837987991722,False,False,False,,[]
1492,1492,1493,True,1.0,1.0,1492.0,1493.0,1492.0,1493.0,1493.0,0.0,8.851392,3.5405568000000005,-731.2030077590222,0.5150948762893677,0.5150948762893677,0.0,1.0,0.5082900709739546,0.5083199185859512,0.9996837207880512,0.9496837258338928,0.9996836635735751,0.999988176067029,0.9999881602305247,0.9999859420925872,0.9999859246995407,1.9748399229160092,7.736501029514344,,990.9787376402343,False,False,False,,[]
1493,1493,1494,True,1.0,1.0,1493.0,1494.0,1493.0,1494.0,1494.0,0.0,3.5405568000000005,0.0,-459.9963802558437,0.5150948762893677,0.5150948762893677,0.0,1.0,0.5083199185859512,0.508325283715936,0.9996836635735751,0.949683666229248,0.9996836535326195,0.9999881602305247,0.9999881573840474,0.9999859246995407,0.9999859215732881,0.35496072186581573,1.390641692063538,,998.3908979388008,False,False,False,,[]
1494,1494,1495,True,1.0,1.0,1494.0,1495.0,1494.0,1495.0,1495.0,0.0,0.0,0.0,83.40462000000002,0.5150948762893677,0.5150948762893677,0.0,1.0,0.508325283715936,0.508325283715936,0.9996836535326195,0.949683666229248,0.9996836535326195,0.9999881573840474,0.9999881573840474,0.9999859215732881,0.9999859215732881,-0.0,0.0,,1000.0,False,False,False,,[]
1495,1495,1496,True,1.0,1.0,1495.0,1496.0,1495.0,1496.0,1496.0,0.0,0.0,0.0,83.40462000000002,0.5150948762893677,0.5150948762893677,0.0,1.0,0.508325283715936,0.508325283715936,0.9996836535326195,0.949683666229248,0.9996836535326195,0.9999881573840474,0.9999881573840474,0.9999859215732881,0.9999859215732881,-0.0,0.0,,1000.0,False,False,False,,[]
1496,1496,1497,True,1.0,1.0,1496.0,1497.0,1496.0,1497.0,1497.0,0.0,0.0,0.0,83.40462000000002,0.5150948762893677,0.5150948762893677,0.0,1.0,0.508325283715936,0.508325283715936,0.9996836535326195,0.949683666229248,0.9996836535326195,0.9999881573840474,0.9999881573840474,0.9999859215732881,0.9999859215732881,-0.0,0.0,,1000.0,False,False,False,,[]
1497,1497,1498,True,1.0,1.0,1497.0,1498.0,1497.0,1498.0,1498.0,0.0,0.0,0.0,83.40462000000002,0.5150948762893677,0.5150948762893677,0.0,1.0,0.508325283715936,0.508325283715936,0.9996836535326195,0.949683666229248,0.9996836535326195,0.9999881573840474,0.9999881573840474,0.9999859215732881,0.9999859215732881,-0.0,0.0,,1000.0,False,False,False,,[]
1498,1498,1499,True,1.0,1.0,1498.0,1499.0,1498.0,1499.0,1499.0,0.0,0.0,0.0,83.40462000000002,0.5150948762893677,0.5150948762893677,0.0,1.0,0.508325283715936,0.508325283715936,0.9996836535326195,0.949683666229248,0.9996836535326195,0.9999881573840474,0.9999881573840474,0.9999859215732881,0.9999859215732881,-0.0,0.0,,1000.0,False,False,False,,[]
1499,1499,1500,True,1.0,1.0,1499.0,1500.0,1499.0,1500.0,1500.0,0.0,0.0,0.0,83.40462000000002,0.5150948762893677,0.5150948762893677,0.0,1.0,0.508325283715936,0.508325283715936,0.9996836535326195,0.949683666229248,0.9996836535326195,0.9999881573840474,0.9999881573840474,0.9999859215732881,0.9999859215732881,-0.0,0.0,,1000.0,False,False,False,,[]
1500,1500,1501,True,1.0,1.0,1500.0,1501.0,1500.0,1501.0,1501.0,0.0,0.0,0.0,83.40462000000002,0.5150948762893677,0.5150948762893677,0.0,1.0,0.508325283715936,0.508325283715936,0.9996836535326195,0.949683666229248,0.9996836535326195,0.9999881573840474,0.9999881573840474,0.9999859215732881,0.9999859215732881,-0.0,0.0,,1000.0,False,False,False,,[]
1501,1501,1502,True,1.0,1.0,1501.0,1502.0,1501.0,1502.0,1502.0,0.0,0.0,0.0,83.40462000000002,0.5150948762893677,0.5150948762893677,0.0,1.0,0.508325283715936,0.508325283715936,0.9996836535326195,0.949683666229248,0.9996836535326195,0.9999881573840474,0.9999881573840474,0.9999859215732881,0.9999859215732881,-0.0,0.0,,1000.0,False,False,False,,[]
1502,1502,1503,True,1.0,1.0,1502.0,1503.0,1502.0,1503.0,1503.0,0.0,0.0,0.0,83.40462000000002,0.5150948762893677,0.5150948762893677,0.0,1.0,0.508325283715936,0.508325283715936,0.9996836535326195,0.949683666229248,0.9996836535326195,0.9999881573840474,0.9999881573840474,0.9999859215732881,0.9999859215732881,-0.0,0.0,,1000.0,False,False,False,,[]
1503,1503,1504,True,1.0,1.0,1503.0,1504.0,1503.0,1504.0,1504.0,0.0,0.0,0.0,83.40462000000002,0.5150948762893677,0.5150948762893677,0.0,1.0,0.508325283715936,0.508325283715936,0.9996836535326195,0.949683666229248,0.9996836535326195,0.9999881573840474,0.9999881573840474,0.9999859215732881,0.9999859215732881,-0.0,0.0,,1000.0,False,False,False,,[]
1504,1504,1505,True,1.0,1.0,1504.0,1505.0,1504.0,1505.0,1505.0,0.0,0.0,0.0,83.40462000000002,0.5150948762893677,0.5150948762893677,0.0,1.0,0.508325283715936,0.508325283715936,0.9996836535326195,0.949683666229248,0.9996836535326195,0.9999881573840474,0.9999881573840474,0.9999859215732881,0.9999859215732881,-0.0,0.0,,1000.0,False,False,False,,[]
1505,1505,1506,True,1.0,1.0,1505.0,1506.0,1505.0,1506.0,1506.0,0.0,0.0,0.0,83.40462000000002,0.5150948762893677,0.5150948762893677,0.0,1.0,0.508325283715936,0.508325283715936,0.9996836535326195,0.949683666229248,0.9996836535326195,0.9999881573840474,0.9999881573840474,0.9999859215732881,0.9999859215732881,-0.0,0.0,,1000.0,False,False,False,,[]
1506,1506,1507,True,1.0,1.0,1506.0,1507.0,1506.0,1507.0,1507.0,0.0,0.0,0.0,83.40462000000002,0.5150948762893677,0.5150948762893677,0.0,1.0,0.508325283715936,0.508325283715936,0.9996836535326195,0.949683666229248,0.9996836535326195,0.9999881573840474,0.9999881573840474,0.9999859215732881,0.9999859215732881,-0.0,0.0,,1000.0,False,False,False,,[]
1507,1507,1508,True,1.0,1.0,1507.0,1508.0,1507.0,1508.0,1508.0,0.0,0.0,0.0,83.40462000000002,0.5150948762893677,0.5150948762893677,0.0,1.0,0.508325283715936,0.508325283715936,0.9996836535326195,0.949683666229248,0.9996836535326195,0.9999881573840474,0.9999881573840474,0.9999859215732881,0.9999859215732881,-0.0,0.0,,1000.0,False,False,False,,[]
1508,1508,1509,True,1.0,1.0,1508.0,1509.0,1508.0,1509.0,1509.0,0.0,0.0,0.0,83.40462000000002,0.5150948762893677,0.5150948762893677,0.0,1.0,0.508325283715936,0.508325283715936,0.9996836535326195,0.949683666229248,0.9996836535326195,0.9999881573840474,0.9999881573840474,0.9999859215732881,0.9999859215732881,-0.0,0.0,,1000.0,False,False,False,,[]
1509,1509,1510,True,1.0,1.0,1509.0,1510.0,1509.0,1510.0,1510.0,0.0,0.0,0.0,83.40462000000002,0.5150948762893677,0.5150948762893677,0.0,1.0,0.508325283715936,0.508325283715936,0.9996836535326195,0.949683666229248,0.9996836535326195,0.9999881573840474,0.9999881573840474,0.9999859215732881,0.9999859215732881,-0.0,0.0,,1000.0,False,False,False,,[]
1510,1510,1511,True,1.0,1.0,1510.0,1511.0,1510.0,1511.0,1511.0,0.0,0.0,0.0,83.40462000000002,0.5150948762893677,0.5150948762893677,0.0,1.0,0.508325283715936,0.508325283715936,0.9996836535326195,0.949683666229248,0.9996836535326195,0.9999881573840474,0.9999881573840474,0.9999859215732881,0.9999859215732881,-0.0,0.0,,1000.0,False,False,False,,[]
1511,1511,1512,True,1.0,1.0,1511.0,1512.0,1511.0,1512.0,1512.0,0.0,0.0,0.0,83.40462000000002,0.5150948762893677,0.5150948762893677,0.0,1.0,0.508325283715936,0.508325283715936,0.9996836535326195,0.949683666229248,0.9996836535326195,0.9999881573840474,0.9999881573840474,0.9999859215732881,0.9999859215732881,-0.0,0.0,,1000.0,False,False,False,,[]
1512,1512,1513,True,1.0,1.0,1512.0,1513.0,1512.0,1513.0,1513.0,0.0,0.0,0.0,83.40462000000002,0.5150948762893677,0.5150948762893677,0.0,1.0,0.508325283715936,0.508325283715936,0.9996836535326195,0.949683666229248,0.9996836535326195,0.9999881573840474,0.9999881573840474,0.9999859215732881,0.9999859215732881,-0.0,0.0,,1000.0,False,False,False,,[]
1513,1513,1514,True,1.0,1.0,1513.0,1514.0,1513.0,1514.0,1514.0,0.0,0.0,0.0,83.40462000000002,0.5150948762893677,0.5150948762893677,0.0,1.0,0.508325283715936,0.508325283715936,0.9996836535326195,0.949683666229248,0.9996836535326195,0.9999881573840474,0.9999881573840474,0.9999859215732881,0.9999859215732881,-0.0,0.0,,1000.0,False,False,False,,[]
1514,1514,1515,True,1.0,1.0,1514.0,1515.0,1514.0,1515.0,1515.0,0.0,0.0,0.0,83.40462000000002,0.5150948762893677,0.5150948762893677,0.0,1.0,0.508325283715936,0.508325283715936,0.9996836535326195,0.949683666229248,0.9996836535326195,0.9999881573840474,0.9999881573840474,0.9999859215732881,0.9999859215732881,-0.0,0.0,,1000.0,False,False,False,,[]
1515,1515,1516,True,1.0,1.0,1515.0,1516.0,1515.0,1516.0,1516.0,0.0,0.0,0.0,83.40462000000002,0.5150948762893677,0.5150948762893677,0.0,1.0,0.508325283715936,0.508325283715936,0.9996836535326195,0.949683666229248,0.9996836535326195,0.9999881573840474,0.9999881573840474,0.9999859215732881,0.9999859215732881,-0.0,0.0,,1000.0,False,False,False,,[]
1516,1516,1517,True,1.0,1.0,1516.0,1517.0,1516.0,1517.0,1517.0,0.0,0.0,0.0,83.40462000000002,0.5150948762893677,0.5150948762893677,0.0,1.0,0.508325283715936,0.508325283715936,0.9996836535326195,0.949683666229248,0.9996836535326195,0.9999881573840474,0.9999881573840474,0.9999859215732881,0.9999859215732881,-0.0,0.0,,1000.0,False,False,False,,[]
1517,1517,1518,True,1.0,1.0,1517.0,1518.0,1517.0,1518.0,1518.0,0.0,0.0,0.0,83.40462000000002,0.5150948762893677,0.5150948762893677,0.0,1.0,0.508325283715936,0.508325283715936,0.9996836535326195,0.949683666229248,0.9996836535326195,0.9999881573840474,0.9999881573840474,0.9999859215732881,0.9999859215732881,-0.0,0.0,,1000.0,False,False,False,,[]
1518,1518,1519,True,1.0,1.0,1518.0,1519.0,1518.0,1519.0,1519.0,0.0,0.0,0.0,83.40462000000002,0.5150948762893677,0.5150948762893677,0.0,1.0,0.508325283715936,0.508325283715936,0.9996836535326195,0.949683666229248,0.9996836535326195,0.9999881573840474,0.9999881573840474,0.9999859215732881,0.9999859215732881,-0.0,0.0,,1000.0,False,False,False,,[]
1519,1519,1520,True,1.0,1.0,1519.0,1520.0,1519.0,1520.0,1520.0,0.0,0.0,0.0,83.40462000000002,0.5150948762893677,0.5150948762893677,0.0,1.0,0.508325283715936,0.508325283715936,0.9996836535326195,0.949683666229248,0.9996836535326195,0.9999881573840474,0.9999881573840474,0.9999859215732881,0.9999859215732881,-0.0,0.0,,1000.0,False,False,False,,[]
1520,1520,1521,True,1.0,1.0,1520.0,1521.0,1520.0,1521.0,1521.0,0.0,0.0,0.0,83.40462000000002,0.5150948762893677,0.5150948762893677,0.0,1.0,0.508325283715936,0.508325283715936,0.9996836535326195,0.949683666229248,0.9996836535326195,0.9999881573840474,0.9999881573840474,0.9999859215732881,0.9999859215732881,-0.0,0.0,,1000.0,False,False,False,,[]
1521,1521,1522,True,1.0,1.0,1521.0,1522.0,1521.0,1522.0,1522.0,0.0,0.0,0.0,83.40462000000002,0.5150948762893677,0.5150948762893677,0.0,1.0,0.508325283715936,0.508325283715936,0.9996836535326195,0.949683666229248,0.9996836535326195,0.9999881573840474,0.9999881573840474,0.9999859215732881,0.9999859215732881,-0.0,0.0,,1000.0,False,False,False,,[]
1522,1522,1523,True,1.0,1.0,1522.0,1523.0,1522.0,1523.0,1523.0,0.0,0.0,0.0,83.40462000000002,0.5150948762893677,0.5150948762893677,0.0,1.0,0.508325283715936,0.508325283715936,0.9996836535326195,0.949683666229248,0.9996836535326195,0.9999881573840474,0.9999881573840474,0.9999859215732881,0.9999859215732881,-0.0,0.0,,1000.0,False,False,False,,[]
1523,1523,1524,True,1.0,1.0,1523.0,1524.0,1523.0,1524.0,1524.0,0.0,0.0,0.0,83.40462000000002,0.5150948762893677,0.5150948762893677,0.0,1.0,0.508325283715936,0.508325283715936,0.9996836535326195,0.949683666229248,0.9996836535326195,0.9999881573840474,0.9999881573840474,0.9999859215732881,0.9999859215732881,-0.0,0.0,,1000.0,False,False,False,,[]
1524,1524,1525,True,1.0,1.0,1524.0,1525.0,1524.0,1525.0,1525.0,0.0,0.0,0.0,83.40462000000002,0.5150948762893677,0.5150948762893677,0.0,1.0,0.508325283715936,0.508325283715936,0.9996836535326195,0.949683666229248,0.9996836535326195,0.9999881573840474,0.9999881573840474,0.9999859215732881,0.9999859215732881,-0.0,0.0,,1000.0,False,False,False,,[]
1525,1525,1526,True,1.0,1.0,1525.0,1526.0,1525.0,1526.0,1526.0,0.0,0.0,0.0,83.40462000000002,0.5150948762893677,0.5150948762893677,0.0,1.0,0.508325283715936,0.508325283715936,0.9996836535326195,0.949683666229248,0.9996836535326195,0.9999881573840474,0.9999881573840474,0.9999859215732881,0.9999859215732881,-0.0,0.0,,1000.0,False,False,False,,[]
1526,1526,1527,True,1.0,1.0,1526.0,1527.0,1526.0,1527.0,1527.0,0.0,0.0,0.0,83.40462000000002,0.5150948762893677,0.5150948762893677,0.0,1.0,0.508325283715936,0.508325283715936,0.9996836535326195,0.949683666229248,0.9996836535326195,0.9999881573840474,0.9999881573840474,0.9999859215732881,0.9999859215732881,-0.0,0.0,,1000.0,False,False,False,,[]
1527,1527,1528,True,1.0,1.0,1527.0,1528.0,1527.0,1528.0,1528.0,0.0,0.0,0.0,83.40462000000002,0.5150948762893677,0.5150948762893677,0.0,1.0,0.508325283715936,0.508325283715936,0.9996836535326195,0.949683666229248,0.9996836535326195,0.9999881573840474,0.9999881573840474,0.9999859215732881,0.9999859215732881,-0.0,0.0,,1000.0,False,False,False,,[]
1528,1528,1529,True,1.0,1.0,1528.0,1529.0,1528.0,1529.0,1529.0,0.0,0.0,0.0,83.40462000000002,0.5150948762893677,0.5150948762893677,0.0,1.0,0.508325283715936,0.508325283715936,0.9996836535326195,0.949683666229248,0.9996836535326195,0.9999881573840474,0.9999881573840474,0.9999859215732881,0.9999859215732881,-0.0,0.0,,1000.0,False,False,False,,[]
1529,1529,1530,True,1.0,1.0,1529.0,1530.0,1529.0,1530.0,1530.0,0.0,0.0,0.0,83.40462000000002,0.5150948762893677,0.5150948762893677,0.0,1.0,0.508325283715936,0.508325283715936,0.9996836535326195,0.949683666229248,0.9996836535326195,0.9999881573840474,0.9999881573840474,0.9999859215732881,0.9999859215732881,-0.0,0.0,,1000.0,False,False,False,,[]
1530,1530,1531,True,1.0,1.0,1530.0,1531.0,1530.0,1531.0,1531.0,0.0,0.0,0.0,83.40462000000002,0.5150948762893677,0.5150948762893677,0.0,1.0,0.508325283715936,0.508325283715936,0.9996836535326195,0.949683666229248,0.9996836535326195,0.9999881573840474,0.9999881573840474,0.9999859215732881,0.9999859215732881,-0.0,0.0,,1000.0,False,False,False,,[]
1531,1531,1532,True,1.0,1.0,1531.0,1532.0,1531.0,1532.0,1532.0,0.0,0.0,0.0,83.40462000000002,0.5150948762893677,0.5150948762893677,0.0,1.0,0.508325283715936,0.508325283715936,0.9996836535326195,0.949683666229248,0.9996836535326195,0.9999881573840474,0.9999881573840474,0.9999859215732881,0.9999859215732881,-0.0,0.0,,1000.0,False,False,False,,[]
1532,1532,1533,True,1.0,1.0,1532.0,1533.0,1532.0,1533.0,1533.0,0.0,0.0,5.3108352,898.6620801600001,0.5150948762893677,0.5150948762893677,0.0,1.0,0.508325283715936,0.508264840569988,0.9996836535326195,0.949683666229248,0.9996835341497263,0.9999881573840474,0.9999881490426082,0.9999859215732881,0.9999859124119836,-3.9992007777936567,-15.666863429723046,,917.5286872727064,False,False,False,,[]
1533,1533,1534,True,1.0,1.0,1533.0,1534.0,1533.0,1534.0,1534.0,0.0,5.3108352,10.6216704,898.8960198243519,0.5150949358940125,0.5150949358940125,0.0,1.0,0.508264840569988,0.5080833907123821,0.9996835341497263,0.9496835470199585,0.9996831539818881,0.9999881490426082,0.9999881240117735,0.9999859124119836,0.9999858849209188,-12.000725548574824,-47.03180309144914,,786.1706043255482,False,False,False,,[]
1534,1534,1535,True,1.0,1.0,1534.0,1535.0,1534.0,1535.0,1535.0,0.0,10.6216704,15.932505600000002,899.5978388174084,0.515095055103302,0.515095055103302,0.0,1.0,0.5080833907123821,0.5078477938366845,0.9996831539818881,0.9496831297874451,0.999682672787828,0.9999881240117735,0.9999881151104333,0.9999858849209188,0.9999858390667156,-15.578070887924365,-61.066710180798985,,747.1206948201855,False,False,False,,[]
1535,1535,1536,True,1.0,1.0,1535.0,1536.0,1535.0,1536.0,1536.0,0.0,15.932505600000002,21.2433408,900.7675371391676,0.5150952339172363,0.5150952339172363,0.0,1.0,0.5078477938366845,0.5075911231966093,0.999682672787828,0.9496826529502869,0.999682154213024,0.9999881151104333,0.999988097565587,0.9999858390667156,0.9999858171888193,-16.968731225454796,-66.52902990752303,,741.8668049832639,False,False,False,,[]
1536,1536,1537,True,1.0,1.0,1536.0,1537.0,1536.0,1537.0,1537.0,0.0,21.2433408,26.554176000000002,902.4051147896324,0.5150953531265259,0.5150953531265259,0.0,1.0,0.5075911231966093,0.5072812434391233,0.999682154213024,0.9496821165084839,0.9996815465944372,0.999988097565587,0.9999880821807482,0.9999858171888193,0.999985800291864,-20.480875420020595,-80.32083314036197,,712.7972864839971,False,False,False,,[]
1537,1537,1538,True,1.0,1.0,1537.0,1538.0,1537.0,1538.0,1538.0,0.0,26.554176000000002,31.865011200000005,904.5105717688,0.5150955319404602,0.5150955319404602,0.0,1.0,0.5072812434391233,0.5068970358792477,0.9996815465944372,0.9496815204620361,0.9996808288056541,0.9999880821807482,0.9999880595636637,0.999985800291864,0.9999857795918534,-25.384313564100704,-99.58659951974464,,666.97635120491,False,False,False,,[]
1538,1538,1539,True,1.0,1.0,1538.0,1539.0,1538.0,1539.0,1539.0,0.0,31.865011200000005,35.7274368,684.740964396671,0.5150957703590393,0.5150957703590393,0.0,1.0,0.5068970358792477,0.506552648773573,0.9996808288056541,0.9496808052062988,0.9996801678584946,0.9999880595636637,0.9999880404126458,0.9999857795918534,0.9999857531632289,-22.752759182659375,-89.26513779090695,,686.7841946974931,False,False,False,,[]
1539,1539,1540,True,1.0,1.0,1539.0,1540.0,1539.0,1540.0,1540.0,0.0,35.7274368,39.1070592,612.7920417711706,0.5150959491729736,0.5150959491729736,0.0,1.0,0.506552648773573,0.5062202644107371,0.9996801678584946,0.9496801495552063,0.9996795250459068,0.9999880404126458,0.9999880216952917,0.9999857531632289,0.9999857351986934,-21.957694229510963,-86.15402684706129,,697.6675175805292,False,False,False,,[]
1540,1540,1541,True,1.0,1.0,1540.0,1541.0,1540.0,1541.0,1541.0,0.0,39.1070592,41.521075200000006,466.6611360877144,0.515096127986908,0.515096127986908,0.0,1.0,0.5062202644107371,0.5059475146997863,0.9996795250459068,0.9496794939041138,0.9996789787346718,0.9999880216952917,0.9999880062965608,0.9999857351986934,0.9999857204589772,-18.01932155752488,-70.69672507845146,,736.6377874770732,False,False,False,,[]
1541,1541,1542,True,1.0,1.0,1541.0,1542.0,1541.0,1542.0,1542.0,0.0,41.521075200000006,42.4866816,245.9325694303077,0.5150963068008423,0.5150963068008423,0.0,1.0,0.5059475146997863,0.5057892392128883,0.9996789787346718,0.9496789574623108,0.9996786438218384,0.9999880062965608,0.99998799566031,0.9999857204589772,0.999985706881038,-10.459325320939058,-41.02500620394637,,822.3812977312771,False,False,False,,[]
1542,1542,1543,True,1.0,1.0,1542.0,1543.0,1542.0,1543.0,1543.0,0.0,42.4866816,41.3601408,-74.5566421214711,0.5150964260101318,0.5150964260101318,0.0,1.0,0.5057892392128883,0.5058186998917211,0.9996786438218384,0.9496786594390869,0.9996785873704414,0.99998799566031,0.9999879901819563,0.999985706881038,0.9999856995934987,1.9479231175823506,7.636207953474409,,1011.1731048659109,False,False,False,,[]
1543,1543,1544,True,1.0,1.0,1543.0,1544.0,1543.0,1544.0,1544.0,0.0,41.3601408,40.394534400000005,-50.635321433328905,0.5150964260101318,0.5150964260101318,0.0,1.0,0.5058186998917211,0.5058359092938529,0.9996785873704414,0.9496785998344421,0.9996785547873193,0.9999879901819563,0.9999879863099032,0.9999856995934987,0.9999856921783762,1.1378857217683755,4.460677032562165,,1002.6710296783872,False,False,False,,[]
1544,1544,1545,True,1.0,1.0,1544.0,1545.0,1544.0,1545.0,1545.0,0.0,40.394534400000005,39.7507968,-1.88055166876103,0.5150964260101318,0.5150964260101318,0.0,1.0,0.5058359092938529,0.5058366048039359,0.9996785547873193,0.9496785402297974,0.9996785534915898,0.9999879863099032,0.9999879862561443,0.9999856921783762,0.999985691892829,0.04598660711492996,0.18027621350821363,,1000.2266824872911,False,False,False,,[]
1545,1545,1546,True,1.0,1.0,1545.0,1546.0,1545.0,1546.0,1546.0,0.0,39.7507968,40.2336,170.62492627942223,0.5150964260101318,0.5150964260101318,0.0,1.0,0.5058366048039359,0.5057327446145636,0.9996785534915898,0.9496785402297974,0.9996783394539515,0.9999879862561443,0.9999879768587635,0.999985691892829,0.9999856865465901,-6.865119029284029,-26.920561085286145,,877.1871554174365,False,False,False,,[]
1546,1546,1547,True,1.0,1.0,1546.0,1547.0,1546.0,1547.0,1547.0,0.0,40.2336,40.5554688,146.2404523163994,0.5150964856147766,0.5150964856147766,0.0,1.0,0.5057327446145636,0.5056405298412834,0.9996783394539515,0.9496783018112183,0.9996781515681699,0.9999879768587635,0.9999879682321419,0.9999856865465901,0.9999856803698286,-6.095467587962947,-23.90206923424345,,888.2519257020421,False,False,False,,[]
1547,1547,1548,True,1.0,1.0,1547.0,1548.0,1547.0,1548.0,1548.0,0.0,40.5554688,40.8773376,146.45613222733644,0.5150965452194214,0.5150965452194214,0.0,1.0,0.5056405298412834,0.5055345265535015,0.9996781515681699,0.9496781229972839,0.9996779326555065,0.9999879682321419,0.9999879595820859,0.9999856803698286,0.9999856647629494,-7.0064989798076365,-27.47605219306776,,867.9414202393375,False,False,False,,[]
1548,1548,1549,True,1.0,1.0,1548.0,1549.0,1548.0,1549.0,1549.0,0.0,40.8773376,41.521075200000006,196.08307374330025,0.5150966048240662,0.5150966048240662,0.0,1.0,0.5055345265535015,0.5053986440754836,0.9996779326555065,0.9496779441833496,0.999677643714376,0.9999879595820859,0.9999879495516926,0.9999856647629494,0.9999856468045228,-8.980404170063416,-35.22073830223903,,838.3878261957184,False,False,False,,[]
1549,1549,1550,True,1.0,1.0,1549.0,1550.0,1549.0,1550.0,1550.0,0.0,41.521075200000006,43.7741568,443.57074159030805,0.5150967240333557,0.5150967240333557,0.0,1.0,0.5053986440754836,0.5051240588000222,0.999677643714376,0.9496776461601257,0.9996770942812649,0.9999879495516926,0.9999879338200477,0.9999856468045228,0.999985631983165,-18.138688364261295,-71.17250339960385,,735.2500084606439,False,False,False,,[]
1550,1550,1551,True,1.0,1.0,1550.0,1551.0,1550.0,1551.0,1551.0,0.0,43.7741568,42.647616,-73.63549126679685,0.5150968432426453,0.5150968432426453,0.0,1.0,0.5051240588000222,0.505154332719587,0.9996770942812649,0.9496771097183228,0.9996770362253989,0.9999879338200477,0.9999879282636805,0.999985631983165,0.9999856248932899,2.0015868996063317,7.846999951203587,,1011.9635245611602,False,False,False,,[]
1551,1551,1552,True,1.0,1.0,1551.0,1552.0,1551.0,1552.0,1552.0,0.0,42.647616,38.624256,-519.1288893690368,0.51509690284729,0.51509690284729,0.0,1.0,0.505154332719587,0.5053970258900277,0.9996770362253989,0.949677050113678,0.9996765423165848,0.9999879282636805,0.9999879104643927,0.9999856248932899,0.9999856083654672,16.057402540392328,62.906069778214885,,1189.0255489228489,False,False,False,,[]
1552,1552,1553,True,1.0,1.0,1552.0,1553.0,1552.0,1553.0,1553.0,0.0,38.624256,36.5321088,-225.38374156286943,0.5150970220565796,0.5150970220565796,0.0,1.0,0.5053970258900277,0.5054914907794023,0.9996765423165848,0.949676513671875,0.9996763494221007,0.9999879104643927,0.9999879000969011,0.9999856083654672,0.9999856017297415,6.248059901151371,24.485299325894793,,1061.7652452350007,False,False,False,,[]
1553,1553,1554,True,1.0,1.0,1553.0,1554.0,1553.0,1554.0,1554.0,0.0,36.5321088,31.2212736,-720.7833479980231,0.5150970816612244,0.5150970816612244,0.0,1.0,0.5054914907794023,0.50576769858263,0.9996763494221007,0.9496763348579407,0.9996757972371394,0.9999879000969011,0.9999878806037659,0.9999856017297415,0.9999855755227204,18.280573135512707,71.59306259665293,,1212.546192322606,False,False,False,,[]
1554,1554,1555,True,1.0,1.0,1554.0,1555.0,1554.0,1555.0,1555.0,0.0,31.2212736,28.4853888,-328.49150666869446,0.5150972604751587,0.5150972604751587,0.0,1.0,0.50576769858263,0.5058770089237709,0.9996757972371394,0.9496757984161377,0.9996755707634156,0.9999878806037659,0.9999878685580775,0.9999855755227204,0.9999855678394378,7.231859103657101,28.33324042370119,,1071.7355446544798,False,False,False,,[]
1555,1555,1556,True,1.0,1.0,1555.0,1556.0,1555.0,1556.0,1556.0,0.0,28.4853888,27.6807168,-33.38912213215446,0.5150973200798035,0.5150973200798035,0.0,1.0,0.5058770089237709,0.5058850387044025,0.9996755707634156,0.9496755599975586,0.9996755556962843,0.9999878685580775,0.9999878665513505,0.9999855678394378,0.9999855650704742,0.5311098037345894,2.0813191397218316,,1001.7504355494649,False,False,False,,[]
1556,1556,1557,True,1.0,1.0,1556.0,1557.0,1556.0,1557.0,1557.0,0.0,27.6807168,29.129126400000004,312.1028171512493,0.5150973200798035,0.5150973200798035,0.0,1.0,0.5058850387044025,0.5057439869612097,0.9996755556962843,0.9496755599975586,0.9996752551369303,0.9999878665513505,0.9999878544560865,0.9999855650704742,0.9999855523309673,-9.325369982582878,-36.560611835579586,,836.1606366778167,False,False,False,,[]
1557,1557,1558,True,1.0,1.0,1557.0,1558.0,1557.0,1558.0,1558.0,0.0,29.129126400000004,29.933798400000004,213.96621620774567,0.515097439289093,0.515097439289093,0.0,1.0,0.5057439869612097,0.5056477172851283,0.9996752551369303,0.9496752619743347,0.9996750582097448,0.9999878544560865,0.999987845667936,0.9999855523309673,0.9999855473803443,-6.365304072209382,-24.95310004030396,,885.1898432510766,False,False,False,,[]
1558,1558,1559,True,1.0,1.0,1558.0,1559.0,1558.0,1559.0,1559.0,0.0,29.933798400000004,32.18688,436.70335574090177,0.5150974988937378,0.5150974988937378,0.0,1.0,0.5056477172851283,0.505444736993714,0.9996750582097448,0.9496750235557556,0.9996746370496677,0.999987845667936,0.9999878302629414,0.9999855473803443,0.9999855357306381,-13.416132780636934,-52.61249153458571,,786.0702071172144,False,False,False,,[]
1559,1559,1560,True,1.0,1.0,1559.0,1560.0,1559.0,1560.0,1560.0,0.0,32.18688,35.7274368,635.5024185768948,0.5150976181030273,0.5150976181030273,0.0,1.0,0.505444736993714,0.5051241133790905,0.9996746370496677,0.9496746063232422,0.9996740124381923,0.9999878302629414,0.9999878117895017,0.9999855357306381,0.9999855122462832,-21.18252053964392,-83.10564091039674,,701.7334291325608,False,False,False,,[]
1560,1560,1561,True,1.0,1.0,1560.0,1561.0,1560.0,1561.0,1561.0,0.0,35.7274368,39.428928,662.2015848111699,0.5150977969169617,0.5150977969169617,0.0,1.0,0.5051241133790905,0.504764743018468,0.9996740124381923,0.9496740102767944,0.9996733294941816,0.9999878117895017,0.9999877926738984,0.9999855122462832,0.999985492749841,-23.736642221731387,-93.14879747336595,,681.9994663562021,False,False,False,,[]
1561,1561,1562,True,1.0,1.0,1561.0,1562.0,1561.0,1562.0,1562.0,0.0,39.428928,43.9350912,788.0328307810554,0.5150980353355408,0.5150980353355408,0.0,1.0,0.504764743018468,0.5043000328341563,0.9996733294941816,0.9496732950210571,0.9996725136457777,0.9999877926738984,0.9999877762030249,0.999985492749841,0.9999854670149624,-30.680103069379626,-120.45287977359878,,629.5244009894733,False,False,False,,[]
1562,1562,1563,True,1.0,1.0,1562.0,1563.0,1562.0,1563.0,1563.0,0.0,43.9350912,49.084992,889.9676752556925,0.5150982141494751,0.5150982141494751,0.0,1.0,0.5043000328341563,0.5037099116280845,0.9996725136457777,0.949672520160675,0.9996715400368795,0.9999877762030249,0.9999877552410089,0.9999854670149624,0.9999854306472423,-38.93741960925303,-152.95941661380098,,573.1277044801515,False,False,False,,[]
1563,1563,1564,True,1.0,1.0,1563.0,1564.0,1563.0,1564.0,1564.0,0.0,49.084992,53.91302400000001,844.531454558995,0.5150985717773438,0.5150985717773438,0.0,1.0,0.5037099116280845,0.5030906228492158,0.9996715400368795,0.9496715068817139,0.9996704988958414,0.9999877552410089,0.9999877366881919,0.9999854306472423,0.999985389756535,-40.848892437723215,-160.51965148277293,,560.900813444099,False,False,False,,[]
1564,1564,1565,True,1.0,1.0,1564.0,1565.0,1564.0,1565.0,1565.0,0.0,53.91302400000001,58.25825280000001,774.541696064705,0.5150988698005676,0.5150988698005676,0.0,1.0,0.5030906228492158,0.5024720303680309,0.9996704988958414,0.9496704936027527,0.9996694593918891,0.9999877366881919,0.9999877182534644,0.999985389756535,0.9999853489146165,-40.793479420912085,-160.33917112313046,,561.2240676047247,False,False,False,,[]
1565,1565,1566,True,1.0,1.0,1565.0,1566.0,1565.0,1566.0,1566.0,0.0,58.25825280000001,60.028531199999996,383.3080611509815,0.5150991678237915,0.5150991678237915,0.0,1.0,0.5024720303680309,0.5021400638387744,0.9996694593918891,0.9496694207191467,0.9996688172186771,0.9999877182534644,0.9999877002638349,0.9999853489146165,0.9999853276006845,-21.90656665889694,-86.04572438329225,,696.627495008596,False,False,False,,[]
1566,1566,1567,True,1.0,1.0,1566.0,1567.0,1566.0,1567.0,1567.0,0.0,60.028531199999996,63.247219199999996,607.3878296117814,0.5150993466377258,0.5150993466377258,0.0,1.0,0.5021400638387744,0.5016186352348169,0.9996688172186771,0.949668824672699,0.9996679471409211,0.9999877002638349,0.9999876824379179,0.9999853276006845,0.9999853064105365,-34.3853629876058,-135.15429414579307,,606.9977942890829,False,False,False,,[]
1567,1567,1568,True,1.0,1.0,1567.0,1568.0,1567.0,1568.0,1568.0,0.0,63.247219199999996,65.178432,413.04070947921133,0.5150996446609497,0.5150996446609497,0.0,1.0,0.5016186352348169,0.5012407295068119,0.9996679471409211,0.9496679306030273,0.9996672379981039,0.9999876824379179,0.9999876664540426,0.9999853064105365,0.9999852862438298,-24.927703609397177,-97.95316469888903,,673.4140093502638,False,False,False,,[]
1568,1568,1569,True,1.0,1.0,1568.0,1569.0,1568.0,1569.0,1569.0,0.0,65.178432,67.7533824,513.9169178969848,0.515099823474884,0.515099823474884,0.0,1.0,0.5012407295068119,0.5007646207667296,0.9996672379981039,0.94966721534729,0.9996664102209835,0.9999876664540426,0.9999876493967648,0.9999852862438298,0.9999852675103932,-31.392293147184095,-123.40738542934469,,627.086172046611,False,False,False,,[]
1569,1569,1570,True,1.0,1.0,1569.0,1570.0,1569.0,1570.0,1570.0,0.0,67.7533824,70.00646400000001,467.34644428221594,0.5151000618934631,0.5151000618934631,0.0,1.0,0.5007646207667296,0.5003155707448674,0.9996664102209835,0.9496663808822632,0.9996656115782653,0.9999876493967648,0.9999876330579963,0.9999852675103932,0.9999852498062796,-29.606280326712227,-116.39376566665669,,639.8127955877893,False,False,False,,[]
1570,1570,1571,True,1.0,1.0,1570.0,1571.0,1570.0,1571.0,1571.0,0.0,70.00646400000001,72.58141440000001,519.3303977332293,0.5151003003120422,0.5151003003120422,0.0,1.0,0.5003155707448674,0.499799378011449,0.9996656115782653,0.9496656060218811,0.9996647459592646,0.9999876330579963,0.9999876156008249,0.9999852498062796,0.999985228404267,-34.02129792385921,-133.79715650204517,,609.1566660550237,False,False,False,,[]
1571,1571,1572,True,1.0,1.0,1571.0,1572.0,1571.0,1572.0,1572.0,0.0,72.58141440000001,74.029824,349.44229432174365,0.5151005983352661,0.5151005983352661,0.0,1.0,0.499799378011449,0.49943571038339113,0.9996647459592646,0.9496647119522095,0.9996640568403609,0.9999876156008249,0.9999876001503624,0.999985228404267,0.9999852104868182,-23.97637435991841,-94.26264919261301,,682.152701866488,False,False,False,,[]
1572,1572,1573,True,1.0,1.0,1572.0,1573.0,1572.0,1573.0,1573.0,0.0,74.029824,75.3172992,326.49883713417734,0.5151007771492004,0.5151007771492004,0.0,1.0,0.49943571038339113,0.4990849772104537,0.9996640568403609,0.9496640563011169,0.9996633864886866,0.9999876001503624,0.9999875819568186,0.9999852104868182,0.9999851928129567,-23.122521995370185,-90.91003842537897,,687.9302486910948,False,False,False,,[]
1573,1573,1574,True,1.0,1.0,1573.0,1574.0,1573.0,1574.0,1574.0,0.0,75.3172992,76.44384000000001,303.38889395958944,0.5151009559631348,0.5151009559631348,0.0,1.0,0.4990849772104537,0.4987500091990315,0.9996633864886866,0.9496634006500244,0.9996627397345644,0.9999875819568186,0.9999875622492841,0.9999851928129567,0.9999851753298704,-22.08251532441388,-86.82370856063005,,695.9746004545106,False,False,False,,[]
1574,1574,1575,True,1.0,1.0,1574.0,1575.0,1574.0,1575.0,1575.0,0.0,76.44384000000001,76.44384000000001,131.87352428780403,0.5151011943817139,0.5151011943817139,0.0,1.0,0.4987500091990315,0.49859316953746835,0.9996627397345644,0.9496627449989319,0.9996624076626648,0.9999875622492841,0.9999875482109084,0.9999851753298704,0.9999851646689345,-10.344621309000319,-40.652840277170945,,823.217253412505,False,False,False,,[]
1575,1575,1576,True,1.0,1.0,1575.0,1576.0,1575.0,1576.0,1576.0,0.0,76.44384000000001,76.1219712,82.46398124780467,0.5151013135910034,0.5151013135910034,0.0,1.0,0.49859316953746835,0.49849063195201315,0.9996624076626648,0.9496623873710632,0.9996621966239125,0.9999875482109084,0.9999875383770139,0.9999851646689345,0.9999851553178368,-6.764262862368645,-26.57774214998107,,875.02349768241,False,False,False,,[]
1576,1576,1577,True,1.0,1.0,1576.0,1577.0,1576.0,1577.0,1577.0,0.0,76.1219712,75.96103680000002,106.76145285631549,0.5151013135910034,0.5151013135910034,0.0,1.0,0.49849063195201315,0.4983606254519138,0.9996621966239125,0.9496622085571289,0.9996619217620213,0.9999875383770139,0.999987525916023,0.9999851553178368,0.9999851449224487,-8.57589256320033,-33.697684825752155,,847.2070058856947,False,False,False,,[]
1577,1577,1578,True,1.0,1.0,1577.0,1578.0,1577.0,1578.0,1578.0,0.0,75.96103680000002,75.63916800000001,81.85367584245664,0.515101432800293,0.515101432800293,0.0,1.0,0.4983606254519138,0.4982593272476352,0.9996619217620213,0.949661910533905,0.999661713526741,0.999987525916023,0.9999875161714891,0.9999851449224487,0.9999851356175405,-6.682888552099683,-26.256494549006824,,876.2927266305172,False,False,False,,[]
1578,1578,1579,True,1.0,1.0,1578.0,1579.0,1578.0,1579.0,1579.0,0.0,75.63916800000001,75.63916800000001,130.8584968185082,0.5151014924049377,0.5151014924049377,0.0,1.0,0.4982593272476352,0.4981051610330715,0.999661713526741,0.9496616721153259,0.9996613867557693,0.9999875161714891,0.999987502330844,0.9999851356175405,0.9999851250515178,-10.169352521400109,-39.95988281490686,,825.5934092024183,False,False,False,,[]
1579,1579,1580,True,1.0,1.0,1579.0,1580.0,1579.0,1580.0,1580.0,0.0,75.63916800000001,75.63916800000001,130.8584968185082,0.5151016116142273,0.5151016116142273,0.0,1.0,0.4981051610330715,0.4979509960735252,0.9996613867557693,0.949661374092102,0.9996610599872895,0.999987502330844,0.9999874884901975,0.9999851250515178,0.9999851144854947,-10.169352667302208,-39.959557514392024,,825.5944331914556,False,False,False,,[]
1580,1580,1581,True,1.0,1.0,1580.0,1581.0,1580.0,1581.0,1581.0,0.0,75.63916800000001,75.63916800000001,130.8584968185082,0.5151016712188721,0.5151016712188721,0.0,1.0,0.4979509960735252,0.49779683232872374,0.9996610599872895,0.9496610760688782,0.9996607332212216,0.9999874884901975,0.9999874746495502,0.9999851144854947,0.9999851039194712,-10.169352740253201,-39.959242652543026,,825.595424814112,False,False,False,,[]
1581,1581,1582,True,1.0,1.0,1581.0,1582.0,1581.0,1582.0,1582.0,0.0,75.63916800000001,75.63916800000001,130.8584968185082,0.5151017904281616,0.5151017904281616,0.0,1.0,0.49779683232872374,0.49764266975732024,0.9996607332212216,0.9496607184410095,0.9996604064574836,0.9999874746495502,0.9999874608089014,0.9999851039194712,0.9999850933534471,-10.169352886155071,-39.958938507787195,,825.5963820515168,False,False,False,,[]
1582,1582,1583,True,1.0,1.0,1582.0,1583.0,1582.0,1583.0,1583.0,0.0,75.63916800000001,75.96103680000002,180.26803985850756,0.5151018500328064,0.5151018500328064,0.0,1.0,0.49764266975732024,0.4974387085397582,0.9996604064574836,0.9496604204177856,0.9996599834549358,0.9999874608089014,0.9999874455290587,0.9999850933534471,0.9999850822530361,-13.452310389389007,-52.86674759208983,,785.7671012140086,False,False,False,,[]
1583,1583,1584,True,1.0,1.0,1583.0,1584.0,1583.0,1584.0,1584.0,0.0,75.96103680000002,76.2829056,180.67276192245535,0.5151020288467407,0.5151020288467407,0.0,1.0,0.4974387085397582,0.4972334480875237,0.9996599834549358,0.9496599435806274,0.9996595580154807,0.9999874455290587,0.9999874301814365,0.9999850822530361,0.9999850710695537,-13.537743695336024,-53.20350921919264,,784.7227030950958,False,False,False,,[]
1584,1584,1585,True,1.0,1.0,1584.0,1585.0,1584.0,1585.0,1585.0,0.0,76.2829056,77.0875776,255.19351711143153,0.5151021480560303,0.5151021480560303,0.0,1.0,0.4972334480875237,0.4969489273286042,0.9996595580154807,0.949659526348114,0.9996589918458271,0.9999874301814365,0.9999874160067159,0.9999850710695537,0.9999850533395067,-18.760294523779883,-73.74778071192715,,728.3095795722651,False,False,False,,[]
1585,1585,1586,True,1.0,1.0,1585.0,1586.0,1585.0,1586.0,1586.0,0.0,77.0875776,78.053184,280.921908925862,0.5151023268699646,0.5151023268699646,0.0,1.0,0.4969489273286042,0.49663245250941906,0.9996589918458271,0.949658989906311,0.9996583737553134,0.9999874160067159,0.9999873984747442,0.9999850533395067,0.9999850360199701,-20.86408285220523,-82.03027313278022,,707.6462842367657,False,False,False,,[]
1586,1586,1587,True,1.0,1.0,1586.0,1587.0,1586.0,1587.0,1587.0,0.0,78.053184,79.01879040000001,282.164431440661,0.5151025056838989,0.5151025056838989,0.0,1.0,0.49663245250941906,0.4963107552444149,0.9996583737553134,0.9496583342552185,0.9996577474647579,0.9999873984747442,0.9999873805601608,0.9999850360199701,0.9999850186713595,-21.206696139286453,-83.38393108906695,,704.4289843814211,False,False,False,,[]
1587,1587,1588,True,1.0,1.0,1587.0,1588.0,1587.0,1588.0,1588.0,0.0,79.01879040000001,79.66252800000001,234.0128780007013,0.5151026844978333,0.5151026844978333,0.0,1.0,0.4963107552444149,0.49603853177460094,0.9996577474647579,0.9496577382087708,0.9996572020502392,0.9999873805601608,0.9999873654551007,0.9999850186713595,0.9999850015605818,-17.94698310934058,-70.56032337578058,,735.845590927179,False,False,False,,[]
1588,1588,1589,True,1.0,1.0,1588.0,1589.0,1588.0,1589.0,1589.0,0.0,79.66252800000001,80.4672,259.564902079197,0.5151028633117676,0.5151028633117676,0.0,1.0,0.49603853177460094,0.4957375579706323,0.9996572020502392,0.9496572017669678,0.9996566087767017,0.9999873654551007,0.9999873501188792,0.9999850015605818,0.999984984293691,-19.83982073421024,-78.01240998867068,,717.9244270463429,False,False,False,,[]
1589,1589,1590,True,1.0,1.0,1589.0,1590.0,1589.0,1590.0,1590.0,0.0,80.4672,81.4328064,285.33840622560007,0.5151030421257019,0.5151030421257019,0.0,1.0,0.4957375579706323,0.49540298782155523,0.9996566087767017,0.94965660572052,0.9996559626281973,0.9999873501188792,0.999987331217311,0.999984984293691,0.9999849673120116,-22.050966322922875,-86.72058264077197,,696.8309709410969,False,False,False,,[]
1590,1590,1591,True,1.0,1.0,1590.0,1591.0,1590.0,1591.0,1591.0,0.0,81.4328064,82.07654400000001,237.2255204987583,0.5151032209396362,0.5151032209396362,0.0,1.0,0.49540298782155523,0.495119945567971,0.9996559626281973,0.9496559500694275,0.9996553989317292,0.999987331217311,0.9999873157922077,0.9999849673120116,0.9999849503657594,-18.65666457225206,-73.3645521290278,,728.978135364342,False,False,False,,[]
1591,1591,1592,True,1.0,1.0,1591.0,1592.0,1591.0,1592.0,1592.0,0.0,82.07654400000001,82.88121600000001,262.8033230526666,0.5151033997535706,0.5151033997535706,0.0,1.0,0.495119945567971,0.49480699260733796,0.9996553989317292,0.9496554136276245,0.9996547864172691,0.9999873157922077,0.9999872995775827,0.9999849503657594,0.9999849336422242,-20.625429056201313,-81.1174073960877,,710.6600450927851,False,False,False,,[]
1592,1592,1593,True,1.0,1.0,1592.0,1593.0,1592.0,1593.0,1593.0,0.0,82.88121600000001,84.00775680000001,313.3138218133308,0.5151035785675049,0.5151035785675049,0.0,1.0,0.49480699260733796,0.494431564380173,0.9996547864172691,0.949654757976532,0.9996540807101897,0.9999872995775827,0.999987277918713,0.9999849336422242,0.9999849182743041,-24.736713971068742,-97.31099648115743,,674.2971367527684,False,False,False,,[]
1593,1593,1594,True,1.0,1.0,1593.0,1594.0,1593.0,1594.0,1594.0,0.0,84.00775680000001,85.61710080000002,388.98751931504995,0.515103816986084,0.515103816986084,0.0,1.0,0.494431564380173,0.49396907887493624,0.9996540807101897,0.9496540427207947,0.9996532672487609,0.999987277918713,0.9999872595188746,0.9999849182743041,0.9999849001212361,-30.462048405343907,-119.87624295736697,,632.7573862282329,False,False,False,,[]
1594,1594,1595,True,1.0,1.0,1594.0,1595.0,1594.0,1595.0,1595.0,0.0,85.61710080000002,87.06551040000001,366.5469572186204,0.5151039958000183,0.5151039958000183,0.0,1.0,0.49396907887493624,0.49352497891110425,0.9996532672487609,0.9496532678604126,0.9996524742383166,0.9999872595188746,0.9999872414640774,0.9999849001212361,0.999984882742593,-29.24936558350484,-115.11071062525133,,641.5049403907361,False,False,False,,[]
1595,1595,1596,True,1.0,1.0,1595.0,1596.0,1595.0,1596.0,1596.0,0.0,87.06551040000001,87.8701824,269.8023939472968,0.5151042938232422,0.5151042938232422,0.0,1.0,0.49352497891110425,0.49318636140549765,0.9996524742383166,0.9496524333953857,0.9996518219520097,0.9999872414640774,0.9999872235623056,0.999984882742593,0.9999848671498193,-22.307161366567378,-87.76965745322826,,695.729281643621,False,False,False,,[]
1596,1596,1597,True,1.0,1.0,1596.0,1597.0,1596.0,1597.0,1597.0,0.0,87.8701824,88.3529856,221.5604010227713,0.5151044726371765,0.5151044726371765,0.0,1.0,0.49318636140549765,0.4929005571871348,0.9996518219520097,0.949651837348938,0.9996512536404057,0.9999872235623056,0.9999872063019877,0.9999848671498193,0.9999848514016382,-18.830070594454227,-74.0804533996476,,726.9323232067117,False,False,False,,[]
1597,1597,1598,True,1.0,1.0,1597.0,1598.0,1597.0,1598.0,1598.0,0.0,88.3529856,88.51392000000001,172.85654374714147,0.5151046514511108,0.5151046514511108,0.0,1.0,0.4929005571871348,0.4926700396232508,0.9996512536404057,0.9496512413024902,0.9996507816249466,0.9999872063019877,0.9999871885661529,0.9999848514016382,0.9999848377156707,-15.189726135105724,-59.75015255873839,,763.8597119523297,False,False,False,,[]
1598,1598,1599,True,1.0,1.0,1598.0,1599.0,1598.0,1599.0,1599.0,0.0,88.51392000000001,88.3529856,123.6830885777744,0.5151047706604004,0.5151047706604004,0.0,1.0,0.4926700396232508,0.49250051476149476,0.9996507816249466,0.949650764465332,0.9996504246019848,0.9999871885661529,0.9999871732170503,0.9999848377156707,0.9999848270403869,-11.172767278177092,-43.94084416716737,,812.1817224719124,False,False,False,,[]
1599,1599,1600,True,1.0,1.0,1599.0,1600.0,1599.0,1600.0,1600.0,0.0,88.3529856,87.8701824,74.03745766714079,0.5151048898696899,0.5151048898696899,0.0,1.0,0.49250051476149476,0.49240135443724903,0.9996504246019848,0.9496504068374634,0.9996502211873424,0.9999871732170503,0.9999871685632408,0.9999848270403869,0.999984817231688,-6.53689303256488,-25.702356044487004,,881.8619798095241,False,False,False,,[]
1600,1600,1601,True,1.0,1.0,1600.0,1601.0,1600.0,1601.0,1601.0,0.0,87.8701824,87.8701824,147.44608646277223,0.5151049494743347,0.5151049494743347,0.0,1.0,0.49240135443724903,0.49220491559344487,0.9996502211873424,0.949650228023529,0.9996498123707833,0.9999871685632408,0.9999871516646585,0.999984817231688,0.999984807080947,-12.946433859688645,-50.91694831404062,,790.9078354867544,False,False,False,,[]
1601,1601,1602,True,1.0,1.0,1601.0,1602.0,1601.0,1602.0,1602.0,0.0,87.8701824,88.1920512,196.85562950276963,0.5151050686836243,0.5151050686836243,0.0,1.0,0.49220491559344487,0.49194673238451603,0.9996498123707833,0.9496498107910156,0.9996492911573559,0.9999871516646585,0.999987133915959,0.999984807080947,0.9999847916324895,-17.012551040343403,-66.92108775436256,,744.3235789069091,False,False,False,,[]
1602,1602,1603,True,1.0,1.0,1602.0,1603.0,1602.0,1603.0,1603.0,0.0,88.1920512,88.67485440000002,222.03042855776337,0.5151052474975586,0.5151052474975586,0.0,1.0,0.49194673238451603,0.4916595164919732,0.9996492911573559,0.9496492743492126,0.9996487204951756,0.999987133915959,0.9999871166081684,0.9999847916324895,0.9999847759645238,-18.92349762830839,-74.44635934709987,,726.0804415061228,False,False,False,,[]
1603,1603,1604,True,1.0,1.0,1603.0,1604.0,1603.0,1604.0,1604.0,0.0,88.67485440000002,89.31859200000001,247.44346368966978,0.5151053667068481,0.5151053667068481,0.0,1.0,0.4916595164919732,0.49134311585300927,0.9996487204951756,0.9496487379074097,0.999648102521727,0.9999871166081684,0.9999871003690661,0.9999847759645238,0.9999847604134104,-20.843764643633907,-82.01104561944905,,709.2257937674954,False,False,False,,[]
1604,1604,1605,True,1.0,1.0,1604.0,1605.0,1604.0,1605.0,1605.0,0.0,89.31859200000001,89.64046080000001,198.98428710980917,0.5151056051254272,0.5151056051254272,0.0,1.0,0.49134311585300927,0.4910783352727674,0.999648102521727,0.9496480822563171,0.999647569870479,0.9999871003690661,0.9999870823481201,0.9999847604134104,0.9999847447818386,-17.445219601544753,-68.63112639869252,,739.8101018702216,False,False,False,,[]
1605,1605,1606,True,1.0,1.0,1605.0,1606.0,1605.0,1606.0,1606.0,0.0,89.64046080000001,90.28419840000001,248.87159122741994,0.5151057243347168,0.5151057243347168,0.0,1.0,0.4910783352727674,0.4907572405787185,0.999647569870479,0.9496475458145142,0.9996469445218539,0.9999870823481201,0.9999870660193554,0.9999847447818386,0.9999847293842182,-21.151307386686632,-83.22774469747178,,706.5360525815729,False,False,False,,[]
1606,1606,1607,True,1.0,1.0,1606.0,1607.0,1606.0,1607.0,1607.0,0.0,90.28419840000001,90.6060672,200.4227260377255,0.5151059031486511,0.5151059031486511,0.0,1.0,0.4907572405787185,0.4904880087766071,0.9996469445218539,0.9496469497680664,0.9996464042194877,0.9999870660193554,0.9999870478200801,0.9999847293842182,0.9999847136413642,-17.737077352436234,-69.78488310727747,,736.8088188457449,False,False,False,,[]
1607,1607,1608,True,1.0,1.0,1607.0,1608.0,1607.0,1608.0,1608.0,0.0,90.6060672,91.0888704,225.61041433042072,0.5151060819625854,0.5151060819625854,0.0,1.0,0.4904880087766071,0.49018927432128445,0.9996464042194877,0.9496464133262634,0.9996458145893256,0.9999870478200801,0.9999870301691205,0.9999847136413642,0.9999846979252721,-19.678474763204285,-77.43197081962289,,718.8739151291427,False,False,False,,[]
1608,1608,1609,True,1.0,1.0,1608.0,1609.0,1608.0,1609.0,1609.0,0.0,91.0888704,91.2498048,176.92846875888605,0.5151062607765198,0.5151062607765198,0.0,1.0,0.49018927432128445,0.48994573506069633,0.9996458145893256,0.9496458172798157,0.9996453191730705,0.9999870301691205,0.9999870118262052,0.9999846979252721,0.9999846827618587,-16.044873920016713,-63.12537634443978,,753.8139888899103,False,False,False,,[]
1609,1609,1610,True,1.0,1.0,1609.0,1610.0,1609.0,1610.0,1610.0,0.0,91.2498048,91.2498048,152.467089010889,0.5151064395904541,0.5151064395904541,0.0,1.0,0.48994573506069633,0.4897346715838206,0.9996453191730705,0.9496452808380127,0.9996448828973901,0.9999870118262052,0.9999869940760825,0.9999846827618587,0.999984671240363,-13.906615846196386,-54.707653206185846,,778.8388468009614,False,False,False,,[]
1610,1610,1611,True,1.0,1.0,1610.0,1611.0,1610.0,1611.0,1611.0,0.0,91.2498048,90.927936,103.05754597088962,0.5151065587997437,0.5151065587997437,0.0,1.0,0.4897346715838206,0.489588017927116,0.9996448828973901,0.9496448636054993,0.9996445710997127,0.9999869940760825,0.9999869814820013,0.999984671240363,0.9999846602415958,-9.664791395143114,-38.012627817833376,,832.3440418804439,False,False,False,,[]
1611,1611,1612,True,1.0,1.0,1611.0,1612.0,1611.0,1612.0,1612.0,0.0,90.927936,90.927936,151.9807351081407,0.5151066184043884,0.5151066184043884,0.0,1.0,0.489588017927116,0.4893783573579298,0.9996445710997127,0.9496445655822754,0.9996441374364841,0.9999869814820013,0.999986963812807,0.9999846602415958,0.9999846488281205,-13.814813597587216,-54.34401953306728,,779.9645443664765,False,False,False,,[]
1612,1612,1613,True,1.0,1.0,1612.0,1613.0,1612.0,1613.0,1613.0,0.0,90.927936,90.927936,151.9807351081407,0.515106737613678,0.515106737613678,0.0,1.0,0.4893783573579298,0.48916869801759877,0.9996441374364841,0.949644148349762,0.9996437037755458,0.999986963812807,0.9999869461436115,0.9999846488281205,0.9999846374146505,-13.814813330556127,-54.34370101379812,,779.9654336335767,False,False,False,,[]
1613,1613,1614,True,1.0,1.0,1613.0,1614.0,1613.0,1614.0,1614.0,0.0,90.927936,90.927936,151.9807351081407,0.5151069164276123,0.5151069164276123,0.0,1.0,0.48916869801759877,0.48895903986033035,0.9996437037755458,0.9496436715126038,0.9996432701168125,0.9999869461436115,0.999986928474414,0.9999846374146505,0.9999846260011882,-13.81481293000947,-54.34339436397115,,779.9662909992446,False,False,False,,[]
1614,1614,1615,True,1.0,1.0,1614.0,1615.0,1614.0,1615.0,1615.0,0.0,90.927936,90.927936,151.9807351081407,0.5151070356369019,0.5151070356369019,0.0,1.0,0.48895903986033035,0.48874938283759584,0.9996432701168125,0.9496432542800903,0.9996428364601939,0.999986928474414,0.9999869108052151,0.9999846260011882,0.999984614587731,-13.814812662978351,-54.34310029278597,,779.9671121309327,False,False,False,,[]
1615,1615,1616,True,1.0,1.0,1615.0,1616.0,1615.0,1616.0,1616.0,0.0,90.927936,90.927936,151.9807351081407,0.5151071548461914,0.5151071548461914,0.0,1.0,0.48874938283759584,0.48853972690417685,0.9996428364601939,0.9496428370475769,0.9996424028056056,0.9999869108052151,0.9999868931360149,0.999984614587731,0.9999846031742791,-13.81481239594721,-54.34281794220492,,779.9679006902169,False,False,False,,[]
1616,1616,1617,True,1.0,1.0,1616.0,1617.0,1616.0,1617.0,1617.0,0.0,90.927936,90.7670016,127.27596358813904,0.515107274055481,0.515107274055481,0.0,1.0,0.48853972690417685,0.4883618187947302,0.9996424028056056,0.9496424198150635,0.9996420294797789,0.9999868931360149,0.9999868773252686,0.9999846031742791,0.9999845925846372,-11.724094548666239,-46.11378196858504,,805.3857237289983,False,False,False,,[]
1617,1617,1618,True,1.0,1.0,1617.0,1618.0,1617.0,1618.0,1618.0,0.0,90.7670016,90.28419840000001,77.62388805865274,0.5151073932647705,0.5151073932647705,0.0,1.0,0.4883618187947302,0.48825420818288534,0.9996420294797789,0.94964200258255,0.9996418068980397,0.9999868773252686,0.9999868713097335,0.9999845925846372,0.9999845823451075,-7.093218833642917,-27.892670590175833,,872.5060554913753,False,False,False,,[]
1618,1618,1619,True,1.0,1.0,1618.0,1619.0,1618.0,1619.0,1619.0,0.0,90.28419840000001,89.8013952,76.89886843772518,0.5151074528694153,0.5151074528694153,0.0,1.0,0.48825420818288534,0.4881480926014694,0.9996418068980397,0.9496418237686157,0.9996415877293982,0.9999868713097335,0.999986865382167,0.9999845823451075,0.9999845721857362,-6.995053545442496,-27.50515870301324,,874.0346632952707,False,False,False,,[]
1619,1619,1620,True,1.0,1.0,1619.0,1620.0,1619.0,1620.0,1620.0,0.0,89.8013952,88.67485440000002,-22.641370491885578,0.5151075124740601,0.5151075124740601,0.0,1.0,0.4881480926014694,0.4881695778777682,0.9996415877293982,0.9496415853500366,0.9996415468801104,0.999986865382167,0.9999868639407837,0.9999845721857362,0.9999845680076159,1.4169324096939495,5.568983616645864,,1011.9212868168396,False,False,False,,[]
1620,1620,1621,True,1.0,1.0,1620.0,1621.0,1620.0,1621.0,1621.0,0.0,88.67485440000002,87.8701824,25.100520009668756,0.5151075124740601,0.5151075124740601,0.0,1.0,0.4881695778777682,0.48813432422684033,0.9996415468801104,0.9496415257453918,0.9996414789445403,0.9999868639407837,0.999986862360138,0.9999845680076159,0.9999845634938035,-2.3248108598650843,-9.137746320501236,,954.069504474463,False,False,False,,[]
1621,1621,1622,True,1.0,1.0,1621.0,1622.0,1621.0,1622.0,1622.0,0.0,87.8701824,87.22644480000001,48.62700038277156,0.5151075720787048,0.5151075720787048,0.0,1.0,0.48813432422684033,0.4880682710342754,0.9996414789445403,0.9496414661407471,0.999641347763124,0.999986862360138,0.9999868593230902,0.9999845634938035,0.999984556027022,-4.355800891972396,-17.12098751282141,,917.7046825012438,False,False,False,,[]
1622,1622,1623,True,1.0,1.0,1622.0,1623.0,1622.0,1623.0,1623.0,0.0,87.22644480000001,86.904576,97.10164404787858,0.5151075720787048,0.5151075720787048,0.0,1.0,0.4880682710342754,0.4879348872057849,0.999641347763124,0.9496413469314575,0.9996410648275722,0.9999868593230902,0.9999868474743954,0.999984556027022,0.9999845455457117,-8.794498663603573,-34.573088344750836,,844.5893239475384,False,False,False,,[]
1623,1623,1624,True,1.0,1.0,1623.0,1624.0,1623.0,1624.0,1624.0,0.0,86.904576,86.42177280000001,71.93200068797285,0.5151076912879944,0.5151076912879944,0.0,1.0,0.4879348872057849,0.4878399757700991,0.9996410648275722,0.9496410489082336,0.9996408709365726,0.9999868474743954,0.9999868430272308,0.9999845455457117,0.9999845360225053,-6.258806634254694,-24.601044129752836,,886.3119611932444,False,False,False,,[]
1624,1624,1625,True,1.0,1.0,1624.0,1625.0,1624.0,1625.0,1625.0,0.0,86.42177280000001,86.26083840000001,120.64745827753944,0.5151077508926392,0.5151077508926392,0.0,1.0,0.4878399757700991,0.4876775458186056,0.9996408709365726,0.9496408700942993,0.9996405278276081,0.9999868430272308,0.9999868280838371,0.9999845360225053,0.9999845253173504,-10.709418514788238,-42.101843427100185,,818.0699233941314,False,False,False,,[]
1625,1625,1626,True,1.0,1.0,1625.0,1626.0,1625.0,1626.0,1626.0,0.0,86.26083840000001,86.7436416,219.23604182323893,0.5151078701019287,0.5151078701019287,0.0,1.0,0.4876775458186056,0.4873988060005592,0.9996405278276081,0.9496405124664307,0.9996399713627793,0.9999868280838371,0.999986811066701,0.9999845253173504,0.9999845091248559,-18.371515679822867,-72.24936083763433,,731.2101308147754,False,False,False,,[]
1626,1626,1627,True,1.0,1.0,1626.0,1627.0,1626.0,1627.0,1627.0,0.0,86.7436416,86.904576,170.51929530990574,0.5151079893112183,0.5151079893112183,0.0,1.0,0.4873988060005592,0.48717574269025143,0.9996399713627793,0.9496399760246277,0.999639512933233,0.999986811066701,0.999986793692893,0.9999845091248559,0.9999844962420315,-14.703935965137164,-57.818010031768054,,769.7264154011658,False,False,False,,[]
1627,1627,1628,True,1.0,1.0,1627.0,1628.0,1627.0,1628.0,1628.0,0.0,86.904576,87.06551040000001,170.75108676797154,0.5151081681251526,0.5151081681251526,0.0,1.0,0.48717574269025143,0.4869519060388315,0.999639512933233,0.9496394991874695,0.9996390530878815,0.999986793692893,0.9999867762342206,0.9999844962420315,0.999984483304291,-14.754683186197857,-58.01846004804508,,769.1020337325286,False,False,False,,[]
1628,1628,1629,True,1.0,1.0,1628.0,1629.0,1628.0,1629.0,1629.0,0.0,87.06551040000001,87.06551040000001,146.2785363472965,0.5151082873344421,0.5151082873344421,0.0,1.0,0.4869519060388315,0.48675826940636274,0.9996390530878815,0.9496390223503113,0.9996386495889349,0.9999867762342206,0.999986759287109,0.999984483304291,0.9999844732106433,-12.7650321749212,-50.190615135890894,,793.0042519811179,False,False,False,,[]
1629,1629,1630,True,1.0,1.0,1629.0,1630.0,1629.0,1630.0,1630.0,0.0,87.06551040000001,86.5827072,72.16422178729549,0.5151084065437317,0.5151084065437317,0.0,1.0,0.48675826940636274,0.48666289455264905,0.9996386495889349,0.9496386647224426,0.999638454662887,0.999986759287109,0.9999867548172962,0.9999844732106433,0.9999844636555993,-6.289314653590276,-24.72116208259246,,885.8240829700521,False,False,False,,[]
1630,1630,1631,True,1.0,1.0,1630.0,1631.0,1630.0,1631.0,1631.0,0.0,86.5827072,85.93896960000001,46.76407589309445,0.5151084661483765,0.5151084661483765,0.0,1.0,0.48666289455264905,0.4865994973106478,0.999638454662887,0.9496384263038635,0.9996383290828895,0.9999867548172962,0.9999867513639954,0.9999844636555993,0.9999844564779119,-4.181218921456477,-16.43256512672741,,920.313521774473,False,False,False,,[]
1631,1631,1632,True,1.0,1.0,1631.0,1632.0,1631.0,1632.0,1632.0,0.0,85.93896960000001,85.295232,45.842925038417256,0.5151085257530212,0.5151085257530212,0.0,1.0,0.4865994973106478,0.48653841163273004,0.9996383290828895,0.949638307094574,0.9996382083550523,0.9999867513639954,0.9999867485639826,0.9999844564779119,0.9999844494446197,-4.029025444344792,-15.833407716282608,,923.3680539928316,False,False,False,,[]
1632,1632,1633,True,1.0,1.0,1632.0,1633.0,1632.0,1633.0,1633.0,0.0,85.295232,84.6514944,44.92864844385152,0.5151085257530212,0.5151085257530212,0.0,1.0,0.48653841163273004,0.48647893334009484,0.9996382083550523,0.9496381878852844,0.9996380909886997,0.9999867485639826,0.9999867458404453,0.9999844494446197,0.9999844425555359,-3.923249867986431,-15.416773451036189,,925.2169792359688,False,False,False,,[]
1633,1633,1634,True,1.0,1.0,1633.0,1634.0,1633.0,1634.0,1634.0,0.0,84.6514944,83.84682240000001,19.31647458939758,0.515108585357666,0.515108585357666,0.0,1.0,0.48647893334009484,0.4864528761498243,0.9996380909886997,0.9496380686759949,0.9996380412248997,0.9999867458404453,0.9999867446794762,0.9999844425555359,0.9999844391227473,-1.7190367994235496,-6.754023718130039,,965.5983122377285,False,False,False,,[]
1634,1634,1635,True,1.0,1.0,1634.0,1635.0,1634.0,1635.0,1635.0,0.0,83.84682240000001,84.3296256,215.83006075960375,0.515108585357666,0.515108585357666,0.0,1.0,0.4864528761498243,0.4861848218221891,0.9996380412248997,0.9496380090713501,0.9996375029412652,0.9999867446794762,0.9999867280438142,0.9999844391227473,0.9999844227036293,-17.671711095775674,-69.47968172305023,,738.0414383086915,False,False,False,,[]
1635,1635,1636,True,1.0,1.0,1635.0,1636.0,1635.0,1636.0,1636.0,0.0,84.3296256,83.685888,43.57012278971022,0.5151087641716003,0.5151087641716003,0.0,1.0,0.4861848218221891,0.4861277098279066,0.9996375029412652,0.9496374726295471,0.9996373905048207,0.9999867280438142,0.9999867254326418,0.9999844227036293,0.9999844160303707,-3.7675135360879985,-14.80342891802648,,927.9536165054373,False,False,False,,[]
1636,1636,1637,True,1.0,1.0,1636.0,1637.0,1636.0,1637.0,1637.0,0.0,83.685888,83.5249536,116.78734640541536,0.5151088237762451,0.5151088237762451,0.0,1.0,0.4861277098279066,0.48597418281449484,0.9996373905048207,0.9496373534202576,0.9996370650034154,0.9999867254326418,0.9999867110261882,0.9999844160303707,0.9999844053179198,-10.125204067747587,-39.79420187633309,,825.6301636902757,False,False,False,,[]
1637,1637,1638,True,1.0,1.0,1637.0,1638.0,1637.0,1638.0,1638.0,0.0,83.5249536,83.20308480000001,91.8593762524887,0.5151088833808899,0.5151088833808899,0.0,1.0,0.48597418281449484,0.48585206324117164,0.9996370650034154,0.9496370553970337,0.99963680880058,0.9999867110261882,0.9999866998699147,0.9999844053179198,0.9999843951912566,-8.054743334359626,-31.653393405369734,,855.4153140231617,False,False,False,,[]
1638,1638,1639,True,1.0,1.0,1638.0,1639.0,1638.0,1639.0,1639.0,0.0,83.20308480000001,82.88121600000001,91.4142679103936,0.5151089429855347,0.5151089429855347,0.0,1.0,0.48585206324117164,0.4857308856804059,0.99963680880058,0.9496368169784546,0.999636554808228,0.9999866998699147,0.9999866887739609,0.9999843951912566,0.9999843850940148,-7.992823892887379,-31.409223750483395,,856.333016931799,False,False,False,,[]
1639,1639,1640,True,1.0,1.0,1639.0,1640.0,1639.0,1640.0,1640.0,0.0,82.88121600000001,83.04215040000001,165.08519269333075,0.5151090621948242,0.5151090621948242,0.0,1.0,0.4857308856804059,0.48552482880248937,0.999636554808228,0.9496365189552307,0.9996361278769025,0.9999866887739609,0.9999866722801577,0.9999843850940148,0.9999843739517021,-13.588106697160779,-53.40994275596795,,783.4619786195751,False,False,False,,[]
1640,1640,1641,True,1.0,1.0,1640.0,1641.0,1640.0,1641.0,1641.0,0.0,83.04215040000001,83.3640192,190.0114442812339,0.5151091814041138,0.5151091814041138,0.0,1.0,0.48552482880248937,0.4852888073244918,0.9996361278769025,0.9496361017227173,0.9996356459184854,0.9999866722801577,0.9999866554747174,0.9999843739517021,0.9999843600072792,-15.562369277174245,-61.17676709697475,,760.4752521526747,False,False,False,,[]
1641,1641,1642,True,1.0,1.0,1641.0,1642.0,1641.0,1642.0,1642.0,0.0,83.3640192,83.84682240000001,215.1604648608131,0.5151093006134033,0.5151093006134033,0.0,1.0,0.4852888073244918,0.48502297252362503,0.9996356459184854,0.9496356248855591,0.9996351114503294,0.9999866554747174,0.9999866389176094,0.9999843600072792,0.9999843436633464,-17.526004808153548,-68.90438038467548,,739.5450567534597,False,False,False,,[]
1642,1642,1643,True,1.0,1.0,1642.0,1643.0,1642.0,1643.0,1643.0,0.0,83.84682240000001,84.49056,240.53483227960342,0.5151094794273376,0.5151094794273376,0.0,1.0,0.48502297252362503,0.4847290785716509,0.9996351114503294,0.9496350884437561,0.9996345297449989,0.9999866389176094,0.9999866231954583,0.9999843436633464,0.9999843270635279,-19.373387322569243,-76.17731235169899,,722.3416529553475,False,False,False,,[]
1643,1643,1644,True,1.0,1.0,1643.0,1644.0,1643.0,1644.0,1644.0,0.0,84.49056,85.295232,266.1384133089244,0.515109658241272,0.515109658241272,0.0,1.0,0.4847290785716509,0.4844041670431064,0.9996345297449989,0.9496344923973083,0.9996338984485581,0.9999866231954583,0.9999866062627978,0.9999843270635279,0.9999843109661436,-21.414837771251346,-84.21706819872142,,703.6945001291555,False,False,False,,[]
1644,1644,1645,True,1.0,1.0,1644.0,1645.0,1644.0,1645.0,1645.0,0.0,85.295232,86.09990400000001,267.27159212385254,0.5151098370552063,0.5151098370552063,0.0,1.0,0.4844041670431064,0.4840749706673559,0.9996338984485581,0.9496338963508606,0.9996332605279017,0.9999866062627978,0.9999865890321054,0.9999843109661436,0.9999842949491674,-21.695552121285125,-85.3277005945307,,701.146179781667,False,False,False,,[]
1645,1645,1646,True,1.0,1.0,1645.0,1646.0,1645.0,1646.0,1646.0,0.0,86.09990400000001,86.904576,268.4155119702018,0.5151100158691406,0.5151100158691406,0.0,1.0,0.4840749706673559,0.48374147583470617,0.9996332605279017,0.9496332406997681,0.9996326160186803,0.9999865890321054,0.9999865714989202,0.9999842949491674,0.9999842790424619,-21.97711252740201,-86.44186062280912,,698.6237448966357,False,False,False,,[]
1646,1646,1647,True,1.0,1.0,1646.0,1647.0,1646.0,1647.0,1647.0,0.0,86.904576,88.3529856,368.3892589279709,0.5151102542877197,0.5151102542877197,0.0,1.0,0.48374147583470617,0.4832885507043269,0.9996326160186803,0.9496325850486755,0.9996318130313337,0.9999865714989202,0.9999865531086202,0.9999842790424619,0.999984261292365,-29.834283989359726,-117.39819379429612,,637.2006959692949,False,False,False,,[]
1647,1647,1648,True,1.0,1.0,1647.0,1648.0,1647.0,1648.0,1648.0,0.0,88.3529856,89.15765760000001,271.6756298271402,0.515110433101654,0.515110433101654,0.0,1.0,0.4832885507043269,0.4829434377290447,0.9996318130313337,0.9496318101882935,0.9996311510019934,0.9999865531086202,0.9999865347041441,0.999984261292365,0.9999842463750249,-22.737760236613656,-89.45328319314633,,692.2150670835326,False,False,False,,[]
1648,1648,1649,True,1.0,1.0,1648.0,1649.0,1648.0,1649.0,1649.0,0.0,89.15765760000001,89.47952640000001,198.74605103289065,0.5151106715202332,0.5151106715202332,0.0,1.0,0.4829434377290447,0.4826794509035364,0.9996311510019934,0.9496311545372009,0.9996306197207209,0.9999865347041441,0.999986516713192,0.9999842463750249,0.9999842307741473,-17.396081978469176,-68.42538517173672,,740.3531343892523,False,False,False,,[]
1649,1649,1650,True,1.0,1.0,1649.0,1650.0,1649.0,1650.0,1650.0,0.0,89.47952640000001,90.123264,248.6324958679858,0.5151107907295227,0.5151107907295227,0.0,1.0,0.4826794509035364,0.4823592397653094,0.9996306197207209,0.949630618095398,0.9996299957552431,0.999986516713192,0.9999865003991832,0.9999842307741473,0.9999842153984243,-21.09678933971654,-82.99872702843639,,707.0648559396849,False,False,False,,[]
1650,1650,1651,True,1.0,1.0,1650.0,1651.0,1650.0,1651.0,1651.0,0.0,90.123264,90.123264,150.77236907326466,0.5151110291481018,0.5151110291481018,0.0,1.0,0.4823592397653094,0.4821531479814772,0.9996299957552431,0.9496299624443054,0.9996295687585655,0.9999865003991832,0.9999864829324632,0.9999842153984243,0.9999842043258073,-13.582338488951187,-53.41899036931035,,782.8825616933595,False,False,False,,[]
1651,1651,1652,True,1.0,1.0,1651.0,1652.0,1651.0,1652.0,1652.0,0.0,90.123264,89.8013952,101.36282603326335,0.5151111483573914,0.5151111483573914,0.0,1.0,0.4821531479814772,0.48201030861751926,0.9996295687585655,0.949629545211792,0.9996292646062481,0.9999864829324632,0.9999864705457998,0.9999842043258073,0.9999841934649427,-9.415613492432017,-37.02396313790066,,835.7695153907242,False,False,False,,[]
1652,1652,1653,True,1.0,1.0,1652.0,1653.0,1652.0,1653.0,1653.0,0.0,89.8013952,88.83578880000002,2.063401028116072,0.5151112079620361,0.5151112079620361,0.0,1.0,0.48201030861751926,0.48200762542593173,0.9996292646062481,0.9496292471885681,0.9996292595977554,0.9999864705457998,0.9999864704143212,0.9999841934649427,0.9999841932916724,-0.1769526098870138,-0.6954832594882162,,996.5233395837557,False,False,False,,[]
1653,1653,1654,True,1.0,1.0,1653.0,1654.0,1653.0,1654.0,1654.0,0.0,88.83578880000002,87.709248,-24.072075877184606,0.5151112079620361,0.5151112079620361,0.0,1.0,0.48200762542593173,0.4820302479231433,0.9996292595977554,0.9496292471885681,0.9996292165384278,0.9999864704143212,0.9999864688984283,0.9999841932916724,0.9999841889355652,1.492174778953951,5.863751277241781,,1012.6013830709064,False,False,False,,[]
1654,1654,1655,True,1.0,1.0,1654.0,1655.0,1654.0,1655.0,1655.0,0.0,87.709248,86.26083840000001,-75.13122652283373,0.5151112675666809,0.5151112675666809,0.0,1.0,0.4820302479231433,0.48210273482273047,0.9996292165384278,0.9496291875839233,0.9996290716707739,0.9999864688984283,0.9999864642361892,0.9999841889355652,0.9999841791910347,4.782527966236613,18.788604372987045,,1045.5803660342492,False,False,False,,[]
1655,1655,1656,True,1.0,1.0,1655.0,1656.0,1655.0,1656.0,1656.0,0.0,86.26083840000001,84.49056,-126.63075945676046,0.5151112675666809,0.5151112675666809,0.0,1.0,0.48210273482273047,0.48221981220059684,0.9996290716707739,0.9496290683746338,0.9996288272548863,0.9999864642361892,0.9999864488593984,0.9999841791910347,0.9999841685150713,7.726628677374553,30.346456342969883,,1071.3325742185873,False,False,False,,[]
1656,1656,1657,True,1.0,1.0,1656.0,1657.0,1656.0,1657.0,1657.0,0.0,84.49056,82.88121600000001,-104.43315949107472,0.5151113271713257,0.5151113271713257,0.0,1.0,0.48221981220059684,0.48231259341938465,0.9996288272548863,0.9496288299560547,0.9996286381102005,0.9999864488593984,0.9999864360733953,0.9999841685150713,0.9999841579847644,6.1236171471458665,24.048891909801238,,1053.2418385923083,False,False,False,,[]
1657,1657,1658,True,1.0,1.0,1657.0,1658.0,1657.0,1658.0,1658.0,0.0,82.88121600000001,82.88121600000001,140.3804211733311,0.5151113867759705,0.5151113867759705,0.0,1.0,0.48231259341938465,0.48213444535844613,0.9996286381102005,0.9496286511421204,0.999628264319969,0.9999864360733953,0.9999864204319521,0.9999841579847644,0.9999841476650133,-11.749389399522778,-46.175977395259984,,805.4848502396193,False,False,False,,[]
1658,1658,1659,True,1.0,1.0,1658.0,1659.0,1658.0,1659.0,1659.0,0.0,82.88121600000001,82.88121600000001,140.3804211733311,0.51511150598526,0.51511150598526,0.0,1.0,0.48213444535844613,0.4819562963739713,0.999628264319969,0.9496282339096069,0.9996278905279503,0.9999864204319521,0.9999864047905073,0.9999841476650133,0.9999841373452614,-11.749389551188251,-46.176216775879105,,805.4841335100249,False,False,False,,[]
1659,1659,1660,True,1.0,1.0,1659.0,1660.0,1659.0,1660.0,1660.0,0.0,82.88121600000001,82.23747840000001,41.56133509333236,0.5151116251945496,0.5151116251945496,0.0,1.0,0.4819562963739713,0.48190263555820584,0.9996278905279503,0.9496278762817383,0.9996277852419096,0.9999864047905073,0.9999864023426532,0.9999841373452614,0.9999841309942488,-3.5404438845346475,-13.90888344641069,,931.9766232421399,False,False,False,,[]
1660,1660,1661,True,1.0,1.0,1660.0,1661.0,1660.0,1661.0,1661.0,0.0,82.23747840000001,80.62813440000001,-107.54891788571514,0.5151116847991943,0.5151116847991943,0.0,1.0,0.48190263555820584,0.4819952615758106,0.9996277852419096,0.9496277570724487,0.9996275964422857,0.9999864023426532,0.9999863891847748,0.9999841309942488,0.9999841204263474,6.11442933133415,24.008663763142536,,1052.6540452728398,False,False,False,,[]
1661,1661,1662,True,1.0,1.0,1661.0,1662.0,1661.0,1662.0,1662.0,0.0,80.62813440000001,80.4672,112.62004103464922,0.5151117444038391,0.5151117444038391,0.0,1.0,0.4819952615758106,0.48185167807815216,0.9996275964422857,0.9496275782585144,0.9996272907961734,0.9999863891847748,0.9999863755621421,0.9999841204263474,0.9999841098912725,-9.472374067721518,-37.21684259306262,,834.5115130289877,False,False,False,,[]
1662,1662,1663,True,1.0,1.0,1662.0,1663.0,1662.0,1663.0,1663.0,0.0,80.4672,80.62813440000001,161.8145486256017,0.5151118040084839,0.5151118040084839,0.0,1.0,0.48185167807815216,0.4816556230631498,0.9996272907961734,0.9496272802352905,0.9996268827069321,0.9999863755621421,0.9999863596238542,0.9999841098912725,0.9999840996088442,-12.931912664952513,-50.81745988861034,,791.7125710678564,False,False,False,,[]
1663,1663,1664,True,1.0,1.0,1663.0,1664.0,1663.0,1664.0,1664.0,0.0,80.62813440000001,80.4672,112.62004103464922,0.5151119232177734,0.5151119232177734,0.0,1.0,0.4816556230631498,0.4815120377810679,0.9996268827069321,0.9496268630027771,0.999626577057239,0.9999863596238542,0.9999863460012187,0.9999840996088442,0.9999840890737692,-9.472374287051164,-37.21730511563054,,834.5100190388606,False,False,False,,[]
1664,1664,1665,True,1.0,1.0,1664.0,1665.0,1664.0,1665.0,1665.0,0.0,80.4672,79.82346240000001,38.29069102560132,0.515112042427063,0.515112042427063,0.0,1.0,0.4815120377810679,0.4814638582588587,0.999626577057239,0.9496265649795532,0.9996264830313928,0.9999863460012187,0.9999863438119374,0.9999840890737692,0.9999840832520309,-3.179396950433984,-12.488132156621093,,938.44449177824,False,False,False,,[]
1665,1665,1666,True,1.0,1.0,1665.0,1666.0,1665.0,1666.0,1666.0,0.0,79.82346240000001,79.66252800000001,111.54916020196553,0.515112042427063,0.515112042427063,0.0,1.0,0.4814638582588587,0.481322773424589,0.9996264830313928,0.9496264457702637,0.9996261824054717,0.9999863438119374,0.9999863303996288,0.9999840832520309,0.9999840727290308,-9.307996837884927,-36.56918904269446,,836.762150955659,False,False,False,,[]
1666,1666,1667,True,1.0,1.0,1666.0,1667.0,1666.0,1667.0,1667.0,0.0,79.66252800000001,79.66252800000001,136.0410444791986,0.5151121616363525,0.5151121616363525,0.0,1.0,0.481322773424589,0.4811555949492734,0.9996261824054717,0.9496261477470398,0.9996258299723549,0.9999863303996288,0.999986315563733,0.9999840727290308,0.9999840622415292,-11.028662613635563,-43.3326608018092,,814.5012602995715,False,False,False,,[]
1667,1667,1668,True,1.0,1.0,1667.0,1668.0,1667.0,1668.0,1668.0,0.0,79.66252800000001,79.66252800000001,136.0410444791986,0.5151122808456421,0.5151122808456421,0.0,1.0,0.4811555949492734,0.48098841540260984,0.9996258299723549,0.9496257901191711,0.9996254775371397,0.999986315563733,0.9999863007278356,0.9999840622415292,0.9999840517540273,-11.02866274064522,-43.332938495195194,,814.5004090166867,False,False,False,,[]
1668,1668,1669,True,1.0,1.0,1668.0,1669.0,1668.0,1669.0,1669.0,0.0,79.66252800000001,79.01879040000001,37.22195839919793,0.5151123404502869,0.5151123404502869,0.0,1.0,0.48098841540260984,0.4809419892461527,0.9996254775371397,0.9496254920959473,0.9996253870883908,0.9999863007278356,0.9999862986210254,0.9999840517540273,0.9999840461060284,-3.063834200885266,-12.03365975368434,,940.5339505801464,False,False,False,,[]
1669,1669,1670,True,1.0,1.0,1669.0,1670.0,1669.0,1670.0,1670.0,0.0,79.01879040000001,78.2141184,11.669934320700301,0.5151124000549316,0.5151124000549316,0.0,1.0,0.4809419892461527,0.4809271729265739,0.9996253870883908,0.9496253728866577,0.9996253591017654,0.9999862986210254,0.9999862979665214,0.9999840461060284,0.9999840440832668,-0.977928200710848,-3.840390034841243,,980.1113379130886,False,False,False,,[]
1670,1670,1671,True,1.0,1.0,1670.0,1671.0,1670.0,1671.0,1671.0,0.0,78.2141184,77.40944640000001,10.62053555085687,0.5151124000549316,0.5151124000549316,0.0,1.0,0.4809271729265739,0.48091367179245215,0.9996253591017654,0.9496253728866577,0.9996253336321913,0.9999862979665214,0.9999862972590589,0.9999840440832668,0.9999840422504199,-0.891179184957056,-3.4994939643512124,,981.7508220950784,False,False,False,,[]
1671,1671,1672,True,1.0,1.0,1671.0,1672.0,1671.0,1672.0,1672.0,0.0,77.40944640000001,75.96103680000002,-89.23720826756416,0.5151124000549316,0.5151124000549316,0.0,1.0,0.48091367179245215,0.48098445693067426,0.9996253336321913,0.9496253132820129,0.9996251924008827,0.9999862972590589,0.9999862865638973,0.9999840422504199,0.9999840325158728,4.6738871888162885,18.347507827168982,,1037.5944313180657,False,False,False,,[]
1672,1672,1673,True,1.0,1.0,1672.0,1673.0,1672.0,1673.0,1673.0,0.0,75.96103680000002,74.1907584,-140.48926783754436,0.5151124596595764,0.5151124596595764,0.0,1.0,0.48098445693067426,0.4810994188031007,0.9996251924008827,0.9496251940727234,0.99962495289759,0.9999862865638973,0.9999862723909937,0.9999840325158728,0.9999840221665995,7.592709745100148,29.798117332936435,,1071.225076521294,False,False,False,,[]
1673,1673,1674,True,1.0,1.0,1673.0,1674.0,1673.0,1674.0,1674.0,0.0,74.1907584,72.42048,-142.69397194704544,0.5151125192642212,0.5151125192642212,0.0,1.0,0.4810994188031007,0.48121338526203183,0.99962495289759,0.9496249556541443,0.999624715699162,0.9999862723909937,0.9999862584658525,0.9999840221665995,0.9999840117094596,7.527860186273778,29.54010615495452,,1070.5083185646179,False,False,False,,[]
1674,1674,1675,True,1.0,1.0,1674.0,1675.0,1674.0,1675.0,1675.0,0.0,72.42048,70.4892672,-169.5514609844621,0.515112578868866,0.515112578868866,0.0,1.0,0.48121338526203183,0.4813490291002705,0.999624715699162,0.9496247172355652,0.9996244273328042,0.9999862584658525,0.9999862441821413,0.9999840117094596,0.9999840020296344,8.96138661143061,35.158882871468776,,1090.3266575372854,False,False,False,,[]
1675,1675,1676,True,1.0,1.0,1675.0,1676.0,1675.0,1676.0,1676.0,0.0,70.4892672,68.5580544,-171.8405896009331,0.5151126980781555,0.5151126980781555,0.0,1.0,0.4813490291002705,0.48148263320346063,0.9996244273328042,0.9496244192123413,0.9996241438689264,0.9999862441821413,0.9999862302518819,0.9999840020296344,0.9999839921285438,8.827656382680445,34.630183546877994,,1088.6443528721268,False,False,False,,[]
1676,1676,1677,True,1.0,1.0,1676.0,1677.0,1676.0,1677.0,1677.0,0.0,68.5580544,66.78777600000001,-149.36307835641685,0.5151127576828003,0.5151127576828003,0.0,1.0,0.48148263320346063,0.48159260112694513,0.9996241438689264,0.9496241211891174,0.9996239158861838,0.9999862302518819,0.9999862171780699,0.9999839921285438,0.9999839814271446,7.2662520121507335,28.5036857671857,,1067.6853101816466,False,False,False,,[]
1677,1677,1678,True,1.0,1.0,1677.0,1678.0,1677.0,1678.0,1678.0,0.0,66.78777600000001,64.8565632,-176.05515550995415,0.5151128172874451,0.5151128172874451,0.0,1.0,0.48159260112694513,0.4817219456347539,0.9996239158861838,0.9496238827705383,0.999623642600926,0.9999862171780699,0.9999862039428813,0.9999839814271446,0.9999839712232533,8.547992287793077,33.52609642403176,,1085.2777646922316,False,False,False,,[]
1678,1678,1679,True,1.0,1.0,1678.0,1679.0,1678.0,1679.0,1679.0,0.0,64.8565632,61.959744,-326.3924639185446,0.5151128768920898,0.5151128768920898,0.0,1.0,0.4817219456347539,0.4819579934299224,0.999623642600926,0.9496236443519592,0.9996231605951483,0.9999862039428813,0.9999861865025854,0.9999839712232533,0.999983952207618,15.606636885049621,61.183588507675275,,1178.3994010303238,False,False,False,,[]
1679,1679,1680,True,1.0,1.0,1679.0,1680.0,1679.0,1680.0,1680.0,0.0,61.959744,59.545728000000004,-255.32516515208889,0.5151130557060242,0.5151130557060242,0.0,1.0,0.4819579934299224,0.482132204851407,0.9996231605951483,0.949623167514801,0.9996227944396676,0.9999861865025854,0.999986174509455,0.999983952207618,0.9999839333033871,11.517722548713781,45.15560044880325,,1119.4428908041766,False,False,False,,[]
1680,1680,1681,True,1.0,1.0,1680.0,1681.0,1680.0,1681.0,1681.0,0.0,59.545728000000004,56.64890880000001,-331.8723233289735,0.5151131749153137,0.5151131749153137,0.0,1.0,0.482132204851407,0.482352064835332,0.9996227944396676,0.9496228098869324,0.9996223418901433,0.999986174509455,0.9999861584574565,0.9999839333033871,0.9999839153589191,14.53953154139743,56.987707833349816,,1163.6141102086274,False,False,False,,[]
1681,1681,1682,True,1.0,1.0,1681.0,1682.0,1681.0,1682.0,1682.0,0.0,56.64890880000001,54.3958272,-235.8450461359523,0.5151132941246033,0.5151132941246033,0.0,1.0,0.482352064835332,0.4825004008951689,0.9996223418901433,0.9496223330497742,0.9996220267294312,0.9999861584574565,0.9999861464813672,0.9999839153589191,0.9999839031801605,9.808703018365126,38.44870670972554,,1102.1289326449598,False,False,False,,[]
1682,1682,1683,True,1.0,1.0,1682.0,1683.0,1682.0,1683.0,1683.0,0.0,54.3958272,52.30368,-213.21544188651103,0.5151134133338928,0.5151134133338928,0.0,1.0,0.4825004008951689,0.48262717169208985,0.9996220267294312,0.9496220350265503,0.9996217595555649,0.9999861464813672,0.9999861347403737,0.9999839031801605,0.9999838915605294,8.38297297178271,32.85899056191599,,1083.0631283215944,False,False,False,,[]
1683,1683,1684,True,1.0,1.0,1683.0,1684.0,1683.0,1684.0,1684.0,0.0,52.30368,50.69433600000001,-140.95266632288366,0.5151134729385376,0.5151134729385376,0.0,1.0,0.48262717169208985,0.48270126287651577,0.9996217595555649,0.9496217370033264,0.9996216112491179,0.9999861347403737,0.9999861248124743,0.9999838915605294,0.9999838784698826,4.899045538022841,19.20443500320025,,1037.604868962646,False,False,False,,[]
1684,1684,1685,True,1.0,1.0,1684.0,1685.0,1684.0,1685.0,1685.0,0.0,50.69433600000001,49.24592640000001,-117.62274682478639,0.5151135325431824,0.5151135325431824,0.0,1.0,0.48270126287651577,0.4827599850485806,0.9996216112491179,0.9496216177940369,0.9996214954604696,0.9999861248124743,0.9999861160763573,0.9999838784698826,0.9999838670971771,3.8828742082896,15.220786999203675,,1027.7856557468406,False,False,False,,[]
1685,1685,1686,True,1.0,1.0,1685.0,1686.0,1685.0,1686.0,1686.0,0.0,49.24592640000001,49.084992,78.81479284295823,0.5151135325431824,0.5151135325431824,0.0,1.0,0.4827599850485806,0.48269233074867357,0.9996214954604696,0.9496214985847473,0.9996213608886432,0.9999861160763573,0.9999861095145647,0.9999838670971771,0.9999838585527594,-4.471953930156835,-17.53599453589657,,912.2275679677549,False,False,False,,[]
1686,1686,1687,True,1.0,1.0,1686.0,1687.0,1686.0,1687.0,1687.0,0.0,49.084992,48.28032,-20.135548641005588,0.5151135921478271,0.5151135921478271,0.0,1.0,0.48269233074867357,0.48270137070127567,0.9996213608886432,0.949621319770813,0.9996213439092476,0.9999861095145647,0.9999861075982202,0.9999838585527594,0.9999838562488031,0.5976817979625234,2.3431557144612447,,1003.1314878750852,False,False,False,,[]
1687,1687,1688,True,1.0,1.0,1687.0,1688.0,1687.0,1688.0,1688.0,0.0,48.28032,46.670976,-144.30923864198468,0.5151135921478271,0.5151135921478271,0.0,1.0,0.48270137070127567,0.48277187829819607,0.9996213439092476,0.949621319770813,0.9996212032698827,0.9999861075982202,0.9999860980733021,0.9999838562488031,0.9999838448083148,4.66270280169083,18.27556912176885,,1036.7832598528937,False,False,False,,[]
1688,1688,1689,True,1.0,1.0,1688.0,1689.0,1688.0,1689.0,1689.0,0.0,46.670976,44.25696000000001,-269.10053794967524,0.5151136517524719,0.5151136517524719,0.0,1.0,0.48277187829819607,0.4829096812144707,0.9996212032698827,0.9496212005615234,0.9996209096940994,0.9999860980733021,0.9999860876822783,0.9999838448083148,0.9999838315746447,9.115424789466605,35.71851589839067,,1092.6819900527273,False,False,False,,[]
1689,1689,1690,True,1.0,1.0,1689.0,1690.0,1689.0,1690.0,1690.0,0.0,44.25696000000001,39.911731200000006,-567.3784010155562,0.5151137113571167,0.5151137113571167,0.0,1.0,0.4829096812144707,0.48318677352346073,0.9996209096940994,0.9496209025382996,0.9996203560120451,0.9999860876822783,0.9999860701819805,0.9999838315746447,0.9999838128674571,18.338741809173836,71.8223264902184,,1227.7721342927853,False,False,False,,[]
1690,1690,1691,True,1.0,1.0,1690.0,1691.0,1690.0,1691.0,1691.0,0.0,39.911731200000006,34.600896000000006,-718.6405122295088,0.515113890171051,0.515113890171051,0.0,1.0,0.48318677352346073,0.4834977549982234,0.9996203560120451,0.9496203660964966,0.9996197466351089,0.9999860701819805,0.9999860509417859,0.9999838128674571,0.9999837918912703,20.586679704852482,80.60639825848446,,1265.546286658608,False,False,False,,[]
1691,1691,1692,True,1.0,1.0,1691.0,1692.0,1691.0,1692.0,1692.0,0.0,34.600896000000006,32.347814400000004,-252.53209773117493,0.5151140689849854,0.5151140689849854,0.0,1.0,0.4834977549982234,0.48358457394507265,0.9996197466351089,0.949619710445404,0.999619570674492,0.9999860509417859,0.9999860374717969,0.9999837918912703,0.9999837796099008,5.744134606036609,22.50347102332281,,1045.4471851972705,False,False,False,,[]
1692,1692,1693,True,1.0,1.0,1692.0,1693.0,1692.0,1693.0,1693.0,0.0,32.347814400000004,30.738470400000004,-154.9641269911063,0.5151141285896301,0.5151141285896301,0.0,1.0,0.48358457394507265,0.48363679485073857,0.999619570674492,0.9496195316314697,0.999619468357876,0.9999860374717969,0.9999860301161712,0.9999837796099008,0.9999837745240571,3.4548472861294774,13.53565874861,,1030.4474282839763,False,False,False,,[]
1693,1693,1694,True,1.0,1.0,1693.0,1694.0,1693.0,1694.0,1694.0,0.0,30.738470400000004,29.772864000000002,-56.987137774522424,0.5151141881942749,0.5151141881942749,0.0,1.0,0.48363679485073857,0.48365257863158617,0.999619468357876,0.949619472026825,0.9996194385155773,0.9999860301161712,0.9999860265950898,0.9999837745240571,0.9999837705122469,1.04414383958154,4.091155995703568,,1005.2945440118702,False,False,False,,[]
1694,1694,1695,True,1.0,1.0,1694.0,1695.0,1694.0,1695.0,1695.0,0.0,29.772864000000002,27.358848000000002,-279.8147167922439,0.5151141881942749,0.5151141881942749,0.0,1.0,0.48365257863158617,0.48373711191105184,0.9996194385155773,0.9496194124221802,0.999619267570106,0.9999860265950898,0.9999860164956326,0.9999837705122469,0.9999837588854352,5.593434099090777,21.911026037508186,,1047.9021905723073,False,False,False,,[]
1695,1695,1696,True,1.0,1.0,1695.0,1696.0,1695.0,1696.0,1696.0,0.0,27.358848000000002,24.944832,-280.95863663859274,0.5151142477989197,0.5151142477989197,0.0,1.0,0.48373711191105184,0.4838129768587886,0.999619267570106,0.9496192336082458,0.9996191154494287,0.9999860164956326,0.9999860052478411,0.9999837588854352,0.9999837481878344,5.019956780357016,19.664194453365408,,1040.2660867880845,False,False,False,,[]
1696,1696,1697,True,1.0,1.0,1696.0,1697.0,1696.0,1697.0,1697.0,0.0,24.944832,20.1168,-652.577460002152,0.5151142477989197,0.5151142477989197,0.0,1.0,0.4838129768587886,0.48397646070292005,0.9996191154494287,0.9496191143989563,0.9996187702669823,0.9999860052478411,0.9999859916624723,0.9999837481878344,0.99998373103685,10.821091016763296,42.37501239887728,,1108.9292881170545,False,False,False,,[]
1697,1697,1698,True,1.0,1.0,1697.0,1698.0,1697.0,1698.0,1698.0,0.0,20.1168,17.380915200000004,-333.2199235208994,0.5151143670082092,0.5151143670082092,0.0,1.0,0.48397646070292005,0.48404901831167996,0.9996187702669823,0.9496187567710876,0.9996186252479825,0.9999859916624723,0.9999859872055212,0.99998373103685,0.999983726063923,4.801622281477382,18.80693219056921,,1051.1111530701025,False,False,False,,[]
1698,1698,1699,True,1.0,1.0,1698.0,1699.0,1698.0,1699.0,1699.0,0.0,17.380915200000004,12.874752,-605.823314750082,0.515114426612854,0.515114426612854,0.0,1.0,0.48404901831167996,0.4841303030415389,0.9996186252479825,0.9496186375617981,0.9996184613933657,0.9999859872055212,0.9999859769371379,0.999983726063923,0.9999836916588438,5.379493093654998,21.06900197945045,,1020.6433336396059,False,False,False,,[]
1699,1699,1700,True,1.0,1.0,1699.0,1700.0,1699.0,1700.0,1700.0,0.0,12.874752,7.563916800000001,-730.4779881380965,0.5151144862174988,0.5151144862174988,0.0,1.0,0.4841303030415389,0.48419852667402213,0.9996184613933657,0.9496184587478638,0.9996183256134714,0.9999859769371379,0.9999859712767631,0.9999836916588438,0.9999836630012149,4.515084814939018,17.68356553964718,,1020.749426243577,False,False,False,,[]
1700,1700,1701,True,1.0,1.0,1700.0,1701.0,1700.0,1701.0,1701.0,0.0,7.563916800000001,2.2530816,-731.3783013918151,0.5151144862174988,0.5151144862174988,0.0,1.0,0.48419852667402213,0.4842221745060132,0.9996183256134714,0.9496183395385742,0.9996182805573658,0.9999859712767631,0.9999859587274755,0.9999836630012149,0.9999836492195621,1.5648586339421644,6.129518052077746,,992.862589836641,False,False,False,,[]
1701,1701,1702,True,1.0,1.0,1701.0,1702.0,1701.0,1702.0,1702.0,0.0,2.2530816,0.0,-262.4200764368292,0.5151145458221436,0.5151145458221436,0.0,1.0,0.4842221745060132,0.4842241219685803,0.9996182805573658,0.9496182799339294,0.9996182769248133,0.9999859587274755,0.9999859576940664,0.9999836492195621,0.9999836480846703,0.12886301765047473,0.5047822973973516,,999.4162474129319,False,False,False,,[]
1702,1702,1703,True,1.0,1.0,1702.0,1703.0,1702.0,1703.0,1703.0,0.0,0.0,0.0,83.40462000000002,0.5151145458221436,0.5151145458221436,0.0,1.0,0.4842241219685803,0.4842241219685803,0.9996182769248133,0.9496182799339294,0.9996182769248133,0.9999859576940664,0.9999859576940664,0.9999836480846703,0.9999836480846703,-0.0,0.0,,1000.0,False,False,False,,[]
1703,1703,1704,True,1.0,1.0,1703.0,1704.0,1703.0,1704.0,1704.0,0.0,0.0,0.0,83.40462000000002,0.5151145458221436,0.5151145458221436,0.0,1.0,0.4842241219685803,0.4842241219685803,0.9996182769248133,0.9496182799339294,0.9996182769248133,0.9999859576940664,0.9999859576940664,0.9999836480846703,0.9999836480846703,-0.0,0.0,,1000.0,False,False,False,,[]
1704,1704,1705,True,1.0,1.0,1704.0,1705.0,1704.0,1705.0,1705.0,0.0,0.0,0.0,83.40462000000002,0.5151145458221436,0.5151145458221436,0.0,1.0,0.4842241219685803,0.4842241219685803,0.9996182769248133,0.9496182799339294,0.9996182769248133,0.9999859576940664,0.9999859576940664,0.9999836480846703,0.9999836480846703,-0.0,0.0,,1000.0,False,False,False,,[]
1705,1705,1706,True,1.0,1.0,1705.0,1706.0,1705.0,1706.0,1706.0,0.0,0.0,0.0,83.40462000000002,0.5151145458221436,0.5151145458221436,0.0,1.0,0.4842241219685803,0.4842241219685803,0.9996182769248133,0.9496182799339294,0.9996182769248133,0.9999859576940664,0.9999859576940664,0.9999836480846703,0.9999836480846703,-0.0,0.0,,1000.0,False,False,False,,[]
1706,1706,1707,True,1.0,1.0,1706.0,1707.0,1706.0,1707.0,1707.0,0.0,0.0,0.0,83.40462000000002,0.5151145458221436,0.5151145458221436,0.0,1.0,0.4842241219685803,0.4842241219685803,0.9996182769248133,0.9496182799339294,0.9996182769248133,0.9999859576940664,0.9999859576940664,0.9999836480846703,0.9999836480846703,-0.0,0.0,,1000.0,False,False,False,,[]
1707,1707,1708,True,1.0,1.0,1707.0,1708.0,1707.0,1708.0,1708.0,0.0,0.0,0.0,83.40462000000002,0.5151145458221436,0.5151145458221436,0.0,1.0,0.4842241219685803,0.4842241219685803,0.9996182769248133,0.9496182799339294,0.9996182769248133,0.9999859576940664,0.9999859576940664,0.9999836480846703,0.9999836480846703,-0.0,0.0,,1000.0,False,False,False,,[]
1708,1708,1709,True,1.0,1.0,1708.0,1709.0,1708.0,1709.0,1709.0,0.0,0.0,0.0,83.40462000000002,0.5151145458221436,0.5151145458221436,0.0,1.0,0.4842241219685803,0.4842241219685803,0.9996182769248133,0.9496182799339294,0.9996182769248133,0.9999859576940664,0.9999859576940664,0.9999836480846703,0.9999836480846703,-0.0,0.0,,1000.0,False,False,False,,[]
1709,1709,1710,True,1.0,1.0,1709.0,1710.0,1709.0,1710.0,1710.0,0.0,0.0,0.0,83.40462000000002,0.5151145458221436,0.5151145458221436,0.0,1.0,0.4842241219685803,0.4842241219685803,0.9996182769248133,0.9496182799339294,0.9996182769248133,0.9999859576940664,0.9999859576940664,0.9999836480846703,0.9999836480846703,-0.0,0.0,,1000.0,False,False,False,,[]
1710,1710,1711,True,1.0,1.0,1710.0,1711.0,1710.0,1711.0,1711.0,0.0,0.0,0.0,83.40462000000002,0.5151145458221436,0.5151145458221436,0.0,1.0,0.4842241219685803,0.4842241219685803,0.9996182769248133,0.9496182799339294,0.9996182769248133,0.9999859576940664,0.9999859576940664,0.9999836480846703,0.9999836480846703,-0.0,0.0,,1000.0,False,False,False,,[]
1711,1711,1712,True,1.0,1.0,1711.0,1712.0,1711.0,1712.0,1712.0,0.0,0.0,0.0,83.40462000000002,0.5151145458221436,0.5151145458221436,0.0,1.0,0.4842241219685803,0.4842241219685803,0.9996182769248133,0.9496182799339294,0.9996182769248133,0.9999859576940664,0.9999859576940664,0.9999836480846703,0.9999836480846703,-0.0,0.0,,1000.0,False,False,False,,[]
1712,1712,1713,True,1.0,1.0,1712.0,1713.0,1712.0,1713.0,1713.0,0.0,0.0,0.0,83.40462000000002,0.5151145458221436,0.5151145458221436,0.0,1.0,0.4842241219685803,0.4842241219685803,0.9996182769248133,0.9496182799339294,0.9996182769248133,0.9999859576940664,0.9999859576940664,0.9999836480846703,0.9999836480846703,-0.0,0.0,,1000.0,False,False,False,,[]
1713,1713,1714,True,1.0,1.0,1713.0,1714.0,1713.0,1714.0,1714.0,0.0,0.0,0.0,83.40462000000002,0.5151145458221436,0.5151145458221436,0.0,1.0,0.4842241219685803,0.4842241219685803,0.9996182769248133,0.9496182799339294,0.9996182769248133,0.9999859576940664,0.9999859576940664,0.9999836480846703,0.9999836480846703,-0.0,0.0,,1000.0,False,False,False,,[]
1714,1714,1715,True,1.0,1.0,1714.0,1715.0,1714.0,1715.0,1715.0,0.0,0.0,0.0,83.40462000000002,0.5151145458221436,0.5151145458221436,0.0,1.0,0.4842241219685803,0.4842241219685803,0.9996182769248133,0.9496182799339294,0.9996182769248133,0.9999859576940664,0.9999859576940664,0.9999836480846703,0.9999836480846703,-0.0,0.0,,1000.0,False,False,False,,[]
1715,1715,1716,True,1.0,1.0,1715.0,1716.0,1715.0,1716.0,1716.0,0.0,0.0,1.609344,330.45233520000005,0.5151145458221436,0.5151145458221436,0.0,1.0,0.4842241219685803,0.4842173872864488,0.9996182769248133,0.9496182799339294,0.9996182643038134,0.9999859576940664,0.9999859567645522,0.9999836480846703,0.9999836470638762,-0.44562718530258827,-1.7456296084842946,,990.1508796097788,False,False,False,,[]
1716,1716,1717,True,1.0,1.0,1716.0,1717.0,1716.0,1717.0,1717.0,0.0,1.609344,6.9201792,898.6835622228424,0.5151145458221436,0.5151145458221436,0.0,1.0,0.4842173872864488,0.4841202881580256,0.9996182643038134,0.9496182799339294,0.9996180655186838,0.9999859567645522,0.9999859433668634,0.9999836470638762,0.999983632350511,-6.423112362525873,-25.168094087297096,,873.294797246332,False,False,False,,[]
1717,1717,1718,True,1.0,1.0,1717.0,1718.0,1717.0,1718.0,1718.0,0.0,6.9201792,12.2310144,899.059283501953,0.5151146054267883,0.5151146054267883,0.0,1.0,0.4841202881580256,0.4839479453130361,0.9996180655186838,0.9496180415153503,0.9996177029988057,0.9999859433668634,0.9999859348381482,0.999983632350511,0.9999835993010345,-11.3973072306213,-44.671265421284595,,799.8892796659841,False,False,False,,[]
1718,1718,1719,True,1.0,1.0,1718.0,1719.0,1718.0,1719.0,1719.0,0.0,12.2310144,17.541849600000003,899.9028841097685,0.5151146650314331,0.5151146650314331,0.0,1.0,0.4839479453130361,0.4836827444025479,0.9996177029988057,0.9496176838874817,0.9996171696227768,0.9999859348381482,0.9999859240856617,0.9999835993010345,0.9999835478733925,-17.53172377581354,-68.74007599853647,,724.2605188310819,False,False,False,,[]
1719,1719,1720,True,1.0,1.0,1719.0,1720.0,1719.0,1720.0,1720.0,0.0,17.541849600000003,22.8526848,901.2143640462863,0.5151148438453674,0.5151148438453674,0.0,1.0,0.4836827444025479,0.4834212350918965,0.9996171696227768,0.9496171474456787,0.9996166426284042,0.9999859240856617,0.9999859111003251,0.9999835478733925,0.99998353361289,-17.285913879507042,-67.78321332083509,,745.4594510587748,False,False,False,,[]
1720,1720,1721,True,1.0,1.0,1720.0,1721.0,1720.0,1721.0,1721.0,0.0,22.8526848,27.841651200000005,853.58418027151,0.5151150226593018,0.5151150226593018,0.0,1.0,0.4834212350918965,0.4831019560425179,0.9996166426284042,0.9496166110038757,0.9996160201246036,0.9999859111003251,0.999985894103176,0.99998353361289,0.9999835103352849,-21.098379607120645,-82.75712959893843,,703.3317326178296,False,False,False,,[]
1721,1721,1722,True,1.0,1.0,1721.0,1722.0,1721.0,1722.0,1722.0,0.0,27.841651200000005,32.18688,756.8628176280541,0.5151152014732361,0.5151152014732361,0.0,1.0,0.4831019560425179,0.4827716129794745,0.9996160201246036,0.949616014957428,0.9996153804407614,0.999985894103176,0.999985874655893,0.9999835103352849,0.999983492537798,-21.825859013241505,-85.62492194084459,,698.5405029745274,False,False,False,,[]
1722,1722,1723,True,1.0,1.0,1722.0,1723.0,1722.0,1723.0,1723.0,0.0,32.18688,36.21024,709.6167331368948,0.5151153802871704,0.5151153802871704,0.0,1.0,0.4827716129794745,0.4824171477569162,0.9996153804407614,0.9496153593063354,0.9996147046185196,0.999985874655893,0.9999858551234857,0.999983492537798,0.9999834705646854,-23.414708193472723,-91.87738568712231,,683.2687459007169,False,False,False,,[]
1723,1723,1724,True,1.0,1.0,1723.0,1724.0,1723.0,1724.0,1724.0,0.0,36.21024,38.1414528,390.73717255388505,0.5151156187057495,0.5151156187057495,0.0,1.0,0.4824171477569162,0.48220800306226863,0.9996147046185196,0.9496147036552429,0.999614271917104,0.9999858551234857,0.9999858444352411,0.9999834705646854,0.9999834591842465,-13.819737282194321,-54.21030485264154,,784.6315660360149,False,False,False,,[]
1724,1724,1725,True,1.0,1.0,1724.0,1725.0,1724.0,1725.0,1725.0,0.0,38.1414528,40.5554688,466.0424526778569,0.5151157379150391,0.5151157379150391,0.0,1.0,0.48220800306226863,0.4819423256720982,0.999614271917104,0.9496142864227295,0.9996137377200492,0.9999858444352411,0.9999858295968165,0.9999834591842465,0.9999834448172318,-17.5508754661319,-68.86357953217818,,741.6733070608904,False,False,False,,[]
1725,1725,1726,True,1.0,1.0,1725.0,1726.0,1725.0,1726.0,1726.0,0.0,40.5554688,42.80855040000001,442.9133904673374,0.5151158571243286,0.5151158571243286,0.0,1.0,0.4819423256720982,0.48167459298565724,0.9996137377200492,0.9496137499809265,0.999613199988508,0.9999858295968165,0.9999858144575487,0.9999834448172318,0.9999834303534899,-17.68484618999768,-69.39631232550101,,740.1328174813151,False,False,False,,[]
1726,1726,1727,True,1.0,1.0,1726.0,1727.0,1726.0,1727.0,1727.0,0.0,42.80855040000001,45.222566400000005,469.17604118465545,0.5151160359382629,0.5151160359382629,0.0,1.0,0.48167459298565724,0.4813750034494998,0.999613199988508,0.9496132135391235,0.9996126089654325,0.9999858144575487,0.9999857974844747,0.9999834303534899,0.9999834141743629,-19.785276211805577,-77.65360777200165,,718.4712998093379,False,False,False,,[]
1727,1727,1728,True,1.0,1.0,1727.0,1728.0,1727.0,1728.0,1728.0,0.0,45.222566400000005,48.28032,569.7577305208608,0.5151162147521973,0.5151162147521973,0.0,1.0,0.4813750034494998,0.4809914594442188,0.9996126089654325,0.9496126174926758,0.9996118920806942,0.9999857974844747,0.9999857818912833,0.9999834141743629,0.9999833891317652,-25.3203539077257,-99.41460616883639,,668.5080640303376,False,False,False,,[]
1728,1728,1729,True,1.0,1.0,1728.0,1729.0,1728.0,1729.0,1729.0,0.0,48.28032,49.567795200000006,300.3766487180163,0.5151164531707764,0.5151164531707764,0.0,1.0,0.4809914594442188,0.48077990492822564,0.9996118920806942,0.9496119022369385,0.9996114548917145,0.9999857818912833,0.9999857712514948,0.9999833891317652,0.9999833775587856,-13.971772337899393,-54.834930545424754,,782.7873319225754,False,False,False,,[]
1729,1729,1730,True,1.0,1.0,1729.0,1730.0,1729.0,1730.0,1730.0,0.0,49.567795200000006,50.85527040000001,301.4215362546629,0.5151165723800659,0.5151165723800659,0.0,1.0,0.48077990492822564,0.4805591130017248,0.9996114548917145,0.9496114253997803,0.9996110006289507,0.9999857712514948,0.9999857599689898,0.9999833775587856,0.9999833631555535,-14.580545058054765,-57.22926734901168,,774.0513585945448,False,False,False,,[]
1730,1730,1731,True,1.0,1.0,1730.0,1731.0,1730.0,1731.0,1731.0,0.0,50.85527040000001,51.659942400000006,228.37960627174658,0.5151166915893555,0.5151166915893555,0.0,1.0,0.4805591130017248,0.4803800629866006,0.9996110006289507,0.9496110081672668,0.9996106250941855,0.9999857599689898,0.9999857488086451,0.9999833631555535,0.999983347164309,-11.824833090946086,-46.409763920210835,,804.016816086696,False,False,False,,[]
1731,1731,1732,True,1.0,1.0,1731.0,1732.0,1731.0,1732.0,1732.0,0.0,51.659942400000006,52.7864832,278.47335301327126,0.515116810798645,0.515116810798645,0.0,1.0,0.4803800629866006,0.4801679604074888,0.9996106250941855,0.9496105909347534,0.9996101868865201,0.9999857488086451,0.999985738315393,0.999983347164309,0.9999833330023541,-14.005643422834767,-54.976988505766336,,780.8970389629357,False,False,False,,[]
1732,1732,1733,True,1.0,1.0,1732.0,1733.0,1732.0,1733.0,1733.0,0.0,52.7864832,54.07395840000001,304.1540546481978,0.5151169300079346,0.5151169300079346,0.0,1.0,0.4801679604074888,0.4799323813162252,0.9996101868865201,0.94961017370224,0.9996097057244849,0.999985738315393,0.9999857259858111,0.9999833330023541,0.9999833192944271,-15.553835033262311,-61.06210045553168,,763.5145101739007,False,False,False,,[]
1733,1733,1734,True,1.0,1.0,1733.0,1734.0,1733.0,1734.0,1734.0,0.0,54.07395840000001,55.522368,329.9999533463734,0.5151171088218689,0.5151171088218689,0.0,1.0,0.4799323813162252,0.4796677139899256,0.9996097057244849,0.9496096968650818,0.9996091732686033,0.9999857259858111,0.999985711000945,0.9999833192944271,0.9999833030673857,-17.471616478293434,-68.60177097685722,,741.2212596790802,False,False,False,,[]
1734,1734,1735,True,1.0,1.0,1734.0,1735.0,1734.0,1735.0,1735.0,0.0,55.522368,55.68330240000001,133.67841681797782,0.5151172280311584,0.5151172280311584,0.0,1.0,0.4796677139899256,0.47954971927747075,0.9996091732686033,0.9496091604232788,0.9996089267164914,0.999985711000945,0.9999857007260261,0.9999833030673857,0.9999832928840745,-7.792255689618136,-30.58422946829586,,859.7652735625188,False,False,False,,[]
1735,1735,1736,True,1.0,1.0,1735.0,1736.0,1735.0,1736.0,1736.0,0.0,55.68330240000001,56.1661056,183.23640091221512,0.515117347240448,0.515117347240448,0.0,1.0,0.47954971927747075,0.47938983685129,0.9996089267164914,0.9496089220046997,0.9996085886291809,0.9999857007260261,0.9999856890687916,0.9999832928840745,0.9999832783014972,-10.556995109028732,-41.44152486605798,,819.7185131076943,False,False,False,,[]
1736,1736,1737,True,1.0,1.0,1736.0,1737.0,1736.0,1737.0,1737.0,0.0,56.1661056,56.0051712,84.8652158424761,0.5151174068450928,0.5151174068450928,0.0,1.0,0.47938983685129,0.47931083412883146,0.9996085886291809,0.949608564376831,0.9996084297297843,0.9999856890687916,0.9999856811719918,0.9999832783014972,0.9999832705866415,-5.217719188440883,-20.477505661255414,,900.4917712695877,False,False,False,,[]
1737,1737,1738,True,1.0,1.0,1737.0,1738.0,1737.0,1738.0,1738.0,0.0,56.0051712,55.522368,35.305942824466335,0.5151174664497375,0.5151174664497375,0.0,1.0,0.47931083412883146,0.4792761974656285,0.9996084297297843,0.9496084451675415,0.9996083630234553,0.9999856811719918,0.999985677522354,0.9999832705866415,0.9999832664311242,-2.2879142011620814,-8.977823102212817,,953.1866663898106,False,False,False,,[]
1738,1738,1739,True,1.0,1.0,1738.0,1739.0,1738.0,1739.0,1739.0,0.0,55.522368,55.84423680000001,158.38318833797845,0.5151175260543823,0.5151175260543823,0.0,1.0,0.4792761974656285,0.47913912924928015,0.9996083630234553,0.949608325958252,0.9996080712226816,0.999985677522354,0.9999856664863265,0.9999832664311242,0.9999832554917663,-9.051341374167528,-35.5280816774855,,841.5923848973898,False,False,False,,[]
1739,1739,1740,True,1.0,1.0,1739.0,1740.0,1739.0,1740.0,1740.0,0.0,55.84423680000001,57.13171200000001,306.90912920771217,0.5151175856590271,0.5151175856590271,0.0,1.0,0.47913912924928015,0.47888569048015456,0.9996080712226816,0.9496080875396729,0.9996075583059547,0.9999856664863265,0.9999856529523505,0.9999832554917663,0.9999832392779957,-16.729476066169255,-65.69132895735618,,749.3565715549626,False,False,False,,[]
1740,1740,1741,True,1.0,1.0,1740.0,1741.0,1740.0,1741.0,1741.0,0.0,57.13171200000001,57.936384000000004,234.00124729693238,0.5151177644729614,0.5151177644729614,0.0,1.0,0.47888569048015456,0.4786824115477726,0.9996075583059547,0.9496075510978699,0.9996071365847049,0.9999856529523505,0.9999856408319774,0.9999832392779957,0.9999832224822395,-13.419628683559832,-52.689899273409246,,784.7031926142912,False,False,False,,[]
1741,1741,1742,True,1.0,1.0,1741.0,1742.0,1741.0,1742.0,1742.0,0.0,57.936384000000004,57.936384000000004,111.24537344354306,0.515117883682251,0.515117883682251,0.0,1.0,0.4786824115477726,0.4785782119986699,0.9996071365847049,0.9496071338653564,0.9996069217764043,0.9999856408319774,0.9999856311027879,0.9999832224822395,0.9999832130894044,-6.880663988662954,-27.008523127416275,,873.5131903850167,False,False,False,,[]
1742,1742,1743,True,1.0,1.0,1742.0,1743.0,1742.0,1743.0,1743.0,0.0,57.936384000000004,57.936384000000004,111.24537344354306,0.5151179432868958,0.5151179432868958,0.0,1.0,0.4785782119986699,0.4784740125473963,0.9996069217764043,0.9496068954467773,0.999606706968326,0.9999856311027879,0.9999856213735978,0.9999832130894044,0.99998320369657,-6.880663995552066,-27.00849777011722,,873.513281990595,False,False,False,,[]
1743,1743,1744,True,1.0,1.0,1743.0,1744.0,1743.0,1744.0,1744.0,0.0,57.936384000000004,57.936384000000004,111.24537344354306,0.5151180028915405,0.5151180028915405,0.0,1.0,0.4784740125473963,0.4783698131891549,0.999606706968326,0.949606716632843,0.999606492160459,0.9999856213735978,0.999985611644407,0.99998320369657,0.9999831943037362,-6.880664002441155,-27.008473656167098,,873.5133690211475,False,False,False,,[]
1744,1744,1745,True,1.0,1.0,1744.0,1745.0,1744.0,1745.0,1745.0,0.0,57.936384000000004,57.936384000000004,111.24537344354306,0.5151180624961853,0.5151180624961853,0.0,1.0,0.4783698131891549,0.4782656139192821,0.999606492160459,0.9496064782142639,0.9996062773527928,0.999985611644407,0.9999856019152156,0.9999831943037362,0.999983184910903,-6.880664009330228,-27.008450751038122,,873.5134517647374,False,False,False,,[]
1745,1745,1746,True,1.0,1.0,1745.0,1746.0,1745.0,1746.0,1746.0,0.0,57.936384000000004,57.936384000000004,111.24537344354306,0.5151181221008301,0.5151181221008301,0.0,1.0,0.4782656139192821,0.47816141473324364,0.9996062773527928,0.9496062397956848,0.999606062545317,0.9999856019152156,0.9999855921860235,0.999983184910903,0.9999831755180705,-6.8806640162192805,-27.008429021160584,,873.5135302607963,False,False,False,,[]
1746,1746,1747,True,1.0,1.0,1746.0,1747.0,1746.0,1747.0,1747.0,0.0,57.936384000000004,58.097318400000006,135.95014496354273,0.5151181817054749,0.5151181817054749,0.0,1.0,0.47816141473324364,0.47803683776373096,0.999606062545317,0.9496060609817505,0.9996058005578864,0.9999855921860235,0.999985581384395,0.9999831755180705,0.9999831651448876,-8.225763230140378,-32.290350497680535,,853.2783420332509,False,False,False,,[]
1747,1747,1748,True,1.0,1.0,1747.0,1748.0,1747.0,1748.0,1748.0,0.0,58.097318400000006,58.5801216,185.51457367663463,0.5151182413101196,0.5151182413101196,0.0,1.0,0.47803683776373096,0.47787151880335765,0.9996058005578864,0.9496057629585266,0.9996054517704701,0.999985581384395,0.9999855694212625,0.9999831651448876,0.9999831524384833,-10.914444716262809,-42.85067452875802,,816.4150108398185,False,False,False,,[]
1748,1748,1749,True,1.0,1.0,1748.0,1749.0,1748.0,1749.0,1749.0,0.0,58.5801216,58.741056,136.57226550345402,0.5151183605194092,0.5151183605194092,0.0,1.0,0.47787151880335765,0.47774505159724057,0.9996054517704701,0.9496054649353027,0.9996051853155788,0.9999855694212625,0.9999855584780588,0.9999831524384833,0.9999831419308949,-8.350234066540319,-32.78029982555513,,851.3801175836122,False,False,False,,[]
1749,1749,1750,True,1.0,1.0,1749.0,1750.0,1749.0,1750.0,1750.0,0.0,58.741056,58.5801216,87.31932670157458,0.5151184797286987,0.5151184797286987,0.0,1.0,0.47774505159724057,0.47766030013751587,0.9996051853155788,0.9496051669120789,0.999605013892313,0.9999855584780588,0.9999855500511191,0.9999831419308949,0.9999831337607038,-5.5965633669146335,-21.967578360634235,,894.0617976633245,False,False,False,,[]
1750,1750,1751,True,1.0,1.0,1750.0,1751.0,1750.0,1751.0,1751.0,0.0,58.5801216,57.936384000000004,13.048407903455615,0.5151184797286987,0.5151184797286987,0.0,1.0,0.47766030013751587,0.4776478562481454,0.999605013892313,0.9496049880981445,0.9996049904414734,0.9999855500511191,0.9999855495088055,0.9999831337607038,0.9999831319740226,-0.82192838361047,-3.2254561248356413,,983.1701250478375,False,False,False,,[]
1751,1751,1752,True,1.0,1.0,1751.0,1752.0,1751.0,1752.0,1752.0,0.0,57.936384000000004,56.487974400000006,-111.09757023645696,0.5151184797286987,0.5151184797286987,0.0,1.0,0.4776478562481454,0.4777136385937772,0.9996049904414734,0.9496049880981445,0.9996048598325691,0.9999855495088055,0.9999855399086632,0.9999831319740226,0.9999831226372449,4.346230841430017,17.050783987768213,,1034.9658399273596,False,False,False,,[]
1752,1752,1753,True,1.0,1.0,1752.0,1753.0,1752.0,1753.0,1753.0,0.0,56.487974400000006,54.878630400000006,-137.17697895773156,0.5151185393333435,0.5151185393333435,0.0,1.0,0.4777136385937772,0.47779445378540586,0.9996048598325691,0.949604868888855,0.9996046969992646,0.9999855399086632,0.9999855295010661,0.9999831226372449,0.9999831123125494,5.340151705398623,20.947297670145858,,1045.8058448747838,False,False,False,,[]
1753,1753,1754,True,1.0,1.0,1753.0,1754.0,1753.0,1754.0,1754.0,0.0,54.878630400000006,53.91302400000001,-39.8444516264149,0.5151185989379883,0.5151185989379883,0.0,1.0,0.47779445378540586,0.4778151735272434,0.9996046969992646,0.9496046900749207,0.9996046576349547,0.9999855295010661,0.9999855254262983,0.9999831123125494,0.9999831079269058,1.3689916299683298,5.37055708428346,,1008.3927513879344,False,False,False,,[]
1754,1754,1755,True,1.0,1.0,1754.0,1755.0,1754.0,1755.0,1755.0,0.0,53.91302400000001,50.5334016,-411.28733689529724,0.5151185989379883,0.5151185989379883,0.0,1.0,0.4778151735272434,0.4780620201296084,0.9996046576349547,0.9496046304702759,0.9996041563437632,0.9999855254262983,0.9999855097488151,0.9999831079269058,0.9999830877339024,16.322209318238617,63.98263933300724,,1191.6777941510275,False,False,False,,[]
1755,1755,1756,True,1.0,1.0,1755.0,1756.0,1755.0,1756.0,1756.0,0.0,50.5334016,46.670976,-488.3294418000651,0.5151187777519226,0.5151187777519226,0.0,1.0,0.4780620201296084,0.47833636768175275,0.9996041563437632,0.9496041536331177,0.9996036073144449,0.9999855097488151,0.9999854941923951,0.9999830877339024,0.9999830654207686,18.14499470134253,71.11088551580781,,1221.8591579799913,False,False,False,,[]
1756,1756,1757,True,1.0,1.0,1756.0,1757.0,1756.0,1757.0,1757.0,0.0,46.670976,41.3601408,-713.7864253096753,0.5151188969612122,0.5151188969612122,0.0,1.0,0.47833636768175275,0.47870787481496074,0.9996036073144449,0.9496036171913147,0.9996029070870207,0.9999854941923951,0.9999854785029186,0.9999830654207686,0.9999830408066108,24.582438404766034,96.29464892751666,,1353.511036376129,False,False,False,,[]
1757,1757,1758,True,1.0,1.0,1757.0,1758.0,1757.0,1758.0,1758.0,0.0,41.3601408,37.014912,-569.435523353329,0.5151191353797913,0.5151191353797913,0.0,1.0,0.47870787481496074,0.4789651238319269,0.9996029070870207,0.9496029019355774,0.9996023875025449,0.9999854785029186,0.9999854602181508,0.9999830408066108,0.9999830233241456,17.01923453348209,66.67894519763294,,1204.1277542632706,False,False,False,,[]
1758,1758,1759,True,1.0,1.0,1758.0,1759.0,1758.0,1759.0,1759.0,0.0,37.014912,32.6696832,-572.260199796456,0.5151193141937256,0.5151193141937256,0.0,1.0,0.4789651238319269,0.47919239065573194,0.9996023875025449,0.9496023654937744,0.9996019213949904,0.9999854602181508,0.9999854411125569,0.9999830233241456,0.9999830077030879,15.036350695329443,58.907560730258155,,1170.8634153488933,False,False,False,,[]
1759,1759,1760,True,1.0,1.0,1759.0,1760.0,1759.0,1760.0,1760.0,0.0,32.6696832,28.163520000000002,-599.476439283341,0.5151194334030151,0.5151194334030151,0.0,1.0,0.47919239065573194,0.47940317138804833,0.9996019213949904,0.9496018886566162,0.9996014856454543,0.9999854411125569,0.9999854268148204,0.9999830077030879,0.9999829934176746,13.946602364926482,54.63436581641007,,1160.9313565707457,False,False,False,,[]
1760,1760,1761,True,1.0,1.0,1760.0,1761.0,1760.0,1761.0,1761.0,0.0,28.163520000000002,23.335488,-651.1596438545641,0.5151195526123047,0.5151195526123047,0.0,1.0,0.47940317138804833,0.4795921440674596,0.9996014856454543,0.9496014714241028,0.9996010910363674,0.9999854268148204,0.9999854146642823,0.9999829934176746,0.9999829730624811,12.50419160786353,48.98171850339483,,1132.5105767883474,False,False,False,,[]
1761,1761,1762,True,1.0,1.0,1761.0,1762.0,1761.0,1762.0,1762.0,0.0,23.335488,19.312128,-529.6980642874188,0.5151196718215942,0.5151196718215942,0.0,1.0,0.4795921440674596,0.4797193720813133,0.9996010910363674,0.9496010541915894,0.9996008227789409,0.9999854146642823,0.9999854066062367,0.9999829730624811,0.9999829590938988,8.417793829175535,32.97750119088047,,1085.0407682736463,False,False,False,,[]
1762,1762,1763,True,1.0,1.0,1762.0,1763.0,1762.0,1763.0,1763.0,0.0,19.312128,14.0012928,-728.7594231107178,0.515119731426239,0.515119731426239,0.0,1.0,0.4797193720813133,0.47985258028605565,0.9996008227789409,0.9496008157730103,0.9996005402644668,0.9999854066062367,0.9999853979463934,0.9999829590938988,0.9999829396923775,8.814249962398684,34.52756666921496,,1083.3008438688971,False,False,False,,[]
1763,1763,1764,True,1.0,1.0,1763.0,1764.0,1763.0,1764.0,1764.0,0.0,14.0012928,8.690457600000002,-730.2268628234704,0.5151198506355286,0.5151198506355286,0.0,1.0,0.47985258028605565,0.47992866709769416,0.9996005402644668,0.9496005177497864,0.9996003876658021,0.9999853979463934,0.9999853920357804,0.9999829396923775,0.9999829078869298,5.034037767157955,19.721701576695377,,1023.6576332780907,False,False,False,,[]
1764,1764,1765,True,1.0,1.0,1764.0,1765.0,1764.0,1765.0,1765.0,0.0,8.690457600000002,3.3796224000000006,-731.2264232075206,0.5151199102401733,0.5151199102401733,0.0,1.0,0.47992866709769416,0.4799577444034882,0.9996003876658021,0.9496003985404968,0.9996003319699016,0.9999853920357804,0.9999853766093701,0.9999829078869298,0.9999828909459828,1.9236069775113682,7.536837661815856,,991.2181624428202,False,False,False,,[]
1765,1765,1766,True,1.0,1.0,1765.0,1766.0,1765.0,1766.0,1766.0,0.0,3.3796224000000006,0.0,-435.3008460228659,0.5151199102401733,0.5151199102401733,0.0,1.0,0.4799577444034882,0.4799625914009939,0.9996003319699016,0.949600338935852,0.9996003229032387,0.9999853766093701,0.999985374038024,0.9999828909459828,0.9999828881221866,0.320635799093373,1.2563417534749988,,998.5473022870895,False,False,False,,[]
1766,1766,1767,True,1.0,1.0,1766.0,1767.0,1766.0,1767.0,1767.0,0.0,0.0,0.0,83.40462000000002,0.5151199102401733,0.5151199102401733,0.0,1.0,0.4799625914009939,0.4799625914009939,0.9996003229032387,0.949600338935852,0.9996003229032387,0.999985374038024,0.999985374038024,0.9999828881221866,0.9999828881221866,-0.0,0.0,,1000.0,False,False,False,,[]
1767,1767,1768,True,1.0,1.0,1767.0,1768.0,1767.0,1768.0,1768.0,0.0,0.0,0.0,83.40462000000002,0.5151199102401733,0.5151199102401733,0.0,1.0,0.4799625914009939,0.4799625914009939,0.9996003229032387,0.949600338935852,0.9996003229032387,0.999985374038024,0.999985374038024,0.9999828881221866,0.9999828881221866,-0.0,0.0,,1000.0,False,False,False,,[]
1768,1768,1769,True,1.0,1.0,1768.0,1769.0,1768.0,1769.0,1769.0,0.0,0.0,0.0,83.40462000000002,0.5151199102401733,0.5151199102401733,0.0,1.0,0.4799625914009939,0.4799625914009939,0.9996003229032387,0.949600338935852,0.9996003229032387,0.999985374038024,0.999985374038024,0.9999828881221866,0.9999828881221866,-0.0,0.0,,1000.0,False,False,False,,[]
1769,1769,1770,True,1.0,1.0,1769.0,1770.0,1769.0,1770.0,1770.0,0.0,0.0,0.0,83.40462000000002,0.5151199102401733,0.5151199102401733,0.0,1.0,0.4799625914009939,0.4799625914009939,0.9996003229032387,0.949600338935852,0.9996003229032387,0.999985374038024,0.999985374038024,0.9999828881221866,0.9999828881221866,-0.0,0.0,,1000.0,False,False,False,,[]
1770,1770,1771,True,1.0,1.0,1770.0,1771.0,1770.0,1771.0,1771.0,0.0,0.0,0.0,83.40462000000002,0.5151199102401733,0.5151199102401733,0.0,1.0,0.4799625914009939,0.4799625914009939,0.9996003229032387,0.949600338935852,0.9996003229032387,0.999985374038024,0.999985374038024,0.9999828881221866,0.9999828881221866,-0.0,0.0,,1000.0,False,False,False,,[]
1771,1771,1772,True,1.0,1.0,1771.0,1772.0,1771.0,1772.0,1772.0,0.0,0.0,4.184294400000001,725.7286795200001,0.5151199102401733,0.5151199102401733,0.0,1.0,0.4799625914009939,0.47992412268739,0.9996003229032387,0.949600338935852,0.9996002485385562,0.999985374038024,0.9999853687304096,0.9999828881221866,0.9999828822934803,-2.5445470501382026,-9.971090566134608,,946.0366480693752,False,False,False,,[]
1772,1772,1773,True,1.0,1.0,1772.0,1773.0,1772.0,1773.0,1773.0,0.0,4.184294400000001,9.495129600000002,898.8072989048137,0.5151199102401733,0.5151199102401733,0.0,1.0,0.47992412268739,0.47976830732582754,0.9996002485385562,0.9496002197265625,0.9995999184959229,0.9999853687304096,0.999985347240368,0.9999828822934803,0.9999828586935859,-10.302636279548922,-40.38734171698461,,810.4321676202405,False,False,False,,[]
1773,1773,1774,True,1.0,1.0,1773.0,1774.0,1773.0,1774.0,1774.0,0.0,9.495129600000002,14.8059648,899.4098707675385,0.5151200294494629,0.5151200294494629,0.0,1.0,0.47976830732582754,0.47954642821906257,0.9995999184959229,0.9495999217033386,0.9995994622371971,0.999985347240368,0.9999853341034454,0.9999828586935859,0.9999828167409713,-14.666863417040592,-57.511064473478584,,756.0896309799487,False,False,False,,[]
1774,1774,1775,True,1.0,1.0,1774.0,1775.0,1774.0,1775.0,1775.0,0.0,14.8059648,20.1168,900.4803219589674,0.5151201486587524,0.5151201486587524,0.0,1.0,0.47954642821906257,0.4793046674838345,0.9995994622371971,0.9495994448661804,0.9995989699917779,0.9999853341034454,0.9999853187653727,0.9999828167409713,0.9999827944057134,-15.978662597969773,-62.66438257111509,,752.638784793974,False,False,False,,[]
1775,1775,1776,True,1.0,1.0,1775.0,1776.0,1775.0,1776.0,1776.0,0.0,20.1168,25.427635200000005,902.0186524791005,0.5151203274726868,0.5151203274726868,0.0,1.0,0.4793046674838345,0.47900541026786064,0.9995989699917779,0.9495989680290222,0.9995983795097956,0.9999853187653727,0.9999853041113127,0.9999827944057134,0.9999827743484468,-19.773283509243672,-77.56747038042117,,717.8664626158862,False,False,False,,[]
1776,1776,1777,True,1.0,1.0,1776.0,1777.0,1776.0,1777.0,1777.0,0.0,25.427635200000005,30.738470400000004,904.024862327937,0.5151205062866211,0.5151205062866211,0.0,1.0,0.47900541026786064,0.4786280860316248,0.9995983795097956,0.9495983719825745,0.999597671171526,0.9999853041113127,0.9999852823771354,0.9999827743484468,0.999982746692016,-24.922414489376372,-97.80244203232124,,667.7579294272394,False,False,False,,[]
1777,1777,1778,True,1.0,1.0,1777.0,1778.0,1777.0,1778.0,1778.0,0.0,30.738470400000004,36.0493056,906.4989515054768,0.5151206851005554,0.5151206851005554,0.0,1.0,0.4786280860316248,0.47818125059663774,0.999597671171526,0.9495976567268372,0.9995968750372094,0.9999852823771354,0.9999852605976052,0.999982746692016,0.9999827122043402,-29.50272587791976,-115.81974474865781,,631.8252637221559,False,False,False,,[]
1778,1778,1779,True,1.0,1.0,1778.0,1779.0,1778.0,1779.0,1779.0,0.0,36.0493056,40.2336,736.5075193717228,0.5151209235191345,0.5151209235191345,0.0,1.0,0.47818125059663774,0.47777840607731054,0.9995968750372094,0.9495968818664551,0.9995961324749607,0.9999852605976052,0.9999852416187218,0.9999827122043402,0.9999826901962133,-26.59713241181295,-104.4172994096104,,658.7234480247818,False,False,False,,[]
1779,1779,1780,True,1.0,1.0,1779.0,1780.0,1779.0,1780.0,1780.0,0.0,40.2336,41.19920640000001,245.059538396401,0.5151211619377136,0.5151211619377136,0.0,1.0,0.47777840607731054,0.477620419142412,0.9995961324749607,0.949596107006073,0.9995957981327186,0.9999852416187218,0.9999852311556527,0.9999826901962133,0.9999826731620679,-10.437273198663855,-40.9502135257084,,820.3994801013583,False,False,False,,[]
1780,1780,1781,True,1.0,1.0,1780.0,1781.0,1780.0,1781.0,1781.0,0.0,41.19920640000001,44.25696000000001,566.8737635842901,0.5151212811470032,0.5151212811470032,0.0,1.0,0.477620419142412,0.47727204529072503,0.9995957981327186,0.9495958089828491,0.9995951312624479,0.9999852311556527,0.9999852139024392,0.9999826731620679,0.9999826541859176,-23.000284863704042,-90.29850235725506,,689.0420473102504,False,False,False,,[]
1781,1781,1782,True,1.0,1.0,1781.0,1782.0,1781.0,1782.0,1782.0,0.0,44.25696000000001,46.670976,470.2220028244431,0.5151214599609375,0.5151214599609375,0.0,1.0,0.47727204529072503,0.47696099048413776,0.9995951312624479,0.9495950937271118,0.9995945217686011,0.9999852139024392,0.9999851973925876,0.9999826541859176,0.9999826353629687,-20.53627536644883,-80.62540586741585,,710.561866754999,False,False,False,,[]
1782,1782,1783,True,1.0,1.0,1782.0,1783.0,1782.0,1783.0,1783.0,0.0,46.670976,48.28032,348.51875005032457,0.5151216387748718,0.5151216387748718,0.0,1.0,0.47696099048413776,0.47672075409990716,0.9995945217686011,0.9495944976806641,0.9995940322472792,0.9999851973925876,0.999985184082339,0.9999826353629687,0.9999826218985868,-15.862631032696468,-62.26927079257305,,759.8996995688481,False,False,False,,[]
1783,1783,1784,True,1.0,1.0,1783.0,1784.0,1783.0,1784.0,1784.0,0.0,48.28032,48.441254400000005,127.44324807801569,0.5151218175888062,0.5151218175888062,0.0,1.0,0.47672075409990716,0.47661814738002,0.9995940322472792,0.9495940208435059,0.9995938210519542,0.999985184082339,0.9999851750924276,0.9999826218985868,0.9999826102469697,-6.777513420546055,-26.59566179474382,,873.844944445255,False,False,False,,[]
1784,1784,1785,True,1.0,1.0,1784.0,1785.0,1784.0,1785.0,1785.0,0.0,48.441254400000005,48.28032,78.16281223569821,0.5151218771934509,0.5151218771934509,0.0,1.0,0.47661814738002,0.47655204445535526,0.9995938210519542,0.9495937824249268,0.999593689765383,0.9999851750924276,0.9999851686773737,0.9999826102469697,0.9999826018834284,-4.366791485080106,-17.133878073106843,,914.0682793527941,False,False,False,,[]
1785,1785,1786,True,1.0,1.0,1785.0,1786.0,1785.0,1786.0,1786.0,0.0,48.28032,47.797516800000004,28.624161998016007,0.5151218771934509,0.5151218771934509,0.0,1.0,0.47655204445535526,0.4765270563085385,0.999593689765383,0.9495936632156372,0.9995936420931154,0.9999851686773737,0.9999851659642168,0.9999826018834284,0.9999825986515496,-1.6509598079683796,-6.47692765490378,,965.5301775095071,False,False,False,,[]
1786,1786,1787,True,1.0,1.0,1786.0,1787.0,1786.0,1787.0,1787.0,0.0,47.797516800000004,47.1537792,3.5346467325108306,0.5151219367980957,0.5151219367980957,0.0,1.0,0.4765270563085385,0.4765243103726995,0.9995936420931154,0.9495936036109924,0.9995936369671885,0.9999851659642168,0.9999851658444999,0.9999825986515496,0.9999825982571414,-0.18144104449227888,-0.7117465694666554,,996.241525815832,False,False,False,,[]
1787,1787,1788,True,1.0,1.0,1787.0,1788.0,1787.0,1788.0,1788.0,0.0,47.1537792,46.349107200000006,-21.677101470564736,0.5151219367980957,0.5151219367980957,0.0,1.0,0.4765243103726995,0.4765336302313138,0.9995936369671885,0.9495936036109924,0.9995936194572623,0.9999851658444999,0.9999851638300741,0.9999825982571414,0.999982595875232,0.6158674260482598,2.4157073528202444,,1003.1826276849636,False,False,False,,[]
1788,1788,1789,True,1.0,1.0,1788.0,1789.0,1788.0,1789.0,1789.0,0.0,46.349107200000006,45.061632,-96.41546995613278,0.5151219367980957,0.5151219367980957,0.0,1.0,0.4765336302313138,0.47657658590722574,0.9995936194572623,0.9495936036109924,0.9995935360534437,0.9999851638300741,0.999985156686625,0.999982595875232,0.9999825866771782,2.8390031337817856,11.134111196382023,,1018.6139384567806,False,False,False,,[]
1789,1789,1790,True,1.0,1.0,1789.0,1790.0,1789.0,1790.0,1790.0,0.0,45.061632,40.2336,-640.8965883316839,0.5151219367980957,0.5151219367980957,0.0,1.0,0.47657658590722574,0.4768969837466685,0.9995935360534437,0.9495935440063477,0.9995929117955011,0.999985156686625,0.9999851399453903,0.9999825866771782,0.9999825652635392,21.195380816123013,83.04711998356369,,1281.7508453745477,False,False,False,,[]
1790,1790,1791,True,1.0,1.0,1790.0,1791.0,1790.0,1791.0,1791.0,0.0,40.2336,34.9227648,-718.4265508836,0.51512211561203,0.51512211561203,0.0,1.0,0.4768969837466685,0.4772108581299786,0.9995929117955011,0.9495928883552551,0.9995922978186046,0.9999851399453903,0.9999851206856738,0.9999825652635392,0.9999825441127907,20.76706804270444,81.3562401539743,,1269.142200017966,False,False,False,,[]
1791,1791,1792,True,1.0,1.0,1791.0,1792.0,1791.0,1792.0,1792.0,0.0,34.9227648,29.6119296,-721.7371515882177,0.5151222944259644,0.5151222944259644,0.0,1.0,0.4772108581299786,0.4774733819957729,0.9995922978186046,0.9495922923088074,0.9995917690667405,0.9999851206856738,0.9999851007485573,0.9999825441127907,0.9999825194484536,17.369639821299305,68.0461860138753,,1197.6725281177003,False,False,False,,[]
1792,1792,1793,True,1.0,1.0,1792.0,1793.0,1792.0,1793.0,1793.0,0.0,29.6119296,24.3010944,-724.5798729641313,0.5151224732398987,0.5151224732398987,0.0,1.0,0.4774733819957729,0.4776994009939423,0.9995917690667405,0.9495917558670044,0.9995913052339072,0.9999851007485573,0.999985085679725,0.9999825194484536,0.999982504146135,14.954718266487486,58.58412432552259,,1175.4535635552602,False,False,False,,[]
1793,1793,1794,True,1.0,1.0,1793.0,1794.0,1793.0,1794.0,1794.0,0.0,24.3010944,18.990259200000004,-726.9547150113403,0.5151225924491882,0.5151225924491882,0.0,1.0,0.4776994009939423,0.47788234081361264,0.9995913052339072,0.9495912790298462,0.9995909221959284,0.999985085679725,0.9999850744539184,0.999982504146135,0.9999824918183317,12.10417446874737,47.41800125855427,,1137.763100286439,False,False,False,,[]
1794,1794,1795,True,1.0,1.0,1794.0,1795.0,1794.0,1795.0,1795.0,0.0,18.990259200000004,13.679424000000001,-728.8616777298467,0.5151227116584778,0.5151227116584778,0.0,1.0,0.47788234081361264,0.4780105162739448,0.9995909221959284,0.9495909214019775,0.9995906516902284,0.9999850744539184,0.9999850659601742,0.9999824918183317,0.9999824696687628,8.480079331358167,33.223079318096254,,1075.8259068573707,False,False,False,,[]
1795,1795,1796,True,1.0,1.0,1795.0,1796.0,1795.0,1796.0,1796.0,0.0,13.679424000000001,8.368588800000001,-730.3007611196481,0.5151228308677673,0.5151228308677673,0.0,1.0,0.4780105162739448,0.47808446149485184,0.9995906516902284,0.9495906233787537,0.9995905036970866,0.9999850659601742,0.9999850602166238,0.9999824696687628,0.9999824387626599,4.891731170757983,19.166601259102787,,1023.0139817755976,False,False,False,,[]
1796,1796,1797,True,1.0,1.0,1796.0,1797.0,1796.0,1797.0,1797.0,0.0,8.368588800000001,3.0577536,-731.2719651807461,0.5151228308677673,0.5151228308677673,0.0,1.0,0.47808446149485184,0.47811199305361135,0.9995905036970866,0.9495905041694641,0.9995904510416587,0.9999850602166238,0.9999850456119631,0.9999824387626599,0.9999824227243279,1.821128021134531,7.136180030462283,,991.6926140487936,False,False,False,,[]
1797,1797,1798,True,1.0,1.0,1797.0,1798.0,1797.0,1798.0,1798.0,0.0,3.0577536,0.0,-385.90848863313954,0.5151228904724121,0.5151228904724121,0.0,1.0,0.47811199305361135,0.47811588128642835,0.9995904510416587,0.9495904445648193,0.9995904437752537,0.9999850456119631,0.9999850435494715,0.9999824227243279,0.9999824204593717,0.2571823358539128,1.0078299461721116,,998.8355021165493,False,False,False,,[]
1798,1798,1799,True,1.0,1.0,1798.0,1799.0,1798.0,1799.0,1799.0,0.0,0.0,0.0,83.40462000000002,0.5151228904724121,0.5151228904724121,0.0,1.0,0.47811588128642835,0.47811588128642835,0.9995904437752537,0.9495904445648193,0.9995904437752537,0.9999850435494715,0.9999850435494715,0.9999824204593717,0.9999824204593717,-0.0,0.0,,1000.0,False,False,False,,[]
1799,1799,1800,True,1.0,1.0,1799.0,1800.0,1799.0,1800.0,1800.0,0.0,0.0,0.0,83.40462000000002,0.5151228904724121,0.5151228904724121,0.0,1.0,0.47811588128642835,0.47811588128642835,0.9995904437752537,0.9495904445648193,0.9995904437752537,0.9999850435494715,0.9999850435494715,0.9999824204593717,0.9999824204593717,-0.0,0.0,,1000.0,False,False,False,,[]
1800,1800,1801,True,1.0,1.0,1800.0,1801.0,1800.0,1801.0,1801.0,0.0,0.0,0.0,83.40462000000002,0.5151228904724121,0.5151228904724121,0.0,1.0,0.47811588128642835,0.47811588128642835,0.9995904437752537,0.9495904445648193,0.9995904437752537,0.9999850435494715,0.9999850435494715,0.9999824204593717,0.9999824204593717,-0.0,0.0,,1000.0,False,False,False,,[]
1801,1801,1802,True,1.0,1.0,1801.0,1802.0,1801.0,1802.0,1802.0,0.0,0.0,0.0,83.40462000000002,0.5151228904724121,0.5151228904724121,0.0,1.0,0.47811588128642835,0.47811588128642835,0.9995904437752537,0.9495904445648193,0.9995904437752537,0.9999850435494715,0.9999850435494715,0.9999824204593717,0.9999824204593717,-0.0,0.0,,1000.0,False,False,False,,[]
1802,1802,1803,True,1.0,1.0,1802.0,1803.0,1802.0,1803.0,1803.0,0.0,0.0,0.0,83.40462000000002,0.5151228904724121,0.5151228904724121,0.0,1.0,0.47811588128642835,0.47811588128642835,0.9995904437752537,0.9495904445648193,0.9995904437752537,0.9999850435494715,0.9999850435494715,0.9999824204593717,0.9999824204593717,-0.0,0.0,,1000.0,False,False,False,,[]
1803,1803,1804,True,1.0,1.0,1803.0,1804.0,1803.0,1804.0,1804.0,0.0,0.0,0.0,83.40462000000002,0.5151228904724121,0.5151228904724121,0.0,1.0,0.47811588128642835,0.47811588128642835,0.9995904437752537,0.9495904445648193,0.9995904437752537,0.9999850435494715,0.9999850435494715,0.9999824204593717,0.9999824204593717,-0.0,0.0,,1000.0,False,False,False,,[]
1804,1804,1805,True,1.0,1.0,1804.0,1805.0,1804.0,1805.0,1805.0,0.0,0.0,0.0,83.40462000000002,0.5151228904724121,0.5151228904724121,0.0,1.0,0.47811588128642835,0.47811588128642835,0.9995904437752537,0.9495904445648193,0.9995904437752537,0.9999850435494715,0.9999850435494715,0.9999824204593717,0.9999824204593717,-0.0,0.0,,1000.0,False,False,False,,[]
1805,1805,1806,True,1.0,1.0,1805.0,1806.0,1805.0,1806.0,1806.0,0.0,0.0,0.0,83.40462000000002,0.5151228904724121,0.5151228904724121,0.0,1.0,0.47811588128642835,0.47811588128642835,0.9995904437752537,0.9495904445648193,0.9995904437752537,0.9999850435494715,0.9999850435494715,0.9999824204593717,0.9999824204593717,-0.0,0.0,,1000.0,False,False,False,,[]
1806,1806,1807,True,1.0,1.0,1806.0,1807.0,1806.0,1807.0,1807.0,0.0,0.0,0.0,83.40462000000002,0.5151228904724121,0.5151228904724121,0.0,1.0,0.47811588128642835,0.47811588128642835,0.9995904437752537,0.9495904445648193,0.9995904437752537,0.9999850435494715,0.9999850435494715,0.9999824204593717,0.9999824204593717,-0.0,0.0,,1000.0,False,False,False,,[]
1807,1807,1808,True,1.0,1.0,1807.0,1808.0,1807.0,1808.0,1808.0,0.0,0.0,0.0,83.40462000000002,0.5151228904724121,0.5151228904724121,0.0,1.0,0.47811588128642835,0.47811588128642835,0.9995904437752537,0.9495904445648193,0.9995904437752537,0.9999850435494715,0.9999850435494715,0.9999824204593717,0.9999824204593717,-0.0,0.0,,1000.0,False,False,False,,[]
1808,1808,1809,True,1.0,1.0,1808.0,1809.0,1808.0,1809.0,1809.0,0.0,0.0,0.0,83.40462000000002,0.5151228904724121,0.5151228904724121,0.0,1.0,0.47811588128642835,0.47811588128642835,0.9995904437752537,0.9495904445648193,0.9995904437752537,0.9999850435494715,0.9999850435494715,0.9999824204593717,0.9999824204593717,-0.0,0.0,,1000.0,False,False,False,,[]
1809,1809,1810,True,1.0,1.0,1809.0,1810.0,1809.0,1810.0,1810.0,0.0,0.0,0.0,83.40462000000002,0.5151228904724121,0.5151228904724121,0.0,1.0,0.47811588128642835,0.47811588128642835,0.9995904437752537,0.9495904445648193,0.9995904437752537,0.9999850435494715,0.9999850435494715,0.9999824204593717,0.9999824204593717,-0.0,0.0,,1000.0,False,False,False,,[]
1810,1810,1811,True,1.0,1.0,1810.0,1811.0,1810.0,1811.0,1811.0,0.0,0.0,0.0,83.40462000000002,0.5151228904724121,0.5151228904724121,0.0,1.0,0.47811588128642835,0.47811588128642835,0.9995904437752537,0.9495904445648193,0.9995904437752537,0.9999850435494715,0.9999850435494715,0.9999824204593717,0.9999824204593717,-0.0,0.0,,1000.0,False,False,False,,[]
1811,1811,1812,True,1.0,1.0,1811.0,1812.0,1811.0,1812.0,1812.0,0.0,0.0,0.0,83.40462000000002,0.5151228904724121,0.5151228904724121,0.0,1.0,0.47811588128642835,0.47811588128642835,0.9995904437752537,0.9495904445648193,0.9995904437752537,0.9999850435494715,0.9999850435494715,0.9999824204593717,0.9999824204593717,-0.0,0.0,,1000.0,False,False,False,,[]
1812,1812,1813,True,1.0,1.0,1812.0,1813.0,1812.0,1813.0,1813.0,0.0,0.0,0.0,83.40462000000002,0.5151228904724121,0.5151228904724121,0.0,1.0,0.47811588128642835,0.47811588128642835,0.9995904437752537,0.9495904445648193,0.9995904437752537,0.9999850435494715,0.9999850435494715,0.9999824204593717,0.9999824204593717,-0.0,0.0,,1000.0,False,False,False,,[]
1813,1813,1814,True,1.0,1.0,1813.0,1814.0,1813.0,1814.0,1814.0,0.0,0.0,0.0,83.40462000000002,0.5151228904724121,0.5151228904724121,0.0,1.0,0.47811588128642835,0.47811588128642835,0.9995904437752537,0.9495904445648193,0.9995904437752537,0.9999850435494715,0.9999850435494715,0.9999824204593717,0.9999824204593717,-0.0,0.0,,1000.0,False,False,False,,[]
1814,1814,1815,True,1.0,1.0,1814.0,1815.0,1814.0,1815.0,1815.0,0.0,0.0,0.0,83.40462000000002,0.5151228904724121,0.5151228904724121,0.0,1.0,0.47811588128642835,0.47811588128642835,0.9995904437752537,0.9495904445648193,0.9995904437752537,0.9999850435494715,0.9999850435494715,0.9999824204593717,0.9999824204593717,-0.0,0.0,,1000.0,False,False,False,,[]
1815,1815,1816,True,1.0,1.0,1815.0,1816.0,1815.0,1816.0,1816.0,0.0,0.0,0.0,83.40462000000002,0.5151228904724121,0.5151228904724121,0.0,1.0,0.47811588128642835,0.47811588128642835,0.9995904437752537,0.9495904445648193,0.9995904437752537,0.9999850435494715,0.9999850435494715,0.9999824204593717,0.9999824204593717,-0.0,0.0,,1000.0,False,False,False,,[]
1816,1816,1817,True,1.0,1.0,1816.0,1817.0,1816.0,1817.0,1817.0,0.0,0.0,5.3108352,898.6620801600001,0.5151228904724121,0.5151228904724121,0.0,1.0,0.47811588128642835,0.47805541778477123,0.9995904437752537,0.9495904445648193,0.9995903243497775,0.9999850435494715,0.9999850352075786,0.9999824204593717,0.9999824112985964,-3.9992007777936562,-15.672139629521832,,917.5080298516964,False,False,False,,[]
1817,1817,1818,True,1.0,1.0,1817.0,1818.0,1817.0,1818.0,1818.0,0.0,5.3108352,10.6216704,898.8960198243519,0.5151228904724121,0.5151228904724121,0.0,1.0,0.47805541778477123,0.4778739072778438,0.9995903243497775,0.9495903253555298,0.9995899440650143,0.9999850352075786,0.9999850101753854,0.9999824112985964,0.9999823838091164,-12.000725548574824,-47.047523395587724,,786.1260348802609,False,False,False,,[]
1818,1818,1819,True,1.0,1.0,1818.0,1819.0,1818.0,1819.0,1819.0,0.0,10.6216704,15.932505600000002,899.5978388174084,0.5151230096817017,0.5151230096817017,0.0,1.0,0.4778739072778438,0.4776382358502386,0.9995899440650143,0.9495899081230164,0.9995894627367152,0.9999850101753854,0.9999850012736925,0.9999823838091164,0.9999823379575566,-15.57781995668983,-61.08603403525363,,747.0728693843162,False,False,False,,[]
1819,1819,1820,True,1.0,1.0,1819.0,1820.0,1819.0,1820.0,1820.0,0.0,15.932505600000002,21.2433408,900.7675371391676,0.515123188495636,0.515123188495636,0.0,1.0,0.4776382358502386,0.47738148068676567,0.9995894627367152,0.9495894312858582,0.9995889440143038,0.9999850012736925,0.9999849837281508,0.9999823379575566,0.9999823160809216,-16.968698271300475,-66.55093837219012,,741.8124776889612,False,False,False,,[]
1820,1820,1821,True,1.0,1.0,1820.0,1821.0,1820.0,1821.0,1821.0,0.0,21.2433408,26.554176000000002,902.4051147896324,0.5151233077049255,0.5151233077049255,0.0,1.0,0.47738148068676567,0.47707149861173354,0.9995889440143038,0.9495889544487,0.9995883362322661,0.9999849837281508,0.9999849683424771,0.9999823160809216,0.9999822991849404,-20.4808754200206,-80.34735384832688,,712.7370721971838,False,False,False,,[]
1821,1821,1822,True,1.0,1.0,1821.0,1822.0,1821.0,1822.0,1822.0,0.0,26.554176000000002,31.865011200000005,904.5105717688,0.5151234865188599,0.5151234865188599,0.0,1.0,0.47707149861173354,0.47668716418376683,0.9995883362322661,0.9495882987976074,0.9995876182708049,0.9999849683424771,0.9999849457241651,0.9999822991849404,0.9999822784861231,-25.3843295049355,-99.61948372896524,,666.912222229971,False,False,False,,[]
1822,1822,1823,True,1.0,1.0,1822.0,1823.0,1822.0,1823.0,1823.0,0.0,31.865011200000005,37.175846400000005,907.083908076672,0.515123724937439,0.515123724937439,0.0,1.0,0.47668716418376683,0.4762392250205433,0.9995876182708049,0.9495875835418701,0.9995868208840142,0.9999849457241651,0.9999849255353478,0.9999822784861231,0.9999822539543014,-29.57478173133236,-116.10583110755013,,635.9711052354207,False,False,False,,[]
1823,1823,1824,True,1.0,1.0,1823.0,1824.0,1823.0,1824.0,1824.0,0.0,37.175846400000005,42.4866816,910.1251237132469,0.5151239633560181,0.5151239633560181,0.0,1.0,0.4762392250205433,0.47572551816598746,0.9995868208840142,0.949586808681488,0.999585957421743,0.9999849255353478,0.9999849067441493,0.9999822539543014,0.9999822255534647,-33.90395431798605,-133.1528167008672,,607.0741930138927,False,False,False,,[]
1824,1824,1825,True,1.0,1.0,1824.0,1825.0,1824.0,1825.0,1825.0,0.0,42.4866816,44.739763200000006,444.24355979852896,0.5151242017745972,0.5151242017745972,0.0,1.0,0.47572551816598746,0.4754436645628136,0.999585957421743,0.9495859742164612,0.9995853957180346,0.9999849067441493,0.999984890199242,0.9999822255534647,0.9999822103743988,-18.61178842598192,-73.05645394266075,,730.0613240650788,False,False,False,,[]
1825,1825,1826,True,1.0,1.0,1825.0,1826.0,1825.0,1826.0,1826.0,0.0,44.739763200000006,46.831910400000005,421.16884720699653,0.5151243805885315,0.5151243805885315,0.0,1.0,0.4754436645628136,0.47516203659333794,0.9995853957180346,0.9495853781700134,0.9995848343930439,0.999984890199242,0.9999848739581259,0.9999822103743988,0.9999821939168471,-18.595160654522132,-72.9979696880935,,729.6824643776378,False,False,False,,[]
1826,1826,1827,True,1.0,1.0,1826.0,1827.0,1826.0,1827.0,1827.0,0.0,46.831910400000005,50.69433600000001,694.5103621154374,0.5151245594024658,0.5151245594024658,0.0,1.0,0.47516203659333794,0.4746772954809637,0.9995848343930439,0.9495848417282104,0.9995839979212051,0.9999848739581259,0.999984857033403,0.9999821939168471,0.9999821620780319,-31.982770911710105,-125.64489632739556,,618.3711255972352,False,False,False,,[]
1827,1827,1828,True,1.0,1.0,1827.0,1828.0,1827.0,1828.0,1828.0,0.0,50.69433600000001,53.108352000000004,475.2917696552127,0.5151247978210449,0.5151247978210449,0.0,1.0,0.4746772954809637,0.4743219237332039,0.9995839979212051,0.9495840072631836,0.9995833207769148,0.999984857033403,0.999984842544474,0.9999821620780319,0.9999821388867188,-23.4524573777502,-92.11235701933393,,684.5721444817015,False,False,False,,[]
1828,1828,1829,True,1.0,1.0,1828.0,1829.0,1828.0,1829.0,1829.0,0.0,53.108352000000004,54.07395840000001,255.02721555520037,0.515125036239624,0.515125036239624,0.0,1.0,0.4743219237332039,0.47411844288874455,0.9995833207769148,0.9495832920074463,0.9995828986763715,0.999984842544474,0.9999848314073215,0.9999821388867188,0.9999821231469076,-13.433411250771357,-52.74223488386966,,785.8127094925799,False,False,False,,[]
1829,1829,1830,True,1.0,1.0,1829.0,1830.0,1829.0,1830.0,1830.0,0.0,54.07395840000001,56.0051712,404.11426790637336,0.5151251554489136,0.5151251554489136,0.0,1.0,0.47411844288874455,0.4737946453651884,0.9995828986763715,0.9495828747749329,0.9995822691113243,0.9999848314073215,0.9999848153839509,0.9999821231469076,0.9999821022363653,-21.367392962733014,-83.92831810575048,,702.4011168864685,False,False,False,,[]
1830,1830,1831,True,1.0,1.0,1830.0,1831.0,1830.0,1831.0,1831.0,0.0,56.0051712,56.487974400000006,183.53457194446736,0.5151253342628479,0.5151253342628479,0.0,1.0,0.4737946453651884,0.4736375506006727,0.9995822691113243,0.9495822787284851,0.9995819365343676,0.9999848153839509,0.9999848036845581,0.9999821022363653,0.9999820910110934,-10.37111286655696,-40.71896296246513,,824.2140064016476,False,False,False,,[]
1831,1831,1832,True,1.0,1.0,1831.0,1832.0,1831.0,1832.0,1832.0,0.0,56.487974400000006,57.29264640000001,233.39459384226848,0.5151253938674927,0.5151253938674927,0.0,1.0,0.4736375506006727,0.47343649178205105,0.9995819365343676,0.9495819211006165,0.9995815189898428,0.9999848036845581,0.9999847916013824,0.9999820910110934,0.9999820741021442,-13.271418544152482,-52.11444578672935,,786.2838160761618,False,False,False,,[]
1832,1832,1833,True,1.0,1.0,1832.0,1833.0,1832.0,1833.0,1833.0,0.0,57.29264640000001,58.097318400000006,234.15398476374068,0.515125572681427,0.515125572681427,0.0,1.0,0.47343649178205105,0.4732357599034949,0.9995815189898428,0.949581503868103,0.9995811020613556,0.9999847916013824,0.9999847794721971,0.9999820741021442,0.9999820602025726,-13.249316962076337,-52.02970292174314,,788.3615855487268,False,False,False,,[]
1833,1833,1834,True,1.0,1.0,1833.0,1834.0,1833.0,1834.0,1834.0,0.0,58.097318400000006,57.936384000000004,86.69548759663594,0.5151256918907166,0.5151256918907166,0.0,1.0,0.4732357599034949,0.4731524762141558,0.9995811020613556,0.9495810866355896,0.9995809338485937,0.9999847794721971,0.9999847711794081,0.9999820602025726,0.9999820521617936,-5.498965725565898,-21.58713227670304,,895.7053791283525,False,False,False,,[]
1834,1834,1835,True,1.0,1.0,1834.0,1835.0,1834.0,1835.0,1835.0,0.0,57.936384000000004,58.097318400000006,135.95014496354273,0.5151257514953613,0.5151257514953613,0.0,1.0,0.4731524762141558,0.4730278798265435,0.9995809338485937,0.9495809078216553,0.9995806718153489,0.9999847711794081,0.9999847603777102,0.9999820521617936,0.9999820417886763,-8.22576397528905,-32.295383669112574,,853.2608659833779,False,False,False,,[]
1835,1835,1836,True,1.0,1.0,1835.0,1836.0,1835.0,1836.0,1836.0,0.0,58.097318400000006,58.25825280000001,136.10503063663728,0.5151258111000061,0.5151258111000061,0.0,1.0,0.4730278798265435,0.4729007887565525,0.9995806718153489,0.9495806694030762,0.9995804038825623,0.9999847603777102,0.9999847495406615,0.9999820417886763,0.999982029690302,-8.390358375666107,-32.94200534166829,,849.7477898341143,False,False,False,,[]
1836,1836,1837,True,1.0,1.0,1836.0,1837.0,1836.0,1837.0,1837.0,0.0,58.25825280000001,57.936384000000004,62.1460313909837,0.5151258707046509,0.5151258707046509,0.0,1.0,0.4729007887565525,0.4728395349402794,0.9995804038825623,0.9495803713798523,0.9995802828025075,0.9999847495406615,0.9999847430853716,0.999982029690302,0.9999820234082958,-4.044701485397468,-15.876989177979429,,920.726279450407,False,False,False,,[]
1837,1837,1838,True,1.0,1.0,1837.0,1838.0,1837.0,1838.0,1838.0,0.0,57.936384000000004,57.45358080000001,37.13105888354403,0.5151259303092957,0.5151259303092957,0.0,1.0,0.4728395349402794,0.4728020568327328,0.9995802828025075,0.9495802521705627,0.999580210422962,0.9999847430853716,0.9999847391776889,0.9999820234082958,0.9999820189617867,-2.474993615611178,-9.714325476080017,,949.6042608876177,False,False,False,,[]
1838,1838,1839,True,1.0,1.0,1838.0,1839.0,1838.0,1839.0,1839.0,0.0,57.45358080000001,57.936384000000004,184.8976088318055,0.5151259303092957,0.5151259303092957,0.0,1.0,0.4728020568327328,0.472638962767677,0.999580210422962,0.949580192565918,0.9995798660071172,0.9999847391776889,0.9999847272938132,0.9999820189617867,0.9999820064307104,-10.766570478798629,-42.27398166247645,,818.3636872877362,False,False,False,,[]
1839,1839,1840,True,1.0,1.0,1839.0,1840.0,1839.0,1840.0,1840.0,0.0,57.936384000000004,57.936384000000004,111.24537344354306,0.5151260495185852,0.5151260495185852,0.0,1.0,0.472638962767677,0.47253475009751994,0.9995798660071172,0.9495798349380493,0.9995796511690099,0.9999847272938132,0.9999847175645339,0.9999820064307104,0.9999819970379641,-6.880664932298045,-27.011924104703024,,873.5009036867925,False,False,False,,[]
1840,1840,1841,True,1.0,1.0,1840.0,1841.0,1840.0,1841.0,1841.0,0.0,57.936384000000004,57.29264640000001,12.42628736354337,0.51512610912323,0.51512610912323,0.0,1.0,0.47253475009751994,0.47252302940775137,0.9995796511690099,0.949579656124115,0.9995796290966804,0.9999847175645339,0.9999847170537758,0.9999819970379641,0.9999819953552955,-0.7740900244303541,-3.038002788011982,,984.1344250931778,False,False,False,,[]
1841,1841,1842,True,1.0,1.0,1841.0,1842.0,1841.0,1842.0,1842.0,0.0,57.29264640000001,57.13171200000001,85.92535564374165,0.51512610912323,0.51512610912323,0.0,1.0,0.47252302940775137,0.4724415378999039,0.9995796290966804,0.9495795965194702,0.9995794647920055,0.9999847170537758,0.9999847089271806,0.9999819953552955,0.9999819874441438,-5.381146185720093,-21.12259883406314,,897.698525389297,False,False,False,,[]
1842,1842,1843,True,1.0,1.0,1842.0,1843.0,1842.0,1843.0,1843.0,0.0,57.13171200000001,56.9707776,85.77261817693135,0.5151261687278748,0.5151261687278748,0.0,1.0,0.4724415378999039,0.47236040920445477,0.9995794647920055,0.9495794773101807,0.9995793012768861,0.9999847089271806,0.9999847008336119,0.9999819874441438,0.9999819795651022,-5.357263241411704,-21.028557860407112,,898.1072067611892,False,False,False,,[]
1843,1843,1844,True,1.0,1.0,1843.0,1844.0,1843.0,1844.0,1844.0,0.0,56.9707776,56.64890880000001,60.915538831383124,0.5151262283325195,0.5151262283325195,0.0,1.0,0.47236040920445477,0.47230150748064986,0.9995793012768861,0.9495792984962463,0.9995791851137947,0.9999847008336119,0.9999846946222126,0.9999819795651022,0.9999819734252734,-3.889846082372014,-15.267326810233742,,923.4725151336362,False,False,False,,[]
1844,1844,1845,True,1.0,1.0,1844.0,1845.0,1844.0,1845.0,1845.0,0.0,56.64890880000001,56.64890880000001,110.02175514404908,0.5151262283325195,0.5151262283325195,0.0,1.0,0.47230150748064986,0.4721993263129156,0.9995791851137947,0.9495791792869568,0.9995789748819219,0.9999846946222126,0.9999846851705377,0.9999819734252734,0.9999819632558776,-6.747232011529782,-26.48535867671116,,875.0242841443659,False,False,False,,[]
1845,1845,1846,True,1.0,1.0,1845.0,1846.0,1845.0,1846.0,1846.0,0.0,56.64890880000001,56.64890880000001,110.02175514404908,0.5151263475418091,0.5151263475418091,0.0,1.0,0.4721993263129156,0.47209714536833136,0.9995789748819219,0.9495789408683777,0.9995787646505542,0.9999846851705377,0.9999846757188616,0.9999819632558776,0.9999819530864839,-6.7472319676686086,-26.48530083623123,,875.0244942674666,False,False,False,,[]
1846,1846,1847,True,1.0,1.0,1846.0,1847.0,1846.0,1847.0,1847.0,0.0,56.64890880000001,56.64890880000001,110.02175514404908,0.5151263475418091,0.5151263475418091,0.0,1.0,0.47209714536833136,0.4719949646381247,0.9995787646505542,0.9495787620544434,0.9995785544196715,0.9999846757188616,0.9999846662671855,0.9999819530864839,0.9999819429170901,-6.7472319676686086,-26.485245269565983,,875.0246955487431,False,False,False,,[]
1847,1847,1848,True,1.0,1.0,1847.0,1848.0,1847.0,1848.0,1848.0,0.0,56.64890880000001,56.64890880000001,110.02175514404908,0.5151264667510986,0.5151264667510986,0.0,1.0,0.4719949646381247,0.4718927841150765,0.9995785544196715,0.9495785236358643,0.9995783441892576,0.9999846662671855,0.9999846568155081,0.9999819429170901,0.9999819327476984,-6.747231923807379,-26.485191574089818,,875.0248906566583,False,False,False,,[]
1848,1848,1849,True,1.0,1.0,1848.0,1849.0,1848.0,1849.0,1849.0,0.0,56.64890880000001,56.64890880000001,110.02175514404908,0.5151264667510986,0.5151264667510986,0.0,1.0,0.4718927841150765,0.47179060379085713,0.9995783441892576,0.9495783448219299,0.9995781339592937,0.9999846568155081,0.9999846473638306,0.9999819327476984,0.9999819225783068,-6.747231923807379,-26.48514003765964,,875.0250773466967,False,False,False,,[]
1849,1849,1850,True,1.0,1.0,1849.0,1850.0,1849.0,1850.0,1850.0,0.0,56.64890880000001,56.327040000000004,60.61221210404776,0.5151265859603882,0.5151265859603882,0.0,1.0,0.47179060379085713,0.471732421180148,0.9995781339592937,0.9495781064033508,0.9995780192950949,0.9999846473638306,0.9999846412124862,0.9999819225783068,0.9999819165798194,-3.84248909511236,-15.08093269579501,,924.3862558558675,False,False,False,,[]
1850,1850,1851,True,1.0,1.0,1850.0,1851.0,1850.0,1851.0,1851.0,0.0,56.327040000000004,56.487974400000006,134.42491850174466,0.5151265859603882,0.5151265859603882,0.0,1.0,0.471732421180148,0.4716122331685089,0.9995780192950949,0.9495779871940613,0.9995777676206219,0.9999846412124862,0.9999846307626673,0.9999819165798194,0.9999819063213848,-7.936061475747514,-31.152732616859677,,857.586073021451,False,False,False,,[]
1851,1851,1852,True,1.0,1.0,1851.0,1852.0,1851.0,1852.0,1852.0,0.0,56.487974400000006,56.64890880000001,134.57550776226878,0.5151267051696777,0.5151267051696777,0.0,1.0,0.4716122331685089,0.4714897357142253,0.9995777676206219,0.9495777487754822,0.9995775105299839,0.9999846307626673,0.9999846202777929,0.9999819063213848,0.999981894499379,-8.088440273790257,-31.75134015030549,,854.3259747723401,False,False,False,,[]
1852,1852,1853,True,1.0,1.0,1852.0,1853.0,1852.0,1853.0,1853.0,0.0,56.64890880000001,57.13171200000001,184.13606970404908,0.5151267647743225,0.5151267647743225,0.0,1.0,0.4714897357142253,0.47132653082968,0.9995775105299839,0.9495775103569031,0.9995771658961518,0.9999846202777929,0.9999846084953798,0.999981894499379,0.9999818796610414,-10.774862449393742,-42.30270607414633,,816.8005960278531,False,False,False,,[]
1853,1853,1854,True,1.0,1.0,1853.0,1854.0,1853.0,1854.0,1854.0,0.0,57.13171200000001,56.64890880000001,36.36307513693298,0.5151268243789673,0.5151268243789673,0.0,1.0,0.47132653082968,0.47129025489344906,0.9995771658961518,0.9495771527290344,0.9995770959206407,0.9999846084953798,0.9999846046963045,0.9999818796610414,0.9999818753367119,-2.3958512349805514,-9.402722671067508,,951.1156133745047,False,False,False,,[]
1854,1854,1855,True,1.0,1.0,1854.0,1855.0,1854.0,1855.0,1855.0,0.0,56.64890880000001,56.327040000000004,60.61221210404776,0.5151268839836121,0.5151268839836121,0.0,1.0,0.47129025489344906,0.4712320730326248,0.9995770959206407,0.9495770931243896,0.9995769812580039,0.9999846046963045,0.9999845985449571,0.9999818753367119,0.9999818693382275,-3.8424891229369513,-15.080738325642349,,924.3870301894777,False,False,False,,[]
1855,1855,1856,True,1.0,1.0,1855.0,1856.0,1855.0,1856.0,1856.0,0.0,56.327040000000004,56.327040000000004,109.72014698174402,0.5151268839836121,0.5151268839836121,0.0,1.0,0.4712320730326248,0.4711318605076773,0.9995769812580039,0.9495769739151001,0.9995767754731948,0.9999845985449571,0.9999845891621733,0.9999818693382275,0.9999818601515771,-6.617571591342168,-25.975086466390408,,877.6853792138569,False,False,False,,[]
1856,1856,1857,True,1.0,1.0,1856.0,1857.0,1856.0,1857.0,1857.0,0.0,56.327040000000004,56.327040000000004,109.72014698174402,0.5151270031929016,0.5151270031929016,0.0,1.0,0.4711318605076773,0.4710316481483201,0.9995767754731948,0.949576735496521,0.9995765696887591,0.9999845891621733,0.9999845797793881,0.9999818601515771,0.9999818509649281,-6.617571598138611,-25.975043545382587,,877.6855357061105,False,False,False,,[]
1857,1857,1858,True,1.0,1.0,1857.0,1858.0,1857.0,1858.0,1858.0,0.0,56.327040000000004,56.0051712,60.310603941743686,0.5151270627975464,0.5151270627975464,0.0,1.0,0.4710316481483201,0.4709740701702398,0.9995765696887591,0.9495765566825867,0.9995764562832469,0.9999845797793881,0.9999845736877322,0.9999818509649281,0.9999818450247798,-3.802706927631024,-14.924211918416896,,925.1118844132166,False,False,False,,[]
1858,1858,1859,True,1.0,1.0,1858.0,1859.0,1858.0,1859.0,1859.0,0.0,56.0051712,55.68330240000001,60.010714344467985,0.5151270627975464,0.5151270627975464,0.0,1.0,0.4709740701702398,0.47091708522885856,0.9995764562832469,0.9495764374732971,0.9995763441108745,0.9999845736877322,0.9999845676554043,0.9999818450247798,0.999981839138005,-3.763625006470369,-14.770496806013325,,925.8219584130185,False,False,False,,[]
1859,1859,1860,True,1.0,1.0,1859.0,1860.0,1859.0,1860.0,1860.0,0.0,55.68330240000001,55.522368,84.41731483221442,0.5151271224021912,0.5151271224021912,0.0,1.0,0.47091708522885856,0.4708391088850674,0.9995763441108745,0.9495763182640076,0.999576187433244,0.9999845676554043,0.9999845598558781,0.999981839138005,0.999981831494009,-5.149786301435887,-20.21146831066381,,901.6420107636501,False,False,False,,[]
1860,1860,1861,True,1.0,1.0,1860.0,1861.0,1860.0,1861.0,1861.0,0.0,55.522368,53.91302400000001,-138.07406990202256,0.5151271224021912,0.5151271224021912,0.0,1.0,0.4708391088850674,0.4709185445651766,0.999576187433244,0.949576199054718,0.9995760275953481,0.9999845598558781,0.9999845496002291,0.999981831494009,0.9999818206126402,5.248823879929696,20.58972828431325,,1044.184535731642,False,False,False,,[]
1861,1861,1862,True,1.0,1.0,1861.0,1862.0,1861.0,1862.0,1862.0,0.0,53.91302400000001,51.499008,-263.0587077752972,0.5151271820068359,0.5151271820068359,0.0,1.0,0.4709185445651766,0.4710740459344202,0.9995760275953481,0.9495760202407837,0.9995756981752018,0.9999845496002291,0.999984538880815,0.9999818206126402,0.999981803402958,10.278338236578431,40.30595490793908,,1104.5211186889926,False,False,False,,[]
1862,1862,1863,True,1.0,1.0,1862.0,1863.0,1862.0,1863.0,1863.0,0.0,51.499008,48.441254400000005,-363.98840652954595,0.5151273012161255,0.5151273012161255,0.0,1.0,0.4710740459344202,0.47128222319016,0.9995756981752018,0.949575662612915,0.9995752672791981,0.999984538880815,0.9999845233871244,0.999981803402958,0.9999817877959419,13.764006540789305,53.95954468775882,,1154.7170087381783,False,False,False,,[]
1863,1863,1864,True,1.0,1.0,1863.0,1864.0,1863.0,1864.0,1864.0,0.0,48.441254400000005,45.061632,-415.9326181643022,0.515127420425415,0.515127420425415,0.0,1.0,0.47128222319016,0.4715054320429424,0.9995752672791981,0.9495752453804016,0.9995748085830866,0.9999845233871244,0.9999845075580174,0.9999817877959419,0.9999817711106586,14.76054340737048,57.855734641190885,,1169.3510989344227,False,False,False,,[]
1864,1864,1865,True,1.0,1.0,1864.0,1865.0,1864.0,1865.0,1865.0,0.0,45.061632,41.038272000000006,-517.3727307316835,0.5151275396347046,0.5151275396347046,0.0,1.0,0.4715054320429424,0.47176298006441303,0.9995748085830866,0.9495747685432434,0.9995742884769853,0.9999845075580174,0.9999844900892007,0.9999817711106586,0.9999817536613209,17.035532176341125,66.7564471651914,,1205.7188551908412,False,False,False,,[]
1865,1865,1866,True,1.0,1.0,1865.0,1866.0,1865.0,1866.0,1866.0,0.0,41.038272000000006,36.21024,-643.7698142368346,0.5151277184486389,0.5151277184486389,0.0,1.0,0.47176298006441303,0.4720511289987071,0.9995742884769853,0.9495742917060852,0.9995737162642829,0.9999844900892007,0.9999844713332157,0.9999817536613209,0.9999817341811252,19.06427314455503,74.6882037690275,,1238.6838233851468,False,False,False,,[]
1866,1866,1867,True,1.0,1.0,1866.0,1867.0,1866.0,1867.0,1867.0,0.0,36.21024,31.865011200000005,-572.7489167261151,0.5151278972625732,0.5151278972625732,0.0,1.0,0.4720511289987071,0.4722685655987179,0.9995737162642829,0.9495736956596375,0.9995732681796092,0.9999844713332157,0.9999844526035484,0.9999817341811252,0.9999817129775825,14.38489226001975,56.35956672279925,,1152.9968244737372,False,False,False,,[]
1867,1867,1868,True,1.0,1.0,1867.0,1868.0,1867.0,1868.0,1868.0,0.0,31.865011200000005,26.554176000000002,-723.4310122433283,0.5151280164718628,0.5151280164718628,0.0,1.0,0.4722685655987179,0.4725116648231981,0.9995732681796092,0.949573278427124,0.9995727735471185,0.9999844526035484,0.9999844347925935,0.9999817129775825,0.999981696422744,16.085883807604876,63.01131898527868,,1189.4427657464942,False,False,False,,[]
1868,1868,1869,True,1.0,1.0,1868.0,1869.0,1868.0,1869.0,1869.0,0.0,26.554176000000002,21.2433408,-726.0043485512006,0.5151281952857971,0.5151281952857971,0.0,1.0,0.4725116648231981,0.4727133672642087,0.9995727735471185,0.949572741985321,0.9995723547905672,0.9999844347925935,0.9999844224143701,0.999981696422744,0.9999816828297003,13.346617325672716,52.28127270994822,,1154.5417903892992,False,False,False,,[]
1869,1869,1870,True,1.0,1.0,1869.0,1870.0,1869.0,1870.0,1870.0,0.0,21.2433408,16.576243200000004,-629.2907194503675,0.5151283144950867,0.5151283144950867,0.0,1.0,0.4727133672642087,0.47285171604456944,0.9995723547905672,0.9495723247528076,0.9995720598944405,0.9999844224143701,0.9999844139248737,0.9999816828297003,0.9999816735070344,9.153658932566774,35.86000386949565,,1100.1669017161607,False,False,False,,[]
1870,1870,1871,True,1.0,1.0,1870.0,1871.0,1870.0,1871.0,1871.0,0.0,16.576243200000004,11.587276800000001,-680.164265073067,0.5151283740997314,0.5151283740997314,0.0,1.0,0.47285171604456944,0.47293452958731913,0.9995720598944405,0.9495720267295837,0.9995718927081717,0.9999844139248737,0.9999844015679558,0.9999816735070344,0.9999816367391348,5.478702598526247,21.465270280719825,,1017.2630540440601,False,False,False,,[]
1871,1871,1872,True,1.0,1.0,1871.0,1872.0,1871.0,1872.0,1872.0,0.0,11.587276800000001,6.437376,-706.0344385022585,0.5151284337043762,0.5151284337043762,0.0,1.0,0.47293452958731913,0.47298550934360845,0.9995718927081717,0.9495719075202942,0.9995717929445485,0.9999844015679558,0.9999843890285709,0.9999816367391348,0.9999816123126588,3.3725025746557487,13.213952830197272,,1004.0539009066587,False,False,False,,[]
1872,1872,1873,True,1.0,1.0,1872.0,1873.0,1872.0,1873.0,1873.0,0.0,6.437376,1.609344,-657.3948125945243,0.515128493309021,0.515128493309021,0.0,1.0,0.47298550934360845,0.47300293847049013,0.9995717929445485,0.9495717883110046,0.9995717599383204,0.9999843890285709,0.999984379782542,0.9999816123126588,0.9999816021592206,1.1529208175488508,4.51762968773272,,994.756674305588,False,False,False,,[]
1873,1873,1874,True,1.0,1.0,1873.0,1874.0,1873.0,1874.0,1874.0,0.0,1.609344,0.0,-163.62161313715777,0.515128493309021,0.515128493309021,0.0,1.0,0.47300293847049013,0.4730038060995544,0.9995717599383204,0.9495717287063599,0.9995717583216626,0.999984379782542,0.9999843793222858,0.9999816021592206,0.9999816016537947,0.057391010811978234,0.2248894534498123,,999.7403486299936,True,False,False,,[]
