attempt,cycle_index_before,cycle_index_after,completed_step,dt_requested_s,dt_completed_s,time_before_s,time_after_s,original_cycle_time_before_s,original_cycle_time_after_s,original_cycle_time_target_s,slope_rad,velocity_before_kmh,target_velocity_kmh,wheel_torque_nm,normalized_action,sigma_tor,sigma_min,sigma_max,soc_before,soc_after,battery_soh_before,observed_battery_soh,battery_soh_after,motor1_soh_before,motor1_soh_after,motor2_soh_before,motor2_soh_after,battery_power_kw,battery_current_a,predicted_motor_power_kw,reward,terminated,truncated,constraint_violation,constraint_stage,violated_constraints
0,0,1,True,1.0,1.0,0.0,1.0,0.0,1.0,1.0,0.0,0.0,0.0,83.40462000000002,0.5059999823570251,0.5059999823570251,0.0,1.0,0.6,0.6,1.0,0.9800000190734863,1.0,1.0,1.0,1.0,1.0,-0.0,0.0,,1000.0,False,False,False,,[]
1,1,2,True,1.0,1.0,1.0,2.0,1.0,2.0,2.0,0.0,0.0,0.0,83.40462000000002,0.5059999823570251,0.5059999823570251,0.0,1.0,0.6,0.6,1.0,0.9800000190734863,1.0,1.0,1.0,1.0,1.0,-0.0,0.0,,1000.0,False,False,False,,[]
2,2,3,True,1.0,1.0,2.0,3.0,2.0,3.0,3.0,0.0,0.0,0.0,83.40462000000002,0.5059999823570251,0.5059999823570251,0.0,1.0,0.6,0.6,1.0,0.9800000190734863,1.0,1.0,1.0,1.0,1.0,-0.0,0.0,,1000.0,False,False,False,,[]
3,3,4,True,1.0,1.0,3.0,4.0,3.0,4.0,4.0,0.0,0.0,0.0,83.40462000000002,0.5059999823570251,0.5059999823570251,0.0,1.0,0.6,0.6,1.0,0.9800000190734863,1.0,1.0,1.0,1.0,1.0,-0.0,0.0,,1000.0,False,False,False,,[]
4,4,5,True,1.0,1.0,4.0,5.0,4.0,5.0,5.0,0.0,0.0,0.0,83.40462000000002,0.5059999823570251,0.5059999823570251,0.0,1.0,0.6,0.6,1.0,0.9800000190734863,1.0,1.0,1.0,1.0,1.0,-0.0,0.0,,1000.0,False,False,False,,[]
5,5,6,True,1.0,1.0,5.0,6.0,5.0,6.0,6.0,0.0,0.0,0.0,83.40462000000002,0.5059999823570251,0.5059999823570251,0.0,1.0,0.6,0.6,1.0,0.9800000190734863,1.0,1.0,1.0,1.0,1.0,-0.0,0.0,,1000.0,False,False,False,,[]
6,6,7,True,1.0,1.0,6.0,7.0,6.0,7.0,7.0,0.0,0.0,0.0,83.40462000000002,0.5059999823570251,0.5059999823570251,0.0,1.0,0.6,0.6,1.0,0.9800000190734863,1.0,1.0,1.0,1.0,1.0,-0.0,0.0,,1000.0,False,False,False,,[]
7,7,8,True,1.0,1.0,7.0,8.0,7.0,8.0,8.0,0.0,0.0,0.0,83.40462000000002,0.5059999823570251,0.5059999823570251,0.0,1.0,0.6,0.6,1.0,0.9800000190734863,1.0,1.0,1.0,1.0,1.0,-0.0,0.0,,1000.0,False,False,False,,[]
8,8,9,True,1.0,1.0,8.0,9.0,8.0,9.0,9.0,0.0,0.0,0.0,83.40462000000002,0.5059999823570251,0.5059999823570251,0.0,1.0,0.6,0.6,1.0,0.9800000190734863,1.0,1.0,1.0,1.0,1.0,-0.0,0.0,,1000.0,False,False,False,,[]
9,9,10,True,1.0,1.0,9.0,10.0,9.0,10.0,10.0,0.0,0.0,0.0,83.40462000000002,0.5059999823570251,0.5059999823570251,0.0,1.0,0.6,0.6,1.0,0.9800000190734863,1.0,1.0,1.0,1.0,1.0,-0.0,0.0,,1000.0,False,False,False,,[]
10,10,11,True,1.0,1.0,10.0,11.0,10.0,11.0,11.0,0.0,0.0,0.0,83.40462000000002,0.5059999823570251,0.5059999823570251,0.0,1.0,0.6,0.6,1.0,0.9800000190734863,1.0,1.0,1.0,1.0,1.0,-0.0,0.0,,1000.0,False,False,False,,[]
11,11,12,True,1.0,1.0,11.0,12.0,11.0,12.0,12.0,0.0,0.0,0.0,83.40462000000002,0.5059999823570251,0.5059999823570251,0.0,1.0,0.6,0.6,1.0,0.9800000190734863,1.0,1.0,1.0,1.0,1.0,-0.0,0.0,,1000.0,False,False,False,,[]
12,12,13,True,1.0,1.0,12.0,13.0,12.0,13.0,13.0,0.0,0.0,0.0,83.40462000000002,0.5059999823570251,0.5059999823570251,0.0,1.0,0.6,0.6,1.0,0.9800000190734863,1.0,1.0,1.0,1.0,1.0,-0.0,0.0,,1000.0,False,False,False,,[]
13,13,14,True,1.0,1.0,13.0,14.0,13.0,14.0,14.0,0.0,0.0,0.0,83.40462000000002,0.5059999823570251,0.5059999823570251,0.0,1.0,0.6,0.6,1.0,0.9800000190734863,1.0,1.0,1.0,1.0,1.0,-0.0,0.0,,1000.0,False,False,False,,[]
14,14,15,True,1.0,1.0,14.0,15.0,14.0,15.0,15.0,0.0,0.0,0.0,83.40462000000002,0.5059999823570251,0.5059999823570251,0.0,1.0,0.6,0.6,1.0,0.9800000190734863,1.0,1.0,1.0,1.0,1.0,-0.0,0.0,,1000.0,False,False,False,,[]
15,15,16,True,1.0,1.0,15.0,16.0,15.0,16.0,16.0,0.0,0.0,0.0,83.40462000000002,0.5059999823570251,0.5059999823570251,0.0,1.0,0.6,0.6,1.0,0.9800000190734863,1.0,1.0,1.0,1.0,1.0,-0.0,0.0,,1000.0,False,False,False,,[]
16,16,17,True,1.0,1.0,16.0,17.0,16.0,17.0,17.0,0.0,0.0,0.0,83.40462000000002,0.5059999823570251,0.5059999823570251,0.0,1.0,0.6,0.6,1.0,0.9800000190734863,1.0,1.0,1.0,1.0,1.0,-0.0,0.0,,1000.0,False,False,False,,[]
17,17,18,True,1.0,1.0,17.0,18.0,17.0,18.0,18.0,0.0,0.0,0.0,83.40462000000002,0.5059999823570251,0.5059999823570251,0.0,1.0,0.6,0.6,1.0,0.9800000190734863,1.0,1.0,1.0,1.0,1.0,-0.0,0.0,,1000.0,False,False,False,,[]
18,18,19,True,1.0,1.0,18.0,19.0,18.0,19.0,19.0,0.0,0.0,0.0,83.40462000000002,0.5059999823570251,0.5059999823570251,0.0,1.0,0.6,0.6,1.0,0.9800000190734863,1.0,1.0,1.0,1.0,1.0,-0.0,0.0,,1000.0,False,False,False,,[]
19,19,20,True,1.0,1.0,19.0,20.0,19.0,20.0,20.0,0.0,0.0,0.0,83.40462000000002,0.5059999823570251,0.5059999823570251,0.0,1.0,0.6,0.6,1.0,0.9800000190734863,1.0,1.0,1.0,1.0,1.0,-0.0,0.0,,1000.0,False,False,False,,[]
20,20,21,True,1.0,1.0,20.0,21.0,20.0,21.0,21.0,0.0,0.0,4.828032,824.5477656000002,0.5059999823570251,0.5059999823570251,0.0,1.0,0.6,0.5999496217779385,1.0,0.9800000190734863,0.9999999014715322,1.0,0.9999999931651187,1.0,0.9999999922150786,-3.335799394876236,-13.058035158323836,,930.3616217583204,False,False,False,,[]
21,21,22,True,1.0,1.0,21.0,22.0,21.0,22.0,22.0,0.0,4.828032,9.495129600000002,800.0363326455804,0.5060000419616699,0.5060000419616699,0.0,1.0,0.5999496217779385,0.5998045630018218,0.9999999014715322,0.9799998998641968,0.999999592867131,0.9999999931651187,0.9999999734910732,0.9999999922150786,0.9999999698063705,-9.60201917073404,-37.59923476945548,,821.0167345839017,False,False,False,,[]
22,22,23,True,1.0,1.0,22.0,23.0,22.0,23.0,23.0,0.0,9.495129600000002,13.8403584,751.1812416475383,0.5060001015663147,0.5060001015663147,0.0,1.0,0.5998045630018218,0.5996267028208474,0.999999592867131,0.9799996018409729,0.9999992196340806,0.9999999734910732,0.9999999636322574,0.9999999698063705,0.9999999355272409,-11.771350299146478,-46.10135890856778,,794.0784418033045,False,False,False,,[]
23,23,24,True,1.0,1.0,23.0,24.0,23.0,24.0,24.0,0.0,13.8403584,18.507456,801.4318074478125,0.5060002207756042,0.5060002207756042,0.0,1.0,0.5996267028208474,0.5994181787158076,0.9999992196340806,0.9799992442131042,0.9999987880905419,0.9999999636322574,0.9999999545486018,0.9999999355272409,0.9999999068694125,-13.79845390890604,-54.0494480263155,,775.5425263493115,False,False,False,,[]
24,24,25,True,1.0,1.0,24.0,25.0,24.0,25.0,25.0,0.0,18.507456,23.013619200000004,777.9792253708866,0.5060003399848938,0.5060003399848938,0.0,1.0,0.5994181787158076,0.5991787224922454,0.9999987880905419,0.9799988269805908,0.9999982999656924,0.9999999545486018,0.999999943230181,0.9999999068694125,0.9999998867403337,-15.842428136638555,-62.0670531473281,,757.7386667338603,False,False,False,,[]
25,25,26,True,1.0,1.0,25.0,26.0,25.0,26.0,26.0,0.0,23.013619200000004,27.1979136,730.1215465506091,0.5060005187988281,0.5060005187988281,0.0,1.0,0.5991787224922454,0.5989080310766525,0.9999982999656924,0.9799982905387878,0.9999977571661005,0.999999943230181,0.9999999299165212,0.9999998867403337,0.9999998653954625,-17.905498897759827,-70.16321492167043,,735.4942662783172,False,False,False,,[]
26,26,27,True,1.0,1.0,26.0,27.0,26.0,27.0,27.0,0.0,27.1979136,27.841651200000005,188.35919804837286,0.5060006976127625,0.5060006976127625,0.0,1.0,0.5989080310766525,0.5988198262447432,0.9999977571661005,0.9799977540969849,0.9999975781541021,0.9999999299165212,0.9999999196371524,0.9999998653954625,0.9999998574269141,-5.8372487710354,-22.86269243088573,,889.3996423017073,False,False,False,,[]
27,27,28,True,1.0,1.0,27.0,28.0,27.0,28.0,28.0,0.0,27.841651200000005,29.129126400000004,287.47215874805437,0.5060007572174072,0.5060007572174072,0.0,1.0,0.5988198262447432,0.5986907494034411,0.9999975781541021,0.9799975752830505,0.999997305505785,0.9999999196371524,0.999999909517721,0.9999998574269141,0.9999998453503015,-8.54077211794586,-33.45671726549426,,848.5091190280398,False,False,False,,[]
28,28,29,True,1.0,1.0,28.0,29.0,28.0,29.0,29.0,0.0,29.129126400000004,33.3134208,732.7664181277457,0.506000816822052,0.506000816822052,0.0,1.0,0.5986907494034411,0.5983576464374757,0.999997305505785,0.9799973368644714,0.999996661594842,0.999999909517721,0.9999998902789614,0.9999998453503015,0.9999998263357454,-22.02571328498989,-86.34028877824012,,696.5013599978976,False,False,False,,[]
29,29,30,True,1.0,1.0,29.0,30.0,29.0,30.0,30.0,0.0,33.3134208,34.9227648,339.65718430727117,0.5060009956359863,0.5060009956359863,0.0,1.0,0.5983576464374757,0.5981793255433263,0.999996661594842,0.9799966812133789,0.9999962874701847,0.9999998902789614,0.9999998767088698,0.9999998263357454,0.9999998121654506,-11.795336637247189,-46.220775763512826,,804.1987239779845,False,False,False,,[]
30,30,31,True,1.0,1.0,30.0,31.0,30.0,31.0,31.0,0.0,34.9227648,36.0493056,266.4537092117821,0.5060011148452759,0.5060011148452759,0.0,1.0,0.5981793255433263,0.5980367921686646,0.9999962874701847,0.9799963235855103,0.9999959839324348,0.9999998767088698,0.9999998647180043,0.9999998121654506,0.9999998046183448,-9.428621453140423,-36.94465071232443,,838.6270822311188,False,False,False,,[]
31,31,32,True,1.0,1.0,31.0,32.0,31.0,32.0,32.0,0.0,36.0493056,36.21024,118.88823137172203,0.5060011744499207,0.5060011744499207,0.0,1.0,0.5980367921686646,0.5979672521193597,0.9999959839324348,0.9799960255622864,0.999995845354237,0.9999998647180043,0.999999856241642,0.9999998046183448,0.9999998011898363,-4.600957230037121,-18.024780779814275,,912.989590571941,False,False,False,,[]
32,32,33,True,1.0,1.0,32.0,33.0,32.0,33.0,33.0,0.0,36.21024,35.566502400000005,-4.5391717661146975,0.5060012340545654,0.5060012340545654,0.0,1.0,0.5979672521193597,0.5979685436975198,0.999995845354237,0.979995846748352,0.9999958429466344,0.999999856241642,0.9999998558991648,0.9999998011898363,0.9999998005730727,0.08547247280629523,0.3347770590866525,,1000.0915854820396,False,False,False,,[]
33,33,34,True,1.0,1.0,33.0,34.0,33.0,34.0,34.0,0.0,35.566502400000005,34.600896000000006,-54.331954807221564,0.5060012340545654,0.5060012340545654,0.0,1.0,0.5979685436975198,0.5979859181225284,0.9999958429466344,0.979995846748352,0.9999958100457581,0.9999998558991648,0.9999998519510199,0.9999998005730727,0.9999997961177265,1.1498660113290424,4.5034509622151715,,1005.7133026528497,False,False,False,,[]
34,34,35,True,1.0,1.0,34.0,35.0,34.0,35.0,35.0,0.0,34.600896000000006,33.6352896,-54.89392557117554,0.5060012340545654,0.5060012340545654,0.0,1.0,0.5979859181225284,0.5980029670697097,0.9999958100457581,0.979995846748352,0.999995777771497,0.9999998519510199,0.9999998480740349,0.9999997961177265,0.9999997917106005,1.1283554204018065,4.419087109379087,,1005.5682436502825,False,False,False,,[]
35,35,36,True,1.0,1.0,35.0,36.0,35.0,36.0,36.0,0.0,33.6352896,32.8306176,-30.735657729881474,0.5060012340545654,0.5060012340545654,0.0,1.0,0.5980029670697097,0.5980116537431843,0.999995777771497,0.9799957871437073,0.9999957614612899,0.9999998480740349,0.999999845926636,0.9999997917106005,0.9999997885803329,0.5749128536983946,2.251585764618598,,1001.7811532183717,False,False,False,,[]
36,36,37,True,1.0,1.0,36.0,37.0,36.0,37.0,37.0,0.0,32.8306176,31.865011200000005,-55.88403384757243,0.5060012340545654,0.5060012340545654,0.0,1.0,0.5980116537431843,0.5980281593520976,0.9999957614612899,0.9799957871437073,0.999995730232191,0.999999845926636,0.999999842267828,0.9999997885803329,0.9999997842925046,1.0924471671691867,4.27825383033381,,1005.4657749734504,False,False,False,,[]
37,37,38,True,1.0,1.0,37.0,38.0,37.0,38.0,38.0,0.0,31.865011200000005,27.358848000000002,-599.9071546433286,0.5060012936592102,0.5060012936592102,0.0,1.0,0.5980281593520976,0.59822973681408,0.999995730232191,0.9799957275390625,0.999995311710917,0.999999842267828,0.9999998247125809,0.9999997842925046,0.9999997701133028,13.34979469733815,52.24887814583487,,1146.777004412277,False,False,False,,[]
38,38,39,True,1.0,1.0,38.0,39.0,38.0,39.0,39.0,0.0,27.358848000000002,23.979225600000003,-429.1872657585922,0.5060014128684998,0.5060014128684998,0.0,1.0,0.59822973681408,0.5983477366674521,0.999995311710917,0.9799953103065491,0.999995065146823,0.9999998247125809,0.99999981173262,0.9999997701133028,0.9999997549606547,7.813495476634848,30.585561994044955,,1069.759938931395,False,False,False,,[]
39,39,40,True,1.0,1.0,39.0,40.0,39.0,40.0,40.0,0.0,23.979225600000003,23.979225600000003,88.17385277160572,0.5060014724731445,0.5060014724731445,0.0,1.0,0.5983477366674521,0.5983096689098029,0.999995065146823,0.97999507188797,0.9999949915860963,0.99999981173262,0.9999998072875722,0.9999997549606547,0.999999750501287,-2.519627687834993,-9.8671627826951,,948.4712222460079,False,False,False,,[]
40,40,41,True,1.0,1.0,40.0,41.0,40.0,41.0,41.0,0.0,23.979225600000003,24.4620288,162.28816733160477,0.5060014724731445,0.5060014724731445,0.0,1.0,0.5983096689098029,0.5982433997450796,0.9999949915860963,0.9799950122833252,0.9999948599479507,0.9999998072875722,0.9999997995903159,0.999999750501287,0.9999997448201191,-4.385812536381598,-17.176967496281335,,915.0709782686379,False,False,False,,[]
41,41,42,True,1.0,1.0,41.0,42.0,41.0,42.0,42.0,0.0,24.4620288,24.944832,162.48215035907165,0.5060015320777893,0.5060015320777893,0.0,1.0,0.5982433997450796,0.5981751794454058,0.9999948599479507,0.9799948930740356,0.9999947241751321,0.9999997995903159,0.9999997917439434,0.9999997448201191,0.9999997385471211,-4.5148410292604515,-17.68270167544063,,912.4779008967162,False,False,False,,[]
42,42,43,True,1.0,1.0,42.0,43.0,42.0,43.0,43.0,0.0,24.944832,25.749504,212.089543197848,0.5060015916824341,0.5060015916824341,0.0,1.0,0.5981751794454058,0.5980852920313133,0.9999947241751321,0.9799947142601013,0.999994541447803,0.9999997917439434,0.9999997819508705,0.9999997385471211,0.9999997303395939,-5.948272749950615,-23.298817732747665,,887.9727006546515,False,False,False,,[]
43,43,44,True,1.0,1.0,43.0,44.0,43.0,44.0,44.0,0.0,25.749504,27.519782400000004,360.65651480761386,0.5060016512870789,0.5060016512870789,0.0,1.0,0.5980852920313133,0.597934869145232,0.999994541447803,0.979994535446167,0.9999942221234931,0.9999997819508705,0.9999997684774801,0.9999997303395939,0.9999997190233905,-9.95204075346352,-38.989612072298534,,828.4009574801031,False,False,False,,[]
44,44,45,True,1.0,1.0,44.0,45.0,44.0,45.0,45.0,0.0,27.519782400000004,30.738470400000004,583.7816203956997,0.5060017108917236,0.5060017108917236,0.0,1.0,0.597934869145232,0.5976900943054421,0.9999942221234931,0.9799942374229431,0.9999937245091532,0.9999997684774801,0.9999997560429589,0.9999997190233905,0.9999997054503063,-16.188783602061697,-63.44563847355106,,757.2637424386203,False,False,False,,[]
45,45,46,True,1.0,1.0,45.0,46.0,45.0,46.0,46.0,0.0,30.738470400000004,33.957158400000004,585.336921745478,0.506001889705658,0.506001889705658,0.0,1.0,0.5976900943054421,0.5974098350931616,0.9999937245091532,0.9799937605857849,0.9999931654846088,0.9999997560429589,0.9999997412206119,0.9999997054503063,0.9999996840480987,-18.53191817705064,-72.64318782309756,,728.657854821147,False,False,False,,[]
46,46,47,True,1.0,1.0,46.0,47.0,46.0,47.0,47.0,0.0,33.957158400000004,36.5321088,488.2449935179934,0.5060020685195923,0.5060020685195923,0.0,1.0,0.5974098350931616,0.5971554139043599,0.9999931654846088,0.9799931645393372,0.9999926508450457,0.9999997412206119,0.9999997231935089,0.9999996840480987,0.9999996703130201,-16.82306708206275,-65.94597213738817,,747.581204753182,False,False,False,,[]
47,47,48,True,1.0,1.0,47.0,48.0,47.0,48.0,48.0,0.0,36.5321088,36.8539776,143.88365520197723,0.5060021877288818,0.5060021877288818,0.0,1.0,0.5971554139043599,0.597073706474692,0.9999926508450457,0.979992687702179,0.9999924860702237,0.9999997231935089,0.9999997150432167,0.9999996703130201,0.9999996660990113,-5.405197741358668,-21.178565769913906,,900.4553678374025,False,False,False,,[]
48,48,49,True,1.0,1.0,48.0,49.0,48.0,49.0,49.0,0.0,36.8539776,36.5321088,45.26048553509974,0.5060022473335266,0.5060022473335266,0.0,1.0,0.597073706474692,0.597043120407716,0.9999924860702237,0.9799925088882446,0.9999924273978434,0.9999997150432167,0.999999711863706,0.9999996660990113,0.9999996618200396,-2.023662108378562,-7.927908560202101,,957.9353467195244,False,False,False,,[]
49,49,50,True,1.0,1.0,49.0,50.0,49.0,50.0,50.0,0.0,36.5321088,36.37117440000001,69.76934064197819,0.5060022473335266,0.5060022473335266,0.0,1.0,0.597043120407716,0.5969994445591074,0.9999924273978434,0.9799924492835999,0.9999923425359535,0.999999711863706,0.999999707205876,0.9999996618200396,0.9999996570837839,-2.8896265469501636,-11.320779959356924,,942.0133124585997,False,False,False,,[]
50,50,51,True,1.0,1.0,50.0,51.0,50.0,51.0,51.0,0.0,36.37117440000001,34.2790272,-226.7852313426982,0.5060023069381714,0.5060023069381714,0.0,1.0,0.5969994445591074,0.5970866786848064,0.9999923425359535,0.9799923896789551,0.9999921656620476,0.999999707205876,0.9999996952950526,0.9999996570837839,0.9999996506894057,5.773871504861677,22.611085381173222,,1054.0090394247,False,False,False,,[]
51,51,52,True,1.0,1.0,51.0,52.0,51.0,52.0,52.0,0.0,34.2790272,30.577536000000002,-475.0589278691045,0.5060023069381714,0.5060023069381714,0.0,1.0,0.5970866786848064,0.5972556906683884,0.9999921656620476,0.9799922108650208,0.9999918096413498,0.9999996952950526,0.9999996788221386,0.9999996506894057,0.9999996325377897,11.190163714087781,43.80790614443835,,1109.6136059069654,False,False,False,,[]
52,52,53,True,1.0,1.0,52.0,53.0,52.0,53.0,53.0,0.0,30.577536000000002,27.519782400000004,-378.23101419395107,0.5060024261474609,0.5060024261474609,0.0,1.0,0.5972556906683884,0.5973799366433469,0.9999918096413498,0.9799918532371521,0.999991548434599,0.9999996788221386,0.9999996674644712,0.9999996325377897,0.9999996237681194,8.225859043685407,32.204556709237686,,1084.5963013057033,False,False,False,,[]
53,53,54,True,1.0,1.0,53.0,54.0,53.0,54.0,54.0,0.0,27.519782400000004,25.427635200000005,-231.47583976430028,0.5060025453567505,0.5060025453567505,0.0,1.0,0.5973799366433469,0.5974415323476819,0.999991548434599,0.9799915552139282,0.9999914266380071,0.9999996674644712,0.9999996566009213,0.9999996237681194,0.99999961451108,4.0775126181612595,15.965606563645268,,1030.1795804018032,False,False,False,,[]
54,54,55,True,1.0,1.0,54.0,55.0,54.0,55.0,55.0,0.0,25.427635200000005,25.427635200000005,88.76740216793681,0.5060025453567505,0.5060025453567505,0.0,1.0,0.5974415323476819,0.5974015031163712,0.9999914266380071,0.9799914360046387,0.999991349138434,0.9999996566009213,0.999999651855641,0.99999961451108,0.99999961018037,-2.6491229387692115,-10.375576755757448,,946.2034344467838,False,False,False,,[]
55,55,56,True,1.0,1.0,55.0,56.0,55.0,56.0,56.0,0.0,25.427635200000005,28.4853888,558.158061047936,0.5060026049613953,0.5060026049613953,0.0,1.0,0.5974015031163712,0.597183607075703,0.999991349138434,0.9799913763999939,0.9999909002061987,0.999999651855641,0.9999996397180682,0.99999961018037,0.9999995981709847,-14.412188863673368,-56.47865374120256,,777.03928343576,False,False,False,,[]
56,56,57,True,1.0,1.0,56.0,57.0,56.0,57.0,57.0,0.0,28.4853888,31.865011200000005,608.9349373878459,0.5060027241706848,0.5060027241706848,0.0,1.0,0.597183607075703,0.5969144533205166,0.9999909002061987,0.9799908995628357,0.9999903600375245,0.9999996397180682,0.9999996224426866,0.9999995981709847,0.9999995835046759,-17.798254767582222,-69.76465334428525,,737.9462133113985,False,False,False,,[]
57,57,58,True,1.0,1.0,57.0,58.0,57.0,58.0,58.0,0.0,31.865011200000005,34.76183040000001,536.5123352766728,0.5060029029846191,0.5060029029846191,0.0,1.0,0.5969144533205166,0.5966459358245201,0.9999903600375245,0.9799903631210327,0.9999898209593587,0.9999996224426866,0.9999996087817373,0.9999995835046759,0.9999995594293818,-17.754498507655292,-69.59973496230253,,735.2067816084077,False,False,False,,[]
58,58,59,True,1.0,1.0,58.0,59.0,58.0,59.0,59.0,0.0,34.76183040000001,37.3367808,488.7036355596743,0.5060030221939087,0.5060030221939087,0.0,1.0,0.5966459358245201,0.5963914561925421,0.9999898209593587,0.9799898266792297,0.9999893062173856,0.9999996087817373,0.9999995952057015,0.9999995594293818,0.9999995453675472,-16.825470710843387,-65.96112060869304,,749.8546970577257,False,False,False,,[]
59,59,60,True,1.0,1.0,59.0,60.0,59.0,60.0,60.0,0.0,37.3367808,38.9461248,342.01484070420696,0.506003201007843,0.506003201007843,0.0,1.0,0.5963914561925421,0.5962029870217095,0.9999893062173856,0.9799893498420715,0.9999889125709427,0.9999995952057015,0.9999995851014583,0.9999995453675472,0.9999995349553703,-12.462569659884357,-48.851209079819846,,801.0572448108327,False,False,False,,[]
60,60,61,True,1.0,1.0,60.0,61.0,60.0,61.0,61.0,0.0,38.9461248,39.58986240000001,194.80446136293108,0.5060033202171326,0.5060033202171326,0.0,1.0,0.5962029870217095,0.5960875608164801,0.9999889125709427,0.9799889326095581,0.9999886719910358,0.9999995851014583,0.9999995753356022,0.9999995349553703,0.9999995288496506,-7.633916410200159,-29.91847239545476,,865.5342575404416,False,False,False,,[]
61,61,62,True,1.0,1.0,61.0,62.0,61.0,62.0,62.0,0.0,39.58986240000001,40.0726656,170.51901970960904,0.5060033798217773,0.5060033798217773,0.0,1.0,0.5960875608164801,0.5959841829303283,0.9999886719910358,0.979988694190979,0.9999884590478346,0.9999995753356022,0.9999995660344851,0.9999995288496506,0.999999523428442,-6.8371776319280055,-26.79554809054524,,877.6591180212548,False,False,False,,[]
62,62,63,True,1.0,1.0,62.0,63.0,62.0,63.0,63.0,0.0,40.0726656,40.2336,121.42848530281692,0.5060034394264221,0.5060034394264221,0.0,1.0,0.5959841829303283,0.5959087188672699,0.9999884590478346,0.9799884557723999,0.9999883077903223,0.9999995660344851,0.99999955851169,0.999999523428442,0.9999995195367437,-4.991370255939295,-19.560285144729235,,907.4374691351767,False,False,False,,[]
63,63,64,True,1.0,1.0,63.0,64.0,63.0,64.0,64.0,0.0,40.2336,39.58986240000001,-1.9881768035986946,0.5060034990310669,0.5060034990310669,0.0,1.0,0.5959087188672699,0.5959094474741388,0.9999883077903223,0.9799883365631104,0.9999883064328899,0.99999955851169,0.9999995584560819,0.9999995195367437,0.9999995192307395,0.04820305343500475,0.18885490041314723,,1000.2313048238531,False,False,False,,[]
64,64,65,True,1.0,1.0,64.0,65.0,64.0,65.0,65.0,0.0,39.58986240000001,39.428928,71.69993362960834,0.5060034990310669,0.5060034990310669,0.0,1.0,0.5959094474741388,0.5958619206664991,0.9999883064328899,0.9799883365631104,0.9999882137400697,0.9999995584560819,0.9999995534861384,0.9999995192307395,0.9999995145347705,-3.1438827703308228,-12.318948540187451,,937.6799155201073,False,False,False,,[]
65,65,66,True,1.0,1.0,65.0,66.0,65.0,66.0,66.0,0.0,39.428928,39.7507968,145.70877126105492,0.5060035586357117,0.5060035586357117,0.0,1.0,0.5958619206664991,0.595773304890365,0.9999882137400697,0.9799882173538208,0.9999880338217436,0.9999995534861384,0.9999995450276469,0.9999995145347705,0.9999995099304163,-5.861177630373237,-22.969209173966888,,893.1199317930075,False,False,False,,[]
66,66,67,True,1.0,1.0,66.0,67.0,66.0,67.0,67.0,0.0,39.7507968,39.911731200000006,121.21538323942288,0.5060036182403564,0.5060036182403564,0.0,1.0,0.595773304890365,0.5956985075996465,0.9999880338217436,0.9799880385398865,0.9999878839984452,0.9999995450276469,0.9999995375321311,0.9999995099304163,0.9999995060766904,-4.94735819374289,-19.387457754228603,,908.1589215492635,False,False,False,,[]
67,67,68,True,1.0,1.0,67.0,68.0,67.0,68.0,68.0,0.0,39.911731200000006,39.7507968,71.91217641049066,0.5060036182403564,0.5060036182403564,0.0,1.0,0.5956985075996465,0.5956506314621836,0.9999878839984452,0.9799879193305969,0.9999877905924026,0.9999995375321311,0.9999995325265654,0.9999995060766904,0.9999995014451377,-3.1669471010077217,-12.40949483038244,,937.3355033401991,False,False,False,,[]
68,68,69,True,1.0,1.0,68.0,69.0,68.0,69.0,69.0,0.0,39.7507968,39.58986240000001,71.80584019942353,0.5060036778450012,0.5060036778450012,0.0,1.0,0.5956506314621836,0.5956029300958122,0.9999877905924026,0.9799878001213074,0.9999876975432476,0.9999995325265654,0.999999527538798,0.9999995014451377,0.9999994967810769,-3.155405216856937,-12.364194163461844,,937.5075204788017,False,False,False,,[]
69,69,70,True,1.0,1.0,69.0,70.0,69.0,70.0,70.0,0.0,39.58986240000001,39.58986240000001,96.40470514960998,0.5060036778450012,0.5060036778450012,0.0,1.0,0.5956029300958122,0.5955430696239168,0.9999876975432476,0.9799877405166626,0.9999875793785842,0.999999527538798,0.9999995212180233,0.9999994967810769,0.9999994936180687,-3.9595895302773854,-15.515834315296631,,924.9318630245712,False,False,False,,[]
70,70,71,True,1.0,1.0,70.0,71.0,70.0,71.0,71.0,0.0,39.58986240000001,40.394534400000005,219.92856274960937,0.506003737449646,0.506003737449646,0.0,1.0,0.5955430696239168,0.5954117818266421,0.9999875793785842,0.979987621307373,0.9999873014596136,0.9999995212180233,0.9999995110412266,0.9999994936180687,0.9999994865977667,-8.682339360341674,-34.02979705359052,,850.1400401473059,False,False,False,,[]
71,71,72,True,1.0,1.0,71.0,72.0,71.0,72.0,72.0,0.0,40.394534400000005,41.19920640000001,220.46239201123998,0.5060037970542908,0.5060037970542908,0.0,1.0,0.5954117818266421,0.5952645448684137,0.9999873014596136,0.9799873232841492,0.999986988495309,0.9999995110412266,0.9999995006551032,0.9999994865977667,0.9999994684838582,-9.736310261091836,-38.163819572796534,,828.4774745691885,False,False,False,,[]
72,72,73,True,1.0,1.0,72.0,73.0,72.0,73.0,73.0,0.0,41.19920640000001,41.3601408,122.1878762242901,0.5060039162635803,0.5060039162635803,0.0,1.0,0.5952645448684137,0.5951717447957404,0.999986988495309,0.9799870252609253,0.9999867993086982,0.9999995006551032,0.9999994929810124,0.9999994684838582,0.9999994538095505,-6.137404453224683,-24.05377883693775,,881.7820140364911,False,False,False,,[]
73,73,74,True,1.0,1.0,73.0,74.0,73.0,74.0,74.0,0.0,41.3601408,40.8773376,23.47899312667013,0.5060039758682251,0.5060039758682251,0.0,1.0,0.5951717447957404,0.5951511587746101,0.9999867993086982,0.979986846446991,0.9999867602035527,0.9999994929810124,0.9999994910753529,0.9999994538095505,0.9999994501280844,-1.3617655409145333,-5.33589667698163,,970.7949340927217,False,False,False,,[]
74,74,75,True,1.0,1.0,74.0,75.0,74.0,75.0,75.0,0.0,40.8773376,40.0726656,-26.259869936699793,0.5060039758682251,0.5060039758682251,0.0,1.0,0.5951511587746101,0.5951603426470523,0.9999867602035527,0.9799867868423462,0.9999867429514093,0.9999994910753529,0.9999994889935216,0.9999994501280844,0.9999994468694671,0.6075814891596443,2.3804597370166625,,1002.122705800793,False,False,False,,[]
75,75,76,True,1.0,1.0,75.0,76.0,75.0,76.0,76.0,0.0,40.0726656,40.2336,121.42848530281692,0.5060039758682251,0.5060039758682251,0.0,1.0,0.5951603426470523,0.5950848781686814,0.9999867429514093,0.9799867868423462,0.9999865916930031,0.9999994889935216,0.9999994814707208,0.9999994468694671,0.999999442977773,-4.991370402427856,-19.56039279374152,,907.4370523489833,False,False,False,,[]
76,76,77,True,1.0,1.0,76.0,77.0,76.0,77.0,77.0,0.0,40.2336,40.8773376,195.64999535639973,0.5060040354728699,0.5060040354728699,0.0,1.0,0.5950848781686814,0.5949605267923894,0.9999865916930031,0.9799866080284119,0.9999863302377059,0.9999994814707208,0.9999994715086703,0.999999442977773,0.9999994321255464,-8.22353217767463,-32.23187673488189,,853.7440899021952,False,False,False,,[]
77,77,78,True,1.0,1.0,77.0,78.0,77.0,78.0,78.0,0.0,40.8773376,41.842944,245.49261678330055,0.5060040950775146,0.5060040950775146,0.0,1.0,0.5949605267923894,0.594799473253876,0.9999863302377059,0.9799863696098328,0.9999859898402423,0.9999994715086703,0.999999460876042,0.9999994321255464,0.9999994144082044,-10.649186343545786,-41.74507718265237,,817.3652482183668,False,False,False,,[]
78,78,79,True,1.0,1.0,78.0,79.0,78.0,79.0,79.0,0.0,41.842944,41.842944,97.92649448135425,0.5060042142868042,0.5060042142868042,0.0,1.0,0.594799473253876,0.5947278547724542,0.9999859898402423,0.9799860119819641,0.9999858468296986,0.999999460876042,0.9999994542737298,0.9999994144082044,0.9999994049352733,-4.7366983870859345,-18.56351038456648,,907.4453155466665,False,False,False,,[]
79,79,80,True,1.0,1.0,79.0,80.0,79.0,80.0,80.0,0.0,41.842944,41.3601408,23.81217992135425,0.5060042142868042,0.5060042142868042,0.0,1.0,0.5947278547724542,0.5947085908656874,0.9999858468296986,0.9799858927726746,0.9999858102833368,0.9999994542737298,0.9999994523201389,0.9999994049352733,0.99999940190561,-1.2742819264029586,-4.993204633955605,,972.8555808746079,False,False,False,,[]
80,80,81,True,1.0,1.0,80.0,81.0,80.0,81.0,81.0,0.0,41.3601408,42.003878400000005,196.41239376667085,0.506004273891449,0.506004273891449,0.0,1.0,0.5947085908656874,0.5945757624174153,0.9999858102833368,0.9799858331680298,0.9999855286789051,0.9999994523201389,0.9999994423064028,0.99999940190561,0.999999386820485,-8.783456631309951,-34.429133792127324,,843.1079385647606,False,False,False,,[]
81,81,82,True,1.0,1.0,81.0,82.0,81.0,82.0,82.0,0.0,42.003878400000005,42.969484800000004,246.26704514876238,0.5060043334960938,0.5060043334960938,0.0,1.0,0.5945757624174153,0.5944159959868116,0.9999855286789051,0.9799855351448059,0.9999851908205635,0.9999994423064028,0.9999994317410034,0.999999386820485,0.9999993732256744,-10.5635667280325,-41.41145881246739,,821.2119205210696,False,False,False,,[]
82,82,83,True,1.0,1.0,82.0,83.0,82.0,83.0,83.0,0.0,42.969484800000004,44.25696000000001,296.35713993960485,0.5060044527053833,0.5060044527053833,0.0,1.0,0.5944159959868116,0.5942265449581212,0.9999851908205635,0.979985237121582,0.9999847952974585,0.9999994317410034,0.9999994214909685,0.9999993732256744,0.9999993605530224,-12.52461330332295,-49.10570663655691,,798.7692397131726,False,False,False,,[]
83,83,84,True,1.0,1.0,83.0,84.0,83.0,84.0,84.0,0.0,44.25696000000001,46.02723840000001,371.4029167444444,0.5060045719146729,0.5060045719146729,0.0,1.0,0.5942265449581212,0.5939837104552365,0.9999847952974585,0.9799848198890686,0.9999843011367114,0.9999994214909685,0.9999994085923148,0.9999993605530224,0.9999993465659658,-16.050280565784522,-62.942703147734115,,758.071784665401,False,False,False,,[]
84,84,85,True,1.0,1.0,84.0,85.0,84.0,85.0,85.0,0.0,46.02723840000001,47.1537792,273.9094887624374,0.5060046911239624,0.5060046911239624,0.0,1.0,0.5939837104552365,0.5937960148637023,0.9999843011367114,0.9799843430519104,0.9999839089703553,0.9999994085923148,0.9999993980929236,0.9999993465659658,0.9999993338932038,-12.407105738514165,-48.65069732567181,,799.946000223055,False,False,False,,[]
85,85,86,True,1.0,1.0,85.0,86.0,85.0,86.0,86.0,0.0,47.1537792,47.958451200000006,225.37061372943595,0.506004810333252,0.506004810333252,0.0,1.0,0.5937960148637023,0.5936335792711164,0.9999839089703553,0.979983925819397,0.9999835658502861,0.9999993980929236,0.9999993874510591,0.9999993338932038,0.9999993208772967,-10.737712693723854,-42.10330559825681,,819.3998679914711,False,False,False,,[]
86,86,87,True,1.0,1.0,86.0,87.0,86.0,87.0,87.0,0.0,47.958451200000006,48.441254400000005,176.59586564642186,0.5060049295425415,0.5060049295425415,0.0,1.0,0.5936335792711164,0.5934984472485364,0.9999835658502861,0.9799835681915283,0.9999832787158036,0.9999993874510591,0.9999993770937787,0.9999993208772967,0.9999993074569465,-8.933280334902808,-35.026220252724954,,842.0179759486514,False,False,False,,[]
87,87,88,True,1.0,1.0,87.0,88.0,87.0,88.0,88.0,0.0,48.441254400000005,48.9240576,176.98189831569695,0.506005048751831,0.506005048751831,0.0,1.0,0.5934984472485364,0.5933617103127777,0.9999832787158036,0.9799832701683044,0.9999829877146073,0.9999993770937787,0.999999366626563,0.9999993074569465,0.9999992938951018,-9.039126304359524,-35.442213748643596,,840.4306893232774,False,False,False,,[]
88,88,89,True,1.0,1.0,88.0,89.0,88.0,89.0,89.0,0.0,48.9240576,49.406860800000004,177.37179775628553,0.5060051083564758,0.5060051083564758,0.0,1.0,0.5933617103127777,0.5932234858275217,0.9999829877146073,0.9799830317497253,0.9999826931192439,0.999999366626563,0.9999993560493016,0.9999992938951018,0.9999992802923001,-9.137210478744366,-35.827786578359394,,839.021842236615,False,False,False,,[]
89,89,90,True,1.0,1.0,89.0,90.0,89.0,90.0,90.0,0.0,49.406860800000004,49.406860800000004,103.65124940818279,0.5060051679611206,0.5060051679611206,0.0,1.0,0.5932234858275217,0.5931428343004062,0.9999826931192439,0.9799827337265015,0.9999825306417205,0.9999993560493016,0.9999993481867314,0.9999992802923001,0.9999992748247466,-5.332244557726904,-20.904875828349642,,900.714750645381,False,False,False,,[]
90,90,91,True,1.0,1.0,90.0,91.0,90.0,91.0,91.0,0.0,49.406860800000004,49.084992,54.24170636818246,0.5060052275657654,0.5060052275657654,0.0,1.0,0.5931428343004062,0.5930949318444901,0.9999825306417205,0.9799825549125671,0.9999824371819246,0.9999993481867314,0.999999343363579,0.9999992748247466,0.99999926842854,-3.1673850909351815,-12.416316573442769,,935.9196460053786,False,False,False,,[]
91,91,92,True,1.0,1.0,91.0,92.0,91.0,92.0,92.0,0.0,49.084992,48.9240576,78.68353743899313,0.5060052871704102,0.5060052871704102,0.0,1.0,0.5930949318444901,0.5930275744588376,0.9999824371819246,0.9799824357032776,0.9999823032396039,0.999999343363579,0.9999993369169174,0.99999926842854,0.9999992597881561,-4.453571960376686,-17.459034361134826,,912.5430901110389,False,False,False,,[]
92,92,93,True,1.0,1.0,92.0,93.0,92.0,93.0,93.0,0.0,48.9240576,48.7631232,78.55271167628584,0.5060052871704102,0.5060052871704102,0.0,1.0,0.5930275744588376,0.5929605407537696,0.9999823032396039,0.979982316493988,0.9999821699831343,0.9999993369169174,0.9999993304993648,0.9999992597881561,0.9999992511870618,-4.43220610710997,-17.375136353616618,,912.9268626830494,False,False,False,,[]
93,93,94,True,1.0,1.0,93.0,94.0,93.0,94.0,94.0,0.0,48.7631232,48.9240576,127.83185859483085,0.5060053467750549,0.5060053467750549,0.0,1.0,0.5929605407537696,0.5928567776184952,0.9999821699831343,0.9799821972846985,0.9999819561658091,0.9999993304993648,0.9999993215368875,0.9999992511870618,0.9999992392773828,-6.859975381243241,-26.895404663124985,,872.5873865269518,False,False,False,,[]
94,94,95,True,1.0,1.0,94.0,95.0,94.0,95.0,95.0,0.0,48.9240576,49.567795200000006,202.07656927628616,0.5060054063796997,0.5060054063796997,0.0,1.0,0.5928567776184952,0.5927027720005245,0.9999819561658091,0.9799819588661194,0.9999816297137326,0.9999993215368875,0.9999993106994924,0.9999992392773828,0.9999992254900443,-10.179899152319242,-39.9182561780173,,825.5759743527918,False,False,False,,[]
95,95,96,True,1.0,1.0,95.0,96.0,95.0,96.0,96.0,0.0,49.567795200000006,48.9240576,4.964278014660924,0.5060055255889893,0.5060055255889893,0.0,1.0,0.5927027720005245,0.5926987657486811,0.9999816297137326,0.9799816608428955,0.999981622225907,0.9999993106994924,0.9999993105281716,0.9999992254900443,0.9999992249046548,-0.2649338503038257,-1.0384204777973274,,994.5184680424594,False,False,False,,[]
96,96,97,True,1.0,1.0,96.0,97.0,96.0,97.0,97.0,0.0,48.9240576,48.1193856,-20.266374403714835,0.5060055255889893,0.5060055255889893,0.0,1.0,0.5926987657486811,0.5927078265098215,0.999981622225907,0.9799816608428955,0.9999816052070812,0.9999993105281716,0.9999993086374194,0.9999992249046548,0.9999992225499805,0.5992342137560557,2.348549287585999,,1003.1231759650268,False,False,False,,[]
97,97,98,True,1.0,1.0,97.0,98.0,97.0,98.0,98.0,0.0,48.1193856,47.47564800000001,3.7907129215922883,0.5060055255889893,0.5060055255889893,0.0,1.0,0.5927078265098215,0.5927048575546208,0.9999816052070812,0.9799816012382507,0.9999815996636277,0.9999993086374194,0.9999993085104468,0.9999992225499805,0.9999992221161254,-0.19635287940978882,-0.7695531880220906,,995.9324839803985,False,False,False,,[]
98,98,99,True,1.0,1.0,98.0,99.0,98.0,99.0,99.0,0.0,47.47564800000001,47.958451200000006,176.2136997484594,0.5060055255889893,0.5060055255889893,0.0,1.0,0.5927048575546208,0.592572168497412,0.9999815996636277,0.9799816012382507,0.9999813183930708,0.9999993085104468,0.9999992982629845,0.9999992221161254,0.9999992095241867,-8.772137668162403,-34.393003628510556,,844.8404018946635,False,False,False,,[]
99,99,100,True,1.0,1.0,99.0,100.0,99.0,100.0,100.0,0.0,47.958451200000006,48.7631232,226.00540868642221,0.506005585193634,0.506005585193634,0.0,1.0,0.592572168497412,0.5924064258398357,0.9999813183930708,0.9799813628196716,0.9999809687743296,0.9999992982629845,0.9999992876030134,0.9999992095241867,0.9999991959549904,-10.955934735074537,-42.960496843782664,,816.3707151647866,False,False,False,,[]
100,100,101,True,1.0,1.0,100.0,101.0,100.0,101.0,101.0,0.0,48.7631232,49.406860800000004,201.94617315483185,0.5060057044029236,0.5060057044029236,0.0,1.0,0.5924064258398357,0.5922528955173149,0.9999809687743296,0.979981005191803,0.9999806432663497,0.9999992876030134,0.9999992768015229,0.9999991959549904,0.9999991821177936,-10.148695972736354,-39.7950595974026,,825.9549348559972,False,False,False,,[]
101,101,102,True,1.0,1.0,101.0,102.0,101.0,102.0,102.0,0.0,49.406860800000004,49.7287296,153.06079244818216,0.5060058236122131,0.5060058236122131,0.0,1.0,0.5922528955173149,0.5921336199445826,0.9999806432663497,0.9799806475639343,0.9999803937253717,0.9999992768015229,0.9999992667621472,0.9999991821177936,0.9999991720774069,-7.884993238974406,-30.91622845219842,,858.878208583264,False,False,False,,[]
102,102,103,True,1.0,1.0,102.0,103.0,102.0,103.0,103.0,0.0,49.7287296,49.889664,128.62067994239985,0.5060058832168579,0.5060058832168579,0.0,1.0,0.5921336199445826,0.5920258149151935,0.9999803937253717,0.9799804091453552,0.9999801706990855,0.9999992667621472,0.9999992576455676,0.9999991720774069,0.9999991588356264,-7.126856153711724,-27.943063617668933,,867.7045434109059,False,False,False,,[]
103,103,104,True,1.0,1.0,103.0,104.0,103.0,104.0,104.0,0.0,49.889664,49.7287296,79.344110871392,0.5060059428215027,0.5060059428215027,0.0,1.0,0.5920258149151935,0.5919567408838996,0.9999801706990855,0.9799801707267761,0.999980033112299,0.9999992576455676,0.999999251052314,0.9999991588356264,0.9999991499432698,-4.566910304700135,-17.9039889113646,,910.4828551272263,False,False,False,,[]
104,104,105,True,1.0,1.0,104.0,105.0,104.0,105.0,105.0,0.0,49.7287296,48.9240576,-19.607949177601157,0.5060060024261475,0.5060060024261475,0.0,1.0,0.5919567408838996,0.5919666293305881,0.999980033112299,0.9799800515174866,0.9999800145237866,0.999999251052314,0.9999992502389651,0.9999991499432698,0.9999991476273171,0.653953205495358,2.5630853816582455,,1004.924424982723,False,False,False,,[]
105,105,106,True,1.0,1.0,105.0,106.0,105.0,106.0,106.0,0.0,48.9240576,47.958451200000006,-44.97114592371353,0.5060060024261475,0.5060060024261475,0.0,1.0,0.5919666293305881,0.5919868359404821,0.9999800145237866,0.9799800515174866,0.999979976153614,0.9999992502389651,0.9999992461950044,0.9999991476273171,0.999999142410958,1.3364256334624716,5.237553284532184,,1007.1601764377623,False,False,False,,[]
106,106,107,True,1.0,1.0,106.0,107.0,106.0,107.0,107.0,0.0,47.958451200000006,48.1193856,127.18632260642153,0.5060060024261475,0.5060060024261475,0.0,1.0,0.5919868359404821,0.5918859234207331,0.999979976153614,0.9799799919128418,0.9999797687894262,0.9999992461950044,0.9999992373547064,0.999999142410958,0.9999991312876416,-6.6719187941776,-26.156525118948586,,875.9539280687109,False,False,False,,[]
107,107,108,True,1.0,1.0,107.0,108.0,107.0,108.0,108.0,0.0,48.1193856,48.6021888,176.724113561591,0.5060060620307922,0.5060060620307922,0.0,1.0,0.5918859234207331,0.5917502589363582,0.9999797687894262,0.9799798130989075,0.9999794803733514,0.9999992373547064,0.9999992269607872,0.9999991312876416,0.9999991178201463,-8.968509601944435,-35.16423434996066,,841.4905276719436,False,False,False,,[]
108,108,109,True,1.0,1.0,108.0,109.0,108.0,109.0,109.0,0.0,48.6021888,49.406860800000004,226.52097819463694,0.506006121635437,0.506006121635437,0.0,1.0,0.5917502589363582,0.5915821625550762,0.9999794803733514,0.9799795150756836,0.9999791261433029,0.9999992269607872,0.9999992162326675,0.9999991178201463,0.9999991041442047,-11.111118520499806,-43.570582028294325,,814.383015543667,False,False,False,,[]
109,109,110,True,1.0,1.0,109.0,110.0,109.0,110.0,110.0,0.0,49.406860800000004,50.2115328,227.17510700818218,0.5060062408447266,0.5060062408447266,0.0,1.0,0.5915821625550762,0.5914044696252391,0.9999791261433029,0.9799791574478149,0.9999787532340434,0.9999992162326675,0.9999992053340166,0.9999991041442047,0.9999990849002777,-11.744659561986563,-46.058007413789014,,803.1312908991486,False,False,False,,[]
110,110,111,True,1.0,1.0,110.0,111.0,110.0,111.0,111.0,0.0,50.2115328,51.177139200000006,252.54474837315112,0.5060063600540161,0.5060063600540161,0.0,1.0,0.5914044696252391,0.5912067335912962,0.9999787532340434,0.9799787998199463,0.999978341961923,0.9999992053340166,0.9999991946316779,0.9999990849002777,0.9999990641691624,-13.06806596442555,-51.25317999800374,,787.2176633757454,False,False,False,,[]
111,111,112,True,1.0,1.0,111.0,112.0,111.0,112.0,112.0,0.0,51.177139200000006,51.82087680000001,203.9472273085875,0.5060064792633057,0.5060064792633057,0.0,1.0,0.5912067335912962,0.59104201413529,0.999978341961923,0.9799783825874329,0.9999779943514208,0.9999991946316779,0.9999991832920634,0.9999990641691624,0.9999990477215416,-10.886668432394854,-42.695282996786986,,814.8181249825451,False,False,False,,[]
112,112,113,True,1.0,1.0,112.0,113.0,112.0,113.0,113.0,0.0,51.82087680000001,52.1427456,155.0876250773465,0.5060065984725952,0.5060065984725952,0.0,1.0,0.59104201413529,0.5909142807208365,0.9999779943514208,0.9799780249595642,0.9999777248951776,0.9999991832920634,0.9999991729009531,0.9999990477215416,0.999999035892075,-8.442891623977054,-33.10850102634834,,849.6901406482632,False,False,False,,[]
113,113,114,True,1.0,1.0,113.0,114.0,113.0,114.0,114.0,0.0,52.1427456,51.82087680000001,56.54608724927151,0.50600665807724,0.50600665807724,0.0,1.0,0.5909142807208365,0.590864177177116,0.9999777248951776,0.9799777269363403,0.9999776269302463,0.9999991729009531,0.9999991676306005,0.999999035892075,0.9999990305814019,-3.3124891450426657,-12.986838532346992,,934.1594494930993,False,False,False,,[]
114,114,115,True,1.0,1.0,114.0,115.0,114.0,115.0,115.0,0.0,51.82087680000001,51.016204800000004,-17.8457755626522,0.5060067176818848,0.5060067176818848,0.0,1.0,0.590864177177116,0.5908736796345484,0.9999776269302463,0.9799776673316956,0.9999776090740684,0.9999991676306005,0.9999991669875576,0.9999990305814019,0.9999990283841862,0.628363545659277,2.463036966459288,,1004.9004786428613,False,False,False,,[]
115,115,116,True,1.0,1.0,115.0,116.0,115.0,116.0,116.0,0.0,51.016204800000004,46.02723840000001,-660.8561869904611,0.5060067176818848,0.5060067176818848,0.0,1.0,0.5908736796345484,0.5912484419894466,0.9999776090740684,0.9799776077270508,0.9999769042939131,0.9999991669875576,0.9999991512576593,0.9999990283841862,0.9999989976712971,24.811326379931312,97.13840238961689,,1347.4211639099572,False,False,False,,[]
116,116,117,True,1.0,1.0,116.0,117.0,116.0,117.0,117.0,0.0,46.02723840000001,40.7164032,-714.2813720375624,0.5060068964958191,0.5060068964958191,0.0,1.0,0.5912484419894466,0.5916143972937569,0.9999769042939131,0.9799769520759583,0.9999762119124371,0.9999991512576593,0.9999991360605884,0.9999989976712971,0.9999989729442027,24.232472914138615,94.85561487722298,,1345.5201425599257,False,False,False,,[]
117,117,118,True,1.0,1.0,117.0,118.0,117.0,118.0,118.0,0.0,40.7164032,35.405568,-718.1023865553105,0.5060071349143982,0.5060071349143982,0.0,1.0,0.5916143972937569,0.5919319669940185,0.9999762119124371,0.979976236820221,0.9999755920959923,0.9999991360605884,0.999999116987859,0.9999989729442027,0.9999989511288471,21.029366516374502,82.31406630782644,,1273.3986537018407,False,False,False,,[]
118,118,119,True,1.0,1.0,118.0,119.0,118.0,119.0,119.0,0.0,35.405568,30.0947328,-721.4555217443558,0.5060073137283325,0.5060073137283325,0.0,1.0,0.5919319669940185,0.5921964238283278,0.9999755920959923,0.9799756407737732,0.9999750600033072,0.999999116987859,0.9999990975601555,0.9999989511288471,0.9999989230845747,17.512229442528806,68.5472114529632,,1195.851242692688,False,False,False,,[]
119,119,120,True,1.0,1.0,119.0,120.0,119.0,120.0,120.0,0.0,30.0947328,24.783897600000003,-724.3407776046968,0.5060074925422668,0.5060074925422668,0.0,1.0,0.5921964238283278,0.5924179580041246,0.9999750600033072,0.9799751043319702,0.9999746043775319,0.9999990975601555,0.9999990805325162,0.9999989230845747,0.9999988991378905,14.669954791531095,57.42165836650312,,1156.0657219334284,False,False,False,,[]
120,120,121,True,1.0,1.0,120.0,121.0,120.0,121.0,121.0,0.0,24.783897600000003,19.4730624,-726.7581541363347,0.5060076117515564,0.5060076117515564,0.0,1.0,0.5924179580041246,0.5926008136827768,0.9999746043775319,0.979974627494812,0.9999742215015056,0.9999990805325162,0.9999990692624368,0.9999988991378905,0.9999988813447589,12.108599429489983,47.39619190665908,,1130.5884683630172,False,False,False,,[]
121,121,122,True,1.0,1.0,121.0,122.0,121.0,122.0,122.0,0.0,19.4730624,14.162227200000002,-728.7076513392673,0.506007730960846,0.506007730960846,0.0,1.0,0.5926008136827768,0.5927349171409403,0.9999742215015056,0.9799742698669434,0.9999739368391367,0.9999990692624368,0.9999990601903339,0.9999988813447589,0.9999988617813796,8.87974295453399,34.75961635596682,,1083.4256600963042,False,False,False,,[]
122,122,123,True,1.0,1.0,122.0,123.0,122.0,123.0,123.0,0.0,14.162227200000002,8.851392,-730.1892692134973,0.5060077905654907,0.5060077905654907,0.0,1.0,0.5927349171409403,0.5928092787570157,0.9999739368391367,0.9799739718437195,0.99997378795199,0.9999990601903339,0.9999990517690853,0.9999988617813796,0.9999988289203041,4.923328666531312,19.274530886749993,,1018.5276051213993,False,False,False,,[]
123,123,124,True,1.0,1.0,123.0,124.0,123.0,124.0,124.0,0.0,8.851392,3.5405568000000005,-731.2030077590222,0.5060078501701355,0.5060078501701355,0.0,1.0,0.5928092787570157,0.5928391094707269,0.99997378795199,0.9799737930297852,0.9999737307708512,0.9999990517690853,0.9999990362119601,0.9999988289203041,0.9999988112013154,1.9748399229160087,7.732120993947987,,990.9196933716514,False,False,False,,[]
124,124,125,True,1.0,1.0,124.0,125.0,124.0,125.0,125.0,0.0,3.5405568000000005,0.0,-459.9963802558437,0.5060079097747803,0.5060079097747803,0.0,1.0,0.5928391094707269,0.592844471575697,0.9999737307708512,0.9799737334251404,0.9999737207355865,0.9999990362119601,0.9999990334156984,0.9999988112013154,0.9999988080164779,0.3549607218658158,1.3898576082371414,,998.3801076454375,False,False,False,,[]
125,125,126,True,1.0,1.0,125.0,126.0,125.0,126.0,126.0,0.0,0.0,0.0,83.40462000000002,0.5060079097747803,0.5060079097747803,0.0,1.0,0.592844471575697,0.592844471575697,0.9999737207355865,0.9799737334251404,0.9999737207355865,0.9999990334156984,0.9999990334156984,0.9999988080164779,0.9999988080164779,-0.0,0.0,,1000.0,False,False,False,,[]
126,126,127,True,1.0,1.0,126.0,127.0,126.0,127.0,127.0,0.0,0.0,0.0,83.40462000000002,0.5060079097747803,0.5060079097747803,0.0,1.0,0.592844471575697,0.592844471575697,0.9999737207355865,0.9799737334251404,0.9999737207355865,0.9999990334156984,0.9999990334156984,0.9999988080164779,0.9999988080164779,-0.0,0.0,,1000.0,False,False,False,,[]
127,127,128,True,1.0,1.0,127.0,128.0,127.0,128.0,128.0,0.0,0.0,0.0,83.40462000000002,0.5060079097747803,0.5060079097747803,0.0,1.0,0.592844471575697,0.592844471575697,0.9999737207355865,0.9799737334251404,0.9999737207355865,0.9999990334156984,0.9999990334156984,0.9999988080164779,0.9999988080164779,-0.0,0.0,,1000.0,False,False,False,,[]
128,128,129,True,1.0,1.0,128.0,129.0,128.0,129.0,129.0,0.0,0.0,0.0,83.40462000000002,0.5060079097747803,0.5060079097747803,0.0,1.0,0.592844471575697,0.592844471575697,0.9999737207355865,0.9799737334251404,0.9999737207355865,0.9999990334156984,0.9999990334156984,0.9999988080164779,0.9999988080164779,-0.0,0.0,,1000.0,False,False,False,,[]
129,129,130,True,1.0,1.0,129.0,130.0,129.0,130.0,130.0,0.0,0.0,0.0,83.40462000000002,0.5060079097747803,0.5060079097747803,0.0,1.0,0.592844471575697,0.592844471575697,0.9999737207355865,0.9799737334251404,0.9999737207355865,0.9999990334156984,0.9999990334156984,0.9999988080164779,0.9999988080164779,-0.0,0.0,,1000.0,False,False,False,,[]
130,130,131,True,1.0,1.0,130.0,131.0,130.0,131.0,131.0,0.0,0.0,0.0,83.40462000000002,0.5060079097747803,0.5060079097747803,0.0,1.0,0.592844471575697,0.592844471575697,0.9999737207355865,0.9799737334251404,0.9999737207355865,0.9999990334156984,0.9999990334156984,0.9999988080164779,0.9999988080164779,-0.0,0.0,,1000.0,False,False,False,,[]
131,131,132,True,1.0,1.0,131.0,132.0,131.0,132.0,132.0,0.0,0.0,0.0,83.40462000000002,0.5060079097747803,0.5060079097747803,0.0,1.0,0.592844471575697,0.592844471575697,0.9999737207355865,0.9799737334251404,0.9999737207355865,0.9999990334156984,0.9999990334156984,0.9999988080164779,0.9999988080164779,-0.0,0.0,,1000.0,False,False,False,,[]
132,132,133,True,1.0,1.0,132.0,133.0,132.0,133.0,133.0,0.0,0.0,0.0,83.40462000000002,0.5060079097747803,0.5060079097747803,0.0,1.0,0.592844471575697,0.592844471575697,0.9999737207355865,0.9799737334251404,0.9999737207355865,0.9999990334156984,0.9999990334156984,0.9999988080164779,0.9999988080164779,-0.0,0.0,,1000.0,False,False,False,,[]
133,133,134,True,1.0,1.0,133.0,134.0,133.0,134.0,134.0,0.0,0.0,0.0,83.40462000000002,0.5060079097747803,0.5060079097747803,0.0,1.0,0.592844471575697,0.592844471575697,0.9999737207355865,0.9799737334251404,0.9999737207355865,0.9999990334156984,0.9999990334156984,0.9999988080164779,0.9999988080164779,-0.0,0.0,,1000.0,False,False,False,,[]
134,134,135,True,1.0,1.0,134.0,135.0,134.0,135.0,135.0,0.0,0.0,0.0,83.40462000000002,0.5060079097747803,0.5060079097747803,0.0,1.0,0.592844471575697,0.592844471575697,0.9999737207355865,0.9799737334251404,0.9999737207355865,0.9999990334156984,0.9999990334156984,0.9999988080164779,0.9999988080164779,-0.0,0.0,,1000.0,False,False,False,,[]
135,135,136,True,1.0,1.0,135.0,136.0,135.0,136.0,136.0,0.0,0.0,0.0,83.40462000000002,0.5060079097747803,0.5060079097747803,0.0,1.0,0.592844471575697,0.592844471575697,0.9999737207355865,0.9799737334251404,0.9999737207355865,0.9999990334156984,0.9999990334156984,0.9999988080164779,0.9999988080164779,-0.0,0.0,,1000.0,False,False,False,,[]
136,136,137,True,1.0,1.0,136.0,137.0,136.0,137.0,137.0,0.0,0.0,0.0,83.40462000000002,0.5060079097747803,0.5060079097747803,0.0,1.0,0.592844471575697,0.592844471575697,0.9999737207355865,0.9799737334251404,0.9999737207355865,0.9999990334156984,0.9999990334156984,0.9999988080164779,0.9999988080164779,-0.0,0.0,,1000.0,False,False,False,,[]
137,137,138,True,1.0,1.0,137.0,138.0,137.0,138.0,138.0,0.0,0.0,0.0,83.40462000000002,0.5060079097747803,0.5060079097747803,0.0,1.0,0.592844471575697,0.592844471575697,0.9999737207355865,0.9799737334251404,0.9999737207355865,0.9999990334156984,0.9999990334156984,0.9999988080164779,0.9999988080164779,-0.0,0.0,,1000.0,False,False,False,,[]
138,138,139,True,1.0,1.0,138.0,139.0,138.0,139.0,139.0,0.0,0.0,0.0,83.40462000000002,0.5060079097747803,0.5060079097747803,0.0,1.0,0.592844471575697,0.592844471575697,0.9999737207355865,0.9799737334251404,0.9999737207355865,0.9999990334156984,0.9999990334156984,0.9999988080164779,0.9999988080164779,-0.0,0.0,,1000.0,False,False,False,,[]
139,139,140,True,1.0,1.0,139.0,140.0,139.0,140.0,140.0,0.0,0.0,0.0,83.40462000000002,0.5060079097747803,0.5060079097747803,0.0,1.0,0.592844471575697,0.592844471575697,0.9999737207355865,0.9799737334251404,0.9999737207355865,0.9999990334156984,0.9999990334156984,0.9999988080164779,0.9999988080164779,-0.0,0.0,,1000.0,False,False,False,,[]
140,140,141,True,1.0,1.0,140.0,141.0,140.0,141.0,141.0,0.0,0.0,0.0,83.40462000000002,0.5060079097747803,0.5060079097747803,0.0,1.0,0.592844471575697,0.592844471575697,0.9999737207355865,0.9799737334251404,0.9999737207355865,0.9999990334156984,0.9999990334156984,0.9999988080164779,0.9999988080164779,-0.0,0.0,,1000.0,False,False,False,,[]
141,141,142,True,1.0,1.0,141.0,142.0,141.0,142.0,142.0,0.0,0.0,0.0,83.40462000000002,0.5060079097747803,0.5060079097747803,0.0,1.0,0.592844471575697,0.592844471575697,0.9999737207355865,0.9799737334251404,0.9999737207355865,0.9999990334156984,0.9999990334156984,0.9999988080164779,0.9999988080164779,-0.0,0.0,,1000.0,False,False,False,,[]
142,142,143,True,1.0,1.0,142.0,143.0,142.0,143.0,143.0,0.0,0.0,0.0,83.40462000000002,0.5060079097747803,0.5060079097747803,0.0,1.0,0.592844471575697,0.592844471575697,0.9999737207355865,0.9799737334251404,0.9999737207355865,0.9999990334156984,0.9999990334156984,0.9999988080164779,0.9999988080164779,-0.0,0.0,,1000.0,False,False,False,,[]
143,143,144,True,1.0,1.0,143.0,144.0,143.0,144.0,144.0,0.0,0.0,0.0,83.40462000000002,0.5060079097747803,0.5060079097747803,0.0,1.0,0.592844471575697,0.592844471575697,0.9999737207355865,0.9799737334251404,0.9999737207355865,0.9999990334156984,0.9999990334156984,0.9999988080164779,0.9999988080164779,-0.0,0.0,,1000.0,False,False,False,,[]
144,144,145,True,1.0,1.0,144.0,145.0,144.0,145.0,145.0,0.0,0.0,0.0,83.40462000000002,0.5060079097747803,0.5060079097747803,0.0,1.0,0.592844471575697,0.592844471575697,0.9999737207355865,0.9799737334251404,0.9999737207355865,0.9999990334156984,0.9999990334156984,0.9999988080164779,0.9999988080164779,-0.0,0.0,,1000.0,False,False,False,,[]
145,145,146,True,1.0,1.0,145.0,146.0,145.0,146.0,146.0,0.0,0.0,0.0,83.40462000000002,0.5060079097747803,0.5060079097747803,0.0,1.0,0.592844471575697,0.592844471575697,0.9999737207355865,0.9799737334251404,0.9999737207355865,0.9999990334156984,0.9999990334156984,0.9999988080164779,0.9999988080164779,-0.0,0.0,,1000.0,False,False,False,,[]
146,146,147,True,1.0,1.0,146.0,147.0,146.0,147.0,147.0,0.0,0.0,0.0,83.40462000000002,0.5060079097747803,0.5060079097747803,0.0,1.0,0.592844471575697,0.592844471575697,0.9999737207355865,0.9799737334251404,0.9999737207355865,0.9999990334156984,0.9999990334156984,0.9999988080164779,0.9999988080164779,-0.0,0.0,,1000.0,False,False,False,,[]
147,147,148,True,1.0,1.0,147.0,148.0,147.0,148.0,148.0,0.0,0.0,0.0,83.40462000000002,0.5060079097747803,0.5060079097747803,0.0,1.0,0.592844471575697,0.592844471575697,0.9999737207355865,0.9799737334251404,0.9999737207355865,0.9999990334156984,0.9999990334156984,0.9999988080164779,0.9999988080164779,-0.0,0.0,,1000.0,False,False,False,,[]
148,148,149,True,1.0,1.0,148.0,149.0,148.0,149.0,149.0,0.0,0.0,0.0,83.40462000000002,0.5060079097747803,0.5060079097747803,0.0,1.0,0.592844471575697,0.592844471575697,0.9999737207355865,0.9799737334251404,0.9999737207355865,0.9999990334156984,0.9999990334156984,0.9999988080164779,0.9999988080164779,-0.0,0.0,,1000.0,False,False,False,,[]
149,149,150,True,1.0,1.0,149.0,150.0,149.0,150.0,150.0,0.0,0.0,0.0,83.40462000000002,0.5060079097747803,0.5060079097747803,0.0,1.0,0.592844471575697,0.592844471575697,0.9999737207355865,0.9799737334251404,0.9999737207355865,0.9999990334156984,0.9999990334156984,0.9999988080164779,0.9999988080164779,-0.0,0.0,,1000.0,False,False,False,,[]
150,150,151,True,1.0,1.0,150.0,151.0,150.0,151.0,151.0,0.0,0.0,0.0,83.40462000000002,0.5060079097747803,0.5060079097747803,0.0,1.0,0.592844471575697,0.592844471575697,0.9999737207355865,0.9799737334251404,0.9999737207355865,0.9999990334156984,0.9999990334156984,0.9999988080164779,0.9999988080164779,-0.0,0.0,,1000.0,False,False,False,,[]
151,151,152,True,1.0,1.0,151.0,152.0,151.0,152.0,152.0,0.0,0.0,0.0,83.40462000000002,0.5060079097747803,0.5060079097747803,0.0,1.0,0.592844471575697,0.592844471575697,0.9999737207355865,0.9799737334251404,0.9999737207355865,0.9999990334156984,0.9999990334156984,0.9999988080164779,0.9999988080164779,-0.0,0.0,,1000.0,False,False,False,,[]
152,152,153,True,1.0,1.0,152.0,153.0,152.0,153.0,153.0,0.0,0.0,0.0,83.40462000000002,0.5060079097747803,0.5060079097747803,0.0,1.0,0.592844471575697,0.592844471575697,0.9999737207355865,0.9799737334251404,0.9999737207355865,0.9999990334156984,0.9999990334156984,0.9999988080164779,0.9999988080164779,-0.0,0.0,,1000.0,False,False,False,,[]
153,153,154,True,1.0,1.0,153.0,154.0,153.0,154.0,154.0,0.0,0.0,0.0,83.40462000000002,0.5060079097747803,0.5060079097747803,0.0,1.0,0.592844471575697,0.592844471575697,0.9999737207355865,0.9799737334251404,0.9999737207355865,0.9999990334156984,0.9999990334156984,0.9999988080164779,0.9999988080164779,-0.0,0.0,,1000.0,False,False,False,,[]
154,154,155,True,1.0,1.0,154.0,155.0,154.0,155.0,155.0,0.0,0.0,0.0,83.40462000000002,0.5060079097747803,0.5060079097747803,0.0,1.0,0.592844471575697,0.592844471575697,0.9999737207355865,0.9799737334251404,0.9999737207355865,0.9999990334156984,0.9999990334156984,0.9999988080164779,0.9999988080164779,-0.0,0.0,,1000.0,False,False,False,,[]
155,155,156,True,1.0,1.0,155.0,156.0,155.0,156.0,156.0,0.0,0.0,0.0,83.40462000000002,0.5060079097747803,0.5060079097747803,0.0,1.0,0.592844471575697,0.592844471575697,0.9999737207355865,0.9799737334251404,0.9999737207355865,0.9999990334156984,0.9999990334156984,0.9999988080164779,0.9999988080164779,-0.0,0.0,,1000.0,False,False,False,,[]
156,156,157,True,1.0,1.0,156.0,157.0,156.0,157.0,157.0,0.0,0.0,0.0,83.40462000000002,0.5060079097747803,0.5060079097747803,0.0,1.0,0.592844471575697,0.592844471575697,0.9999737207355865,0.9799737334251404,0.9999737207355865,0.9999990334156984,0.9999990334156984,0.9999988080164779,0.9999988080164779,-0.0,0.0,,1000.0,False,False,False,,[]
157,157,158,True,1.0,1.0,157.0,158.0,157.0,158.0,158.0,0.0,0.0,0.0,83.40462000000002,0.5060079097747803,0.5060079097747803,0.0,1.0,0.592844471575697,0.592844471575697,0.9999737207355865,0.9799737334251404,0.9999737207355865,0.9999990334156984,0.9999990334156984,0.9999988080164779,0.9999988080164779,-0.0,0.0,,1000.0,False,False,False,,[]
158,158,159,True,1.0,1.0,158.0,159.0,158.0,159.0,159.0,0.0,0.0,0.0,83.40462000000002,0.5060079097747803,0.5060079097747803,0.0,1.0,0.592844471575697,0.592844471575697,0.9999737207355865,0.9799737334251404,0.9999737207355865,0.9999990334156984,0.9999990334156984,0.9999988080164779,0.9999988080164779,-0.0,0.0,,1000.0,False,False,False,,[]
159,159,160,True,1.0,1.0,159.0,160.0,159.0,160.0,160.0,0.0,0.0,0.0,83.40462000000002,0.5060079097747803,0.5060079097747803,0.0,1.0,0.592844471575697,0.592844471575697,0.9999737207355865,0.9799737334251404,0.9999737207355865,0.9999990334156984,0.9999990334156984,0.9999988080164779,0.9999988080164779,-0.0,0.0,,1000.0,False,False,False,,[]
160,160,161,True,1.0,1.0,160.0,161.0,160.0,161.0,161.0,0.0,0.0,0.0,83.40462000000002,0.5060079097747803,0.5060079097747803,0.0,1.0,0.592844471575697,0.592844471575697,0.9999737207355865,0.9799737334251404,0.9999737207355865,0.9999990334156984,0.9999990334156984,0.9999988080164779,0.9999988080164779,-0.0,0.0,,1000.0,False,False,False,,[]
161,161,162,True,1.0,1.0,161.0,162.0,161.0,162.0,162.0,0.0,0.0,0.0,83.40462000000002,0.5060079097747803,0.5060079097747803,0.0,1.0,0.592844471575697,0.592844471575697,0.9999737207355865,0.9799737334251404,0.9999737207355865,0.9999990334156984,0.9999990334156984,0.9999988080164779,0.9999988080164779,-0.0,0.0,,1000.0,False,False,False,,[]
162,162,163,True,1.0,1.0,162.0,163.0,162.0,163.0,163.0,0.0,0.0,0.0,83.40462000000002,0.5060079097747803,0.5060079097747803,0.0,1.0,0.592844471575697,0.592844471575697,0.9999737207355865,0.9799737334251404,0.9999737207355865,0.9999990334156984,0.9999990334156984,0.9999988080164779,0.9999988080164779,-0.0,0.0,,1000.0,False,False,False,,[]
163,163,164,True,1.0,1.0,163.0,164.0,163.0,164.0,164.0,0.0,0.0,5.3108352,898.6620801600001,0.5060079097747803,0.5060079097747803,0.0,1.0,0.592844471575697,0.592784059864202,0.9999737207355865,0.9799737334251404,0.9999736014184497,0.9999990334156984,0.9999990252214135,0.9999988080164779,0.9999987986834934,-3.9992007777936562,-15.65871561949496,,917.5400393475693,False,False,False,,[]
164,164,165,True,1.0,1.0,164.0,165.0,164.0,165.0,165.0,0.0,5.3108352,10.6216704,898.8960198243519,0.5060079097747803,0.5060079097747803,0.0,1.0,0.592784059864202,0.5926027045079932,0.9999736014184497,0.9799736142158508,0.9999732214328153,0.9999990252214135,0.9999990006321592,0.9999987986834934,0.9999987706772514,-12.000725548574824,-47.00730832931941,,786.1947868898087,False,False,False,,[]
165,165,166,True,1.0,1.0,165.0,166.0,165.0,166.0,166.0,0.0,10.6216704,15.932505600000002,899.5978388174084,0.5060080289840698,0.5060080289840698,0.0,1.0,0.5926027045079932,0.5923659979490602,0.9999732214328153,0.9799732565879822,0.9999727382420907,0.9999990006321592,0.999998991846204,0.9999987706772514,0.9999987239637492,-15.659583646093484,-61.354340075449585,,745.9763404531465,False,False,False,,[]
166,166,167,True,1.0,1.0,166.0,167.0,166.0,167.0,167.0,0.0,15.932505600000002,21.2433408,900.7675371391676,0.5060081481933594,0.5060081481933594,0.0,1.0,0.5923659979490602,0.5921093022162897,0.9999727382420907,0.979972779750824,0.999972219623464,0.999998991846204,0.9999989745289241,0.9999987239637492,0.9999987016758625,-16.979324035111567,-66.53553393411288,,741.7502011540631,False,False,False,,[]
167,167,168,True,1.0,1.0,167.0,168.0,167.0,168.0,168.0,0.0,21.2433408,26.554176000000002,902.4051147896324,0.5060083270072937,0.5060083270072937,0.0,1.0,0.5921093022162897,0.591799586868655,0.999972219623464,0.979972243309021,0.9999716122675847,0.9999989745289241,0.999998959415496,0.9999987016758625,0.9999986844622613,-20.480875420020602,-80.2782181069147,,712.8711920628077,False,False,False,,[]
168,168,169,True,1.0,1.0,168.0,169.0,168.0,169.0,169.0,0.0,26.554176000000002,31.865011200000005,904.5105717688,0.506008505821228,0.506008505821228,0.0,1.0,0.591799586868655,0.5914156635136781,0.9999716122675847,0.9799716472625732,0.9999708948658268,0.999998959415496,0.9999989371974093,0.9999986844622613,0.999998663374336,-25.379131773123525,-99.51293360998648,,667.1249624964831,False,False,False,,[]
169,169,170,True,1.0,1.0,169.0,170.0,169.0,170.0,170.0,0.0,31.865011200000005,35.7274368,684.740964396671,0.5060087442398071,0.5060087442398071,0.0,1.0,0.5914156635136781,0.591071351393109,0.9999708948658268,0.9799709320068359,0.9999702340305556,0.9999989371974093,0.9999989181896528,0.999998663374336,0.9999986366592349,-22.76011494477309,-89.24570165153374,,686.7572910021851,False,False,False,,[]
170,170,171,True,1.0,1.0,170.0,171.0,170.0,171.0,171.0,0.0,35.7274368,39.1070592,612.7920417711706,0.5060089230537415,0.5060089230537415,0.0,1.0,0.591071351393109,0.5907389141091091,0.9999702340305556,0.9799702763557434,0.9999695911370255,0.9999989181896528,0.9999988995652526,0.9999986366592349,0.9999986183580468,-21.973170897989547,-86.16774401277799,,697.5192325601633,False,False,False,,[]
171,171,172,True,1.0,1.0,171.0,172.0,171.0,172.0,172.0,0.0,39.1070592,41.521075200000006,466.6611360877144,0.5060091018676758,0.5060091018676758,0.0,1.0,0.5907389141091091,0.5904664966242935,0.9999695911370255,0.9799696207046509,0.9999690453918167,0.9999988995652526,0.9999988845567684,0.9999986183580468,0.9999986033421105,-18.007289186634875,-70.61061206418033,,736.9107556650958,False,False,False,,[]
172,172,173,True,1.0,1.0,172.0,173.0,172.0,173.0,173.0,0.0,41.521075200000006,42.4866816,245.9325694303077,0.5060092806816101,0.5060092806816101,0.0,1.0,0.5904664966242935,0.5903083580903196,0.9999690453918167,0.9799690842628479,0.9999687107497768,0.9999988845567684,0.999998873945294,0.9999986033421105,0.9999985897682561,-10.456057861683272,-40.989508006037475,,822.5117742133237,False,False,False,,[]
173,173,174,True,1.0,1.0,173.0,174.0,173.0,174.0,174.0,0.0,42.4866816,41.3601408,-74.5566421214711,0.5060093998908997,0.5060093998908997,0.0,1.0,0.5903083580903196,0.5903377878175177,0.9999687107497768,0.9799687266349792,0.9999686543593955,0.999998873945294,0.9999988685426,0.9999985897682561,0.9999985823741134,1.9469533121365992,7.628185289744792,,1011.1160608151642,False,False,False,,[]
174,174,175,True,1.0,1.0,174.0,175.0,174.0,175.0,175.0,0.0,41.3601408,40.394534400000005,-50.635321433328905,0.5060093998908997,0.5060093998908997,0.0,1.0,0.5903377878175177,0.5903549479076894,0.9999686543593955,0.9799686670303345,0.9999686218712046,0.9999988685426,0.9999988647310766,0.9999985823741134,0.9999985748384996,1.135247525215278,4.447895372499767,,1002.5707255347214,False,False,False,,[]
175,175,176,True,1.0,1.0,175.0,176.0,175.0,176.0,176.0,0.0,40.394534400000005,39.7507968,-1.88055166876103,0.5060093998908997,0.5060093998908997,0.0,1.0,0.5903549479076894,0.5903556397030053,0.9999686218712046,0.9799686670303345,0.9999686205824004,0.9999988647310766,0.999998864678266,0.9999985748384996,0.9999985745476732,0.045765870715821576,0.17931334589375625,,1000.2193259840731,False,False,False,,[]
176,176,177,True,1.0,1.0,176.0,177.0,176.0,177.0,177.0,0.0,39.7507968,40.2336,170.62492627942223,0.5060093998908997,0.5060093998908997,0.0,1.0,0.5903556397030053,0.5902518310435653,0.9999686205824004,0.9799686670303345,0.9999684066617401,0.999998864678266,0.9999988553720305,0.9999985745476732,0.9999985691012465,-6.865416279683728,-26.90720452686114,,877.2288505950025,False,False,False,,[]
177,177,178,True,1.0,1.0,177.0,178.0,177.0,178.0,178.0,0.0,40.2336,40.5554688,146.2404523163994,0.5060094594955444,0.5060094594955444,0.0,1.0,0.5902518310435653,0.590159814269842,0.9999684066617401,0.9799684286117554,0.9999682192156899,0.9999988553720305,0.9999988468400466,0.9999985691012465,0.9999985629609514,-6.085665682048315,-23.85074774906112,,888.5463777136603,False,False,False,,[]
178,178,179,True,1.0,1.0,178.0,179.0,178.0,179.0,179.0,0.0,40.5554688,40.8773376,146.45613222733644,0.5060095191001892,0.5060095191001892,0.0,1.0,0.590159814269842,0.5900538861457417,0.9999682192156899,0.979968249797821,0.9999680004743355,0.9999988468400466,0.9999988382844119,0.9999985629609514,0.9999985472154852,-7.005310337726019,-27.456569766777026,,867.9776784170866,False,False,False,,[]
179,179,180,True,1.0,1.0,179.0,180.0,179.0,180.0,180.0,0.0,40.8773376,41.521075200000006,196.08307374330025,0.506009578704834,0.506009578704834,0.0,1.0,0.5900538861457417,0.5899181969868983,0.9999680004743355,0.9799680113792419,0.9999677119988408,0.9999988382844119,0.9999988283294217,0.9999985472154852,0.9999985292012449,-8.972473310820297,-35.17062997222671,,838.5702472152624,False,False,False,,[]
180,180,181,True,1.0,1.0,180.0,181.0,180.0,181.0,181.0,0.0,41.521075200000006,43.7741568,443.57074159030805,0.5060096979141235,0.5060096979141235,0.0,1.0,0.5899181969868983,0.5896439734439552,0.9999677119988408,0.9799677133560181,0.9999671631802238,0.9999988283294217,0.9999988130148102,0.9999985292012449,0.9999985141021368,-18.124607373866027,-71.07874233084537,,735.5541986944024,False,False,False,,[]
181,181,182,True,1.0,1.0,181.0,182.0,181.0,182.0,182.0,0.0,43.7741568,42.647616,-73.63549126679685,0.5060098171234131,0.5060098171234131,0.0,1.0,0.5896439734439552,0.5896742195402105,0.9999671631802238,0.9799671769142151,0.9999671051792929,0.9999988130148102,0.9999988075390754,0.9999985141021368,0.9999985069039566,2.000833958754515,7.8397881493594195,,1011.912321138612,False,False,False,,[]
182,182,183,True,1.0,1.0,182.0,183.0,182.0,183.0,183.0,0.0,42.647616,38.624256,-519.1288893690368,0.5060098767280579,0.5060098767280579,0.0,1.0,0.5896742195402105,0.5899165977631657,0.9999671051792929,0.9799671173095703,0.9999666118320736,0.9999988075390754,0.9999987898072432,0.9999985069039566,0.9999984900664045,16.045181454345553,62.82443538998725,,1188.3175785909257,False,False,False,,[]
183,183,184,True,1.0,1.0,183.0,184.0,183.0,184.0,184.0,0.0,38.624256,36.5321088,-225.38374156286943,0.5060099959373474,0.5060099959373474,0.0,1.0,0.5899165977631657,0.5900109792338788,0.9999666118320736,0.9799666404724121,0.9999664191236547,0.9999987898072432,0.999998779511144,0.9999984900664045,0.999998483306326,6.245887825031663,24.463677208836266,,1061.632491603647,False,False,False,,[]
184,184,185,True,1.0,1.0,184.0,185.0,184.0,185.0,185.0,0.0,36.5321088,31.2212736,-720.7833479980231,0.5060100555419922,0.5060100555419922,0.0,1.0,0.5900109792338788,0.5902869522466346,0.9999664191236547,0.9799664616584778,0.9999658673364562,0.999998779511144,0.9999987601457666,0.999998483306326,0.9999984568400888,18.274745614142393,71.53220490632492,,1212.0663801369656,False,False,False,,[]
185,185,186,True,1.0,1.0,185.0,186.0,185.0,186.0,186.0,0.0,31.2212736,28.4853888,-328.49150666869446,0.5060102343559265,0.5060102343559265,0.0,1.0,0.5902869522466346,0.5903962214812553,0.9999658673364562,0.97996586561203,0.9999656409570022,0.9999987601457666,0.9999987482416681,0.9999984568400888,0.9999984490128224,7.2329807700739295,28.322585613679966,,1071.6964086650814,False,False,False,,[]
186,186,187,True,1.0,1.0,186.0,187.0,186.0,187.0,187.0,0.0,28.4853888,27.6807168,-33.38912213215446,0.5060102939605713,0.5060102939605713,0.0,1.0,0.5903962214812553,0.5904042512295318,0.9999656409570022,0.9799656867980957,0.9999656258899321,0.9999987482416681,0.9999987462703426,0.9999984490128224,0.9999984462078297,0.5313887154541103,2.0813107532684363,,1001.7497794119921,False,False,False,,[]
187,187,188,True,1.0,1.0,187.0,188.0,187.0,188.0,188.0,0.0,27.6807168,29.129126400000004,312.1028171512493,0.5060102939605713,0.5060102939605713,0.0,1.0,0.5904042512295318,0.5902632444832794,0.9999656258899321,0.9799656271934509,0.9999653254210988,0.9999987462703426,0.9999987343336388,0.9999984462078297,0.9999984332602212,-9.327301572233727,-36.54894862860704,,836.1637882717763,False,False,False,,[]
188,188,189,True,1.0,1.0,188.0,189.0,188.0,189.0,189.0,0.0,29.129126400000004,29.933798400000004,213.96621620774567,0.5060104131698608,0.5060104131698608,0.0,1.0,0.5902632444832794,0.5901670467346044,0.9999653254210988,0.979965329170227,0.9999651286548923,0.9999987343336388,0.9999987256477639,0.9999984332602212,0.9999984282168239,-6.3639034070792055,-24.934456456567354,,885.2662679785219,False,False,False,,[]
189,189,190,True,1.0,1.0,189.0,190.0,189.0,190.0,190.0,0.0,29.933798400000004,32.18688,436.70335574090177,0.5060104727745056,0.5060104727745056,0.0,1.0,0.5901670467346044,0.5899641292603105,0.9999651286548923,0.9799651503562927,0.9999647076128805,0.9999987256477639,0.999998710379124,0.9999984282168239,0.9999984163778166,-13.419061243831836,-52.59620933696943,,786.0836018364307,False,False,False,,[]
190,190,191,True,1.0,1.0,190.0,191.0,190.0,191.0,191.0,0.0,32.18688,35.7274368,635.5024185768948,0.5060105919837952,0.5060105919837952,0.0,1.0,0.5899641292603105,0.589643963542403,0.9999647076128805,0.9799647331237793,0.9999640837185689,0.999998710379124,0.9999986923611013,0.9999984163778166,0.9999983926340664,-21.16351357051688,-82.98695408162685,,702.0909353532361,False,False,False,,[]
191,191,192,True,1.0,1.0,191.0,192.0,191.0,192.0,192.0,0.0,35.7274368,39.428928,662.2015848111699,0.5060107707977295,0.5060107707977295,0.0,1.0,0.589643963542403,0.5892844861949822,0.9999640837185689,0.9799640774726868,0.9999634006200939,0.9999986923611013,0.9999986733044827,0.9999983926340664,0.9999983727722627,-23.756397937049545,-93.17652845148191,,681.8000750853568,False,False,False,,[]
192,192,193,True,1.0,1.0,192.0,193.0,192.0,193.0,193.0,0.0,39.428928,43.9350912,788.0328307810554,0.5060109496116638,0.5060109496116638,0.0,1.0,0.5892844861949822,0.588819912522872,0.9999634006200939,0.9799634218215942,0.9999625849176108,0.9999986733044827,0.9999986571452112,0.9999983727722627,0.9999983465551111,-30.68765926673453,-120.41749581095199,,629.5166468076569,False,False,False,,[]
193,193,194,True,1.0,1.0,193.0,194.0,193.0,194.0,194.0,0.0,43.9350912,49.084992,889.9676752556925,0.5060112476348877,0.5060112476348877,0.0,1.0,0.588819912522872,0.5882300861270956,0.9999625849176108,0.9799625873565674,0.9999616119804451,0.9999986571452112,0.9999986365820484,0.9999983465551111,0.999998309686297,-38.939280955548455,-152.8830017852556,,573.2130362475555,False,False,False,,[]
194,194,195,True,1.0,1.0,194.0,195.0,194.0,195.0,195.0,0.0,49.084992,53.91302400000001,844.531454558995,0.5060114860534668,0.5060114860534668,0.0,1.0,0.5882300861270956,0.5876105412189483,0.9999616119804451,0.979961633682251,0.9999605702369047,0.9999986365820484,0.999998618141971,0.999998309686297,0.999998268029295,-40.88846218491085,-160.5860401917926,,560.5958285802085,False,False,False,,[]
195,195,196,True,1.0,1.0,195.0,196.0,195.0,196.0,196.0,0.0,53.91302400000001,58.25825280000001,774.541696064705,0.5060118436813354,0.5060118436813354,0.0,1.0,0.5876105412189483,0.5869916668445222,0.9999605702369047,0.979960560798645,0.999959530070333,0.999998618141971,0.9999985997900553,0.999998268029295,0.9999982264220009,-40.83507362017465,-160.41223785125126,,560.8996071418163,False,False,False,,[]
196,196,197,True,1.0,1.0,196.0,197.0,196.0,197.0,197.0,0.0,58.25825280000001,60.028531199999996,383.3080611509815,0.5060121417045593,0.5060121417045593,0.0,1.0,0.5869916668445222,0.5866595820247074,0.999959530070333,0.9799595475196838,0.999958887716056,0.9999985997900553,0.9999985818830247,0.9999982264220009,0.9999982047086463,-21.926911755122646,-86.07638529599993,,696.4076210542878,False,False,False,,[]
197,197,198,True,1.0,1.0,197.0,198.0,197.0,198.0,198.0,0.0,60.028531199999996,63.247219199999996,607.3878296117814,0.5060123205184937,0.5060123205184937,0.0,1.0,0.5866595820247074,0.5861386257251108,0.999958887716056,0.9799588918685913,0.9999580180358243,0.9999985818830247,0.9999985641129129,0.9999982047086463,0.9999981836350739,-34.37404639901385,-135.03187285544706,,607.2500775618927,False,False,False,,[]
198,198,199,True,1.0,1.0,198.0,199.0,198.0,199.0,199.0,0.0,63.247219199999996,65.178432,413.04070947921133,0.5060125589370728,0.5060125589370728,0.0,1.0,0.5861386257251108,0.5857605816129742,0.9999580180358243,0.9799580574035645,0.9999573087017074,0.9999985641129129,0.9999985478190917,0.9999981836350739,0.9999981634492715,-24.95133358087573,-97.98903386579681,,673.1934352807007,False,False,False,,[]
199,199,200,True,1.0,1.0,199.0,200.0,199.0,200.0,200.0,0.0,65.178432,67.7533824,513.9169178969848,0.5060127973556519,0.5060127973556519,0.0,1.0,0.5857605816129742,0.5852847518627935,0.9999573087017074,0.9799573421478271,0.9999564812104936,0.9999985478190917,0.9999985310627263,0.9999981634492715,0.9999981443647704,-31.392293147184095,-123.33507124682706,,627.1874188035155,False,False,False,,[]
200,200,201,True,1.0,1.0,200.0,201.0,200.0,201.0,201.0,0.0,67.7533824,70.00646400000001,467.34644428221594,0.506013035774231,0.506013035774231,0.0,1.0,0.5852847518627935,0.5848358193770556,0.9999564812104936,0.9799565076828003,0.9999556827004404,0.9999985310627263,0.9999985148496187,0.9999981443647704,0.999998126355371,-29.61602224596946,-116.3633003032588,,639.7928102713107,False,False,False,,[]
201,201,202,True,1.0,1.0,201.0,202.0,201.0,202.0,202.0,0.0,70.00646400000001,72.58141440000001,519.3303977332293,0.5060132741928101,0.5060132741928101,0.0,1.0,0.5848358193770556,0.5843195761881428,0.9999556827004404,0.9799556732177734,0.9999548170379298,0.9999985148496187,0.9999984975223076,0.999998126355371,0.9999981044161065,-34.04486572035313,-133.81023456622,,608.9852056447721,False,False,False,,[]
202,202,203,True,1.0,1.0,202.0,203.0,202.0,203.0,203.0,0.0,72.58141440000001,74.029824,349.44229432174365,0.5060135722160339,0.5060135722160339,0.0,1.0,0.5843195761881428,0.5839554579185835,0.9999548170379298,0.9799548387527466,0.9999541272749836,0.9999984975223076,0.9999984813770808,0.9999981044161065,0.9999980866139639,-24.02045962210966,-94.37945546977744,,681.6437738675633,False,False,False,,[]
203,203,204,True,1.0,1.0,203.0,204.0,203.0,204.0,204.0,0.0,74.029824,75.3172992,326.49883713417734,0.5060137510299683,0.5060137510299683,0.0,1.0,0.5839554579185835,0.583604390806792,0.9999541272749836,0.9799541234970093,0.9999534564319887,0.9999984813770808,0.9999984626442597,0.9999980866139639,0.9999980690434611,-23.158453054294394,-90.99659537634997,,687.5428817514211,False,False,False,,[]
204,204,205,True,1.0,1.0,204.0,205.0,204.0,205.0,205.0,0.0,75.3172992,76.44384000000001,303.38889395958944,0.5060139894485474,0.5060139894485474,0.0,1.0,0.583604390806792,0.5832701124207244,0.9999534564319887,0.9799534678459167,0.9999528107279124,0.9999984626442597,0.9999984432843886,0.9999980690434611,0.9999980516486945,-22.050412638690887,-86.64495766875429,,696.5711965253189,False,False,False,,[]
205,205,206,True,1.0,1.0,205.0,206.0,205.0,206.0,206.0,0.0,76.44384000000001,76.44384000000001,131.87352428780403,0.5060141682624817,0.5060141682624817,0.0,1.0,0.5832701124207244,0.5831135470517793,0.9999528107279124,0.9799528121948242,0.9999524791992105,0.9999984432843886,0.9999984293630647,0.9999980516486945,0.9999980410367991,-10.332792565980657,-40.5817436305485,,823.5526448041722,False,False,False,,[]
206,206,207,True,1.0,1.0,206.0,207.0,206.0,207.0,207.0,0.0,76.44384000000001,76.1219712,82.46398124780467,0.5060142278671265,0.5060142278671265,0.0,1.0,0.5831135470517793,0.5830112203129604,0.9999524791992105,0.9799525141716003,0.9999522686378501,0.9999984293630647,0.9999984197107743,0.9999980410367991,0.9999980315942548,-6.754433121465441,-26.52309070186224,,875.2906000931187,False,False,False,,[]
207,207,208,True,1.0,1.0,207.0,208.0,207.0,208.0,208.0,0.0,76.1219712,75.96103680000002,106.76145285631549,0.506014347076416,0.506014347076416,0.0,1.0,0.5830112203129604,0.5828813916248629,0.9999522686378501,0.9799522757530212,0.999951994199634,0.9999984197107743,0.9999984073844619,0.9999980315942548,0.9999980211387867,-8.569314079964903,-33.65159595487039,,847.418638474447,False,False,False,,[]
208,208,209,True,1.0,1.0,208.0,209.0,208.0,209.0,209.0,0.0,75.96103680000002,75.63916800000001,81.85367584245664,0.5060144066810608,0.5060144066810608,0.0,1.0,0.5828813916248629,0.5827802999189484,0.999951994199634,0.9799520373344421,0.9999517864308212,0.9999984073844619,0.999998397819784,0.9999980211387867,0.9999980117415398,-6.673261817304719,-26.202970173017093,,876.5543956593715,False,False,False,,[]
209,209,210,True,1.0,1.0,209.0,210.0,209.0,210.0,210.0,0.0,75.63916800000001,75.63916800000001,130.8584968185082,0.5060144662857056,0.5060144662857056,0.0,1.0,0.5827802999189484,0.5826264009133422,0.9999517864308212,0.979951798915863,0.9999514601904729,0.999998397819784,0.9999983840960587,0.9999980117415398,0.9999980012199413,-10.157785030877887,-39.8906222531399,,825.9218109599931,False,False,False,,[]
210,210,211,True,1.0,1.0,210.0,211.0,210.0,211.0,211.0,0.0,75.63916800000001,75.63916800000001,130.8584968185082,0.5060145258903503,0.5060145258903503,0.0,1.0,0.5826264009133422,0.5824725029135279,0.9999514601904729,0.9799515008926392,0.9999511339521221,0.9999983840960587,0.9999983703723326,0.9999980012199413,0.9999979906983425,-10.157785109673277,-39.89036155186084,,825.922632561047,False,False,False,,[]
211,211,212,True,1.0,1.0,211.0,212.0,211.0,212.0,212.0,0.0,75.63916800000001,75.63916800000001,130.8584968185082,0.5060146450996399,0.5060146450996399,0.0,1.0,0.5824725029135279,0.5823186058826664,0.9999511339521221,0.9799511432647705,0.9999508077156958,0.9999983703723326,0.999998356648605,0.9999979906983425,0.999997980176743,-10.157785267263945,-39.89011039930431,,825.923423293195,False,False,False,,[]
212,212,213,True,1.0,1.0,212.0,213.0,212.0,213.0,213.0,0.0,75.63916800000001,75.63916800000001,130.8584968185082,0.5060147643089294,0.5060147643089294,0.0,1.0,0.5823186058826664,0.582164709786081,0.9999508077156958,0.9799508452415466,0.999950481481125,0.999998356648605,0.9999983429248759,0.999997980176743,0.999997969655143,-10.157785424854458,-39.88986823491169,,825.9241857449222,False,False,False,,[]
213,213,214,True,1.0,1.0,213.0,214.0,213.0,214.0,214.0,0.0,75.63916800000001,75.96103680000002,180.26803985850756,0.5060148239135742,0.5060148239135742,0.0,1.0,0.582164709786081,0.5819605702884614,0.999950481481125,0.979950487613678,0.9999500581439541,0.9999983429248759,0.9999983276725957,0.999997969655143,0.9999979582544998,-13.472002670416746,-52.91295778301865,,785.4681245238686,False,False,False,,[]
214,214,215,True,1.0,1.0,214.0,215.0,214.0,215.0,215.0,0.0,75.96103680000002,76.2829056,180.67276192245535,0.5060150027275085,0.5060150027275085,0.0,1.0,0.5819605702884614,0.581755128586157,0.9999500581439541,0.9799500703811646,0.99994963236485,0.9999983276725957,0.9999983123516114,0.9999979582544998,0.9999979467684206,-13.557672418663461,-53.250489237297515,,784.420359796412,False,False,False,,[]
215,215,216,True,1.0,1.0,215.0,216.0,215.0,216.0,216.0,0.0,76.2829056,77.0875776,255.19351711143153,0.5060151219367981,0.5060151219367981,0.0,1.0,0.581755128586157,0.5814711574163833,0.99994963236485,0.9799496531486511,0.9999490671138127,0.9999983123516114,0.9999982985291915,0.9999979467684206,0.9999979290035278,-18.735109668782503,-73.60532720533519,,728.8185720516983,False,False,False,,[]
216,216,217,True,1.0,1.0,216.0,217.0,216.0,217.0,217.0,0.0,77.0875776,78.053184,280.921908925862,0.5060153007507324,0.5060153007507324,0.0,1.0,0.5814711574163833,0.5811556600035901,0.9999490671138127,0.9799490571022034,0.9999484505670824,0.9999982985291915,0.9999982816372741,0.9999979290035278,0.9999979117239919,-20.81197748389002,-81.77692939599888,,708.5547518004429,False,False,False,,[]
217,217,218,True,1.0,1.0,217.0,218.0,217.0,218.0,218.0,0.0,78.053184,79.01879040000001,282.164431440661,0.5060154795646667,0.5060154795646667,0.0,1.0,0.5811556600035901,0.5808349841288564,0.9999484505670824,0.9799484610557556,0.9999478258737967,0.9999982816372741,0.9999982643765812,0.9999979117239919,0.9999978944403797,-21.15194076666022,-83.11918673096979,,705.373069411382,False,False,False,,[]
218,218,219,True,1.0,1.0,218.0,219.0,218.0,219.0,219.0,0.0,79.01879040000001,79.66252800000001,234.0128780007013,0.5060156583786011,0.5060156583786011,0.0,1.0,0.5808349841288564,0.5805626800045642,0.9999478258737967,0.9799478650093079,0.9999472803217935,0.9999982643765812,0.9999982491111468,0.9999978944403797,0.9999978772800211,-17.962950626799984,-70.58122901651682,,735.6808273723813,False,False,False,,[]
219,219,220,True,1.0,1.0,219.0,220.0,219.0,220.0,220.0,0.0,79.66252800000001,80.4672,259.564902079197,0.5060157775878906,0.5060157775878906,0.0,1.0,0.5805626800045642,0.580262537930793,0.9999472803217935,0.9799473285675049,0.9999466883997684,0.9999982491111468,0.999998234336947,0.9999978772800211,0.9999978600108002,-19.796797730134088,-77.79682552151345,,718.7121097141459,False,False,False,,[]
220,220,221,True,1.0,1.0,220.0,221.0,220.0,221.0,221.0,0.0,80.4672,81.4328064,285.33840622560007,0.506015956401825,0.506015956401825,0.0,1.0,0.580262537930793,0.5799290636389536,0.9999466883997684,0.9799467325210571,0.9999460439218956,0.999998234336947,0.9999982161249489,0.9999978600108002,0.9999978431220838,-21.991901154238455,-86.43653644475813,,697.8256064641174,False,False,False,,[]
221,221,222,True,1.0,1.0,221.0,222.0,221.0,222.0,222.0,0.0,81.4328064,82.07654400000001,237.2255204987583,0.506016194820404,0.506016194820404,0.0,1.0,0.5799290636389536,0.5796459434484665,0.9999460439218956,0.9799460768699646,0.9999454800949048,0.9999982161249489,0.9999982005199698,0.9999978431220838,0.9999978261453032,-18.67294290009787,-73.38475337425437,,728.8180073377189,False,False,False,,[]
222,222,223,True,1.0,1.0,222.0,223.0,222.0,223.0,223.0,0.0,82.07654400000001,82.88121600000001,262.8033230526666,0.5060163736343384,0.5060163736343384,0.0,1.0,0.5796459434484665,0.5793339071840271,0.9999454800949048,0.9799454808235168,0.9999448690378864,0.9999982005199698,0.999998184899186,0.9999978261453032,0.9999978094637697,-20.57736528795764,-80.87979974270125,,711.5187785855538,False,False,False,,[]
223,223,224,True,1.0,1.0,223.0,224.0,223.0,224.0,224.0,0.0,82.88121600000001,84.00775680000001,313.3138218133308,0.5060165524482727,0.5060165524482727,0.0,1.0,0.5793339071840271,0.5789584827779299,0.9999448690378864,0.9799448847770691,0.9999441633361218,0.999998184899186,0.9999981629129138,0.9999978094637697,0.9999977943189143,-24.751285358346106,-97.31000606037807,,674.2516788302712,False,False,False,,[]
224,224,225,True,1.0,1.0,224.0,225.0,224.0,225.0,225.0,0.0,84.00775680000001,85.61710080000002,388.98751931504995,0.506016731262207,0.506016731262207,0.0,1.0,0.5789584827779299,0.5784961496085332,0.9999441633361218,0.9799441695213318,0.9999433500388403,0.9999981629129138,0.9999981447115965,0.9999977943189143,0.9999977758009265,-30.470347057886617,-119.83675750761611,,632.7583279293244,False,False,False,,[]
225,225,226,True,1.0,1.0,225.0,226.0,225.0,226.0,226.0,0.0,85.61710080000002,87.06551040000001,366.5469572186204,0.5060169696807861,0.5060169696807861,0.0,1.0,0.5784961496085332,0.5780523336716312,0.9999433500388403,0.9799433946609497,0.9999425573543604,0.9999981447115965,0.9999981269684054,0.9999977758009265,0.9999977580745775,-29.248377565457844,-115.03709084499567,,641.6204045998508,False,False,False,,[]
226,226,227,True,1.0,1.0,226.0,227.0,226.0,227.0,227.0,0.0,87.06551040000001,87.8701824,269.8023939472968,0.5060172080993652,0.5060172080993652,0.0,1.0,0.5780523336716312,0.5777147181852597,0.9999425573543604,0.9799425601959229,0.9999419065828529,0.9999981269684054,0.9999981096576712,0.9999977580745775,0.9999977426066982,-22.25475275820128,-87.50993406749785,,696.6353380946538,False,False,False,,[]
227,227,228,True,1.0,1.0,227.0,228.0,227.0,228.0,228.0,0.0,87.8701824,88.3529856,221.5604010227713,0.5060174465179443,0.5060174465179443,0.0,1.0,0.5777147181852597,0.5774289113352096,0.9999419065828529,0.9799419045448303,0.9999413382668617,0.9999981096576712,0.9999980922769177,0.9999977426066982,0.9999977268467427,-18.841725133433336,-74.08113553297319,,726.8608439788168,False,False,False,,[]
228,228,229,True,1.0,1.0,228.0,229.0,228.0,229.0,229.0,0.0,88.3529856,88.51392000000001,172.85654374714147,0.5060175657272339,0.5060175657272339,0.0,1.0,0.5774289113352096,0.5771980673131237,0.9999413382668617,0.9799413681030273,0.9999408656595414,0.9999980922769177,0.9999980745943748,0.9999977268467427,0.9999977126734967,-15.220494074371581,-59.83477052466004,,763.3817715629137,False,False,False,,[]
229,229,230,True,1.0,1.0,229.0,230.0,229.0,230.0,230.0,0.0,88.51392000000001,88.3529856,123.6830885777744,0.5060177445411682,0.5060177445411682,0.0,1.0,0.5771980673131237,0.5770290528747629,0.9999408656595414,0.9799408912658691,0.9999405096340451,0.9999980745943748,0.9999980595372256,0.9999977126734967,0.9999977020322521,-11.145919189076722,-43.8085424231177,,812.7997217977764,False,False,False,,[]
230,230,231,True,1.0,1.0,230.0,231.0,230.0,231.0,231.0,0.0,88.3529856,87.8701824,74.03745766714079,0.5060178637504578,0.5060178637504578,0.0,1.0,0.5770290528747629,0.5769299847503202,0.9999405096340451,0.9799405336380005,0.999940306426868,0.9999980595372256,0.9999980549655144,0.9999977020322521,0.999997692145204,-6.534773955233621,-25.67845785556015,,881.9527409338998,False,False,False,,[]
231,231,232,True,1.0,1.0,231.0,232.0,231.0,232.0,232.0,0.0,87.8701824,87.8701824,147.44608646277223,0.5060179233551025,0.5060179233551025,0.0,1.0,0.5769299847503202,0.5767334647169031,0.999940306426868,0.9799403548240662,0.9999398974565057,0.9999980549655144,0.9999980381773673,0.999997692145204,0.9999976816957102,-12.959585061335527,-50.93799266169923,,790.7296685233334,False,False,False,,[]
232,232,233,True,1.0,1.0,232.0,233.0,232.0,233.0,233.0,0.0,87.8701824,88.1920512,196.85562950276963,0.5060180425643921,0.5060180425643921,0.0,1.0,0.5767334647169031,0.5764753155205425,0.9999398974565057,0.9799399375915527,0.9999393763023456,0.9999980381773673,0.9999980204066321,0.9999976816957102,0.9999976661812245,-17.020534457053735,-66.91227169665218,,744.2969179341463,False,False,False,,[]
233,233,234,True,1.0,1.0,233.0,234.0,233.0,234.0,234.0,0.0,88.1920512,88.67485440000002,222.03042855776337,0.5060181617736816,0.5060181617736816,0.0,1.0,0.5764753155205425,0.5761881104347488,0.9999393763023456,0.9799394011497498,0.9999388056581383,0.9999980204066321,0.9999980029758779,0.9999976661812245,0.999997650520261,-18.934152335800754,-74.44355823774308,,726.0259563076844,False,False,False,,[]
234,234,235,True,1.0,1.0,234.0,235.0,234.0,235.0,235.0,0.0,88.67485440000002,89.31859200000001,247.44346368966978,0.506018340587616,0.506018340587616,0.0,1.0,0.5761881104347488,0.575871679408055,0.9999388056581383,0.979938805103302,0.9999381876367323,0.9999980029758779,0.9999979864879185,0.999997650520261,0.999997635053473,-20.85829032767617,-82.01892211905529,,709.1253510074341,False,False,False,,[]
235,235,236,True,1.0,1.0,235.0,236.0,235.0,236.0,236.0,0.0,89.31859200000001,89.64046080000001,198.98428710980917,0.5060185194015503,0.5060185194015503,0.0,1.0,0.575871679408055,0.5756069581177696,0.9999381876367323,0.9799382090568542,0.9999376550877569,0.9999979864879185,0.9999979684368173,0.999997635053473,0.999997619386845,-17.45180699311036,-68.61575844194678,,739.8124585392534,False,False,False,,[]
236,236,237,True,1.0,1.0,236.0,237.0,236.0,237.0,237.0,0.0,89.64046080000001,90.28419840000001,248.87159122741994,0.5060186982154846,0.5060186982154846,0.0,1.0,0.5756069581177696,0.5752858547022669,0.9999376550877569,0.9799376726150513,0.9999370297254907,0.9999979684368173,0.9999979518487039,0.999997619386845,0.999997604106246,-21.16459916056791,-83.2300052983218,,706.4599773295148,False,False,False,,[]
237,237,238,True,1.0,1.0,237.0,238.0,237.0,238.0,238.0,0.0,90.28419840000001,90.6060672,200.4227260377255,0.506018877029419,0.506018877029419,0.0,1.0,0.5752858547022669,0.5750166979889808,0.9999370297254907,0.9799370765686035,0.9999364895517491,0.9999979518487039,0.9999979336135582,0.999997604106246,0.9999975883483712,-17.742807701008715,-69.7654200837543,,736.8289387904932,False,False,False,,[]
238,238,239,True,1.0,1.0,238.0,239.0,238.0,239.0,239.0,0.0,90.6060672,91.0888704,225.61041433042072,0.5060190558433533,0.5060190558433533,0.0,1.0,0.5750166979889808,0.5747180112196224,0.9999364895517491,0.9799364805221558,0.9999358999993289,0.9999979336135582,0.9999979158196942,0.9999975883483712,0.9999975726941378,-19.687174776810235,-77.41961061770917,,718.8606933268527,False,False,False,,[]
239,239,240,True,1.0,1.0,239.0,240.0,239.0,240.0,240.0,0.0,91.0888704,91.2498048,176.92846875888605,0.5060192346572876,0.5060192346572876,0.0,1.0,0.5747180112196224,0.5744743451052192,0.9999358999993289,0.9799359440803528,0.999935404357222,0.9999979158196942,0.9999978975199902,0.9999975726941378,0.9999975572446878,-16.06288647775292,-63.1582568533005,,753.5911562566848,False,False,False,,[]
240,240,241,True,1.0,1.0,240.0,241.0,240.0,241.0,241.0,0.0,91.2498048,91.2498048,152.467089010889,0.5060193538665771,0.5060193538665771,0.0,1.0,0.5744743451052192,0.5742630952092966,0.999935404357222,0.9799354076385498,0.9999349677347475,0.9999978975199902,0.9999978798746064,0.9999975572446878,0.9999975453219948,-13.927254124951384,-54.75597302312776,,778.5250285138644,False,False,False,,[]
241,241,242,True,1.0,1.0,241.0,242.0,241.0,242.0,242.0,0.0,91.2498048,90.927936,103.05754597088962,0.5060194730758667,0.5060194730758667,0.0,1.0,0.5742630952092966,0.5741168462606724,0.9999349677347475,0.9799349904060364,0.9999346567469006,0.9999978798746064,0.9999978675178449,0.9999975453219948,0.9999975343283629,-9.643907917583514,-37.90772748339757,,832.8488050012885,False,False,False,,[]
242,242,243,True,1.0,1.0,242.0,243.0,242.0,243.0,243.0,0.0,90.927936,90.927936,151.9807351081407,0.5060195922851562,0.5060195922851562,0.0,1.0,0.5741168462606724,0.573907002568438,0.9999346567469006,0.9799346923828125,0.9999342227424023,0.9999978675178449,0.9999978499540187,0.9999975343283629,0.9999975225175468,-13.835124107456737,-54.39148502715387,,779.6548843720435,False,False,False,,[]
243,243,244,True,1.0,1.0,243.0,244.0,243.0,244.0,244.0,0.0,90.927936,90.927936,151.9807351081407,0.5060197114944458,0.5060197114944458,0.0,1.0,0.573907002568438,0.5736971597998576,0.9999342227424023,0.9799342155456543,0.9999337887396251,0.9999978499540187,0.9999978323901911,0.9999975225175468,0.999997510706736,-13.835123841599783,-54.39124561602725,,779.655552812457,False,False,False,,[]
244,244,245,True,1.0,1.0,244.0,245.0,244.0,245.0,245.0,0.0,90.927936,90.927936,151.9807351081407,0.5060198307037354,0.5060198307037354,0.0,1.0,0.5736971597998576,0.5734873179141347,0.9999337887396251,0.9799337983131409,0.9999333547384931,0.9999978323901911,0.9999978148263621,0.999997510706736,0.9999974988959305,-13.835123575742811,-54.3910167793764,,779.6561917649401,False,False,False,,[]
245,245,246,True,1.0,1.0,245.0,246.0,245.0,246.0,246.0,0.0,90.927936,90.927936,151.9807351081407,0.5060200095176697,0.5060200095176697,0.0,1.0,0.5734873179141347,0.5732774768736039,0.9999333547384931,0.9799333810806274,0.9999329207389359,0.9999978148263621,0.9999977972625309,0.9999974988959305,0.9999974870851328,-13.835123176957325,-54.390797705587325,,779.6568047659123,False,False,False,,[]
246,246,247,True,1.0,1.0,246.0,247.0,246.0,247.0,247.0,0.0,90.927936,90.927936,151.9807351081407,0.5060201287269592,0.5060201287269592,0.0,1.0,0.5732774768736039,0.5730676366376487,0.9999329207389359,0.979932963848114,0.999932486740878,0.9999977972625309,0.9999977796986983,0.9999974870851328,0.9999974752743404,-13.835122911100315,-54.39058915958908,,779.6573872678663,False,False,False,,[]
247,247,248,True,1.0,1.0,247.0,248.0,247.0,248.0,248.0,0.0,90.927936,90.7670016,127.27596358813904,0.5060202479362488,0.5060202479362488,0.0,1.0,0.5730676366376487,0.572890270506926,0.999932486740878,0.9799324870109558,0.9999321144644624,0.9999977796986983,0.9999977641899085,0.9999974752743404,0.9999974647409055,-11.695292137034837,-45.97330108332875,,806.0381952686336,False,False,False,,[]
248,248,249,True,1.0,1.0,248.0,249.0,248.0,249.0,249.0,0.0,90.7670016,90.28419840000001,77.62388805865274,0.5060203671455383,0.5060203671455383,0.0,1.0,0.572890270506926,0.5727827655121551,0.9999321144644624,0.9799321293830872,0.9999318921241553,0.9999977641899085,0.9999977582804936,0.9999974647409055,0.9999974544076504,-7.090426544677441,-27.86529464461663,,872.6142869958999,False,False,False,,[]
249,249,250,True,1.0,1.0,249.0,250.0,249.0,250.0,250.0,0.0,90.28419840000001,89.8013952,76.89886843772518,0.5060204267501831,0.5060204267501831,0.0,1.0,0.5727827655121551,0.5726767514108774,0.9999318921241553,0.9799318909645081,0.9999316731868445,0.9999977582804936,0.9999977524574954,0.9999974544076504,0.999997444153717,-6.992454086997828,-27.478855051203166,,874.1375161054129,False,False,False,,[]
250,250,251,True,1.0,1.0,250.0,251.0,250.0,251.0,251.0,0.0,89.8013952,88.67485440000002,-22.641370491885578,0.5060204863548279,0.5060204863548279,0.0,1.0,0.5726767514108774,0.5726981939493949,0.9999316731868445,0.9799317121505737,0.9999316324205173,0.9999977524574954,0.9999977510415398,0.999997444153717,0.9999974399081951,1.4149362349359564,5.5579059837434155,,1011.8430442378992,False,False,False,,[]
251,251,252,True,1.0,1.0,251.0,252.0,251.0,252.0,252.0,0.0,88.67485440000002,87.8701824,25.100520009668756,0.5060204863548279,0.5060204863548279,0.0,1.0,0.5726981939493949,0.5726629170173982,0.9999316324205173,0.979931652545929,0.999931564438535,0.9999977510415398,0.9999977494887782,0.9999974399081951,0.9999974353230409,-2.3276672477918114,-9.143780773541721,,954.0045353886093,False,False,False,,[]
252,252,253,True,1.0,1.0,252.0,253.0,252.0,253.0,253.0,0.0,87.8701824,87.22644480000001,48.62700038277156,0.5060205459594727,0.5060205459594727,0.0,1.0,0.5726629170173982,0.5725968640973397,0.999931564438535,0.9799315929412842,0.999931433257695,0.9999977494887782,0.999997746505307,0.9999974353230409,0.9999974277553817,-4.358239814969957,-17.120916879193718,,917.6651262376755,False,False,False,,[]
253,253,254,True,1.0,1.0,253.0,254.0,253.0,254.0,254.0,0.0,87.22644480000001,86.904576,97.10164404787858,0.5060205459594727,0.5060205459594727,0.0,1.0,0.5725968640973397,0.5724638322663881,0.999931433257695,0.9799314737319946,0.9999311511659594,0.999997746505307,0.9999977348784868,0.9999974277553817,0.9999974172569074,-8.776220096929407,-34.48185058264959,,845.0468808854805,False,False,False,,[]
254,254,255,True,1.0,1.0,254.0,255.0,254.0,255.0,255.0,0.0,86.904576,86.42177280000001,71.93200068797285,0.5060206651687622,0.5060206651687622,0.0,1.0,0.5724638322663881,0.5723689985369281,0.9999311511659594,0.9799311757087708,0.9999309574484295,0.9999977348784868,0.9999977305097747,0.9999974172569074,0.9999974076531505,-6.257181072365278,-24.58090267600985,,886.3849880686266,False,False,False,,[]
255,255,256,True,1.0,1.0,255.0,256.0,255.0,256.0,256.0,0.0,86.42177280000001,86.26083840000001,120.64745827753944,0.506020724773407,0.506020724773407,0.0,1.0,0.5723689985369281,0.5722070354124559,0.9999309574484295,0.9799309968948364,0.9999306152586627,0.9999977305097747,0.9999977158496722,0.9999974076531505,0.9999973969587056,-10.684601582348275,-41.98084186319581,,818.6410135309051,False,False,False,,[]
256,256,257,True,1.0,1.0,256.0,257.0,256.0,257.0,257.0,0.0,86.26083840000001,86.7436416,219.23604182323893,0.5060207843780518,0.5060207843780518,0.0,1.0,0.5722070354124559,0.5719282713837851,0.9999306152586627,0.9799306392669678,0.999930058752996,0.9999977158496722,0.9999976987242734,0.9999973969587056,0.9999973807351249,-18.383327841111736,-72.25563623146701,,731.1205082080145,False,False,False,,[]
257,257,258,True,1.0,1.0,257.0,258.0,257.0,258.0,258.0,0.0,86.7436416,86.904576,170.51929530990574,0.5060209631919861,0.5060209631919861,0.0,1.0,0.5719282713837851,0.5717049319309967,0.999930058752996,0.9799301028251648,0.9999295998177306,0.9999976987242734,0.9999976814089365,0.9999973807351249,0.9999973674218638,-14.730328901976351,-57.889586162754966,,769.3126849268697,False,False,False,,[]
258,258,259,True,1.0,1.0,258.0,259.0,258.0,259.0,259.0,0.0,86.904576,87.06551040000001,170.75108676797154,0.5060211420059204,0.5060211420059204,0.0,1.0,0.5717049319309967,0.5714808819986353,0.9999295998177306,0.9799296259880066,0.9999291395821684,0.9999976814089365,0.9999976640567569,0.9999973674218638,0.9999973540517922,-14.776959659735846,-58.07374246806545,,768.7602053378304,False,False,False,,[]
259,259,260,True,1.0,1.0,259.0,260.0,259.0,260.0,260.0,0.0,87.06551040000001,87.06551040000001,146.2785363472965,0.50602126121521,0.50602126121521,0.0,1.0,0.5714808819986353,0.5712875331746968,0.9999291395821684,0.9799291491508484,0.9999287366303893,0.9999976640567569,0.9999976473510876,0.9999973540517922,0.999997343855855,-12.75316990261811,-50.11601516486511,,793.3072737499001,False,False,False,,[]
260,260,261,True,1.0,1.0,260.0,261.0,260.0,261.0,261.0,0.0,87.06551040000001,86.5827072,72.16422178729549,0.5060213804244995,0.5060213804244995,0.0,1.0,0.5712875331746968,0.5711922368137463,0.9999287366303893,0.979928731918335,0.9999285418797189,0.9999976473510876,0.9999976429601268,0.999997343855855,0.9999973342204799,-6.287636339843259,-24.70081675838287,,885.8982821545966,False,False,False,,[]
261,261,262,True,1.0,1.0,261.0,262.0,261.0,262.0,262.0,0.0,86.5827072,85.93896960000001,46.76407589309445,0.5060214400291443,0.5060214400291443,0.0,1.0,0.5711922368137463,0.5711288475825017,0.9999285418797189,0.9799285531044006,0.9999284163165735,0.9999976429601268,0.9999976395677458,0.9999973342204799,0.9999973269438661,-4.183006151537794,-16.430488738597013,,920.2895439442453,False,False,False,,[]
262,262,263,True,1.0,1.0,262.0,263.0,262.0,263.0,263.0,0.0,85.93896960000001,85.295232,45.842925038417256,0.5060214996337891,0.5060214996337891,0.0,1.0,0.5711288475825017,0.5710677555466128,0.9999284163165735,0.9799284338951111,0.9999282955754196,0.9999976395677458,0.999997636817128,0.9999973269438661,0.9999973198127103,-4.031664197732024,-15.835055702400643,,923.3201755118484,False,False,False,,[]
263,263,264,True,1.0,1.0,263.0,264.0,263.0,264.0,264.0,0.0,85.295232,84.6514944,44.92864844385152,0.5060214996337891,0.5060214996337891,0.0,1.0,0.5710677555466128,0.5710082690128229,0.9999282955754196,0.9799283146858215,0.9999281781918588,0.999997636817128,0.9999976341416367,0.9999973198127103,0.9999973128268799,-3.925942951446673,-15.418909558358184,,925.1667651479901,False,False,False,,[]
264,264,265,True,1.0,1.0,264.0,265.0,264.0,265.0,265.0,0.0,84.6514944,83.84682240000001,19.31647458939758,0.5060215592384338,0.5060215592384338,0.0,1.0,0.5710082690128229,0.5709821879663124,0.9999281781918588,0.979928195476532,0.9999281283813359,0.9999976341416367,0.9999976330011482,0.9999973128268799,0.9999973093372481,-1.721548004286622,-6.7602072555053665,,965.5378128541669,False,False,False,,[]
265,265,266,True,1.0,1.0,265.0,266.0,265.0,266.0,266.0,0.0,83.84682240000001,84.3296256,215.83006075960375,0.5060215592384338,0.5060215592384338,0.0,1.0,0.5709821879663124,0.5707140966342581,0.9999281283813359,0.9799281358718872,0.9999275900342016,0.9999976330011482,0.9999976162741339,0.9999973093372481,0.9999972928621207,-17.683724452384062,-69.48927326846392,,737.9375688986981,False,False,False,,[]
266,266,267,True,1.0,1.0,266.0,267.0,266.0,267.0,267.0,0.0,84.3296256,83.685888,43.57012278971022,0.5060217380523682,0.5060217380523682,0.0,1.0,0.5707140966342581,0.570656973749396,0.9999275900342016,0.9799275994300842,0.9999274775751187,0.9999976162741339,0.9999976137090252,0.9999972928621207,0.999997286093887,-3.770277171650577,-14.806251756275222,,927.9001749008478,False,False,False,,[]
267,267,268,True,1.0,1.0,267.0,268.0,267.0,268.0,268.0,0.0,83.685888,83.5249536,116.78734640541536,0.5060217380523682,0.5060217380523682,0.0,1.0,0.570656973749396,0.5705038761407274,0.9999274775751187,0.9799274802207947,0.9999271529270524,0.9999976137090252,0.999997599574569,0.999997286093887,0.9999972753724273,-10.10235193956838,-39.68290016688013,,826.1606539153099,False,False,False,,[]
268,268,269,True,1.0,1.0,268.0,269.0,268.0,269.0,269.0,0.0,83.5249536,83.20308480000001,91.8593762524887,0.5060218572616577,0.5060218572616577,0.0,1.0,0.5705038761407274,0.5703820279186036,0.9999271529270524,0.9799271821975708,0.9999268973613528,0.999997599574569,0.9999975886261154,0.9999972753724273,0.9999972651777117,-8.04118776473782,-31.58305917447669,,855.7629067170964,False,False,False,,[]
269,269,270,True,1.0,1.0,269.0,270.0,269.0,270.0,270.0,0.0,83.20308480000001,82.88121600000001,91.4142679103936,0.5060219168663025,0.5060219168663025,0.0,1.0,0.5703820279186036,0.5702611185323104,0.9999268973613528,0.9799269437789917,0.9999266439975815,0.9999975886261154,0.9999975777367688,0.9999972651777117,0.9999972550113266,-7.9794333960510135,-31.339712927198832,,856.6767062034985,False,False,False,,[]
270,270,271,True,1.0,1.0,270.0,271.0,270.0,271.0,271.0,0.0,82.88121600000001,83.04215040000001,165.08519269333075,0.5060219764709473,0.5060219764709473,0.0,1.0,0.5702611185323104,0.5700548927435567,0.9999266439975815,0.9799266457557678,0.9999262167500412,0.9999975777367688,0.9999975613118092,0.9999972550113266,0.9999972435417102,-13.606539991454214,-53.45372444497706,,783.1803444449336,False,False,False,,[]
271,271,272,True,1.0,1.0,271.0,272.0,271.0,272.0,272.0,0.0,83.04215040000001,83.3640192,190.0114442812339,0.5060221552848816,0.5060221552848816,0.0,1.0,0.5700548927435567,0.569818526704521,0.9999262167500412,0.9799262285232544,0.9999257341716882,0.9999975613118092,0.9999975445077122,0.9999972435417102,0.9999972291610406,-15.593443547510908,-61.26607731804168,,759.9889291843067,False,False,False,,[]
272,272,273,True,1.0,1.0,272.0,273.0,272.0,273.0,273.0,0.0,83.3640192,83.84682240000001,215.1604648608131,0.5060222744941711,0.5060222744941711,0.0,1.0,0.569818526704521,0.5695526474260002,0.9999257341716882,0.9799257516860962,0.9999251996269424,0.9999975445077122,0.9999975278624451,0.9999972291610406,0.9999972127522909,-17.53836404391244,-68.91590899260241,,739.4328921750571,False,False,False,,[]
273,273,274,True,1.0,1.0,273.0,274.0,273.0,274.0,274.0,0.0,83.84682240000001,84.49056,240.53483227960342,0.5060224533081055,0.5060224533081055,0.0,1.0,0.5695526474260002,0.5692586770039536,0.9999251996269424,0.9799252152442932,0.9999246177958928,0.9999975278624451,0.9999975119392294,0.9999972127522909,0.9999971961603977,-19.38887509314939,-76.19713339447425,,722.1944471357907,False,False,False,,[]
274,274,275,True,1.0,1.0,274.0,275.0,274.0,275.0,275.0,0.0,84.49056,85.295232,266.1384133089244,0.5060226321220398,0.5060226321220398,0.0,1.0,0.5692586770039536,0.5689346629139727,0.9999246177958928,0.9799246191978455,0.999923987893961,0.9999975119392294,0.9999974955651978,0.9999971961603977,0.9999971801449151,-21.36730666905166,-83.9844521230576,,704.5261166206943,False,False,False,,[]
275,275,276,True,1.0,1.0,275.0,276.0,275.0,276.0,276.0,0.0,85.295232,86.09990400000001,267.27159212385254,0.5060228109359741,0.5060228109359741,0.0,1.0,0.5689346629139727,0.5686063775663708,0.999923987893961,0.9799240231513977,0.9999233513770137,0.9999974955651978,0.9999974789030946,0.9999971801449151,0.9999971642097059,-21.64734347090069,-85.09156209839372,,701.9837722253526,False,False,False,,[]
276,276,277,True,1.0,1.0,276.0,277.0,276.0,277.0,277.0,0.0,86.09990400000001,86.904576,268.4155119702018,0.5060229897499084,0.5060229897499084,0.0,1.0,0.5686063775663708,0.5682738348583202,0.9999233513770137,0.9799233675003052,0.9999227083222646,0.9999974789030946,0.999997461948611,0.9999971642097059,0.999997148413168,-21.926416340863405,-86.1950699267036,,699.4967518961687,False,False,False,,[]
277,277,278,True,1.0,1.0,277.0,278.0,277.0,278.0,278.0,0.0,86.904576,88.3529856,368.3892589279709,0.5060231685638428,0.5060231685638428,0.0,1.0,0.5682738348583202,0.5678211450299335,0.9999227083222646,0.9799227118492126,0.9999219055971066,0.999997461948611,0.9999974438501125,0.999997148413168,0.9999971303080064,-29.835199326435706,-117.33720351783049,,637.2812036559271,False,False,False,,[]
278,278,279,True,1.0,1.0,278.0,279.0,278.0,279.0,279.0,0.0,88.3529856,89.15765760000001,271.6756298271402,0.5060234069824219,0.5060234069824219,0.0,1.0,0.5678211450299335,0.5674770791837103,0.9999219055971066,0.9799219369888306,0.999921245129437,0.9999974438501125,0.9999974260534806,0.9999971303080064,0.9999971155628321,-22.681408902851864,-89.18186734105909,,693.1666978659493,False,False,False,,[]
279,279,280,True,1.0,1.0,279.0,280.0,279.0,280.0,280.0,0.0,89.15765760000001,89.47952640000001,198.74605103289065,0.506023645401001,0.506023645401001,0.0,1.0,0.5674770791837103,0.5672131400104329,0.999921245129437,0.979921281337738,0.9999207139304632,0.9999974260534806,0.9999974080332953,0.9999971155628321,0.9999970999263882,-17.40262914325451,-68.4130337135006,,740.3482465329963,False,False,False,,[]
280,280,281,True,1.0,1.0,280.0,281.0,280.0,281.0,281.0,0.0,89.47952640000001,90.123264,248.6324958679858,0.5060237646102905,0.5060237646102905,0.0,1.0,0.5672131400104329,0.5668929065021073,0.9999207139304632,0.9799207448959351,0.9999200899299375,0.9999974080332953,0.9999973914616979,0.9999970999263882,0.9999970846665869,-21.11002442508182,-83.00452535797648,,706.9811048968274,False,False,False,,[]
281,281,282,True,1.0,1.0,281.0,282.0,281.0,282.0,282.0,0.0,90.123264,90.123264,150.77236907326466,0.5060240030288696,0.5060240030288696,0.0,1.0,0.5668929065021073,0.5666866391078407,0.9999200899299375,0.9799200892448425,0.9999196626045186,0.9999973914616979,0.9999973741018346,0.9999970846665869,0.9999970732110433,-13.601502934091696,-53.46450859390977,,782.58568851822,False,False,False,,[]
282,282,283,True,1.0,1.0,282.0,283.0,282.0,283.0,283.0,0.0,90.123264,89.8013952,101.36282603326335,0.5060241222381592,0.5060241222381592,0.0,1.0,0.5666866391078407,0.5665441846777405,0.9999196626045186,0.9799196720123291,0.9999193592253556,0.9999973741018346,0.9999973619481533,0.9999970732110433,0.9999970623484762,-9.395491876578774,-36.92418828198044,,836.2542335745093,False,False,False,,[]
283,283,284,True,1.0,1.0,283.0,284.0,283.0,284.0,284.0,0.0,89.8013952,88.83578880000002,2.063401028116072,0.506024181842804,0.506024181842804,0.0,1.0,0.5665441846777405,0.5665415024297743,0.9999193592253556,0.9799193739891052,0.9999193542186289,0.9999973619481533,0.9999973618189941,0.9999970623484762,0.9999970621719587,-0.17698875638600645,-0.6952386728279004,,996.523530769616,False,False,False,,[]
284,284,285,True,1.0,1.0,284.0,285.0,284.0,285.0,285.0,0.0,88.83578880000002,87.709248,-24.072075877184606,0.506024181842804,0.506024181842804,0.0,1.0,0.5665415024297743,0.5665640818003528,0.9999193542186289,0.9799193739891052,0.999919311243201,0.9999973618189941,0.999997360329843,0.9999970621719587,0.9999970577464009,1.4901513338805592,5.852572853948533,,1012.5219796559192,False,False,False,,[]
285,285,286,True,1.0,1.0,285.0,286.0,285.0,286.0,286.0,0.0,87.709248,86.26083840000001,-75.13122652283373,0.506024181842804,0.506024181842804,0.0,1.0,0.5665640818003528,0.5666365461371341,0.999919311243201,0.9799193143844604,0.9999191664238362,0.999997360329843,0.9999973557498505,0.9999970577464009,0.99999704792647,4.783615234961584,18.782756093727468,,1045.5684634398942,False,False,False,,[]
286,286,287,True,1.0,1.0,286.0,287.0,286.0,287.0,287.0,0.0,86.26083840000001,84.49056,-126.63075945676046,0.5060242414474487,0.5060242414474487,0.0,1.0,0.5666365461371341,0.5667537137387307,0.9999191664238362,0.9799191951751709,0.9999189217980031,0.9999973557498505,0.9999973405098221,0.99999704792647,0.9999970372806376,7.73666274288927,30.369842333851327,,1071.6036532922112,False,False,False,,[]
287,287,288,True,1.0,1.0,287.0,288.0,287.0,288.0,288.0,0.0,84.49056,82.88121600000001,-104.43315949107472,0.5060243010520935,0.5060243010520935,0.0,1.0,0.5667537137387307,0.5668466359811284,0.9999189217980031,0.9799189567565918,0.9999187323396895,0.9999973405098221,0.999997327963664,0.9999970372806376,0.9999970267064595,6.136098312687469,24.085445229479593,,1053.5809938714135,False,False,False,,[]
288,288,289,True,1.0,1.0,288.0,289.0,288.0,289.0,289.0,0.0,82.88121600000001,82.88121600000001,140.3804211733311,0.5060243606567383,0.5060243606567383,0.0,1.0,0.5668466359811284,0.5666687612969191,0.9999187323396895,0.9799187779426575,0.9999183590785643,0.999997327963664,0.9999973124376877,0.9999970267064595,0.9999970164571379,-11.737325068257741,-46.10511814703955,,805.8172952150785,False,False,False,,[]
289,289,290,True,1.0,1.0,289.0,290.0,289.0,290.0,290.0,0.0,82.88121600000001,82.88121600000001,140.3804211733311,0.5060244798660278,0.5060244798660278,0.0,1.0,0.5666687612969191,0.5664908857819567,0.9999183590785643,0.979918360710144,0.9999179858158309,0.9999973124376877,0.9999972969117099,0.9999970164571379,0.9999970062078153,-11.737325233123123,-46.10533347825334,,805.8166496906189,False,False,False,,[]
290,290,291,True,1.0,1.0,290.0,291.0,290.0,291.0,291.0,0.0,82.88121600000001,82.23747840000001,41.56133509333236,0.5060245990753174,0.5060245990753174,0.0,1.0,0.5664908857819567,0.5664372091217079,0.9999179858158309,0.9799180030822754,0.9999178804970699,0.9999972969117099,0.9999972945070381,0.9999970062078153,0.9999969997646837,-3.5432898231343835,-13.912990336495474,,931.9175172568898,False,False,False,,[]
291,291,292,True,1.0,1.0,291.0,292.0,291.0,292.0,292.0,0.0,82.23747840000001,80.62813440000001,-107.54891788571514,0.5060246586799622,0.5060246586799622,0.0,1.0,0.5664372091217079,0.5665299871427809,0.9999178804970699,0.9799178838729858,0.9999176913594946,0.9999972945070381,0.999997281596022,0.9999969997646837,0.9999969891571185,6.127566126735241,24.048063062121717,,1053.0147457869984,False,False,False,,[]
292,292,293,True,1.0,1.0,292.0,293.0,292.0,293.0,293.0,0.0,80.62813440000001,80.4672,112.62004103464922,0.5060247182846069,0.5060247182846069,0.0,1.0,0.5665299871427809,0.5663866129839674,0.9999176913594946,0.9799177050590515,0.9999173861335049,0.999997281596022,0.9999972681133382,0.9999969891571185,0.9999969785969656,-9.463275781460165,-37.162581964448435,,834.7666314617156,False,False,False,,[]
293,293,294,True,1.0,1.0,293.0,294.0,293.0,294.0,294.0,0.0,80.4672,80.62813440000001,161.8145486256017,0.5060247778892517,0.5060247778892517,0.0,1.0,0.5663866129839674,0.5661904083034739,0.9999173861335049,0.9799174070358276,0.9999169777606224,0.9999972681133382,0.9999972522490149,0.9999969785969656,0.9999969680113108,-12.948219973689383,-50.856253183935095,,791.4573595028307,False,False,False,,[]
294,294,295,True,1.0,1.0,294.0,295.0,294.0,295.0,295.0,0.0,80.62813440000001,80.4672,112.62004103464922,0.5060248970985413,0.5060248970985413,0.0,1.0,0.5661904083034739,0.5660470325224639,0.9999169777606224,0.9799169898033142,0.9999166725313767,0.9999972522490149,0.9999972387663284,0.9999969680113108,0.9999969574511585,-9.463275957004432,-37.16300243778487,,834.7652727040096,False,False,False,,[]
295,295,296,True,1.0,1.0,295.0,296.0,295.0,296.0,296.0,0.0,80.4672,79.82346240000001,38.29069102560132,0.5060250163078308,0.5060250163078308,0.0,1.0,0.5660470325224639,0.565998831241357,0.9999166725313767,0.9799166917800903,0.9999165784610641,0.9999972387663284,0.999997236615668,0.9999969574511585,0.9999969515414656,-3.1824184034446477,-12.493772062906455,,938.3779707870709,False,False,False,,[]
296,296,297,True,1.0,1.0,296.0,297.0,296.0,297.0,297.0,0.0,79.82346240000001,79.66252800000001,111.54916020196553,0.5060250163078308,0.5060250163078308,0.0,1.0,0.565998831241357,0.565857941794325,0.9999165784610641,0.9799165725708008,0.9999162782282213,0.999997236615668,0.9999972233424812,0.9999969515414656,0.9999969409815374,-9.299729649610708,-36.51854467067452,,836.9980971728012,False,False,False,,[]
297,297,298,True,1.0,1.0,297.0,298.0,297.0,298.0,298.0,0.0,79.66252800000001,79.66252800000001,136.0410444791986,0.5060251355171204,0.5060251355171204,0.0,1.0,0.565857941794325,0.5656910000704569,0.9999162782282213,0.9799162745475769,0.9999159262588673,0.9999972233424812,0.9999972086234603,0.9999969409815374,0.9999969305266706,-11.018524815787746,-43.271294826610074,,814.7883784930691,False,False,False,,[]
298,298,299,True,1.0,1.0,298.0,299.0,298.0,299.0,299.0,0.0,79.66252800000001,79.66252800000001,136.0410444791986,0.5060251951217651,0.5060251951217651,0.0,1.0,0.5656910000704569,0.56552405737658,0.9999159262588673,0.9799159169197083,0.9999155742876129,0.9999972086234603,0.9999971939044386,0.9999969305266706,0.9999969200718036,-11.018524885275342,-43.27154625291809,,814.787607699174,False,False,False,,[]
299,299,300,True,1.0,1.0,299.0,300.0,299.0,300.0,300.0,0.0,79.66252800000001,79.01879040000001,37.22195839919793,0.5060253143310547,0.5060253143310547,0.0,1.0,0.56552405737658,0.5654776084405916,0.9999155742876129,0.9799156188964844,0.9999154837924676,0.9999971939044386,0.9999971918347944,0.9999969200718036,0.9999969143377415,-3.066863404909748,-12.039564208186727,,940.4664455402242,False,False,False,,[]
300,300,301,True,1.0,1.0,300.0,301.0,300.0,301.0,301.0,0.0,79.01879040000001,78.2141184,11.669934320700301,0.5060253739356995,0.5060253739356995,0.0,1.0,0.5654776084405916,0.5654627731498816,0.9999154837924676,0.9799154996871948,0.9999154557694876,0.9999971918347944,0.9999971911918364,0.9999969143377415,0.9999969122796228,-0.97966585067109,-3.8453073520189163,,980.0667502860715,False,False,False,,[]
301,301,302,True,1.0,1.0,301.0,302.0,301.0,302.0,302.0,0.0,78.2141184,77.40944640000001,10.62053555085687,0.5060253739356995,0.5060253739356995,0.0,1.0,0.5654627731498816,0.5654492568060902,0.9999154557694876,0.9799154996871948,0.9999154302708413,0.9999971911918364,0.9999971904968541,0.9999969122796228,0.9999969104145183,-0.8926232790222227,-3.50343631073117,,981.7142996225452,False,False,False,,[]
302,302,303,True,1.0,1.0,302.0,303.0,302.0,303.0,303.0,0.0,77.40944640000001,75.96103680000002,-89.23720826756416,0.5060253739356995,0.5060253739356995,0.0,1.0,0.5654492568060902,0.565520125293256,0.9999154302708413,0.97991544008255,0.9999152888617042,0.9999971904968541,0.9999971799999243,0.9999969104145183,0.9999969005961807,4.681688581105195,18.3691118734021,,1037.7882639354418,False,False,False,,[]
303,303,304,True,1.0,1.0,303.0,304.0,303.0,304.0,304.0,0.0,75.96103680000002,74.1907584,-140.48926783754436,0.5060254335403442,0.5060254335403442,0.0,1.0,0.565520125293256,0.5656351546579634,0.9999152888617042,0.9799153208732605,0.9999150492019798,0.9999971799999243,0.9999971659314666,0.9999969005961807,0.9999968902787012,7.6008373669357026,29.815611332175482,,1071.4409561357545,False,False,False,,[]
304,304,305,True,1.0,1.0,304.0,305.0,304.0,305.0,305.0,0.0,74.1907584,72.42048,-142.69397194704544,0.506025493144989,0.506025493144989,0.0,1.0,0.5656351546579634,0.5657492183822759,0.9999150492019798,0.9799150824546814,0.9999148117785231,0.9999971659314666,0.9999971521053368,0.9999968902787012,0.9999968798953252,7.537872558501051,29.565317341775295,,1070.7920690660965,False,False,False,,[]
305,305,306,True,1.0,1.0,305.0,306.0,305.0,306.0,306.0,0.0,72.42048,70.4892672,-169.5514609844621,0.5060255527496338,0.5060255527496338,0.0,1.0,0.5657492183822759,0.565884829907627,0.9999148117785231,0.9799148440361023,0.9999145234899727,0.9999971521053368,0.9999971378717941,0.9999968798953252,0.9999968701960972,8.963456362964134,35.15050737100241,,1090.3340681287343,False,False,False,,[]
306,306,307,True,1.0,1.0,306.0,307.0,306.0,307.0,307.0,0.0,70.4892672,68.5580544,-171.8405896009331,0.5060256123542786,0.5060256123542786,0.0,1.0,0.565884829907627,0.5660185424291556,0.9999145234899727,0.9799145460128784,0.9999142397659762,0.9999971378717941,0.9999971239855848,0.9999968701960972,0.9999968604565208,8.838918678711677,34.658285580211476,,1088.985747505569,False,False,False,,[]
307,307,308,True,1.0,1.0,307.0,308.0,307.0,308.0,308.0,0.0,68.5580544,66.78777600000001,-149.36307835641685,0.5060257315635681,0.5060257315635681,0.0,1.0,0.5660185424291556,0.5661285474332731,0.9999142397659762,0.9799142479896545,0.999914011698086,0.9999971239855848,0.999997110994084,0.9999968604565208,0.9999968497684113,7.272034782411297,28.513297067255216,,1067.8268730603613,False,False,False,,[]
308,308,309,True,1.0,1.0,308.0,309.0,308.0,309.0,309.0,0.0,66.78777600000001,64.8565632,-176.05515550995415,0.5060257911682129,0.5060257911682129,0.0,1.0,0.5661285474332731,0.5662580532840756,0.999914011698086,0.9799140095710754,0.9999137380287434,0.999997110994084,0.9999970977919401,0.9999968497684113,0.9999968398009723,8.562539469254956,33.5679165280246,,1085.7401785017082,False,False,False,,[]
309,309,310,True,1.0,1.0,309.0,310.0,309.0,310.0,310.0,0.0,64.8565632,61.959744,-326.3924639185446,0.5060258507728577,0.5060258507728577,0.0,1.0,0.5662580532840756,0.5664944463516821,0.9999137380287434,0.9799137711524963,0.999913255401773,0.9999970977919401,0.9999970809513055,0.9999968398009723,0.9999968206502294,15.636497633447876,61.27308312359916,,1179.4386011040592,False,False,False,,[]
310,310,311,True,1.0,1.0,310.0,311.0,310.0,311.0,311.0,0.0,61.959744,59.545728000000004,-255.32516515208889,0.506026029586792,0.506026029586792,0.0,1.0,0.5664944463516821,0.5666685018708189,0.999913255401773,0.9799132943153381,0.999912889549338,0.9999970809513055,0.9999970688757835,0.9999968206502294,0.9999968017441815,11.512541695282936,45.115190560238716,,1119.1800332664316,False,False,False,,[]
311,311,312,True,1.0,1.0,311.0,312.0,311.0,312.0,312.0,0.0,59.545728000000004,56.64890880000001,-331.8723233289735,0.5060261487960815,0.5060261487960815,0.0,1.0,0.5666685018708189,0.5668883337388453,0.999912889549338,0.9799129366874695,0.9999124370515333,0.9999970688757835,0.9999970533374574,0.9999968017441815,0.9999967832869302,14.544107277061899,56.98042019246021,,1163.5842487307912,False,False,False,,[]
312,312,313,True,1.0,1.0,312.0,313.0,312.0,313.0,313.0,0.0,56.64890880000001,54.3958272,-235.8450461359523,0.5060262680053711,0.5060262680053711,0.0,1.0,0.5668883337388453,0.5670365352345436,0.9999124370515333,0.9799124598503113,0.9999121221596002,0.9999970533374574,0.9999970413414037,0.9999967832869302,0.9999967710447811,9.80411770291354,38.4138276849956,,1101.8969261065615,False,False,False,,[]
313,313,314,True,1.0,1.0,313.0,314.0,313.0,314.0,314.0,0.0,54.3958272,52.30368,-213.21544188651103,0.5060263276100159,0.5060263276100159,0.0,1.0,0.5670365352345436,0.5671632444363859,0.9999121221596002,0.9799121618270874,0.9999118551316383,0.9999970413414037,0.9999970295891142,0.9999967710447811,0.9999967594306817,8.382568465262654,32.84302511752179,,1083.0012325615955,False,False,False,,[]
314,314,315,True,1.0,1.0,314.0,315.0,314.0,315.0,315.0,0.0,52.30368,50.69433600000001,-140.95266632288366,0.5060264468193054,0.5060264468193054,0.0,1.0,0.5671632444363859,0.5672372585572252,0.9999118551316383,0.9799118638038635,0.999911706990616,0.9999970295891142,0.9999970197567496,0.9999967594306817,0.9999967461725459,4.896081573959401,19.184460121532393,,1037.4622624648632,False,False,False,,[]
315,315,316,True,1.0,1.0,315.0,316.0,315.0,316.0,316.0,0.0,50.69433600000001,49.24592640000001,-117.62274682478639,0.5060265064239502,0.5060265064239502,0.0,1.0,0.5672372585572252,0.5672959508928681,0.999911706990616,0.979911744594574,0.9999115912641774,0.9999970197567496,0.999997011120959,0.9999967461725459,0.9999967346772874,3.882582972397124,15.213053398639431,,1027.7372329992097,False,False,False,,[]
316,316,317,True,1.0,1.0,316.0,317.0,316.0,317.0,317.0,0.0,49.24592640000001,49.084992,78.81479284295823,0.5060265064239502,0.5060265064239502,0.0,1.0,0.5672959508928681,0.5672283005843697,0.9999115912641774,0.9799116253852844,0.9999114567008157,0.999997011120959,0.9999970046449176,0.9999967346772874,0.9999967260113097,-4.473618735137846,-17.534959962784658,,912.2017960597882,False,False,False,,[]
317,317,318,True,1.0,1.0,317.0,318.0,317.0,318.0,318.0,0.0,49.084992,48.28032,-20.135548641005588,0.506026566028595,0.506026566028595,0.0,1.0,0.5672283005843697,0.5672373339327698,0.9999114567008157,0.9799114465713501,0.9999114397339343,0.9999970046449176,0.999997002762688,0.9999967260113097,0.9999967236641761,0.5975031801398419,2.34144390529056,,1003.116982451958,False,False,False,,[]
318,318,319,True,1.0,1.0,318.0,319.0,318.0,319.0,319.0,0.0,48.28032,46.670976,-144.30923864198468,0.506026566028595,0.506026566028595,0.0,1.0,0.5672373339327698,0.5673077980782748,0.9999114397339343,0.9799114465713501,0.9999112991872149,0.999997002762688,0.9999969933167593,0.9999967236641761,0.9999967121150297,4.661829777294246,18.26430651492171,,1036.7146247960675,False,False,False,,[]
319,319,320,True,1.0,1.0,319.0,320.0,319.0,320.0,320.0,0.0,46.670976,44.25696000000001,-269.10053794967524,0.5060266256332397,0.5060266256332397,0.0,1.0,0.5673077980782748,0.5674455499630067,0.9999112991872149,0.9799113273620605,0.9999110057347997,0.9999969933167593,0.9999969828353568,0.9999967121150297,0.9999966989965903,9.115942602908076,35.7052885225119,,1092.6654627278804,False,False,False,,[]
320,320,321,True,1.0,1.0,320.0,321.0,320.0,321.0,321.0,0.0,44.25696000000001,39.911731200000006,-567.3784010155562,0.5060266852378845,0.5060266852378845,0.0,1.0,0.5674455499630067,0.5677222221299564,0.9999110057347997,0.9799110293388367,0.9999104527635987,0.9999969828353568,0.9999969653110338,0.9999966989965903,0.99999667993882,18.318714004968605,71.71342567335526,,1226.6822329583338,False,False,False,,[]
321,321,322,True,1.0,1.0,321.0,322.0,321.0,322.0,322.0,0.0,39.911731200000006,34.600896000000006,-718.6405122295088,0.5060268640518188,0.5060268640518188,0.0,1.0,0.5677222221299564,0.5680327888914821,0.9999104527635987,0.9799104928970337,0.9999098440481263,0.9999969653110338,0.9999969461044695,0.99999667993882,0.9999966585695282,20.567960727923854,80.4989045874775,,1264.4132973424141,False,False,False,,[]
322,322,323,True,1.0,1.0,322.0,323.0,322.0,323.0,323.0,0.0,34.600896000000006,32.347814400000004,-252.53209773117493,0.5060270428657532,0.5060270428657532,0.0,1.0,0.5680327888914821,0.5681195422948133,0.9999098440481263,0.9799098372459412,0.9999096682316236,0.9999969461044695,0.9999969327922451,0.9999966585695282,0.9999966460684548,5.742249038499742,22.48648214345948,,1045.323617259412,False,False,False,,[]
323,323,324,True,1.0,1.0,323.0,324.0,323.0,324.0,324.0,0.0,32.347814400000004,30.738470400000004,-154.9641269911063,0.506027102470398,0.506027102470398,0.0,1.0,0.5681195422948133,0.5681717566993902,0.9999096682316236,0.9799096584320068,0.9999095659283957,0.9999969327922451,0.9999969255320506,0.9999966460684548,0.9999966408910096,3.4558912239444606,13.53397366634846,,1030.4460133479952,False,False,False,,[]
324,324,325,True,1.0,1.0,324.0,325.0,324.0,325.0,325.0,0.0,30.738470400000004,29.772864000000002,-56.987137774522424,0.506027102470398,0.506027102470398,0.0,1.0,0.5681717566993902,0.5681875575085867,0.9999095659283957,0.9799095988273621,0.9999095360534042,0.9999969255320506,0.9999969220582184,0.9999966408910096,0.9999966368537921,1.0457158008713783,4.09556974374016,,1005.3305243055842,False,False,False,,[]
325,325,326,True,1.0,1.0,325.0,326.0,325.0,326.0,326.0,0.0,29.772864000000002,27.358848000000002,-279.8147167922439,0.5060271620750427,0.5060271620750427,0.0,1.0,0.5681875575085867,0.5682719895637813,0.9999095360534042,0.9799095392227173,0.9999093653295379,0.9999969220582184,0.999996912054235,0.9999966368537921,0.999996625033851,5.58911003523325,21.884788706436836,,1047.7081710769812,False,False,False,,[]
326,326,327,True,1.0,1.0,326.0,327.0,326.0,327.0,327.0,0.0,27.358848000000002,24.944832,-280.95863663859274,0.5060272216796875,0.5060272216796875,0.0,1.0,0.5682719895637813,0.5683477812825244,0.9999093653295379,0.979909360408783,0.9999092133665824,0.999996912054235,0.9999969009128666,0.999996625033851,0.9999966141607566,5.017241350888956,19.645213498207678,,1040.1291828028943,False,False,False,,[]
327,327,328,True,1.0,1.0,327.0,328.0,327.0,328.0,328.0,0.0,24.944832,20.1168,-652.577460002152,0.5060272216796875,0.5060272216796875,0.0,1.0,0.5683477812825244,0.5685106245215694,0.9999092133665824,0.9799092411994934,0.9999088694442195,0.9999969009128666,0.9999968868658947,0.9999966141607566,0.9999965968328467,10.783244513494736,42.20896756045763,,1107.5130730302042,False,False,False,,[]
328,328,329,True,1.0,1.0,328.0,329.0,328.0,329.0,329.0,0.0,20.1168,17.380915200000004,-333.2199235208994,0.506027340888977,0.506027340888977,0.0,1.0,0.5685106245215694,0.5685831369643951,0.9999088694442195,0.9799088835716248,0.9999087245218952,0.9999968868658947,0.9999968824875678,0.9999965968328467,0.999996591750244,4.800672893799292,18.795225180415656,,1051.0376314717591,False,False,False,,[]
329,329,330,True,1.0,1.0,329.0,330.0,329.0,330.0,330.0,0.0,17.380915200000004,12.874752,-605.823314750082,0.506027340888977,0.506027340888977,0.0,1.0,0.5685831369643951,0.5686639802423799,0.9999087245218952,0.9799087643623352,0.9999085616275243,0.9999968824875678,0.9999968723851086,0.999996591750244,0.9999965566421547,5.352545188658771,20.954577653658507,,1019.7248356320948,False,False,False,,[]
330,330,331,True,1.0,1.0,330.0,331.0,330.0,331.0,331.0,0.0,12.874752,7.563916800000001,-730.4779881380965,0.5060274004936218,0.5060274004936218,0.0,1.0,0.5686639802423799,0.5687318555235521,0.9999085616275243,0.9799085855484009,0.9999084265869521,0.9999968723851086,0.9999968668423916,0.9999965566421547,0.9999965274474623,4.493936418300421,17.593272879836267,,1020.0270213860585,False,False,False,,[]
331,331,332,True,1.0,1.0,331.0,332.0,331.0,332.0,332.0,0.0,7.563916800000001,2.2530816,-731.3783013918151,0.5060274600982666,0.5060274600982666,0.0,1.0,0.5687318555235521,0.5687554932983837,0.9999084265869521,0.9799084663391113,0.9999083815504515,0.9999968668423916,0.9999968545144834,0.9999965274474623,0.9999965134075335,1.5648586339421644,6.126911236341284,,992.8182385386082,False,False,False,,[]
332,332,333,True,1.0,1.0,332.0,333.0,332.0,333.0,333.0,0.0,2.2530816,0.0,-262.4200764368292,0.5060274600982666,0.5060274600982666,0.0,1.0,0.5687554932983837,0.5687574399327027,0.9999083815504515,0.9799084067344666,0.9999083779194468,0.9999968545144834,0.9999968534993044,0.9999965134075335,0.9999965122513731,0.12886301765047473,0.5045676154820959,,999.4125398288004,False,False,False,,[]
333,333,334,True,1.0,1.0,333.0,334.0,333.0,334.0,334.0,0.0,0.0,0.0,83.40462000000002,0.5060274600982666,0.5060274600982666,0.0,1.0,0.5687574399327027,0.5687574399327027,0.9999083779194468,0.9799084067344666,0.9999083779194468,0.9999968534993044,0.9999968534993044,0.9999965122513731,0.9999965122513731,-0.0,0.0,,1000.0,False,False,False,,[]
334,334,335,True,1.0,1.0,334.0,335.0,334.0,335.0,335.0,0.0,0.0,0.0,83.40462000000002,0.5060274600982666,0.5060274600982666,0.0,1.0,0.5687574399327027,0.5687574399327027,0.9999083779194468,0.9799084067344666,0.9999083779194468,0.9999968534993044,0.9999968534993044,0.9999965122513731,0.9999965122513731,-0.0,0.0,,1000.0,False,False,False,,[]
335,335,336,True,1.0,1.0,335.0,336.0,335.0,336.0,336.0,0.0,0.0,0.0,83.40462000000002,0.5060274600982666,0.5060274600982666,0.0,1.0,0.5687574399327027,0.5687574399327027,0.9999083779194468,0.9799084067344666,0.9999083779194468,0.9999968534993044,0.9999968534993044,0.9999965122513731,0.9999965122513731,-0.0,0.0,,1000.0,False,False,False,,[]
336,336,337,True,1.0,1.0,336.0,337.0,336.0,337.0,337.0,0.0,0.0,0.0,83.40462000000002,0.5060274600982666,0.5060274600982666,0.0,1.0,0.5687574399327027,0.5687574399327027,0.9999083779194468,0.9799084067344666,0.9999083779194468,0.9999968534993044,0.9999968534993044,0.9999965122513731,0.9999965122513731,-0.0,0.0,,1000.0,False,False,False,,[]
337,337,338,True,1.0,1.0,337.0,338.0,337.0,338.0,338.0,0.0,0.0,0.0,83.40462000000002,0.5060274600982666,0.5060274600982666,0.0,1.0,0.5687574399327027,0.5687574399327027,0.9999083779194468,0.9799084067344666,0.9999083779194468,0.9999968534993044,0.9999968534993044,0.9999965122513731,0.9999965122513731,-0.0,0.0,,1000.0,False,False,False,,[]
338,338,339,True,1.0,1.0,338.0,339.0,338.0,339.0,339.0,0.0,0.0,0.0,83.40462000000002,0.5060274600982666,0.5060274600982666,0.0,1.0,0.5687574399327027,0.5687574399327027,0.9999083779194468,0.9799084067344666,0.9999083779194468,0.9999968534993044,0.9999968534993044,0.9999965122513731,0.9999965122513731,-0.0,0.0,,1000.0,False,False,False,,[]
339,339,340,True,1.0,1.0,339.0,340.0,339.0,340.0,340.0,0.0,0.0,0.0,83.40462000000002,0.5060274600982666,0.5060274600982666,0.0,1.0,0.5687574399327027,0.5687574399327027,0.9999083779194468,0.9799084067344666,0.9999083779194468,0.9999968534993044,0.9999968534993044,0.9999965122513731,0.9999965122513731,-0.0,0.0,,1000.0,False,False,False,,[]
340,340,341,True,1.0,1.0,340.0,341.0,340.0,341.0,341.0,0.0,0.0,0.0,83.40462000000002,0.5060274600982666,0.5060274600982666,0.0,1.0,0.5687574399327027,0.5687574399327027,0.9999083779194468,0.9799084067344666,0.9999083779194468,0.9999968534993044,0.9999968534993044,0.9999965122513731,0.9999965122513731,-0.0,0.0,,1000.0,False,False,False,,[]
341,341,342,True,1.0,1.0,341.0,342.0,341.0,342.0,342.0,0.0,0.0,0.0,83.40462000000002,0.5060274600982666,0.5060274600982666,0.0,1.0,0.5687574399327027,0.5687574399327027,0.9999083779194468,0.9799084067344666,0.9999083779194468,0.9999968534993044,0.9999968534993044,0.9999965122513731,0.9999965122513731,-0.0,0.0,,1000.0,False,False,False,,[]
342,342,343,True,1.0,1.0,342.0,343.0,342.0,343.0,343.0,0.0,0.0,0.0,83.40462000000002,0.5060274600982666,0.5060274600982666,0.0,1.0,0.5687574399327027,0.5687574399327027,0.9999083779194468,0.9799084067344666,0.9999083779194468,0.9999968534993044,0.9999968534993044,0.9999965122513731,0.9999965122513731,-0.0,0.0,,1000.0,False,False,False,,[]
343,343,344,True,1.0,1.0,343.0,344.0,343.0,344.0,344.0,0.0,0.0,0.0,83.40462000000002,0.5060274600982666,0.5060274600982666,0.0,1.0,0.5687574399327027,0.5687574399327027,0.9999083779194468,0.9799084067344666,0.9999083779194468,0.9999968534993044,0.9999968534993044,0.9999965122513731,0.9999965122513731,-0.0,0.0,,1000.0,False,False,False,,[]
344,344,345,True,1.0,1.0,344.0,345.0,344.0,345.0,345.0,0.0,0.0,0.0,83.40462000000002,0.5060274600982666,0.5060274600982666,0.0,1.0,0.5687574399327027,0.5687574399327027,0.9999083779194468,0.9799084067344666,0.9999083779194468,0.9999968534993044,0.9999968534993044,0.9999965122513731,0.9999965122513731,-0.0,0.0,,1000.0,False,False,False,,[]
345,345,346,True,1.0,1.0,345.0,346.0,345.0,346.0,346.0,0.0,0.0,0.0,83.40462000000002,0.5060274600982666,0.5060274600982666,0.0,1.0,0.5687574399327027,0.5687574399327027,0.9999083779194468,0.9799084067344666,0.9999083779194468,0.9999968534993044,0.9999968534993044,0.9999965122513731,0.9999965122513731,-0.0,0.0,,1000.0,False,False,False,,[]
346,346,347,True,1.0,1.0,346.0,347.0,346.0,347.0,347.0,0.0,0.0,1.609344,330.45233520000005,0.5060274600982666,0.5060274600982666,0.0,1.0,0.5687574399327027,0.5687507080999076,0.9999083779194468,0.9799084067344666,0.9999083653038217,0.9999968534993044,0.9999968525861876,0.9999965122513731,0.9999965112114486,-0.4456271853025882,-1.7448910604859096,,990.1515206856432,False,False,False,,[]
347,347,348,True,1.0,1.0,347.0,348.0,347.0,348.0,348.0,0.0,1.609344,6.9201792,898.6835622228424,0.5060274600982666,0.5060274600982666,0.0,1.0,0.5687507080999076,0.5686536500700751,0.9999083653038217,0.9799084067344666,0.9999081666108194,0.9999968525861876,0.9999968394248463,0.9999965112114486,0.9999964962223449,-6.423112362525873,-25.157441332587204,,873.3031255213641,False,False,False,,[]
348,348,349,True,1.0,1.0,348.0,349.0,348.0,349.0,349.0,0.0,6.9201792,12.2310144,899.059283501953,0.5060275793075562,0.5060275793075562,0.0,1.0,0.5686536500700751,0.5684803868099895,0.9999081666108194,0.9799081683158875,0.9999078022991975,0.9999968394248463,0.9999968308998384,0.9999964962223449,0.9999964625535025,-11.463013613935626,-44.90983701420111,,798.7933283718501,False,False,False,,[]
349,349,350,True,1.0,1.0,349.0,350.0,349.0,350.0,350.0,0.0,12.2310144,17.541849600000003,899.9028841097685,0.5060276389122009,0.5060276389122009,0.0,1.0,0.5684803868099895,0.5682139470573258,0.9999078022991975,0.9799078106880188,0.9999072667897813,0.9999968308998384,0.999996820303989,0.9999964625535025,0.9999964101620773,-17.621088913777232,-69.0611838904343,,723.0773175583919,False,False,False,,[]
350,350,351,True,1.0,1.0,350.0,351.0,350.0,351.0,351.0,0.0,17.541849600000003,22.8526848,901.2143640462863,0.5060278177261353,0.5060278177261353,0.0,1.0,0.5682139470573258,0.5679525508055341,0.9999072667897813,0.9799072742462158,0.9999067399914281,0.999996820303989,0.9999968075477238,0.9999964101620773,0.9999963956343249,-17.285913879507042,-67.75390846441144,,745.5119594579039,False,False,False,,[]
351,351,352,True,1.0,1.0,351.0,352.0,351.0,352.0,352.0,0.0,22.8526848,27.841651200000005,853.58418027151,0.5060279965400696,0.5060279965400696,0.0,1.0,0.5679525508055341,0.5676336915045247,0.9999067399914281,0.9799067378044128,0.999906118146721,0.9999968075477238,0.9999967909514715,0.9999963956343249,0.9999963721542638,-21.07987394169859,-82.64833082164148,,703.6703024373036,False,False,False,,[]
352,352,353,True,1.0,1.0,352.0,353.0,352.0,353.0,353.0,0.0,27.841651200000005,32.18688,756.8628176280541,0.5060281753540039,0.5060281753540039,0.0,1.0,0.5676336915045247,0.5673035621747209,0.999906118146721,0.9799061417579651,0.9999054787912156,0.9999967909514715,0.9999967718472534,0.9999963721542638,0.9999963540232416,-21.82140362432405,-85.56952228513725,,698.6654898928394,False,False,False,,[]
353,353,354,True,1.0,1.0,353.0,354.0,353.0,354.0,354.0,0.0,32.18688,36.21024,709.6167331368948,0.5060283541679382,0.5060283541679382,0.0,1.0,0.5673035621747209,0.5669492144775039,0.9999054787912156,0.9799054861068726,0.9999048031405634,0.9999967718472534,0.9999967524378608,0.9999963540232416,0.9999963318652378,-23.417441783022902,-91.84692311864198,,683.3027383063126,False,False,False,,[]
354,354,355,True,1.0,1.0,354.0,355.0,354.0,355.0,355.0,0.0,36.21024,38.1414528,390.73717255388505,0.5060285329818726,0.5060285329818726,0.0,1.0,0.5669492144775039,0.5667402462584082,0.9999048031405634,0.97990483045578,0.9999043707683183,0.9999967524378608,0.9999967420027328,0.9999963318652378,0.9999963202715213,-13.81434800597828,-54.16456238958378,,784.7850346772432,False,False,False,,[]
355,355,356,True,1.0,1.0,355.0,356.0,355.0,356.0,356.0,0.0,38.1414528,40.5554688,466.0424526778569,0.5060286521911621,0.5060286521911621,0.0,1.0,0.5667402462584082,0.5664748636005287,0.9999043707683183,0.9799044132232666,0.999903837079047,0.9999967420027328,0.99999672754152,0.9999963202715213,0.9999963056352582,-17.539424156785667,-68.78718492238762,,741.9228376675328,False,False,False,,[]
356,356,357,True,1.0,1.0,356.0,357.0,356.0,357.0,357.0,0.0,40.5554688,42.80855040000001,442.9133904673374,0.5060288310050964,0.5060288310050964,0.0,1.0,0.5664748636005287,0.5662074569632211,0.999903837079047,0.9799038767814636,0.9999032999074505,0.99999672754152,0.9999967128052681,0.9999963056352582,0.9999962909004569,-17.671457217306436,-69.311800390122,,740.4144921204352,False,False,False,,[]
357,357,358,True,1.0,1.0,357.0,358.0,357.0,358.0,358.0,0.0,42.80855040000001,45.222566400000005,469.17604118465545,0.5060290098190308,0.5060290098190308,0.0,1.0,0.5662074569632211,0.5659077545954287,0.9999032999074505,0.9799033403396606,0.9999027087007321,0.9999967128052681,0.9999966958823082,0.9999962909004569,0.999996274418123,-19.80190443863603,-77.68285373175338,,718.2729843483168,False,False,False,,[]
358,358,359,True,1.0,1.0,358.0,359.0,358.0,359.0,359.0,0.0,45.222566400000005,48.28032,569.7577305208608,0.5060291886329651,0.5060291886329651,0.0,1.0,0.5659077545954287,0.5655238084019784,0.9999027087007321,0.9799027442932129,0.999901991267863,0.9999966958823082,0.9999966801736876,0.999996274418123,0.9999962489062113,-25.358737657073586,-99.51885334234498,,668.0428292515747,False,False,False,,[]
359,359,360,True,1.0,1.0,359.0,360.0,359.0,360.0,360.0,0.0,48.28032,49.567795200000006,300.3766487180163,0.5060293674468994,0.5060293674468994,0.0,1.0,0.5655238084019784,0.5653124505834689,0.999901991267863,0.9799020290374756,0.9999015544446588,0.9999966801736876,0.9999966698683764,0.9999962489062113,0.9999962370404977,-13.965395374707995,-54.78394655765423,,782.9558873248048,False,False,False,,[]
360,360,361,True,1.0,1.0,360.0,361.0,360.0,361.0,361.0,0.0,49.567795200000006,50.85527040000001,301.4215362546629,0.5060295462608337,0.5060295462608337,0.0,1.0,0.5653124505834689,0.5650922537946262,0.9999015544446588,0.9799015522003174,0.9999011012757256,0.9999966698683764,0.9999966589492383,0.9999962370404977,0.9999962226933528,-14.548180925490284,-57.07500766802806,,774.7253807324123,False,False,False,,[]
361,361,362,True,1.0,1.0,361.0,362.0,361.0,362.0,362.0,0.0,50.85527040000001,51.659942400000006,228.37960627174658,0.5060296654701233,0.5060296654701233,0.0,1.0,0.5650922537946262,0.5649131484502727,0.9999011012757256,0.979901134967804,0.9999007256340019,0.9999966589492383,0.9999966477450057,0.9999962226933528,0.9999962066058019,-11.834132102530804,-46.42410525641774,,803.8835290998164,False,False,False,,[]
362,362,363,True,1.0,1.0,362.0,363.0,362.0,363.0,363.0,0.0,51.659942400000006,52.7864832,278.47335301327126,0.5060297846794128,0.5060297846794128,0.0,1.0,0.5649131484502727,0.564701349000609,0.9999007256340019,0.9799007177352905,0.9999002879896757,0.9999966477450057,0.9999966374792832,0.9999962066058019,0.9999961923729905,-13.992333083039329,-54.89841735285858,,781.2119060602562,False,False,False,,[]
363,363,364,True,1.0,1.0,363.0,364.0,363.0,364.0,364.0,0.0,52.7864832,54.07395840000001,304.1540546481978,0.5060299038887024,0.5060299038887024,0.0,1.0,0.564701349000609,0.5644659922003477,0.9999002879896757,0.9799003005027771,0.9998998072279929,0.9999966374792832,0.9999966255808695,0.9999961923729905,0.9999961782718338,-15.546634435877836,-61.00448262772272,,763.6895909275086,False,False,False,,[]
364,364,365,True,1.0,1.0,364.0,365.0,364.0,365.0,365.0,0.0,54.07395840000001,55.522368,329.9999533463734,0.5060300827026367,0.5060300827026367,0.0,1.0,0.5644659922003477,0.5642015454088977,0.9998998072279929,0.9798998236656189,0.9998992751526393,0.9999966255808695,0.9999966110753146,0.9999961782718338,0.9999961615760892,-17.465495402064153,-68.54460834383939,,741.369187615797,False,False,False,,[]
365,365,366,True,1.0,1.0,365.0,366.0,365.0,366.0,366.0,0.0,55.522368,55.68330240000001,133.67841681797782,0.5060302019119263,0.5060302019119263,0.0,1.0,0.5642015454088977,0.5640836089668768,0.9998992751526393,0.9798992872238159,0.9998990287363316,0.9999966110753146,0.9999966008840349,0.9999961615760892,0.9999961513014851,-7.792186689148917,-30.569125771813972,,859.8127305193162,False,False,False,,[]
366,366,367,True,1.0,1.0,366.0,367.0,366.0,367.0,367.0,0.0,55.68330240000001,56.1661056,183.23640091221512,0.506030261516571,0.506030261516571,0.0,1.0,0.5640836089668768,0.5639236934085443,0.9998990287363316,0.9798990488052368,0.9998986905836252,0.9999966008840349,0.9999965892863573,0.9999961513014851,0.9999961365477364,-10.564299630634952,-41.45011271977102,,819.6168706735491,False,False,False,,[]
367,367,368,True,1.0,1.0,367.0,368.0,367.0,368.0,368.0,0.0,56.1661056,56.0051712,84.8652158424761,0.5060303807258606,0.5060303807258606,0.0,1.0,0.5639236934085443,0.5638447425517261,0.9998986905836252,0.9798986911773682,0.9998985317966036,0.9999965892863573,0.9999965814891781,0.9999961365477364,0.9999961287299951,-5.216823168799266,-20.464062087268626,,900.5402958058082,False,False,False,,[]
368,368,369,True,1.0,1.0,368.0,369.0,368.0,369.0,369.0,0.0,56.0051712,55.522368,35.305942824466335,0.5060304403305054,0.5060304403305054,0.0,1.0,0.5638447425517261,0.5638101585547934,0.9998985317966036,0.9798985719680786,0.9998984651951356,0.9999965814891781,0.9999965779050106,0.9999961287299951,0.9999961245221,-2.285540593292555,-8.96417200496466,,953.2559447460018,False,False,False,,[]
369,369,370,True,1.0,1.0,369.0,370.0,369.0,370.0,370.0,0.0,55.522368,55.84423680000001,158.38318833797845,0.5060304403305054,0.5060304403305054,0.0,1.0,0.5638101585547934,0.5636731900842392,0.9998984651951356,0.9798985123634338,0.9998981736351591,0.9999965779050106,0.9999965669549935,0.9999961245221,0.9999961135176768,-9.04911476268638,-35.50222756766358,,841.6949353037604,False,False,False,,[]
370,370,371,True,1.0,1.0,370.0,371.0,370.0,371.0,371.0,0.0,55.84423680000001,57.13171200000001,306.90912920771217,0.5060305595397949,0.5060305595397949,0.0,1.0,0.5636731900842392,0.5634203773596858,0.9998981736351591,0.97989821434021,0.9998976618176237,0.9999965669549935,0.9999965538514367,0.9999961135176768,0.9999960972949787,-16.69622688539765,-65.52905820426751,,750.0070877782325,False,False,False,,[]
371,371,372,True,1.0,1.0,371.0,372.0,371.0,372.0,372.0,0.0,57.13171200000001,57.936384000000004,234.00124729693238,0.5060306787490845,0.5060306787490845,0.0,1.0,0.5634203773596858,0.5632170399730259,0.9998976618176237,0.979897677898407,0.9998972399865573,0.9999965538514367,0.9999965417110446,0.9999960972949787,0.9999960803625056,-13.429987678816845,-52.70505062224259,,784.5639499921924,False,False,False,,[]
372,372,373,True,1.0,1.0,372.0,373.0,372.0,373.0,373.0,0.0,57.936384000000004,57.936384000000004,111.24537344354306,0.506030797958374,0.506030797958374,0.0,1.0,0.5632170399730259,0.5631129101636664,0.9998972399865573,0.9798972606658936,0.9998970253366707,0.9999965417110446,0.9999965320830444,0.9999960803625056,0.9999960708724279,-6.87939807004909,-26.990446585988405,,873.5815076721951,False,False,False,,[]
373,373,374,True,1.0,1.0,373.0,374.0,373.0,374.0,374.0,0.0,57.936384000000004,57.936384000000004,111.24537344354306,0.5060309171676636,0.5060309171676636,0.0,1.0,0.5631129101636664,0.5630087803680212,0.9998970253366707,0.9798970222473145,0.9998968106868151,0.9999965320830444,0.9999965224550429,0.9999960708724279,0.9999960613823514,-6.879398089485169,-26.99044303124853,,873.5815204257574,False,False,False,,[]
374,374,375,True,1.0,1.0,374.0,375.0,374.0,375.0,375.0,0.0,57.936384000000004,57.936384000000004,111.24537344354306,0.5060309171676636,0.5060309171676636,0.0,1.0,0.5630087803680212,0.5629046505830444,0.9998968106868151,0.9798968434333801,0.9998965960369839,0.9999965224550429,0.9999965128270414,0.9999960613823514,0.9999960518922749,-6.879398089485169,-26.990440265962896,,873.5815304228418,False,False,False,,[]
375,375,376,True,1.0,1.0,375.0,376.0,375.0,376.0,376.0,0.0,57.936384000000004,57.936384000000004,111.24537344354306,0.5060310363769531,0.5060310363769531,0.0,1.0,0.5629046505830444,0.5628005208051952,0.9998965960369839,0.979896605014801,0.9998963813871689,0.9999965128270414,0.9999965031990385,0.9999960518922749,0.9999960424021996,-6.879398108921172,-26.990438418510525,,873.5815370144461,False,False,False,,[]
376,376,377,True,1.0,1.0,376.0,377.0,376.0,377.0,377.0,0.0,57.936384000000004,57.936384000000004,111.24537344354306,0.5060310959815979,0.5060310959815979,0.0,1.0,0.5628005208051952,0.5626963910314646,0.9998963813871689,0.9798964262008667,0.9998961667373631,0.9999965031990385,0.999996493571035,0.9999960424021996,0.999996032912125,-6.879398118639147,-26.990437350949865,,873.5815408693135,False,False,False,,[]
377,377,378,True,1.0,1.0,377.0,378.0,377.0,378.0,378.0,0.0,57.936384000000004,58.097318400000006,135.95014496354273,0.5060311555862427,0.5060311555862427,0.0,1.0,0.5626963910314646,0.5625718921494955,0.9998961667373631,0.9798961877822876,0.999895904934152,0.999996493571035,0.9999964828546074,0.999996032912125,0.9999960224623693,-8.224567824519395,-32.27011020639324,,853.3548978133767,False,False,False,,[]
378,378,379,True,1.0,1.0,378.0,379.0,378.0,379.0,379.0,0.0,58.097318400000006,58.5801216,185.51457367663463,0.5060312151908875,0.5060312151908875,0.0,1.0,0.5625718921494955,0.562406584909937,0.999895904934152,0.9798959493637085,0.9998955561697382,0.9999964828546074,0.9999964709463083,0.9999960224623693,0.9999960096335794,-10.918923841510884,-42.8476364935789,,816.3793320403361,False,False,False,,[]
379,379,380,True,1.0,1.0,379.0,380.0,379.0,380.0,380.0,0.0,58.5801216,58.741056,136.57226550345402,0.506031334400177,0.506031334400177,0.0,1.0,0.562406584909937,0.5622801968723183,0.9998955561697382,0.9798955917358398,0.9998952899022705,0.9999964709463083,0.9999964600886568,0.9999960096335794,0.9999959990492993,-8.349028349970023,-32.75977935074586,,851.4575176878021,False,False,False,,[]
380,380,381,True,1.0,1.0,380.0,381.0,380.0,381.0,381.0,0.0,58.741056,58.5801216,87.31932670157458,0.5060313940048218,0.5060313940048218,0.0,1.0,0.5622801968723183,0.5621955052440146,0.9998952899022705,0.979895293712616,0.9998951186100495,0.9999964600886568,0.9999964517664329,0.9999959990492993,0.9999959907751398,-5.595304984299395,-21.952070056318373,,894.120700037307,False,False,False,,[]
381,381,382,True,1.0,1.0,381.0,382.0,381.0,382.0,382.0,0.0,58.5801216,57.936384000000004,13.048407903455615,0.5060314536094666,0.5060314536094666,0.0,1.0,0.5621955052440146,0.5621830389607436,0.9998951186100495,0.9798951148986816,0.9998950951164933,0.9999964517664329,0.9999964512336861,0.9999959907751398,0.9999959889549748,-0.8238026889447722,-3.2312606238349417,,983.1212332069043,False,False,False,,[]
382,382,383,True,1.0,1.0,382.0,383.0,382.0,383.0,383.0,0.0,57.936384000000004,56.487974400000006,-111.09757023645696,0.5060314536094666,0.5060314536094666,0.0,1.0,0.5621830389607436,0.5622488033984181,0.9998950951164933,0.9798951148986816,0.9998949645454321,0.9999964512336861,0.999996441733521,0.9999959889549748,0.999995979518389,4.347121219488766,17.046142245229778,,1034.9508926638532,False,False,False,,[]
383,383,384,True,1.0,1.0,383.0,384.0,383.0,384.0,384.0,0.0,56.487974400000006,54.878630400000006,-137.17697895773156,0.5060315132141113,0.5060315132141113,0.0,1.0,0.5622488033984181,0.562329585051473,0.9998949645454321,0.9798949956893921,0.9998948017850442,0.999996441733521,0.9999964314065777,0.999995979518389,0.999995969105181,5.340447057625395,20.938604471848155,,1045.7685444184187,False,False,False,,[]
384,384,385,True,1.0,1.0,384.0,385.0,384.0,385.0,385.0,0.0,54.878630400000006,53.91302400000001,-39.8444516264149,0.5060315728187561,0.5060315728187561,0.0,1.0,0.562329585051473,0.5623503231217571,0.9998948017850442,0.9798948168754578,0.9998947623852066,0.9999964314065777,0.9999964274050432,0.999995969105181,0.999995964669027,1.3708392880797156,5.375307817636836,,1008.4308836291823,False,False,False,,[]
385,385,386,True,1.0,1.0,385.0,386.0,385.0,386.0,386.0,0.0,53.91302400000001,50.5334016,-411.28733689529724,0.5060315728187561,0.5060315728187561,0.0,1.0,0.5623503231217571,0.5625966943745393,0.9998947623852066,0.979894757270813,0.9998942619366634,0.9999964274050432,0.9999964116631651,0.999995964669027,0.9999959440975922,16.298216985549676,63.85942872113553,,1190.4947360510928,False,False,False,,[]
386,386,387,True,1.0,1.0,386.0,387.0,386.0,387.0,387.0,0.0,50.5334016,46.670976,-488.3294418000651,0.5060316920280457,0.5060316920280457,0.0,1.0,0.5625966943745393,0.5628705321451382,0.9998942619366634,0.9798942804336548,0.9998937137737735,0.9999964116631651,0.9999963960515603,0.9999959440975922,0.9999959213662913,18.11946882126692,70.97875013923822,,1220.5222159159648,False,False,False,,[]
387,387,388,True,1.0,1.0,387.0,388.0,387.0,388.0,388.0,0.0,46.670976,41.3601408,-713.7864253096753,0.50603187084198,0.50603187084198,0.0,1.0,0.5628705321451382,0.5632417618545389,0.9998937137737735,0.9798937439918518,0.9998930139359851,0.9999963960515603,0.9999963806388562,0.9999959213662913,0.9999958962908463,24.575118057740262,96.22274067666123,,1352.7365927334674,False,False,False,,[]
388,388,389,True,1.0,1.0,388.0,389.0,388.0,389.0,389.0,0.0,41.3601408,37.014912,-569.435523353329,0.5060321092605591,0.5060321092605591,0.0,1.0,0.5632417618545389,0.5634986976699329,0.9998930139359851,0.9798930287361145,0.9998924948981553,0.9999963806388562,0.9999963624223437,0.9999958962908463,0.9999958784807467,17.006115672174005,66.59776335012218,,1203.3772835705647,False,False,False,,[]
389,389,390,True,1.0,1.0,389.0,390.0,389.0,390.0,390.0,0.0,37.014912,32.6696832,-572.260199796456,0.5060322284698486,0.5060322284698486,0.0,1.0,0.5634986976699329,0.5637255299115462,0.9998924948981553,0.9798924922943115,0.9998920295823872,0.9999963624223437,0.9999963432098697,0.9999958784807467,0.9999958625669368,15.014268671805755,58.79491702617106,,1169.8292351177288,False,False,False,,[]
390,390,391,True,1.0,1.0,390.0,391.0,390.0,391.0,391.0,0.0,32.6696832,28.163520000000002,-599.476439283341,0.5060323476791382,0.5060323476791382,0.0,1.0,0.5637255299115462,0.5639360099990722,0.9998920295823872,0.9798920750617981,0.9998915943925122,0.9999963432098697,0.9999963289191802,0.9999958625669368,0.9999958480138025,13.932875366163806,54.556438686726175,,1160.250660924899,False,False,False,,[]
391,391,392,True,1.0,1.0,391.0,392.0,391.0,392.0,392.0,0.0,28.163520000000002,23.335488,-651.1596438545641,0.5060325264930725,0.5060325264930725,0.0,1.0,0.5639360099990722,0.5641249610177835,0.9998915943925122,0.9798915982246399,0.9998911998248261,0.9999963289191802,0.9999963170467636,0.9999958480138025,0.9999958274114495,12.508281453996302,48.976104049965066,,1132.5278168513112,False,False,False,,[]
392,392,393,True,1.0,1.0,392.0,393.0,392.0,393.0,393.0,0.0,23.335488,19.312128,-529.6980642874188,0.5060326457023621,0.5060326457023621,0.0,1.0,0.5641249610177835,0.5642521309575667,0.9998911998248261,0.9798912405967712,0.9998909317050804,0.9999963170467636,0.9999963091308669,0.9999958274114495,0.9999958132744031,8.417655031787946,32.962448391794126,,1084.957631262026,False,False,False,,[]
393,393,394,True,1.0,1.0,393.0,394.0,393.0,394.0,394.0,0.0,19.312128,14.0012928,-728.7594231107178,0.5060327053070068,0.5060327053070068,0.0,1.0,0.5642521309575667,0.5643849293337834,0.9998909317050804,0.9798909425735474,0.9998906501726857,0.9999963091308669,0.9999963006237885,0.9999958132744031,0.9999957932546563,8.79097486903395,34.42133911538613,,1082.3896744231624,False,False,False,,[]
394,394,395,True,1.0,1.0,394.0,395.0,394.0,395.0,395.0,0.0,14.0012928,8.690457600000002,-730.2268628234704,0.5060328245162964,0.5060328245162964,0.0,1.0,0.5643849293337834,0.5644605690391707,0.9998906501726857,0.9798906445503235,0.9998904985370696,0.9999963006237885,0.9999962947800864,0.9999957932546563,0.99999576085315,5.006636848367675,19.605811636401704,,1022.7363865783744,False,False,False,,[]
395,395,396,True,1.0,1.0,395.0,396.0,395.0,396.0,396.0,0.0,8.690457600000002,3.3796224000000006,-731.2264232075206,0.5060328245162964,0.5060328245162964,0.0,1.0,0.5644605690391707,0.5644896336927447,0.9998904985370696,0.9798905253410339,0.9998904428660927,0.9999962947800864,0.9999962796258092,0.99999576085315,0.9999957435947147,1.9236069775113682,7.533558206379468,,991.1636209701643,False,False,False,,[]
396,396,397,True,1.0,1.0,396.0,397.0,396.0,397.0,397.0,0.0,3.3796224000000006,0.0,-435.3008460228659,0.5060328841209412,0.5060328841209412,0.0,1.0,0.5644896336927447,0.5644944785897381,0.9998904428660927,0.9798904657363892,0.9998904338033777,0.9999962796258092,0.9999962770998231,0.9999957435947147,0.9999957407179983,0.320635799093373,1.2557973006721568,,998.5380634820048,False,False,False,,[]
397,397,398,True,1.0,1.0,397.0,398.0,397.0,398.0,398.0,0.0,0.0,0.0,83.40462000000002,0.5060328841209412,0.5060328841209412,0.0,1.0,0.5644944785897381,0.5644944785897381,0.9998904338033777,0.9798904657363892,0.9998904338033777,0.9999962770998231,0.9999962770998231,0.9999957407179983,0.9999957407179983,-0.0,0.0,,1000.0,False,False,False,,[]
398,398,399,True,1.0,1.0,398.0,399.0,398.0,399.0,399.0,0.0,0.0,0.0,83.40462000000002,0.5060328841209412,0.5060328841209412,0.0,1.0,0.5644944785897381,0.5644944785897381,0.9998904338033777,0.9798904657363892,0.9998904338033777,0.9999962770998231,0.9999962770998231,0.9999957407179983,0.9999957407179983,-0.0,0.0,,1000.0,False,False,False,,[]
399,399,400,True,1.0,1.0,399.0,400.0,399.0,400.0,400.0,0.0,0.0,0.0,83.40462000000002,0.5060328841209412,0.5060328841209412,0.0,1.0,0.5644944785897381,0.5644944785897381,0.9998904338033777,0.9798904657363892,0.9998904338033777,0.9999962770998231,0.9999962770998231,0.9999957407179983,0.9999957407179983,-0.0,0.0,,1000.0,False,False,False,,[]
400,400,401,True,1.0,1.0,400.0,401.0,400.0,401.0,401.0,0.0,0.0,0.0,83.40462000000002,0.5060328841209412,0.5060328841209412,0.0,1.0,0.5644944785897381,0.5644944785897381,0.9998904338033777,0.9798904657363892,0.9998904338033777,0.9999962770998231,0.9999962770998231,0.9999957407179983,0.9999957407179983,-0.0,0.0,,1000.0,False,False,False,,[]
401,401,402,True,1.0,1.0,401.0,402.0,401.0,402.0,402.0,0.0,0.0,0.0,83.40462000000002,0.5060328841209412,0.5060328841209412,0.0,1.0,0.5644944785897381,0.5644944785897381,0.9998904338033777,0.9798904657363892,0.9998904338033777,0.9999962770998231,0.9999962770998231,0.9999957407179983,0.9999957407179983,-0.0,0.0,,1000.0,False,False,False,,[]
402,402,403,True,1.0,1.0,402.0,403.0,402.0,403.0,403.0,0.0,0.0,4.184294400000001,725.7286795200001,0.5060328841209412,0.5060328841209412,0.0,1.0,0.5644944785897381,0.5644560262914622,0.9998904338033777,0.9798904657363892,0.9998903594716217,0.9999962770998231,0.9999962718858381,0.9999957407179983,0.9999957347800575,-2.5445470501382026,-9.966835713121034,,946.0403201281368,False,False,False,,[]
403,403,404,True,1.0,1.0,403.0,404.0,403.0,404.0,404.0,0.0,4.184294400000001,9.495129600000002,898.8072989048137,0.5060328841209412,0.5060328841209412,0.0,1.0,0.5644560262914622,0.5643002774447676,0.9998903594716217,0.9798904061317444,0.9998900295608367,0.9999962718858381,0.9999962507748938,0.9999957347800575,0.9999957107378831,-10.302636279548922,-40.37010106322034,,810.443016074615,False,False,False,,[]
404,404,405,True,1.0,1.0,404.0,405.0,404.0,405.0,405.0,0.0,9.495129600000002,14.8059648,899.4098707675385,0.5060330033302307,0.5060330033302307,0.0,1.0,0.5643002774447676,0.5640774373163585,0.9998900295608367,0.9798900485038757,0.999889571540155,0.9999962507748938,0.9999962378086673,0.9999957107378831,0.999995667999044,-14.73666604893293,-57.760161283657716,,755.0889623794086,False,False,False,,[]
405,405,406,True,1.0,1.0,405.0,406.0,405.0,406.0,406.0,0.0,14.8059648,20.1168,900.4803219589674,0.5060331225395203,0.5060331225395203,0.0,1.0,0.5640774373163585,0.563834953463816,0.999889571540155,0.9798895716667175,0.9998890780045553,0.9999962378086673,0.9999962227125666,0.999995667999044,0.9999956446830791,-16.033343259982626,-62.85181457904111,,751.7386899393127,False,False,False,,[]
406,406,407,True,1.0,1.0,406.0,407.0,406.0,407.0,407.0,0.0,20.1168,25.427635200000005,902.0186524791005,0.5060333013534546,0.5060333013534546,0.0,1.0,0.563834953463816,0.5635360421767046,0.9998890780045553,0.9798890948295593,0.9998884880861635,0.9999962227125666,0.999996208317013,0.9999956446830791,0.9999956245289454,-19.75904767423865,-77.4778056192632,,718.1571901145924,False,False,False,,[]
407,407,408,True,1.0,1.0,407.0,408.0,407.0,408.0,408.0,0.0,25.427635200000005,30.738470400000004,904.024862327937,0.5060334205627441,0.5060334205627441,0.0,1.0,0.5635360421767046,0.5631590865607325,0.9998884880861635,0.9798884987831116,0.9998877802585027,0.999996208317013,0.9999961869662417,0.9999956245289454,0.9999955966112135,-24.909057629673864,-97.70689565996346,,667.9995996498666,False,False,False,,[]
408,408,409,True,1.0,1.0,408.0,409.0,408.0,409.0,409.0,0.0,30.738470400000004,36.0493056,906.4989515054768,0.5060336589813232,0.5060336589813232,0.0,1.0,0.5631590865607325,0.5627122484043161,0.9998877802585027,0.9798877835273743,0.9998869841210923,0.9999961869662417,0.9999961653202605,0.9999955966112135,0.9999955617460107,-29.5160770818328,-115.82045014314932,,631.7266723889059,False,False,False,,[]
409,409,410,True,1.0,1.0,409.0,410.0,409.0,410.0,410.0,0.0,36.0493056,40.2336,736.5075193717228,0.5060338973999023,0.5060338973999023,0.0,1.0,0.5627122484043161,0.5623091527236821,0.9998869841210923,0.9798870086669922,0.9998862412332256,0.9999961653202605,0.9999961463155438,0.9999955617460107,0.9999955393254337,-26.62576222558972,-104.48240042032995,,658.4103063529351,False,False,False,,[]
410,410,411,True,1.0,1.0,410.0,411.0,410.0,411.0,411.0,0.0,40.2336,41.19920640000001,245.059538396401,0.5060341358184814,0.5060341358184814,0.0,1.0,0.5623091527236821,0.5621514306077285,0.9998862412332256,0.9798862338066101,0.9998859074147949,0.9999961463155438,0.9999961358482983,0.9999955393254337,0.9999955224028781,-10.424568898797407,-40.88157245515016,,820.6853680610201,False,False,False,,[]
411,411,412,True,1.0,1.0,411.0,412.0,411.0,412.0,412.0,0.0,41.19920640000001,44.25696000000001,566.8737635842901,0.5060341954231262,0.5060341954231262,0.0,1.0,0.5621514306077285,0.5618028264831537,0.9998859074147949,0.9798859357833862,0.9998852402039519,0.9999961358482983,0.9999961185622019,0.9999955224028781,0.9999955030710969,-23.026063140407743,-90.35818908979499,,688.7322301409757,False,False,False,,[]
412,412,413,True,1.0,1.0,412.0,413.0,412.0,413.0,413.0,0.0,44.25696000000001,46.670976,470.2220028244431,0.5060344338417053,0.5060344338417053,0.0,1.0,0.5618028264831537,0.5614914706121477,0.9998852402039519,0.9798852801322937,0.9998846302302948,0.9999961185622019,0.9999961020849338,0.9999955030710969,0.9999954837699596,-20.565683739024422,-80.7034417647676,,710.1608756821744,False,False,False,,[]
413,413,414,True,1.0,1.0,413.0,414.0,413.0,414.0,414.0,0.0,46.670976,48.28032,348.51875005032457,0.5060346126556396,0.5060346126556396,0.0,1.0,0.5614914706121477,0.5612514933588099,0.9998846302302948,0.9798846244812012,0.9998841411726409,0.9999961020849338,0.9999960891875426,0.9999954837699596,0.9999954699668993,-15.852950616773782,-62.20210406515816,,760.1190061530049,False,False,False,,[]
414,414,415,True,1.0,1.0,414.0,415.0,414.0,415.0,415.0,0.0,48.28032,48.441254400000005,127.44324807801569,0.5060347318649292,0.5060347318649292,0.0,1.0,0.5612514933588099,0.5611489404098084,0.9998841411726409,0.979884147644043,0.9998839300990957,0.9999960891875426,0.9999960802979184,0.9999954699668993,0.9999954581949273,-6.777147273779524,-26.5817243811739,,873.8799810878667,False,False,False,,[]
415,415,416,True,1.0,1.0,415.0,416.0,415.0,416.0,416.0,0.0,48.441254400000005,48.28032,78.16281223569821,0.506034791469574,0.506034791469574,0.0,1.0,0.5611489404098084,0.5610828428003015,0.9998839300990957,0.9798839688301086,0.9998837988237635,0.9999960802979184,0.9999960739670029,0.9999954581949273,0.9999954497115112,-4.368489948583933,-17.13250038419794,,914.0438013654618,False,False,False,,[]
416,416,417,True,1.0,1.0,416.0,417.0,416.0,417.0,417.0,0.0,48.28032,47.797516800000004,28.624161998016007,0.5060348510742188,0.5060348510742188,0.0,1.0,0.5610828428003015,0.5610578599656204,0.9998837988237635,0.9798837900161743,0.9998837511618781,0.9999960739670029,0.9999960713023236,0.9999954497115112,0.9999954464190642,-1.6513812084539294,-6.475550749338445,,965.5248262451199,False,False,False,,[]
417,417,418,True,1.0,1.0,417.0,418.0,417.0,418.0,418.0,0.0,47.797516800000004,47.1537792,3.5346467325108306,0.5060348510742188,0.5060348510742188,0.0,1.0,0.5610578599656204,0.5610551090490351,0.9998837511618781,0.9798837900161743,0.9998837460266286,0.9999960713023236,0.9999960711847186,0.9999954464190642,0.9999954460172644,-0.1818548012745394,-0.713037578909661,,996.2304171288956,False,False,False,,[]
418,418,419,True,1.0,1.0,418.0,419.0,418.0,419.0,419.0,0.0,47.1537792,46.349107200000006,-21.677101470564736,0.5060348510742188,0.5060348510742188,0.0,1.0,0.5610551090490351,0.5610644223695092,0.9998837460266286,0.9798837900161743,0.999883728529098,0.9999960711847186,0.9999960692061725,0.9999954460172644,0.9999954435907157,0.6157203887586101,2.4140126668814244,,1003.1684801336468,False,False,False,,[]
419,419,420,True,1.0,1.0,419.0,420.0,419.0,420.0,420.0,0.0,46.349107200000006,45.061632,-96.41546995613278,0.5060348510742188,0.5060348510742188,0.0,1.0,0.5610644223695092,0.5611073466008583,0.999883728529098,0.9798837304115295,0.9998836451888966,0.9999960692061725,0.9999960621572025,0.9999954435907157,0.999995434267656,2.83822128542943,11.125960765695247,,1018.5562425845243,False,False,False,,[]
420,420,421,True,1.0,1.0,420.0,421.0,420.0,421.0,421.0,0.0,45.061632,40.2336,-640.8965883316839,0.5060349106788635,0.5060349106788635,0.0,1.0,0.5611073466008583,0.5614271539656501,0.9998836451888966,0.9798836708068848,0.999883021856284,0.9999960621572025,0.9999960452810401,0.999995434267656,0.9999954124527073,21.16582539135382,82.89406895406435,,1280.054057088982,False,False,False,,[]
421,421,422,True,1.0,1.0,421.0,422.0,421.0,422.0,422.0,0.0,40.2336,34.9227648,-718.4265508836,0.5060350894927979,0.5060350894927979,0.0,1.0,0.5614271539656501,0.561740582911673,0.999883021856284,0.9798830151557922,0.9998824085860477,0.9999960452810401,0.9999960260335645,0.9999954124527073,0.9999953909055757,20.746855622514403,81.24078280910993,,1267.9209775970787,False,False,False,,[]
422,422,423,True,1.0,1.0,422.0,423.0,422.0,423.0,423.0,0.0,34.9227648,29.6119296,-721.7371515882177,0.5060352683067322,0.5060352683067322,0.0,1.0,0.561740582911673,0.5620030143114763,0.9998824085860477,0.9798824191093445,0.9998818799942466,0.9999960260335645,0.9999960064481491,0.9999953909055757,0.9999953658613298,17.37124840820859,68.02221882902091,,1197.5224100453686,False,False,False,,[]
423,423,424,True,1.0,1.0,423.0,424.0,423.0,424.0,424.0,0.0,29.6119296,24.3010944,-724.5798729641313,0.5060354471206665,0.5060354471206665,0.0,1.0,0.5620030143114763,0.562229046948765,0.9998818799942466,0.9798818826675415,0.9998814161365291,0.9999960064481491,0.9999959917471035,0.9999953658613298,0.9999953502722324,14.96224595324601,58.587659585227925,,1175.580912187743,False,False,False,,[]
424,424,425,True,1.0,1.0,424.0,425.0,424.0,425.0,425.0,0.0,24.3010944,18.990259200000004,-726.9547150113403,0.506035566329956,0.506035566329956,0.0,1.0,0.562229046948765,0.5624119061976292,0.9998814161365291,0.9798814058303833,0.9998810332536306,0.9999959917471035,0.9999959807193258,0.9999953502722324,0.9999953377133953,12.10417446874737,47.397117305603935,,1137.6361654647528,False,False,False,,[]
425,425,426,True,1.0,1.0,425.0,426.0,425.0,426.0,426.0,0.0,18.990259200000004,13.679424000000001,-728.8616777298467,0.5060356855392456,0.5060356855392456,0.0,1.0,0.5624119061976292,0.5625397607806071,0.9998810332536306,0.9798810482025146,0.9998807635098077,0.9999959807193258,0.9999959723754157,0.9999953377133953,0.999995315057709,8.462553643473795,33.13990790788023,,1075.1307891830663,False,False,False,,[]
426,426,427,True,1.0,1.0,426.0,427.0,426.0,427.0,427.0,0.0,13.679424000000001,8.368588800000001,-730.3007611196481,0.5060357451438904,0.5060357451438904,0.0,1.0,0.5625397607806071,0.5626133053516865,0.9998807635098077,0.9798808097839355,0.9998806163762012,0.9999959723754157,0.999995966733185,0.999995315057709,0.9999952835723946,4.867344945547041,19.06275282379049,,1022.1851647820349,False,False,False,,[]
427,427,428,True,1.0,1.0,427.0,428.0,427.0,428.0,428.0,0.0,8.368588800000001,3.0577536,-731.2719651807461,0.5060358047485352,0.5060358047485352,0.0,1.0,0.5626133053516865,0.562640824962026,0.9998806163762012,0.9798806309700012,0.9998805637442404,0.999995966733185,0.9999959523861579,0.9999952835723946,0.9999952672334902,1.821128021134531,7.133083000015419,,991.640945481834,False,False,False,,[]
428,428,429,True,1.0,1.0,428.0,429.0,428.0,429.0,429.0,0.0,3.0577536,0.0,-385.90848863313954,0.5060358047485352,0.5060358047485352,0.0,1.0,0.562640824962026,0.5626447115167056,0.9998805637442404,0.9798805713653564,0.9998805564809836,0.9999959523861579,0.99999595036005,0.9999952672334902,0.9999952649260865,0.2571823358539128,1.00739497293676,,998.8280923204845,False,False,False,,[]
429,429,430,True,1.0,1.0,429.0,430.0,429.0,430.0,430.0,0.0,0.0,0.0,83.40462000000002,0.5060358047485352,0.5060358047485352,0.0,1.0,0.5626447115167056,0.5626447115167056,0.9998805564809836,0.9798805713653564,0.9998805564809836,0.99999595036005,0.99999595036005,0.9999952649260865,0.9999952649260865,-0.0,0.0,,1000.0,False,False,False,,[]
430,430,431,True,1.0,1.0,430.0,431.0,430.0,431.0,431.0,0.0,0.0,0.0,83.40462000000002,0.5060358047485352,0.5060358047485352,0.0,1.0,0.5626447115167056,0.5626447115167056,0.9998805564809836,0.9798805713653564,0.9998805564809836,0.99999595036005,0.99999595036005,0.9999952649260865,0.9999952649260865,-0.0,0.0,,1000.0,False,False,False,,[]
431,431,432,True,1.0,1.0,431.0,432.0,431.0,432.0,432.0,0.0,0.0,0.0,83.40462000000002,0.5060358047485352,0.5060358047485352,0.0,1.0,0.5626447115167056,0.5626447115167056,0.9998805564809836,0.9798805713653564,0.9998805564809836,0.99999595036005,0.99999595036005,0.9999952649260865,0.9999952649260865,-0.0,0.0,,1000.0,False,False,False,,[]
432,432,433,True,1.0,1.0,432.0,433.0,432.0,433.0,433.0,0.0,0.0,0.0,83.40462000000002,0.5060358047485352,0.5060358047485352,0.0,1.0,0.5626447115167056,0.5626447115167056,0.9998805564809836,0.9798805713653564,0.9998805564809836,0.99999595036005,0.99999595036005,0.9999952649260865,0.9999952649260865,-0.0,0.0,,1000.0,False,False,False,,[]
433,433,434,True,1.0,1.0,433.0,434.0,433.0,434.0,434.0,0.0,0.0,0.0,83.40462000000002,0.5060358047485352,0.5060358047485352,0.0,1.0,0.5626447115167056,0.5626447115167056,0.9998805564809836,0.9798805713653564,0.9998805564809836,0.99999595036005,0.99999595036005,0.9999952649260865,0.9999952649260865,-0.0,0.0,,1000.0,False,False,False,,[]
434,434,435,True,1.0,1.0,434.0,435.0,434.0,435.0,435.0,0.0,0.0,0.0,83.40462000000002,0.5060358047485352,0.5060358047485352,0.0,1.0,0.5626447115167056,0.5626447115167056,0.9998805564809836,0.9798805713653564,0.9998805564809836,0.99999595036005,0.99999595036005,0.9999952649260865,0.9999952649260865,-0.0,0.0,,1000.0,False,False,False,,[]
435,435,436,True,1.0,1.0,435.0,436.0,435.0,436.0,436.0,0.0,0.0,0.0,83.40462000000002,0.5060358047485352,0.5060358047485352,0.0,1.0,0.5626447115167056,0.5626447115167056,0.9998805564809836,0.9798805713653564,0.9998805564809836,0.99999595036005,0.99999595036005,0.9999952649260865,0.9999952649260865,-0.0,0.0,,1000.0,False,False,False,,[]
436,436,437,True,1.0,1.0,436.0,437.0,436.0,437.0,437.0,0.0,0.0,0.0,83.40462000000002,0.5060358047485352,0.5060358047485352,0.0,1.0,0.5626447115167056,0.5626447115167056,0.9998805564809836,0.9798805713653564,0.9998805564809836,0.99999595036005,0.99999595036005,0.9999952649260865,0.9999952649260865,-0.0,0.0,,1000.0,False,False,False,,[]
437,437,438,True,1.0,1.0,437.0,438.0,437.0,438.0,438.0,0.0,0.0,0.0,83.40462000000002,0.5060358047485352,0.5060358047485352,0.0,1.0,0.5626447115167056,0.5626447115167056,0.9998805564809836,0.9798805713653564,0.9998805564809836,0.99999595036005,0.99999595036005,0.9999952649260865,0.9999952649260865,-0.0,0.0,,1000.0,False,False,False,,[]
438,438,439,True,1.0,1.0,438.0,439.0,438.0,439.0,439.0,0.0,0.0,0.0,83.40462000000002,0.5060358047485352,0.5060358047485352,0.0,1.0,0.5626447115167056,0.5626447115167056,0.9998805564809836,0.9798805713653564,0.9998805564809836,0.99999595036005,0.99999595036005,0.9999952649260865,0.9999952649260865,-0.0,0.0,,1000.0,False,False,False,,[]
439,439,440,True,1.0,1.0,439.0,440.0,439.0,440.0,440.0,0.0,0.0,0.0,83.40462000000002,0.5060358047485352,0.5060358047485352,0.0,1.0,0.5626447115167056,0.5626447115167056,0.9998805564809836,0.9798805713653564,0.9998805564809836,0.99999595036005,0.99999595036005,0.9999952649260865,0.9999952649260865,-0.0,0.0,,1000.0,False,False,False,,[]
440,440,441,True,1.0,1.0,440.0,441.0,440.0,441.0,441.0,0.0,0.0,0.0,83.40462000000002,0.5060358047485352,0.5060358047485352,0.0,1.0,0.5626447115167056,0.5626447115167056,0.9998805564809836,0.9798805713653564,0.9998805564809836,0.99999595036005,0.99999595036005,0.9999952649260865,0.9999952649260865,-0.0,0.0,,1000.0,False,False,False,,[]
441,441,442,True,1.0,1.0,441.0,442.0,441.0,442.0,442.0,0.0,0.0,0.0,83.40462000000002,0.5060358047485352,0.5060358047485352,0.0,1.0,0.5626447115167056,0.5626447115167056,0.9998805564809836,0.9798805713653564,0.9998805564809836,0.99999595036005,0.99999595036005,0.9999952649260865,0.9999952649260865,-0.0,0.0,,1000.0,False,False,False,,[]
442,442,443,True,1.0,1.0,442.0,443.0,442.0,443.0,443.0,0.0,0.0,0.0,83.40462000000002,0.5060358047485352,0.5060358047485352,0.0,1.0,0.5626447115167056,0.5626447115167056,0.9998805564809836,0.9798805713653564,0.9998805564809836,0.99999595036005,0.99999595036005,0.9999952649260865,0.9999952649260865,-0.0,0.0,,1000.0,False,False,False,,[]
443,443,444,True,1.0,1.0,443.0,444.0,443.0,444.0,444.0,0.0,0.0,0.0,83.40462000000002,0.5060358047485352,0.5060358047485352,0.0,1.0,0.5626447115167056,0.5626447115167056,0.9998805564809836,0.9798805713653564,0.9998805564809836,0.99999595036005,0.99999595036005,0.9999952649260865,0.9999952649260865,-0.0,0.0,,1000.0,False,False,False,,[]
444,444,445,True,1.0,1.0,444.0,445.0,444.0,445.0,445.0,0.0,0.0,0.0,83.40462000000002,0.5060358047485352,0.5060358047485352,0.0,1.0,0.5626447115167056,0.5626447115167056,0.9998805564809836,0.9798805713653564,0.9998805564809836,0.99999595036005,0.99999595036005,0.9999952649260865,0.9999952649260865,-0.0,0.0,,1000.0,False,False,False,,[]
445,445,446,True,1.0,1.0,445.0,446.0,445.0,446.0,446.0,0.0,0.0,0.0,83.40462000000002,0.5060358047485352,0.5060358047485352,0.0,1.0,0.5626447115167056,0.5626447115167056,0.9998805564809836,0.9798805713653564,0.9998805564809836,0.99999595036005,0.99999595036005,0.9999952649260865,0.9999952649260865,-0.0,0.0,,1000.0,False,False,False,,[]
446,446,447,True,1.0,1.0,446.0,447.0,446.0,447.0,447.0,0.0,0.0,0.0,83.40462000000002,0.5060358047485352,0.5060358047485352,0.0,1.0,0.5626447115167056,0.5626447115167056,0.9998805564809836,0.9798805713653564,0.9998805564809836,0.99999595036005,0.99999595036005,0.9999952649260865,0.9999952649260865,-0.0,0.0,,1000.0,False,False,False,,[]
447,447,448,True,1.0,1.0,447.0,448.0,447.0,448.0,448.0,0.0,0.0,5.3108352,898.6620801600001,0.5060358047485352,0.5060358047485352,0.0,1.0,0.5626447115167056,0.5625842728154921,0.9998805564809836,0.9798805713653564,0.9998804371073885,0.99999595036005,0.9999959421653133,0.9999952649260865,0.999995255593629,-3.9992007777936562,-15.665711354539408,,917.5126283322539,False,False,False,,[]
448,448,449,True,1.0,1.0,448.0,449.0,448.0,449.0,449.0,0.0,5.3108352,10.6216704,898.8960198243519,0.5060358643531799,0.5060358643531799,0.0,1.0,0.5625842728154921,0.5624028368782462,0.9998804371073885,0.9798804521560669,0.9998800569663883,0.9999959421653133,0.9999959175747005,0.999995255593629,0.9999952275889719,-12.000725548574824,-47.02819493411609,,786.1355207637763,False,False,False,,[]
449,449,450,True,1.0,1.0,449.0,450.0,449.0,450.0,450.0,0.0,10.6216704,15.932505600000002,899.5978388174084,0.5060359835624695,0.5060359835624695,0.0,1.0,0.5624028368782462,0.5621660293511456,0.9998800569663883,0.9798800945281982,0.9998795735941443,0.9999959175747005,0.9999959087883882,0.9999952275889719,0.9999951808781131,-15.659333058102005,-61.38051102447383,,745.911330352654,False,False,False,,[]
450,450,451,True,1.0,1.0,450.0,451.0,450.0,451.0,451.0,0.0,15.932505600000002,21.2433408,900.7675371391676,0.506036102771759,0.506036102771759,0.0,1.0,0.5621660293511456,0.5619092208717418,0.9998795735941443,0.97987961769104,0.9998790547786343,0.9999959087883882,0.9999958914704037,0.9999951808781131,0.9999951585914877,-16.979291814044792,-66.56475786147007,,741.6776497430643,False,False,False,,[]
451,451,452,True,1.0,1.0,451.0,452.0,451.0,452.0,452.0,0.0,21.2433408,26.554176000000002,902.4051147896324,0.5060362815856934,0.5060362815856934,0.0,1.0,0.5619092208717418,0.5615993692766084,0.9998790547786343,0.9798790812492371,0.9998784472050419,0.9999958914704037,0.9999958763561407,0.9999951585914877,0.9999951413788606,-20.4808754200206,-80.31353345858308,,712.7909690079929,False,False,False,,[]
452,452,453,True,1.0,1.0,452.0,453.0,452.0,453.0,453.0,0.0,26.554176000000002,31.865011200000005,904.5105717688,0.5060364603996277,0.5060364603996277,0.0,1.0,0.5615993692766084,0.5612152770897978,0.9998784472050419,0.9798784852027893,0.9998777295733388,0.9999958763561407,0.9999958541368267,0.9999951413788606,0.9999951202921287,-25.379147713958314,-99.55669482130523,,667.0395848856607,False,False,False,,[]
453,453,454,True,1.0,1.0,453.0,454.0,453.0,454.0,454.0,0.0,31.865011200000005,37.175846400000005,907.083908076672,0.506036639213562,0.506036639213562,0.0,1.0,0.5612152770897978,0.5607670641491138,0.9998777295733388,0.979877769947052,0.9998769318765852,0.9999958541368267,0.9999958339298118,0.9999951202921287,0.9999950953005551,-29.605614294592755,-116.17679422527769,,635.6546831105197,False,False,False,,[]
454,454,455,True,1.0,1.0,454.0,455.0,454.0,455.0,455.0,0.0,37.175846400000005,42.4866816,910.1251237132469,0.5060369372367859,0.5060369372367859,0.0,1.0,0.5607670641491138,0.56025358172473,0.9998769318765852,0.9798769354820251,0.9998760686102852,0.9999958339298118,0.9999958155974417,0.9999950953005551,0.9999950663674605,-33.90404408593521,-133.0946444002734,,607.1370714406195,False,False,False,,[]
455,455,456,True,1.0,1.0,455.0,456.0,455.0,456.0,456.0,0.0,42.4866816,44.739763200000006,444.24355979852896,0.506037175655365,0.506037175655365,0.0,1.0,0.56025358172473,0.559972114594732,0.9998760686102852,0.9798761010169983,0.9998755075553442,0.9999958155974417,0.9999957995135177,0.9999950663674605,0.9999950509039247,-18.59459755492801,-72.95628009552227,,730.3961221434497,False,False,False,,[]
456,456,457,True,1.0,1.0,456.0,457.0,456.0,457.0,457.0,0.0,44.739763200000006,46.831910400000005,421.16884720699653,0.5060373544692993,0.5060373544692993,0.0,1.0,0.559972114594732,0.5596902820042278,0.9998755075553442,0.9798755049705505,0.9998749458868987,0.9999957995135177,0.9999957833499239,0.9999950509039247,0.9999950340328517,-18.61703933551236,-73.05100745869613,,729.3764601975469,False,False,False,,[]
457,457,458,True,1.0,1.0,457.0,458.0,457.0,458.0,458.0,0.0,46.831910400000005,50.69433600000001,694.5103621154374,0.5060375332832336,0.5060375332832336,0.0,1.0,0.5596902820042278,0.5592055303882222,0.9998749458868987,0.9798749685287476,0.9998741094046603,0.9999957833499239,0.9999957667357234,0.9999950340328517,0.9999950015973469,-31.997971739496286,-125.64761886865897,,618.257307004241,False,False,False,,[]
458,458,459,True,1.0,1.0,458.0,459.0,458.0,459.0,459.0,0.0,50.69433600000001,53.108352000000004,475.2917696552127,0.5060377717018127,0.5060377717018127,0.0,1.0,0.5592055303882222,0.5588496825686049,0.9998741094046603,0.9798741340637207,0.9998734315671439,0.9999957667357234,0.9999957520498544,0.9999950015973469,0.9999949779714064,-23.494653037772984,-92.23575484480395,,684.0210182479541,False,False,False,,[]
459,459,460,True,1.0,1.0,459.0,460.0,459.0,460.0,460.0,0.0,53.108352000000004,54.07395840000001,255.02721555520037,0.5060379505157471,0.5060379505157471,0.0,1.0,0.5588496825686049,0.5586460481920659,0.9998734315671439,0.9798734784126282,0.9998730091782526,0.9999957520498544,0.9999957407952645,0.9999949779714064,0.9999949621160131,-13.449780888779658,-52.78203039892556,,785.5562915038062,False,False,False,,[]
460,460,461,True,1.0,1.0,460.0,461.0,460.0,461.0,461.0,0.0,54.07395840000001,56.0051712,404.11426790637336,0.5060380697250366,0.5060380697250366,0.0,1.0,0.5586460481920659,0.5583219357928526,0.9998730091782526,0.97987300157547,0.9998723791234407,0.9999957407952645,0.9999957247076298,0.9999949621160131,0.9999949408135844,-21.398101951632636,-84.00993387608523,,701.9967872334786,False,False,False,,[]
461,461,462,True,1.0,1.0,461.0,462.0,461.0,462.0,462.0,0.0,56.0051712,56.487974400000006,183.53457194446736,0.5060383081436157,0.5060383081436157,0.0,1.0,0.5583219357928526,0.5581649636938896,0.9998723791234407,0.9798724055290222,0.9998720467893226,0.9999957247076298,0.9999957130672124,0.9999949408135844,0.9999949295735124,-10.367871015124784,-40.68716805123025,,824.3438633887348,False,False,False,,[]
462,462,463,True,1.0,1.0,462.0,463.0,462.0,463.0,463.0,0.0,56.487974400000006,57.29264640000001,233.39459384226848,0.5060383677482605,0.5060383677482605,0.0,1.0,0.5581649636938896,0.5579638367441715,0.9998720467893226,0.9798720479011536,0.9998716291164528,0.9999957130672124,0.9999957009671685,0.9999949295735124,0.9999949125194464,-13.282129119198576,-52.13210536692809,,786.1336423789403,False,False,False,,[]
463,463,464,True,1.0,1.0,463.0,464.0,463.0,464.0,464.0,0.0,57.29264640000001,58.097318400000006,234.15398476374068,0.50603848695755,0.50603848695755,0.0,1.0,0.5579638367441715,0.5577630889267677,0.9998716291164528,0.9798716306686401,0.9998712121579271,0.9999957009671685,0.9999956888171525,0.9999949125194464,0.9999948985381589,-13.256582102337157,-52.03383427105139,,788.2860855256524,False,False,False,,[]
464,464,465,True,1.0,1.0,464.0,465.0,464.0,465.0,465.0,0.0,58.097318400000006,57.936384000000004,86.69548759663594,0.5060386657714844,0.5060386657714844,0.0,1.0,0.5577630889267677,0.5576798631396761,0.9998712121579271,0.9798712134361267,0.999871044071635,0.9999956888171525,0.9999956806278103,0.9999948985381589,0.999994890394603,-5.49772339411482,-21.57212401416033,,895.7625210435166,False,False,False,,[]
465,465,466,True,1.0,1.0,465.0,466.0,465.0,466.0,466.0,0.0,57.936384000000004,58.097318400000006,135.95014496354273,0.5060386657714844,0.5060386657714844,0.0,1.0,0.5576798631396761,0.557555343140806,0.999871044071635,0.9798710346221924,0.9998707822186087,0.9999956806278103,0.9999956699113107,0.999994890394603,0.9999948799449088,-8.22456906080123,-32.27558370712718,,853.3358853900198,False,False,False,,[]
466,466,467,True,1.0,1.0,466.0,467.0,466.0,467.0,467.0,0.0,58.097318400000006,58.25825280000001,136.10503063663728,0.5060387849807739,0.5060387849807739,0.0,1.0,0.557555343140806,0.5574282316960476,0.9998707822186087,0.9798707962036133,0.9998705142375267,0.9999956699113107,0.9999956591595501,0.9999948799449088,0.999994867681925,-8.395622647207214,-32.94728648138938,,849.6723215779668,False,False,False,,[]
467,467,468,True,1.0,1.0,467.0,468.0,467.0,468.0,468.0,0.0,58.25825280000001,57.936384000000004,62.1460313909837,0.5060388445854187,0.5060388445854187,0.0,1.0,0.5574282316960476,0.5573670230790934,0.9998705142375267,0.9798705577850342,0.9998703932521669,0.9999956591595501,0.9999956527960896,0.999994867681925,0.999994861306843,-4.043601853099424,-15.865273514543054,,920.7715698799312,False,False,False,,[]
468,468,469,True,1.0,1.0,468.0,469.0,468.0,469.0,469.0,0.0,57.936384000000004,57.45358080000001,37.13105888354403,0.5060388445854187,0.5060388445854187,0.0,1.0,0.5573670230790934,0.5573296033465741,0.9998703932521669,0.9798704385757446,0.9998703209894848,0.9999956527960896,0.9999956489585858,0.999994861306843,0.9999948568061816,-2.472286105162808,-9.699194669000493,,949.6818968411018,False,False,False,,[]
469,469,470,True,1.0,1.0,469.0,470.0,469.0,470.0,470.0,0.0,57.45358080000001,57.936384000000004,184.8976088318055,0.5060389041900635,0.5060389041900635,0.0,1.0,0.5573296033465741,0.5571665169530812,0.9998703209894848,0.9798703193664551,0.9998699765887314,0.9999956489585858,0.9999956371308892,0.9999948568061816,0.9999948441517332,-10.771037309924875,-42.27199319338356,,818.3248372404528,False,False,False,,[]
470,470,471,True,1.0,1.0,470.0,471.0,470.0,471.0,471.0,0.0,57.936384000000004,57.936384000000004,111.24537344354306,0.506039023399353,0.506039023399353,0.0,1.0,0.5571665169530812,0.557062371581039,0.9998699765887314,0.9798700213432312,0.999869761903496,0.9999956371308892,0.9999956275027964,0.9999948441517332,0.9999948346617422,-6.879399410964269,-26.994480433343472,,873.566929134801,False,False,False,,[]
471,471,472,True,1.0,1.0,471.0,472.0,471.0,472.0,472.0,0.0,57.936384000000004,57.29264640000001,12.42628736354337,0.5060390830039978,0.5060390830039978,0.0,1.0,0.557062371581039,0.5570506295729831,0.999869761903496,0.9798697829246521,0.9998697397905588,0.9999956275027964,0.9999956270010482,0.9999948346617422,0.9999948329475388,-0.7758552437229246,-3.043528488084972,,984.088031240134,False,False,False,,[]
472,472,473,True,1.0,1.0,472.0,473.0,472.0,473.0,473.0,0.0,57.29264640000001,57.13171200000001,85.92535564374165,0.5060390830039978,0.5060390830039978,0.0,1.0,0.5570506295729831,0.5569691914434968,0.9998697397905588,0.9798697829246521,0.9998695756020802,0.9999956270010482,0.9999956189763094,0.9999948329475388,0.9999948249330887,-5.380084995657192,-21.108763162864594,,897.7497457426687,False,False,False,,[]
473,473,474,True,1.0,1.0,473.0,474.0,473.0,474.0,474.0,0.0,57.13171200000001,56.9707776,85.77261817693135,0.5060391426086426,0.5060391426086426,0.0,1.0,0.5569691914434968,0.5568881158030409,0.9998695756020802,0.9798696041107178,0.9998694122023742,0.9999956189763094,0.9999956109842782,0.9999948249330887,0.9999948169510647,-5.356204935457974,-21.014806006177416,,898.1581475179551,False,False,False,,[]
474,474,475,True,1.0,1.0,474.0,475.0,474.0,475.0,475.0,0.0,56.9707776,56.64890880000001,60.915538831383124,0.5060391426086426,0.5060391426086426,0.0,1.0,0.5568881158030409,0.556829239585378,0.9998694122023742,0.9798694252967834,0.9998692960924821,0.9999956109842782,0.9999956048617403,0.9999948169510647,0.9999948107078533,-3.88993166139164,-15.260715618217825,,923.4864200932047,False,False,False,,[]
475,475,476,True,1.0,1.0,475.0,476.0,475.0,476.0,476.0,0.0,56.64890880000001,56.64890880000001,110.02175514404908,0.5060392022132874,0.5060392022132874,0.0,1.0,0.556829239585378,0.5567270565866503,0.9998692960924821,0.9798693060874939,0.9998690858564655,0.9999956048617403,0.999995595509427,0.9999948107078533,0.9999948003858816,-6.750412273696663,-26.485833270217448,,874.9818224341512,False,False,False,,[]
476,476,477,True,1.0,1.0,476.0,477.0,476.0,477.0,477.0,0.0,56.64890880000001,56.64890880000001,110.02175514404908,0.5060392618179321,0.5060392618179321,0.0,1.0,0.5567270565866503,0.5566248737200932,0.9998690858564655,0.9798691272735596,0.9998688756207481,0.999995595509427,0.9999955861571129,0.9999948003858816,0.9999947900639109,-6.750412253907589,-26.485799011628654,,874.9819467849339,False,False,False,,[]
477,477,478,True,1.0,1.0,477.0,478.0,477.0,478.0,478.0,0.0,56.64890880000001,56.64890880000001,110.02175514404908,0.5060393214225769,0.5060393214225769,0.0,1.0,0.5566248737200932,0.556522690979434,0.9998688756207481,0.9798688888549805,0.9998686653853156,0.9999955861571129,0.9999955768047982,0.9999947900639109,0.9999947797419412,-6.7504122341184996,-26.485766378853317,,874.9820652370631,False,False,False,,[]
478,478,479,True,1.0,1.0,478.0,479.0,478.0,479.0,479.0,0.0,56.64890880000001,56.64890880000001,110.02175514404908,0.5060393810272217,0.5060393810272217,0.0,1.0,0.556522690979434,0.5564205083585729,0.9998686653853156,0.9798687100410461,0.9998684551501542,0.9999955768047982,0.9999955674524829,0.9999947797419412,0.9999947694199725,-6.750412214329395,-26.48573532716851,,874.9821779652898,False,False,False,,[]
479,479,480,True,1.0,1.0,479.0,480.0,479.0,480.0,480.0,0.0,56.64890880000001,56.64890880000001,110.02175514404908,0.5060394406318665,0.5060394406318665,0.0,1.0,0.5564205083585729,0.556318325851578,0.9998684551501542,0.979868471622467,0.9998682449152505,0.9999955674524829,0.9999955581001669,0.9999947694199725,0.9999947590980047,-6.750412194540281,-26.485705813079846,,874.9822852085391,False,False,False,,[]
480,480,481,True,1.0,1.0,480.0,481.0,480.0,481.0,481.0,0.0,56.64890880000001,56.327040000000004,60.61221210404776,0.5060395002365112,0.5060395002365112,0.0,1.0,0.556318325851578,0.5562601832740037,0.9998682449152505,0.9798682928085327,0.999868130334435,0.9999955581001669,0.9999955520369463,0.9999947590980047,0.9999947530085206,-3.841570188496884,-15.07055610725806,,924.4251355368573,False,False,False,,[]
481,481,482,True,1.0,1.0,481.0,482.0,481.0,482.0,482.0,0.0,56.327040000000004,56.487974400000006,134.42491850174466,0.506039559841156,0.506039559841156,0.0,1.0,0.5562601832740037,0.5561400551939403,0.999868130334435,0.9798681735992432,0.9998678788002068,0.9999955520369463,0.999995541671325,0.9999947530085206,0.9999947426630459,-7.935655508756823,-31.137198352447808,,857.6383768677039,False,False,False,,[]
482,482,483,True,1.0,1.0,482.0,483.0,482.0,483.0,483.0,0.0,56.487974400000006,56.64890880000001,134.57550776226878,0.5060396194458008,0.5060396194458008,0.0,1.0,0.5561400551939403,0.5560175312428296,0.9998678788002068,0.9798678755760193,0.9998676216472931,0.999995541671325,0.9999955312707562,0.9999947426630459,0.9999947306762684,-8.093806789696975,-31.758208127900303,,854.2433681895203,False,False,False,,[]
483,483,484,True,1.0,1.0,483.0,484.0,483.0,484.0,484.0,0.0,56.64890880000001,57.13171200000001,184.13606970404908,0.5060397386550903,0.5060397386550903,0.0,1.0,0.5560175312428296,0.555854287212159,0.9998676216472931,0.9798676371574402,0.9998672769364647,0.9999955312707562,0.9999955195461161,0.9999947306762684,0.9999947156667629,-10.782261553094674,-42.31285274980315,,816.6937033079643,False,False,False,,[]
484,484,485,True,1.0,1.0,484.0,485.0,484.0,485.0,485.0,0.0,57.13171200000001,56.64890880000001,36.36307513693298,0.5060397982597351,0.5060397982597351,0.0,1.0,0.555854287212159,0.5558180662938405,0.9998672769364647,0.9798672795295715,0.9998672070708425,0.9999955195461161,0.9999955158152355,0.9999947156667629,0.9999947112889862,-2.3932875963375912,-9.388462028164396,,951.1886710471917,False,False,False,,[]
485,485,486,True,1.0,1.0,485.0,486.0,485.0,486.0,486.0,0.0,56.64890880000001,56.327040000000004,60.61221210404776,0.5060398578643799,0.5060398578643799,0.0,1.0,0.5558180662938405,0.5557599242319315,0.9998672070708425,0.9798672199249268,0.9998670924911011,0.9999955158152355,0.9999955097520113,0.9999947112889862,0.9999947051995056,-3.8415702274358434,-15.070422446788987,,924.4256679876152,False,False,False,,[]
486,486,487,True,1.0,1.0,486.0,487.0,486.0,487.0,487.0,0.0,56.327040000000004,56.327040000000004,109.72014698174402,0.5060398578643799,0.5060398578643799,0.0,1.0,0.5557599242319315,0.5556597670250587,0.9998670924911011,0.9798671007156372,0.9998668868310165,0.9999955097520113,0.999995500468123,0.9999947051995056,0.9999946959106825,-6.616853471285743,-25.960748021427737,,877.7350787207652,False,False,False,,[]
487,487,488,True,1.0,1.0,487.0,488.0,487.0,488.0,488.0,0.0,56.327040000000004,56.327040000000004,109.72014698174402,0.5060399174690247,0.5060399174690247,0.0,1.0,0.5556597670250587,0.555559609914452,0.9998668868310165,0.9798669219017029,0.9998666811711491,0.999995500468123,0.999995491184234,0.9999946959106825,0.99999468662186,-6.61685347730853,-25.96072306927098,,877.735169607833,False,False,False,,[]
488,488,489,True,1.0,1.0,488.0,489.0,488.0,489.0,489.0,0.0,56.327040000000004,56.0051712,60.310603941743686,0.5060399770736694,0.5060399770736694,0.0,1.0,0.555559609914452,0.5555020712029942,0.9998666811711491,0.9798666834831238,0.9998665678473296,0.999995491184234,0.9999954851799662,0.99999468662186,0.9999946805914746,-3.8017942035473173,-14.914034009859368,,925.1500448355843,False,False,False,,[]
489,489,490,True,1.0,1.0,489.0,490.0,489.0,490.0,490.0,0.0,56.0051712,55.68330240000001,60.010714344467985,0.5060400366783142,0.5060400366783142,0.0,1.0,0.5555020712029942,0.555445124172252,0.9998665678473296,0.9798665642738342,0.99986645575374,0.9999954851799662,0.9999954792342923,0.9999946805914746,0.9999946746145241,-3.7627787918672437,-14.760670368373543,,925.8581890797399,False,False,False,,[]
490,490,491,True,1.0,1.0,490.0,491.0,490.0,491.0,491.0,0.0,55.68330240000001,55.522368,84.41731483221442,0.506040096282959,0.506040096282959,0.0,1.0,0.555445124172252,0.5553671935038044,0.99986645575374,0.9798664450645447,0.9998662991748813,0.9999954792342923,0.9999954715334233,0.9999946746145241,0.9999946668669696,-5.149030690785694,-20.19962926163265,,901.6831899827978,False,False,False,,[]
491,491,492,True,1.0,1.0,491.0,492.0,491.0,492.0,492.0,0.0,55.522368,53.91302400000001,-138.07406990202256,0.506040096282959,0.506040096282959,0.0,1.0,0.5553671935038044,0.5554465490215056,0.9998662991748813,0.9798663258552551,0.9998661395108072,0.9999954715334233,0.9999954613562007,0.9999946668669696,0.999994655837352,5.245821853715071,20.568950188143457,,1044.0399762852956,False,False,False,,[]
492,492,493,True,1.0,1.0,492.0,493.0,492.0,493.0,493.0,0.0,53.91302400000001,51.499008,-263.0587077752972,0.5060401558876038,0.5060401558876038,0.0,1.0,0.5554465490215056,0.5556017429140317,0.9998661395108072,0.9798661470413208,0.9998658107004255,0.9999954613562007,0.9999954504974125,0.999994655837352,0.9999946384895708,10.262431712285412,40.22625694277292,,1103.8822583471692,False,False,False,,[]
493,493,494,True,1.0,1.0,493.0,494.0,493.0,494.0,494.0,0.0,51.499008,48.441254400000005,-363.98840652954595,0.5060402154922485,0.5060402154922485,0.0,1.0,0.5556017429140317,0.5558096826049099,0.9998658107004255,0.9798658490180969,0.9998653802480961,0.9999954504974125,0.9999954352008885,0.9999946384895708,0.9999946224661512,13.754147642419342,53.897967875620395,,1154.1673423042212,False,False,False,,[]
494,494,495,True,1.0,1.0,494.0,495.0,494.0,495.0,495.0,0.0,48.441254400000005,45.061632,-415.9326181643022,0.5060403943061829,0.5060403943061829,0.0,1.0,0.5558096826049099,0.5560325150755293,0.9998653802480961,0.9798653721809387,0.9998649222414455,0.9999954352008885,0.9999954194324927,0.9999946224661512,0.9999946053566275,14.741848716339378,57.75817638455157,,1168.4343525231682,False,False,False,,[]
495,495,496,True,1.0,1.0,495.0,496.0,495.0,496.0,496.0,0.0,45.061632,41.038272000000006,-517.3727307316835,0.5060405135154724,0.5060405135154724,0.0,1.0,0.5560325150755293,0.5562897053231826,0.9998649222414455,0.9798649549484253,0.9998644027595229,0.9999954194324927,0.9999954019753214,0.9999946053566275,0.9999945875802708,17.018952219786378,66.66371219171106,,1204.8316555346746,False,False,False,,[]
496,496,497,True,1.0,1.0,496.0,497.0,496.0,497.0,497.0,0.0,41.038272000000006,36.21024,-643.7698142368346,0.5060406923294067,0.5060406923294067,0.0,1.0,0.5562897053231826,0.5565774738760394,0.9998644027595229,0.9798644185066223,0.999863831178639,0.9999954019753214,0.9999953832519328,0.9999945875802708,0.9999945677349954,19.046972830872026,74.58960890050453,,1237.6877919190729,False,False,False,,[]
497,497,498,True,1.0,1.0,497.0,498.0,497.0,498.0,498.0,0.0,36.21024,31.865011200000005,-572.7489167261151,0.5060408711433411,0.5060408711433411,0.0,1.0,0.5565774738760394,0.5567945321275017,0.999863831178639,0.9798638224601746,0.9998633837923115,0.9999953832519328,0.9999953644267705,0.9999945677349954,0.9999945462811887,14.365760400598045,56.26149877904878,,1152.1276884917381,False,False,False,,[]
498,498,499,True,1.0,1.0,498.0,499.0,498.0,499.0,499.0,0.0,31.865011200000005,26.554176000000002,-723.4310122433283,0.5060409903526306,0.5060409903526306,0.0,1.0,0.5567945321275017,0.5570377388931005,0.9998633837923115,0.9798634052276611,0.9998628889682297,0.9999953644267705,0.9999953471039094,0.9999945462811887,0.9999945294160946,16.09959427203757,63.03919364318558,,1189.8195264904512,False,False,False,,[]
499,499,500,True,1.0,1.0,499.0,500.0,499.0,500.0,500.0,0.0,26.554176000000002,21.2433408,-726.0043485512006,0.5060411095619202,0.5060411095619202,0.0,1.0,0.5570377388931005,0.5572393591661096,0.9998628889682297,0.9798629283905029,0.9998624703663584,0.9999953471039094,0.9999953349440432,0.9999945294160946,0.9999945155683008,13.346617325672716,52.259974763957885,,1154.4043873555238,False,False,False,,[]
500,500,501,True,1.0,1.0,500.0,501.0,500.0,501.0,501.0,0.0,21.2433408,16.576243200000004,-629.2907194503675,0.5060412287712097,0.5060412287712097,0.0,1.0,0.5572393591661096,0.5573776517939035,0.9998624703663584,0.9798625111579895,0.9998621756061156,0.9999953349440432,0.9999953266043051,0.9999945155683008,0.9999945060709167,9.153658932566774,35.84544912419849,,1100.0851789468506,False,False,False,,[]
501,501,502,True,1.0,1.0,501.0,502.0,501.0,502.0,502.0,0.0,16.576243200000004,11.587276800000001,-680.164265073067,0.5060413479804993,0.5060413479804993,0.0,1.0,0.5573776517939035,0.5574600536489612,0.9998621756061156,0.9798622131347656,0.9998620093179578,0.9999953266043051,0.9999953144323138,0.9999945060709167,0.9999944686139464,5.453664772706974,21.358560830953646,,1016.4089856089805,False,False,False,,[]
502,502,503,True,1.0,1.0,502.0,503.0,502.0,503.0,503.0,0.0,11.587276800000001,6.437376,-706.0344385022585,0.506041407585144,0.506041407585144,0.0,1.0,0.5574600536489612,0.5575107023986611,0.9998620093179578,0.9798620343208313,0.9998619102341798,0.9999953144323138,0.9999953019522906,0.9999944686139464,0.9999944437296914,3.351950462554504,13.128155922201344,,1003.3875302964574,False,False,False,,[]
503,503,504,True,1.0,1.0,503.0,504.0,503.0,504.0,504.0,0.0,6.437376,1.609344,-657.3948125945243,0.506041407585144,0.506041407585144,0.0,1.0,0.5575107023986611,0.5575281245479627,0.9998619102341798,0.9798619151115417,0.9998618772413906,0.9999953019522906,0.9999952928693655,0.9999944437296914,0.9999944333859653,1.1529208175488512,4.515821098983276,,994.724200890313,False,False,False,,[]
504,504,505,True,1.0,1.0,504.0,505.0,504.0,505.0,505.0,0.0,1.609344,0.0,-163.62161313715777,0.506041407585144,0.506041407585144,0.0,1.0,0.5575281245479627,0.5575289918313774,0.9998618772413906,0.9798619151115417,0.9998618756253774,0.9999952928693655,0.9999952924172284,0.9999944333859653,0.999994432871067,0.05739101081197823,0.2247998610887554,,999.7387150404064,False,False,False,,[]
505,505,506,True,1.0,1.0,505.0,506.0,505.0,506.0,506.0,0.0,0.0,0.0,83.40462000000002,0.506041407585144,0.506041407585144,0.0,1.0,0.5575289918313774,0.5575289918313774,0.9998618756253774,0.9798619151115417,0.9998618756253774,0.9999952924172284,0.9999952924172284,0.999994432871067,0.999994432871067,-0.0,0.0,,1000.0,False,False,False,,[]
506,506,507,True,1.0,1.0,506.0,507.0,506.0,507.0,507.0,0.0,0.0,0.0,83.40462000000002,0.506041407585144,0.506041407585144,0.0,1.0,0.5575289918313774,0.5575289918313774,0.9998618756253774,0.9798619151115417,0.9998618756253774,0.9999952924172284,0.9999952924172284,0.999994432871067,0.999994432871067,-0.0,0.0,,1000.0,False,False,False,,[]
507,507,508,True,1.0,1.0,507.0,508.0,507.0,508.0,508.0,0.0,0.0,0.0,83.40462000000002,0.506041407585144,0.506041407585144,0.0,1.0,0.5575289918313774,0.5575289918313774,0.9998618756253774,0.9798619151115417,0.9998618756253774,0.9999952924172284,0.9999952924172284,0.999994432871067,0.999994432871067,-0.0,0.0,,1000.0,False,False,False,,[]
508,508,509,True,1.0,1.0,508.0,509.0,508.0,509.0,509.0,0.0,0.0,0.0,83.40462000000002,0.506041407585144,0.506041407585144,0.0,1.0,0.5575289918313774,0.5575289918313774,0.9998618756253774,0.9798619151115417,0.9998618756253774,0.9999952924172284,0.9999952924172284,0.999994432871067,0.999994432871067,-0.0,0.0,,1000.0,False,False,False,,[]
509,509,510,True,1.0,1.0,509.0,510.0,509.0,510.0,510.0,0.0,0.0,0.0,83.40462000000002,0.506041407585144,0.506041407585144,0.0,1.0,0.5575289918313774,0.5575289918313774,0.9998618756253774,0.9798619151115417,0.9998618756253774,0.9999952924172284,0.9999952924172284,0.999994432871067,0.999994432871067,-0.0,0.0,,1000.0,False,False,False,,[]
510,510,511,True,1.0,1.0,510.0,511.0,510.0,511.0,511.0,0.0,0.0,1.9312128,379.86187824,0.506041407585144,0.506041407585144,0.0,1.0,0.5575289918313774,0.5575197026201146,0.9998618756253774,0.9798619151115417,0.999861858173554,0.9999952924172284,0.9999952911576175,0.999994432871067,0.9999944314366095,-0.6147093359218445,-2.4077635593067908,,986.4574562784804,False,False,False,,[]
511,511,512,True,1.0,1.0,511.0,512.0,511.0,512.0,512.0,0.0,1.9312128,5.632704,651.645299130493,0.5060414671897888,0.5060414671897888,0.0,1.0,0.5575197026201146,0.5574572785456964,0.999861858173554,0.979861855506897,0.9998617346389121,0.9999952911576175,0.999995282694339,0.9999944314366095,0.9999944217985455,-4.130208501536921,-16.180320089205225,,915.0144789673616,False,False,False,,[]
512,512,513,True,1.0,1.0,512.0,513.0,512.0,513.0,513.0,0.0,5.632704,8.851392,577.7632056698175,0.5060414671897888,0.5060414671897888,0.0,1.0,0.5574572785456964,0.5573512791605689,0.9998617346389121,0.9798617362976074,0.9998615157351441,0.999995282694339,0.9999952683254928,0.9999944217985455,0.9999944054351634,-7.012215297628105,-27.475040625042144,,863.0942692433129,False,False,False,,[]
513,513,514,True,1.0,1.0,513.0,514.0,513.0,514.0,514.0,0.0,8.851392,10.460736,331.10216760097796,0.5060415267944336,0.5060415267944336,0.0,1.0,0.5573512791605689,0.5572830621179038,0.9998615157351441,0.9798615574836731,0.9998613799692403,0.9999952683254928,0.9999952625189376,0.9999944054351634,0.999994392931885,-4.5131541114545985,-17.681857458813415,,909.0054074641213,False,False,False,,[]
514,514,515,True,1.0,1.0,514.0,515.0,514.0,515.0,515.0,0.0,10.460736,13.679424000000001,578.4076675550846,0.5060415863990784,0.5060415863990784,0.0,1.0,0.5572830621179038,0.5571422870394291,0.9998613799692403,0.9798613786697388,0.9998610799665176,0.9999952625189376,0.9999952554221488,0.999994392931885,0.9999943656291673,-9.311186422760084,-36.48890034063635,,829.7551132206225,False,False,False,,[]
515,515,516,True,1.0,1.0,515.0,516.0,515.0,516.0,516.0,0.0,13.679424000000001,15.4497024,356.70918576035155,0.5060416460037231,0.5060416460037231,0.0,1.0,0.5571422870394291,0.5570370766865169,0.9998610799665176,0.9798610806465149,0.9998608628598591,0.9999952554221488,0.9999952497868138,0.9999943656291673,0.9999943453115211,-6.959279282715934,-27.270523474857466,,867.3974778905467,False,False,False,,[]
516,516,517,True,1.0,1.0,516.0,517.0,516.0,517.0,517.0,0.0,15.4497024,16.898112,307.7273505915414,0.5060417056083679,0.5060417056083679,0.0,1.0,0.5570370766865169,0.556955083190914,0.9998608628598591,0.9798609018325806,0.9998606974618639,0.9999952497868138,0.9999952462986587,0.9999943453115211,0.9999943331187834,-5.423779786134944,-21.252714060277494,,897.4935078320984,False,False,False,,[]
517,517,518,True,1.0,1.0,517.0,518.0,517.0,518.0,518.0,0.0,16.898112,19.151193600000003,431.6398187083573,0.5060417652130127,0.5060417652130127,0.0,1.0,0.556955083190914,0.5568382800323202,0.9998606974618639,0.9798607230186462,0.9998604536838532,0.9999952462986587,0.9999952367907559,0.9999943331187834,0.999994326909323,-7.72537296247486,-30.27537870754178,,864.3801968155273,False,False,False,,[]
518,518,519,True,1.0,1.0,518.0,519.0,518.0,519.0,519.0,0.0,19.151193600000003,22.530816,605.2468968390892,0.5060418844223022,0.5060418844223022,0.0,1.0,0.5568382800323202,0.5566547864398697,0.9998604536838532,0.9798604846000671,0.9998600695803753,0.9999952367907559,0.9999952279504738,0.999994326909323,0.9999943145404993,-12.1332784694209,-47.5615391631834,,804.4320692958133,False,False,False,,[]
519,519,520,True,1.0,1.0,519.0,520.0,519.0,520.0,520.0,0.0,22.530816,25.749504,581.7105347170789,0.5060420036315918,0.5060420036315918,0.0,1.0,0.5566547864398697,0.5564493373040741,0.9998600695803753,0.9798600673675537,0.999859643787343,0.9999952279504738,0.9999952149761147,0.9999943145404993,0.9999943033329072,-13.583233374068302,-53.25241599822466,,786.0335111784356,False,False,False,,[]
520,520,521,True,1.0,1.0,520.0,521.0,520.0,521.0,521.0,0.0,25.749504,28.4853888,508.88514392761334,0.5060421228408813,0.5060421228408813,0.0,1.0,0.5564493373040741,0.5562471559595149,0.999859643787343,0.9798596501350403,0.9998592241295732,0.9999952149761147,0.9999952020059014,0.9999943033329072,0.9999942923191956,-13.366344896192423,-52.405404509740144,,788.5620361121506,False,False,False,,[]
521,521,522,True,1.0,1.0,521.0,522.0,521.0,522.0,522.0,0.0,28.4853888,30.577536000000002,411.29676522784564,0.5060422420501709,0.5060422420501709,0.0,1.0,0.5562471559595149,0.556067820570174,0.9998592241295732,0.9798592329025269,0.9998588480432139,0.9999952020059014,0.9999951894980171,0.9999942923191956,0.999994282625145,-11.856009711274899,-46.48373291716219,,807.007432689678,False,False,False,,[]
522,522,523,True,1.0,1.0,522.0,523.0,522.0,523.0,523.0,0.0,30.577536000000002,32.347814400000004,362.91213140604907,0.5060423612594604,0.5060423612594604,0.0,1.0,0.556067820570174,0.5558962042785139,0.9998588480432139,0.9798588752746582,0.9998584869389734,0.9999951894980171,0.9999951770783455,0.999994282625145,0.9999942713754485,-11.345310201533033,-44.48294279828155,,812.0863896846502,False,False,False,,[]
523,523,524,True,1.0,1.0,523.0,524.0,523.0,524.0,524.0,0.0,32.347814400000004,33.796224,314.4265318888934,0.5060424208641052,0.5060424208641052,0.0,1.0,0.5558962042785139,0.5557326403282113,0.9998584869389734,0.9798585176467896,0.9998581415990166,0.9999951770783455,0.9999951636539913,0.9999942713754485,0.9999942571346363,-10.812679255412556,-42.39577591844163,,815.8183175191945,False,False,False,,[]
524,524,525,True,1.0,1.0,524.0,525.0,524.0,525.0,525.0,0.0,33.796224,35.405568,339.9259249134275,0.5060425400733948,0.5060425400733948,0.0,1.0,0.5557326403282113,0.5555596043531682,0.9998581415990166,0.9798581600189209,0.9998577777296751,0.9999951636539913,0.9999951520502552,0.9999942571346363,0.9999942477474292,-11.437948245286256,-44.85092473119278,,812.7346730098044,False,False,False,,[]
525,525,526,True,1.0,1.0,525.0,526.0,525.0,526.0,526.0,0.0,35.405568,37.014912,340.84965361564485,0.5060426592826843,0.5060426592826843,0.0,1.0,0.5555596043531682,0.5553738483464595,0.9998577777296751,0.9798578023910522,0.9998573892801731,0.9999951520502552,0.9999951367216493,0.9999942477474292,0.9999942378969144,-12.27764062992163,-48.147956938886374,,800.1407751120569,False,False,False,,[]
526,526,527,True,1.0,1.0,526.0,527.0,526.0,527.0,527.0,0.0,37.014912,38.302387200000005,292.40680340354527,0.5060427784919739,0.5060427784919739,0.0,1.0,0.5553738483464595,0.5552121056756906,0.9998573892801731,0.9798573851585388,0.999857047524644,0.9999951367216493,0.999995126071774,0.9999942378969144,0.9999942291083735,-10.690683338364513,-41.92370026331105,,822.8037492694233,False,False,False,,[]
527,527,528,True,1.0,1.0,527.0,528.0,527.0,528.0,528.0,0.0,38.302387200000005,39.428928,268.5063203163572,0.5060428977012634,0.5060428977012634,0.0,1.0,0.5552121056756906,0.5550580580546223,0.999857047524644,0.9798570871353149,0.9998567209891573,0.999995126071774,0.9999951153783069,0.9999942291083735,0.9999942207795245,-10.181867183866228,-39.92914338090992,,829.3775577022774,False,False,False,,[]
528,528,529,True,1.0,1.0,528.0,529.0,528.0,529.0,529.0,0.0,39.428928,40.0726656,195.11831430105525,0.5060429573059082,0.5060429573059082,0.0,1.0,0.5550580580546223,0.5549411008528629,0.9998567209891573,0.9798567295074463,0.9998564768528582,0.9999951153783069,0.9999951055767058,0.9999942207795245,0.9999942145892733,-7.730954719368699,-30.315306696029477,,864.0333871617734,False,False,False,,[]
529,529,530,True,1.0,1.0,529.0,530.0,529.0,530.0,530.0,0.0,40.0726656,40.2336,121.42848530281692,0.5060430765151978,0.5060430765151978,0.0,1.0,0.5549411008528629,0.5548655972778003,0.9998564768528582,0.9798564910888672,0.9998563255102996,0.9999951055767058,0.9999950980534934,0.9999942145892733,0.9999942106978873,-4.991381078578424,-19.57052665623161,,907.3978455229452,False,False,False,,[]
530,530,531,True,1.0,1.0,530.0,531.0,530.0,531.0,531.0,0.0,40.2336,40.2336,96.83090927640002,0.5060430765151978,0.5060430765151978,0.0,1.0,0.5548655972778003,0.5548046689960515,0.9998563255102996,0.9798563718795776,0.9998562051120751,0.9999950980534934,0.9999950916576227,0.9999942106978873,0.9999942075885545,-4.028008637475519,-15.792610629262988,,923.8103081854572,False,False,False,,[]
531,531,532,True,1.0,1.0,531.0,532.0,531.0,532.0,532.0,0.0,40.2336,40.2336,96.83090927640002,0.5060431361198425,0.5060431361198425,0.0,1.0,0.5548046689960515,0.5547437408633529,0.9998562051120751,0.9798562526702881,0.9998560847141627,0.9999950916576227,0.9999950852617514,0.9999942075885545,0.9999942044792222,-4.028008658076645,-15.792571995491251,,923.8104619279098,False,False,False,,[]
532,532,533,True,1.0,1.0,532.0,533.0,532.0,533.0,533.0,0.0,40.2336,40.2336,96.83090927640002,0.5060431361198425,0.5060431361198425,0.0,1.0,0.5547437408633529,0.5546828128753801,0.9998560847141627,0.9798561334609985,0.9998559643165533,0.9999950852617514,0.9999950788658801,0.9999942044792222,0.9999942013698898,-4.028008658076645,-15.792534482543378,,923.8106113073021,False,False,False,,[]
533,533,534,True,1.0,1.0,533.0,534.0,533.0,534.0,534.0,0.0,40.2336,40.2336,96.83090927640002,0.5060431957244873,0.5060431957244873,0.0,1.0,0.5546828128753801,0.5546218850273121,0.9998559643165533,0.9798559546470642,0.9998558439192369,0.9999950788658801,0.9999950724700082,0.9999942013698898,0.9999941982605578,-4.028008678677765,-15.79249821923389,,923.8107554163098,False,False,False,,[]
534,534,535,True,1.0,1.0,534.0,535.0,534.0,535.0,535.0,0.0,40.2336,40.2336,96.83090927640002,0.5060432553291321,0.5060432553291321,0.0,1.0,0.5546218850273121,0.5545609573147623,0.9998558439192369,0.9798558354377747,0.9998557235222042,0.9999950724700082,0.9999950660741357,0.9999941982605578,0.9999941951512261,-4.028008699278883,-15.79246309292572,,923.8108950995239,False,False,False,,[]
535,535,536,True,1.0,1.0,535.0,536.0,535.0,536.0,536.0,0.0,40.2336,41.19920640000001,245.059538396401,0.5060433149337769,0.5060433149337769,0.0,1.0,0.5545609573147623,0.5544032271834807,0.9998557235222042,0.9798557162284851,0.9998553896879171,0.9999950660741357,0.999995055606891,0.9999941951512261,0.9999941782285499,-10.424582401811502,-40.8836500281862,,820.6788208661162,False,False,False,,[]
536,536,537,True,1.0,1.0,536.0,537.0,536.0,537.0,537.0,0.0,41.19920640000001,41.521075200000006,146.89264774428977,0.5060433745384216,0.5060433745384216,0.0,1.0,0.5544032271834807,0.5542955045291694,0.9998553896879171,0.9798554182052612,0.999855166850006,0.999995055606891,0.9999950469646949,0.9999941782285499,0.9999941622685923,-7.120366318628819,-27.921711997486632,,866.0943637561645,False,False,False,,[]
537,537,538,True,1.0,1.0,537.0,538.0,537.0,538.0,538.0,0.0,41.521075200000006,41.842944,147.11348335030897,0.5060434341430664,0.5060434341430664,0.0,1.0,0.5542955045291694,0.5541912631549556,0.999855166850006,0.9798551797866821,0.9998549519466897,0.9999950469646949,0.999995038277303,0.9999941622685923,0.9999941488572628,-6.890215557513728,-27.019364196231408,,871.2088268978682,False,False,False,,[]
538,538,539,True,1.0,1.0,538.0,539.0,538.0,539.0,539.0,0.0,41.842944,41.19920640000001,-0.8925915986454319,0.5060434937477112,0.5060434937477112,0.0,1.0,0.5541912631549556,0.5541916289903148,0.9998549519466897,0.979854941368103,0.9998549512653613,0.999995038277303,0.9999950382513291,0.9999941488572628,0.9999941487460188,0.024188834847282847,0.09482452511630043,,1000.1605103711555,False,False,False,,[]
539,539,540,True,1.0,1.0,539.0,540.0,539.0,540.0,540.0,0.0,41.19920640000001,40.5554688,-1.3359813757112222,0.5060434937477112,0.5060434937477112,0.0,1.0,0.5541916289903148,0.554192134735378,0.9998549512653613,0.979854941368103,0.9998549503233374,0.9999950382513291,0.9999950382130555,0.9999941487460188,0.9999941485404605,0.0334407396020403,0.13108912036104373,,1000.1677389608644,False,False,False,,[]
540,540,541,True,1.0,1.0,540.0,541.0,540.0,541.0,541.0,0.0,40.5554688,40.2336,47.637046147336754,0.5060434937477112,0.5060434937477112,0.0,1.0,0.554192134735378,0.554157542115824,0.9998549503233374,0.979854941368103,0.999854883704702,0.9999950382130555,0.9999950346353725,0.9999941485404605,0.9999941439910585,-2.287146580322383,-8.96640698838364,,952.9422189232325,False,False,False,,[]
541,541,542,True,1.0,1.0,541.0,542.0,541.0,542.0,542.0,0.0,40.2336,40.2336,96.83090927640002,0.506043553352356,0.506043553352356,0.0,1.0,0.554157542115824,0.5540966150797902,0.999854883704702,0.9798548817634583,0.9998547633090858,0.9999950346353725,0.9999950282394972,0.9999941439910585,0.9999941408817287,-4.02800880228441,-15.792287739963461,,923.8115924948286,False,False,False,,[]
542,542,543,True,1.0,1.0,542.0,543.0,542.0,543.0,543.0,0.0,40.2336,40.2336,96.83090927640002,0.506043553352356,0.506043553352356,0.0,1.0,0.5540966150797902,0.5540356881518639,0.9998547633090858,0.9798547625541687,0.9998546429136961,0.9999950282394972,0.9999950218436218,0.9999941408817287,0.9999941377723989,-4.02800880228441,-15.792259718523383,,923.8117040761474,False,False,False,,[]
543,543,544,True,1.0,1.0,543.0,544.0,543.0,544.0,544.0,0.0,40.2336,39.2679936,-51.397719843600974,0.5060436129570007,0.5060436129570007,0.0,1.0,0.5540356881518639,0.5540548074979963,0.9998546429136961,0.9798546433448792,0.9998546066467154,0.9999950218436218,0.9999950180746477,0.9999941377723989,0.9999941330595803,1.26434155782773,4.955734517529487,,1007.0603545923175,False,False,False,,[]
544,544,545,True,1.0,1.0,544.0,545.0,544.0,545.0,545.0,0.0,39.2679936,37.175846400000005,-224.96784882624272,0.5060436129570007,0.5060436129570007,0.0,1.0,0.5540548074979963,0.5541507984079395,0.9998546066467154,0.9798546433448792,0.9998544103433087,0.9999950180746477,0.9999950077572155,0.9999941330595803,0.9999941261968524,6.349561644823727,24.880843857281143,,1062.9030365184142,False,False,False,,[]
545,545,546,True,1.0,1.0,545.0,546.0,545.0,546.0,546.0,0.0,37.175846400000005,31.865011200000005,-720.3897966067524,0.5060436725616455,0.5060436725616455,0.0,1.0,0.5541507984079395,0.5544379063392005,0.9998544103433087,0.9798544049263,0.9998538398606962,0.9999950077572155,0.9999949883016486,0.9999941261968524,0.9999941063492748,19.004258838680688,74.41837578286386,,1235.7220434962167,False,False,False,,[]
546,546,547,True,1.0,1.0,546.0,547.0,546.0,547.0,547.0,0.0,31.865011200000005,26.554176000000002,-723.4310122433283,0.5060438513755798,0.5060438513755798,0.0,1.0,0.5544379063392005,0.554681128797478,0.9998538398606962,0.9798538684844971,0.9998533450086593,0.9999949883016486,0.9999949709786347,0.9999941063492748,0.9999940894842784,16.099590015997293,63.04326118550403,,1189.837706955231,False,False,False,,[]
547,547,548,True,1.0,1.0,547.0,548.0,547.0,548.0,548.0,0.0,26.554176000000002,21.2433408,-726.0043485512006,0.5060439705848694,0.5060439705848694,0.0,1.0,0.554681128797478,0.5548827617990113,0.9998533450086593,0.9798533916473389,0.9998529263828257,0.9999949709786347,0.9999949588186998,0.9999940894842784,0.9999940756365647,13.346617325672716,52.26327399744301,,1154.4181720891231,False,False,False,,[]
548,548,549,True,1.0,1.0,548.0,549.0,548.0,549.0,549.0,0.0,21.2433408,15.932505600000002,-728.1098055303678,0.5060440897941589,0.5060440897941589,0.0,1.0,0.5548827617990113,0.5550300382009147,0.9998529263828257,0.9798529744148254,0.9998526133396566,0.9999949588186998,0.999994944112885,0.9999940756365647,0.9999940583952655,9.747974978078823,38.174043373347345,,1091.7328183129414,False,False,False,,[]
549,549,550,True,1.0,1.0,549.0,550.0,549.0,550.0,550.0,0.0,15.932505600000002,10.6216704,-729.7473831808325,0.5060442090034485,0.5060442090034485,0.0,1.0,0.5550300382009147,0.5551179028551283,0.9998526133396566,0.9798526167869568,0.9998524350773828,0.999994944112885,0.9999949366301598,0.9999940583952655,0.9999940205043792,5.814986806315488,22.774518372164078,,1025.288552895946,False,False,False,,[]
550,550,551,True,1.0,1.0,550.0,551.0,550.0,551.0,551.0,0.0,10.6216704,5.3108352,-730.9170815025919,0.5060442686080933,0.5060442686080933,0.0,1.0,0.5551179028551283,0.5551562574330593,0.9998524350773828,0.9798524379730225,0.9998523609416164,0.9999949366301598,0.999994916634524,0.9999940205043792,0.9999939977334096,2.5380870307818837,9.94150659971821,,988.3126063130594,False,False,False,,[]
551,551,552,True,1.0,1.0,551.0,552.0,551.0,552.0,552.0,0.0,5.3108352,0.0,-731.618900495648,0.5060442686080933,0.5060442686080933,0.0,1.0,0.5551562574330593,0.5551690552265669,0.9998523609416164,0.9798523783683777,0.9998523368154838,0.999994916634524,0.9999949099629122,0.9999939977334096,0.9999939901357981,0.8468413585325504,3.317188077170569,,996.1309844183505,False,False,False,,[]
552,552,553,True,1.0,1.0,552.0,553.0,552.0,553.0,553.0,0.0,0.0,0.0,83.40462000000002,0.5060442686080933,0.5060442686080933,0.0,1.0,0.5551690552265669,0.5551690552265669,0.9998523368154838,0.9798523783683777,0.9998523368154838,0.9999949099629122,0.9999949099629122,0.9999939901357981,0.9999939901357981,-0.0,0.0,,1000.0,False,False,False,,[]
553,553,554,True,1.0,1.0,553.0,554.0,553.0,554.0,554.0,0.0,0.0,0.0,83.40462000000002,0.5060442686080933,0.5060442686080933,0.0,1.0,0.5551690552265669,0.5551690552265669,0.9998523368154838,0.9798523783683777,0.9998523368154838,0.9999949099629122,0.9999949099629122,0.9999939901357981,0.9999939901357981,-0.0,0.0,,1000.0,False,False,False,,[]
554,554,555,True,1.0,1.0,554.0,555.0,554.0,555.0,555.0,0.0,0.0,0.0,83.40462000000002,0.5060442686080933,0.5060442686080933,0.0,1.0,0.5551690552265669,0.5551690552265669,0.9998523368154838,0.9798523783683777,0.9998523368154838,0.9999949099629122,0.9999949099629122,0.9999939901357981,0.9999939901357981,-0.0,0.0,,1000.0,False,False,False,,[]
555,555,556,True,1.0,1.0,555.0,556.0,555.0,556.0,556.0,0.0,0.0,0.0,83.40462000000002,0.5060442686080933,0.5060442686080933,0.0,1.0,0.5551690552265669,0.5551690552265669,0.9998523368154838,0.9798523783683777,0.9998523368154838,0.9999949099629122,0.9999949099629122,0.9999939901357981,0.9999939901357981,-0.0,0.0,,1000.0,False,False,False,,[]
556,556,557,True,1.0,1.0,556.0,557.0,556.0,557.0,557.0,0.0,0.0,0.0,83.40462000000002,0.5060442686080933,0.5060442686080933,0.0,1.0,0.5551690552265669,0.5551690552265669,0.9998523368154838,0.9798523783683777,0.9998523368154838,0.9999949099629122,0.9999949099629122,0.9999939901357981,0.9999939901357981,-0.0,0.0,,1000.0,False,False,False,,[]
557,557,558,True,1.0,1.0,557.0,558.0,557.0,558.0,558.0,0.0,0.0,0.0,83.40462000000002,0.5060442686080933,0.5060442686080933,0.0,1.0,0.5551690552265669,0.5551690552265669,0.9998523368154838,0.9798523783683777,0.9998523368154838,0.9999949099629122,0.9999949099629122,0.9999939901357981,0.9999939901357981,-0.0,0.0,,1000.0,False,False,False,,[]
558,558,559,True,1.0,1.0,558.0,559.0,558.0,559.0,559.0,0.0,0.0,0.0,83.40462000000002,0.5060442686080933,0.5060442686080933,0.0,1.0,0.5551690552265669,0.5551690552265669,0.9998523368154838,0.9798523783683777,0.9998523368154838,0.9999949099629122,0.9999949099629122,0.9999939901357981,0.9999939901357981,-0.0,0.0,,1000.0,False,False,False,,[]
559,559,560,True,1.0,1.0,559.0,560.0,559.0,560.0,560.0,0.0,0.0,0.0,83.40462000000002,0.5060442686080933,0.5060442686080933,0.0,1.0,0.5551690552265669,0.5551690552265669,0.9998523368154838,0.9798523783683777,0.9998523368154838,0.9999949099629122,0.9999949099629122,0.9999939901357981,0.9999939901357981,-0.0,0.0,,1000.0,False,False,False,,[]
560,560,561,True,1.0,1.0,560.0,561.0,560.0,561.0,561.0,0.0,0.0,0.0,83.40462000000002,0.5060442686080933,0.5060442686080933,0.0,1.0,0.5551690552265669,0.5551690552265669,0.9998523368154838,0.9798523783683777,0.9998523368154838,0.9999949099629122,0.9999949099629122,0.9999939901357981,0.9999939901357981,-0.0,0.0,,1000.0,False,False,False,,[]
561,561,562,True,1.0,1.0,561.0,562.0,561.0,562.0,562.0,0.0,0.0,0.0,83.40462000000002,0.5060442686080933,0.5060442686080933,0.0,1.0,0.5551690552265669,0.5551690552265669,0.9998523368154838,0.9798523783683777,0.9998523368154838,0.9999949099629122,0.9999949099629122,0.9999939901357981,0.9999939901357981,-0.0,0.0,,1000.0,False,False,False,,[]
562,562,563,True,1.0,1.0,562.0,563.0,562.0,563.0,563.0,0.0,0.0,0.0,83.40462000000002,0.5060442686080933,0.5060442686080933,0.0,1.0,0.5551690552265669,0.5551690552265669,0.9998523368154838,0.9798523783683777,0.9998523368154838,0.9999949099629122,0.9999949099629122,0.9999939901357981,0.9999939901357981,-0.0,0.0,,1000.0,False,False,False,,[]
563,563,564,True,1.0,1.0,563.0,564.0,563.0,564.0,564.0,0.0,0.0,0.0,83.40462000000002,0.5060442686080933,0.5060442686080933,0.0,1.0,0.5551690552265669,0.5551690552265669,0.9998523368154838,0.9798523783683777,0.9998523368154838,0.9999949099629122,0.9999949099629122,0.9999939901357981,0.9999939901357981,-0.0,0.0,,1000.0,False,False,False,,[]
564,564,565,True,1.0,1.0,564.0,565.0,564.0,565.0,565.0,0.0,0.0,0.0,83.40462000000002,0.5060442686080933,0.5060442686080933,0.0,1.0,0.5551690552265669,0.5551690552265669,0.9998523368154838,0.9798523783683777,0.9998523368154838,0.9999949099629122,0.9999949099629122,0.9999939901357981,0.9999939901357981,-0.0,0.0,,1000.0,False,False,False,,[]
565,565,566,True,1.0,1.0,565.0,566.0,565.0,566.0,566.0,0.0,0.0,0.0,83.40462000000002,0.5060442686080933,0.5060442686080933,0.0,1.0,0.5551690552265669,0.5551690552265669,0.9998523368154838,0.9798523783683777,0.9998523368154838,0.9999949099629122,0.9999949099629122,0.9999939901357981,0.9999939901357981,-0.0,0.0,,1000.0,False,False,False,,[]
566,566,567,True,1.0,1.0,566.0,567.0,566.0,567.0,567.0,0.0,0.0,0.0,83.40462000000002,0.5060442686080933,0.5060442686080933,0.0,1.0,0.5551690552265669,0.5551690552265669,0.9998523368154838,0.9798523783683777,0.9998523368154838,0.9999949099629122,0.9999949099629122,0.9999939901357981,0.9999939901357981,-0.0,0.0,,1000.0,False,False,False,,[]
567,567,568,True,1.0,1.0,567.0,568.0,567.0,568.0,568.0,0.0,0.0,0.0,83.40462000000002,0.5060442686080933,0.5060442686080933,0.0,1.0,0.5551690552265669,0.5551690552265669,0.9998523368154838,0.9798523783683777,0.9998523368154838,0.9999949099629122,0.9999949099629122,0.9999939901357981,0.9999939901357981,-0.0,0.0,,1000.0,False,False,False,,[]
568,568,569,True,1.0,1.0,568.0,569.0,568.0,569.0,569.0,0.0,0.0,5.3108352,898.6620801600001,0.5060442686080933,0.5060442686080933,0.0,1.0,0.5551690552265669,0.5551086129448418,0.9998523368154838,0.9798523783683777,0.9998522174343986,0.9999949099629122,0.9999949017680384,0.9999939901357981,0.9999939808035007,-3.9992007777936562,-15.666639423130846,,917.5090028794336,False,False,False,,[]
569,569,570,True,1.0,1.0,569.0,570.0,569.0,570.0,570.0,0.0,5.3108352,10.6216704,898.8960198243519,0.506044328212738,0.506044328212738,0.0,1.0,0.5551086129448418,0.554927166291438,0.9998522174343986,0.9798522591590881,0.9998518372727379,0.9999949017680384,0.9999948771770143,0.9999939808035007,0.9999939527993233,-12.000725548574824,-47.030972562263365,,786.1276636577558,False,False,False,,[]
570,570,571,True,1.0,1.0,570.0,571.0,570.0,571.0,571.0,0.0,10.6216704,15.932505600000002,899.5978388174084,0.5060444474220276,0.5060444474220276,0.0,1.0,0.554927166291438,0.5546903459256445,0.9998518372727379,0.9798518419265747,0.9998513538774144,0.9999948771770143,0.9999948683905937,0.9999939527993233,0.999993906089265,-15.65925718690256,-61.383838813690495,,745.9032881784246,False,False,False,,[]
571,571,572,True,1.0,1.0,571.0,572.0,571.0,572.0,572.0,0.0,15.932505600000002,20.921472,851.3579940991683,0.5060445666313171,0.5060445666313171,0.0,1.0,0.5546903459256445,0.5544414404754138,0.9998513538774144,0.9798513650894165,0.9998508489432546,0.9999948683905937,0.9999948496715536,0.999993906089265,0.9999938810524613,-16.456208019003885,-64.51629269979126,,744.5158719249706,False,False,False,,[]
572,572,573,True,1.0,1.0,572.0,573.0,572.0,573.0,573.0,0.0,20.921472,23.4964224,482.3114329403383,0.5060447454452515,0.5060447454452515,0.0,1.0,0.5544414404754138,0.5542688688825331,0.9998508489432546,0.9798508882522583,0.9998504859779108,0.9999948496715536,0.999994832549858,0.9999938810524613,0.9999938670337316,-11.41110449170087,-44.73055687465112,,806.4460506313696,False,False,False,,[]
573,573,574,True,1.0,1.0,573.0,574.0,573.0,574.0,574.0,0.0,23.4964224,25.749504,433.85053779545177,0.506044864654541,0.506044864654541,0.0,1.0,0.5542688688825331,0.5541011038922582,0.9998504859779108,0.9798505306243896,0.9998501323964024,0.999994832549858,0.999994818939926,0.9999938670337316,0.9999938523837848,-11.092774655125108,-43.484685479267775,,812.0950052508114,False,False,False,,[]
574,574,575,True,1.0,1.0,574.0,575.0,574.0,575.0,575.0,0.0,25.749504,27.358848000000002,335.9517432876136,0.5060449242591858,0.5060449242591858,0.0,1.0,0.5541011038922582,0.553958925698286,0.9998501323964024,0.979850172996521,0.9998498295722495,0.999994818939926,0.9999948057954763,0.9999938523837848,0.9999938405691176,-9.401179268309175,-36.85258787759304,,835.1290513046074,False,False,False,,[]
575,575,576,True,1.0,1.0,575.0,576.0,575.0,576.0,576.0,0.0,27.358848000000002,27.358848000000002,89.61293616140739,0.5060450434684753,0.5060450434684753,0.0,1.0,0.553958925698286,0.5539162619345556,0.9998498295722495,0.9798498749732971,0.9998497467588672,0.9999948057954763,0.999994800640729,0.9999938405691176,0.999993836498839,-2.821795383428218,-11.058447558929908,,943.2448375566678,False,False,False,,[]
576,576,577,True,1.0,1.0,576.0,577.0,576.0,577.0,577.0,0.0,27.358848000000002,27.358848000000002,89.61293616140739,0.5060451030731201,0.5060451030731201,0.0,1.0,0.5539162619345556,0.5538735981656747,0.9998497467588672,0.9798497557640076,0.9998496639454744,0.999994800640729,0.9999947954859811,0.999993836498839,0.9999938324285605,-2.8217954392218485,-11.058448893906768,,943.2448316506477,False,False,False,,[]
577,577,578,True,1.0,1.0,577.0,578.0,577.0,578.0,578.0,0.0,27.358848000000002,28.163520000000002,213.1367937614072,0.5060451030731201,0.5060451030731201,0.0,1.0,0.5538735981656747,0.5537748140400026,0.9998496639454744,0.9798496961593628,0.9998494613771184,0.9999947954859811,0.9999947848112384,0.9999938324285605,0.999993823429564,-6.532458666125818,-25.604845374214936,,878.1830949365137,False,False,False,,[]
578,578,579,True,1.0,1.0,578.0,579.0,578.0,579.0,579.0,0.0,28.163520000000002,28.4853888,139.39304478543588,0.5060451626777649,0.5060451626777649,0.0,1.0,0.5537748140400026,0.5537103536142004,0.9998494613771184,0.9798494577407837,0.999849333558248,0.9999947848112384,0.9999947787209404,0.999993823429564,0.9999938172509779,-4.263037158122443,-16.708142367926097,,917.8427930637771,False,False,False,,[]
579,579,580,True,1.0,1.0,579.0,580.0,579.0,580.0,580.0,0.0,28.4853888,28.4853888,90.13473546784539,0.5060452222824097,0.5060452222824097,0.0,1.0,0.5537103536142004,0.5536675586584175,0.999849333558248,0.9798493385314941,0.9998492504795509,0.9999947787209404,0.999994774264927,0.9999938172509779,0.9999938131598229,-2.8303772714009994,-11.092452538911578,,943.7078334758867,False,False,False,,[]
580,580,581,True,1.0,1.0,580.0,581.0,580.0,581.0,581.0,0.0,28.4853888,28.163520000000002,40.725192427845535,0.5060452222824097,0.5060452222824097,0.0,1.0,0.5536675586584175,0.553645464313869,0.9998492504795509,0.9798492789268494,0.9998492084472239,0.999994774264927,0.9999947718396368,0.9999938131598229,0.9999938099423168,-1.4613743630964855,-5.7268541069830805,,969.0482372793016,False,False,False,,[]
581,581,582,True,1.0,1.0,581.0,582.0,581.0,582.0,582.0,0.0,28.163520000000002,27.358848000000002,-33.540355854563835,0.5060452222824097,0.5060452222824097,0.0,1.0,0.553645464313869,0.5536534444606447,0.9998492084472239,0.9798492193222046,0.9998491934739528,0.9999947718396368,0.9999947698819435,0.9999938099423168,0.9999938071609277,0.5278815984744314,2.0684540442566175,,1001.7467831399385,False,False,False,,[]
582,582,583,True,1.0,1.0,582.0,583.0,582.0,583.0,583.0,0.0,27.358848000000002,27.1979136,64.9081646414072,0.5060452222824097,0.5060452222824097,0.0,1.0,0.5536534444606447,0.5536215059717964,0.9998491934739528,0.9798492193222046,0.9998491321261489,0.9999947698819435,0.999994766159253,0.9999938071609277,0.9999938034013,-2.1124968512314064,-8.278456309493404,,956.429301321458,False,False,False,,[]
583,583,584,True,1.0,1.0,583.0,584.0,583.0,584.0,584.0,0.0,27.1979136,26.715110400000004,15.425797408372663,0.5060452222824097,0.5060452222824097,0.0,1.0,0.5536215059717964,0.5536129096497591,0.9998491321261489,0.9798491597175598,0.9998491159870133,0.999994766159253,0.9999947652849734,0.9999938034013,0.9999938019517484,-0.5686279865922566,-2.228166672063209,,987.6210913438653,False,False,False,,[]
584,584,585,True,1.0,1.0,584.0,585.0,584.0,585.0,585.0,0.0,26.715110400000004,27.358848000000002,188.1433033168074,0.5060452222824097,0.5060452222824097,0.0,1.0,0.5536129096497591,0.5535364406486422,0.9998491159870133,0.9798491597175598,0.9998489625644832,0.9999947652849734,0.999994759374061,0.9999938019517484,0.9999937973841982,-5.057249509781425,-19.820765089515326,,907.2025120760845,False,False,False,,[]
585,585,586,True,1.0,1.0,585.0,586.0,585.0,586.0,586.0,0.0,27.358848000000002,27.519782400000004,114.31770768140755,0.5060452818870544,0.5060452818870544,0.0,1.0,0.5535364406486422,0.5534821569478039,0.9998489625644832,0.9798489809036255,0.9998488559913807,0.999994759374061,0.9999947527788934,0.9999937973841982,0.9999937924174779,-3.5902290931873972,-14.070335257271484,,928.9338661780043,False,False,False,,[]
586,586,587,True,1.0,1.0,586.0,587.0,586.0,587.0,587.0,0.0,27.519782400000004,27.358848000000002,64.98141847569924,0.5060453414916992,0.5060453414916992,0.0,1.0,0.5534821569478039,0.5534499990350177,0.9998488559913807,0.9798488616943359,0.9998487942088443,0.9999947527788934,0.9999947490300131,0.9999937924174779,0.9999937886349983,-2.1270051555514757,-8.33533099418743,,956.1440381845481,False,False,False,,[]
587,587,588,True,1.0,1.0,587.0,588.0,587.0,588.0,588.0,0.0,27.358848000000002,26.715110400000004,-9.206149918592317,0.5060453414916992,0.5060453414916992,0.0,1.0,0.5534499990350177,0.5534519988901703,0.9998487942088443,0.9798488020896912,0.999848790478374,0.9999947490300131,0.9999947485066835,0.9999937886349983,0.9999937877246906,0.13229025150711884,0.5183624555486184,,1000.1932081281875,False,False,False,,[]
588,588,589,True,1.0,1.0,588.0,589.0,588.0,589.0,589.0,0.0,26.715110400000004,26.554176000000002,64.6194457168075,0.5060453414916992,0.5060453414916992,0.0,1.0,0.5534519988901703,0.5534209117528225,0.999848790478374,0.9798488020896912,0.9998487308155664,0.9999947485066835,0.9999947448880114,0.9999937877246906,0.9999937840419733,-2.056240797928943,-8.057786000539446,,957.5289861446473,False,False,False,,[]
589,589,590,True,1.0,1.0,589.0,590.0,589.0,590.0,590.0,0.0,26.554176000000002,26.554176000000002,89.25311160879986,0.506045401096344,0.506045401096344,0.0,1.0,0.5534209117528225,0.5533793493580877,0.9998487308155664,0.9798487424850464,0.9998486502268948,0.9999947448880114,0.99999473990496,0.9999937840419733,0.9999937798596172,-2.7490414302063164,-10.772972715252829,,944.4773238815553,False,False,False,,[]
590,590,591,True,1.0,1.0,590.0,591.0,590.0,591.0,591.0,0.0,26.554176000000002,26.715110400000004,113.95788312880002,0.506045401096344,0.506045401096344,0.0,1.0,0.5533793493580877,0.5533275377186186,0.9998486502268948,0.9798486828804016,0.999848548752791,0.99999473990496,0.9999947335233476,0.9999937798596172,0.9999937756436865,-3.4268401511264766,-13.429576950397493,,932.351734634811,False,False,False,,[]
591,591,592,True,1.0,1.0,591.0,592.0,591.0,592.0,592.0,0.0,26.715110400000004,27.358848000000002,188.1433033168074,0.5060454607009888,0.5060454607009888,0.0,1.0,0.5533275377186186,0.5532510690191267,0.999848548752791,0.9798485636711121,0.9998483953309113,0.9999947335233476,0.9999947276124324,0.9999937756436865,0.9999937710761376,-5.057249652646717,-19.820686908305575,,907.2028125656434,False,False,False,,[]
592,592,593,True,1.0,1.0,592.0,593.0,592.0,593.0,593.0,0.0,27.358848000000002,28.324454400000004,237.8415652814079,0.5060454607009888,0.5060454607009888,0.0,1.0,0.5532510690191267,0.5531414807132878,0.9998483953309113,0.9798483848571777,0.99984816821954,0.9999947276124324,0.9999947161707489,0.9999937710761376,0.9999937611084018,-7.246744611332786,-28.405288873439957,,866.7698001335126,False,False,False,,[]
593,593,594,True,1.0,1.0,593.0,594.0,593.0,594.0,594.0,0.0,28.324454400000004,29.772864000000002,312.40184746601227,0.5060455203056335,0.5060455203056335,0.0,1.0,0.5531414807132878,0.5530058034636776,0.99984816821954,0.9798482060432434,0.9998478797727249,0.9999947161707489,0.9999947055264174,0.9999937611084018,0.9999937538656795,-8.970929319522224,-35.16754309899742,,845.7310565253455,False,False,False,,[]
594,594,595,True,1.0,1.0,594.0,595.0,594.0,595.0,595.0,0.0,29.772864000000002,30.8994048,263.6902566477554,0.5060456395149231,0.5060456395149231,0.0,1.0,0.5530058034636776,0.5528854070050105,0.9998478797727249,0.9798479080200195,0.9998476276103475,0.9999947055264174,0.9999946955567772,0.9999937538656795,0.9999937474813342,-7.96063719710955,-31.20676208648514,,860.6098742500403,False,False,False,,[]
595,595,596,True,1.0,1.0,595.0,596.0,595.0,596.0,596.0,0.0,30.8994048,32.5087488,338.3714828461641,0.5060456991195679,0.5060456991195679,0.0,1.0,0.5528854070050105,0.5527216489506527,0.9998476276103475,0.9798476696014404,0.9998472818887854,0.9999946955567772,0.999994682527462,0.9999937474813342,0.9999937362443373,-10.825889145011766,-42.446087689564784,,817.9313301473446,False,False,False,,[]
596,596,597,True,1.0,1.0,596.0,597.0,596.0,597.0,597.0,0.0,32.5087488,33.796224,289.80833308214795,0.5060458183288574,0.5060458183288574,0.0,1.0,0.5527216489506527,0.5525658581422137,0.9998472818887854,0.9798473119735718,0.9998469518948211,0.999994682527462,0.9999946671659683,0.9999937362443373,0.9999937228453148,-10.298927879726437,-40.380977547374094,,821.3210199016667,False,False,False,,[]
597,597,598,True,1.0,1.0,597.0,598.0,597.0,598.0,598.0,0.0,33.796224,33.957158400000004,117.58298123342851,0.506045937538147,0.506045937538147,0.0,1.0,0.5525658581422137,0.5524994725266836,0.9998469518948211,0.9798469543457031,0.9998468200103322,0.9999946671659683,0.9999946598548288,0.9999937228453148,0.9999937170642408,-4.389619930359559,-17.207151545390374,,915.1925159366784,False,False,False,,[]
598,598,599,True,1.0,1.0,598.0,599.0,598.0,599.0,599.0,0.0,33.957158400000004,34.1180928,117.6734207179924,0.506045937538147,0.506045937538147,0.0,1.0,0.5524994725266836,0.5524340950525433,0.9998468200103322,0.9798468351364136,0.9998466902566903,0.9999946598548288,0.9999946521154017,0.9999937170642408,0.9999937130890133,-4.322948667854673,-16.94584129718314,,917.3743887422082,False,False,False,,[]
599,599,600,True,1.0,1.0,599.0,600.0,599.0,600.0,600.0,0.0,34.1180928,34.76183040000001,191.87860440381797,0.5060459971427917,0.5060459971427917,0.0,1.0,0.5524340950525433,0.5523312313694083,0.9998466902566903,0.979846715927124,0.9998464784792284,0.9999946521154017,0.9999946415696989,0.9999937130890133,0.999993707814882,-6.800809448719733,-26.662266668576848,,877.299748646293,False,False,False,,[]
600,600,601,True,1.0,1.0,600.0,601.0,600.0,601.0,601.0,0.0,34.76183040000001,35.405568,192.24637731967422,0.5060460567474365,0.5060460567474365,0.0,1.0,0.5523312313694083,0.5522270507965686,0.9998464784792284,0.9798464775085449,0.9998462637140344,0.9999946415696989,0.9999946313308045,0.999993707814882,0.9999937024318715,-6.887702931932601,-27.003604480047592,,876.2099386095647,False,False,False,,[]
601,601,602,True,1.0,1.0,601.0,602.0,601.0,602.0,602.0,0.0,35.405568,36.0493056,192.6210244956439,0.5060461163520813,0.5060461163520813,0.0,1.0,0.5522270507965686,0.5521196217988298,0.9998462637140344,0.9798462986946106,0.999846041547421,0.9999946313308045,0.9999946201571784,0.9999937024318715,0.9999936969394081,-7.102245285657835,-27.845596213902656,,872.363038524022,False,False,False,,[]
602,602,603,True,1.0,1.0,602.0,603.0,602.0,603.0,603.0,0.0,36.0493056,36.21024,118.88823137172203,0.5060461759567261,0.5060461759567261,0.0,1.0,0.5521196217988298,0.5520500339291194,0.999846041547421,0.9798460602760315,0.99984590286744,0.9999946201571784,0.9999946116802901,0.9999936969394081,0.9999936935112119,-4.60097639740486,-18.03717582893041,,912.9410701740771,False,False,False,,[]
603,603,604,True,1.0,1.0,603.0,604.0,603.0,604.0,604.0,0.0,36.21024,36.21024,94.27991431388402,0.5060462355613708,0.5060462355613708,0.0,1.0,0.5520500339291194,0.5519948168583352,0.99984590286744,0.9798459410667419,0.9998457943628595,0.9999946116802901,0.9999946057131941,0.9999936935112119,0.9999936895873243,-3.6509622775855406,-14.312264747291598,,929.4038648775077,False,False,False,,[]
604,604,605,True,1.0,1.0,604.0,605.0,604.0,605.0,605.0,0.0,36.21024,36.21024,94.27991431388402,0.5060462355613708,0.5060462355613708,0.0,1.0,0.5519948168583352,0.5519395998630672,0.9998457943628595,0.9798458218574524,0.9998456858584354,0.9999946057131941,0.9999945997460981,0.9999936895873243,0.9999936856634366,-3.6509622775855406,-14.312245173462015,,929.4039436201489,False,False,False,,[]
605,605,606,True,1.0,1.0,605.0,606.0,605.0,606.0,606.0,0.0,36.21024,36.5321088,143.68945735388533,0.5060462951660156,0.5060462951660156,0.0,1.0,0.5519395998630672,0.551858525296735,0.9998456858584354,0.9798457026481628,0.9998455224610658,0.9999945997460981,0.9999945915826951,0.9999936856634366,0.9999936814924029,-5.36024216224828,-21.01452759330502,,901.104875342399,False,False,False,,[]
606,606,607,True,1.0,1.0,606.0,607.0,606.0,607.0,607.0,0.0,36.5321088,38.1414528,341.52182736197756,0.5060463547706604,0.5060463547706604,0.0,1.0,0.551858525296735,0.5516741805970177,0.9998455224610658,0.9798455238342285,0.9998451367213124,0.9999945915826951,0.9999945816820713,0.9999936814924029,0.9999936713154737,-12.18385865254128,-47.782146166708216,,804.5076706262405,False,False,False,,[]
607,607,608,True,1.0,1.0,607.0,608.0,607.0,608.0,608.0,0.0,38.1414528,40.394534400000005,441.3376811578582,0.50604647397995,0.50604647397995,0.0,1.0,0.5516741805970177,0.5514237561150731,0.9998451367213124,0.9798451662063599,0.9998446291063828,0.9999945816820713,0.9999945683835894,0.9999936713154737,0.9999936574839179,-16.546916669294056,-64.91002572003008,,752.8329030604694,False,False,False,,[]
608,608,609,True,1.0,1.0,608.0,609.0,608.0,609.0,609.0,0.0,40.394534400000005,41.842944,319.28147809123965,0.5060465931892395,0.5060465931892395,0.0,1.0,0.5514237561150731,0.5512308964123186,0.9998446291063828,0.9798446297645569,0.999844227084926,0.9999945683835894,0.9999945584635445,0.9999936574839179,0.9999936437300155,-12.744576067925635,-49.98923495398161,,795.7121961807462,False,False,False,,[]
609,609,610,True,1.0,1.0,609.0,610.0,609.0,610.0,610.0,0.0,41.842944,42.647616,221.45035208135366,0.506046712398529,0.506046712398529,0.0,1.0,0.5512308964123186,0.5510851783831271,0.999844227084926,0.9798442721366882,0.9998439171599545,0.9999945584635445,0.999994548032799,0.9999936437300155,0.9999936302669785,-9.630264046915258,-37.77011316644015,,832.9138856347195,False,False,False,,[]
610,610,611,True,1.0,1.0,610.0,611.0,610.0,611.0,611.0,0.0,42.647616,43.452288,222.0142562309634,0.5060468316078186,0.5060468316078186,0.0,1.0,0.5510851783831271,0.5509368486693426,0.9998439171599545,0.9798439145088196,0.9998436020119171,0.999994548032799,0.9999945376056659,0.9999936302669785,0.9999936167200892,-9.802467064231685,-38.447061812964805,,830.6899810101673,False,False,False,,[]
611,611,612,True,1.0,1.0,611.0,612.0,611.0,612.0,612.0,0.0,43.452288,42.003878400000005,-123.27789986800704,0.5060468912124634,0.5060468912124634,0.0,1.0,0.5509368486693426,0.5509892559645242,0.9998436020119171,0.9798436164855957,0.9998434993113828,0.9999945376056659,0.9999945297613901,0.9999936167200892,0.9999936062750109,3.465448320268189,13.583970911090473,,1024.4305035114346,False,False,False,,[]
612,612,613,True,1.0,1.0,612.0,613.0,612.0,613.0,613.0,0.0,42.003878400000005,36.693043200000005,-717.2190441312376,0.5060469508171082,0.5060469508171082,0.0,1.0,0.5509892559645242,0.5513185943449681,0.9998434993113828,0.9798434972763062,0.9998428611721557,0.9999945297613901,0.9999945114255355,0.9999936062750109,0.9999935837512736,21.797866730747433,85.36450821106388,,1289.7648460502583,False,False,False,,[]
613,613,614,True,1.0,1.0,613.0,614.0,613.0,614.0,614.0,0.0,36.693043200000005,31.382208000000002,-720.68560461209,0.5060471296310425,0.5060471296310425,0.0,1.0,0.5513185943449681,0.551597731533092,0.9998428611721557,0.9798429012298584,0.9998423040372612,0.9999945114255355,0.9999944919784512,0.9999935837512736,0.999993559355309,18.475517087711566,72.3523591617073,,1218.8888521085596,False,False,False,,[]
614,614,615,True,1.0,1.0,614.0,615.0,614.0,615.0,615.0,0.0,31.382208000000002,26.0713728,-723.6842857642387,0.5060473084449768,0.5060473084449768,0.0,1.0,0.551597731533092,0.5518344396342412,0.9998423040372612,0.9798423051834106,0.9998418208437637,0.9999944919784512,0.9999944741369547,0.999993559355309,0.9999935404517689,15.667450533241134,61.35473981786739,,1178.7500340229608,False,False,False,,[]
615,615,616,True,1.0,1.0,615.0,616.0,615.0,616.0,616.0,0.0,26.0713728,20.760537600000003,-726.2150875876822,0.5060474276542664,0.5060474276542664,0.0,1.0,0.5518344396342412,0.5520320671816736,0.9998418208437637,0.9798418283462524,0.9998414097768595,0.9999944741369547,0.9999944622191353,0.9999935404517689,0.9999935268799637,13.080784581936339,51.225060294480926,,1150.7893462500815,False,False,False,,[]
616,616,617,True,1.0,1.0,616.0,617.0,616.0,617.0,617.0,0.0,20.760537600000003,15.4497024,-728.2780100824234,0.5060476064682007,0.5060476064682007,0.0,1.0,0.5520320671816736,0.5521788660007805,0.9998414097768595,0.979841411113739,0.9998410976887881,0.9999944622191353,0.9999944461511621,0.9999935268799637,0.9999935162530614,9.715945119449948,38.05025391248625,,1097.568501707051,False,False,False,,[]
617,617,618,True,1.0,1.0,617.0,618.0,617.0,618.0,618.0,0.0,15.4497024,10.1388672,-729.873053248459,0.5060476660728455,0.5060476660728455,0.0,1.0,0.5521788660007805,0.5522641767577557,0.9998410976887881,0.9798411130905151,0.9998409250398173,0.9999944461511621,0.9999944396065606,0.9999935162530614,0.9999934797339933,5.64569111799856,22.11254820799292,,1025.6222913258066,False,False,False,,[]
618,618,619,True,1.0,1.0,618.0,619.0,618.0,619.0,619.0,0.0,10.1388672,4.828032,-731.0002170857914,0.5060477256774902,0.5060477256774902,0.0,1.0,0.5522641767577557,0.5523002126484241,0.9998409250398173,0.9798409342765808,0.9998408555436706,0.9999944396065606,0.9999944208205167,0.9999934797339933,0.9999934583407991,2.3845347640143544,9.340502861238432,,989.0287416022065,False,False,False,,[]
619,619,620,True,1.0,1.0,619.0,620.0,619.0,620.0,620.0,0.0,4.828032,0.0,-657.54518703442,0.5060477256774902,0.5060477256774902,0.0,1.0,0.5523002126484241,0.5523106695735543,0.9998408555436706,0.979840874671936,0.9998408358755855,0.9999944208205167,0.999994415369447,0.9999934583407991,0.9999934521332232,0.6919107240463949,2.710434993756031,,996.8414788754557,False,False,False,,[]
620,620,621,True,1.0,1.0,620.0,621.0,620.0,621.0,621.0,0.0,0.0,0.0,83.40462000000002,0.5060477256774902,0.5060477256774902,0.0,1.0,0.5523106695735543,0.5523106695735543,0.9998408358755855,0.979840874671936,0.9998408358755855,0.999994415369447,0.999994415369447,0.9999934521332232,0.9999934521332232,-0.0,0.0,,1000.0,False,False,False,,[]
621,621,622,True,1.0,1.0,621.0,622.0,621.0,622.0,622.0,0.0,0.0,0.0,83.40462000000002,0.5060477256774902,0.5060477256774902,0.0,1.0,0.5523106695735543,0.5523106695735543,0.9998408358755855,0.979840874671936,0.9998408358755855,0.999994415369447,0.999994415369447,0.9999934521332232,0.9999934521332232,-0.0,0.0,,1000.0,False,False,False,,[]
622,622,623,True,1.0,1.0,622.0,623.0,622.0,623.0,623.0,0.0,0.0,0.0,83.40462000000002,0.5060477256774902,0.5060477256774902,0.0,1.0,0.5523106695735543,0.5523106695735543,0.9998408358755855,0.979840874671936,0.9998408358755855,0.999994415369447,0.999994415369447,0.9999934521332232,0.9999934521332232,-0.0,0.0,,1000.0,False,False,False,,[]
623,623,624,True,1.0,1.0,623.0,624.0,623.0,624.0,624.0,0.0,0.0,0.0,83.40462000000002,0.5060477256774902,0.5060477256774902,0.0,1.0,0.5523106695735543,0.5523106695735543,0.9998408358755855,0.979840874671936,0.9998408358755855,0.999994415369447,0.999994415369447,0.9999934521332232,0.9999934521332232,-0.0,0.0,,1000.0,False,False,False,,[]
624,624,625,True,1.0,1.0,624.0,625.0,624.0,625.0,625.0,0.0,0.0,0.0,83.40462000000002,0.5060477256774902,0.5060477256774902,0.0,1.0,0.5523106695735543,0.5523106695735543,0.9998408358755855,0.979840874671936,0.9998408358755855,0.999994415369447,0.999994415369447,0.9999934521332232,0.9999934521332232,-0.0,0.0,,1000.0,False,False,False,,[]
625,625,626,True,1.0,1.0,625.0,626.0,625.0,626.0,626.0,0.0,0.0,0.0,83.40462000000002,0.5060477256774902,0.5060477256774902,0.0,1.0,0.5523106695735543,0.5523106695735543,0.9998408358755855,0.979840874671936,0.9998408358755855,0.999994415369447,0.999994415369447,0.9999934521332232,0.9999934521332232,-0.0,0.0,,1000.0,False,False,False,,[]
626,626,627,True,1.0,1.0,626.0,627.0,626.0,627.0,627.0,0.0,0.0,0.0,83.40462000000002,0.5060477256774902,0.5060477256774902,0.0,1.0,0.5523106695735543,0.5523106695735543,0.9998408358755855,0.979840874671936,0.9998408358755855,0.999994415369447,0.999994415369447,0.9999934521332232,0.9999934521332232,-0.0,0.0,,1000.0,False,False,False,,[]
627,627,628,True,1.0,1.0,627.0,628.0,627.0,628.0,628.0,0.0,0.0,0.0,83.40462000000002,0.5060477256774902,0.5060477256774902,0.0,1.0,0.5523106695735543,0.5523106695735543,0.9998408358755855,0.979840874671936,0.9998408358755855,0.999994415369447,0.999994415369447,0.9999934521332232,0.9999934521332232,-0.0,0.0,,1000.0,False,False,False,,[]
628,628,629,True,1.0,1.0,628.0,629.0,628.0,629.0,629.0,0.0,0.0,0.0,83.40462000000002,0.5060477256774902,0.5060477256774902,0.0,1.0,0.5523106695735543,0.5523106695735543,0.9998408358755855,0.979840874671936,0.9998408358755855,0.999994415369447,0.999994415369447,0.9999934521332232,0.9999934521332232,-0.0,0.0,,1000.0,False,False,False,,[]
629,629,630,True,1.0,1.0,629.0,630.0,629.0,630.0,630.0,0.0,0.0,0.0,83.40462000000002,0.5060477256774902,0.5060477256774902,0.0,1.0,0.5523106695735543,0.5523106695735543,0.9998408358755855,0.979840874671936,0.9998408358755855,0.999994415369447,0.999994415369447,0.9999934521332232,0.9999934521332232,-0.0,0.0,,1000.0,False,False,False,,[]
630,630,631,True,1.0,1.0,630.0,631.0,630.0,631.0,631.0,0.0,0.0,0.0,83.40462000000002,0.5060477256774902,0.5060477256774902,0.0,1.0,0.5523106695735543,0.5523106695735543,0.9998408358755855,0.979840874671936,0.9998408358755855,0.999994415369447,0.999994415369447,0.9999934521332232,0.9999934521332232,-0.0,0.0,,1000.0,False,False,False,,[]
631,631,632,True,1.0,1.0,631.0,632.0,631.0,632.0,632.0,0.0,0.0,0.0,83.40462000000002,0.5060477256774902,0.5060477256774902,0.0,1.0,0.5523106695735543,0.5523106695735543,0.9998408358755855,0.979840874671936,0.9998408358755855,0.999994415369447,0.999994415369447,0.9999934521332232,0.9999934521332232,-0.0,0.0,,1000.0,False,False,False,,[]
632,632,633,True,1.0,1.0,632.0,633.0,632.0,633.0,633.0,0.0,0.0,0.0,83.40462000000002,0.5060477256774902,0.5060477256774902,0.0,1.0,0.5523106695735543,0.5523106695735543,0.9998408358755855,0.979840874671936,0.9998408358755855,0.999994415369447,0.999994415369447,0.9999934521332232,0.9999934521332232,-0.0,0.0,,1000.0,False,False,False,,[]
633,633,634,True,1.0,1.0,633.0,634.0,633.0,634.0,634.0,0.0,0.0,0.0,83.40462000000002,0.5060477256774902,0.5060477256774902,0.0,1.0,0.5523106695735543,0.5523106695735543,0.9998408358755855,0.979840874671936,0.9998408358755855,0.999994415369447,0.999994415369447,0.9999934521332232,0.9999934521332232,-0.0,0.0,,1000.0,False,False,False,,[]
634,634,635,True,1.0,1.0,634.0,635.0,634.0,635.0,635.0,0.0,0.0,0.0,83.40462000000002,0.5060477256774902,0.5060477256774902,0.0,1.0,0.5523106695735543,0.5523106695735543,0.9998408358755855,0.979840874671936,0.9998408358755855,0.999994415369447,0.999994415369447,0.9999934521332232,0.9999934521332232,-0.0,0.0,,1000.0,False,False,False,,[]
635,635,636,True,1.0,1.0,635.0,636.0,635.0,636.0,636.0,0.0,0.0,0.0,83.40462000000002,0.5060477256774902,0.5060477256774902,0.0,1.0,0.5523106695735543,0.5523106695735543,0.9998408358755855,0.979840874671936,0.9998408358755855,0.999994415369447,0.999994415369447,0.9999934521332232,0.9999934521332232,-0.0,0.0,,1000.0,False,False,False,,[]
636,636,637,True,1.0,1.0,636.0,637.0,636.0,637.0,637.0,0.0,0.0,0.0,83.40462000000002,0.5060477256774902,0.5060477256774902,0.0,1.0,0.5523106695735543,0.5523106695735543,0.9998408358755855,0.979840874671936,0.9998408358755855,0.999994415369447,0.999994415369447,0.9999934521332232,0.9999934521332232,-0.0,0.0,,1000.0,False,False,False,,[]
637,637,638,True,1.0,1.0,637.0,638.0,637.0,638.0,638.0,0.0,0.0,0.0,83.40462000000002,0.5060477256774902,0.5060477256774902,0.0,1.0,0.5523106695735543,0.5523106695735543,0.9998408358755855,0.979840874671936,0.9998408358755855,0.999994415369447,0.999994415369447,0.9999934521332232,0.9999934521332232,-0.0,0.0,,1000.0,False,False,False,,[]
638,638,639,True,1.0,1.0,638.0,639.0,638.0,639.0,639.0,0.0,0.0,0.0,83.40462000000002,0.5060477256774902,0.5060477256774902,0.0,1.0,0.5523106695735543,0.5523106695735543,0.9998408358755855,0.979840874671936,0.9998408358755855,0.999994415369447,0.999994415369447,0.9999934521332232,0.9999934521332232,-0.0,0.0,,1000.0,False,False,False,,[]
639,639,640,True,1.0,1.0,639.0,640.0,639.0,640.0,640.0,0.0,0.0,0.0,83.40462000000002,0.5060477256774902,0.5060477256774902,0.0,1.0,0.5523106695735543,0.5523106695735543,0.9998408358755855,0.979840874671936,0.9998408358755855,0.999994415369447,0.999994415369447,0.9999934521332232,0.9999934521332232,-0.0,0.0,,1000.0,False,False,False,,[]
640,640,641,True,1.0,1.0,640.0,641.0,640.0,641.0,641.0,0.0,0.0,0.0,83.40462000000002,0.5060477256774902,0.5060477256774902,0.0,1.0,0.5523106695735543,0.5523106695735543,0.9998408358755855,0.979840874671936,0.9998408358755855,0.999994415369447,0.999994415369447,0.9999934521332232,0.9999934521332232,-0.0,0.0,,1000.0,False,False,False,,[]
641,641,642,True,1.0,1.0,641.0,642.0,641.0,642.0,642.0,0.0,0.0,0.0,83.40462000000002,0.5060477256774902,0.5060477256774902,0.0,1.0,0.5523106695735543,0.5523106695735543,0.9998408358755855,0.979840874671936,0.9998408358755855,0.999994415369447,0.999994415369447,0.9999934521332232,0.9999934521332232,-0.0,0.0,,1000.0,False,False,False,,[]
642,642,643,True,1.0,1.0,642.0,643.0,642.0,643.0,643.0,0.0,0.0,0.0,83.40462000000002,0.5060477256774902,0.5060477256774902,0.0,1.0,0.5523106695735543,0.5523106695735543,0.9998408358755855,0.979840874671936,0.9998408358755855,0.999994415369447,0.999994415369447,0.9999934521332232,0.9999934521332232,-0.0,0.0,,1000.0,False,False,False,,[]
643,643,644,True,1.0,1.0,643.0,644.0,643.0,644.0,644.0,0.0,0.0,0.0,83.40462000000002,0.5060477256774902,0.5060477256774902,0.0,1.0,0.5523106695735543,0.5523106695735543,0.9998408358755855,0.979840874671936,0.9998408358755855,0.999994415369447,0.999994415369447,0.9999934521332232,0.9999934521332232,-0.0,0.0,,1000.0,False,False,False,,[]
644,644,645,True,1.0,1.0,644.0,645.0,644.0,645.0,645.0,0.0,0.0,0.0,83.40462000000002,0.5060477256774902,0.5060477256774902,0.0,1.0,0.5523106695735543,0.5523106695735543,0.9998408358755855,0.979840874671936,0.9998408358755855,0.999994415369447,0.999994415369447,0.9999934521332232,0.9999934521332232,-0.0,0.0,,1000.0,False,False,False,,[]
645,645,646,True,1.0,1.0,645.0,646.0,645.0,646.0,646.0,0.0,0.0,3.218688,577.5000504000001,0.5060477256774902,0.5060477256774902,0.0,1.0,0.5523106695735543,0.5522871327008461,0.9998408358755855,0.979840874671936,0.9998407910357576,0.999994415369447,0.999994412177785,0.9999934521332232,0.9999934484986184,-1.557560316928,-6.10075740599684,,966.3263088577236,False,False,False,,[]
646,646,647,True,1.0,1.0,646.0,647.0,646.0,647.0,647.0,0.0,3.218688,7.2420480000000005,701.1098362513691,0.5060477256774902,0.5060477256774902,0.0,1.0,0.5522871327008461,0.5521942440110276,0.9998407910357576,0.9798408150672913,0.9998406016520704,0.999994412177785,0.9999943995846373,0.9999934484986184,0.9999934341577782,-6.14557139603553,-24.07674840094112,,878.1473542686664,False,False,False,,[]
647,647,648,True,1.0,1.0,647.0,648.0,647.0,648.0,648.0,0.0,7.2420480000000005,12.5528832,899.0970919325554,0.506047785282135,0.506047785282135,0.0,1.0,0.5521942440110276,0.5520182107305871,0.9998406016520704,0.9798406362533569,0.9998402319591027,0.9999943995846373,0.9999943933479991,0.9999934341577782,0.9999933993571701,-11.643023105693727,-45.62782629017834,,797.4228419786729,False,False,False,,[]
648,648,649,True,1.0,1.0,648.0,649.0,648.0,649.0,649.0,0.0,12.5528832,16.4153088,677.6261051833218,0.5060479044914246,0.5060479044914246,0.0,1.0,0.5520182107305871,0.551818292459095,0.9998402319591027,0.9798402786254883,0.9998398165647249,0.9999943933479991,0.9999943818608132,0.9999933993571701,0.9999933609742815,-13.220896481909442,-51.81881597075924,,774.396719838986,False,False,False,,[]
649,649,650,True,1.0,1.0,649.0,650.0,649.0,650.0,650.0,0.0,16.4153088,20.1168,653.849358778107,0.5060480237007141,0.5060480237007141,0.0,1.0,0.551818292459095,0.5516349018759289,0.9998398165647249,0.9798398613929749,0.9998394326593932,0.9999943818608132,0.999994366492757,0.9999933609742815,0.9999933485179868,-12.127589439092143,-47.5348391566445,,800.2525806720848,False,False,False,,[]
650,650,651,True,1.0,1.0,650.0,651.0,650.0,651.0,651.0,0.0,20.1168,22.530816,457.3327651191001,0.5060481429100037,0.5060481429100037,0.0,1.0,0.5516349018759289,0.5514895223642654,0.9998394326593932,0.9798394441604614,0.9998391234124092,0.999994366492757,0.9999943596580901,0.9999933485179868,0.9999933357142345,-9.614419097347943,-37.68236942319035,,836.1605110495757,False,False,False,,[]
651,651,652,True,1.0,1.0,651.0,652.0,651.0,652.0,652.0,0.0,22.530816,24.622963200000004,408.7771340770797,0.5060482621192932,0.5060482621192932,0.0,1.0,0.5514895223642654,0.5513373680617313,0.9998391234124092,0.9798391461372375,0.9998388006402477,0.9999943596580901,0.9999943464472737,0.9999933357142345,0.9999933229325456,-10.061739916636393,-39.43839521684272,,826.1567683083252,False,False,False,,[]
652,652,653,True,1.0,1.0,652.0,653.0,652.0,653.0,653.0,0.0,24.622963200000004,28.163520000000002,631.9383295307392,0.506048321723938,0.506048321723938,0.0,1.0,0.5513373680617313,0.5510897025604705,0.9998388006402477,0.9798388481140137,0.9998382978987675,0.9999943464472737,0.9999943346424092,0.9999933229325456,0.9999933021042472,-16.371982579390448,-64.1948979267773,,751.5560146838279,False,False,False,,[]
653,653,654,True,1.0,1.0,653.0,654.0,653.0,654.0,654.0,0.0,28.163520000000002,31.543142400000004,608.7837036654371,0.5060485005378723,0.5060485005378723,0.0,1.0,0.5510897025604705,0.5508249252259036,0.9998382978987675,0.9798383116722107,0.999837765253118,0.9999943346424092,0.9999943188250658,0.9999933021042472,0.9999932875993269,-17.50062117162319,-68.63028511973319,,741.6394082220314,False,False,False,,[]
654,654,655,True,1.0,1.0,654.0,655.0,654.0,655.0,655.0,0.0,31.543142400000004,33.796224,437.52397054147434,0.5060486793518066,0.5060486793518066,0.0,1.0,0.5508249252259036,0.5506098769824361,0.999837765253118,0.9798377752304077,0.9998373215825668,0.9999943188250658,0.99999430629826,0.9999932875993269,0.999993269819886,-14.214603977709649,-55.740504706778346,,775.3611650733719,False,False,False,,[]
655,655,656,True,1.0,1.0,655.0,656.0,655.0,656.0,656.0,0.0,33.796224,35.7274368,389.3354679534269,0.5060487985610962,0.5060487985610962,0.0,1.0,0.5506098769824361,0.5504039409304468,0.9998373215825668,0.9798373579978943,0.9998368948774781,0.99999430629826,0.9999942878934213,0.999993269819886,0.9999932590183411,-13.611696539371254,-53.37862467565133,,782.5871574554807,False,False,False,,[]
656,656,657,True,1.0,1.0,656.0,657.0,656.0,657.0,657.0,0.0,35.7274368,37.4977152,365.74432657116995,0.5060489177703857,0.5060489177703857,0.0,1.0,0.5504039409304468,0.5502111367402495,0.9998368948774781,0.9798369407653809,0.9998364929616419,0.9999942878934213,0.9999942781614642,0.9999932590183411,0.9999932483310646,-12.743401882018341,-49.97484609912905,,797.8203501184648,False,False,False,,[]
657,657,658,True,1.0,1.0,657.0,658.0,657.0,658.0,658.0,0.0,37.4977152,39.428928,391.5242753364238,0.5060490369796753,0.5060490369796753,0.0,1.0,0.5502111367402495,0.5499942870419279,0.9998364929616419,0.9798365235328674,0.9998360459604035,0.9999942781614642,0.999994267222877,0.9999932483310646,0.9999932363121697,-14.330755849383053,-56.20744180494204,,778.5086131129167,False,False,False,,[]
658,658,659,True,1.0,1.0,658.0,659.0,658.0,659.0,659.0,0.0,39.428928,40.7164032,293.93740038105494,0.5060491561889648,0.5060491561889648,0.0,1.0,0.5499942870419279,0.5498224959607119,0.9998360459604035,0.9798360466957092,0.9998356845154951,0.999994267222877,0.9999942568281677,0.9999932363121697,0.9999932269114299,-11.353846121246509,-44.528248251202555,,814.5106564127843,False,False,False,,[]
659,659,660,True,1.0,1.0,659.0,660.0,659.0,660.0,660.0,0.0,40.7164032,41.19920640000001,171.2693881646904,0.5060492753982544,0.5060492753982544,0.0,1.0,0.5498224959607119,0.5497007494969675,0.9998356845154951,0.9798356890678406,0.9998354291886428,0.9999942568281677,0.9999942474550575,0.9999932269114299,0.9999932094983113,-8.047238558444844,-31.556683402537683,,851.7413245770766,False,False,False,,[]
660,660,661,True,1.0,1.0,660.0,661.0,660.0,661.0,661.0,0.0,41.19920640000001,41.842944,196.30219078429013,0.506049394607544,0.506049394607544,0.0,1.0,0.5497007494969675,0.549565881247376,0.9998354291886428,0.9798354506492615,0.9998351426885749,0.9999942474550575,0.999994237451017,0.9999932094983113,0.999993192687803,-8.913983231766684,-34.9578502940979,,840.1011848490919,False,False,False,,[]
661,661,662,True,1.0,1.0,661.0,662.0,661.0,662.0,662.0,0.0,41.842944,42.003878400000005,122.63126600135394,0.5060494542121887,0.5060494542121887,0.0,1.0,0.549565881247376,0.5494789958121973,0.9998351426885749,0.9798351526260376,0.9998349665817484,0.999994237451017,0.9999942297040415,0.999993192687803,0.9999931822539588,-5.743307632682168,-22.520704798327436,,890.7281931610084,False,False,False,,[]
662,662,663,True,1.0,1.0,662.0,663.0,662.0,663.0,663.0,0.0,42.003878400000005,42.1648128,122.743187548762,0.5060495138168335,0.5060495138168335,0.0,1.0,0.5494789958121973,0.5493920039109581,0.9998349665817484,0.9798349738121033,0.999834790240762,0.9999942297040415,0.9999942219381122,0.9999931822539588,0.9999931719665183,-5.750298885878203,-22.54830080118147,,890.7262633591213,False,False,False,,[]
663,663,664,True,1.0,1.0,663.0,664.0,663.0,664.0,664.0,0.0,42.1648128,42.1648128,98.15076721742726,0.5060495734214783,0.5060495734214783,0.0,1.0,0.5493920039109581,0.5493208092041868,0.999834790240762,0.979834794998169,0.999834648135352,0.9999942219381122,0.9999942152740154,0.9999931719665183,0.9999931631607066,-4.706278503502625,-18.453667995128026,,908.3682145392618,False,False,False,,[]
664,664,665,True,1.0,1.0,664.0,665.0,664.0,665.0,665.0,0.0,42.1648128,42.4866816,147.5603102574266,0.5060495734214783,0.5060495734214783,0.0,1.0,0.5493208092041868,0.5492177816151957,0.999834648135352,0.9798346757888794,0.999834435986424,0.9999942152740154,0.9999942065218288,0.9999931631607066,0.9999931515951063,-6.809882773984376,-26.704751066473005,,873.6979845027486,False,False,False,,[]
665,665,666,True,1.0,1.0,665.0,666.0,665.0,666.0,666.0,0.0,42.4866816,42.647616,123.08153003852826,0.5060496926307678,0.5060496926307678,0.0,1.0,0.5492177816151957,0.5491296515901117,0.999834435986424,0.9798344373703003,0.9998342571393349,0.9999942065218288,0.9999941986996207,0.9999931515951063,0.9999931411767706,-5.825378767125687,-22.843302501773945,,889.4777012033518,False,False,False,,[]
666,666,667,True,1.0,1.0,666.0,667.0,666.0,667.0,667.0,0.0,42.647616,42.647616,98.49039863096306,0.5060497522354126,0.5060497522354126,0.0,1.0,0.5491296515901117,0.5490574197096136,0.9998342571393349,0.979834258556366,0.9998341128173552,0.9999941986996207,0.999994191943047,0.9999931411767706,0.9999931322512875,-4.774717525707791,-18.72250342509757,,907.1560809604069,False,False,False,,[]
667,667,668,True,1.0,1.0,667.0,668.0,667.0,668.0,668.0,0.0,42.647616,41.842944,-25.033458969036307,0.5060497522354126,0.5060497522354126,0.0,1.0,0.5490574197096136,0.5490671242169939,0.9998341128173552,0.9798341393470764,0.9998340945778982,0.999994191943047,0.9999941898643715,0.9999931322512875,0.9999931297191998,0.6416587866607365,2.5154083129560574,,1003.280525226711,False,False,False,,[]
668,668,669,True,1.0,1.0,668.0,669.0,668.0,669.0,669.0,0.0,41.842944,41.038272000000006,-25.597363118646086,0.5060497522354126,0.5060497522354126,0.0,1.0,0.5490671242169939,0.5490760842038008,0.9998340945778982,0.9798341393470764,0.9998340777500158,0.9999941898643715,0.9999941877826303,0.9999931297191998,0.9999931262083798,0.5924528842770959,2.3224285803509717,,1001.6874800536889,False,False,False,,[]
669,669,670,True,1.0,1.0,669.0,670.0,669.0,670.0,670.0,0.0,41.038272000000006,37.98051840000001,-372.0173275168332,0.5060497522354126,0.5060497522354126,0.0,1.0,0.5490760842038008,0.5492467481259793,0.9998340777500158,0.9798340797424316,0.9998337185031041,0.9999941877826303,0.9999941772307848,0.9999931262083798,0.9999931144777324,11.290819767878336,44.23608862866456,,1126.7056412870718,False,False,False,,[]
670,670,671,True,1.0,1.0,670.0,671.0,670.0,671.0,671.0,0.0,37.98051840000001,34.4399616,-448.13570371938766,0.5060498714447021,0.5060498714447021,0.0,1.0,0.5492467481259793,0.5494312029579266,0.9998337185031041,0.979833722114563,0.9998333325517353,0.9999941772307848,0.999994161363649,0.9999931144777324,0.9999931015268526,12.205013359599736,47.810692440725504,,1132.5562904055037,False,False,False,,[]
671,671,672,True,1.0,1.0,671.0,672.0,671.0,672.0,672.0,0.0,34.4399616,29.772864000000002,-623.1958285807663,0.5060499906539917,0.5060499906539917,0.0,1.0,0.5494312029579266,0.5496559586906375,0.9998333325517353,0.9798333644866943,0.999832871025661,0.999994161363649,0.9999941435464536,0.9999931015268526,0.9999930802284234,14.87513365751088,58.25668591869214,,1162.0981689665339,False,False,False,,[]
672,672,673,True,1.0,1.0,672.0,673.0,672.0,673.0,673.0,0.0,29.772864000000002,26.3932416,-428.04334591224443,0.5060501098632812,0.5060501098632812,0.0,1.0,0.5496559586906375,0.5497852764508382,0.999832871025661,0.9798328876495361,0.9998325978040661,0.9999941435464536,0.9999941300402443,0.9999930802284234,0.9999930635273839,8.557180206632042,33.519163444011724,,1077.34049897253,False,False,False,,[]
673,673,674,True,1.0,1.0,673.0,674.0,673.0,674.0,674.0,0.0,26.3932416,23.335488,-380.2082232579508,0.5060502290725708,0.5060502290725708,0.0,1.0,0.5497852764508382,0.5498844236672141,0.9998325978040661,0.9798325896263123,0.9998323944189208,0.9999941300402443,0.9999941168315934,0.9999930635273839,0.999993050214191,6.560627553779897,25.698958484644937,,1055.1716081759523,False,False,False,,[]
674,674,675,True,1.0,1.0,674.0,675.0,674.0,675.0,675.0,0.0,23.335488,18.6683904,-628.5171503674189,0.5060502886772156,0.5060502886772156,0.0,1.0,0.5498844236672141,0.5500378304159024,0.9998323944189208,0.9798324108123779,0.9998320691564752,0.9999941168315934,0.9999941075803813,0.999993050214191,0.9999930396691618,10.15337630713878,39.763029259984805,,1112.451321637286,False,False,False,,[]
675,675,676,True,1.0,1.0,675.0,676.0,675.0,676.0,676.0,0.0,18.6683904,14.0012928,-630.1431277039484,0.5060503482818604,0.5060503482818604,0.0,1.0,0.5500378304159024,0.5501488418931287,0.9998320691564752,0.979832112789154,0.9998318387751927,0.9999941075803813,0.9999941003663788,0.9999930396691618,0.9999930206620252,7.347036455033327,28.774174897063727,,1065.8165258614306,False,False,False,,[]
676,676,677,True,1.0,1.0,676.0,677.0,676.0,677.0,677.0,0.0,14.0012928,9.3341952,-631.4077767434708,0.5060504674911499,0.5060504674911499,0.0,1.0,0.5501488418931287,0.5502129379555846,0.9998318387751927,0.979831874370575,0.9998317117241148,0.9999941003663788,0.9999940917627823,0.9999930206620252,0.9999929918515317,4.24168921957565,16.61369938853986,,1014.1749864865635,False,False,False,,[]
677,677,678,True,1.0,1.0,677.0,678.0,677.0,678.0,678.0,0.0,9.3341952,5.632704,-484.08246836598704,0.5060504674911499,0.5060504674911499,0.0,1.0,0.5502129379555846,0.550236801514032,0.9998317117241148,0.9798317551612854,0.9998316662473902,0.9999940917627823,0.9999940793222336,0.9999929918515317,0.9999929776846237,1.5790849954468666,6.185434349569344,,992.7612114427284,False,False,False,,[]
678,678,679,True,1.0,1.0,678.0,679.0,678.0,679.0,679.0,0.0,5.632704,3.218688,-286.90379753018266,0.5060504674911499,0.5060504674911499,0.0,1.0,0.550236801514032,0.5502451660770337,0.9998316662473902,0.9798316955566406,0.9998316505469299,0.9999940793222336,0.9999940749617343,0.9999929776846237,0.9999929727190234,0.5534803285882144,2.1680947300423314,,997.4748101425448,False,False,False,,[]
679,679,680,True,1.0,1.0,679.0,680.0,679.0,680.0,680.0,0.0,3.218688,0.0,-410.60488214863113,0.5060504674911499,0.5060504674911499,0.0,1.0,0.5502451660770337,0.5502495191625986,0.9998316505469299,0.9798316955566406,0.9998316424080989,0.9999940749617343,0.9999940726924373,0.9999929727190234,0.9999929701348189,0.2880429886862131,1.1283197784267385,,998.6874260845709,False,False,False,,[]
680,680,681,True,1.0,1.0,680.0,681.0,680.0,681.0,681.0,0.0,0.0,0.0,83.40462000000002,0.5060505270957947,0.5060505270957947,0.0,1.0,0.5502495191625986,0.5502495191625986,0.9998316424080989,0.9798316359519958,0.9998316424080989,0.9999940726924373,0.9999940726924373,0.9999929701348189,0.9999929701348189,-0.0,0.0,,1000.0,False,False,False,,[]
681,681,682,True,1.0,1.0,681.0,682.0,681.0,682.0,682.0,0.0,0.0,0.0,83.40462000000002,0.5060505270957947,0.5060505270957947,0.0,1.0,0.5502495191625986,0.5502495191625986,0.9998316424080989,0.9798316359519958,0.9998316424080989,0.9999940726924373,0.9999940726924373,0.9999929701348189,0.9999929701348189,-0.0,0.0,,1000.0,False,False,False,,[]
682,682,683,True,1.0,1.0,682.0,683.0,682.0,683.0,683.0,0.0,0.0,0.0,83.40462000000002,0.5060505270957947,0.5060505270957947,0.0,1.0,0.5502495191625986,0.5502495191625986,0.9998316424080989,0.9798316359519958,0.9998316424080989,0.9999940726924373,0.9999940726924373,0.9999929701348189,0.9999929701348189,-0.0,0.0,,1000.0,False,False,False,,[]
683,683,684,True,1.0,1.0,683.0,684.0,683.0,684.0,684.0,0.0,0.0,0.0,83.40462000000002,0.5060505270957947,0.5060505270957947,0.0,1.0,0.5502495191625986,0.5502495191625986,0.9998316424080989,0.9798316359519958,0.9998316424080989,0.9999940726924373,0.9999940726924373,0.9999929701348189,0.9999929701348189,-0.0,0.0,,1000.0,False,False,False,,[]
684,684,685,True,1.0,1.0,684.0,685.0,684.0,685.0,685.0,0.0,0.0,0.0,83.40462000000002,0.5060505270957947,0.5060505270957947,0.0,1.0,0.5502495191625986,0.5502495191625986,0.9998316424080989,0.9798316359519958,0.9998316424080989,0.9999940726924373,0.9999940726924373,0.9999929701348189,0.9999929701348189,-0.0,0.0,,1000.0,False,False,False,,[]
685,685,686,True,1.0,1.0,685.0,686.0,685.0,686.0,686.0,0.0,0.0,0.0,83.40462000000002,0.5060505270957947,0.5060505270957947,0.0,1.0,0.5502495191625986,0.5502495191625986,0.9998316424080989,0.9798316359519958,0.9998316424080989,0.9999940726924373,0.9999940726924373,0.9999929701348189,0.9999929701348189,-0.0,0.0,,1000.0,False,False,False,,[]
686,686,687,True,1.0,1.0,686.0,687.0,686.0,687.0,687.0,0.0,0.0,0.0,83.40462000000002,0.5060505270957947,0.5060505270957947,0.0,1.0,0.5502495191625986,0.5502495191625986,0.9998316424080989,0.9798316359519958,0.9998316424080989,0.9999940726924373,0.9999940726924373,0.9999929701348189,0.9999929701348189,-0.0,0.0,,1000.0,False,False,False,,[]
687,687,688,True,1.0,1.0,687.0,688.0,687.0,688.0,688.0,0.0,0.0,0.0,83.40462000000002,0.5060505270957947,0.5060505270957947,0.0,1.0,0.5502495191625986,0.5502495191625986,0.9998316424080989,0.9798316359519958,0.9998316424080989,0.9999940726924373,0.9999940726924373,0.9999929701348189,0.9999929701348189,-0.0,0.0,,1000.0,False,False,False,,[]
688,688,689,True,1.0,1.0,688.0,689.0,688.0,689.0,689.0,0.0,0.0,0.0,83.40462000000002,0.5060505270957947,0.5060505270957947,0.0,1.0,0.5502495191625986,0.5502495191625986,0.9998316424080989,0.9798316359519958,0.9998316424080989,0.9999940726924373,0.9999940726924373,0.9999929701348189,0.9999929701348189,-0.0,0.0,,1000.0,False,False,False,,[]
689,689,690,True,1.0,1.0,689.0,690.0,689.0,690.0,690.0,0.0,0.0,0.0,83.40462000000002,0.5060505270957947,0.5060505270957947,0.0,1.0,0.5502495191625986,0.5502495191625986,0.9998316424080989,0.9798316359519958,0.9998316424080989,0.9999940726924373,0.9999940726924373,0.9999929701348189,0.9999929701348189,-0.0,0.0,,1000.0,False,False,False,,[]
690,690,691,True,1.0,1.0,690.0,691.0,690.0,691.0,691.0,0.0,0.0,0.0,83.40462000000002,0.5060505270957947,0.5060505270957947,0.0,1.0,0.5502495191625986,0.5502495191625986,0.9998316424080989,0.9798316359519958,0.9998316424080989,0.9999940726924373,0.9999940726924373,0.9999929701348189,0.9999929701348189,-0.0,0.0,,1000.0,False,False,False,,[]
691,691,692,True,1.0,1.0,691.0,692.0,691.0,692.0,692.0,0.0,0.0,0.0,83.40462000000002,0.5060505270957947,0.5060505270957947,0.0,1.0,0.5502495191625986,0.5502495191625986,0.9998316424080989,0.9798316359519958,0.9998316424080989,0.9999940726924373,0.9999940726924373,0.9999929701348189,0.9999929701348189,-0.0,0.0,,1000.0,False,False,False,,[]
692,692,693,True,1.0,1.0,692.0,693.0,692.0,693.0,693.0,0.0,0.0,0.0,83.40462000000002,0.5060505270957947,0.5060505270957947,0.0,1.0,0.5502495191625986,0.5502495191625986,0.9998316424080989,0.9798316359519958,0.9998316424080989,0.9999940726924373,0.9999940726924373,0.9999929701348189,0.9999929701348189,-0.0,0.0,,1000.0,False,False,False,,[]
693,693,694,True,1.0,1.0,693.0,694.0,693.0,694.0,694.0,0.0,0.0,2.2530816,429.27142128,0.5060505270957947,0.5060505270957947,0.0,1.0,0.5502495191625986,0.5502372720841255,0.9998316424080989,0.9798316359519958,0.9998316193325978,0.9999940726924373,0.999994071031714,0.9999929701348189,0.9999929682436395,-0.8104437243940141,-3.1744427402022595,,982.215484535351,False,False,False,,[]
694,694,695,True,1.0,1.0,694.0,695.0,694.0,695.0,695.0,0.0,2.2530816,5.3108352,552.8373837231708,0.5060505270957947,0.5060505270957947,0.0,1.0,0.5502372720841255,0.5501843151707134,0.9998316193325978,0.9798316359519958,0.9998315154991845,0.999994071031714,0.9999940638515801,0.9999929682436395,0.9999929600671293,-3.5039517130984903,-13.726431956417086,,927.0444747754888,False,False,False,,[]
695,695,696,True,1.0,1.0,695.0,696.0,695.0,696.0,696.0,0.0,5.3108352,7.081113600000001,355.3910463843523,0.5060505270957947,0.5060505270957947,0.0,1.0,0.5501843151707134,0.5501285407143321,0.9998315154991845,0.9798315167427063,0.9998314058395326,0.9999940638515801,0.9999940562896181,0.9999929600671293,0.9999929514558055,-3.6902862835372208,-14.456739094033685,,923.4346127228047,False,False,False,,[]
696,696,697,True,1.0,1.0,696.0,697.0,696.0,697.0,697.0,0.0,7.081113600000001,10.460736,602.6207146566259,0.5060505867004395,0.5060505867004395,0.0,1.0,0.5501285407143321,0.5500114455058267,0.9998314058395326,0.9798313975334167,0.9998311613821569,0.9999940562896181,0.9999940443713925,0.9999929514558055,0.999992930785675,-7.745915808045002,-30.351078044622955,,851.6949522750185,False,False,False,,[]
697,697,698,True,1.0,1.0,697.0,698.0,697.0,698.0,698.0,0.0,10.460736,14.8059648,751.3410681950845,0.5060506463050842,0.5060506463050842,0.0,1.0,0.5500114455058267,0.549822469806944,0.9998311613821569,0.9798311591148376,0.9998307667672989,0.9999940443713925,0.99999403670751,0.999992930785675,0.9999928936655532,-12.497490610339002,-48.98250115038921,,785.4094863215327,False,False,False,,[]
698,698,699,True,1.0,1.0,698.0,699.0,698.0,699.0,699.0,0.0,14.8059648,18.185587200000004,604.0230637189677,0.5060507655143738,0.5060507655143738,0.0,1.0,0.549822469806944,0.5496705615250571,0.9998307667672989,0.979830801486969,0.9998304444846816,0.99999403670751,0.9999940297244014,0.9999928936655532,0.9999928777612808,-10.04656446446409,-39.37462666508124,,828.4839924184637,False,False,False,,[]
699,699,700,True,1.0,1.0,699.0,700.0,699.0,700.0,700.0,0.0,18.185587200000004,21.726144,629.6526380443254,0.5060508847236633,0.5060508847236633,0.0,1.0,0.5496705615250571,0.5494901061468164,0.9998304444846816,0.9798304438591003,0.9998300662352334,0.9999940297244014,0.9999940209180864,0.9999928777612808,0.9999928677329412,-11.93282376020703,-46.7740340399948,,808.3323038245078,False,False,False,,[]
700,700,701,True,1.0,1.0,700.0,701.0,700.0,701.0,701.0,0.0,21.726144,23.4964224,359.0722126729981,0.5060509443283081,0.5060509443283081,0.0,1.0,0.5494901061468164,0.549352260463846,0.9998300662352334,0.9798300862312317,0.9998297725560534,0.9999940209180864,0.9999940043906025,0.9999928677329412,0.9999928562412365,-9.115834957655988,-35.729601025914526,,836.6571003557526,False,False,False,,[]
701,701,702,True,1.0,1.0,701.0,702.0,701.0,702.0,702.0,0.0,23.4964224,26.3932416,532.6696238754515,0.5060510635375977,0.5060510635375977,0.0,1.0,0.549352260463846,0.5491517002628029,0.9998297725560534,0.9798297882080078,0.9998293559511486,0.9999940043906025,0.9999939928686518,0.9999928562412365,0.9999928389642913,-13.259970687982602,-51.985204110367945,,786.7699364102525,False,False,False,,[]
702,702,703,True,1.0,1.0,702.0,703.0,702.0,703.0,703.0,0.0,26.3932416,26.8760448,163.2967501820489,0.5060511827468872,0.5060511827468872,0.0,1.0,0.5491517002628029,0.5490787483714679,0.9998293559511486,0.9798293709754944,0.999829210087856,0.9999939928686518,0.9999939843079482,0.9999928389642913,0.9999928331066765,-4.8247856558679505,-18.909130234058306,,907.4768057379131,False,False,False,,[]
703,703,704,True,1.0,1.0,703.0,704.0,703.0,704.0,704.0,0.0,26.8760448,26.554176000000002,39.98620946607297,0.506051242351532,0.506051242351532,0.0,1.0,0.5490787483714679,0.5490582475169316,0.999829210087856,0.9798292517662048,0.9998291711477373,0.9999939843079482,0.9999939820619397,0.9999928331066765,0.9999928301053341,-1.3560600935194993,-5.313821495815869,,971.2111481113119,False,False,False,,[]
704,704,705,True,1.0,1.0,704.0,705.0,704.0,705.0,705.0,0.0,26.554176000000002,26.554176000000002,89.25311160879986,0.506051242351532,0.506051242351532,0.0,1.0,0.5490582475169316,0.5490166851604218,0.9998291711477373,0.9798291921615601,0.9998290905591429,0.9999939820619397,0.9999939770788308,0.9999928301053341,0.99999282592299,-2.7490464183833883,-10.772962807325735,,944.4773241588563,False,False,False,,[]
705,705,706,True,1.0,1.0,705.0,706.0,705.0,706.0,706.0,0.0,26.554176000000002,29.2900608,509.2342274487993,0.506051242351532,0.506051242351532,0.0,1.0,0.5490166851604218,0.548801111959042,0.9998290905591429,0.9798291325569153,0.9998286459172019,0.9999939770788308,0.9999939644760202,0.99999282592299,0.9999928069189096,-14.250770842133418,-55.876573797646756,,774.206962759933,False,False,False,,[]
706,706,707,True,1.0,1.0,706.0,707.0,706.0,707.0,707.0,0.0,29.2900608,30.8994048,337.5680536958632,0.5060514211654663,0.5060514211654663,0.0,1.0,0.548801111959042,0.548648970224228,0.9998286459172019,0.9798286557197571,0.9998283231700453,0.9999939644760202,0.9999939523794521,0.9999928069189096,0.9999927988110019,-10.058793873986412,-39.43513766380365,,830.1366664205757,False,False,False,,[]
707,707,708,True,1.0,1.0,707.0,708.0,707.0,708.0,708.0,0.0,30.8994048,32.347814400000004,313.6667113261644,0.5060514807701111,0.5060514807701111,0.0,1.0,0.548648970224228,0.548499405901198,0.9998283231700453,0.9798283576965332,0.9998280055576685,0.9999939523794521,0.9999939416190745,0.9999927988110019,0.9999927885398986,-9.88801179898351,-38.76707252939215,,831.6997076554773,False,False,False,,[]
708,708,709,True,1.0,1.0,708.0,709.0,708.0,709.0,709.0,0.0,32.347814400000004,34.600896000000006,437.9503894888938,0.5060515999794006,0.5060515999794006,0.0,1.0,0.548499405901198,0.548270281152719,0.9998280055576685,0.9798280000686646,0.9998275360703185,0.9999939416190745,0.9999939241948402,0.9999927885398986,0.9999927679916553,-15.14345603063098,-59.389134805723735,,761.0083890627934,False,False,False,,[]
709,709,710,True,1.0,1.0,709.0,710.0,709.0,710.0,710.0,0.0,34.600896000000006,36.21024,340.38241874882414,0.5060517191886902,0.5060517191886902,0.0,1.0,0.548270281152719,0.5480937278257235,0.9998275360703185,0.9798275828361511,0.9998271653688937,0.9999939241948402,0.999993912905322,0.9999927679916553,0.9999927583734203,-11.669906125618057,-45.76262235722362,,810.0240655219716,False,False,False,,[]
710,710,711,True,1.0,1.0,710.0,711.0,710.0,711.0,711.0,0.0,36.21024,36.21024,94.27991431388402,0.5060518383979797,0.5060518383979797,0.0,1.0,0.5480937278257235,0.5480385107120204,0.9998271653688937,0.9798271656036377,0.9998270568642244,0.999993912905322,0.9999939069381732,0.9999927583734203,0.9999927544494711,-3.6509711434976446,-14.31227587186039,,929.4037214513152,False,False,False,,[]
711,711,712,True,1.0,1.0,711.0,712.0,711.0,712.0,712.0,0.0,36.21024,35.566502400000005,-4.5391717661146975,0.5060518980026245,0.5060518980026245,0.0,1.0,0.5480385107120204,0.5480398031789451,0.9998270568642244,0.9798270463943481,0.9998270544549629,0.9999939069381732,0.9999939065956618,0.9999927544494711,0.9999927538327686,0.08547359212962444,0.3350074268699964,,1000.0923353735338,False,False,False,,[]
712,712,713,True,1.0,1.0,712.0,713.0,712.0,713.0,713.0,0.0,35.566502400000005,36.5321088,242.12530343277848,0.5060518980026245,0.5060518980026245,0.0,1.0,0.5480398031789451,0.5479070647458679,0.9998270544549629,0.9798270463943481,0.9998267730661489,0.9999939065956618,0.9999938947651007,0.9999927538327686,0.9999927468666058,-8.774822386355885,-34.40580185360245,,847.6917923248028,False,False,False,,[]
713,713,714,True,1.0,1.0,713.0,714.0,713.0,714.0,714.0,0.0,36.5321088,37.4977152,242.70274128197693,0.5060519576072693,0.5060519576072693,0.0,1.0,0.5479070647458679,0.5477728737275975,0.9998267730661489,0.979826807975769,0.9998264881935152,0.9999938947651007,0.9999938843428288,0.9999927468666058,0.9999927396967917,-8.870513798886666,-34.78231193568604,,847.2634977612962,False,False,False,,[]
714,714,715,True,1.0,1.0,714.0,715.0,714.0,715.0,715.0,0.0,37.4977152,37.819584000000006,144.476560136425,0.5060520172119141,0.5060520172119141,0.0,1.0,0.5477728737275975,0.5476888238004083,0.9998264881935152,0.9798265099525452,0.9998263183058418,0.9999938843428288,0.9999938760777145,0.9999927396967917,0.9999927353545042,-5.5567011832144715,-21.78574112745064,,897.951335983866,False,False,False,,[]
715,715,716,True,1.0,1.0,715.0,716.0,715.0,716.0,716.0,0.0,37.819584000000006,36.21024,-151.77962599537463,0.5060520768165588,0.5060520768165588,0.0,1.0,0.5476888238004083,0.5477499045394824,0.9998263183058418,0.9798263311386108,0.9998261975883488,0.9999938760777145,0.9999938675764412,0.9999927353545042,0.9999927308707005,4.039968917758281,15.832127568012496,,1037.370131102944,False,False,False,,[]
716,716,717,True,1.0,1.0,716.0,717.0,716.0,717.0,717.0,0.0,36.21024,34.76183040000001,-128.06302936611405,0.5060521364212036,0.5060521364212036,0.0,1.0,0.5477499045394824,0.5477975253062537,0.9998261975883488,0.9798262119293213,0.9998261047037402,0.9999938675764412,0.9999938587852896,0.9999927308707005,0.9999927272437839,3.1497484577763584,12.343302747117304,,1026.6036510102522,False,False,False,,[]
717,717,718,True,1.0,1.0,717.0,718.0,717.0,718.0,718.0,0.0,34.76183040000001,32.991552,-178.32519548032587,0.5060521364212036,0.5060521364212036,0.0,1.0,0.5477975253062537,0.5478594117779858,0.9998261047037402,0.9798261523246765,0.9998259822973845,0.9999938587852896,0.9999938490774963,0.9999927272437839,0.99999271834931,4.093696587428385,16.040973472959124,,1032.0381475474521,False,False,False,,[]
718,718,719,True,1.0,1.0,718.0,719.0,718.0,719.0,719.0,0.0,32.991552,28.968192000000002,-525.1868310905485,0.5060521960258484,0.5060521960258484,0.0,1.0,0.5478594117779858,0.5480424071992137,0.9998259822973845,0.9798259735107422,0.9998255991523938,0.9999938490774963,0.9999938315587866,0.99999271834931,0.9999927048347782,12.110125814412005,47.43241318228152,,1128.2195331786218,False,False,False,,[]
719,719,720,True,1.0,1.0,719.0,720.0,719.0,720.0,720.0,0.0,28.968192000000002,24.14016,-650.7783372391144,0.5060523152351379,0.5060523152351379,0.0,1.0,0.5480424071992137,0.5482394425275163,0.9998255991523938,0.9798256158828735,0.9998251892062218,0.9999938315587866,0.9999938191731333,0.9999927048347782,0.9999926866025305,13.041164604025271,51.07155709605276,,1143.4096516113125,False,False,False,,[]
720,720,721,True,1.0,1.0,720.0,721.0,720.0,721.0,721.0,0.0,24.14016,19.312128,-652.9050614604961,0.5060524344444275,0.5060524344444275,0.0,1.0,0.5482394425275163,0.5484043024621817,0.9998251892062218,0.9798251986503601,0.999824841319872,0.9999938191731333,0.9999938092315253,0.9999926866025305,0.999992675281427,10.911622602784298,42.73169506528656,,1122.0933983973491,False,False,False,,[]
721,721,722,True,1.0,1.0,721.0,722.0,721.0,722.0,722.0,0.0,19.312128,14.484096000000001,-654.6451085507175,0.506052553653717,0.506052553653717,0.0,1.0,0.5484043024621817,0.5485255904609313,0.999824841319872,0.9798248410224915,0.9998245870685708,0.9999938092315253,0.99999380061901,0.999992675281427,0.9999926583415665,8.027329242147587,31.437849275874896,,1075.6279298786035,False,False,False,,[]
722,722,723,True,1.0,1.0,722.0,723.0,722.0,723.0,723.0,0.0,14.484096000000001,9.977932800000001,-606.5889354697786,0.5060526132583618,0.5060526132583618,0.0,1.0,0.5485255904609313,0.5485892882593643,0.9998245870685708,0.9798246026039124,0.9998244608561141,0.99999380061901,0.9999937910408325,0.9999926583415665,0.9999926293274765,4.215298344729717,16.510469353831116,,1012.6421130146248,False,False,False,,[]
723,723,724,True,1.0,1.0,723.0,724.0,723.0,724.0,724.0,0.0,9.977932800000001,7.2420480000000005,-335.7507253443444,0.5060526728630066,0.5060526728630066,0.0,1.0,0.5485892882593643,0.5486098805121341,0.9998244608561141,0.9798244833946228,0.9998244217388926,0.9999937910408325,0.9999937827741755,0.9999926293274765,0.9999926180224504,1.362594585679267,5.337511917948559,,997.1171822372228,False,False,False,,[]
724,724,725,True,1.0,1.0,724.0,725.0,724.0,725.0,725.0,0.0,7.2420480000000005,4.828032,-286.7319410274447,0.5060526728630066,0.5060526728630066,0.0,1.0,0.5486098805121341,0.5486212798860622,0.9998244217388926,0.979824423789978,0.9998244002784099,0.9999937827741755,0.999993776831576,0.9999926180224504,0.9999926112552636,0.7542938068571946,2.954717722171689,,996.5554452891283,False,False,False,,[]
725,725,726,True,1.0,1.0,725.0,726.0,725.0,726.0,726.0,0.0,4.828032,3.3796224000000006,-138.74498511441982,0.5060526728630066,0.5060526728630066,0.0,1.0,0.5486212798860622,0.5486250307754484,0.9998244002784099,0.979824423789978,0.9998243932696168,0.999993776831576,0.9999937748762165,0.9999926112552636,0.9999926090285811,0.24819365497934792,0.9722305289017186,,998.8692481881563,False,False,False,,[]
726,726,727,True,1.0,1.0,726.0,727.0,726.0,727.0,727.0,0.0,3.3796224000000006,0.804672,-311.7769884228658,0.5060526728630066,0.5060526728630066,0.0,1.0,0.5486250307754484,0.5486293277002025,0.9998243932696168,0.979824423789978,0.9998243852362293,0.9999937748762165,0.9999937726361726,0.9999926090285811,0.9999926064777116,0.28432864120529827,1.113762896234184,,998.7043534370318,False,False,False,,[]
727,727,728,True,1.0,1.0,727.0,728.0,727.0,728.0,728.0,0.0,0.804672,0.804672,83.40999051571058,0.5060526728630066,0.5060526728630066,0.0,1.0,0.5486293277002025,0.5486276278109411,0.9998243852362293,0.979824423789978,0.9998243820662368,0.9999937726361726,0.9999937724056799,0.9999926064777116,0.999992606215236,-0.11248145448007014,-0.44061129653157644,,997.496426767164,False,False,False,,[]
728,728,729,True,1.0,1.0,728.0,729.0,728.0,729.0,729.0,0.0,0.804672,5.149900800000001,750.4388215557109,0.5060526728630066,0.5060526728630066,0.0,1.0,0.5486276278109411,0.5485710311531692,0.9998243820662368,0.979824423789978,0.9998242707004936,0.9999937724056799,0.9999937647328399,0.999992606215236,0.9999925974777227,-3.7443795834587648,-14.669853694475743,,922.3870467688118,False,False,False,,[]
729,729,730,True,1.0,1.0,729.0,730.0,729.0,730.0,730.0,0.0,5.149900800000001,10.460736,898.8820564835048,0.5060527324676514,0.5060527324676514,0.0,1.0,0.5485710311531692,0.5483932357742661,0.9998242707004936,0.9798243045806885,0.9998238975928899,0.9999937647328399,0.9999937406385783,0.9999925974777227,0.9999925700401794,-11.758103996816724,-46.0845622116828,,789.491586426163,False,False,False,,[]
730,730,731,True,1.0,1.0,730.0,731.0,730.0,731.0,731.0,0.0,10.460736,15.4497024,850.1601542750843,0.5060528516769409,0.5060528516769409,0.0,1.0,0.5483932357742661,0.5481752909506433,0.9998238975928899,0.979823887348175,0.9998234485706912,0.9999937406385783,0.9999937329194223,0.9999925700401794,0.9999925269679555,-14.410513481169557,-56.49129828301988,,761.2444811323242,False,False,False,,[]
731,731,732,True,1.0,1.0,731.0,732.0,731.0,732.0,732.0,0.0,15.4497024,20.1168,801.8227809915413,0.5060529708862305,0.5060529708862305,0.0,1.0,0.5481752909506433,0.54795788195494,0.9998234485706912,0.9798234701156616,0.9998230005369572,0.9999937329194223,0.9999937173659406,0.9999925269679555,0.9999925100673808,-14.373925130430358,-56.352411686310504,,772.3997319065811,False,False,False,,[]
732,732,733,True,1.0,1.0,732.0,733.0,732.0,733.0,733.0,0.0,20.1168,22.530816,457.3327651191001,0.50605309009552,0.50605309009552,0.0,1.0,0.54795788195494,0.5478124829739234,0.9998230005369572,0.9798229932785034,0.9998226912509734,0.9999937173659406,0.9999937105312069,0.9999925100673808,0.9999924972637189,-9.614418429720216,-37.687415879511555,,836.1441888259852,False,False,False,,[]
733,733,734,True,1.0,1.0,733.0,734.0,733.0,734.0,734.0,0.0,22.530816,25.749504,581.7105347170789,0.5060532093048096,0.5060532093048096,0.0,1.0,0.5478124829739234,0.5476070155246975,0.9998226912509734,0.9798226952552795,0.9998222654236278,0.9999937105312069,0.9999936975570078,0.9999924972637189,0.999992486056381,-13.583202220986426,-53.25716283934412,,786.020332422542,False,False,False,,[]
734,734,735,True,1.0,1.0,734.0,735.0,734.0,735.0,735.0,0.0,25.749504,28.968192000000002,582.9994584876139,0.5060533285140991,0.5060533285140991,0.0,1.0,0.5476070155246975,0.547367661071338,0.9998222654236278,0.9798222780227661,0.9998217774810588,0.9999936975570078,0.9999936848296636,0.999992486056381,0.9999924654363891,-15.820610093679942,-62.04067431075868,,756.7181170602128,False,False,False,,[]
735,735,736,True,1.0,1.0,735.0,736.0,735.0,736.0,736.0,0.0,28.968192000000002,31.543142400000004,485.6411526808864,0.5060534477233887,0.5060534477233887,0.0,1.0,0.547367661071338,0.5471531177327975,0.9998217774810588,0.9798218011856079,0.9998213347454122,0.9999936848296636,0.9999936716484166,0.9999924654363891,0.9999924537096464,-14.180584040941778,-55.60963334971344,,778.9831026522801,False,False,False,,[]
736,736,737,True,1.0,1.0,736.0,737.0,736.0,737.0,737.0,0.0,31.543142400000004,34.600896000000006,561.0478281414746,0.506053626537323,0.506053626537323,0.0,1.0,0.5471531177327975,0.5468746076183595,0.9998213347454122,0.9798213243484497,0.9998207786681207,0.9999936716484166,0.9999936570480671,0.9999924537096464,0.999992429517784,-18.403546314482288,-72.18982166233538,,728.3798352328687,False,False,False,,[]
737,737,738,True,1.0,1.0,737.0,738.0,737.0,738.0,738.0,0.0,34.600896000000006,37.175846400000005,488.61104786882515,0.5060537457466125,0.5060537457466125,0.0,1.0,0.5468746076183595,0.5466212285878101,0.9998207786681207,0.9798207879066467,0.9998202658562368,0.9999936570480671,0.999993643592557,0.999992429517784,0.9999924155228148,-16.742621409242485,-65.67584471838015,,750.6883634997743,False,False,False,,[]
738,738,739,True,1.0,1.0,738.0,739.0,738.0,739.0,739.0,0.0,37.175846400000005,39.428928,440.73446483324716,0.5060539245605469,0.5060539245605469,0.0,1.0,0.5466212285878101,0.5463774892720124,0.9998202658562368,0.9798203110694885,0.9998197700838201,0.999993643592557,0.9999936308081406,0.9999924155228148,0.9999924020500225,-16.104795525933273,-63.177230654801065,,757.8204611226818,False,False,False,,[]
739,739,740,True,1.0,1.0,739.0,740.0,739.0,740.0,740.0,0.0,39.428928,41.038272000000006,343.34694342105524,0.5060540437698364,0.5060540437698364,0.0,1.0,0.5463774892720124,0.5461788870627706,0.9998197700838201,0.9798197746276855,0.999819357174184,0.9999936308081406,0.9999936210678148,0.9999924020500225,0.9999923910250698,-13.123264728003749,-51.47769263544891,,793.2362638327605,False,False,False,,[]
740,740,741,True,1.0,1.0,740.0,741.0,740.0,741.0,741.0,0.0,41.038272000000006,42.647616,344.42104656316627,0.506054162979126,0.506054162979126,0.0,1.0,0.5461788870627706,0.5459715341777591,0.999819357174184,0.9798193573951721,0.999818927818336,0.9999936210678148,0.9999936107823819,0.9999923910250698,0.9999923795232525,-13.700349533871668,-53.74586779498622,,786.1167258649882,False,False,False,,[]
741,741,742,True,1.0,1.0,741.0,742.0,741.0,742.0,742.0,0.0,42.647616,43.613222400000005,246.71902775096308,0.5060543417930603,0.5060543417930603,0.0,1.0,0.5459715341777591,0.5458094028185615,0.999818927818336,0.9798189401626587,0.9998185852972573,0.9999936107823819,0.9999936001719071,0.9999923795232525,0.9999923659449191,-10.713348032745397,-42.02444830401793,,819.2878211955044,False,False,False,,[]
742,742,743,True,1.0,1.0,742.0,743.0,742.0,743.0,743.0,0.0,43.613222400000005,44.41789440000001,222.70511937197082,0.5060544013977051,0.5060544013977051,0.0,1.0,0.5458094028185615,0.545657789646526,0.9998185852972573,0.97981858253479,0.9998182636020257,0.9999936001719071,0.9999935896686066,0.9999923659449191,0.9999923522919456,-10.018284791627014,-39.29813419160709,,827.8563946691824,False,False,False,,[]
743,743,744,True,1.0,1.0,743.0,744.0,743.0,744.0,744.0,0.0,44.41789440000001,44.9006976,173.88311075070283,0.5060545206069946,0.5060545206069946,0.0,1.0,0.545657789646526,0.5455332172033173,0.9998182636020257,0.9798182845115662,0.999818001625274,0.9999935896686066,0.9999935799471428,0.9999923522919456,0.9999923393614284,-8.231930116854336,-32.28917727970185,,852.2082552116844,False,False,False,,[]
744,744,745,True,1.0,1.0,744.0,745.0,744.0,745.0,745.0,0.0,44.9006976,45.5444352,198.94555861702872,0.5060545802116394,0.5060545802116394,0.0,1.0,0.5455332172033173,0.5453920181091477,0.999818001625274,0.9798180460929871,0.9998177007695206,0.9999935799471428,0.9999935696754034,0.9999923393614284,0.9999923258162607,-9.329975532678198,-36.59880520873476,,836.7489589605129,False,False,False,,[]
745,745,746,True,1.0,1.0,745.0,746.0,745.0,746.0,746.0,0.0,45.5444352,46.02723840000001,174.72370386972258,0.506054699420929,0.506054699420929,0.0,1.0,0.5453920181091477,0.5452642121913102,0.9998177007695206,0.9798177480697632,0.9998174311412066,0.9999935696754034,0.9999935598562188,0.9999923258162607,0.9999923127025712,-8.445135991117155,-33.12729390348897,,849.1115067994643,False,False,False,,[]
746,746,747,True,1.0,1.0,746.0,747.0,746.0,747.0,747.0,0.0,46.02723840000001,46.02723840000001,100.97608812243865,0.5060547590255737,0.5060547590255737,0.0,1.0,0.5452642121913102,0.5451866701139204,0.9998174311412066,0.9798174500465393,0.9998172754023226,0.9999935598562188,0.9999935525255644,0.9999923127025712,0.9999923043711091,-5.124523270697331,-20.098906459422082,,901.8937296636809,False,False,False,,[]
747,747,748,True,1.0,1.0,747.0,748.0,747.0,748.0,748.0,0.0,46.02723840000001,45.5444352,26.861773562437662,0.5060548186302185,0.5060548186302185,0.0,1.0,0.5451866701139204,0.545164285525939,0.9998172754023226,0.979817271232605,0.999817232805743,0.9999935525255644,0.9999935501204176,0.9999923043711091,0.999992301426409,-1.4795914662882244,-5.802085204776624,,968.9977945979388,False,False,False,,[]
748,748,749,True,1.0,1.0,748.0,749.0,748.0,749.0,749.0,0.0,45.5444352,45.3835008,75.90461778972096,0.5060548186302185,0.5060548186302185,0.0,1.0,0.545164285525939,0.5451038799966156,0.999817232805743,0.979817271232605,0.9998171135015379,0.9999935501204176,0.9999935442870727,0.999992301426409,0.999992293696678,-3.9923523343746554,-15.65711320063843,,920.8959361937267,False,False,False,,[]
749,749,750,True,1.0,1.0,749.0,750.0,749.0,750.0,750.0,0.0,45.3835008,45.061632,51.078472614663596,0.5060548782348633,0.5060548782348633,0.0,1.0,0.5451038799966156,0.5450623878297025,0.9998171135015379,0.9798171520233154,0.9998170330545638,0.9999935442870727,0.9999935400759415,0.999992293696678,0.9999922881749882,-2.7425099895538407,-10.754769663877493,,944.0466521115824,False,False,False,,[]
750,750,751,True,1.0,1.0,750.0,751.0,750.0,751.0,751.0,0.0,45.061632,44.25696000000001,-23.27730033168319,0.5060548782348633,0.5060548782348633,0.0,1.0,0.5450623878297025,0.5450719194258048,0.9998170330545638,0.9798170328140259,0.9998170151431206,0.9999935400759415,0.9999935380226336,0.9999922881749882,0.9999922856860182,0.6301225642796565,2.4705897097067377,,1003.2084349147863,False,False,False,,[]
751,751,752,True,1.0,1.0,751.0,752.0,751.0,752.0,752.0,0.0,44.25696000000001,43.130419200000006,-73.28297061555568,0.5060548782348633,0.5060548782348633,0.0,1.0,0.5450719194258048,0.545102385663124,0.9998170151431206,0.9798170328140259,0.9998169567074566,0.9999935380226336,0.9999935325230004,0.9999922856860182,0.9999922784448714,2.014307195167596,7.896848713128733,,1012.0247679160493,False,False,False,,[]
752,752,753,True,1.0,1.0,752.0,753.0,752.0,753.0,753.0,0.0,43.130419200000006,41.038272000000006,-222.32813294419023,0.5060548782348633,0.5060548782348633,0.0,1.0,0.545102385663124,0.5452028216651891,0.9998169567074566,0.9798169732093811,0.9998167504186468,0.9999935325230004,0.9999935221245106,0.9999922784448714,0.9999922649647941,6.642233649595537,26.033011735263802,,1059.2418659758434,False,False,False,,[]
753,753,754,True,1.0,1.0,753.0,754.0,753.0,754.0,754.0,0.0,41.038272000000006,37.819584000000006,-396.72209903683284,0.5060549378395081,0.5060549378395081,0.0,1.0,0.5452028216651891,0.5453841828802892,0.9998167504186468,0.9798167943954468,0.9998163704217157,0.9999935221245106,0.9999935106039702,0.9999922649647941,0.9999922524807517,11.998148037802869,47.00882695394904,,1135.533844000415,False,False,False,,[]
754,754,755,True,1.0,1.0,754.0,755.0,754.0,755.0,755.0,0.0,37.819584000000006,34.600896000000006,-398.8273411953734,0.5060551166534424,0.5060551166534424,0.0,1.0,0.5453841828802892,0.5455467278760087,0.9998163704217157,0.9798163771629333,0.999816027086295,0.9999935106039702,0.9999934947294193,0.9999922524807517,0.9999922409549794,10.753900293994038,42.131662890492485,,1112.1134100216714,False,False,False,,[]
755,755,756,True,1.0,1.0,755.0,756.0,755.0,756.0,756.0,0.0,34.600896000000006,30.577536000000002,-524.2845844511753,0.5060551762580872,0.5060551762580872,0.0,1.0,0.5455467278760087,0.5457391196440617,0.999816027086295,0.9798160195350647,0.9998156259553689,0.9999934947294193,0.999993481995385,0.9999922409549794,0.9999922204144732,12.731016251217152,49.86794627936411,,1135.0791071581066,False,False,False,,[]
756,756,757,True,1.0,1.0,756.0,757.0,756.0,757.0,757.0,0.0,30.577536000000002,26.554176000000002,-526.4596433139511,0.5060552954673767,0.5060552954673767,0.0,1.0,0.5457391196440617,0.5459071148437646,0.9998156259553689,0.979815661907196,0.9998152719233105,0.999993481995385,0.999993470810096,0.9999922204144732,0.9999922006338371,11.117002481867738,43.544355762986335,,1113.1222370731066,False,False,False,,[]
757,757,758,True,1.0,1.0,757.0,758.0,757.0,758.0,758.0,0.0,26.554176000000002,23.979225600000003,-306.0232327111999,0.5060554146766663,0.5060554146766663,0.0,1.0,0.5459071148437646,0.5459865935924035,0.9998152719233105,0.9798153042793274,0.9998151119920154,0.999993470810096,0.9999934586241426,0.9999922006338371,0.9999921893260121,5.258507498903798,20.60089164720855,,1041.6578132816994,False,False,False,,[]
758,758,759,True,1.0,1.0,758.0,759.0,758.0,759.0,759.0,0.0,23.979225600000003,20.1168,-504.7406637083949,0.506055474281311,0.506055474281311,0.0,1.0,0.5459865935924035,0.5461145205713814,0.9998151119920154,0.9798151254653931,0.9998148420763381,0.9999934586241426,0.9999934508246867,0.9999921893260121,0.999992178654414,8.465719313137196,33.158672951067786,,1089.8759170740445,False,False,False,,[]
759,759,760,True,1.0,1.0,759.0,760.0,759.0,760.0,760.0,0.0,20.1168,15.127833600000002,-679.0867248008997,0.5060555338859558,0.5060555338859558,0.0,1.0,0.5461145205713814,0.5462480117960382,0.9998148420763381,0.979814887046814,0.9998145588832248,0.9999934508246867,0.9999934383213049,0.999992178654414,0.9999921668980668,8.834750650750907,34.60092543102361,,1088.0353138666478,False,False,False,,[]
760,760,761,True,1.0,1.0,760.0,761.0,760.0,761.0,761.0,0.0,15.127833600000002,9.977932800000001,-705.2499135672599,0.5060555934906006,0.5060555934906006,0.0,1.0,0.5462480117960382,0.5463253622998777,0.9998145588832248,0.9798145890235901,0.9998144035582177,0.9999934383213049,0.9999934283312996,0.9999921668980668,0.9999921322773622,5.118707444595821,20.049250595212516,,1017.5085681814692,False,False,False,,[]
761,761,762,True,1.0,1.0,761.0,762.0,761.0,762.0,762.0,0.0,9.977932800000001,4.828032,-706.3222981443444,0.5060556530952454,0.5060556530952454,0.0,1.0,0.5463253622998777,0.5463598079569459,0.9998144035582177,0.9798144102096558,0.9998143372321397,0.9999934283312996,0.9999934103743556,0.9999921322773622,0.99999211182898,2.2792604156956995,8.928314312070583,,989.5187435011628,False,False,False,,[]
762,762,763,True,1.0,1.0,762.0,763.0,762.0,763.0,763.0,0.0,4.828032,2.414016,-286.97361423441987,0.5060557126998901,0.5060557126998901,0.0,1.0,0.5463598079569459,0.5463666537465254,0.9998143372321397,0.979814350605011,0.9998143244015265,0.9999934103743556,0.9999934068057692,0.99999211182898,0.9999921077652706,0.4529577399144306,1.7744286589874954,,997.9347067241374,False,False,False,,[]
763,763,764,True,1.0,1.0,763.0,764.0,763.0,764.0,764.0,0.0,2.414016,2.414016,83.45295464139505,0.5060557126998901,0.5060557126998901,0.0,1.0,0.5463666537465254,0.5463615510339854,0.9998143244015265,0.979814350605011,0.999814314854142,0.9999934068057692,0.9999934061139307,0.9999921077652706,0.9999921069774431,-0.33761817957365825,-1.3226230903602565,,992.5192662250236,False,False,False,,[]
764,764,765,True,1.0,1.0,764.0,765.0,764.0,765.0,765.0,0.0,2.414016,0.804672,-163.594760558605,0.5060557126998901,0.5060557126998901,0.0,1.0,0.5463615510339854,0.5463632854954199,0.999814314854142,0.979814350605011,0.9998143116195691,0.9999934061139307,0.9999934052097794,0.9999921069774431,0.9999921059478455,0.11476318430049409,0.4495724038217612,,999.4775283318844,False,False,False,,[]
765,765,766,True,1.0,1.0,765.0,766.0,765.0,766.0,766.0,0.0,0.804672,0.0,-40.11386708428944,0.5060557126998901,0.5060557126998901,0.0,1.0,0.5463632854954199,0.5463633918182119,0.9998143116195691,0.979814350605011,0.9998143114216048,0.9999934052097794,0.9999934051543543,0.9999921059478455,0.9999921058847304,0.007035058924687678,0.027558867685684163,,999.9679872080319,False,False,False,,[]
766,766,767,True,1.0,1.0,766.0,767.0,766.0,767.0,767.0,0.0,0.0,4.828032,824.5477656000002,0.5060557126998901,0.5060557126998901,0.0,1.0,0.5463633918182119,0.5463129695410233,0.9998143114216048,0.979814350605011,0.9998142128027249,0.9999934051543543,0.9999933983187203,0.9999921058847304,0.9999920981006873,-3.335799394876236,-13.069454247291715,,930.3157739600977,False,False,False,,[]
767,767,768,True,1.0,1.0,767.0,768.0,767.0,768.0,768.0,0.0,4.828032,10.1388672,898.8554187255801,0.5060557126998901,0.5060557126998901,0.0,1.0,0.5463129695410233,0.5461425076461048,0.9998142128027249,0.9798142313957214,0.9998138539500587,0.9999933983187203,0.999993375218585,0.9999920981006873,0.9999920717955274,-11.272899654298264,-44.18372316285326,,796.3352925556582,False,False,False,,[]
768,768,769,True,1.0,1.0,768.0,769.0,768.0,769.0,769.0,0.0,10.1388672,15.4497024,899.5147032342086,0.5060558319091797,0.5060558319091797,0.0,1.0,0.5461425076461048,0.5459147594903212,0.9998138539500587,0.9798138737678528,0.9998133869660847,0.999993375218585,0.9999933671527164,0.9999920717955274,0.9999920267892136,-15.057660677947329,-59.03232197913018,,753.2850370935885,False,False,False,,[]
769,769,770,True,1.0,1.0,769.0,770.0,769.0,770.0,770.0,0.0,15.4497024,20.760537600000003,900.6418670715415,0.5060559511184692,0.5060559511184692,0.0,1.0,0.5459147594903212,0.5456558627081032,0.9998133869660847,0.9798133969306946,0.9998128645099542,0.9999933671527164,0.9999933475977676,0.9999920267892136,0.9999920007614704,-17.113913344375316,-67.10604595091519,,737.0689975590968,False,False,False,,[]
770,770,771,True,1.0,1.0,770.0,771.0,770.0,771.0,771.0,0.0,20.760537600000003,25.427635200000005,803.4178241575776,0.5060561299324036,0.5060561299324036,0.0,1.0,0.5456558627081032,0.5453892726601226,0.9998128645099542,0.9798128604888916,0.9998123287419984,0.9999933475977676,0.9999933345939949,0.9999920007614704,0.999991985953516,-17.620323500850052,-69.10014043656489,,741.8515559036621,False,False,False,,[]
771,771,772,True,1.0,1.0,771.0,772.0,771.0,772.0,772.0,0.0,25.427635200000005,28.163520000000002,508.7485180079362,0.5060563087463379,0.5060563087463379,0.0,1.0,0.5453892726601226,0.5451890514556612,0.9998123287419984,0.9798123240470886,0.9998119127762427,0.9999933345939949,0.999993321434271,0.999991985953516,0.9999919750380531,-13.23513258442182,-51.89733619638739,,789.9562018688117,False,False,False,,[]
772,772,773,True,1.0,1.0,772.0,773.0,772.0,773.0,773.0,0.0,28.163520000000002,29.6119296,312.326445425436,0.5060564279556274,0.5060564279556274,0.0,1.0,0.5451890514556612,0.5450499488244062,0.9998119127762427,0.9798119068145752,0.999811616141554,0.999993321434271,0.9999933090652421,0.9999919750380531,0.9999919661586402,-9.196195844756923,-36.055402021309,,840.325865516311,False,False,False,,[]
773,773,774,True,1.0,1.0,773.0,774.0,773.0,774.0,774.0,0.0,29.6119296,31.382208000000002,362.4300739158692,0.506056547164917,0.506056547164917,0.0,1.0,0.5450499488244062,0.54488318529947,0.999811616141554,0.9798116087913513,0.9998112645213445,0.9999933090652421,0.9999932950286157,0.9999919661586402,0.9999919573372957,-11.023494983515521,-43.225105663464646,,816.4708181776651,False,False,False,,[]
774,774,775,True,1.0,1.0,774.0,775.0,774.0,775.0,775.0,0.0,31.382208000000002,33.3134208,388.0304326357619,0.5060566067695618,0.5060566067695618,0.0,1.0,0.54488318529947,0.5446934643582648,0.9998112645213445,0.9798113107681274,0.9998108684827233,0.9999932950286157,0.9999932826454886,0.9999919573372957,0.9999919424914383,-12.539510207160063,-49.17566796037011,,795.8274525749616,False,False,False,,[]
775,775,776,True,1.0,1.0,775.0,776.0,775.0,776.0,776.0,0.0,33.3134208,35.405568,413.7714988672712,0.5060567259788513,0.5060567259788513,0.0,1.0,0.5446934643582648,0.5444765875293978,0.9998108684827233,0.979810893535614,0.999810421431383,0.9999932826454886,0.9999932651459551,0.9999919424914383,0.9999919281125926,-14.332304404493296,-56.21447404235464,,773.1199538845188,False,False,False,,[]
776,776,777,True,1.0,1.0,776.0,777.0,776.0,777.0,777.0,0.0,35.405568,37.3367808,390.2591966556442,0.5060569047927856,0.5060569047927856,0.0,1.0,0.5444765875293978,0.5442724225600776,0.999810421431383,0.9798104166984558,0.999809998046409,0.9999932651459551,0.9999932550393551,0.9999919281125926,0.9999919167843482,-13.491859033885088,-52.919560047793965,,788.6819028882128,False,False,False,,[]
777,777,778,True,1.0,1.0,777.0,778.0,777.0,778.0,778.0,0.0,37.3367808,40.2336,539.6530128642073,0.5060570240020752,0.5060570240020752,0.0,1.0,0.5442724225600776,0.5439682048746645,0.999809998046409,0.9798099994659424,0.9998093995209807,0.9999932550393551,0.9999932375566273,0.9999919167843482,0.9999919000798833,-20.09608705656443,-78.85322405908916,,715.1758932145049,False,False,False,,[]
778,778,779,True,1.0,1.0,778.0,779.0,778.0,779.0,779.0,0.0,40.2336,42.647616,467.4024820764001,0.5060572028160095,0.5060572028160095,0.0,1.0,0.5439682048746645,0.5436872009297672,0.9998093995209807,0.9798094034194946,0.9998088392441304,0.9999932375566273,0.9999932218212965,0.9999919000798833,0.9999918846213242,-18.562079054568507,-72.83622251736138,,730.8736648317167,False,False,False,,[]
779,779,780,True,1.0,1.0,779.0,780.0,779.0,780.0,780.0,0.0,42.647616,44.25696000000001,345.53811383096377,0.5060573220252991,0.5060573220252991,0.0,1.0,0.5436872009297672,0.5434710291033364,0.9998088392441304,0.9798088669776917,0.999808393495289,0.9999932218212965,0.9999932110048508,0.9999918846213242,0.999991872638467,-14.28114249278223,-56.03173741084605,,779.0916644980465,False,False,False,,[]
780,780,781,True,1.0,1.0,780.0,781.0,780.0,781.0,781.0,0.0,44.25696000000001,45.061632,223.1742876244434,0.5060575008392334,0.5060575008392334,0.0,1.0,0.5434710291033364,0.5433172275871729,0.999808393495289,0.9798083901405334,0.9998080674485713,0.9999932110048508,0.9999932004429303,0.999991872638467,0.9999918589378299,-10.162111167288957,-39.86535298959061,,825.9897710763772,False,False,False,,[]
781,781,782,True,1.0,1.0,781.0,782.0,781.0,782.0,782.0,0.0,45.061632,45.5444352,174.36087182831616,0.5060575604438782,0.5060575604438782,0.0,1.0,0.5433172275871729,0.5431908196275703,0.9998080674485713,0.9798080921173096,0.9998078011339429,0.9999932004429303,0.9999931906645477,0.9999918589378299,0.9999918459138731,-8.35260028300609,-32.764943128991,,850.4545700692319,False,False,False,,[]
782,782,783,True,1.0,1.0,782.0,783.0,782.0,783.0,783.0,0.0,45.5444352,46.5100416,248.83801842972161,0.5060576796531677,0.5060576796531677,0.0,1.0,0.5431908196275703,0.5430185496171536,0.9998078011339429,0.9798077940940857,0.9998074387559269,0.9999931906645477,0.9999931799956084,0.9999918459138731,0.9999918324858755,-11.381149086512904,-44.652386700010446,,811.2900756649979,False,False,False,,[]
783,783,784,True,1.0,1.0,783.0,784.0,783.0,784.0,784.0,0.0,46.5100416,46.5100416,101.3466537064673,0.5060577392578125,0.5060577392578125,0.0,1.0,0.5430185496171536,0.5429380724471312,0.9998074387559269,0.979807436466217,0.999807276657308,0.9999931799956084,0.999993172591488,0.9999918324858755,0.9999918226918946,-5.318122368037506,-20.85968246979339,,897.7586378508357,False,False,False,,[]
784,784,785,True,1.0,1.0,784.0,785.0,784.0,785.0,785.0,0.0,46.5100416,46.5100416,101.3466537064673,0.5060577988624573,0.5060577988624573,0.0,1.0,0.5429380724471312,0.5428575954975391,0.999807276657308,0.9798073172569275,0.9998071145591679,0.999993172591488,0.999993165187367,0.9999918226918946,0.9999918128979145,-5.318122362781521,-20.85962533428646,,897.758854381586,False,False,False,,[]
785,785,786,True,1.0,1.0,785.0,786.0,785.0,786.0,786.0,0.0,46.5100416,46.349107200000006,76.64188218646761,0.506057858467102,0.506057858467102,0.0,1.0,0.5428575954975391,0.5427953870423005,0.9998071145591679,0.9798071384429932,0.9998069914771923,0.999993165187367,0.9999931591977222,0.9999918128979145,0.9999918049555653,-4.111141170589439,-16.124431597845504,,918.7387966694586,False,False,False,,[]
786,786,787,True,1.0,1.0,786.0,787.0,786.0,787.0,787.0,0.0,46.349107200000006,45.866304,27.10838764386658,0.5060579180717468,0.5060579180717468,0.0,1.0,0.5427953870423005,0.542773215803744,0.9998069914771923,0.9798070192337036,0.9998069492954091,0.9999931591977222,0.9999931567551037,0.9999918049555653,0.9999918023341694,-1.4654204942658284,-5.746785033821769,,969.5057184846398,False,False,False,,[]
787,787,788,True,1.0,1.0,787.0,788.0,787.0,788.0,788.0,0.0,45.866304,45.5444352,51.4438825036101,0.5060579180717468,0.5060579180717468,0.0,1.0,0.542773215803744,0.5427309950237913,0.9998069492954091,0.9798069596290588,0.999806867377397,0.9999931567551037,0.9999931524732455,0.9999918023341694,0.999991796719035,-2.7905065274790757,-10.943626163759012,,943.1207873425674,False,False,False,,[]
788,788,789,True,1.0,1.0,788.0,789.0,788.0,789.0,789.0,0.0,45.5444352,45.5444352,100.6093893097216,0.5060579180717468,0.5060579180717468,0.0,1.0,0.5427309950237913,0.5426525894788278,0.999806867377397,0.9798069000244141,0.999806709771213,0.9999931524732455,0.9999931452146927,0.999991796719035,0.9999917871414892,-5.181576156439802,-20.322717254557684,,900.0881764269437,False,False,False,,[]
789,789,790,True,1.0,1.0,789.0,790.0,789.0,790.0,790.0,0.0,45.5444352,45.5444352,100.6093893097216,0.5060579776763916,0.5060579776763916,0.0,1.0,0.5426525894788278,0.5425741840848796,0.999806709771213,0.9798067212104797,0.9998065521653559,0.9999931452146927,0.9999931379561393,0.9999917871414892,0.9999917775639442,-5.1815761513931005,-20.322678111372646,,900.0883254332422,False,False,False,,[]
790,790,791,True,1.0,1.0,790.0,791.0,790.0,791.0,791.0,0.0,45.5444352,45.3835008,75.90461778972096,0.5060580372810364,0.5060580372810364,0.0,1.0,0.5425741840848796,0.5425137770616868,0.9998065521653559,0.9798065423965454,0.999806432858026,0.9999931379561393,0.9999931321227645,0.9999917775639442,0.9999917698342531,-3.9923519317410756,-15.657500411553231,,920.8944128878965,False,False,False,,[]
791,791,792,True,1.0,1.0,791.0,792.0,791.0,792.0,792.0,0.0,45.3835008,44.41789440000001,-47.74061346533511,0.5060580968856812,0.5060580968856812,0.0,1.0,0.5425137770616868,0.5425336996070922,0.999806432858026,0.9798064231872559,0.9998063950377726,0.9999931321227645,0.9999931281756649,0.9999917698342531,0.9999917647019366,1.3170440100171545,5.163923769066331,,1007.1113177138759,False,False,False,,[]
792,792,793,True,1.0,1.0,792.0,793.0,792.0,793.0,793.0,0.0,44.41789440000001,44.25696000000001,75.06402467070411,0.5060580968856812,0.5060580968856812,0.0,1.0,0.5425336996070922,0.5424753136405475,0.9998063950377726,0.9798064231872559,0.9998062799499144,0.9999931281756649,0.9999931225041861,0.9999917647019366,0.9999917572100244,-3.859028204244929,-15.133642528380257,,923.3114641117726,False,False,False,,[]
793,793,794,True,1.0,1.0,793.0,794.0,793.0,794.0,794.0,0.0,44.25696000000001,44.25696000000001,99.65043002444402,0.5060580968856812,0.5060580968856812,0.0,1.0,0.5424753136405475,0.5423996155005708,0.9998062799499144,0.9798063039779663,0.9998061281884787,0.9999931225041861,0.9999931154385668,0.9999917572100244,0.9999917479126056,-5.0030500189742,-19.620957881952087,,903.1487472496111,False,False,False,,[]
794,794,795,True,1.0,1.0,794.0,795.0,794.0,795.0,795.0,0.0,44.25696000000001,44.25696000000001,99.65043002444402,0.5060581564903259,0.5060581564903259,0.0,1.0,0.5423996155005708,0.5423239174466936,0.9998061281884787,0.979806125164032,0.9998059764272283,0.9999931154385668,0.9999931083729469,0.9999917479126056,0.9999917386151875,-5.003050012826688,-19.62093556496913,,903.1488326928392,False,False,False,,[]
795,795,796,True,1.0,1.0,795.0,796.0,795.0,796.0,796.0,0.0,44.25696000000001,44.25696000000001,99.65043002444402,0.5060582160949707,0.5060582160949707,0.0,1.0,0.5423239174466936,0.542248219475481,0.9998059764272283,0.9798060059547424,0.999805824666156,0.9999931083729469,0.9999931013073263,0.9999917386151875,0.9999917293177704,-5.0030500066791666,-19.62091413830539,,903.1489149086709,False,False,False,,[]
796,796,797,True,1.0,1.0,796.0,797.0,796.0,797.0,797.0,0.0,44.25696000000001,44.25696000000001,99.65043002444402,0.5060582756996155,0.5060582756996155,0.0,1.0,0.542248219475481,0.5421725215835924,0.999805824666156,0.9798058271408081,0.9998056729052545,0.9999931013073263,0.9999930942417051,0.9999917293177704,0.999991720020354,-5.003050000531633,-19.620893577504443,,903.1489936391035,False,False,False,,[]
797,797,798,True,1.0,1.0,797.0,798.0,797.0,798.0,798.0,0.0,44.25696000000001,44.25696000000001,99.65043002444402,0.5060582756996155,0.5060582756996155,0.0,1.0,0.5421725215835924,0.5420968237676863,0.9998056729052545,0.9798057079315186,0.9998055211445166,0.9999930942417051,0.9999930871760839,0.999991720020354,0.9999917107229376,-5.003050000531633,-19.620873882873425,,903.1490689646417,False,False,False,,[]
798,798,799,True,1.0,1.0,798.0,799.0,798.0,799.0,799.0,0.0,44.25696000000001,44.41789440000001,124.35520154444467,0.5060583353042603,0.5060583353042603,0.0,1.0,0.5420968237676863,0.542004367830395,0.9998055211445166,0.9798055291175842,0.9998053327229204,0.9999930871760839,0.9999930790222911,0.9999917107229376,0.9999916998912942,-6.110317572354475,-23.964578945925872,,884.7337598784034,False,False,False,,[]
799,799,800,True,1.0,1.0,799.0,800.0,799.0,800.0,800.0,0.0,44.41789440000001,45.061632,198.5878822707035,0.506058394908905,0.506058394908905,0.0,1.0,0.542004367830395,0.5418646764047628,0.9998053327229204,0.9798053503036499,0.999805034901875,0.9999930790222911,0.9999930687785086,0.9999916998912942,0.9999916864150102,-9.230629667805852,-36.208017523867674,,838.0869649473713,False,False,False,,[]
800,800,801,True,1.0,1.0,800.0,801.0,800.0,801.0,801.0,0.0,45.061632,45.866304,223.77041486831556,0.5060584545135498,0.5060584545135498,0.0,1.0,0.5418646764047628,0.5417083028059662,0.999805034901875,0.979805052280426,0.9998047037530381,0.9999930687785086,0.9999930581949796,0.9999916864150102,0.999991672740509,-10.332148114730039,-40.53203680808884,,823.8952611572959,False,False,False,,[]
801,801,802,True,1.0,1.0,801.0,802.0,801.0,802.0,802.0,0.0,45.866304,48.28032,471.4249983436104,0.5060585737228394,0.5060585737228394,0.0,1.0,0.5417083028059662,0.541385599620105,0.9998047037530381,0.9798046946525574,0.9998040758924915,0.9999930581949796,0.9999930420525788,0.999991672740509,0.9999916521641532,-21.31023770685214,-83.64466577520966,,703.1320326955356,False,False,False,,[]
802,802,803,True,1.0,1.0,802.0,803.0,802.0,803.0,803.0,0.0,48.28032,49.889664,349.7861917580157,0.5060587525367737,0.5060587525367737,0.0,1.0,0.541385599620105,0.541135678798343,0.9998040758924915,0.9798040986061096,0.999803569165752,0.9999930420525788,0.9999930282530658,0.9999916521641532,0.9999916374876462,-16.50600198043304,-64.77947700070507,,752.4060917681252,False,False,False,,[]
803,803,804,True,1.0,1.0,803.0,804.0,803.0,804.0,804.0,0.0,49.889664,51.499008,351.0965975913923,0.506058931350708,0.506058931350708,0.0,1.0,0.541135678798343,0.5408691005633602,0.999803569165752,0.9798035621643066,0.9998030334181148,0.9999930282530658,0.9999930136369463,0.9999916374876462,0.9999916155858796,-17.60398165781442,-69.09707850754344,,737.098445291539,False,False,False,,[]
804,804,805,True,1.0,1.0,804.0,805.0,804.0,805.0,805.0,0.0,51.499008,53.108352000000004,352.44996755045446,0.5060591101646423,0.5060591101646423,0.0,1.0,0.5408691005633602,0.5405986327042492,0.9998030334181148,0.9798030257225037,0.999802491000626,0.9999930136369463,0.9999929981330574,0.9999916155858796,0.9999915985960257,-17.859273587292805,-70.10526908157632,,736.8092625857546,False,False,False,,[]
805,805,806,True,1.0,1.0,805.0,806.0,805.0,806.0,806.0,0.0,53.108352000000004,53.108352000000004,106.79858643519938,0.5060592293739319,0.5060592293739319,0.0,1.0,0.5405986327042492,0.5405062221164012,0.999802491000626,0.9798024892807007,0.9998023026798051,0.9999929981330574,0.9999929895218924,0.9999915985960257,0.9999915897845045,-6.104935353218547,-23.952824370207928,,886.0022101092557,False,False,False,,[]
806,806,807,True,1.0,1.0,806.0,807.0,806.0,807.0,807.0,0.0,53.108352000000004,54.07395840000001,255.02721555520037,0.5060592889785767,0.5060592889785767,0.0,1.0,0.5405062221164012,0.5403025623017822,0.9998023026798051,0.9798023104667664,0.999801880243144,0.9999929895218924,0.9999929782675652,0.9999915897845045,0.999991573929375,-13.449743778574895,-52.788623949238044,,785.5379710035106,False,False,False,,[]
807,807,808,True,1.0,1.0,807.0,808.0,807.0,808.0,808.0,0.0,54.07395840000001,54.717696000000004,206.47609574637403,0.5060594081878662,0.5060594081878662,0.0,1.0,0.5403025623017822,0.5401291514933505,0.999801880243144,0.9798018932342529,0.999801515644463,0.9999929782675652,0.999992966476771,0.999991573929375,0.9999915583524265,-11.452675755894099,-44.94808154548434,,808.2516550670041,False,False,False,,[]
808,808,809,True,1.0,1.0,808.0,809.0,808.0,809.0,809.0,0.0,54.717696000000004,55.200499199999996,182.3521992056285,0.5060595273971558,0.5060595273971558,0.0,1.0,0.5401291514933505,0.5399760005553028,0.999801515644463,0.9798015356063843,0.999801190890397,0.999992966476771,0.9999929550092155,0.9999915583524265,0.9999915469500641,-10.114981671709002,-39.696723141968135,,827.4746318577629,False,False,False,,[]
809,809,810,True,1.0,1.0,809.0,810.0,809.0,810.0,810.0,0.0,55.200499199999996,55.03956480000001,83.97328059326826,0.5060596466064453,0.5060596466064453,0.0,1.0,0.5399760005553028,0.5398990764430315,0.999801190890397,0.9798012375831604,0.9998010364860321,0.9999929550092155,0.999992947403912,0.9999915469500641,0.9999915392750519,-5.081633605810312,-19.93872990073812,,902.8164460541715,False,False,False,,[]
810,810,811,True,1.0,1.0,810.0,811.0,810.0,811.0,811.0,0.0,55.03956480000001,54.717696000000004,59.12135694279728,0.5060597062110901,0.5060597062110901,0.0,1.0,0.5398990764430315,0.539843882442026,0.9998010364860321,0.9798010587692261,0.9998009280292327,0.999992947403912,0.9999929416316656,0.9999915392750519,0.9999915334685846,-3.646431616965359,-14.306285060629785,,927.9722812901095,False,False,False,,[]
811,811,812,True,1.0,1.0,811.0,812.0,811.0,812.0,812.0,0.0,54.717696000000004,54.717696000000004,108.23788464562945,0.5060597062110901,0.5060597062110901,0.0,1.0,0.539843882442026,0.5397475047059773,0.9998009280292327,0.9798009395599365,0.9998007308601601,0.9999929416316656,0.9999929326866251,0.9999915334685846,0.9999915243099265,-6.366577702689494,-24.981109183821747,,881.6800052517248,False,False,False,,[]
812,812,813,True,1.0,1.0,812.0,813.0,812.0,813.0,813.0,0.0,54.717696000000004,54.5567616,83.5331131256288,0.5060597658157349,0.5060597658157349,0.0,1.0,0.5397475047059773,0.5396711885008308,0.9998007308601601,0.9798007607460022,0.9998005777670754,0.9999929326866251,0.9999929251764601,0.9999915243099265,0.9999915163927243,-5.041677595421344,-19.781160373974394,,903.2992165659751,False,False,False,,[]
813,813,814,True,1.0,1.0,813.0,814.0,813.0,814.0,814.0,0.0,54.5567616,54.07395840000001,33.977706878932594,0.5060598254203796,0.5060598254203796,0.0,1.0,0.5396711885008308,0.5396386205961341,0.9998005777670754,0.9798005819320679,0.9998005151717521,0.9999929251764601,0.9999929217760427,0.9999915163927243,0.9999915123995984,-2.1518562100802563,-8.441600897408499,,955.8210156036349,False,False,False,,[]
814,814,815,True,1.0,1.0,814.0,815.0,814.0,815.0,815.0,0.0,54.07395840000001,53.269286400000006,-15.866847933626026,0.5060598254203796,0.5060598254203796,0.0,1.0,0.5396386205961341,0.5396474453693134,0.9998005151717521,0.9798005223274231,0.9998004986000085,0.9999929217760427,0.999992921179192,0.9999915123995984,0.9999915103606501,0.5831723808563013,2.287381208092146,,1004.5524306182363,False,False,False,,[]
815,815,816,True,1.0,1.0,815.0,816.0,815.0,816.0,816.0,0.0,53.269286400000006,53.108352000000004,82.23581135058691,0.5060598254203796,0.5060598254203796,0.0,1.0,0.5396474453693134,0.5395745942804097,0.9998004986000085,0.9798005223274231,0.9998003529526279,0.999992921179192,0.9999929139506133,0.9999915103606501,0.9999915030278033,-4.813278905597401,-18.883002243856502,,907.4597480615262,False,False,False,,[]
816,816,817,True,1.0,1.0,816.0,817.0,816.0,817.0,817.0,0.0,53.108352000000004,52.30368,-16.725271164800965,0.5060598850250244,0.5060598850250244,0.0,1.0,0.5395745942804097,0.5395837285322299,0.9998003529526279,0.9798003435134888,0.9998003357945311,0.9999929139506133,0.9999929133327908,0.9999915030278033,0.999991500917212,0.6036635150281385,2.367598071822569,,1004.7121284361349,False,False,False,,[]
817,817,818,True,1.0,1.0,817.0,818.0,817.0,818.0,818.0,0.0,52.30368,51.499008,-17.428808722884327,0.5060598850250244,0.5060598850250244,0.0,1.0,0.5395837285322299,0.539593101195941,0.9998003357945311,0.9798003435134888,0.9998003181844863,0.9999929133327908,0.9999929126988092,0.999991500917212,0.9999914987514184,0.6194523128958324,2.429394433905387,,1004.8351501161412,False,False,False,,[]
818,818,819,True,1.0,1.0,818.0,819.0,818.0,819.0,819.0,0.0,51.499008,51.3380736,80.69748083045411,0.5060598850250244,0.5060598850250244,0.0,1.0,0.539593101195941,0.5395205618488802,0.9998003181844863,0.9798003435134888,0.9998001732045758,0.9999929126988092,0.9999929058066122,0.9999914987514184,0.999991489400163,-4.793230257643248,-18.80219875814298,,906.3875747990868,False,False,False,,[]
819,819,820,True,1.0,1.0,819.0,820.0,819.0,820.0,820.0,0.0,51.3380736,50.85527040000001,31.150667408892836,0.5060599446296692,0.5060599446296692,0.0,1.0,0.5395205618488802,0.5394917685265739,0.9998001732045758,0.9798001646995544,0.9998001180679491,0.9999929058066122,0.9999929027960951,0.999991489400163,0.9999914855892355,-1.902872882374605,-7.463229141796818,,960.4962957124942,False,False,False,,[]
820,820,821,True,1.0,1.0,820.0,821.0,820.0,821.0,821.0,0.0,50.85527040000001,50.69433600000001,80.15097715174655,0.5060599446296692,0.5060599446296692,0.0,1.0,0.5394917685265739,0.5394206090840464,0.9998001180679491,0.9798001646995544,0.9997999760378267,0.9999929027960951,0.9999928960241068,0.9999914855892355,0.9999914764197749,-4.702232953024213,-18.444527503109406,,908.0145786570635,False,False,False,,[]
821,821,822,True,1.0,1.0,821.0,822.0,821.0,822.0,822.0,0.0,50.69433600000001,49.24592640000001,-117.62274682478639,0.506060004234314,0.506060004234314,0.0,1.0,0.5394206090840464,0.5394793401830099,0.9997999760378267,0.9797999858856201,0.9997998602305651,0.9999928960241068,0.9999928873879428,0.9999914764197749,0.9999914649249622,3.882583503346795,15.22310085133522,,1027.7697170149816,False,False,False,,[]
822,822,823,True,1.0,1.0,822.0,823.0,822.0,823.0,823.0,0.0,49.24592640000001,48.28032,-44.709064757041126,0.5060600638389587,0.5060600638389587,0.0,1.0,0.5394793401830099,0.5394995700216925,0.9997998602305651,0.9797998666763306,0.9997998218154106,0.9999928873879428,0.9999928833373344,0.9999914649249622,0.9999914597051158,1.3372795495846566,5.243574186505017,,1007.1688957523867,False,False,False,,[]
823,823,824,True,1.0,1.0,823.0,824.0,823.0,824.0,824.0,0.0,48.28032,48.1193856,78.03370503801537,0.5060600638389587,0.5060600638389587,0.0,1.0,0.5394995700216925,0.539433790086321,0.9997998218154106,0.9797998666763306,0.9997996912115997,0.9999928833373344,0.9999928770350179,0.9999914597051158,0.9999914512609333,-4.347376814458734,-17.050159248289138,,914.422143577203,False,False,False,,[]
824,824,825,True,1.0,1.0,824.0,825.0,824.0,825.0,825.0,0.0,48.1193856,48.1193856,102.60979900159101,0.5060601234436035,0.5060601234436035,0.0,1.0,0.539433790086321,0.5393498908015624,0.9997996912115997,0.9797996878623962,0.9997995216534049,0.9999928770350179,0.9999928693772749,0.9999914512609333,0.9999914411692655,-5.544599141536029,-21.746694609423724,,893.9710028224922,False,False,False,,[]
825,825,826,True,1.0,1.0,825.0,826.0,825.0,826.0,826.0,0.0,48.1193856,48.1193856,102.60979900159101,0.5060601234436035,0.5060601234436035,0.0,1.0,0.5393498908015624,0.5392659913938413,0.9997995216534049,0.9797995686531067,0.9997993520949412,0.9999928693772749,0.999992861719532,0.9999914411692655,0.9999914310775978,-5.544599141536029,-21.74672648127655,,893.9708830631487,False,False,False,,[]
826,826,827,True,1.0,1.0,826.0,827.0,826.0,827.0,827.0,0.0,48.1193856,48.1193856,102.60979900159101,0.5060601830482483,0.5060601830482483,0.0,1.0,0.5392659913938413,0.5391820918650897,0.9997993520949412,0.9797993898391724,0.9997991825362128,0.999992861719532,0.9999928540617883,0.9999914310775978,0.9999914209859309,-5.5445991397417025,-21.74675785241679,,893.9707652735815,False,False,False,,[]
827,827,828,True,1.0,1.0,827.0,828.0,827.0,828.0,828.0,0.0,48.1193856,47.63658240000001,28.49548444159197,0.5060602426528931,0.5060602426528931,0.0,1.0,0.5391820918650897,0.5391573378629975,0.9997991825362128,0.979799211025238,0.9997991353214615,0.9999928540617883,0.9999928514144926,0.9999914209859309,0.999991417744003,-1.6361999788502537,-6.416237342314675,,965.8432427221151,False,False,False,,[]
828,828,829,True,1.0,1.0,828.0,829.0,828.0,829.0,829.0,0.0,47.63658240000001,47.47564800000001,77.52157265985736,0.5060602426528931,0.5060602426528931,0.0,1.0,0.5391573378629975,0.5390937973274517,0.9997991353214615,0.9797991514205933,0.9997990094399772,0.9999928514144926,0.9999928452268245,0.999991417744003,0.9999914100982807,-4.199516204010484,-16.469706813468072,,917.4631150812809,False,False,False,,[]
829,829,830,True,1.0,1.0,829.0,830.0,829.0,830.0,830.0,0.0,47.47564800000001,47.47564800000001,102.09938518845938,0.5060603022575378,0.5060603022575378,0.0,1.0,0.5390937973274517,0.5390121517707993,0.9997990094399772,0.9797990322113037,0.9997988447998968,0.9999928452268245,0.9999928376704852,0.9999914100982807,0.9999914007381104,-5.395840484037833,-21.16252828427935,,896.8400138945635,False,False,False,,[]
830,830,831,True,1.0,1.0,830.0,831.0,830.0,831.0,831.0,0.0,47.47564800000001,47.1537792,52.68984214845806,0.5060603618621826,0.5060603618621826,0.0,1.0,0.5390121517707993,0.5389680866303886,0.9997988447998968,0.9797988533973694,0.999798759149003,0.9999928376704852,0.9999928331474773,0.9999914007381104,0.9999913952079797,-2.9125446088946654,-11.421684394443975,,941.0140685321786,False,False,False,,[]
831,831,832,True,1.0,1.0,831.0,832.0,831.0,832.0,832.0,0.0,47.1537792,46.5100416,3.0276700494349402,0.5060603618621826,0.5060603618621826,0.0,1.0,0.5389680866303886,0.538965762211292,0.999798759149003,0.9797987937927246,0.9997987548117239,0.9999928331474773,0.9999928330481014,0.9999913952079797,0.9999913948684946,-0.15365811468332408,-0.6024894298524296,,996.8131802241304,False,False,False,,[]
832,832,833,True,1.0,1.0,832.0,833.0,832.0,833.0,833.0,0.0,46.5100416,45.3835008,-71.58674693353338,0.5060603618621826,0.5060603618621826,0.0,1.0,0.538965762211292,0.5389972670649555,0.9997987548117239,0.9797987937927246,0.9997986943225168,0.9999928330481014,0.9999928274206984,0.9999913948684946,0.9999913876655147,2.082950762060989,8.166058069596074,,1012.7869927930549,False,False,False,,[]
833,833,834,True,1.0,1.0,833.0,834.0,833.0,834.0,834.0,0.0,45.3835008,44.578828800000004,-23.03584194533641,0.5060603618621826,0.5060603618621826,0.0,1.0,0.5389972670649555,0.539006765751001,0.9997986943225168,0.9797987341880798,0.9997986764734916,0.9999928274206984,0.9999928253726548,0.9999913876655147,0.9999913851846381,0.6279962301465372,2.4620594229880286,,1003.1950391663171,False,False,False,,[]
834,834,835,True,1.0,1.0,834.0,835.0,834.0,835.0,835.0,0.0,44.578828800000004,43.452288,-73.04580864177737,0.5060604214668274,0.5060604214668274,0.0,1.0,0.539006765751001,0.539037356797883,0.9997986764734916,0.9797986745834351,0.9997986177912727,0.9999928253726548,0.9999928198563381,0.9999913851846381,0.99999137790939,2.022711889167452,7.929199351820209,,1012.0753341305282,False,False,False,,[]
835,835,836,True,1.0,1.0,835.0,836.0,835.0,836.0,836.0,0.0,43.452288,41.038272000000006,-271.5065289880071,0.5060604214668274,0.5060604214668274,0.0,1.0,0.539037356797883,0.5391649887839708,0.9997986177912727,0.9797986149787903,0.9997983485757086,0.9999928198563381,0.9999928092144855,0.99999137790939,0.9999913645929744,8.442141586602332,33.08221079396298,,1083.1327822676408,False,False,False,,[]
836,836,837,True,1.0,1.0,836.0,837.0,836.0,837.0,837.0,0.0,41.038272000000006,38.1414528,-347.3125559968335,0.5060604810714722,0.5060604810714722,0.0,1.0,0.5391649887839708,0.539324761622941,0.9997983485757086,0.9797983765602112,0.9997980107047164,0.9999928092144855,0.9999927994659302,0.9999913645929744,0.9999913536192646,10.570072895245204,41.41311986106555,,1117.6474544633775,False,False,False,,[]
837,837,838,True,1.0,1.0,837.0,838.0,837.0,838.0,838.0,0.0,38.1414528,35.405568,-324.5102359621426,0.5060606002807617,0.5060606002807617,0.0,1.0,0.539324761622941,0.5394614970617598,0.9997980107047164,0.9797980189323425,0.9997977197071319,0.9999927994659302,0.9999927889423752,0.9999913536192646,0.9999913440954182,9.04622482485504,35.441825741843004,,1095.9964421178922,False,False,False,,[]
838,838,839,True,1.0,1.0,838.0,839.0,838.0,839.0,839.0,0.0,35.405568,32.991552,-276.7696343843559,0.5060606598854065,0.5060606598854065,0.0,1.0,0.5394614970617598,0.5395652593752366,0.9997977197071319,0.9797977209091187,0.9997975058916722,0.9999927889423752,0.9999927775016164,0.9999913440954182,0.9999913342813183,6.864644552105057,26.895191653180966,,1065.1055442954919,False,False,False,,[]
839,839,840,True,1.0,1.0,839.0,840.0,839.0,840.0,840.0,0.0,32.991552,30.8994048,-228.72957285054935,0.5060607194900513,0.5060607194900513,0.0,1.0,0.5395652593752366,0.5396441881839595,0.9997975058916722,0.9797975420951843,0.9997973471524179,0.9999927775016164,0.9999927680086577,0.9999913342813183,0.9999913260075605,5.221676776897608,20.458347220984624,,1047.436477870752,False,False,False,,[]
840,840,841,True,1.0,1.0,840.0,841.0,840.0,841.0,841.0,0.0,30.8994048,30.8994048,91.32376764616336,0.506060779094696,0.506060779094696,0.0,1.0,0.5396441881839595,0.5395977004189848,0.9997973471524179,0.97979736328125,0.9997972565781827,0.9999927680086577,0.9999927631394397,0.9999913260075605,0.9999913219227549,-3.0744404906271483,-12.049628681457,,939.4088682443726,False,False,False,,[]
841,841,842,True,1.0,1.0,841.0,842.0,841.0,842.0,842.0,0.0,30.8994048,32.347814400000004,313.6667113261644,0.5060608386993408,0.5060608386993408,0.0,1.0,0.5395977004189848,0.5394481378762033,0.9997972565781827,0.9797973036766052,0.9997969389693571,0.9999927631394397,0.9999927523790083,0.9999913219227549,0.9999913116518304,-9.888003051178858,-38.766611088962485,,831.7012712153485,False,False,False,,[]
842,842,843,True,1.0,1.0,842.0,843.0,842.0,843.0,843.0,0.0,32.347814400000004,33.6352896,289.7217603688928,0.5060608983039856,0.5060608983039856,0.0,1.0,0.5394481378762033,0.5392998327167974,0.9997969389693571,0.9797969460487366,0.9997966238703624,0.9999927523790083,0.9999927414279914,0.9999913116518304,0.9999912986769125,-9.804460635553987,-38.44069731801281,,830.7434948755811,False,False,False,,[]
843,843,844,True,1.0,1.0,843.0,844.0,843.0,844.0,844.0,0.0,33.6352896,34.4399616,216.31205747011825,0.5060610175132751,0.5060610175132751,0.0,1.0,0.5392998327167974,0.5391797606665898,0.9997966238703624,0.9797966480255127,0.9997963724672344,0.9999927414279914,0.9999927287434508,0.9999912986769125,0.9999912890712515,-7.938322497812109,-31.122675413803154,,856.5291676813843,False,False,False,,[]
844,844,845,True,1.0,1.0,844.0,845.0,844.0,845.0,845.0,0.0,34.4399616,35.405568,241.4711746192332,0.5060610771179199,0.5060610771179199,0.0,1.0,0.5391797606665898,0.5390477878502192,0.9997963724672344,0.9797964096069336,0.9997960929108917,0.9999927287434508,0.9999927148455132,0.9999912890712515,0.999991282341138,-8.724520403982172,-34.20735400325725,,847.0581446704515,False,False,False,,[]
845,845,846,True,1.0,1.0,845.0,846.0,845.0,846.0,846.0,0.0,35.405568,36.37117440000001,242.03056753564516,0.5060611963272095,0.5060611963272095,0.0,1.0,0.5390477878502192,0.538915683218336,0.9997960929108917,0.9797961115837097,0.9997958130392385,0.9999927148455132,0.9999927030649648,0.999991282341138,0.9999912754089181,-8.732922493819116,-34.24152058413245,,848.3170401912643,False,False,False,,[]
846,846,847,True,1.0,1.0,846.0,847.0,846.0,847.0,847.0,0.0,36.37117440000001,37.3367808,242.60542753730158,0.5060612559318542,0.5060612559318542,0.0,1.0,0.538915683218336,0.5387821107619433,0.9997958130392385,0.9797958135604858,0.9997955296512784,0.9999927030649648,0.9999926926784596,0.9999912754089181,0.9999912682732738,-8.829609647434536,-34.621980697001085,,847.8647445282703,False,False,False,,[]
847,847,848,True,1.0,1.0,847.0,848.0,847.0,848.0,848.0,0.0,37.3367808,38.624256,292.6052976642076,0.506061315536499,0.506061315536499,0.0,1.0,0.5387821107619433,0.5386190570187311,0.9997955296512784,0.9797955751419067,0.9997951853147551,0.9999926926784596,0.999992682078629,0.9999912682732738,0.9999912594039332,-10.777056887487499,-42.26353024058709,,821.7220132243302,False,False,False,,[]
848,848,849,True,1.0,1.0,848.0,849.0,848.0,849.0,849.0,0.0,38.624256,40.2336,342.8260033971299,0.5060614347457886,0.5060614347457886,0.0,1.0,0.5386190570187311,0.5384244012651856,0.9997951853147551,0.9797952175140381,0.999794779879813,0.999992682078629,0.9999926722517953,0.9999912594039332,0.999991248616034,-12.863921825793499,-50.454771319001495,,796.2962790591497,False,False,False,,[]
849,849,850,True,1.0,1.0,849.0,850.0,849.0,850.0,850.0,0.0,40.2336,41.842944,343.8786244764008,0.5060615539550781,0.5060615539550781,0.0,1.0,0.5384244012651856,0.5382212610293055,0.999794779879813,0.9797948002815247,0.9997943584191604,0.9999926722517953,0.9999926622860476,0.999991248616034,0.9999912371109267,-13.42347813308579,-52.65394914015672,,789.4172889937036,False,False,False,,[]
850,850,851,True,1.0,1.0,850.0,851.0,850.0,851.0,851.0,0.0,41.842944,42.80855040000001,246.1551236013543,0.5060616731643677,0.5060616731643677,0.0,1.0,0.5382212610293055,0.5380619917091405,0.9997943584191604,0.9797943830490112,0.9997940215424014,0.9999926622860476,0.9999926517046566,0.9999912371109267,0.9999912235551036,-10.525310691448366,-41.28260778675818,,821.6290831318996,False,False,False,,[]
851,851,852,True,1.0,1.0,851.0,852.0,851.0,852.0,852.0,0.0,42.80855040000001,42.80855040000001,98.60446838465535,0.5060617923736572,0.5060617923736572,0.0,1.0,0.5380619917091405,0.5379894364038578,0.9997940215424014,0.9797940254211426,0.9997938765283323,0.9999926517046566,0.9999926449170345,0.9999912235551036,0.9999912146071006,-4.7959343537176995,-18.80633512927848,,906.7890356619645,False,False,False,,[]
852,852,853,True,1.0,1.0,852.0,853.0,852.0,853.0,853.0,0.0,42.80855040000001,43.130419200000006,148.01401142465568,0.506061851978302,0.506061851978302,0.0,1.0,0.5379894364038578,0.5378847680143172,0.9997938765283323,0.979793906211853,0.9997936606545249,0.9999926449170345,0.9999926360994772,0.9999912146071006,0.999991202915101,-6.91791148566788,-27.130046568910963,,872.0179937978359,False,False,False,,[]
853,853,854,True,1.0,1.0,853.0,854.0,853.0,854.0,854.0,0.0,43.130419200000006,43.452288,148.24343985580984,0.5060619115829468,0.5060619115829468,0.0,1.0,0.5378847680143172,0.5377792261590415,0.9997936606545249,0.9797936677932739,0.9997934427931546,0.9999926360994772,0.9999926272466798,0.999991202915101,0.9999911911256508,-6.97551549995761,-27.35644888745018,,871.1027213591966,False,False,False,,[]
854,854,855,True,1.0,1.0,854.0,855.0,854.0,855.0,855.0,0.0,43.452288,43.7741568,148.47458685199234,0.5060619711875916,0.5060619711875916,0.0,1.0,0.5377792261590415,0.5376728450620192,0.9997934427931546,0.9797934889793396,0.9997932230190455,0.9999926272466798,0.9999926183591809,0.9999911911256508,0.9999911792656516,-7.030856380597848,-27.573980348197697,,870.2417311299799,False,False,False,,[]
855,855,856,True,1.0,1.0,855.0,856.0,855.0,856.0,856.0,0.0,43.7741568,44.739763200000006,247.52653849320384,0.5060620307922363,0.5060620307922363,0.0,1.0,0.5376728450620192,0.5375067849748701,0.9997932230190455,0.9797932505607605,0.9997928727777311,0.9999926183591809,0.9999926078047053,0.9999911792656516,0.9999911656290349,-10.972881225580263,-43.04277458902928,,816.1431077260288,False,False,False,,[]
856,856,857,True,1.0,1.0,856.0,857.0,856.0,857.0,857.0,0.0,44.739763200000006,45.222566400000005,174.12113200699676,0.5060621500015259,0.5060621500015259,0.0,1.0,0.5375067849748701,0.5373812710978075,0.9997928727777311,0.9797928929328918,0.999792608577928,0.9999926078047053,0.9999925980543805,0.9999911656290349,0.9999911526256672,-8.294399332345398,-32.53319693463423,,851.2902005492149,False,False,False,,[]
857,857,858,True,1.0,1.0,857.0,858.0,857.0,858.0,858.0,0.0,45.222566400000005,46.349107200000006,273.30047228086084,0.5060622096061707,0.5060622096061707,0.0,1.0,0.5373812710978075,0.53719636161013,0.999792608577928,0.9797926545143127,0.9997922217532375,0.9999925980543805,0.9999925875776929,0.9999911526256672,0.9999911396696446,-12.2169122269785,-47.92853920604092,,801.9087565760536,False,False,False,,[]
858,858,859,True,1.0,1.0,858.0,859.0,858.0,859.0,859.0,0.0,46.349107200000006,46.5100416,125.92747372386724,0.5060623288154602,0.5060623288154602,0.0,1.0,0.53719636161013,0.5370987012853503,0.9997922217532375,0.9797922372817993,0.9997920217094108,0.9999925875776929,0.9999925789843492,0.9999911396696446,0.9999911284043169,-6.453856338830573,-25.313556182870727,,879.1028110926674,False,False,False,,[]
859,859,860,True,1.0,1.0,859.0,860.0,859.0,860.0,860.0,0.0,46.5100416,46.670976,126.05142522646696,0.506062388420105,0.506062388420105,0.0,1.0,0.5370987012853503,0.5370006903056425,0.9997920217094108,0.979792058467865,0.9997918208784354,0.9999925789843492,0.9999925703660603,0.9999911284043169,0.9999911171358322,-6.476968346928623,-25.404445940265056,,878.7494088243927,False,False,False,,[]
860,860,861,True,1.0,1.0,860.0,861.0,860.0,861.0,861.0,0.0,46.670976,46.831910400000005,126.17580637032451,0.5060624480247498,0.5060624480247498,0.0,1.0,0.5370006903056425,0.536902705114276,0.9997918208784354,0.9797918200492859,0.9997916201053672,0.9999925703660603,0.9999925617228668,0.9999911171358322,0.9999911061388461,-6.475211252243711,-25.39776160220193,,878.9642667835415,False,False,False,,[]
861,861,862,True,1.0,1.0,861.0,862.0,861.0,862.0,862.0,0.0,46.831910400000005,46.670976,76.89107411543662,0.5060625076293945,0.5060625076293945,0.0,1.0,0.536902705114276,0.5368403483162515,0.9997916201053672,0.9797916412353516,0.9997914967119839,0.9999925617228668,0.9999925556769493,0.9999911061388461,0.9999910984280268,-4.121189422463938,-16.16288204795252,,918.7352293435239,False,False,False,,[]
862,862,863,True,1.0,1.0,862.0,863.0,862.0,863.0,863.0,0.0,46.670976,45.222566400000005,-120.8719088296752,0.5060625672340393,0.5060625672340393,0.0,1.0,0.5368403483162515,0.5368956763985213,0.9997914967119839,0.979791522026062,0.9997913879774519,0.9999925556769493,0.9999925473690254,0.9999910984280268,0.9999910875397052,3.6580422832803072,14.341038924334088,,1025.9129016030843,False,False,False,,[]
863,863,864,True,1.0,1.0,863.0,864.0,863.0,864.0,864.0,0.0,45.222566400000005,44.25696000000001,-47.86155747913887,0.5060625672340393,0.5060625672340393,0.0,1.0,0.5368956763985213,0.5369155779458664,0.9997913879774519,0.9797914028167725,0.9997913501978366,0.9999925473690254,0.9999925434274967,0.9999910875397052,0.9999910824128752,1.315736067490236,5.158481071840661,,1007.1053568764487,False,False,False,,[]
864,864,865,True,1.0,1.0,864.0,865.0,864.0,865.0,865.0,0.0,44.25696000000001,43.452288,-23.87342757555632,0.5060626268386841,0.5060626268386841,0.0,1.0,0.5369155779458664,0.5369251800702745,0.9997913501978366,0.9797913432121277,0.9997913321526141,0.9999925434274967,0.9999925413629333,0.9999910824128752,0.9999910799061973,0.6348265660756269,2.4888706465731048,,1003.236803977522,False,False,False,,[]
865,865,866,True,1.0,1.0,865.0,866.0,865.0,866.0,866.0,0.0,43.452288,41.521075200000006,-197.39221442800704,0.5060626268386841,0.5060626268386841,0.0,1.0,0.5369251800702745,0.5370136403996203,0.9997913321526141,0.9797913432121277,0.9997911525772044,0.9999925413629333,0.9999925313186891,0.9999910799061973,0.9999910667103655,5.8500771258728586,22.928917366447234,,1049.6072874838453,False,False,False,,[]
866,866,867,True,1.0,1.0,866.0,867.0,866.0,867.0,867.0,0.0,41.521075200000006,40.2336,-99.9342318496917,0.5060626268386841,0.5060626268386841,0.0,1.0,0.5370136403996203,0.5370499238639391,0.9997911525772044,0.9797911643981934,0.9997910825866564,0.9999925313186891,0.9999925247143253,0.9999910667103655,0.9999910537680309,2.3992850501721112,9.404673951449226,,1009.8334664895494,False,False,False,,[]
867,867,868,True,1.0,1.0,867.0,868.0,867.0,868.0,868.0,0.0,40.2336,39.428928,-26.692948323600323,0.5060626864433289,0.5060626864433289,0.0,1.0,0.5370499238639391,0.5370590727122299,0.9997910825866564,0.9797911047935486,0.9997910654008956,0.9999925247143253,0.9999925226341128,0.9999910537680309,0.9999910504522938,0.6049552428964233,2.371381476962142,,1002.0384694264803,False,False,False,,[]
868,868,869,True,1.0,1.0,868.0,869.0,868.0,869.0,869.0,0.0,39.428928,39.911731200000006,170.41354278105558,0.5060626864433289,0.5060626864433289,0.0,1.0,0.5370590727122299,0.5369561172893457,0.9997910654008956,0.9797911047935486,0.9997908534155343,0.9999925226341128,0.9999925133727362,0.9999910504522938,0.9999910450569767,-6.805622575103546,-26.686045611590487,,878.1091024003566,False,False,False,,[]
869,869,870,True,1.0,1.0,869.0,870.0,869.0,870.0,870.0,0.0,39.911731200000006,40.394534400000005,170.7312624904913,0.5060627460479736,0.5060627460479736,0.0,1.0,0.5369561172893457,0.5368518292136124,0.9997908534155343,0.9797908663749695,0.9997906384061157,0.9999925133727362,0.9999925040624471,0.9999910450569767,0.9999910395858157,-6.89355912558457,-27.031469230068648,,876.7542456660472,False,False,False,,[]
870,870,871,True,1.0,1.0,870.0,871.0,870.0,871.0,871.0,0.0,40.394534400000005,41.038272000000006,195.75762049123935,0.5060628056526184,0.5060628056526184,0.0,1.0,0.5368518292136124,0.5367184468486021,0.9997906384061157,0.9797906279563904,0.9997903554740734,0.9999925040624471,0.999992494101117,0.9999910395858157,0.9999910223042427,-8.815753648216681,-34.57270901066984,,841.1005660245152,False,False,False,,[]
871,871,872,True,1.0,1.0,871.0,872.0,871.0,872.0,872.0,0.0,41.038272000000006,41.3601408,146.7828744031669,0.5060628652572632,0.5060628652572632,0.0,1.0,0.5367184468486021,0.536610366383872,0.9997903554740734,0.9797903895378113,0.9997901318177125,0.999992494101117,0.9999924854957349,0.9999910223042427,0.9999910059478324,-7.143804939350145,-28.014456458046492,,865.4952124359403,False,False,False,,[]
872,872,873,True,1.0,1.0,872.0,873.0,872.0,873.0,873.0,0.0,41.3601408,42.1648128,221.1171652866705,0.5060629844665527,0.5060629844665527,0.0,1.0,0.536610366383872,0.5364650607115362,0.9997901318177125,0.9797901511192322,0.999789822718645,0.9999924854957349,0.9999924751163948,0.9999910059478324,0.9999909915390931,-9.602975961686624,-37.66323026944234,,832.636930681639,False,False,False,,[]
873,873,874,True,1.0,1.0,873.0,874.0,873.0,874.0,874.0,0.0,42.1648128,43.2913536,271.08416785742696,0.5060630440711975,0.5060630440711975,0.0,1.0,0.5364650607115362,0.5362914035313455,0.999789822718645,0.9797898530960083,0.9997894576407453,0.9999924751163948,0.9999924645405669,0.9999909915390931,0.999990978196009,-11.47525244487693,-45.01194110543892,,810.3176894918195,False,False,False,,[]
874,874,875,True,1.0,1.0,874.0,875.0,874.0,875.0,875.0,0.0,43.2913536,44.25696000000001,247.1778846132743,0.5060631632804871,0.5060631632804871,0.0,1.0,0.5362914035313455,0.5361270619113817,0.9997894576407453,0.9797894954681396,0.9997891107723764,0.9999924645405669,0.9999924539597231,0.999990978196009,0.9999909646112178,-10.859501875725572,-42.59734789460738,,817.5317447242738,False,False,False,,[]
875,875,876,True,1.0,1.0,875.0,876.0,875.0,876.0,876.0,0.0,44.25696000000001,44.739763200000006,173.76474458444403,0.5060632824897766,0.5060632824897766,0.0,1.0,0.5361270619113817,0.5360029301201737,0.9997891107723764,0.979789137840271,0.9997888498348272,0.9999924539597231,0.9999924442528423,0.9999909646112178,0.9999909516883887,-8.203189824227177,-32.17496028108899,,852.6201291904315,False,False,False,,[]
876,876,877,True,1.0,1.0,876.0,877.0,876.0,877.0,877.0,0.0,44.739763200000006,45.7053696,248.23544656699585,0.5060633420944214,0.5060633420944214,0.0,1.0,0.5360029301201737,0.5358333634874408,0.9997888498348272,0.9797888398170471,0.9997884927302614,0.9999924442528423,0.9999924335776863,0.9999909516883887,0.9999909381054747,-11.203876989391775,-43.951671204381675,,813.3154976719376,False,False,False,,[]
877,877,878,True,1.0,1.0,877.0,878.0,877.0,878.0,878.0,0.0,45.7053696,46.670976,248.95982172603715,0.5060634613037109,0.5060634613037109,0.0,1.0,0.5358333634874408,0.5356626045686993,0.9997884927302614,0.9797884821891785,0.9997881332979989,0.9999924335776863,0.9999924229109499,0.9999909381054747,0.9999909266089928,-11.282147631061452,-44.26071173780645,,813.7587972638376,False,False,False,,[]
878,878,879,True,1.0,1.0,878.0,879.0,878.0,879.0,879.0,0.0,46.670976,46.9928448,150.8805778903242,0.5060635805130005,0.5060635805130005,0.0,1.0,0.5356626045686993,0.5355481467255588,0.9997881332979989,0.9797881245613098,0.999787894962311,0.9999924229109499,0.9999924134013559,0.9999909266089928,0.9999909147114205,-7.563334908333863,-29.66747294202092,,862.2930292480588,False,False,False,,[]
879,879,880,True,1.0,1.0,879.0,880.0,879.0,880.0,880.0,0.0,46.9928448,46.831910400000005,77.01631454180786,0.5060636401176453,0.5060636401176453,0.0,1.0,0.5355481467255588,0.5354858073261365,0.999787894962311,0.9797878861427307,0.9997877716054562,0.9999924134013559,0.9999924073272106,0.9999909147114205,0.999990907184844,-4.119980010798801,-16.158372330282543,,918.8847108077317,False,False,False,,[]
880,880,881,True,1.0,1.0,880.0,881.0,880.0,881.0,881.0,0.0,46.831910400000005,46.670976,76.89107411543662,0.50606369972229,0.50606369972229,0.0,1.0,0.5354858073261365,0.5354234501103907,0.9997877716054562,0.9797877669334412,0.9997876482111958,0.9999924073272106,0.9999924012812825,0.999990907184844,0.9999908994740394,-4.121189228004035,-16.162990321316418,,918.7348061914048,False,False,False,,[]
881,881,882,True,1.0,1.0,881.0,882.0,881.0,882.0,882.0,0.0,46.670976,46.5100416,76.76626333032418,0.50606369972229,0.50606369972229,0.0,1.0,0.5354234501103907,0.535360969715919,0.9997876482111958,0.9797876477241516,0.9997875245582863,0.9999924012812825,0.9999923952635041,0.9999908994740394,0.9999908915155125,-4.129359610589561,-16.194918247086598,,918.4237721978011,False,False,False,,[]
882,882,883,True,1.0,1.0,882.0,883.0,882.0,883.0,883.0,0.0,46.5100416,45.866304,2.527567626466619,0.5060637593269348,0.5060637593269348,0.0,1.0,0.535360969715919,0.5353590610955071,0.9997875245582863,0.9797875285148621,0.9997875209983204,0.9999923952635041,0.9999923951816827,0.9999908915155125,0.9999908912392329,-0.12616664433795982,-0.4947144107393709,,997.3841426521648,False,False,False,,[]
883,883,884,True,1.0,1.0,883.0,884.0,883.0,884.0,884.0,0.0,45.866304,45.222566400000005,2.034339463610742,0.5060637593269348,0.5060637593269348,0.0,1.0,0.5353590610955071,0.5353575422155087,0.9997875209983204,0.9797875285148621,0.9997875181663797,0.9999923951816827,0.9999923951167456,0.9999908912392329,0.9999908910173999,-0.10040687639853503,-0.3936936956086635,,997.9155100557746,False,False,False,,[]
884,884,885,True,1.0,1.0,884.0,885.0,884.0,885.0,885.0,0.0,45.222566400000005,45.061632,75.6623001208605,0.5060637593269348,0.5060637593269348,0.0,1.0,0.5353575422155087,0.5352977125031658,0.9997875181663797,0.9797875285148621,0.9997874000659894,0.9999923951167456,0.9999923893296905,0.9999908910173999,0.9999908833511083,-3.954497224065958,-15.507861439259834,,921.5799102552727,False,False,False,,[]
885,885,886,True,1.0,1.0,885.0,886.0,885.0,886.0,886.0,0.0,45.061632,45.061632,100.24655726831618,0.5060637593269348,0.5060637593269348,0.0,1.0,0.5352977125031658,0.5352203204909692,0.9997874000659894,0.9797874093055725,0.9997872446513201,0.9999923893296905,0.9999923821433319,0.9999908833511083,0.9999908738709998,-5.115042681767784,-20.060009561360044,,901.2257105814334,False,False,False,,[]
886,886,887,True,1.0,1.0,886.0,887.0,886.0,887.0,887.0,0.0,45.061632,44.41789440000001,1.427471188317464,0.5060638189315796,0.5060638189315796,0.0,1.0,0.5352203204909692,0.5352192735824501,0.9997872446513201,0.979787290096283,0.9997872427002678,0.9999923821433319,0.9999923820985713,0.9999908738709998,0.9999908737180925,-0.06920950417706126,-0.2713586881402681,,998.5623880703598,False,False,False,,[]
887,887,888,True,1.0,1.0,887.0,888.0,887.0,888.0,888.0,0.0,44.41789440000001,43.7741568,0.949710110703116,0.5060638189315796,0.5060638189315796,0.0,1.0,0.5352192735824501,0.5352185801897069,0.9997872427002678,0.979787290096283,0.9997872414084856,0.9999923820985713,0.9999923820633501,0.9999908737180925,0.9999908736178256,-0.04584063003438481,-0.17972739903191196,,999.0428578667335,False,False,False,,[]
888,888,889,True,1.0,1.0,888.0,889.0,888.0,889.0,889.0,0.0,43.7741568,42.80855040000001,-48.93071974679618,0.5060638189315796,0.5060638189315796,0.0,1.0,0.5352185801897069,0.5352382777992589,0.9997872414084856,0.979787290096283,0.9997872040234699,0.9999923820633501,0.9999923781766108,0.9999908736178256,0.9999908685461661,1.3023454649394413,5.105620395873471,,1007.0500647412081,False,False,False,,[]
889,889,890,True,1.0,1.0,889.0,890.0,889.0,890.0,890.0,0.0,42.80855040000001,43.452288,197.42355446465507,0.5060638189315796,0.5060638189315796,0.0,1.0,0.5352382777992589,0.5351035921015734,0.9997872040234699,0.9797872304916382,0.9997869179622869,0.9999923781766108,0.9999923680562015,0.9999908685461661,0.9999908552895798,-8.901060002169244,-34.9105328400913,,842.6951059797684,False,False,False,,[]
890,890,891,True,1.0,1.0,890.0,891.0,890.0,891.0,891.0,0.0,43.452288,44.25696000000001,222.58890141199333,0.5060639381408691,0.5060639381408691,0.0,1.0,0.5351035921015734,0.5349526075611045,0.9997869179622869,0.9797869324684143,0.9997865975188666,0.9999923680562015,0.9999923575915055,0.9999908552895798,0.9999908416870481,-9.97740988823526,-39.135192889537784,,828.4344482460557,False,False,False,,[]
891,891,892,True,1.0,1.0,891.0,892.0,891.0,892.0,892.0,0.0,44.25696000000001,44.739763200000006,173.76474458444403,0.5060639977455139,0.5060639977455139,0.0,1.0,0.5349526075611045,0.5348284777696393,0.9997865975188666,0.9797866344451904,0.9997863365860314,0.9999923575915055,0.9999923478846185,0.9999908416870481,0.9999908287642262,-8.20318988269562,-32.17444194778211,,852.621926434467,False,False,False,,[]
892,892,893,True,1.0,1.0,892.0,893.0,892.0,893.0,893.0,0.0,44.739763200000006,45.061632,149.41636048699615,0.5060641169548035,0.5060641169548035,0.0,1.0,0.5348284777696393,0.5347186635721406,0.9997863365860314,0.9797863364219666,0.9997861089562244,0.9999923478846185,0.999992338806378,0.9999908287642262,0.9999908166422457,-7.257297602956001,-28.463839991660176,,866.7183120226904,False,False,False,,[]
893,893,894,True,1.0,1.0,893.0,894.0,893.0,894.0,894.0,0.0,45.061632,44.739763200000006,50.83701422831682,0.5060641765594482,0.5060641765594482,0.0,1.0,0.5347186635721406,0.5346776530436657,0.9997861089562244,0.9797861576080322,0.9997860294805292,0.999992338806378,0.9999923346419041,0.9999908166422457,0.9999908111825916,-2.7108096831034416,-10.629928980710057,,944.659730247465,False,False,False,,[]
894,894,895,True,1.0,1.0,894.0,895.0,894.0,895.0,895.0,0.0,44.739763200000006,45.061632,149.41636048699615,0.5060641765594482,0.5060641765594482,0.0,1.0,0.5346776530436657,0.5345678386602506,0.9997860294805292,0.9797860383987427,0.9997858018502954,0.9999923346419041,0.9999923255636629,0.9999908111825916,0.9999907990606118,-7.25729759203013,-28.463888181195692,,866.718140470043,False,False,False,,[]
895,895,896,True,1.0,1.0,895.0,896.0,895.0,896.0,896.0,0.0,45.061632,45.061632,100.24655726831618,0.506064236164093,0.506064236164093,0.0,1.0,0.5345678386602506,0.5344904466530962,0.9997858018502954,0.9797857999801636,0.9997856464356369,0.9999923255636629,0.9999923183772993,0.9999907990606118,0.9999907895805099,-5.115042635970439,-20.06000825441524,,901.2257168228602,False,False,False,,[]
896,896,897,True,1.0,1.0,896.0,897.0,896.0,897.0,897.0,0.0,45.061632,45.061632,100.24655726831618,0.5060642957687378,0.5060642957687378,0.0,1.0,0.5344904466530962,0.5344130545313005,0.9997856464356369,0.979785680770874,0.9997854910207308,0.9999923183772993,0.999992311190935,0.9999907895805099,0.9999907801004089,-5.115042630245718,-20.06003796945456,,901.2256037730301,False,False,False,,[]
897,897,898,True,1.0,1.0,897.0,898.0,897.0,898.0,898.0,0.0,45.061632,44.578828800000004,26.132242708316166,0.5060643553733826,0.5060643553733826,0.0,1.0,0.5344130545313005,0.5343917305104634,0.9997854910207308,0.9797855019569397,0.9997854504844282,0.999992311190935,0.9999923088957396,0.9999907801004089,0.9999907772961532,-1.4096058583919326,-5.527186200988544,,970.4242800639635,False,False,False,,[]
898,898,899,True,1.0,1.0,898.0,899.0,898.0,899.0,899.0,0.0,44.578828800000004,44.0960256,25.77327743822136,0.5060643553733826,0.5060643553733826,0.0,1.0,0.5343917305104634,0.5343709224247818,0.9997854504844282,0.9797854423522949,0.999785410948862,0.9999923088957396,0.9999923066542119,0.9999907772961532,0.9999907745602106,-1.3755341419447917,-5.393455808675093,,971.1197600750622,False,False,False,,[]
899,899,900,True,1.0,1.0,899.0,900.0,899.0,900.0,900.0,0.0,44.0960256,43.2913536,-23.991364100559252,0.5060643553733826,0.5060643553733826,0.0,1.0,0.5343709224247818,0.534380537141755,0.999785410948862,0.9797854423522949,0.9997853928797517,0.9999923066542119,0.999992304587733,0.9999907745602106,0.9999907720504025,0.6356633147096588,2.492134639462693,,1003.2419956068813,False,False,False,,[]
900,900,901,True,1.0,1.0,900.0,901.0,900.0,901.0,901.0,0.0,43.2913536,42.80855040000001,24.834940933274268,0.5060644149780273,0.5060644149780273,0.0,1.0,0.534380537141755,0.5343610602497924,0.9997853928797517,0.9797853827476501,0.999785355921627,0.999992304587733,0.9999923024850439,0.9999907720504025,0.9999907694906228,-1.287619828442118,-5.048410396729115,,972.9186410343051,False,False,False,,[]
901,901,902,True,1.0,1.0,901.0,902.0,901.0,902.0,902.0,0.0,42.80855040000001,42.647616,73.8996968646547,0.5060644149780273,0.5060644149780273,0.0,1.0,0.5343610602497924,0.5343055179022677,0.999785355921627,0.9797853827476501,0.9997852467431239,0.9999923024850439,0.9999922970373825,0.9999907694906228,0.9999907623527262,-3.6715731579006907,-14.396576478402825,,926.744759944591,False,False,False,,[]
902,902,903,True,1.0,1.0,902.0,903.0,902.0,903.0,903.0,0.0,42.647616,42.647616,98.49039863096306,0.5060644149780273,0.5060644149780273,0.0,1.0,0.5343055179022677,0.5342332841708656,0.9997852467431239,0.9797852635383606,0.9997851024171847,0.9999922970373825,0.999992290280673,0.9999907623527262,0.9999907534274389,-4.774714639120886,-18.722983179417856,,907.1542814748253,False,False,False,,[]
903,903,904,True,1.0,1.0,903.0,904.0,903.0,904.0,904.0,0.0,42.647616,42.647616,98.49039863096306,0.5060644745826721,0.5060644745826721,0.0,1.0,0.5342332841708656,0.5341610502811421,0.9997851024171847,0.979785144329071,0.9997849580909067,0.999992290280673,0.9999922835239631,0.9999907534274389,0.9999907445021524,-4.774714627385377,-18.723024216309305,,907.1541234953702,False,False,False,,[]
904,904,905,True,1.0,1.0,904.0,905.0,904.0,905.0,905.0,0.0,42.647616,42.3257472,49.08085559096273,0.5060645341873169,0.5060645341873169,0.0,1.0,0.5341610502811421,0.5341235470038418,0.9997849580909067,0.9797849655151367,0.9997848856609687,0.9999922835239631,0.9999922796994722,0.9999907445021524,0.9999907395094967,-2.4792608921711436,-9.720849476250791,,949.1597593699996,False,False,False,,[]
905,905,906,True,1.0,1.0,905.0,906.0,905.0,906.0,906.0,0.0,42.3257472,42.1648128,73.55877652734932,0.5060645341873169,0.5060645341873169,0.0,1.0,0.5341235470038418,0.5340688304155242,0.9997848856609687,0.9797849059104919,0.9997847781924938,0.9999922796994722,0.999992274317451,0.9999907395094967,0.9999907324707502,-3.6170465645161913,-14.18253969191138,,927.7434409948149,False,False,False,,[]
906,906,907,True,1.0,1.0,906.0,907.0,906.0,907.0,907.0,0.0,42.1648128,42.1648128,98.15076721742726,0.5060645341873169,0.5060645341873169,0.0,1.0,0.5340688304155242,0.5339976332710359,0.9997847781924938,0.9797847867012024,0.9997846360818792,0.999992274317451,0.9999922676532175,0.9999907324707502,0.9999907236651365,-4.706275544533957,-18.45429985138022,,908.3658241315089,False,False,False,,[]
907,907,908,True,1.0,1.0,907.0,908.0,907.0,908.0,908.0,0.0,42.1648128,41.6820096,24.036452657427233,0.5060645937919617,0.5060645937919617,0.0,1.0,0.5339976332710359,0.5339789968079297,0.9997846360818792,0.9797846674919128,0.999784600747562,0.9999922676532175,0.9999922656669847,0.9999907236651365,0.9999907210907714,-1.2321093496209217,-4.830571237113924,,973.9654243163682,False,False,False,,[]
908,908,909,True,1.0,1.0,908.0,909.0,908.0,909.0,909.0,0.0,41.6820096,41.19920640000001,23.700688015204005,0.5060645937919617,0.5060645937919617,0.0,1.0,0.5339789968079297,0.5339593386812201,0.999784600747562,0.9797846078872681,0.9997845634389236,0.9999922656669847,0.9999922637292478,0.9999907210907714,0.9999907178401884,-1.2996771515370578,-5.0953864431247196,,972.216662622653,False,False,False,,[]
909,909,910,True,1.0,1.0,909.0,910.0,909.0,910.0,910.0,0.0,41.19920640000001,41.19920640000001,97.48310470429043,0.5060645937919617,0.5060645937919617,0.0,1.0,0.5339593386812201,0.5338825204534176,0.9997845634389236,0.9797846078872681,0.9997844092630641,0.9999922637292478,0.9999922572212332,0.9999907178401884,0.9999907050702966,-5.077944961395421,-19.911284646424622,,899.674004812539,False,False,False,,[]
910,910,911,True,1.0,1.0,910.0,911.0,910.0,911.0,911.0,0.0,41.19920640000001,41.6820096,171.59741926428947,0.5060646533966064,0.5060646533966064,0.0,1.0,0.5338825204534176,0.5337608494500522,0.9997844092630641,0.9797844290733337,0.9997841541133035,0.9999922572212332,0.9999922478214402,0.9999907050702966,0.9999906883972022,-8.041683472100035,-31.537124072295068,,852.3268208467719,False,False,False,,[]
911,911,912,True,1.0,1.0,911.0,912.0,911.0,912.0,912.0,0.0,41.6820096,41.521075200000006,73.11023105520336,0.506064772605896,0.506064772605896,0.0,1.0,0.5337608494500522,0.5337043956286046,0.9997841541133035,0.9797841906547546,0.9997840430441416,0.9999922478214402,0.9999922425417178,0.9999906883972022,0.9999906798390804,-3.7319141065645445,-14.632830519212987,,924.7284181750683,False,False,False,,[]
912,912,913,True,1.0,1.0,912.0,913.0,912.0,913.0,913.0,0.0,41.521075200000006,41.038272000000006,23.589625750308638,0.506064772605896,0.506064772605896,0.0,1.0,0.5337043956286046,0.5336842995345324,0.9997840430441416,0.9797840714454651,0.999784004887952,0.9999922425417178,0.9999922406199587,0.9999906798390804,0.9999906763712716,-1.3286219805186261,-5.208907583499739,,971.5328432284512,False,False,False,,[]
913,913,914,True,1.0,1.0,913.0,914.0,913.0,914.0,914.0,0.0,41.038272000000006,39.58986240000001,-124.96961231683248,0.506064772605896,0.506064772605896,0.0,1.0,0.5336842995345324,0.5337388461539538,0.999784004887952,0.9797840118408203,0.9997838977711243,0.9999922406199587,0.9999922329343491,0.9999906763712716,0.9999906721269537,3.607183747355086,14.138483754034922,,1032.956486149327,False,False,False,,[]
914,914,915,True,1.0,1.0,914.0,915.0,914.0,915.0,915.0,0.0,39.58986240000001,37.819584000000006,-175.34778157039034,0.5060648322105408,0.5060648322105408,0.0,1.0,0.5337388461539538,0.5338135381825732,0.9997838977711243,0.9797838926315308,0.9997837481740774,0.9999922329343491,0.9999922236307283,0.9999906721269537,0.9999906667105701,4.939990996543201,19.360173818118056,,1047.133926871008,False,False,False,,[]
915,915,916,True,1.0,1.0,915.0,916.0,915.0,916.0,916.0,0.0,37.819584000000006,35.7274368,-225.89394055537463,0.5060648918151855,0.5060648918151855,0.0,1.0,0.5338135381825732,0.533906014917862,0.9997837481740774,0.9797837734222412,0.9997835597062612,0.9999922236307283,0.9999922133855177,0.9999906667105701,0.9999906600810089,6.11695967239208,23.96996978688545,,1060.170149648544,False,False,False,,[]
916,916,917,True,1.0,1.0,916.0,917.0,916.0,917.0,917.0,0.0,35.7274368,34.76183040000001,-54.23678926882849,0.5060648918151855,0.5060648918151855,0.0,1.0,0.533906014917862,0.5339234537532561,0.9997835597062612,0.9797835946083069,0.9997835266813341,0.9999922133855177,0.9999922094250335,0.9999906600810089,0.9999906556181436,1.1533134294607363,4.520146134150273,,1005.7458190442916,False,False,False,,[]
917,917,918,True,1.0,1.0,917.0,918.0,917.0,918.0,918.0,0.0,34.76183040000001,34.76183040000001,93.42729123967553,0.5060649514198303,0.5060649514198303,0.0,1.0,0.5339234537532561,0.5338692472706603,0.9997835266813341,0.9797835350036621,0.99978342026787,0.9999922094250335,0.9999922029261072,0.9999906556181436,0.9999906516604897,-3.584245293654606,-14.050320288817836,,929.9692175388956,False,False,False,,[]
918,918,919,True,1.0,1.0,918.0,919.0,918.0,919.0,919.0,0.0,34.76183040000001,34.9227648,118.13206275967421,0.5060649514198303,0.5060649514198303,0.0,1.0,0.5338692472706603,0.5338027601562351,0.99978342026787,0.9797834157943726,0.9997832881686233,0.9999922029261072,0.9999921949099921,0.9999906516604897,0.9999906483756088,-4.396089671458205,-17.233460059013478,,916.5919349078705,False,False,False,,[]
919,919,920,True,1.0,1.0,919.0,920.0,919.0,920.0,920.0,0.0,34.9227648,36.37117440000001,315.8632522517835,0.5060650110244751,0.5060650110244751,0.0,1.0,0.5338027601562351,0.5336298444297314,0.9997832881686233,0.979783296585083,0.9997829245333214,0.9999921949099921,0.9999921785117525,0.9999906483756088,0.9999906393896022,-11.429177932809678,-44.81975630974669,,809.9372805705436,False,False,False,,[]
920,920,921,True,1.0,1.0,920.0,921.0,920.0,921.0,921.0,0.0,36.37117440000001,37.6586496,292.0149705773009,0.5060651302337646,0.5060651302337646,0.0,1.0,0.5336298444297314,0.5334710580408681,0.9997829245333214,0.9797829389572144,0.9997825886106347,0.9999921785117525,0.9999921680415875,0.9999906393896022,0.9999906307632588,-10.495187072103272,-41.15743199336415,,825.4399496941564,False,False,False,,[]
921,921,922,True,1.0,1.0,921.0,922.0,921.0,922.0,922.0,0.0,37.6586496,38.624256,243.39596744989794,0.5060652494430542,0.5060652494430542,0.0,1.0,0.5334710580408681,0.5333327985938076,0.9997825886106347,0.9797825813293457,0.9997822939306794,0.9999921680415875,0.9999921575888517,0.9999906307632588,0.9999906233543301,-9.138610327409038,-35.83684867810957,,843.4625402960806,False,False,False,,[]
922,922,923,True,1.0,1.0,922.0,923.0,922.0,923.0,923.0,0.0,38.624256,38.9461248,145.18783123712961,0.506065309047699,0.506065309047699,0.0,1.0,0.5333327985938076,0.5332461467078321,0.9997822939306794,0.9797822833061218,0.9997821183373534,0.9999921575888517,0.9999921492637409,0.9999906233543301,0.9999906188602491,-5.728207064036598,-22.460168844830722,,895.2307750042045,False,False,False,,[]
923,923,924,True,1.0,1.0,923.0,924.0,923.0,924.0,924.0,0.0,38.9461248,39.2679936,145.39491832292882,0.5060653686523438,0.5060653686523438,0.0,1.0,0.5332461467078321,0.5331586574206116,0.9997821183373534,0.9797821640968323,0.9997819409018026,0.9999921492637409,0.9999921408626308,0.9999906188602491,0.9999906143224101,-5.783480529511929,-22.67722324753843,,894.3169624375275,False,False,False,,[]
924,924,925,True,1.0,1.0,924.0,925.0,924.0,925.0,925.0,0.0,39.2679936,40.0726656,219.71803853375735,0.5060654282569885,0.5060654282569885,0.0,1.0,0.5331586574206116,0.5330283169112218,0.9997819409018026,0.979781985282898,0.9997816652436867,0.9999921408626308,0.9999921306562995,0.9999906143224101,0.9999906073661443,-8.614895356407983,-33.78426003385746,,851.0139147509519,False,False,False,,[]
925,925,926,True,1.0,1.0,925.0,926.0,925.0,926.0,926.0,0.0,40.0726656,40.394534400000005,146.13325682281757,0.5060654878616333,0.5060654878616333,0.0,1.0,0.5330283169112218,0.5329380940966678,0.9997816652436867,0.9797816872596741,0.9997814817743513,0.9999921306562995,0.9999921221358519,0.9999906073661443,0.9999906026738791,-5.963877937277817,-23.385753532375205,,891.4384336991593,False,False,False,,[]
926,926,927,True,1.0,1.0,926.0,927.0,926.0,927.0,927.0,0.0,40.394534400000005,40.5554688,121.64330593123834,0.5060655474662781,0.5060655474662781,0.0,1.0,0.5329380940966678,0.5328570086383166,0.9997814817743513,0.9797815084457397,0.9997813183532888,0.9999921221358519,0.9999921145565898,0.9999906026738791,0.9999905944232556,-5.359973538248079,-21.017350804620786,,898.2648171731149,False,False,False,,[]
927,927,928,True,1.0,1.0,927.0,928.0,927.0,928.0,928.0,0.0,40.5554688,40.7164032,121.75136070733676,0.5060656070709229,0.5060656070709229,0.0,1.0,0.5328570086383166,0.5327697289339243,0.9997813183532888,0.9797813296318054,0.9997811413790778,0.9999921145565898,0.9999921069524922,0.9999905944232556,0.9999905821724341,-5.76927324354825,-22.622899378502883,,889.0216142606245,False,False,False,,[]
928,928,929,True,1.0,1.0,928.0,929.0,928.0,929.0,929.0,0.0,40.7164032,41.038272000000006,146.56461664468975,0.5060656666755676,0.5060656666755676,0.0,1.0,0.5327697289339243,0.5326624021523533,0.9997811413790778,0.9797811508178711,0.999780919446044,0.9999921069524922,0.999992098384746,0.9999905821724341,0.9999905658665402,-7.093883951503269,-27.819101783210858,,866.2555749836349,False,False,False,,[]
929,929,930,True,1.0,1.0,929.0,930.0,929.0,930.0,930.0,0.0,41.038272000000006,40.5554688,23.25901680316559,0.5060657262802124,0.5060657262802124,0.0,1.0,0.5326624021523533,0.5326419005842342,0.999780919446044,0.979780912399292,0.9997808805045426,0.999992098384746,0.9999920965103622,0.9999905658665402,0.9999905621634878,-1.355419581904574,-5.314006456461951,,970.8990915877054,False,False,False,,[]
930,930,931,True,1.0,1.0,930.0,931.0,930.0,931.0,931.0,0.0,40.5554688,40.2336,47.637046147336754,0.5060657262802124,0.5060657262802124,0.0,1.0,0.5326419005842342,0.5326073050431465,0.9997808805045426,0.979780912399292,0.9997808138800905,0.9999920965103622,0.9999920929325388,0.9999905621634878,0.9999905576141535,-2.287157121783105,-8.96716424995981,,952.9389715432442,False,False,False,,[]
931,931,932,True,1.0,1.0,931.0,932.0,931.0,932.0,932.0,0.0,40.2336,40.2336,96.83090927640002,0.5060657262802124,0.5060657262802124,0.0,1.0,0.5326073050431465,0.5325463729913569,0.9997808138800905,0.9797808527946472,0.9997806934739721,0.9999920929325388,0.999992086536447,0.9999905576141535,0.9999905545049633,-4.028016465618137,-15.793587823871517,,923.8063501743004,False,False,False,,[]
932,932,933,True,1.0,1.0,932.0,933.0,932.0,933.0,933.0,0.0,40.2336,40.2336,96.83090927640002,0.5060657858848572,0.5060657858848572,0.0,1.0,0.5325463729913569,0.5324854410063417,0.9997806934739721,0.9797807335853577,0.9997805730679935,0.999992086536447,0.9999920801403546,0.9999905545049633,0.9999905513957735,-4.028016486217758,-15.793570515958136,,923.8064188053456,False,False,False,,[]
933,933,934,True,1.0,1.0,933.0,934.0,933.0,934.0,934.0,0.0,40.2336,39.7507968,22.71659471640001,0.506065845489502,0.506065845489502,0.0,1.0,0.5324854410063417,0.5324674075753187,0.9997805730679935,0.9797806143760681,0.9997805388971759,0.9999920801403546,0.9999920783430943,0.9999905513957735,0.9999905484579291,-1.1922941973823262,-4.674265321127788,,974.4825721760867,False,False,False,,[]
934,934,935,True,1.0,1.0,934.0,935.0,934.0,935.0,935.0,0.0,39.7507968,39.428928,47.10106867942188,0.506065845489502,0.506065845489502,0.0,1.0,0.5324674075753187,0.5324335482054282,0.9997805388971759,0.9797805547714233,0.9997804737373931,0.9999920783430943,0.9999920748628589,0.9999905484579291,0.9999905438591694,-2.2385707431774056,-8.776348675620365,,953.7849753606737,False,False,False,,[]
935,935,936,True,1.0,1.0,935.0,936.0,935.0,936.0,936.0,0.0,39.428928,39.1070592,46.88968518105522,0.506065845489502,0.506065845489502,0.0,1.0,0.5324335482054282,0.532399985368864,0.9997804737373931,0.9797804951667786,0.9997804091670001,0.9999920748628589,0.9999920714244577,0.9999905438591694,0.9999905392433236,-2.2189950751114385,-8.699487237432521,,954.1309895326536,False,False,False,,[]
936,936,937,True,1.0,1.0,936.0,937.0,936.0,937.0,937.0,0.0,39.1070592,39.1070592,96.08956328771431,0.506065845489502,0.506065845489502,0.0,1.0,0.532399985368864,0.5323407273141518,0.9997804091670001,0.9797804355621338,0.9997802922604254,0.9999920714244577,0.999992065165753,0.9999905392433236,0.9999905358987912,-3.917555440863556,-15.35968778140368,,925.452960104996,False,False,False,,[]
937,937,938,True,1.0,1.0,937.0,938.0,937.0,938.0,938.0,0.0,39.1070592,39.428928,145.4991063277137,0.5060659050941467,0.5060659050941467,0.0,1.0,0.5323407273141518,0.5322528177402711,0.9997802922604254,0.9797803163528442,0.9997801138991796,0.999992065165753,0.9999920567265795,0.9999905358987912,0.9999905313390177,-5.811188743460119,-22.786161549881232,,893.8590268408694,False,False,False,,[]
938,938,939,True,1.0,1.0,938.0,939.0,938.0,939.0,939.0,0.0,39.428928,40.2336,219.82308582105495,0.5060659646987915,0.5060659646987915,0.0,1.0,0.5322528177402711,0.5321219760425335,0.9997801138991796,0.9797801375389099,0.9997798370453896,0.9999920567265795,0.999992046542284,0.9999905313390177,0.9999905243512001,-8.64790802647308,-33.91416805358415,,850.5577009653636,False,False,False,,[]
939,939,940,True,1.0,1.0,939.0,940.0,939.0,940.0,940.0,0.0,40.2336,40.2336,96.83090927640002,0.5060660243034363,0.5060660243034363,0.0,1.0,0.5321219760425335,0.5320610442683417,0.9997798370453896,0.979779839515686,0.9997797166398524,0.999992046542284,0.9999920401461893,0.9999905243512001,0.9999905212420117,-4.028016568616204,-15.793515870536758,,923.8066356399106,False,False,False,,[]
940,940,941,True,1.0,1.0,940.0,941.0,940.0,941.0,941.0,0.0,40.2336,39.58986240000001,-1.9881768035986946,0.506066083908081,0.506066083908081,0.0,1.0,0.5320610442683417,0.5320617733174035,0.9997797166398524,0.9797797203063965,0.9997797152815956,0.9999920401461893,0.9999920400905743,0.9999905212420117,0.9999905209360457,0.04820465060299759,0.18896951682413307,,1000.2316960610098,False,False,False,,[]
941,941,942,True,1.0,1.0,941.0,942.0,941.0,942.0,942.0,0.0,39.58986240000001,39.58986240000001,96.40470514960998,0.506066083908081,0.506066083908081,0.0,1.0,0.5320617733174035,0.5320018769897407,0.9997797152815956,0.9797797203063965,0.9997795970420055,0.9999920400905743,0.9999920337692302,0.9999905209360457,0.9999905177718934,-3.959708390021341,-15.525128130202539,,924.8933141728323,False,False,False,,[]
942,942,943,True,1.0,1.0,942.0,943.0,942.0,943.0,943.0,0.0,39.58986240000001,38.785190400000005,-27.119152450390366,0.5060661435127258,0.5060661435127258,0.0,1.0,0.5320018769897407,0.5320110233181891,0.9997795970420055,0.9797796010971069,0.9997795798610205,0.9999920337692302,0.9999920316884894,0.9999905177718934,0.9999905144614228,0.604789814165349,2.370728333812255,,1002.0411764998319,False,False,False,,[]
943,943,944,True,1.0,1.0,943.0,944.0,943.0,944.0,944.0,0.0,38.785190400000005,39.428928,194.70070299940014,0.5060661435127258,0.5060661435127258,0.0,1.0,0.5320110233181891,0.5318959849857441,0.9997795798610205,0.9797796010971069,0.9997793401805095,0.9999920316884894,0.9999920219078767,0.9999905144614228,0.9999905083847382,-7.604054741429036,-29.817935769738913,,865.9030642556086,False,False,False,,[]
944,944,945,True,1.0,1.0,944.0,945.0,944.0,945.0,945.0,0.0,39.428928,40.394534400000005,244.52785734105558,0.5060662031173706,0.5060662031173706,0.0,1.0,0.5318959849857441,0.5317513034648533,0.9997793401805095,0.9797793626785278,0.9997790323321871,0.9999920219078767,0.9999920114361486,0.9999905083847382,0.9999905005958967,-9.562348307236286,-37.5014502148795,,837.7125294370234,False,False,False,,[]
945,945,946,True,1.0,1.0,945.0,946.0,945.0,946.0,946.0,0.0,40.394534400000005,41.19920640000001,220.46239201123998,0.5060662627220154,0.5060662627220154,0.0,1.0,0.5317513034648533,0.5316039822058948,0.9997790323321871,0.979779064655304,0.9997787191993335,0.9999920114361486,0.9999920010497954,0.9999905005958967,0.9999904824818773,-9.736377108097775,-38.18567032204379,,828.4078158673085,False,False,False,,[]
946,946,947,True,1.0,1.0,946.0,947.0,946.0,947.0,947.0,0.0,41.19920640000001,40.394534400000005,-26.040752895709915,0.5060663819313049,0.5060663819313049,0.0,1.0,0.5316039822058948,0.5316124773027838,0.9997787191993335,0.9797787666320801,0.999778703251822,0.9999920010497954,0.9999919989674065,0.9999904824818773,0.9999904783642527,0.5616910612276774,2.2019291136548564,,1000.7008231643563,False,False,False,,[]
947,947,948,True,1.0,1.0,947.0,948.0,947.0,948.0,948.0,0.0,40.394534400000005,38.624256,-174.8139523087607,0.5060663819313049,0.5060663819313049,0.0,1.0,0.5316124773027838,0.5316886202666242,0.999778703251822,0.9797787070274353,0.9997785505321503,0.9999919989674065,0.9999919896360576,0.9999904783642527,0.9999904728521122,5.035783815722314,19.73625622742618,,1048.2482540865117,False,False,False,,[]
948,948,949,True,1.0,1.0,948.0,949.0,948.0,949.0,949.0,0.0,38.624256,35.405568,-398.3171422028702,0.5060664415359497,0.5060664415359497,0.0,1.0,0.5316886202666242,0.5318598154433886,0.9997785505321503,0.9797785878181458,0.9997781902489377,0.9999919896360576,0.9999919790591288,0.9999904728521122,0.9999904610855532,11.326256183827729,44.373789817328664,,1127.1712573125142,False,False,False,,[]
949,949,950,True,1.0,1.0,949.0,950.0,949.0,950.0,950.0,0.0,35.405568,32.347814400000004,-375.5887204643556,0.5060665607452393,0.5060665607452393,0.0,1.0,0.5318598154433886,0.5320003781057312,0.9997781902489377,0.9797782301902771,0.9997778906736838,0.9999919790591288,0.9999919680497396,0.9999904610855532,0.9999904441499181,9.299662781178096,36.433842079200154,,1090.1084905231774,False,False,False,,[]
950,950,951,True,1.0,1.0,950.0,951.0,950.0,951.0,951.0,0.0,32.347814400000004,27.1979136,-698.469100431107,0.506066620349884,0.506066620349884,0.0,1.0,0.5320003781057312,0.5322384866887433,0.9997778906736838,0.9797779321670532,0.9997774049647165,0.9999919680497396,0.9999919496351682,0.9999904441499181,0.999990427553613,15.759515192826985,61.7177447167335,,1182.7696154709013,False,False,False,,[]
951,951,952,True,1.0,1.0,951.0,952.0,951.0,952.0,952.0,0.0,27.1979136,21.8870784,-725.7173481916278,0.5060667991638184,0.5060667991638184,0.0,1.0,0.5322384866887433,0.5324399861982434,0.9997774049647165,0.9797773957252502,0.999776986590209,0.9999919496351682,0.9999919368340001,0.999990427553613,0.9999904068275283,13.336621841353415,52.2286728624289,,1144.3412630906776,False,False,False,,[]
952,952,953,True,1.0,1.0,952.0,953.0,952.0,953.0,953.0,0.0,21.8870784,16.576243200000004,-727.8795178166989,0.5060669183731079,0.5060669183731079,0.0,1.0,0.5324399861982434,0.5326026790424379,0.999776986590209,0.9797769784927368,0.9997766429637996,0.9999919368340001,0.9999919270230139,0.9999904068275283,0.999990395655819,10.767947684552544,42.169985215203326,,1120.256772628477,False,False,False,,[]
953,953,954,True,1.0,1.0,953.0,954.0,953.0,954.0,954.0,0.0,16.576243200000004,11.265408,-729.573808113067,0.5060669779777527,0.5060669779777527,0.0,1.0,0.5326026790424379,0.5326902122013384,0.9997766429637996,0.9797766804695129,0.9997764654316542,0.9999919270230139,0.9999919142696428,0.999990395655819,0.9999903559390794,5.792572774129282,22.688594787027686,,1017.6147419092447,False,False,False,,[]
954,954,955,True,1.0,1.0,954.0,955.0,954.0,955.0,955.0,0.0,11.265408,5.954572800000001,-730.8002190807301,0.5060670375823975,0.5060670375823975,0.0,1.0,0.5326902122013384,0.5327382861846782,0.9997764654316542,0.9797765016555786,0.9997763716214607,0.9999919142696428,0.9999918997636218,0.9999903559390794,0.9999903313331004,3.18109928159318,12.460776481681764,,999.5811395351379,False,False,False,,[]
955,955,956,True,1.0,1.0,955.0,956.0,955.0,956.0,956.0,0.0,5.954572800000001,0.6437376000000001,-731.5587507196897,0.5060670971870422,0.5060670971870422,0.0,1.0,0.5327382861846782,0.5327541862507179,0.9997763716214607,0.9797763824462891,0.9997763415558825,0.9999918997636218,0.9999918914749572,0.9999903313331004,0.9999903218948561,1.052049732338981,4.121297117496998,,995.1898486629747,False,False,False,,[]
956,956,957,True,1.0,1.0,956.0,957.0,956.0,957.0,957.0,0.0,0.6437376000000001,0.0,-15.411028949945251,0.5060670971870422,0.5060670971870422,0.0,1.0,0.5327541862507179,0.5327542189299117,0.9997763415558825,0.9797763824462891,0.9997763414950409,0.9999918914749572,0.9999918914579221,0.9999903218948561,0.9999903218754584,0.0021621948644366755,0.00847044702823041,,999.9901623894641,False,False,False,,[]
957,957,958,True,1.0,1.0,957.0,958.0,957.0,958.0,958.0,0.0,0.0,0.0,83.40462000000002,0.5060670971870422,0.5060670971870422,0.0,1.0,0.5327542189299117,0.5327542189299117,0.9997763414950409,0.9797763824462891,0.9997763414950409,0.9999918914579221,0.9999918914579221,0.9999903218754584,0.9999903218754584,-0.0,0.0,,1000.0,False,False,False,,[]
958,958,959,True,1.0,1.0,958.0,959.0,958.0,959.0,959.0,0.0,0.0,0.0,83.40462000000002,0.5060670971870422,0.5060670971870422,0.0,1.0,0.5327542189299117,0.5327542189299117,0.9997763414950409,0.9797763824462891,0.9997763414950409,0.9999918914579221,0.9999918914579221,0.9999903218754584,0.9999903218754584,-0.0,0.0,,1000.0,False,False,False,,[]
959,959,960,True,1.0,1.0,959.0,960.0,959.0,960.0,960.0,0.0,0.0,3.218688,577.5000504000001,0.5060670971870422,0.5060670971870422,0.0,1.0,0.5327542189299117,0.5327306770551233,0.9997763414950409,0.9797763824462891,0.9997762966454642,0.9999918914579221,0.9999918882661378,0.9999903218754584,0.9999903182409962,-1.5575603169280003,-6.102053945158464,,966.3207466503246,False,False,False,,[]
960,960,961,True,1.0,1.0,960.0,961.0,960.0,961.0,961.0,0.0,3.218688,8.5295232,898.7480084113689,0.5060670971870422,0.5060670971870422,0.0,1.0,0.5327306770551233,0.5325969032126531,0.9997762966454642,0.9797763228416443,0.9997760127743226,0.9999918882661378,0.9999918701355325,0.9999903182409962,0.999990297595803,-8.847562777271778,-34.674179968282985,,832.6833163871069,False,False,False,,[]
961,961,962,True,1.0,1.0,961.0,962.0,961.0,962.0,962.0,0.0,8.5295232,13.8403584,899.2655113052388,0.5060672163963318,0.5060672163963318,0.0,1.0,0.5325969032126531,0.5323978769826133,0.9997760127743226,0.9797760248184204,0.9997755990636961,0.9999918701355325,0.9999918630860333,0.999990297595803,0.9999902582624671,-13.159885445062544,-51.58759882629826,,777.1335431586241,False,False,False,,[]
962,962,963,True,1.0,1.0,962.0,963.0,962.0,963.0,963.0,0.0,13.8403584,19.151193600000003,900.2508935278127,0.5060673356056213,0.5060673356056213,0.0,1.0,0.5323978769826133,0.5321631826377334,0.9997755990636961,0.979775607585907,0.9997751194958494,0.9999918630860333,0.999991852677895,0.9999902582624671,0.9999902284283131,-15.515381950987546,-60.832774192858196,,755.9187939893709,False,False,False,,[]
963,963,964,True,1.0,1.0,963.0,964.0,963.0,964.0,964.0,0.0,19.151193600000003,24.4620288,901.7041550790889,0.5060674548149109,0.5060674548149109,0.0,1.0,0.5321631826377334,0.5318806500785156,0.9997751194958494,0.9797751307487488,0.9997745566533953,0.999991852677895,0.9999918388966298,0.9999902284283131,0.9999902127357055,-18.673420633650704,-73.23243934925748,,730.8388608554355,False,False,False,,[]
964,964,965,True,1.0,1.0,964.0,965.0,964.0,965.0,965.0,0.0,24.4620288,28.163520000000002,656.5775807590715,0.5060676336288452,0.5060676336288452,0.0,1.0,0.5318806500785156,0.5316242259520294,0.9997745566533953,0.9797745943069458,0.999774038509198,0.9999918388966298,0.9999918265275993,0.9999902127357055,0.9999901914563096,-16.947396147157782,-66.46513358523335,,745.2192475379999,False,False,False,,[]
965,965,966,True,1.0,1.0,965.0,966.0,965.0,966.0,966.0,0.0,28.163520000000002,29.933798400000004,361.73598846543644,0.5060677528381348,0.5060677528381348,0.0,1.0,0.5316242259520294,0.5314685408490513,0.999774038509198,0.9797740578651428,0.9997737087247768,0.9999918265275993,0.9999918152983843,0.9999901914563096,0.9999901830702024,-10.291724792567617,-40.35357869193215,,827.623512268319,False,False,False,,[]
966,966,967,True,1.0,1.0,966.0,967.0,966.0,967.0,967.0,0.0,29.933798400000004,32.18688,436.70335574090177,0.5060678720474243,0.5060678720474243,0.0,1.0,0.5314685408490513,0.531265508130814,0.9997737087247768,0.9797737002372742,0.9997732874661701,0.9999918152983843,0.9999918000288679,0.9999901830702024,0.9999901712323875,-13.4190441742101,-52.62608056709485,,785.9992097600101,False,False,False,,[]
967,967,968,True,1.0,1.0,967.0,968.0,967.0,968.0,968.0,0.0,32.18688,33.957158400000004,363.7499318568964,0.5060679912567139,0.5060679912567139,0.0,1.0,0.531265508130814,0.5310781001364535,0.9997732874661701,0.9797732830047607,0.9997728958504125,0.9999918000288679,0.9999917857111944,0.9999901712323875,0.9999901549164044,-12.38613747071015,-48.57615213821983,,795.416348556111,False,False,False,,[]
968,968,969,True,1.0,1.0,968.0,969.0,968.0,969.0,969.0,0.0,33.957158400000004,35.405568,315.3115928779927,0.5060681104660034,0.5060681104660034,0.0,1.0,0.5310781001364535,0.530912275958723,0.9997728958504125,0.9797729253768921,0.999772546071766,0.9999917857111944,0.9999917712474897,0.9999901549164044,0.999990146189135,-10.959726972399595,-42.98162686772626,,816.998125399948,False,False,False,,[]
969,969,970,True,1.0,1.0,969.0,970.0,969.0,970.0,970.0,0.0,35.405568,37.014912,340.84965361564485,0.506068229675293,0.506068229675293,0.0,1.0,0.530912275958723,0.5307264910818972,0.999772546071766,0.9797725677490234,0.9997721575668785,0.9999917712474897,0.9999917559186327,0.999990146189135,0.9999901363391301,-12.27762104283962,-48.15544007327379,,800.118912099035,False,False,False,,[]
970,970,971,True,1.0,1.0,970.0,971.0,970.0,971.0,971.0,0.0,37.014912,39.428928,465.3402040435441,0.5060683488845825,0.5060683488845825,0.0,1.0,0.5307264910818972,0.5304693331529305,0.9997721575668785,0.97977215051651,0.9997716381413564,0.9999917559186327,0.9999917421736239,0.9999901363391301,0.9999901221444649,-16.98956084542525,-66.65533518815342,,747.9206934141051,False,False,False,,[]
971,971,972,True,1.0,1.0,971.0,972.0,971.0,972.0,972.0,0.0,39.428928,42.3257472,540.9851155810546,0.5060684680938721,0.5060684680938721,0.0,1.0,0.5304693331529305,0.5301487034122296,0.9997716381413564,0.9797716736793518,0.9997710135202905,0.9999917421736239,0.9999917244032244,0.9999901221444649,0.9999901044958799,-21.17689747384422,-83.10722878967857,,704.964655591184,False,False,False,,[]
972,972,973,True,1.0,1.0,972.0,973.0,972.0,973.0,973.0,0.0,42.3257472,44.25696000000001,394.72080628735006,0.5060687065124512,0.5060687065124512,0.0,1.0,0.5301487034122296,0.5299016609592786,0.9997710135202905,0.9797710180282593,0.9997705118820858,0.9999917244032244,0.9999917112494668,0.9999901044958799,0.9999900908584369,-16.318606371129,-64.03340380490734,,755.2884500975274,False,False,False,,[]
973,973,974,True,1.0,1.0,973.0,974.0,973.0,974.0,974.0,0.0,44.25696000000001,45.222566400000005,247.87905914444403,0.5060688257217407,0.5060688257217407,0.0,1.0,0.5299016609592786,0.5297338724665516,0.9997705118820858,0.9797705411911011,0.9997701582545748,0.9999917112494668,0.9999917006591384,0.9999900908584369,0.9999900772587499,-11.08535230383975,-43.49077731484569,,814.7693173828151,False,False,False,,[]
974,974,975,True,1.0,1.0,974.0,975.0,974.0,975.0,975.0,0.0,45.222566400000005,45.7053696,174.4813862008602,0.5060689449310303,0.5060689449310303,0.0,1.0,0.5297338724665516,0.5296070237681537,0.9997701582545748,0.9797701835632324,0.9997698908961541,0.9999917006591384,0.9999916908668742,0.9999900772587499,0.9999900642298849,-8.381322639375204,-32.87918262473461,,850.0469062445053,False,False,False,,[]
975,975,976,True,1.0,1.0,975.0,976.0,975.0,976.0,976.0,0.0,45.7053696,45.866304,125.43596412603678,0.5060690641403198,0.5060690641403198,0.0,1.0,0.5296070237681537,0.5295109492170338,0.9997698908961541,0.9797698855400085,0.9997696944056226,0.9999916908668742,0.9999916824045644,0.9999900642298849,0.9999900530899698,-6.348459860158307,-24.902523650285406,,880.8044124938087,False,False,False,,[]
976,976,977,True,1.0,1.0,976.0,977.0,976.0,977.0,977.0,0.0,45.866304,45.866304,100.85342554360946,0.5060690641403198,0.5060690641403198,0.0,1.0,0.5295109492170338,0.5294318426432284,0.9997696944056226,0.9797697067260742,0.9997695352811828,0.9999916824045644,0.9999916750977893,0.9999900530899698,0.9999900434339399,-5.2274898154097285,-20.50442393034528,,899.2952758492269,False,False,False,,[]
977,977,978,True,1.0,1.0,977.0,978.0,977.0,978.0,978.0,0.0,45.866304,45.866304,100.85342554360946,0.5060691237449646,0.5060691237449646,0.0,1.0,0.5294318426432284,0.5293527361877229,0.9997695352811828,0.9797695279121399,0.9997693761569995,0.9999916750977893,0.9999916677910136,0.9999900434339399,0.999990033777911,-5.227489810592954,-20.504393267024795,,899.2953924336358,False,False,False,,[]
978,978,979,True,1.0,1.0,978.0,979.0,978.0,979.0,979.0,0.0,45.866304,44.578828800000004,-96.78474661638992,0.5060691833496094,0.5060691833496094,0.0,1.0,0.5293527361877229,0.5293953546285728,0.9997693761569995,0.9797694087028503,0.9997692934352598,0.9999916677910136,0.9999916607730419,0.999990033777911,0.9999900245070742,2.81738394034958,11.046699868274807,,1018.3895265811079,False,False,False,,[]
979,979,980,True,1.0,1.0,979.0,980.0,979.0,980.0,980.0,0.0,44.578828800000004,44.25696000000001,50.478048958223,0.5060691833496094,0.5060691833496094,0.0,1.0,0.5293953546285728,0.5293550522351773,0.9997692934352598,0.9797692894935608,0.9997692153859705,0.9999916607730419,0.9999916566779986,0.9999900245070742,0.9999900191395221,-2.663738607495571,-10.446380368119524,,945.5639606123866,False,False,False,,[]
980,980,981,True,1.0,1.0,980.0,981.0,980.0,981.0,981.0,0.0,44.25696000000001,43.7741568,25.536115464443036,0.5060692429542542,0.5060692429542542,0.0,1.0,0.5293550522351773,0.5293345805898619,0.9997692153859705,0.979769229888916,0.999769176502444,0.9999916566779986,0.9999916544717414,0.9999900191395221,0.9999900164484608,-1.3531560931543671,-5.306250465742602,,971.5743419575145,False,False,False,,[]
981,981,982,True,1.0,1.0,981.0,982.0,981.0,982.0,982.0,0.0,43.7741568,43.130419200000006,0.47882329320414513,0.5060692429542542,0.5060692429542542,0.0,1.0,0.5293345805898619,0.5293342395080612,0.999769176502444,0.9797691702842712,0.9997691758672318,0.9999916544717414,0.9999916544571591,0.9999900164484608,0.9999900163986468,-0.022547169740108532,-0.08840840273881939,,999.5312205688141,False,False,False,,[]
982,982,983,True,1.0,1.0,982.0,983.0,982.0,983.0,983.0,0.0,43.130419200000006,42.647616,24.719582255809495,0.5060692429542542,0.5060692429542542,0.0,1.0,0.5293342395080612,0.5293149223031829,0.9997691758672318,0.9797691702842712,0.999769139217845,0.9999916544571591,0.9999916523713732,0.9999900163986468,0.999990013860307,-1.2769271234381494,-5.0070195044556405,,973.1353630989007,False,False,False,,[]
983,983,984,True,1.0,1.0,983.0,984.0,983.0,984.0,984.0,0.0,42.647616,41.842944,-25.033458969036307,0.5060692429542542,0.5060692429542542,0.0,1.0,0.5293149223031829,0.5293246281344931,0.999769139217845,0.9797691702842712,0.999769120975876,0.9999916523713732,0.9999916502926233,0.999990013860307,0.9999900113283192,0.6416594752732164,2.5157514756213666,,1003.2816305998089,False,False,False,,[]
984,984,985,True,1.0,1.0,984.0,985.0,984.0,985.0,985.0,0.0,41.842944,41.3601408,23.81217992135425,0.5060692429542542,0.5060692429542542,0.0,1.0,0.5293246281344931,0.5293053524080272,0.999769120975876,0.9797691106796265,0.9997690844066677,0.9999916502926233,0.9999916483387978,0.9999900113283192,0.9999900082990547,-1.2742673045810549,-4.996268299956067,,972.8423875342718,False,False,False,,[]
985,985,986,True,1.0,1.0,985.0,986.0,985.0,986.0,986.0,0.0,41.3601408,40.5554688,-25.930549913330207,0.5060692429542542,0.5060692429542542,0.0,1.0,0.5293053524080272,0.5293138440586255,0.9997690844066677,0.9797691106796265,0.9997690684656796,0.9999916483387978,0.9999916462563905,0.9999900082990547,0.9999900041815828,0.5614220765878669,2.201035835074003,,1000.6981595998573,False,False,False,,[]
986,986,987,True,1.0,1.0,986.0,987.0,986.0,987.0,987.0,0.0,40.5554688,38.624256,-199.41066905266294,0.5060692429542542,0.5060692429542542,0.0,1.0,0.5293138440586255,0.5294016562116699,0.9997690684656796,0.9797691106796265,0.9997688903190715,0.9999916462563905,0.999991636421759,0.9999900041815828,0.9999899978811022,5.807336552543016,22.760910069126243,,1056.9286952343957,False,False,False,,[]
987,987,988,True,1.0,1.0,987.0,988.0,987.0,988.0,988.0,0.0,38.624256,35.405568,-398.3171422028702,0.5060693025588989,0.5060693025588989,0.0,1.0,0.5294016562116699,0.5295728623443227,0.9997688903190715,0.9797689318656921,0.999768530014494,0.999991636421759,0.9999916258447482,0.9999899978811022,0.9999899861146114,11.326254728560217,44.37662958360255,,1127.1824449687306,False,False,False,,[]
988,988,989,True,1.0,1.0,988.0,989.0,988.0,989.0,989.0,0.0,35.405568,34.600896000000006,-29.721919184355187,0.5060694217681885,0.5060694217681885,0.0,1.0,0.5295728623443227,0.5295816940342333,0.999768530014494,0.9797685742378235,0.9997685134296496,0.9999916258447482,0.9999916236572648,0.9999899861146114,0.9999899828976215,0.5840281667423814,2.2891740248190495,,1001.7718661152034,False,False,False,,[]
989,989,990,True,1.0,1.0,989.0,990.0,989.0,990.0,990.0,0.0,34.600896000000006,34.600896000000006,93.33470354882546,0.5060694217681885,0.5060694217681885,0.0,1.0,0.5295816940342333,0.5295281976920494,0.9997685134296496,0.9797685146331787,0.999768408483204,0.9999916236572648,0.9999916174533123,0.9999899828976215,0.9999899789120591,-3.537060858187794,-13.866251894073354,,930.9422378056526,False,False,False,,[]
990,990,991,True,1.0,1.0,990.0,991.0,990.0,991.0,991.0,0.0,34.600896000000006,35.083699200000005,167.44901810882547,0.5060694813728333,0.5060694813728333,0.0,1.0,0.5295281976920494,0.5294350329005469,0.999768408483204,0.9797684550285339,0.9997682184852824,0.9999916174533123,0.9999916067140601,0.9999899789120591,0.9999899742558714,-6.15908279162169,-24.148313957429338,,886.8707466398585,False,False,False,,[]
991,991,992,True,1.0,1.0,991.0,992.0,991.0,992.0,992.0,0.0,35.083699200000005,36.21024,266.5471561851449,0.506069540977478,0.506069540977478,0.0,1.0,0.5294350329005469,0.5292874002198897,0.9997682184852824,0.9797682166099548,0.999767904729902,0.9999916067140601,0.9999915917478838,0.9999899742558714,0.99998996667293,-9.75808860414711,-38.26639082635922,,832.2532514403979,False,False,False,,[]
992,992,993,True,1.0,1.0,992.0,993.0,992.0,993.0,993.0,0.0,36.21024,37.014912,217.80377191388533,0.5060696005821228,0.5060696005821228,0.0,1.0,0.5292874002198897,0.5291669339474769,0.999767904729902,0.979767918586731,0.999767652404072,0.9999915917478838,0.9999915815146481,0.99998996667293,0.9999899603088349,-7.962828452837417,-31.224857809403815,,860.3658962528906,False,False,False,,[]
993,993,994,True,1.0,1.0,993.0,994.0,993.0,994.0,994.0,0.0,37.014912,36.693043200000005,45.359088203544644,0.5060697197914124,0.5060697197914124,0.0,1.0,0.5291669339474769,0.5291361447039463,0.999767652404072,0.9797676801681519,0.9997675933302034,0.9999915815146481,0.9999915783196475,0.9999899603088349,0.9999899560073897,-2.0356900767057216,-7.980571923136568,,957.6772943688088,False,False,False,,[]
994,994,995,True,1.0,1.0,994.0,995.0,994.0,995.0,995.0,0.0,36.693043200000005,36.693043200000005,94.57185554791006,0.5060697197914124,0.5060697197914124,0.0,1.0,0.5291361447039463,0.5290801055884452,0.9997675933302034,0.9797676205635071,0.999767483121668,0.9999915783196475,0.9999915722976774,0.9999899560073897,0.9999899520391645,-3.7048845279482765,-14.525338737892145,,928.4618610861611,False,False,False,,[]
995,995,996,True,1.0,1.0,995.0,996.0,995.0,996.0,996.0,0.0,36.693043200000005,37.014912,143.98139858791038,0.5060697793960571,0.5060697793960571,0.0,1.0,0.5290801055884452,0.5289979298241899,0.999767483121668,0.9797675013542175,0.999767317326439,0.9999915722976774,0.9999915641073932,0.9999899520391645,0.9999899478043774,-5.432400644880998,-21.299958094957564,,899.9439131433065,False,False,False,,[]
996,996,997,True,1.0,1.0,996.0,997.0,996.0,997.0,997.0,0.0,37.014912,36.5321088,20.65431668354497,0.5060697793960571,0.5060697793960571,0.0,1.0,0.5289979298241899,0.5289826217839488,0.999767317326439,0.9797673225402832,0.9997672883970872,0.9999915641073932,0.9999915625815236,0.9999899478043774,0.9999899452661399,-1.012172570713504,-3.9678440304895033,,978.2198541624543,False,False,False,,[]
997,997,998,True,1.0,1.0,997.0,998.0,997.0,998.0,998.0,0.0,36.5321088,36.5321088,94.47411216197787,0.5060697793960571,0.5060697793960571,0.0,1.0,0.5289826217839488,0.5289268770484645,0.9997672883970872,0.9797673225402832,0.999767178799057,0.9999915625815236,0.9999915565908518,0.9999899452661399,0.9999899413125442,-3.685460011407652,-14.449035437532729,,928.8079774978002,False,False,False,,[]
998,998,999,True,1.0,1.0,998.0,999.0,998.0,999.0,999.0,0.0,36.5321088,36.5321088,94.47411216197787,0.5060698390007019,0.5060698390007019,0.0,1.0,0.5289268770484645,0.5288711323548647,0.999767178799057,0.9797672033309937,0.9997670692011136,0.9999915565908518,0.9999915506001795,0.9999899413125442,0.9999899373589477,-3.685460105938474,-14.449024581058586,,928.8080200671247,False,False,False,,[]
999,999,1000,True,1.0,1.0,999.0,1000.0,999.0,1000.0,1000.0,0.0,36.5321088,37.819584000000006,292.11228432197817,0.5060698986053467,0.5060698986053467,0.0,1.0,0.5288711323548647,0.528711596539774,0.9997670692011136,0.9797670841217041,0.9997667317980765,0.9999915506001795,0.9999915400851084,0.9999899373589477,0.9999899286922949,-10.54398259702846,-41.35168327153341,,824.7709443683812,False,False,False,,[]
1000,1000,1001,True,1.0,1.0,1000.0,1001.0,1000.0,1001.0,1001.0,0.0,37.819584000000006,38.624256,218.79194680462646,0.5060699582099915,0.5060699582099915,0.0,1.0,0.528711596539774,0.5285859348095461,0.9997667317980765,0.9797667264938354,0.999766467248789,0.9999915400851084,0.9999915298435433,0.9999899286922949,0.9999899220183212,-8.305706454828472,-32.57152047507453,,855.4084326742665,False,False,False,,[]
1001,1001,1002,True,1.0,1.0,1001.0,1002.0,1001.0,1002.0,1002.0,0.0,38.624256,39.58986240000001,244.00691731713124,0.506070077419281,0.506070077419281,0.0,1.0,0.5285859348095461,0.5284442595028169,0.999766467248789,0.9797664880752563,0.999766165435415,0.9999915298435433,0.9999915194448361,0.9999899220183212,0.9999899144028311,-9.36339612806658,-36.72223950418137,,840.4273516268221,False,False,False,,[]
1002,1002,1003,True,1.0,1.0,1002.0,1003.0,1002.0,1003.0,1003.0,0.0,39.58986240000001,39.911731200000006,145.81424818960934,0.5060701370239258,0.5060701370239258,0.0,1.0,0.5284442595028169,0.528355212090877,0.999766165435415,0.9797661900520325,0.9997659845643726,0.9999915194448361,0.9999915109786949,0.9999899144028311,0.999989909777037,-5.8859621406365425,-23.081089174834894,,892.6766535200932,False,False,False,,[]
1003,1003,1004,True,1.0,1.0,1003.0,1004.0,1003.0,1004.0,1004.0,0.0,39.911731200000006,40.394534400000005,170.7312624904913,0.5060701966285706,0.5060701966285706,0.0,1.0,0.528355212090877,0.5282509148185685,0.9997659845643726,0.9797660112380981,0.9997657695340589,0.9999915109786949,0.9999915016683303,0.999989909777037,0.9999899043059586,-6.893558925807321,-27.033852982369,,876.745575625257,False,False,False,,[]
1004,1004,1005,True,1.0,1.0,1004.0,1005.0,1004.0,1005.0,1005.0,0.0,40.394534400000005,41.038272000000006,195.75762049123935,0.5060702562332153,0.5060702562332153,0.0,1.0,0.5282509148185685,0.528117520729338,0.9997657695340589,0.979765772819519,0.9997654865739016,0.9999915016683303,0.9999914917069356,0.9999899043059586,0.9999898870244209,-8.815760709186174,-34.57574792851266,,841.0902621210794,False,False,False,,[]
1005,1005,1006,True,1.0,1.0,1005.0,1006.0,1005.0,1006.0,1006.0,0.0,41.038272000000006,41.19920640000001,122.07810288316722,0.5060703158378601,0.5060703158378601,0.0,1.0,0.528117520729338,0.5280246974503617,0.9997654865739016,0.9797655344009399,0.9997652973356853,0.9999914917069356,0.9999914840496403,0.9999898870244209,0.9999898722306896,-6.13511655270142,-24.059793910672333,,881.680172111801,False,False,False,,[]
1006,1006,1007,True,1.0,1.0,1006.0,1007.0,1006.0,1007.0,1007.0,0.0,41.19920640000001,41.038272000000006,72.77833318428978,0.5060704350471497,0.5060704350471497,0.0,1.0,0.5280246974503617,0.5279652013169963,0.9997652973356853,0.9797652959823608,0.9997651799320793,0.9999914840496403,0.9999914788498537,0.9999898722306896,0.999989861990249,-3.93274190560057,-15.42139776833001,,920.2368841717933,False,False,False,,[]
1007,1007,1008,True,1.0,1.0,1007.0,1008.0,1007.0,1008.0,1008.0,0.0,41.038272000000006,40.2336,-26.15052623683377,0.5060704350471497,0.5060704350471497,0.0,1.0,0.5279652013169963,0.5279741995840288,0.9997651799320793,0.9797651767730713,0.9997651630316693,0.9999914788498537,0.9999914767675587,0.999989861990249,0.9999898584963852,0.5949232017093925,2.332350814824732,,1001.7350725418692,False,False,False,,[]
1008,1008,1009,True,1.0,1.0,1008.0,1009.0,1008.0,1009.0,1009.0,0.0,40.2336,38.785190400000005,-125.51203440359905,0.5060704350471497,0.5060704350471497,0.0,1.0,0.5279741995840288,0.5280279871077566,0.9997651630316693,0.9797651767730713,0.999765057483937,0.9999914767675587,0.9999914691158626,0.9999898584963852,0.999989854538839,3.556814892705659,13.941726150240049,,1032.6562121400746,False,False,False,,[]
1009,1009,1010,True,1.0,1.0,1009.0,1010.0,1009.0,1010.0,1010.0,0.0,38.785190400000005,38.1414528,-2.937469160599236,0.5060704946517944,0.5060704946517944,0.0,1.0,0.5280279871077566,0.5280290275311332,0.999765057483937,0.9797650575637817,0.9997650555449829,0.9999914691158626,0.9999914690366746,0.999989854538839,0.999989854106146,0.06879261509147755,0.26967773923417787,,1000.3347590098836,False,False,False,,[]
1010,1010,1011,True,1.0,1.0,1010.0,1011.0,1010.0,1011.0,1011.0,0.0,38.1414528,37.3367808,-28.052977722142543,0.5060704946517944,0.5060704946517944,0.0,1.0,0.5280290275311332,0.5280381471475821,0.9997650555449829,0.9797650575637817,0.9997650384146228,0.9999914690366746,0.9999914669596106,0.999989854106146,0.999989850823206,0.6030218321640967,2.3638045835635664,,1002.0507735155365,False,False,False,,[]
1011,1011,1012,True,1.0,1.0,1011.0,1012.0,1011.0,1012.0,1012.0,0.0,37.3367808,36.8539776,20.852810944207267,0.5060704946517944,0.5060704946517944,0.0,1.0,0.5280381471475821,0.5280225767053375,0.9997650384146228,0.9797650575637817,0.9997650089818256,0.9999914669596106,0.9999914654109956,0.999989850823206,0.999989848242376,-1.0295285488921946,-4.035858629806405,,977.8581936456033,False,False,False,,[]
1012,1012,1013,True,1.0,1.0,1012.0,1013.0,1012.0,1013.0,1013.0,0.0,36.8539776,36.21024,-4.1490575049015765,0.5060704946517944,0.5060704946517944,0.0,1.0,0.5280225767053375,0.5280237811281148,0.9997650089818256,0.9797650575637817,0.9997650067368788,0.9999914654109956,0.9999914650955286,0.999989848242376,0.999989847666957,0.07964295619443343,0.3121863838694319,,1000.0890499964707,False,False,False,,[]
1013,1013,1014,True,1.0,1.0,1013.0,1014.0,1013.0,1014.0,1014.0,0.0,36.21024,35.405568,-29.243943286115353,0.5060704946517944,0.5060704946517944,0.0,1.0,0.5280237811281148,0.5280326594973784,0.9997650067368788,0.979764997959137,0.9997649900636149,0.9999914650955286,0.9999914628937404,0.999989847666957,0.9999898444151608,0.5871170708481442,2.301273313134384,,1001.7605526007534,False,False,False,,[]
1014,1014,1015,True,1.0,1.0,1014.0,1015.0,1014.0,1015.0,1015.0,0.0,35.405568,34.76183040000001,-5.017147664354535,0.5060704946517944,0.5060704946517944,0.0,1.0,0.5280326594973784,0.5280340579472155,0.9997649900636149,0.979764997959137,0.9997649874565224,0.9999914628937404,0.9999914625236371,0.9999898444151608,0.9999898437511436,0.09247871482995697,0.3624781977678947,,1000.1036308762713,False,False,False,,[]
1015,1015,1016,True,1.0,1.0,1015.0,1016.0,1015.0,1016.0,1016.0,0.0,34.76183040000001,32.991552,-178.32519548032587,0.5060704946517944,0.5060704946517944,0.0,1.0,0.5280340579472155,0.5280959488127256,0.9997649874565224,0.979764997959137,0.9997648650409501,0.9999914625236371,0.9999914528156387,0.9999898437511436,0.9999898348569717,4.09369989601781,16.042112340235164,,1032.0419487168124,False,False,False,,[]
1016,1016,1017,True,1.0,1.0,1016.0,1017.0,1016.0,1017.0,1017.0,0.0,32.991552,28.163520000000002,-648.7106886905487,0.5060705542564392,0.5060705542564392,0.0,1.0,0.5280959488127256,0.5283247239875467,0.9997648650409501,0.9797648787498474,0.9997643961888673,0.9999914528156387,0.9999914370070466,0.9999898348569717,0.9999898190265064,15.140809030038548,59.29852531362339,,1176.8179698985568,False,False,False,,[]
1017,1017,1018,True,1.0,1.0,1017.0,1018.0,1017.0,1018.0,1018.0,0.0,28.163520000000002,22.8526848,-725.273958414564,0.5060706734657288,0.5060706734657288,0.0,1.0,0.5283247239875467,0.5285337068739361,0.9997643961888673,0.9797644019126892,0.9997639637892611,0.9999914370070466,0.999991423507871,0.9999898190265064,0.9999897973346591,13.831729118593207,54.16836415212669,,1150.1549123082918,False,False,False,,[]
1018,1018,1019,True,1.0,1.0,1018.0,1019.0,1018.0,1019.0,1019.0,0.0,22.8526848,17.541849600000003,-727.5211970084904,0.5060707926750183,0.5060707926750183,0.0,1.0,0.5285337068739361,0.5287044856950861,0.9997639637892611,0.9797639846801758,0.9997636043181689,0.999991423507871,0.9999914132092762,0.9999897973346591,0.999989785607895,11.30303077664948,44.265870442075084,,1127.1496402685755,False,False,False,,[]
1019,1019,1020,True,1.0,1.0,1019.0,1020.0,1019.0,1020.0,1020.0,0.0,17.541849600000003,12.2310144,-729.3005562737139,0.5060709118843079,0.5060709118843079,0.0,1.0,0.5287044856950861,0.5288024967428816,0.9997636043181689,0.9797636270523071,0.9997634034870406,0.9999914132092762,0.9999914043387947,0.999989785607895,0.9999897431524822,6.48597624045543,25.404463588592588,,1027.3290492479498,False,False,False,,[]
1020,1020,1021,True,1.0,1.0,1020.0,1021.0,1020.0,1021.0,1021.0,0.0,12.2310144,6.9201792,-730.6120362102321,0.5060709714889526,0.5060709714889526,0.0,1.0,0.5288024967428816,0.5288631538548036,0.9997634034870406,0.9797634482383728,0.9997632836564577,0.9999914043387947,0.9999913959366145,0.9999897431524822,0.9999897157942189,4.013795880739758,15.722323410196925,,1013.0825530133992,False,False,False,,[]
1021,1021,1022,True,1.0,1.0,1021.0,1022.0,1021.0,1022.0,1022.0,0.0,6.9201792,1.609344,-731.455636818047,0.5060709714889526,0.5060709714889526,0.0,1.0,0.5288631538548036,0.5288837047934111,0.9997632836564577,0.9797633290290833,0.9997632446192948,0.9999913959366145,0.9999913852234273,0.9999897157942189,0.9999897035953771,1.3597750385663485,5.326803287042668,,993.7741968249754,False,False,False,,[]
1022,1022,1023,True,1.0,1.0,1022.0,1023.0,1022.0,1023.0,1023.0,0.0,1.609344,0.0,-163.62161313715777,0.5060710310935974,0.5060710310935974,0.0,1.0,0.5288837047934111,0.528884572207758,0.9997632446192948,0.9797632694244385,0.9997632430030374,0.9999913852234273,0.9999913847712638,0.9999897035953771,0.9999897030805097,0.057391010811978234,0.22483379870477033,,999.7388259417951,False,False,False,,[]
1023,1023,1024,True,1.0,1.0,1023.0,1024.0,1023.0,1024.0,1024.0,0.0,0.0,0.0,83.40462000000002,0.5060710310935974,0.5060710310935974,0.0,1.0,0.528884572207758,0.528884572207758,0.9997632430030374,0.9797632694244385,0.9997632430030374,0.9999913847712638,0.9999913847712638,0.9999897030805097,0.9999897030805097,-0.0,0.0,,1000.0,False,False,False,,[]
1024,1024,1025,True,1.0,1.0,1024.0,1025.0,1024.0,1025.0,1025.0,0.0,0.0,0.0,83.40462000000002,0.5060710310935974,0.5060710310935974,0.0,1.0,0.528884572207758,0.528884572207758,0.9997632430030374,0.9797632694244385,0.9997632430030374,0.9999913847712638,0.9999913847712638,0.9999897030805097,0.9999897030805097,-0.0,0.0,,1000.0,False,False,False,,[]
1025,1025,1026,True,1.0,1.0,1025.0,1026.0,1025.0,1026.0,1026.0,0.0,0.0,0.0,83.40462000000002,0.5060710310935974,0.5060710310935974,0.0,1.0,0.528884572207758,0.528884572207758,0.9997632430030374,0.9797632694244385,0.9997632430030374,0.9999913847712638,0.9999913847712638,0.9999897030805097,0.9999897030805097,-0.0,0.0,,1000.0,False,False,False,,[]
1026,1026,1027,True,1.0,1.0,1026.0,1027.0,1026.0,1027.0,1027.0,0.0,0.0,0.0,83.40462000000002,0.5060710310935974,0.5060710310935974,0.0,1.0,0.528884572207758,0.528884572207758,0.9997632430030374,0.9797632694244385,0.9997632430030374,0.9999913847712638,0.9999913847712638,0.9999897030805097,0.9999897030805097,-0.0,0.0,,1000.0,False,False,False,,[]
1027,1027,1028,True,1.0,1.0,1027.0,1028.0,1027.0,1028.0,1028.0,0.0,0.0,0.0,83.40462000000002,0.5060710310935974,0.5060710310935974,0.0,1.0,0.528884572207758,0.528884572207758,0.9997632430030374,0.9797632694244385,0.9997632430030374,0.9999913847712638,0.9999913847712638,0.9999897030805097,0.9999897030805097,-0.0,0.0,,1000.0,False,False,False,,[]
1028,1028,1029,True,1.0,1.0,1028.0,1029.0,1028.0,1029.0,1029.0,0.0,0.0,0.0,83.40462000000002,0.5060710310935974,0.5060710310935974,0.0,1.0,0.528884572207758,0.528884572207758,0.9997632430030374,0.9797632694244385,0.9997632430030374,0.9999913847712638,0.9999913847712638,0.9999897030805097,0.9999897030805097,-0.0,0.0,,1000.0,False,False,False,,[]
1029,1029,1030,True,1.0,1.0,1029.0,1030.0,1029.0,1030.0,1030.0,0.0,0.0,0.0,83.40462000000002,0.5060710310935974,0.5060710310935974,0.0,1.0,0.528884572207758,0.528884572207758,0.9997632430030374,0.9797632694244385,0.9997632430030374,0.9999913847712638,0.9999913847712638,0.9999897030805097,0.9999897030805097,-0.0,0.0,,1000.0,False,False,False,,[]
1030,1030,1031,True,1.0,1.0,1030.0,1031.0,1030.0,1031.0,1031.0,0.0,0.0,0.0,83.40462000000002,0.5060710310935974,0.5060710310935974,0.0,1.0,0.528884572207758,0.528884572207758,0.9997632430030374,0.9797632694244385,0.9997632430030374,0.9999913847712638,0.9999913847712638,0.9999897030805097,0.9999897030805097,-0.0,0.0,,1000.0,False,False,False,,[]
1031,1031,1032,True,1.0,1.0,1031.0,1032.0,1031.0,1032.0,1032.0,0.0,0.0,0.0,83.40462000000002,0.5060710310935974,0.5060710310935974,0.0,1.0,0.528884572207758,0.528884572207758,0.9997632430030374,0.9797632694244385,0.9997632430030374,0.9999913847712638,0.9999913847712638,0.9999897030805097,0.9999897030805097,-0.0,0.0,,1000.0,False,False,False,,[]
1032,1032,1033,True,1.0,1.0,1032.0,1033.0,1032.0,1033.0,1033.0,0.0,0.0,0.0,83.40462000000002,0.5060710310935974,0.5060710310935974,0.0,1.0,0.528884572207758,0.528884572207758,0.9997632430030374,0.9797632694244385,0.9997632430030374,0.9999913847712638,0.9999913847712638,0.9999897030805097,0.9999897030805097,-0.0,0.0,,1000.0,False,False,False,,[]
1033,1033,1034,True,1.0,1.0,1033.0,1034.0,1033.0,1034.0,1034.0,0.0,0.0,0.0,83.40462000000002,0.5060710310935974,0.5060710310935974,0.0,1.0,0.528884572207758,0.528884572207758,0.9997632430030374,0.9797632694244385,0.9997632430030374,0.9999913847712638,0.9999913847712638,0.9999897030805097,0.9999897030805097,-0.0,0.0,,1000.0,False,False,False,,[]
1034,1034,1035,True,1.0,1.0,1034.0,1035.0,1034.0,1035.0,1035.0,0.0,0.0,0.0,83.40462000000002,0.5060710310935974,0.5060710310935974,0.0,1.0,0.528884572207758,0.528884572207758,0.9997632430030374,0.9797632694244385,0.9997632430030374,0.9999913847712638,0.9999913847712638,0.9999897030805097,0.9999897030805097,-0.0,0.0,,1000.0,False,False,False,,[]
1035,1035,1036,True,1.0,1.0,1035.0,1036.0,1035.0,1036.0,1036.0,0.0,0.0,0.0,83.40462000000002,0.5060710310935974,0.5060710310935974,0.0,1.0,0.528884572207758,0.528884572207758,0.9997632430030374,0.9797632694244385,0.9997632430030374,0.9999913847712638,0.9999913847712638,0.9999897030805097,0.9999897030805097,-0.0,0.0,,1000.0,False,False,False,,[]
1036,1036,1037,True,1.0,1.0,1036.0,1037.0,1036.0,1037.0,1037.0,0.0,0.0,0.0,83.40462000000002,0.5060710310935974,0.5060710310935974,0.0,1.0,0.528884572207758,0.528884572207758,0.9997632430030374,0.9797632694244385,0.9997632430030374,0.9999913847712638,0.9999913847712638,0.9999897030805097,0.9999897030805097,-0.0,0.0,,1000.0,False,False,False,,[]
1037,1037,1038,True,1.0,1.0,1037.0,1038.0,1037.0,1038.0,1038.0,0.0,0.0,0.0,83.40462000000002,0.5060710310935974,0.5060710310935974,0.0,1.0,0.528884572207758,0.528884572207758,0.9997632430030374,0.9797632694244385,0.9997632430030374,0.9999913847712638,0.9999913847712638,0.9999897030805097,0.9999897030805097,-0.0,0.0,,1000.0,False,False,False,,[]
1038,1038,1039,True,1.0,1.0,1038.0,1039.0,1038.0,1039.0,1039.0,0.0,0.0,0.0,83.40462000000002,0.5060710310935974,0.5060710310935974,0.0,1.0,0.528884572207758,0.528884572207758,0.9997632430030374,0.9797632694244385,0.9997632430030374,0.9999913847712638,0.9999913847712638,0.9999897030805097,0.9999897030805097,-0.0,0.0,,1000.0,False,False,False,,[]
1039,1039,1040,True,1.0,1.0,1039.0,1040.0,1039.0,1040.0,1040.0,0.0,0.0,0.0,83.40462000000002,0.5060710310935974,0.5060710310935974,0.0,1.0,0.528884572207758,0.528884572207758,0.9997632430030374,0.9797632694244385,0.9997632430030374,0.9999913847712638,0.9999913847712638,0.9999897030805097,0.9999897030805097,-0.0,0.0,,1000.0,False,False,False,,[]
1040,1040,1041,True,1.0,1.0,1040.0,1041.0,1040.0,1041.0,1041.0,0.0,0.0,0.0,83.40462000000002,0.5060710310935974,0.5060710310935974,0.0,1.0,0.528884572207758,0.528884572207758,0.9997632430030374,0.9797632694244385,0.9997632430030374,0.9999913847712638,0.9999913847712638,0.9999897030805097,0.9999897030805097,-0.0,0.0,,1000.0,False,False,False,,[]
1041,1041,1042,True,1.0,1.0,1041.0,1042.0,1041.0,1042.0,1042.0,0.0,0.0,0.0,83.40462000000002,0.5060710310935974,0.5060710310935974,0.0,1.0,0.528884572207758,0.528884572207758,0.9997632430030374,0.9797632694244385,0.9997632430030374,0.9999913847712638,0.9999913847712638,0.9999897030805097,0.9999897030805097,-0.0,0.0,,1000.0,False,False,False,,[]
1042,1042,1043,True,1.0,1.0,1042.0,1043.0,1042.0,1043.0,1043.0,0.0,0.0,0.0,83.40462000000002,0.5060710310935974,0.5060710310935974,0.0,1.0,0.528884572207758,0.528884572207758,0.9997632430030374,0.9797632694244385,0.9997632430030374,0.9999913847712638,0.9999913847712638,0.9999897030805097,0.9999897030805097,-0.0,0.0,,1000.0,False,False,False,,[]
1043,1043,1044,True,1.0,1.0,1043.0,1044.0,1043.0,1044.0,1044.0,0.0,0.0,0.0,83.40462000000002,0.5060710310935974,0.5060710310935974,0.0,1.0,0.528884572207758,0.528884572207758,0.9997632430030374,0.9797632694244385,0.9997632430030374,0.9999913847712638,0.9999913847712638,0.9999897030805097,0.9999897030805097,-0.0,0.0,,1000.0,False,False,False,,[]
1044,1044,1045,True,1.0,1.0,1044.0,1045.0,1044.0,1045.0,1045.0,0.0,0.0,0.0,83.40462000000002,0.5060710310935974,0.5060710310935974,0.0,1.0,0.528884572207758,0.528884572207758,0.9997632430030374,0.9797632694244385,0.9997632430030374,0.9999913847712638,0.9999913847712638,0.9999897030805097,0.9999897030805097,-0.0,0.0,,1000.0,False,False,False,,[]
1045,1045,1046,True,1.0,1.0,1045.0,1046.0,1045.0,1046.0,1046.0,0.0,0.0,0.0,83.40462000000002,0.5060710310935974,0.5060710310935974,0.0,1.0,0.528884572207758,0.528884572207758,0.9997632430030374,0.9797632694244385,0.9997632430030374,0.9999913847712638,0.9999913847712638,0.9999897030805097,0.9999897030805097,-0.0,0.0,,1000.0,False,False,False,,[]
1046,1046,1047,True,1.0,1.0,1046.0,1047.0,1046.0,1047.0,1047.0,0.0,0.0,0.0,83.40462000000002,0.5060710310935974,0.5060710310935974,0.0,1.0,0.528884572207758,0.528884572207758,0.9997632430030374,0.9797632694244385,0.9997632430030374,0.9999913847712638,0.9999913847712638,0.9999897030805097,0.9999897030805097,-0.0,0.0,,1000.0,False,False,False,,[]
1047,1047,1048,True,1.0,1.0,1047.0,1048.0,1047.0,1048.0,1048.0,0.0,0.0,0.0,83.40462000000002,0.5060710310935974,0.5060710310935974,0.0,1.0,0.528884572207758,0.528884572207758,0.9997632430030374,0.9797632694244385,0.9997632430030374,0.9999913847712638,0.9999913847712638,0.9999897030805097,0.9999897030805097,-0.0,0.0,,1000.0,False,False,False,,[]
1048,1048,1049,True,1.0,1.0,1048.0,1049.0,1048.0,1049.0,1049.0,0.0,0.0,0.0,83.40462000000002,0.5060710310935974,0.5060710310935974,0.0,1.0,0.528884572207758,0.528884572207758,0.9997632430030374,0.9797632694244385,0.9997632430030374,0.9999913847712638,0.9999913847712638,0.9999897030805097,0.9999897030805097,-0.0,0.0,,1000.0,False,False,False,,[]
1049,1049,1050,True,1.0,1.0,1049.0,1050.0,1049.0,1050.0,1050.0,0.0,0.0,0.0,83.40462000000002,0.5060710310935974,0.5060710310935974,0.0,1.0,0.528884572207758,0.528884572207758,0.9997632430030374,0.9797632694244385,0.9997632430030374,0.9999913847712638,0.9999913847712638,0.9999897030805097,0.9999897030805097,-0.0,0.0,,1000.0,False,False,False,,[]
1050,1050,1051,True,1.0,1.0,1050.0,1051.0,1050.0,1051.0,1051.0,0.0,0.0,0.0,83.40462000000002,0.5060710310935974,0.5060710310935974,0.0,1.0,0.528884572207758,0.528884572207758,0.9997632430030374,0.9797632694244385,0.9997632430030374,0.9999913847712638,0.9999913847712638,0.9999897030805097,0.9999897030805097,-0.0,0.0,,1000.0,False,False,False,,[]
1051,1051,1052,True,1.0,1.0,1051.0,1052.0,1051.0,1052.0,1052.0,0.0,0.0,0.0,83.40462000000002,0.5060710310935974,0.5060710310935974,0.0,1.0,0.528884572207758,0.528884572207758,0.9997632430030374,0.9797632694244385,0.9997632430030374,0.9999913847712638,0.9999913847712638,0.9999897030805097,0.9999897030805097,-0.0,0.0,,1000.0,False,False,False,,[]
1052,1052,1053,True,1.0,1.0,1052.0,1053.0,1052.0,1053.0,1053.0,0.0,0.0,1.9312128,379.86187824,0.5060710310935974,0.5060710310935974,0.0,1.0,0.528884572207758,0.5288752830111525,0.9997632430030374,0.9797632694244385,0.9997632255512418,0.9999913847712638,0.9999913835115791,0.9999897030805097,0.9999897016461382,-0.6147093359218445,-2.407759760144802,,986.4574851262593,False,False,False,,[]
1053,1053,1054,True,1.0,1.0,1053.0,1054.0,1053.0,1054.0,1054.0,0.0,1.9312128,6.437376,775.1691567304929,0.5060710310935974,0.5060710310935974,0.0,1.0,0.5288752830111525,0.5287931211147424,0.9997632255512418,0.9797632694244385,0.9997630597862409,0.9999913835115791,0.999991372372361,0.9999897016461382,0.9999896889621883,-5.435790114898817,-21.29636354949628,,890.8197390994912,False,False,False,,[]
1054,1054,1055,True,1.0,1.0,1054.0,1055.0,1054.0,1055.0,1055.0,0.0,6.437376,11.7482112,899.005793165476,0.5060710906982422,0.5060710906982422,0.0,1.0,0.5287931211147424,0.5286239888644414,0.9997630597862409,0.9797630906105042,0.9997627035304685,0.999991372372361,0.999991360913808,0.9999896889621883,0.9999896569956528,-11.186292185783648,-43.83907927801591,,801.1646266948432,False,False,False,,[]
1055,1055,1056,True,1.0,1.0,1055.0,1056.0,1055.0,1056.0,1056.0,0.0,11.7482112,17.0590464,899.806859288863,0.5060712099075317,0.5060712099075317,0.0,1.0,0.5286239888644414,0.5283592317846907,0.9997627035304685,0.9797627329826355,0.9997621709197567,0.999991360913808,0.9999913452268112,0.9999896569956528,0.9999896063132889,-17.504385655346997,-68.62503507138645,,722.3411014767353,False,False,False,,[]
1056,1056,1057,True,1.0,1.0,1056.0,1057.0,1056.0,1057.0,1057.0,0.0,17.0590464,22.369881600000003,901.0758047409548,0.5060713291168213,0.5060713291168213,0.0,1.0,0.5283592317846907,0.5281040483533392,0.9997621709197567,0.9797621965408325,0.9997616549452188,0.9999913452268112,0.9999913327763206,0.9999896063132889,0.9999895921362426,-16.87011064941745,-66.14354540629154,,749.95776495181,False,False,False,,[]
1057,1057,1058,True,1.0,1.0,1057.0,1058.0,1057.0,1058.0,1058.0,0.0,22.369881600000003,27.358848000000002,853.403086481749,0.5060715079307556,0.5060715079307556,0.0,1.0,0.5281040483533392,0.5277917030705185,0.9997616549452188,0.9797616600990295,0.9997610433966176,0.9999913327763206,0.999991316678697,0.9999895921362426,0.9999895693457541,-20.64326074723744,-80.95989730714065,,708.0206143433683,False,False,False,,[]
1058,1058,1059,True,1.0,1.0,1058.0,1059.0,1058.0,1059.0,1059.0,0.0,27.358848000000002,29.772864000000002,460.1845089614079,0.5060716867446899,0.5060716867446899,0.0,1.0,0.5277917030705185,0.5275920268407319,0.9997610433966176,0.9797610640525818,0.9997606284589192,0.999991316678697,0.9999913051076763,0.9999895693457541,0.9999895513673045,-13.199891238391032,-51.756078760680495,,786.9557551078609,False,False,False,,[]
1059,1059,1060,True,1.0,1.0,1059.0,1060.0,1059.0,1060.0,1060.0,0.0,29.772864000000002,32.18688,461.32842880775667,0.5060718059539795,0.5060718059539795,0.0,1.0,0.5275920268407319,0.5273778649457711,0.9997606284589192,0.9797606468200684,0.999760186429974,0.9999913051076763,0.9999912885568238,0.9999895513673045,0.9999895392534727,-14.155836458786759,-55.51076317385742,,776.9829831993017,False,False,False,,[]
1060,1060,1061,True,1.0,1.0,1060.0,1061.0,1060.0,1061.0,1061.0,0.0,32.18688,35.083699200000005,536.6833324968961,0.506071925163269,0.506071925163269,0.0,1.0,0.5273778649457711,0.5271063738882625,0.999760186429974,0.9797602295875549,0.9997596422647463,0.9999912885568238,0.9999912746944262,0.9999895392534727,0.9999895148883915,-17.940628088814236,-70.37048210620817,,733.0652440255551,False,False,False,,[]
1061,1061,1062,True,1.0,1.0,1061.0,1062.0,1061.0,1062.0,1062.0,0.0,35.083699200000005,37.014912,390.0710137851462,0.5060721039772034,0.5060721039772034,0.0,1.0,0.5271063738882625,0.5268997381044166,0.9997596422647463,0.9797596335411072,0.9997592142499394,0.9999912746944262,0.9999912610411337,0.9999895148883915,0.9999895036661565,-13.656319507502714,-53.559995172863196,,784.7366880614748,False,False,False,,[]
1062,1062,1063,True,1.0,1.0,1062.0,1063.0,1062.0,1063.0,1063.0,0.0,37.014912,38.624256,341.81634644354466,0.5060722231864929,0.5060722231864929,0.0,1.0,0.5268997381044166,0.526712854829961,0.9997592142499394,0.9797592163085938,0.999758823639221,0.9999912610411337,0.9999912510189843,0.9999895036661565,0.9999894933492797,-12.350833166665227,-48.44014473887672,,802.3857351565159,False,False,False,,[]
1063,1063,1064,True,1.0,1.0,1063.0,1064.0,1063.0,1064.0,1064.0,0.0,38.624256,39.911731200000006,293.4164603571306,0.5060723423957825,0.5060723423957825,0.0,1.0,0.526712854829961,0.5265443619444778,0.999758823639221,0.9797588586807251,0.999758468633509,0.9999912510189843,0.9999912404896892,0.9999894933492797,0.9999894841540675,-11.135448540661212,-43.67335591722615,,817.1817604042922,False,False,False,,[]
1064,1064,1065,True,1.0,1.0,1064.0,1065.0,1064.0,1065.0,1065.0,0.0,39.911731200000006,41.19920640000001,294.25512009049163,0.506072461605072,0.506072461605072,0.0,1.0,0.5265443619444778,0.5263704891897396,0.999758468633509,0.9797585010528564,0.9997581031364012,0.9999912404896892,0.9999912301168703,0.9999894841540675,0.9999894746302314,-11.490253420490394,-45.06781802814522,,812.7972517376974,False,False,False,,[]
1065,1065,1066,True,1.0,1.0,1065.0,1066.0,1065.0,1066.0,1066.0,0.0,41.19920640000001,42.647616,319.82604838428944,0.5060725808143616,0.5060725808143616,0.0,1.0,0.5263704891897396,0.5261758734040339,0.9997581031364012,0.9797581434249878,0.9997576977773406,0.9999912301168703,0.9999912203611628,0.9999894746302314,0.9999894624396678,-12.859573173539962,-50.444411654914056,,795.4829532758306,False,False,False,,[]
1066,1066,1067,True,1.0,1.0,1066.0,1067.0,1066.0,1067.0,1067.0,0.0,42.647616,43.130419200000006,172.60471319096405,0.5060727000236511,0.5060727000236511,0.0,1.0,0.5261758734040339,0.526056375158479,0.9997576977773406,0.9797577261924744,0.9997574477160345,0.9999912203611628,0.9999912107917401,0.9999894624396678,0.999989449852149,-7.897475326382839,-30.973945247833143,,857.1467870364972,False,False,False,,[]
1067,1067,1068,True,1.0,1.0,1067.0,1068.0,1067.0,1068.0,1068.0,0.0,43.130419200000006,44.0960256,247.06252593580857,0.5060727596282959,0.5060727596282959,0.0,1.0,0.526056375158479,0.5258925407174552,0.9997574477160345,0.9797574877738953,0.999757101844319,0.9999912107917401,0.9999912002028827,0.999989449852149,0.9999894362299481,-10.82583912521138,-42.46588711338511,,817.9071472221824,False,False,False,,[]
1068,1068,1069,True,1.0,1.0,1068.0,1069.0,1068.0,1069.0,1069.0,0.0,44.0960256,44.9006976,223.05635109944046,0.5060728788375854,0.5060728788375854,0.0,1.0,0.5258925407174552,0.5257392632177558,0.999757101844319,0.9797571301460266,0.9997567768387169,0.9999912002028827,0.9999911896460507,0.9999894362299481,0.9999894225246251,-10.128179343085558,-39.72952792208716,,826.4188146134719,False,False,False,,[]
1069,1069,1070,True,1.0,1.0,1069.0,1070.0,1069.0,1070.0,1070.0,0.0,44.9006976,45.5444352,198.94555861702872,0.506072998046875,0.506072998046875,0.0,1.0,0.5257392632177558,0.5255980658645678,0.9997567768387169,0.979756772518158,0.9997564759864652,0.9999911896460507,0.9999911793741965,0.9999894225246251,0.9999894089795623,-9.329979521356028,-36.598353946325524,,836.7504160882827,False,False,False,,[]
1070,1070,1071,True,1.0,1.0,1070.0,1071.0,1070.0,1071.0,1071.0,0.0,45.5444352,45.061632,26.495074749721603,0.5060730576515198,0.5060730576515198,0.0,1.0,0.5255980658645678,0.5255762159779762,0.9997564759864652,0.9797564744949341,0.999756434429135,0.9999911793741965,0.999991177024412,0.9999894089795623,0.9999894061057949,-1.444288580527591,-5.66349060453182,,969.7165553475783,False,False,False,,[]
1071,1071,1072,True,1.0,1.0,1071.0,1072.0,1071.0,1072.0,1072.0,0.0,45.061632,44.25696000000001,-23.27730033168319,0.5060730576515198,0.5060730576515198,0.0,1.0,0.5255762159779762,0.525585747614472,0.999756434429135,0.9797564744949341,0.9997564165176152,0.999991177024412,0.999991174971035,0.9999894061057949,0.9999894036169166,0.6301231513470889,2.4706001796868895,,1003.2084906522124,False,False,False,,[]
1072,1072,1073,True,1.0,1.0,1072.0,1073.0,1072.0,1073.0,1073.0,0.0,44.25696000000001,43.452288,-23.87342757555632,0.5060730576515198,0.5060730576515198,0.0,1.0,0.525585747614472,0.5255953500021041,0.9997564165176152,0.9797564148902893,0.9997563984718932,0.999991174971035,0.9999911729064318,0.9999894036169166,0.9999894011102917,0.634826914010031,2.488938874252668,,1003.2370319441371,False,False,False,,[]
1073,1073,1074,True,1.0,1.0,1073.0,1074.0,1073.0,1074.0,1074.0,0.0,43.452288,43.452288,99.06504381199298,0.5060730576515198,0.5060730576515198,0.0,1.0,0.5255953500021041,0.5255213878301047,0.9997563984718932,0.9797564148902893,0.9997562504423709,0.9999911729064318,0.9999911659943967,0.9999894011102917,0.9999893919967552,-4.888649480266311,-19.1709949822481,,905.1488248696593,False,False,False,,[]
1074,1074,1075,True,1.0,1.0,1074.0,1075.0,1074.0,1075.0,1075.0,0.0,43.452288,42.3257472,-73.86835682800769,0.5060731172561646,0.5060731172561646,0.0,1.0,0.5255213878301047,0.5255515147808745,0.9997562504423709,0.9797562956809998,0.9997561926766507,0.9999911659943967,0.9999911605336156,0.9999893919967552,0.9999893848345495,1.9919387608581778,7.808905639519121,,1011.8665556189557,False,False,False,,[]
1075,1075,1076,True,1.0,1.0,1075.0,1076.0,1075.0,1076.0,1076.0,0.0,42.3257472,39.428928,-346.42233931265105,0.5060731172561646,0.5060731172561646,0.0,1.0,0.5255515147808745,0.5257160747444141,0.9997561926766507,0.979756236076355,0.999755845379382,0.9999911605336156,0.9999911505093162,0.9999893848345495,0.9999893735090719,10.885530323151333,42.653942549458364,,1121.6804061155874,False,False,False,,[]
1076,1076,1077,True,1.0,1.0,1076.0,1077.0,1076.0,1077.0,1077.0,0.0,39.428928,36.21024,-397.7962021789459,0.5060732364654541,0.5060732364654541,0.0,1.0,0.5257160747444141,0.5258906534047125,0.999755845379382,0.9797558784484863,0.9997554785102623,0.9999911505093162,0.9999911395944796,0.9999893735090719,0.9999893615026069,11.54981695915373,45.25078874936544,,1129.905771235358,False,False,False,,[]
1077,1077,1078,True,1.0,1.0,1077.0,1078.0,1077.0,1078.0,1078.0,0.0,36.21024,34.600896000000006,-152.7678008861147,0.5060733556747437,0.5060733556747437,0.0,1.0,0.5258906534047125,0.5259481734909088,0.9997554785102623,0.9797555208206177,0.9997553652251898,0.9999911395944796,0.999991130031522,0.9999893615026069,0.9999893571860142,3.804422231834838,14.909206342092457,,1033.3909582667504,False,False,False,,[]
1078,1078,1079,True,1.0,1.0,1078.0,1079.0,1078.0,1079.0,1079.0,0.0,34.600896000000006,33.15248640000001,-129.00824013117455,0.5060733556747437,0.5060733556747437,0.0,1.0,0.5259481734909088,0.525992140421238,0.9997553652251898,0.9797554016113281,0.9997552797734005,0.999991130031522,0.9999911221974891,0.9999893571860142,0.9999893506856232,2.9080317906157984,11.396228341320768,,1021.5415819213699,False,False,False,,[]
1079,1079,1080,True,1.0,1.0,1079.0,1080.0,1079.0,1080.0,1080.0,0.0,33.15248640000001,28.968192000000002,-549.8033113322675,0.5060734152793884,0.5060734152793884,0.0,1.0,0.525992140421238,0.5261855655687893,0.9997552797734005,0.9797552824020386,0.9997548766765004,0.9999911221974891,0.9999911054324845,0.9999893506856232,0.9999893362962643,12.799984593684734,50.13579824527652,,1138.9016969267443,False,False,False,,[]
1080,1080,1081,True,1.0,1.0,1080.0,1081.0,1080.0,1081.0,1081.0,0.0,28.968192000000002,24.14016,-650.7783372391144,0.506073534488678,0.506073534488678,0.0,1.0,0.5261855655687893,0.5263826117706167,0.9997548766765004,0.9797549247741699,0.9997544667097438,0.9999911054324845,0.9999910930461372,0.9999893362962643,0.9999893180643865,13.041141345615072,51.07437551367133,,1143.4207527125056,False,False,False,,[]
1081,1081,1082,True,1.0,1.0,1081.0,1082.0,1081.0,1082.0,1082.0,0.0,24.14016,19.794931200000004,-578.7907469004956,0.5060736536979675,0.5060736536979675,0.0,1.0,0.5263826117706167,0.5265303980890764,0.9997544667097438,0.9797545075416565,0.9997541526473152,0.9999910930461372,0.9999910841347508,0.9999893180643865,0.9999893079173194,9.780470865688228,38.30621374476095,,1107.814283027181,False,False,False,,[]
1082,1082,1083,True,1.0,1.0,1082.0,1083.0,1082.0,1083.0,1083.0,0.0,19.794931200000004,17.8637184,-209.80261695259856,0.5060737729072571,0.5060737729072571,0.0,1.0,0.5265303980890764,0.5265740369254515,0.9997541526473152,0.9797541499137878,0.9997540678604097,0.9999910841347508,0.9999910803494909,0.9999893079173194,0.9999893030863976,2.8872953102749324,11.311186388401358,,1027.2677584577502,False,False,False,,[]
1083,1083,1084,True,1.0,1.0,1083.0,1084.0,1083.0,1084.0,1084.0,0.0,17.8637184,17.0590464,-37.47243263720744,0.5060737729072571,0.5060737729072571,0.0,1.0,0.5265740369254515,0.5265787924293567,0.9997540678604097,0.9797540903091431,0.9997540589656885,0.9999910803494909,0.9999910783876822,0.9999893030863976,0.9999893007505025,0.3146125637699381,1.2326266122344014,,999.5685142988805,False,False,False,,[]
1084,1084,1085,True,1.0,1.0,1084.0,1085.0,1084.0,1085.0,1085.0,0.0,17.0590464,16.09344,-62.41028453904544,0.5060737729072571,0.5060737729072571,0.0,1.0,0.5265787924293567,0.5265866373954821,0.9997540589656885,0.9797540903091431,0.9997540442480054,0.9999910783876822,0.9999910755861395,0.9999893007505025,0.9999892971152111,0.5190173129968136,2.0334152196847946,,999.9363678017096,False,False,False,,[]
1085,1085,1086,True,1.0,1.0,1085.0,1086.0,1085.0,1086.0,1086.0,0.0,16.09344,15.288768000000001,-37.97103131577633,0.5060737729072571,0.5060737729072571,0.0,1.0,0.5265866373954821,0.5265908943597145,0.9997540442480054,0.9797540903091431,0.9997540362896379,0.9999910755861395,0.9999910738032239,0.9999892971152111,0.9999892948926975,0.2816392978670573,1.1034051290528901,,999.4559943730718,False,False,False,,[]
1086,1086,1087,True,1.0,1.0,1086.0,1087.0,1086.0,1087.0,1087.0,0.0,15.288768000000001,14.6450304,-13.475709908487998,0.5060737729072571,0.5060737729072571,0.0,1.0,0.5265908943597145,0.5265922606427462,0.9997540362896379,0.9797540307044983,0.9997540337425933,0.9999910738032239,0.9999910731421893,0.9999892948926975,0.999989294113922,0.09039334854896156,0.3541405618167823,,999.6718761148231,False,False,False,,[]
1087,1087,1088,True,1.0,1.0,1087.0,1088.0,1087.0,1088.0,1088.0,0.0,14.6450304,14.0012928,-13.635536456034025,0.5060737729072571,0.5060737729072571,0.0,1.0,0.5265922606427462,0.526593576299119,0.9997540337425933,0.9797540307044983,0.9997540312900491,0.9999910731421893,0.9999910725024465,0.999989294113922,0.9999892933501838,0.0870450293591636,0.3410181318027724,,999.667031862583,False,False,False,,[]
1088,1088,1089,True,1.0,1.0,1088.0,1089.0,1088.0,1089.0,1089.0,0.0,14.0012928,13.8403584,60.32582581652924,0.5060737729072571,0.5060737729072571,0.0,1.0,0.526593576299119,0.5265740703231582,0.9997540312900491,0.9797540307044983,0.9997539942756835,0.9999910725024465,0.9999910702079046,0.9999892933501838,0.9999892900661951,-1.290465233129557,-5.055948969045183,,972.0195018625802,False,False,False,,[]
1089,1089,1090,True,1.0,1.0,1089.0,1090.0,1089.0,1090.0,1090.0,0.0,13.8403584,14.162227200000002,134.40297640781242,0.5060737729072571,0.5060737729072571,0.0,1.0,0.5265740703231582,0.5265333722217898,0.9997539942756835,0.9797540307044983,0.9997539154295533,0.9999910702079046,0.9999910664805648,0.9999892900661951,0.9999892827073372,-2.6923072759946027,-10.548947874683233,,943.6909856120234,False,False,False,,[]
1090,1090,1091,True,1.0,1.0,1090.0,1091.0,1090.0,1091.0,1091.0,0.0,14.162227200000002,14.484096000000001,134.47773398650293,0.5060738325119019,0.5060738325119019,0.0,1.0,0.5265333722217898,0.5264919325996542,0.9997539154295533,0.9797539114952087,0.9997538350885853,0.9999910664805648,0.9999910627869832,0.9999892827073372,0.9999892751751239,-2.7413346189869072,-10.74115005753499,,942.7740722090016,False,False,False,,[]
1091,1091,1092,True,1.0,1.0,1091.0,1092.0,1091.0,1092.0,1092.0,0.0,14.484096000000001,14.0012928,11.030352530221197,0.5060738325119019,0.5060738325119019,0.0,1.0,0.5264919325996542,0.5264880228882534,0.9997538350885853,0.979753851890564,0.9997538277818873,0.9999910627869832,0.9999910622676133,0.9999892751751239,0.9999892745607754,-0.2586658092522358,-1.013397195107803,,994.2590490567381,False,False,False,,[]
1092,1092,1093,True,1.0,1.0,1092.0,1093.0,1092.0,1093.0,1093.0,0.0,14.0012928,13.8403584,60.32582581652924,0.5060738325119019,0.5060738325119019,0.0,1.0,0.5264880228882534,0.5264685168368872,0.9997538277818873,0.979753851890564,0.9997537907673757,0.9999910622676133,0.9999910599730711,0.9999892745607754,0.999989271276787,-1.290465207849269,-5.055968514104661,,972.0194170443802,False,False,False,,[]
1093,1093,1094,True,1.0,1.0,1093.0,1094.0,1093.0,1094.0,1094.0,0.0,13.8403584,12.874752,-63.235195752187934,0.5060738325119019,0.5060738325119019,0.0,1.0,0.5264685168368872,0.5264746615040842,0.9997537907673757,0.9797537922859192,0.9997537792587263,0.9999910599730711,0.9999910576937862,0.999989271276787,0.9999892679737064,0.4065474632340838,1.5926977374509799,,999.4117827825814,False,False,False,,[]
1094,1094,1095,True,1.0,1.0,1094.0,1095.0,1094.0,1095.0,1095.0,0.0,12.874752,11.265408,-162.26824317809658,0.5060738325119019,0.5060738325119019,0.0,1.0,0.5264746615040842,0.5264898558959601,0.9997537792587263,0.9797537922859192,0.9997537505473411,0.9999910576937862,0.9999910534238758,0.9999892679737064,0.9999892603146191,1.005344571389949,3.938386374243457,,1000.3944112803938,False,False,False,,[]
1095,1095,1096,True,1.0,1.0,1095.0,1096.0,1095.0,1096.0,1096.0,0.0,11.265408,8.04672,-409.63818932073013,0.5060738325119019,0.5060738325119019,0.0,1.0,0.5264898558959601,0.5265228736425978,0.9997537505473411,0.9797537922859192,0.9997536870594914,0.9999910534238758,0.9999910473030889,0.9999892603146191,0.9999892448466281,2.184797731213331,8.558199928469065,,1005.1061237322056,False,False,False,,[]
1096,1096,1097,True,1.0,1.0,1096.0,1097.0,1096.0,1097.0,1097.0,0.0,8.04672,6.759244800000001,-113.69650058894396,0.5060738921165466,0.5060738921165466,0.0,1.0,0.5265228736425978,0.526528418635666,0.9997536870594914,0.9797537326812744,0.999753676680092,0.9999910473030889,0.9999910444124605,0.9999892448466281,0.9999892415551793,0.3668919045545183,1.4372622032919569,,998.3277769534935,False,False,False,,[]
1097,1097,1098,True,1.0,1.0,1097.0,1098.0,1097.0,1098.0,1098.0,0.0,6.759244800000001,4.184294400000001,-311.49278073146303,0.5060738921165466,0.5060738921165466,0.0,1.0,0.526528418635666,0.5265396468250114,0.999753676680092,0.9797536730766296,0.9997536555454213,0.9999910444124605,0.9999910385589792,0.9999892415551793,0.9999892348900424,0.7429508815343603,2.910346678331258,,996.6076513368575,False,False,False,,[]
1098,1098,1099,True,1.0,1.0,1098.0,1099.0,1098.0,1099.0,1099.0,0.0,4.184294400000001,1.609344,-311.72650557518665,0.5060738921165466,0.5060738921165466,0.0,1.0,0.5265396468250114,0.5265455956324634,0.9997536555454213,0.9797536730766296,0.9997536444057419,0.9999910385589792,0.9999910354577521,0.9999892348900424,0.9999892313587929,0.393622065397047,1.5419308915542638,,998.2055886442469,False,False,False,,[]
1099,1099,1100,True,1.0,1.0,1099.0,1100.0,1099.0,1100.0,1100.0,0.0,1.609344,0.0,-163.62161313715777,0.5060738921165466,0.5060738921165466,0.0,1.0,0.5265455956324634,0.52654646298588,0.9997536444057419,0.9797536730766296,0.9997536427895981,0.9999910354577521,0.9999910350055861,0.9999892313587929,0.9999892308439285,0.057391010811978234,0.22481800559515455,,999.7387768388663,False,False,False,,[]
1100,1100,1101,True,1.0,1.0,1100.0,1101.0,1100.0,1101.0,1101.0,0.0,0.0,0.16093440000000003,108.10939152000002,0.5060738921165466,0.5060738921165466,0.0,1.0,0.52654646298588,0.5265462426547465,0.9997536427895981,0.9797536730766296,0.9997536423793139,0.9999910350055861,0.9999910349757102,0.9999892308439285,0.99998923080991,-0.014578950945731766,-0.0571098298320844,,999.6748517518173,False,False,False,,[]
1101,1101,1102,True,1.0,1.0,1101.0,1102.0,1101.0,1102.0,1102.0,0.0,0.16093440000000003,0.9656064,206.9286924206284,0.5060738921165466,0.5060738921165466,0.0,1.0,0.5265462426547465,0.5265432905509335,0.9997536423793139,0.9797536730766296,0.999753636867415,0.9999910349757102,0.9999910345754189,0.99998923080991,0.9999892303541136,-0.19533569189080663,-0.7651853083062531,,995.6595403778855,False,False,False,,[]
1102,1102,1103,True,1.0,1.0,1102.0,1103.0,1102.0,1103.0,1103.0,0.0,0.9656064,2.5749504000000005,330.4600687426233,0.5060738921165466,0.5060738921165466,0.0,1.0,0.5265432905509335,0.5265284732857581,0.999753636867415,0.9797536730766296,0.9997536088789777,0.9999910345754189,0.9999910325663307,0.9999892303541136,0.9999892280664411,-0.9804027513953096,-3.840635133454476,,978.5570078564912,False,False,False,,[]
1103,1103,1104,True,1.0,1.0,1103.0,1104.0,1103.0,1104.0,1104.0,0.0,2.5749504000000005,5.793638400000001,577.5550444808762,0.5060738921165466,0.5060738921165466,0.0,1.0,0.5265284732857581,0.5264672542975749,0.9997536088789777,0.9797536134719849,0.9997534878718903,0.9999910325663307,0.99999102426679,0.9999892280664411,0.9999892186160693,-4.05004246407421,-15.867961737087406,,916.5318063406831,False,False,False,,[]
1104,1104,1105,True,1.0,1.0,1104.0,1105.0,1104.0,1105.0,1105.0,0.0,5.793638400000001,11.104473600000002,898.9404876944359,0.5060739517211914,0.5060739517211914,0.0,1.0,0.5264672542975749,0.5262944813856805,0.9997534878718903,0.9797534942626953,0.9997531245145886,0.99999102426679,0.9999910050655677,0.9999892186160693,0.9999891889149811,-11.425840385774784,-44.782738763036754,,794.9056389558062,False,False,False,,[]
1105,1105,1106,True,1.0,1.0,1105.0,1106.0,1105.0,1106.0,1106.0,0.0,11.104473600000002,16.09344,850.275298131919,0.506074070930481,0.506074070930481,0.0,1.0,0.5262944813856805,0.5260600025396028,0.9997531245145886,0.9797531366348267,0.9997526453353377,0.9999910050655677,0.9999909923611257,0.9999891889149811,0.9999891436983416,-15.502527207455383,-60.7769169033095,,746.0916811139175,False,False,False,,[]
1106,1106,1107,True,1.0,1.0,1106.0,1107.0,1106.0,1107.0,1107.0,0.0,16.09344,20.599603200000004,777.2864288442245,0.5060741901397705,0.5060741901397705,0.0,1.0,0.5260600025396028,0.5258348453219687,0.9997526453353377,0.9797526597976685,0.9997521830757166,0.9999909923611257,0.9999909743594408,0.9999891436983416,0.9999891229555095,-14.885289983838462,-58.36075081076377,,763.2843749026974,False,False,False,,[]
1107,1107,1108,True,1.0,1.0,1107.0,1108.0,1107.0,1108.0,1108.0,0.0,20.599603200000004,22.530816,383.3814994160722,0.5060743689537048,0.5060743689537048,0.0,1.0,0.5258348453219687,0.5257156414659833,0.9997521830757166,0.9797521829605103,0.9997519337022761,0.9999909743594408,0.9999909685647855,0.9999891229555095,0.9999891158860211,-7.882597346937255,-30.897639471424828,,864.3002432712132,False,False,False,,[]
1108,1108,1109,True,1.0,1.0,1108.0,1109.0,1108.0,1109.0,1109.0,0.0,22.530816,23.335488,211.1389619170789,0.5060744285583496,0.5060744285583496,0.0,1.0,0.5257156414659833,0.525634341096565,0.9997519337022761,0.9797519445419312,0.9997517698136256,0.9999909685647855,0.999990959590941,0.9999891158860211,0.999989108473672,-5.376592279923667,-21.073055753210994,,897.6052919585908,False,False,False,,[]
1109,1109,1110,True,1.0,1.0,1109.0,1110.0,1109.0,1110.0,1110.0,0.0,23.335488,25.749504,458.49279651258104,0.5060744881629944,0.5060744881629944,0.0,1.0,0.525634341096565,0.5254587333624908,0.9997517698136256,0.9797517657279968,0.9997514009462973,0.999990959590941,0.9999909459124978,0.999989108473672,0.9999890932350601,-11.609687250634323,-45.51752467202347,,805.534653402488,False,False,False,,[]
1110,1110,1111,True,1.0,1.0,1110.0,1111.0,1110.0,1111.0,1111.0,0.0,25.749504,29.129126400000004,607.7042300076145,0.5060745477676392,0.5060745477676392,0.0,1.0,0.5254587333624908,0.5252036067921986,0.9997514009462973,0.9797514081001282,0.999750885071292,0.9999909459124978,0.9999909284347424,0.9999890932350601,0.9999890719391847,-16.86154793102733,-66.12880701975281,,743.224927840348,False,False,False,,[]
1111,1111,1112,True,1.0,1.0,1111.0,1112.0,1111.0,1112.0,1112.0,0.0,29.129126400000004,32.18688,559.8330174877459,0.5060747265815735,0.5060747265815735,0.0,1.0,0.5252036067921986,0.5249561186944051,0.999750885071292,0.97975093126297,0.9997503826438506,0.9999909284347424,0.9999909156741403,0.9999890719391847,0.9999890582417625,-16.35557576113247,-64.14891494808404,,755.1792841409631,False,False,False,,[]
1112,1112,1113,True,1.0,1.0,1112.0,1113.0,1112.0,1113.0,1113.0,0.0,32.18688,33.796224,339.0451603368957,0.5060749053955078,0.5060749053955078,0.0,1.0,0.5249561186944051,0.5247846422613258,0.9997503826438506,0.979750394821167,0.9997500218122439,0.9999909156741403,0.9999909043473092,0.9999890582417625,0.9999890432052118,-11.333963819916287,-44.44669145414082,,810.4233568190368,False,False,False,,[]
1113,1113,1114,True,1.0,1.0,1113.0,1114.0,1113.0,1114.0,1114.0,0.0,33.796224,34.1180928,142.28775275342724,0.5060749650001526,0.5060749650001526,0.0,1.0,0.5247846422613258,0.5247057148755793,0.9997500218122439,0.9797500371932983,0.9997498630760724,0.9999909043473092,0.999990895927709,0.9999890432052118,0.9999890369247388,-5.2180588384701,-20.457978385502614,,901.3060208573596,False,False,False,,[]
1114,1114,1115,True,1.0,1.0,1114.0,1115.0,1114.0,1115.0,1115.0,0.0,34.1180928,34.2790272,117.76428984381701,0.5060750246047974,0.5060750246047974,0.0,1.0,0.5247057148755793,0.5246415090127189,0.9997498630760724,0.979749858379364,0.9997497357936772,0.999990895927709,0.9999908885729404,0.9999890369247388,0.9999890337106517,-4.244938884460567,-16.642159653412687,,919.5377286935483,False,False,False,,[]
1115,1115,1116,True,1.0,1.0,1115.0,1116.0,1115.0,1116.0,1116.0,0.0,34.2790272,34.4399616,117.85558861089457,0.5060750842094421,0.5060750842094421,0.0,1.0,0.5246415090127189,0.5245767185887054,0.9997497357936772,0.9797497391700745,0.9997496072789706,0.9999908885729404,0.9999908810427942,0.9999890337106517,0.9999890304789364,-4.283561890012329,-16.793677904303195,,918.7766895427576,False,False,False,,[]
1116,1116,1117,True,1.0,1.0,1116.0,1117.0,1116.0,1117.0,1117.0,0.0,34.4399616,34.9227648,167.3568600592332,0.5060751438140869,0.5060751438140869,0.0,1.0,0.5245767185887054,0.5244859289682062,0.9997496072789706,0.9797496199607849,0.9997494225546284,0.9999908810427942,0.9999908715050747,0.9999890304789364,0.9999890258468592,-6.001959419474214,-23.532669633369558,,890.1296494023985,False,False,False,,[]
1117,1117,1118,True,1.0,1.0,1117.0,1118.0,1117.0,1118.0,1118.0,0.0,34.9227648,36.21024,291.1584807317818,0.5060751438140869,0.5060751438140869,0.0,1.0,0.5244859289682062,0.5243275052096891,0.9997494225546284,0.9797494411468506,0.9997490873486646,0.9999908715050747,0.9999908568405201,0.9999890258468592,0.9999890175825472,-10.470753587630247,-41.063438207648844,,823.1311566687242,False,False,False,,[]
1118,1118,1119,True,1.0,1.0,1118.0,1119.0,1118.0,1119.0,1119.0,0.0,36.21024,37.014912,217.80377191388533,0.5060752630233765,0.5060752630233765,0.0,1.0,0.5243275052096891,0.5242070357460364,0.9997490873486646,0.9797490835189819,0.9997488350153625,0.9999908568405201,0.999990846607243,0.9999890175825472,0.9999890112185251,-7.9628260538636875,-31.225684978758476,,860.3630043253071,False,False,False,,[]
1119,1119,1120,True,1.0,1.0,1119.0,1120.0,1119.0,1120.0,1120.0,0.0,37.014912,38.302387200000005,292.40680340354527,0.5060753226280212,0.5060753226280212,0.0,1.0,0.5242070357460364,0.5240452719824958,0.9997488350153625,0.9797488451004028,0.9997484932182816,0.999990846607243,0.9999908359574868,0.9999890112185251,0.9999890024305633,-10.690631558229,-41.92916750972406,,822.7871292913502,False,False,False,,[]
1120,1120,1121,True,1.0,1.0,1120.0,1121.0,1120.0,1121.0,1121.0,0.0,38.302387200000005,39.428928,268.5063203163572,0.5060754418373108,0.5060754418373108,0.0,1.0,0.5240452719824958,0.5238912039546046,0.9997484932182816,0.9797484874725342,0.9997481666422721,0.9999908359574868,0.9999908252639236,0.9999890024305633,0.999988994102263,-10.181834556028404,-39.93443282940604,,829.3610447646776,False,False,False,,[]
1121,1121,1122,True,1.0,1.0,1121.0,1122.0,1121.0,1122.0,1122.0,0.0,39.428928,40.2336,219.82308582105495,0.5060755610466003,0.5060755610466003,0.0,1.0,0.5238912039546046,0.5237603512497788,0.9997481666422721,0.9797481894493103,0.9997478897622103,0.9999908252639236,0.9999908150795627,0.999988994102263,0.9999889871145812,-8.647903005661327,-33.91702109086183,,850.5478883138874,False,False,False,,[]
1122,1122,1123,True,1.0,1.0,1122.0,1123.0,1122.0,1123.0,1123.0,0.0,40.2336,40.0726656,72.12613775640035,0.5060756206512451,0.5060756206512451,0.0,1.0,0.5237603512497788,0.52371209141485,0.9997478897622103,0.9797478914260864,0.999747795572228,0.9999908150795627,0.999990810037872,0.9999889871145812,0.9999889825495099,-3.190175929516725,-12.508949213549805,,936.9563353938977,False,False,False,,[]
1123,1123,1124,True,1.0,1.0,1123.0,1124.0,1123.0,1124.0,1124.0,0.0,40.0726656,39.911731200000006,72.01894226281757,0.5060756206512451,0.5060756206512451,0.0,1.0,0.52371209141485,0.5236640072245785,0.999747795572228,0.9797478318214417,0.9997477017411801,0.999990810037872,0.9999908050139339,0.9999889825495099,0.9999889779507339,-3.1785934916362675,-12.463422118369841,,937.1280692722098,False,False,False,,[]
1124,1124,1125,True,1.0,1.0,1124.0,1125.0,1124.0,1125.0,1125.0,0.0,39.911731200000006,40.2336,146.02649097049067,0.5060756802558899,0.5060756802558899,0.0,1.0,0.5236640072245785,0.5235741835584901,0.9997477017411801,0.9797477126121521,0.9997475191548277,0.9999908050139339,0.9999907965198497,0.9999889779507339,0.9999889732807486,-5.937039211355704,-23.282294250124792,,891.8646481439448,False,False,False,,[]
1125,1125,1126,True,1.0,1.0,1125.0,1126.0,1125.0,1126.0,1126.0,0.0,40.2336,40.8773376,195.64999535639973,0.5060757398605347,0.5060757398605347,0.0,1.0,0.5235741835584901,0.5234497503410019,0.9997475191548277,0.9797475337982178,0.9997472575065077,0.9999907965198497,0.9999907865571729,0.9999889732807486,0.9999889624279392,-8.223632086726065,-32.253089972933196,,853.6694937467877,False,False,False,,[]
1126,1126,1127,True,1.0,1.0,1126.0,1127.0,1126.0,1127.0,1127.0,0.0,40.8773376,41.521075200000006,196.08307374330025,0.5060757994651794,0.5060757994651794,0.0,1.0,0.5234497503410019,0.5233139770926838,0.9997472575065077,0.9797472953796387,0.9997469688284923,0.9999907865571729,0.99999077660162,0.9999889624279392,0.9999889444140683,-8.972534728463048,-35.192425964052724,,838.4967447589268,False,False,False,,[]
1127,1127,1128,True,1.0,1.0,1127.0,1128.0,1127.0,1128.0,1128.0,0.0,41.521075200000006,41.842944,147.11348335030897,0.506075918674469,0.506075918674469,0.0,1.0,0.5233139770926838,0.5232097210095472,0.9997469688284923,0.9797469973564148,0.9997467538917595,0.99999077660162,0.9999907679138941,0.9999889444140683,0.9999889310032062,-6.890214357758897,-27.023176748989208,,871.1952279189071,False,False,False,,[]
1128,1128,1129,True,1.0,1.0,1128.0,1129.0,1128.0,1129.0,1129.0,0.0,41.842944,42.4866816,196.74558056135297,0.5060759782791138,0.5060759782791138,0.0,1.0,0.5232097210095472,0.5230780432454621,0.9997467538917595,0.9797467589378357,0.9997464750409214,0.9999907679138941,0.9999907578856987,0.9999889310032062,0.9999889179097557,-8.70161368634566,-34.13087645086424,,845.5340416781244,False,False,False,,[]
1129,1129,1130,True,1.0,1.0,1129.0,1130.0,1129.0,1130.0,1130.0,0.0,42.4866816,42.80855040000001,147.78630155852895,0.5060760378837585,0.5060760378837585,0.0,1.0,0.5230780432454621,0.5229741611808123,0.9997464750409214,0.9797465205192566,0.9997462609536204,0.9999907578856987,0.9999907491017969,0.9999889179097557,0.9999889062640861,-6.865220607014739,-26.926231157232444,,872.8133229329873,False,False,False,,[]
1130,1130,1131,True,1.0,1.0,1130.0,1131.0,1130.0,1131.0,1131.0,0.0,42.80855040000001,43.2913536,172.71878294465438,0.5060760974884033,0.5060760974884033,0.0,1.0,0.5229741611808123,0.5228541909704187,0.9997462609536204,0.9797462821006775,0.9997460097887455,0.9999907491017969,0.9999907395187982,0.9999889062640861,0.999988893641675,-7.927922895635085,-31.096278534009468,,856.6835957126851,False,False,False,,[]
1131,1131,1132,True,1.0,1.0,1131.0,1132.0,1131.0,1132.0,1132.0,0.0,43.2913536,43.452288,123.65402701327396,0.5060762166976929,0.5060762166976929,0.0,1.0,0.5228541909704187,0.5227641327549793,0.9997460097887455,0.9797460436820984,0.999745826683611,0.9999907395187982,0.9999907315685328,0.999988893641675,0.9999888830384037,-5.951705978640855,-23.34308944187932,,887.372652514646,False,False,False,,[]
1132,1132,1133,True,1.0,1.0,1132.0,1133.0,1132.0,1133.0,1133.0,0.0,43.452288,43.452288,99.06504381199298,0.5060762166976929,0.5060762166976929,0.0,1.0,0.5227641327549793,0.5226901634391473,0.999745826683611,0.9797458648681641,0.9997456786387563,0.9999907315685328,0.999990724656468,0.9999888830384037,0.99998887392491,-4.888648873718177,-19.172846663667908,,905.1417264904984,False,False,False,,[]
1133,1133,1134,True,1.0,1.0,1133.0,1134.0,1133.0,1134.0,1134.0,0.0,43.452288,43.452288,99.06504381199298,0.5060762763023376,0.5060762763023376,0.0,1.0,0.5226901634391473,0.5226161941599536,0.9997456786387563,0.9797456860542297,0.9997455305939802,0.999990724656468,0.9999907177444026,0.99998887392491,0.9999888648114171,-4.888648862273552,-19.17283716701212,,905.1417632203703,False,False,False,,[]
1134,1134,1135,True,1.0,1.0,1134.0,1135.0,1134.0,1135.0,1135.0,0.0,43.452288,43.2913536,74.36027229199233,0.5060763359069824,0.5060763359069824,0.0,1.0,0.5226161941599536,0.522559515390612,0.9997455305939802,0.9797455668449402,0.9997454190577063,0.9999907177444026,0.9999907122089072,0.9999888648114171,0.9999888575294298,-3.7461204365969465,-14.691137013366253,,925.369094094299,False,False,False,,[]
1135,1135,1136,True,1.0,1.0,1135.0,1136.0,1135.0,1136.0,1136.0,0.0,43.2913536,43.130419200000006,74.24448397327461,0.5060763359069824,0.5060763359069824,0.0,1.0,0.522559515390612,0.5225031203155567,0.9997454190577063,0.9797454476356506,0.9997453081105003,0.9999907122089072,0.9999907066953656,0.9999888575294298,0.9999888502836437,-3.7274030959239646,-14.617603454322278,,925.7123920553834,False,False,False,,[]
1136,1136,1137,True,1.0,1.0,1136.0,1137.0,1136.0,1137.0,1137.0,0.0,43.130419200000006,43.130419200000006,98.83389681581048,0.5060763955116272,0.5060763955116272,0.0,1.0,0.5225031203155567,0.5224298555390084,0.9997453081105003,0.9797453284263611,0.9997451615767659,0.9999907066953656,0.9999906998455655,0.9999888502836437,0.9999888412531537,-4.842178023590539,-18.990230081288377,,905.9625051909957,False,False,False,,[]
1137,1137,1138,True,1.0,1.0,1137.0,1138.0,1137.0,1138.0,1138.0,0.0,43.130419200000006,42.647616,24.719582255809495,0.506076455116272,0.506076455116272,0.0,1.0,0.5224298555390084,0.522410538237292,0.9997451615767659,0.9797452092170715,0.9997451249271919,0.9999906998455655,0.999990697759752,0.9999888412531537,0.9999888387148509,-1.2769266291737633,-5.007044604891205,,973.1352626044928,False,False,False,,[]
1138,1138,1139,True,1.0,1.0,1138.0,1139.0,1138.0,1139.0,1139.0,0.0,42.647616,42.4866816,73.78562711096241,0.506076455116272,0.506076455116272,0.0,1.0,0.522410538237292,0.5223552570408836,0.9997451249271919,0.9797451496124268,0.9997450162897862,0.999990697759752,0.9999906923338796,0.9999888387148509,0.9999888316047232,-3.653911749373294,-14.328886109046651,,927.0581926478413,False,False,False,,[]
1139,1139,1140,True,1.0,1.0,1139.0,1140.0,1139.0,1140.0,1140.0,0.0,42.4866816,41.842944,-0.44232756147110913,0.5060765147209167,0.5060765147209167,0.0,1.0,0.5223552570408836,0.5223554502367225,0.9997450162897862,0.9797450304031372,0.9997450159300408,0.9999906923338796,0.9999906923208077,0.9999888316047232,0.9999888315600702,0.012771960052264693,0.0500763614523279,,1000.0995063800343,False,False,False,,[]
1140,1140,1141,True,1.0,1.0,1140.0,1141.0,1140.0,1141.0,1141.0,0.0,41.842944,41.038272000000006,-25.597363118646086,0.5060765147209167,0.5060765147209167,0.0,1.0,0.5223554502367225,0.5223644114940604,0.9997450159300408,0.9797450304031372,0.9997449990997513,0.9999906923208077,0.9999906902389643,0.9999888315600702,0.9999888280494403,0.5924566370136477,2.3227579020059355,,1001.6886015837233,False,False,False,,[]
1141,1141,1142,True,1.0,1.0,1141.0,1142.0,1141.0,1142.0,1142.0,0.0,41.038272000000006,39.58986240000001,-124.96961231683248,0.5060765147209167,0.5060765147209167,0.0,1.0,0.5223644114940604,0.5224189621690177,0.9997449990997513,0.9797450304031372,0.9997448919745344,0.9999906902389643,0.9999906825532305,0.9999888280494403,0.99998882380508,3.607173842480304,14.139534948932644,,1032.9597405971417,False,False,False,,[]
1142,1142,1143,True,1.0,1.0,1142.0,1143.0,1142.0,1143.0,1143.0,0.0,39.58986240000001,37.819584000000006,-175.34778157039034,0.5060765147209167,0.5060765147209167,0.0,1.0,0.5224189621690177,0.5224936597937351,0.9997448919745344,0.9797449111938477,0.9997447423654604,0.9999906825532305,0.9999906732494911,0.99998882380508,0.9999888183888246,4.939990451583293,19.361624326742525,,1047.138754659874,False,False,False,,[]
1143,1143,1144,True,1.0,1.0,1143.0,1144.0,1143.0,1144.0,1144.0,0.0,37.819584000000006,34.600896000000006,-398.8273411953734,0.5060765743255615,0.5060765743255615,0.0,1.0,0.5224936597937351,0.5226562145530819,0.9997447423654604,0.9797447323799133,0.999744399010822,0.9999906732494911,0.9999906573748684,0.9999888183888246,0.9999888068635528,10.753922350740199,42.134193622701794,,1112.123639189468,False,False,False,,[]
1144,1144,1145,True,1.0,1.0,1144.0,1145.0,1144.0,1145.0,1145.0,0.0,34.600896000000006,32.18688,-277.2368692511746,0.5060766935348511,0.5060766935348511,0.0,1.0,0.5226562145530819,0.5227541815270526,0.999744399010822,0.9797444343566895,0.9997441982786588,0.9999906573748684,0.9999906456986175,0.9999888068635528,0.9999887934065833,6.480397302183805,25.393039653209826,,1055.6992601443387,False,False,False,,[]
1145,1145,1146,True,1.0,1.0,1145.0,1146.0,1145.0,1146.0,1146.0,0.0,32.18688,28.163520000000002,-525.6218428631047,0.5060767531394958,0.5060767531394958,0.0,1.0,0.5227541815270526,0.5229335117323547,0.9997441982786588,0.9797441959381104,0.999743822202318,0.9999906456986175,0.999990629166156,0.9999887934065833,0.9999887807487827,11.866330777989806,46.482389214309976,,1126.8015842043583,False,False,False,,[]
1146,1146,1147,True,1.0,1.0,1146.0,1147.0,1146.0,1147.0,1147.0,0.0,28.163520000000002,25.749504,-280.58807105456407,0.5060768723487854,0.5060768723487854,0.0,1.0,0.5229335117323547,0.5230201970569514,0.999743822202318,0.9797438383102417,0.999743646535485,0.999990629166156,0.999990622514937,0.9999887807487827,0.999988774712529,5.734899357972287,22.46883613544755,,1059.8060964591666,False,False,False,,[]
1147,1147,1148,True,1.0,1.0,1147.0,1148.0,1147.0,1148.0,1148.0,0.0,25.749504,22.530816,-405.19140231238646,0.5060769319534302,0.5060769319534302,0.0,1.0,0.5230201970569514,0.5231271796373532,0.999743646535485,0.9797436594963074,0.9997434253886763,0.999990622514937,0.9999906092070078,0.999988774712529,0.9999887660111916,7.078586021758046,27.729884840168083,,1067.0748673714434,False,False,False,,[]
1148,1148,1149,True,1.0,1.0,1148.0,1149.0,1148.0,1149.0,1149.0,0.0,22.530816,17.2199808,-727.6423558429215,0.506076991558075,0.506076991558075,0.0,1.0,0.5231271796373532,0.5232952708734379,0.9997434253886763,0.9797434210777283,0.9997430711686953,0.9999906092070078,0.9999905990707222,0.9999887660111916,0.9999887544695312,11.124755165455872,43.56924839313589,,1124.8483743627387,False,False,False,,[]
1149,1149,1150,True,1.0,1.0,1149.0,1150.0,1149.0,1150.0,1150.0,0.0,17.2199808,11.909145600000002,-729.3933587851911,0.5060770511627197,0.5060770511627197,0.0,1.0,0.5232952708734379,0.5233898615489737,0.9997430711686953,0.9797430634498596,0.9997428779935904,0.9999905990707222,0.9999905889782376,0.9999887544695312,0.9999887129273041,6.259390380705571,24.51790309888316,,1024.2107581934015,False,False,False,,[]
1150,1150,1151,True,1.0,1.0,1150.0,1151.0,1150.0,1151.0,1151.0,0.0,11.909145600000002,6.5983104,-730.6764823987593,0.5060771107673645,0.5060771107673645,0.0,1.0,0.5233898615489737,0.5234471552710853,0.9997428779935904,0.9797428846359253,0.9997427651793239,0.9999905889782376,0.9999905794294083,0.9999887129273041,0.9999886864866427,3.7910877525112916,14.850532771339248,,1010.1242785211919,False,False,False,,[]
1151,1151,1152,True,1.0,1.0,1151.0,1152.0,1151.0,1152.0,1152.0,0.0,6.5983104,1.2874752000000003,-731.4917266836218,0.5060771703720093,0.5060771703720093,0.0,1.0,0.5234471552710853,0.5234661567662906,0.9997427651793239,0.9797427654266357,0.9997427291400468,0.9999905794294083,0.9999905695241537,0.9999886864866427,0.9999886752080532,1.257212534892491,4.925187557196223,,994.2470117516156,False,False,False,,[]
1152,1152,1153,True,1.0,1.0,1152.0,1153.0,1152.0,1153.0,1153.0,0.0,1.2874752000000003,0.0,-114.219803639781,0.5060771703720093,0.5060771703720093,0.0,1.0,0.5234661567662906,0.5234666411952129,0.9997427291400468,0.9797427654266357,0.9997427282377461,0.9999905695241537,0.9999905692716361,0.9999886752080532,0.9999886749205249,0.03205048457816015,0.12556397666135274,,999.8541742258147,False,False,False,,[]
1153,1153,1154,True,1.0,1.0,1153.0,1154.0,1153.0,1154.0,1154.0,0.0,0.0,0.0,83.40462000000002,0.5060771703720093,0.5060771703720093,0.0,1.0,0.5234666411952129,0.5234666411952129,0.9997427282377461,0.9797427654266357,0.9997427282377461,0.9999905692716361,0.9999905692716361,0.9999886749205249,0.9999886749205249,-0.0,0.0,,1000.0,False,False,False,,[]
1154,1154,1155,True,1.0,1.0,1154.0,1155.0,1154.0,1155.0,1155.0,0.0,0.0,0.0,83.40462000000002,0.5060771703720093,0.5060771703720093,0.0,1.0,0.5234666411952129,0.5234666411952129,0.9997427282377461,0.9797427654266357,0.9997427282377461,0.9999905692716361,0.9999905692716361,0.9999886749205249,0.9999886749205249,-0.0,0.0,,1000.0,False,False,False,,[]
1155,1155,1156,True,1.0,1.0,1155.0,1156.0,1155.0,1156.0,1156.0,0.0,0.0,0.0,83.40462000000002,0.5060771703720093,0.5060771703720093,0.0,1.0,0.5234666411952129,0.5234666411952129,0.9997427282377461,0.9797427654266357,0.9997427282377461,0.9999905692716361,0.9999905692716361,0.9999886749205249,0.9999886749205249,-0.0,0.0,,1000.0,False,False,False,,[]
1156,1156,1157,True,1.0,1.0,1156.0,1157.0,1156.0,1157.0,1157.0,0.0,0.0,0.0,83.40462000000002,0.5060771703720093,0.5060771703720093,0.0,1.0,0.5234666411952129,0.5234666411952129,0.9997427282377461,0.9797427654266357,0.9997427282377461,0.9999905692716361,0.9999905692716361,0.9999886749205249,0.9999886749205249,-0.0,0.0,,1000.0,False,False,False,,[]
1157,1157,1158,True,1.0,1.0,1157.0,1158.0,1157.0,1158.0,1158.0,0.0,0.0,0.0,83.40462000000002,0.5060771703720093,0.5060771703720093,0.0,1.0,0.5234666411952129,0.5234666411952129,0.9997427282377461,0.9797427654266357,0.9997427282377461,0.9999905692716361,0.9999905692716361,0.9999886749205249,0.9999886749205249,-0.0,0.0,,1000.0,False,False,False,,[]
1158,1158,1159,True,1.0,1.0,1158.0,1159.0,1158.0,1159.0,1159.0,0.0,0.0,0.0,83.40462000000002,0.5060771703720093,0.5060771703720093,0.0,1.0,0.5234666411952129,0.5234666411952129,0.9997427282377461,0.9797427654266357,0.9997427282377461,0.9999905692716361,0.9999905692716361,0.9999886749205249,0.9999886749205249,-0.0,0.0,,1000.0,False,False,False,,[]
1159,1159,1160,True,1.0,1.0,1159.0,1160.0,1159.0,1160.0,1160.0,0.0,0.0,0.0,83.40462000000002,0.5060771703720093,0.5060771703720093,0.0,1.0,0.5234666411952129,0.5234666411952129,0.9997427282377461,0.9797427654266357,0.9997427282377461,0.9999905692716361,0.9999905692716361,0.9999886749205249,0.9999886749205249,-0.0,0.0,,1000.0,False,False,False,,[]
1160,1160,1161,True,1.0,1.0,1160.0,1161.0,1160.0,1161.0,1161.0,0.0,0.0,0.0,83.40462000000002,0.5060771703720093,0.5060771703720093,0.0,1.0,0.5234666411952129,0.5234666411952129,0.9997427282377461,0.9797427654266357,0.9997427282377461,0.9999905692716361,0.9999905692716361,0.9999886749205249,0.9999886749205249,-0.0,0.0,,1000.0,False,False,False,,[]
1161,1161,1162,True,1.0,1.0,1161.0,1162.0,1161.0,1162.0,1162.0,0.0,0.0,0.0,83.40462000000002,0.5060771703720093,0.5060771703720093,0.0,1.0,0.5234666411952129,0.5234666411952129,0.9997427282377461,0.9797427654266357,0.9997427282377461,0.9999905692716361,0.9999905692716361,0.9999886749205249,0.9999886749205249,-0.0,0.0,,1000.0,False,False,False,,[]
1162,1162,1163,True,1.0,1.0,1162.0,1163.0,1162.0,1163.0,1163.0,0.0,0.0,0.0,83.40462000000002,0.5060771703720093,0.5060771703720093,0.0,1.0,0.5234666411952129,0.5234666411952129,0.9997427282377461,0.9797427654266357,0.9997427282377461,0.9999905692716361,0.9999905692716361,0.9999886749205249,0.9999886749205249,-0.0,0.0,,1000.0,False,False,False,,[]
1163,1163,1164,True,1.0,1.0,1163.0,1164.0,1163.0,1164.0,1164.0,0.0,0.0,0.0,83.40462000000002,0.5060771703720093,0.5060771703720093,0.0,1.0,0.5234666411952129,0.5234666411952129,0.9997427282377461,0.9797427654266357,0.9997427282377461,0.9999905692716361,0.9999905692716361,0.9999886749205249,0.9999886749205249,-0.0,0.0,,1000.0,False,False,False,,[]
1164,1164,1165,True,1.0,1.0,1164.0,1165.0,1164.0,1165.0,1165.0,0.0,0.0,0.0,83.40462000000002,0.5060771703720093,0.5060771703720093,0.0,1.0,0.5234666411952129,0.5234666411952129,0.9997427282377461,0.9797427654266357,0.9997427282377461,0.9999905692716361,0.9999905692716361,0.9999886749205249,0.9999886749205249,-0.0,0.0,,1000.0,False,False,False,,[]
1165,1165,1166,True,1.0,1.0,1165.0,1166.0,1165.0,1166.0,1166.0,0.0,0.0,0.0,83.40462000000002,0.5060771703720093,0.5060771703720093,0.0,1.0,0.5234666411952129,0.5234666411952129,0.9997427282377461,0.9797427654266357,0.9997427282377461,0.9999905692716361,0.9999905692716361,0.9999886749205249,0.9999886749205249,-0.0,0.0,,1000.0,False,False,False,,[]
1166,1166,1167,True,1.0,1.0,1166.0,1167.0,1166.0,1167.0,1167.0,0.0,0.0,0.0,83.40462000000002,0.5060771703720093,0.5060771703720093,0.0,1.0,0.5234666411952129,0.5234666411952129,0.9997427282377461,0.9797427654266357,0.9997427282377461,0.9999905692716361,0.9999905692716361,0.9999886749205249,0.9999886749205249,-0.0,0.0,,1000.0,False,False,False,,[]
1167,1167,1168,True,1.0,1.0,1167.0,1168.0,1167.0,1168.0,1168.0,0.0,0.0,0.0,83.40462000000002,0.5060771703720093,0.5060771703720093,0.0,1.0,0.5234666411952129,0.5234666411952129,0.9997427282377461,0.9797427654266357,0.9997427282377461,0.9999905692716361,0.9999905692716361,0.9999886749205249,0.9999886749205249,-0.0,0.0,,1000.0,False,False,False,,[]
1168,1168,1169,True,1.0,1.0,1168.0,1169.0,1168.0,1169.0,1169.0,0.0,0.0,3.3796224000000006,602.2048219200002,0.5060771703720093,0.5060771703720093,0.0,1.0,0.5234666411952129,0.5234408662516341,0.9997427282377461,0.9797427654266357,0.9997426790265682,0.9999905692716361,0.9999905657768253,0.9999886749205249,0.9999886709411687,-1.7054004571382972,-6.680865375622328,,963.2331699748652,False,False,False,,[]
1169,1169,1170,True,1.0,1.0,1169.0,1170.0,1169.0,1170.0,1170.0,0.0,3.3796224000000006,8.690457600000002,898.7568160571348,0.5060771703720093,0.5060771703720093,0.0,1.0,0.5234408662516341,0.5233034328635469,0.9997426790265682,0.979742705821991,0.9997423863438523,0.9999905657768253,0.9999905471489378,0.9999886709411687,0.9999886497305787,-9.090050838239401,-35.62273419222511,,828.8161902588794,False,False,False,,[]
1170,1170,1171,True,1.0,1.0,1170.0,1171.0,1170.0,1171.0,1171.0,0.0,8.690457600000002,14.0012928,899.2884971124795,0.5060772895812988,0.5060772895812988,0.0,1.0,0.5233034328635469,0.5231015487236168,0.9997423863438523,0.9797424077987671,0.9997419672453107,0.9999905471489378,0.9999905399976818,0.9999886497305787,0.9999886098310894,-13.349502890173117,-52.32836906987271,,774.6865053371671,False,False,False,,[]
1171,1171,1172,True,1.0,1.0,1171.0,1172.0,1171.0,1172.0,1172.0,0.0,14.0012928,19.312128,900.2880574965296,0.5060774087905884,0.5060774087905884,0.0,1.0,0.5231015487236168,0.5228665015709881,0.9997419672453107,0.9797419905662537,0.9997414870415188,0.9999905399976818,0.9999905294873578,0.9999886098310894,0.9999885810791326,-15.539530644959619,-60.92422196133847,,756.240984964282,False,False,False,,[]
1172,1172,1173,True,1.0,1.0,1172.0,1173.0,1172.0,1173.0,1173.0,0.0,19.312128,24.622963200000004,901.7554972092832,0.5060775279998779,0.5060775279998779,0.0,1.0,0.5228665015709881,0.5225818806028776,0.9997414870415188,0.9797415137290955,0.9997409207044609,0.9999905294873578,0.999990515603319,0.9999885810791326,0.9999885652701347,-18.81230294871377,-73.77375493426312,,729.4224223647284,False,False,False,,[]
1173,1173,1174,True,1.0,1.0,1173.0,1174.0,1173.0,1174.0,1174.0,0.0,24.622963200000004,29.933798400000004,903.6908162507398,0.5060777068138123,0.5060777068138123,0.0,1.0,0.5225818806028776,0.5222235978873484,0.9997409207044609,0.9797409176826477,0.9997402393328719,0.999990515603319,0.9999904949557088,0.9999885652701347,0.9999885455970571,-23.672915865600466,-92.86687986516078,,681.7838312815367,False,False,False,,[]
1174,1174,1175,True,1.0,1.0,1174.0,1175.0,1174.0,1175.0,1175.0,0.0,29.933798400000004,33.957158400000004,708.4558424609021,0.5060779452323914,0.5060779452323914,0.0,1.0,0.5222235978873484,0.5218897906892982,0.9997402393328719,0.9797402620315552,0.9997395943470906,0.9999904949557088,0.999990475920867,0.9999885455970571,0.9999885228612511,-22.054338804569092,-86.52282573461522,,694.4075906838873,False,False,False,,[]
1175,1175,1176,True,1.0,1.0,1175.0,1176.0,1175.0,1176.0,1176.0,0.0,33.957158400000004,37.014912,562.3593080779934,0.5060781240463257,0.5060781240463257,0.0,1.0,0.5218897906892982,0.5216004417477148,0.9997395943470906,0.9797396063804626,0.9997390201438427,0.999990475920867,0.9999904597947707,0.9999885228612511,0.9999885069353194,-19.117288528585053,-74.99924565840205,,725.2571483648683,False,False,False,,[]
1176,1176,1177,True,1.0,1.0,1176.0,1177.0,1176.0,1177.0,1177.0,0.0,37.014912,37.819584000000006,218.2924888435453,0.50607830286026,0.50607830286026,0.0,1.0,0.5216004417477148,0.5214773696109981,0.9997390201438427,0.9797390103340149,0.9997387617018406,0.9999904597947707,0.9999904495444886,0.9999885069353194,0.999988500416875,-8.134798495499677,-31.90029783696453,,857.864642308921,False,False,False,,[]
1177,1177,1178,True,1.0,1.0,1177.0,1178.0,1177.0,1178.0,1178.0,0.0,37.819584000000006,37.014912,-28.255768395373284,0.5060783624649048,0.5060783624649048,0.0,1.0,0.5214773696109981,0.5214864682544531,0.9997387617018406,0.9797387719154358,0.9997387446112271,0.9999904495444886,0.999990447465352,0.999988500416875,0.9999884971334074,0.6016339654979227,2.358368383540672,,1002.0310949531943,False,False,False,,[]
1178,1178,1179,True,1.0,1.0,1178.0,1179.0,1178.0,1179.0,1179.0,0.0,37.014912,36.21024,-28.755226356456344,0.5060783624649048,0.5060783624649048,0.0,1.0,0.5214864682544531,0.5214955042834347,0.9997387446112271,0.9797387719154358,0.9997387276392663,0.999990447465352,0.9999904453802088,0.9999884971334074,0.9999884938509694,0.5975141444244805,2.3421387120305877,,1001.9751451376668,False,False,False,,[]
1179,1179,1180,True,1.0,1.0,1179.0,1180.0,1179.0,1180.0,1180.0,0.0,36.21024,32.18688,-523.3393736861148,0.5060783624649048,0.5060783624649048,0.0,1.0,0.5214955042834347,0.5216989133422654,0.9997387276392663,0.9797387719154358,0.999738305673562,0.9999904453802088,0.9999904316551319,0.9999884938509694,0.9999884751229032,13.459258556943649,52.72362804890826,,1147.7884952381469,False,False,False,,[]
1180,1180,1181,True,1.0,1.0,1180.0,1181.0,1180.0,1181.0,1181.0,0.0,32.18688,26.8760448,-723.260015023105,0.5060784816741943,0.5060784816741943,0.0,1.0,0.5216989133422654,0.5219446420802701,0.999738305673562,0.9797382950782776,0.9997378063649243,0.9999904316551319,0.9999904139882361,0.9999884751229032,0.9999884580772921,16.263514356156065,63.69288889084329,,1192.016399474946,False,False,False,,[]
1181,1181,1182,True,1.0,1.0,1181.0,1182.0,1181.0,1182.0,1182.0,0.0,26.8760448,21.565209600000003,-725.8617076539268,0.5060786604881287,0.5060786604881287,0.0,1.0,0.5219446420802701,0.5221453906303882,0.9997378063649243,0.9797378182411194,0.9997373894050178,0.9999904139882361,0.9999904013998704,0.9999884580772921,0.9999884398700841,13.28634071711293,52.034024190611895,,1147.1270589340936,False,False,False,,[]
1182,1182,1183,True,1.0,1.0,1182.0,1183.0,1182.0,1183.0,1183.0,0.0,21.565209600000003,16.2543744,-727.9955209560479,0.5060787796974182,0.5060787796974182,0.0,1.0,0.5221453906303882,0.5223053938892868,0.9997373894050178,0.979737401008606,0.9997370510792198,0.9999904013998704,0.9999903917513211,0.9999884398700841,0.9999884288838623,10.589418367854238,41.47284470650814,,1117.9878643917577,False,False,False,,[]
1183,1183,1184,True,1.0,1.0,1183.0,1184.0,1183.0,1184.0,1184.0,0.0,16.2543744,10.9435392,-729.661454929463,0.5060788989067078,0.5060788989067078,0.0,1.0,0.5223053938892868,0.5223921295535696,0.9997370510792198,0.9797370433807373,0.999736875301718,0.9999903917513211,0.999990380590565,0.9999884288838623,0.9999883900817043,5.739551211661179,22.4818841821119,,1019.5706587486376,False,False,False,,[]
1184,1184,1185,True,1.0,1.0,1184.0,1185.0,1184.0,1185.0,1185.0,0.0,10.9435392,5.632704,-730.8595095741748,0.5060788989067078,0.5060788989067078,0.0,1.0,0.5223921295535696,0.5224353513715323,0.999736875301718,0.9797369241714478,0.9997367913592989,0.999990380590565,0.9999903633430086,0.9999883900817043,0.9999883663942223,2.8598697394890378,11.203095215920154,,993.9296123657105,False,False,False,,[]
1185,1185,1186,True,1.0,1.0,1185.0,1186.0,1185.0,1186.0,1186.0,0.0,5.632704,0.32186880000000007,-731.5896848901825,0.5060789585113525,0.5060789585113525,0.0,1.0,0.5224353513715323,0.5224497014726882,0.9997367913592989,0.9797368049621582,0.9997367642656759,0.9999903633430086,0.9999903558625025,0.9999883663942223,0.9999883578766267,0.9494508801657705,3.719546219620666,,995.6615413611025,False,False,False,,[]
1186,1186,1187,True,1.0,1.0,1186.0,1187.0,1186.0,1187.0,1187.0,0.0,0.32186880000000007,0.0,33.99593624251369,0.5060789585113525,0.5060789585113525,0.0,1.0,0.5224497014726882,0.5224495628883767,0.9997367642656759,0.9797368049621582,0.9997367640076351,0.9999903558625025,0.9999903558437129,0.9999883578766267,0.999988357855232,-0.009168955256623422,-0.03592105353468176,,999.7954691485303,False,False,False,,[]
1187,1187,1188,True,1.0,1.0,1187.0,1188.0,1187.0,1188.0,1188.0,0.0,0.0,0.0,83.40462000000002,0.5060789585113525,0.5060789585113525,0.0,1.0,0.5224495628883767,0.5224495628883767,0.9997367640076351,0.9797368049621582,0.9997367640076351,0.9999903558437129,0.9999903558437129,0.999988357855232,0.999988357855232,-0.0,0.0,,1000.0,False,False,False,,[]
1188,1188,1189,True,1.0,1.0,1188.0,1189.0,1188.0,1189.0,1189.0,0.0,0.0,0.0,83.40462000000002,0.5060789585113525,0.5060789585113525,0.0,1.0,0.5224495628883767,0.5224495628883767,0.9997367640076351,0.9797368049621582,0.9997367640076351,0.9999903558437129,0.9999903558437129,0.999988357855232,0.999988357855232,-0.0,0.0,,1000.0,False,False,False,,[]
1189,1189,1190,True,1.0,1.0,1189.0,1190.0,1189.0,1190.0,1190.0,0.0,0.0,0.0,83.40462000000002,0.5060789585113525,0.5060789585113525,0.0,1.0,0.5224495628883767,0.5224495628883767,0.9997367640076351,0.9797368049621582,0.9997367640076351,0.9999903558437129,0.9999903558437129,0.999988357855232,0.999988357855232,-0.0,0.0,,1000.0,False,False,False,,[]
1190,1190,1191,True,1.0,1.0,1190.0,1191.0,1190.0,1191.0,1191.0,0.0,0.0,0.0,83.40462000000002,0.5060789585113525,0.5060789585113525,0.0,1.0,0.5224495628883767,0.5224495628883767,0.9997367640076351,0.9797368049621582,0.9997367640076351,0.9999903558437129,0.9999903558437129,0.999988357855232,0.999988357855232,-0.0,0.0,,1000.0,False,False,False,,[]
1191,1191,1192,True,1.0,1.0,1191.0,1192.0,1191.0,1192.0,1192.0,0.0,0.0,0.0,83.40462000000002,0.5060789585113525,0.5060789585113525,0.0,1.0,0.5224495628883767,0.5224495628883767,0.9997367640076351,0.9797368049621582,0.9997367640076351,0.9999903558437129,0.9999903558437129,0.999988357855232,0.999988357855232,-0.0,0.0,,1000.0,False,False,False,,[]
1192,1192,1193,True,1.0,1.0,1192.0,1193.0,1192.0,1193.0,1193.0,0.0,0.0,0.0,83.40462000000002,0.5060789585113525,0.5060789585113525,0.0,1.0,0.5224495628883767,0.5224495628883767,0.9997367640076351,0.9797368049621582,0.9997367640076351,0.9999903558437129,0.9999903558437129,0.999988357855232,0.999988357855232,-0.0,0.0,,1000.0,False,False,False,,[]
1193,1193,1194,True,1.0,1.0,1193.0,1194.0,1193.0,1194.0,1194.0,0.0,0.0,0.0,83.40462000000002,0.5060789585113525,0.5060789585113525,0.0,1.0,0.5224495628883767,0.5224495628883767,0.9997367640076351,0.9797368049621582,0.9997367640076351,0.9999903558437129,0.9999903558437129,0.999988357855232,0.999988357855232,-0.0,0.0,,1000.0,False,False,False,,[]
1194,1194,1195,True,1.0,1.0,1194.0,1195.0,1194.0,1195.0,1195.0,0.0,0.0,0.0,83.40462000000002,0.5060789585113525,0.5060789585113525,0.0,1.0,0.5224495628883767,0.5224495628883767,0.9997367640076351,0.9797368049621582,0.9997367640076351,0.9999903558437129,0.9999903558437129,0.999988357855232,0.999988357855232,-0.0,0.0,,1000.0,False,False,False,,[]
1195,1195,1196,True,1.0,1.0,1195.0,1196.0,1195.0,1196.0,1196.0,0.0,0.0,0.0,83.40462000000002,0.5060789585113525,0.5060789585113525,0.0,1.0,0.5224495628883767,0.5224495628883767,0.9997367640076351,0.9797368049621582,0.9997367640076351,0.9999903558437129,0.9999903558437129,0.999988357855232,0.999988357855232,-0.0,0.0,,1000.0,False,False,False,,[]
1196,1196,1197,True,1.0,1.0,1196.0,1197.0,1196.0,1197.0,1197.0,0.0,0.0,0.32186880000000007,132.81416304000004,0.5060789585113525,0.5060789585113525,0.0,1.0,0.5224495628883767,0.522449021521131,0.9997367640076351,0.9797368049621582,0.9997367629992245,0.9999903558437129,0.9999903557703061,0.999988357855232,0.9999883577716482,-0.035820961354691774,-0.1403223900762984,,999.2014393736115,False,False,False,,[]
1197,1197,1198,True,1.0,1.0,1197.0,1198.0,1197.0,1198.0,1198.0,0.0,0.32186880000000007,2.414016,404.56750904251373,0.5060789585113525,0.5060789585113525,0.0,1.0,0.522449021521131,0.5224350039563221,0.9997367629992245,0.9797368049621582,0.999736736542053,0.9999903557703061,0.9999903538696585,0.9999883577716482,0.9999883556074968,-0.9274762012428992,-3.633352798454054,,979.6928472883837,False,False,False,,[]
1198,1198,1199,True,1.0,1.0,1198.0,1199.0,1198.0,1199.0,1199.0,0.0,2.414016,5.632704,577.548385041395,0.5060789585113525,0.5060789585113525,0.0,1.0,0.5224350039563221,0.5223761397064071,0.999736736542053,0.9797367453575134,0.9997366204571215,0.9999903538696585,0.999990345889343,0.9999883556074968,0.9999883465207987,-3.894226697570215,-15.257613577995428,,919.5066147188476,False,False,False,,[]
1199,1199,1200,True,1.0,1.0,1199.0,1200.0,1199.0,1200.0,1200.0,0.0,5.632704,10.460736,824.8109208698179,0.5060790181159973,0.5060790181159973,0.0,1.0,0.5223761397064071,0.5222079478631301,0.9997366204571215,0.9797366261482239,0.9997362660402945,0.999990345889343,0.9999903230955743,0.9999883465207987,0.9999883205669321,-11.122880062312015,-43.595325777383856,,798.4789542914325,False,False,False,,[]
1200,1200,1201,True,1.0,1.0,1200.0,1201.0,1200.0,1201.0,1201.0,0.0,10.460736,15.771571200000002,899.5696973150851,0.5060791373252869,0.5060791373252869,0.0,1.0,0.5222079478631301,0.5219744546699732,0.9997362660402945,0.9797362685203552,0.9997357886398924,0.9999903230955743,0.9999903148259044,0.9999883205669321,0.9999882744277403,-15.437213805148295,-60.521435666267344,,748.7035663644825,False,False,False,,[]
1201,1201,1202,True,1.0,1.0,1201.0,1202.0,1201.0,1202.0,1202.0,0.0,15.771571200000002,19.312128,628.9727307553685,0.5060792565345764,0.5060792565345764,0.0,1.0,0.5219744546699732,0.5218094643357845,0.9997357886398924,0.979735791683197,0.9997354404975238,0.9999903148259044,0.999990303565198,0.9999882744277403,0.9999882634131552,-10.909553522925862,-42.7654946217019,,818.277127907371,False,False,False,,[]
1202,1202,1203,True,1.0,1.0,1202.0,1203.0,1202.0,1203.0,1203.0,0.0,19.312128,20.760537600000003,308.8409807292826,0.506079375743866,0.506079375743866,0.0,1.0,0.5218094643357845,0.521720606022627,0.9997354404975238,0.9797354340553284,0.9997352600439596,0.999990303565198,0.9999902992280901,0.9999882634131552,0.9999882584747634,-5.876581834919558,-23.03207477039894,,895.9135123850042,False,False,False,,[]
1203,1203,1204,True,1.0,1.0,1203.0,1204.0,1203.0,1204.0,1204.0,0.0,20.760537600000003,20.921472,111.68422159757735,0.5060794353485107,0.5060794353485107,0.0,1.0,0.521720606022627,0.5216789009691939,0.9997352600439596,0.979735255241394,0.9997351791673894,0.9999902992280901,0.9999902944513531,0.9999882584747634,0.9999882535732696,-2.7584754774118956,-10.809949849881342,,943.867321968752,False,False,False,,[]
1204,1204,1205,True,1.0,1.0,1204.0,1205.0,1204.0,1205.0,1205.0,0.0,20.921472,20.2777344,-11.783997459662096,0.5060794353485107,0.5060794353485107,0.0,1.0,0.5216789009691939,0.5216805725617523,0.9997351791673894,0.9797351956367493,0.9997351760502515,0.9999902944513531,0.9999902936509704,0.9999882535732696,0.9999882526752784,0.11057797917347838,0.43327679112654816,,999.6616193135101,False,False,False,,[]
1205,1205,1206,True,1.0,1.0,1205.0,1206.0,1205.0,1206.0,1206.0,0.0,20.2777344,20.599603200000004,136.22465533683487,0.5060794353485107,0.5060794353485107,0.0,1.0,0.5216805725617523,0.521633090651228,0.9997351760502515,0.9797351956367493,0.9997350834490627,0.9999902936509704,0.9999902887850488,0.9999882526752784,0.9999882474564684,-3.1405586018358584,-12.30731120788076,,937.3593132919239,False,False,False,,[]
1206,1206,1207,True,1.0,1.0,1206.0,1207.0,1206.0,1207.0,1207.0,0.0,20.599603200000004,21.0824064,161.03855573607214,0.5060794949531555,0.5060794949531555,0.0,1.0,0.521633090651228,0.5215797295881279,0.9997350834490627,0.9797350764274597,0.9997349787818534,0.9999902887850488,0.9999902840650545,0.9999882474564684,0.9999882428230374,-3.529330690974546,-13.831187555539262,,931.8090843769492,False,False,False,,[]
1207,1207,1208,True,1.0,1.0,1207.0,1208.0,1207.0,1208.0,1208.0,0.0,21.0824064,21.0824064,87.09115680435681,0.5060794949531555,0.5060794949531555,0.0,1.0,0.5215797295881279,0.521544697799927,0.9997349787818534,0.9797350168228149,0.9997349112884744,0.9999902840650545,0.9999902797391724,0.9999882428230374,0.9999882383037466,-2.317135420485023,-9.080239501682378,,951.8132193388725,False,False,False,,[]
1208,1208,1209,True,1.0,1.0,1208.0,1209.0,1208.0,1209.0,1209.0,0.0,21.0824064,22.530816,309.4341004843568,0.5060794949531555,0.5060794949531555,0.0,1.0,0.521544697799927,0.5214477978074947,0.9997349112884744,0.9797349572181702,0.9997347129496655,0.9999902797391724,0.9999902750097999,0.9999882383037466,0.9999882329187104,-6.408080836926969,-25.11647803842262,,887.4309132047634,False,False,False,,[]
1209,1209,1210,True,1.0,1.0,1209.0,1210.0,1209.0,1210.0,1210.0,0.0,22.530816,24.944832,458.18667711707906,0.5060795545578003,0.5060795545578003,0.0,1.0,0.5214477978074947,0.521280398350879,0.9997347129496655,0.9797347187995911,0.9997343600837839,0.9999902750097999,0.9999902614295515,0.9999882329187104,0.9999882207072689,-11.067508436039628,-43.38993915480259,,814.0155672142097,False,False,False,,[]
1210,1210,1211,True,1.0,1.0,1210.0,1211.0,1210.0,1211.0,1211.0,0.0,24.944832,27.358848000000002,459.13725839784826,0.5060796737670898,0.5060796737670898,0.0,1.0,0.521280398350879,0.5210951494118309,0.9997343600837839,0.9797343611717224,0.9997339726073589,0.9999902614295515,0.9999902485319409,0.9999882207072689,0.9999882043476197,-12.246220856008076,-48.0165250012663,,797.9229482274757,False,False,False,,[]
1211,1211,1212,True,1.0,1.0,1211.0,1212.0,1211.0,1212.0,1212.0,0.0,27.358848000000002,29.933798400000004,484.8892804814076,0.5060797929763794,0.5060797929763794,0.0,1.0,0.5210951494118309,0.5208851505568768,0.9997339726073589,0.9797340035438538,0.9997335383137599,0.9999902485319409,0.9999902352756425,0.9999882043476197,0.9999881873594246,-13.88038945969388,-54.43170320409576,,779.0147702925372,False,False,False,,[]
1212,1212,1213,True,1.0,1.0,1212.0,1213.0,1212.0,1213.0,1213.0,0.0,29.933798400000004,31.7040768,362.58904118090084,0.506079912185669,0.506079912185669,0.0,1.0,0.5208851505568768,0.5207173534941978,0.9997335383137599,0.9797335863113403,0.9997331846694748,0.9999902352756425,0.9999902219819197,0.9999881873594246,0.9999881780091459,-11.091622960665047,-43.49299864639622,,815.7901118202363,False,False,False,,[]
1213,1213,1214,True,1.0,1.0,1213.0,1214.0,1213.0,1214.0,1214.0,0.0,31.7040768,33.796224,412.9036235284457,0.5060800313949585,0.5060800313949585,0.0,1.0,0.5207173534941978,0.5205078026772263,0.9997331846694748,0.9797332286834717,0.9997327512108192,0.9999902219819197,0.9999902057144991,0.9999881780091459,0.9999881608501604,-13.849052909446902,-54.31557175901316,,777.4096639726553,False,False,False,,[]
1214,1214,1215,True,1.0,1.0,1214.0,1215.0,1214.0,1215.0,1215.0,0.0,33.796224,34.600896000000006,216.4020673134282,0.506080150604248,0.506080150604248,0.0,1.0,0.5205078026772263,0.5203939571272287,0.9997327512108192,0.9797327518463135,0.9997325142920637,0.9999902057144991,0.9999901950341701,0.9999881608501604,0.9999881545910749,-7.525710997594884,-29.508766559371775,,866.1932100134903,False,False,False,,[]
1215,1215,1216,True,1.0,1.0,1215.0,1216.0,1215.0,1216.0,1216.0,0.0,34.600896000000006,35.083699200000005,167.44901810882547,0.5060802698135376,0.5060802698135376,0.0,1.0,0.5203939571272287,0.5203007888450777,0.9997325142920637,0.9797325134277344,0.9997323242863745,0.9999901950341701,0.999990184294734,0.9999881545910749,0.999988149934989,-6.15909085298807,-24.149218733545162,,886.8673255501744,False,False,False,,[]
1216,1216,1217,True,1.0,1.0,1216.0,1217.0,1216.0,1217.0,1217.0,0.0,35.083699200000005,35.083699200000005,93.61375554514616,0.5060802698135376,0.5060802698135376,0.0,1.0,0.5203007888450777,0.5202465924922056,0.9997323242863745,0.9797323346138,0.9997322178938506,0.999990184294734,0.9999901780088543,0.999988149934989,0.9999881460346725,-3.583149081694762,-14.047694664428388,,930.2136929886628,False,False,False,,[]
1217,1217,1218,True,1.0,1.0,1217.0,1218.0,1217.0,1218.0,1218.0,0.0,35.083699200000005,34.600896000000006,19.499440985146148,0.5060803294181824,0.5060803294181824,0.0,1.0,0.5202465924922056,0.5202327294294056,0.9997322178938506,0.9797322154045105,0.9997321917322451,0.9999901780088543,0.9999901765802955,0.9999881460346725,0.9999881437426421,-0.9166630725063671,-3.5933058777738056,,980.2001410338536,False,False,False,,[]
1218,1218,1219,True,1.0,1.0,1218.0,1219.0,1218.0,1219.0,1219.0,0.0,34.600896000000006,34.1180928,19.22038898882447,0.5060803294181824,0.5060803294181824,0.0,1.0,0.5202327294294056,0.5202192421757779,0.9997321917322451,0.9797322154045105,0.9997321662892017,0.9999901765802955,0.9999901751916926,0.9999881437426421,0.9999881415096443,-0.8918314293849007,-3.495896140299054,,980.7256433309556,False,False,False,,[]
1219,1219,1220,True,1.0,1.0,1219.0,1220.0,1219.0,1220.0,1220.0,0.0,34.1180928,34.600896000000006,167.17383288381734,0.5060803294181824,0.5060803294181824,0.0,1.0,0.5202192421757779,0.5201283524117976,0.9997321662892017,0.9797321557998657,0.9997319813429857,0.9999901751916926,0.9999901651121803,0.9999881415096443,0.9999881369256233,-6.00864264093764,-23.55862682369819,,889.6417876183535,False,False,False,,[]
1220,1220,1221,True,1.0,1.0,1220.0,1221.0,1220.0,1221.0,1221.0,0.0,34.600896000000006,35.083699200000005,167.44901810882547,0.5060803890228271,0.5060803890228271,0.0,1.0,0.5201283524117976,0.5200351847499041,0.9997319813429857,0.9797319769859314,0.9997317913386767,0.9999901651121803,0.9999901543727422,0.9999881369256233,0.9999881322695384,-6.159090942062811,-24.149057962803923,,886.8679212650757,False,False,False,,[]
1221,1221,1222,True,1.0,1.0,1221.0,1222.0,1221.0,1222.0,1222.0,0.0,35.083699200000005,35.405568,143.0232985851455,0.5060804486274719,0.5060804486274719,0.0,1.0,0.5200351847499041,0.5199549469697775,0.9997317913386767,0.9797317981719971,0.9997316297600854,0.9999901543727422,0.9999901452441947,0.9999881322695384,0.9999881282467126,-5.304456590976695,-20.79763260879524,,901.2687057539772,False,False,False,,[]
1222,1222,1223,True,1.0,1.0,1222.0,1223.0,1222.0,1223.0,1223.0,0.0,35.405568,35.2446336,69.0971668956445,0.5060805082321167,0.5060805082321167,0.0,1.0,0.5199549469697775,0.5199119177725883,0.9997316297600854,0.9797316193580627,0.9997315462075069,0.9999901452441947,0.999990140195024,0.9999881282467126,0.9999881236678926,-2.8449305500329265,-11.153167911449065,,942.4960131031529,False,False,False,,[]
1223,1223,1224,True,1.0,1.0,1223.0,1224.0,1223.0,1224.0,1224.0,0.0,35.2446336,34.9227648,44.29808911976641,0.5060805082321167,0.5060805082321167,0.0,1.0,0.5199119177725883,0.5198824967802232,0.9997315462075069,0.979731559753418,0.9997314898343442,0.999990140195024,0.9999901369271924,0.9999881236678926,0.9999881195266306,-1.9453021290297094,-7.625921221024474,,959.2626089738268,False,False,False,,[]
1224,1224,1225,True,1.0,1.0,1224.0,1225.0,1224.0,1225.0,1225.0,0.0,34.9227648,34.600896000000006,44.11076553178305,0.5060805678367615,0.5060805678367615,0.0,1.0,0.5198824967802232,0.519853420834896,0.9997314898343442,0.9797315001487732,0.9997314341411238,0.9999901369271924,0.9999901337030325,0.9999881195266306,0.9999881154138922,-1.9225129415601336,-7.536485028816926,,959.7093241431414,False,False,False,,[]
1225,1225,1226,True,1.0,1.0,1225.0,1226.0,1225.0,1226.0,1226.0,0.0,34.600896000000006,34.600896000000006,93.33470354882546,0.5060805678367615,0.5060805678367615,0.0,1.0,0.519853420834896,0.5197999229076525,0.9997314341411238,0.9797314405441284,0.999731329191406,0.9999901337030325,0.9999901274989692,0.9999881154138922,0.9999881114282861,-3.5370737179137057,-13.866662741517736,,930.9404466801235,False,False,False,,[]
1226,1226,1227,True,1.0,1.0,1226.0,1227.0,1226.0,1227.0,1227.0,0.0,34.600896000000006,34.4399616,68.62993202882382,0.5060806274414062,0.5060806274414062,0.0,1.0,0.5197999229076525,0.5197583391896132,0.999731329191406,0.9797313213348389,0.999731248559707,0.9999901274989692,0.9999901227203785,0.9999881114282861,0.9999881069492177,-2.749458287634255,-10.778499715802392,,944.3721841670779,False,False,False,,[]
1227,1227,1228,True,1.0,1.0,1227.0,1228.0,1227.0,1228.0,1228.0,0.0,34.4399616,32.347814400000004,-227.9194842607665,0.5060806274414062,0.5060806274414062,0.0,1.0,0.5197583391896132,0.5198375270708805,0.999731248559707,0.9797312617301941,0.9997310892590453,0.9999901227203785,0.9999901117518644,0.9999881069492177,0.9999880957862617,5.237817226218571,20.525498824465302,,1042.8902648285714,False,False,False,,[]
1228,1228,1229,True,1.0,1.0,1228.0,1229.0,1228.0,1229.0,1229.0,0.0,32.347814400000004,31.382208000000002,-56.14504091110662,0.506080687046051,0.506080687046051,0.0,1.0,0.5198375270708805,0.5198538886693244,0.9997310892590453,0.9797310829162598,0.9997310583067793,0.9999901117518644,0.9999901081343306,0.9999880957862617,0.9999880915557997,1.0820768120049862,4.2409263166487765,,1005.4478948926168,False,False,False,,[]
1229,1229,1230,True,1.0,1.0,1229.0,1230.0,1229.0,1230.0,1230.0,0.0,31.382208000000002,30.8994048,17.45885983576079,0.506080687046051,0.506080687046051,0.0,1.0,0.5198538886693244,0.5198427222494896,0.9997310583067793,0.9797310829162598,0.9997310372896466,0.9999901081343306,0.9999901069911492,0.9999880915557997,0.9999880896910954,-0.7384531510839627,-2.894336021190538,,983.9846473579149,False,False,False,,[]
1230,1230,1231,True,1.0,1.0,1230.0,1231.0,1230.0,1231.0,1231.0,0.0,30.8994048,31.543142400000004,190.142853726165,0.506080687046051,0.506080687046051,0.0,1.0,0.5198427222494896,0.5197509777932797,0.9997310372896466,0.9797310829162598,0.9997308504481116,0.9999901069911492,0.9999900986602012,0.9999880896910954,0.9999880839002186,-6.065768425022113,-23.780163049598325,,889.2442431144525,False,False,False,,[]
1231,1231,1232,True,1.0,1.0,1231.0,1232.0,1231.0,1232.0,1232.0,0.0,31.543142400000004,31.865011200000005,141.0667123014743,0.5060807466506958,0.5060807466506958,0.0,1.0,0.5197509777932797,0.5196804942252994,0.9997308504481116,0.9797308444976807,0.9997307098599812,0.9999900986602012,0.9999900918599823,0.9999880839002186,0.9999880789809391,-4.66030883914025,-18.269340820503725,,912.1907992989926,False,False,False,,[]
1232,1232,1233,True,1.0,1.0,1232.0,1233.0,1232.0,1233.0,1233.0,0.0,31.865011200000005,32.18688,141.2359909566721,0.5060808062553406,0.5060808062553406,0.0,1.0,0.5196804942252994,0.5196088464370776,0.9997307098599812,0.9797307252883911,0.9997305667868147,0.9999900918599823,0.9999900849844148,0.9999880789809391,0.999988073670068,-4.737224900464556,-18.57110670709605,,910.6294228724078,False,False,False,,[]
1233,1233,1234,True,1.0,1.0,1233.0,1234.0,1233.0,1234.0,1234.0,0.0,32.18688,31.382208000000002,-31.526412463104325,0.5060808062553406,0.5060808062553406,0.0,1.0,0.5196088464370776,0.5196173920042807,0.9997305667868147,0.9797306060791016,0.9997305507437653,0.9999900849844148,0.9999900828774363,0.999988073670068,0.9999880706213786,0.5651551335564277,2.215011019042058,,1001.7887884165514,False,False,False,,[]
1234,1234,1235,True,1.0,1.0,1234.0,1235.0,1234.0,1235.0,1235.0,0.0,31.382208000000002,28.163520000000002,-402.52225600423867,0.5060808658599854,0.5060808658599854,0.0,1.0,0.5196173920042807,0.5197506214193635,0.9997305507437653,0.9797305464744568,0.9997302681784441,0.9999900828774363,0.9999900679332394,0.9999880706213786,0.9999880610573342,8.814751636830662,34.53306438946276,,1087.5057613740428,False,False,False,,[]
1235,1235,1236,True,1.0,1.0,1235.0,1236.0,1235.0,1236.0,1236.0,0.0,28.163520000000002,24.944832,-404.1119286545639,0.5060809254646301,0.5060809254646301,0.0,1.0,0.5197506214193635,0.519865587912335,0.9997302681784441,0.9797303080558777,0.9997300286644427,0.9999900679332394,0.9999900542180331,0.9999880610573342,0.9999880474720338,7.606615768328954,29.799314978196247,,1068.0503885440123,False,False,False,,[]
1236,1236,1237,True,1.0,1.0,1236.0,1237.0,1236.0,1237.0,1237.0,0.0,24.944832,20.921472,-529.0536024021516,0.5060809850692749,0.5060809850692749,0.0,1.0,0.519865587912335,0.5199973441232455,0.9997300286644427,0.9797300696372986,0.9997297496260665,0.9999900542180331,0.9999900407484689,0.9999880474720338,0.9999880319678023,8.71856477482104,34.15120986802788,,1080.9391888058142,False,False,False,,[]
1237,1237,1238,True,1.0,1.0,1237.0,1238.0,1237.0,1238.0,1238.0,0.0,20.921472,16.09344,-654.1080569796616,0.5060810446739197,0.5060810446739197,0.0,1.0,0.5199973441232455,0.5201272337091806,0.9997297496260665,0.9797297716140747,0.999729475042764,0.9999900407484689,0.9999900264513172,0.9999880319678023,0.9999880155415125,8.595646927793481,33.667380674370044,,1077.247029892335,False,False,False,,[]
1238,1238,1239,True,1.0,1.0,1238.0,1239.0,1238.0,1239.0,1239.0,0.0,16.09344,12.874752,-408.54260411577644,0.5060811638832092,0.5060811638832092,0.0,1.0,0.5201272337091806,0.5201781758887808,0.999729475042764,0.9797294735908508,0.9997293753563401,0.9999900264513172,0.9999900189496707,0.9999880155415125,0.9999879924019237,3.370585668291311,13.204212952363408,,1010.4401729022228,False,False,False,,[]
1239,1239,1240,True,1.0,1.0,1239.0,1240.0,1239.0,1240.0,1240.0,0.0,12.874752,9.656064,-409.3159583780965,0.5060811638832092,0.5060811638832092,0.0,1.0,0.5201781758887808,0.5202197626169891,0.9997293753563401,0.979729413986206,0.9997292947185669,0.9999900189496707,0.9999900151306801,0.9999879924019237,0.9999879743703973,2.751603519293699,10.779279951599795,,1011.8102887484457,False,False,False,,[]
1240,1240,1241,True,1.0,1.0,1240.0,1241.0,1240.0,1241.0,1241.0,0.0,9.656064,6.437376,-409.9174561376795,0.506081223487854,0.506081223487854,0.0,1.0,0.5202197626169891,0.520241892846285,0.9997292947185669,0.9797292947769165,0.9997292526164947,0.9999900151306801,0.9999900042304296,0.9999879743703973,0.9999879614718102,1.464212966478791,5.736155433485494,,994.1555429967111,False,False,False,,[]
1241,1241,1242,True,1.0,1.0,1241.0,1242.0,1241.0,1242.0,1242.0,0.0,6.437376,4.02336,-286.82323979452406,0.506081223487854,0.506081223487854,0.0,1.0,0.520241892846285,0.5202517765444837,0.9997292526164947,0.9797292947769165,0.9997292340369949,0.9999900042304296,0.9999899990782462,0.9999879614718102,0.9999879556053867,0.6539294517004947,2.561854573131893,,997.0160716654271,False,False,False,,[]
1242,1242,1243,True,1.0,1.0,1242.0,1243.0,1242.0,1243.0,1243.0,0.0,4.02336,1.1265408,-361.1470044672361,0.506081223487854,0.506081223487854,0.0,1.0,0.5202517765444837,0.5202579032024587,0.9997292340369949,0.9797292351722717,0.999729222562278,0.9999899990782462,0.9999899958845204,0.9999879556053867,0.9999879519689191,0.405356553882028,1.5880297470925686,,998.1524128874718,False,False,False,,[]
1243,1243,1244,True,1.0,1.0,1243.0,1244.0,1243.0,1244.0,1244.0,0.0,1.1265408,0.0,-89.5182544292073,0.506081223487854,0.506081223487854,0.0,1.0,0.5202579032024587,0.5202582354033877,0.999729222562278,0.9797292351722717,0.9997292219436105,0.9999899958845204,0.9999899957113502,0.9999879519689191,0.9999879517717425,0.021979248991125723,0.08610648080775718,,999.8999973100763,False,False,False,,[]
1244,1244,1245,True,1.0,1.0,1244.0,1245.0,1244.0,1245.0,1245.0,0.0,0.0,0.0,83.40462000000002,0.506081223487854,0.506081223487854,0.0,1.0,0.5202582354033877,0.5202582354033877,0.9997292219436105,0.9797292351722717,0.9997292219436105,0.9999899957113502,0.9999899957113502,0.9999879517717425,0.9999879517717425,-0.0,0.0,,1000.0,False,False,False,,[]
1245,1245,1246,True,1.0,1.0,1245.0,1246.0,1245.0,1246.0,1246.0,0.0,0.0,0.0,83.40462000000002,0.506081223487854,0.506081223487854,0.0,1.0,0.5202582354033877,0.5202582354033877,0.9997292219436105,0.9797292351722717,0.9997292219436105,0.9999899957113502,0.9999899957113502,0.9999879517717425,0.9999879517717425,-0.0,0.0,,1000.0,False,False,False,,[]
1246,1246,1247,True,1.0,1.0,1246.0,1247.0,1246.0,1247.0,1247.0,0.0,0.0,0.0,83.40462000000002,0.506081223487854,0.506081223487854,0.0,1.0,0.5202582354033877,0.5202582354033877,0.9997292219436105,0.9797292351722717,0.9997292219436105,0.9999899957113502,0.9999899957113502,0.9999879517717425,0.9999879517717425,-0.0,0.0,,1000.0,False,False,False,,[]
1247,1247,1248,True,1.0,1.0,1247.0,1248.0,1247.0,1248.0,1248.0,0.0,0.0,0.0,83.40462000000002,0.506081223487854,0.506081223487854,0.0,1.0,0.5202582354033877,0.5202582354033877,0.9997292219436105,0.9797292351722717,0.9997292219436105,0.9999899957113502,0.9999899957113502,0.9999879517717425,0.9999879517717425,-0.0,0.0,,1000.0,False,False,False,,[]
1248,1248,1249,True,1.0,1.0,1248.0,1249.0,1248.0,1249.0,1249.0,0.0,0.0,0.0,83.40462000000002,0.506081223487854,0.506081223487854,0.0,1.0,0.5202582354033877,0.5202582354033877,0.9997292219436105,0.9797292351722717,0.9997292219436105,0.9999899957113502,0.9999899957113502,0.9999879517717425,0.9999879517717425,-0.0,0.0,,1000.0,False,False,False,,[]
1249,1249,1250,True,1.0,1.0,1249.0,1250.0,1249.0,1250.0,1250.0,0.0,0.0,0.0,83.40462000000002,0.506081223487854,0.506081223487854,0.0,1.0,0.5202582354033877,0.5202582354033877,0.9997292219436105,0.9797292351722717,0.9997292219436105,0.9999899957113502,0.9999899957113502,0.9999879517717425,0.9999879517717425,-0.0,0.0,,1000.0,False,False,False,,[]
1250,1250,1251,True,1.0,1.0,1250.0,1251.0,1250.0,1251.0,1251.0,0.0,0.0,0.0,83.40462000000002,0.506081223487854,0.506081223487854,0.0,1.0,0.5202582354033877,0.5202582354033877,0.9997292219436105,0.9797292351722717,0.9997292219436105,0.9999899957113502,0.9999899957113502,0.9999879517717425,0.9999879517717425,-0.0,0.0,,1000.0,False,False,False,,[]
1251,1251,1252,True,1.0,1.0,1251.0,1252.0,1251.0,1252.0,1252.0,0.0,0.0,1.609344,330.45233520000005,0.506081223487854,0.506081223487854,0.0,1.0,0.5202582354033877,0.5202515004168828,0.9997292219436105,0.9797292351722717,0.9997292093220363,0.9999899957113502,0.9999899947981364,0.9999879517717425,0.9999879507319311,-0.44562718530258827,-1.745708502065855,,990.1478614517395,False,False,False,,[]
1252,1252,1253,True,1.0,1.0,1252.0,1253.0,1252.0,1253.0,1253.0,0.0,1.609344,1.609344,83.42610206284225,0.506081223487854,0.506081223487854,0.0,1.0,0.5202515004168828,0.5202480998365876,0.9997292093220363,0.9797292351722717,0.9997292029699969,0.9999899947981364,0.999989994337036,0.9999879507319311,0.9999879502069089,-0.2250063629935022,-0.8814304125199933,,995.0031865530598,False,False,False,,[]
1253,1253,1254,True,1.0,1.0,1253.0,1254.0,1253.0,1254.0,1254.0,0.0,1.609344,1.609344,83.42610206284225,0.506081223487854,0.506081223487854,0.0,1.0,0.5202480998365876,0.5202446992785063,0.9997292029699969,0.9797292351722717,0.9997291966179991,0.999989994337036,0.9999899938759355,0.9999879502069089,0.9999879496818866,-0.2250063629935022,-0.8814246546942359,,995.0032126673486,False,False,False,,[]
1254,1254,1255,True,1.0,1.0,1254.0,1255.0,1254.0,1255.0,1255.0,0.0,1.609344,1.609344,83.42610206284225,0.506081223487854,0.506081223487854,0.0,1.0,0.5202446992785063,0.520241298742082,0.9997291966179991,0.9797292351722717,0.9997291902660419,0.9999899938759355,0.999989993414835,0.9999879496818866,0.9999879491568644,-0.2250063629935022,-0.8814190411682479,,995.0032381314882,False,False,False,,[]
1255,1255,1256,True,1.0,1.0,1255.0,1256.0,1255.0,1256.0,1256.0,0.0,1.609344,1.609344,83.42610206284225,0.506081223487854,0.506081223487854,0.0,1.0,0.520241298742082,0.5202378982267734,0.9997291902660419,0.9797292351722717,0.9997291839141242,0.999989993414835,0.9999899929537345,0.9999879491568644,0.9999879486318421,-0.2250063629935022,-0.8814135679996629,,995.0032629495453,False,False,False,,[]
1256,1256,1257,True,1.0,1.0,1256.0,1257.0,1256.0,1257.0,1257.0,0.0,1.609344,2.5749504000000005,231.65473118284234,0.506081223487854,0.506081223487854,0.0,1.0,0.5202378982267734,0.5202256227940294,0.9997291839141242,0.979729175567627,0.9997291607845575,0.9999899929537345,0.9999899912892561,0.9999879486318421,0.9999879467366195,-0.8122269100233555,-3.181792167233946,,982.1753922005427,False,False,False,,[]
1257,1257,1258,True,1.0,1.0,1257.0,1258.0,1257.0,1258.0,1258.0,0.0,2.5749504000000005,4.828032,429.3264153608761,0.506081223487854,0.506081223487854,0.0,1.0,0.5202256227940294,0.5201853691596044,0.9997291607845575,0.979729175567627,0.9997290828334129,0.9999899912892561,0.9999899858315636,0.9999879467366195,0.9999879405223345,-2.66322766614015,-10.433742042936862,,943.6448444400124,False,False,False,,[]
1258,1258,1259,True,1.0,1.0,1258.0,1259.0,1258.0,1259.0,1259.0,0.0,4.828032,6.437376,330.64567376558017,0.5060812830924988,0.5060812830924988,0.0,1.0,0.5201853691596044,0.5201381917109277,0.9997290828334129,0.9797291159629822,0.9997289908533981,0.9999899858315636,0.9999899794353264,0.9999879405223345,0.9999879332393974,-3.12121536651932,-12.228394697005694,,934.5317305268808,False,False,False,,[]
1259,1259,1260,True,1.0,1.0,1259.0,1260.0,1259.0,1260.0,1260.0,0.0,6.437376,8.04672,330.79604820547604,0.5060812830924988,0.5060812830924988,0.0,1.0,0.5201381917109277,0.5200775040365078,0.9997289908533981,0.9797289967536926,0.9997288709588531,0.9999899794353264,0.9999899712078528,0.9999879332393974,0.9999879238713626,-4.014816254926045,-15.730245209634713,,917.2017766830877,False,False,False,,[]
1260,1260,1261,True,1.0,1.0,1260.0,1261.0,1260.0,1261.0,1261.0,0.0,8.04672,10.1388672,405.10370133105573,0.5060813426971436,0.5060813426971436,0.0,1.0,0.5200775040365078,0.5199952028994455,0.9997288709588531,0.9797288775444031,0.9997287048903091,0.9999899712078528,0.9999899625646854,0.9999879238713626,0.999987909467125,-5.444191782904919,-21.332454726563714,,891.301029581499,False,False,False,,[]
1261,1261,1262,True,1.0,1.0,1261.0,1262.0,1261.0,1262.0,1262.0,0.0,10.1388672,12.874752,504.2383589142087,0.5060814023017883,0.5060814023017883,0.0,1.0,0.5199952028994455,0.5198777058981507,0.9997287048903091,0.9797286987304688,0.9997284594976832,0.9999899625646854,0.9999899562789761,0.999987909467125,0.9999878867780135,-7.77131125754456,-30.455222735594685,,853.9628814020981,False,False,False,,[]
1262,1262,1263,True,1.0,1.0,1262.0,1263.0,1262.0,1263.0,1263.0,0.0,12.874752,16.09344,578.8749024219038,0.5060814619064331,0.5060814619064331,0.0,1.0,0.5198777058981507,0.5197065069842561,0.9997284594976832,0.9797284603118896,0.9997280992071829,0.9999899562789761,0.9999899461659879,0.9999878867780135,0.9999878539909333,-11.320791338228616,-44.374758481482,,799.9180676403038,False,False,False,,[]
1263,1263,1264,True,1.0,1.0,1263.0,1264.0,1263.0,1264.0,1264.0,0.0,16.09344,16.898112,209.07668388422385,0.5060815811157227,0.5060815811157227,0.0,1.0,0.5197065069842561,0.5196449052383825,0.9997280992071829,0.979728102684021,0.9997279773979247,0.9999899461659879,0.9999899421776949,0.9999878539909333,0.9999878439811326,-4.074653644314218,-15.967172530458408,,919.302888812874,False,False,False,,[]
1264,1264,1265,True,1.0,1.0,1264.0,1265.0,1264.0,1265.0,1265.0,0.0,16.898112,15.288768000000001,-161.27469777164325,0.5060815811157227,0.5060815811157227,0.0,1.0,0.5196449052383825,0.5196681374608907,0.9997279773979247,0.9797279834747314,0.9997279331516711,0.9999899421776949,0.9999899381351027,0.9999878439811326,0.9999878358187222,1.5370853287062691,6.0217920741292215,,1006.6464785814088,False,False,False,,[]
1265,1265,1266,True,1.0,1.0,1265.0,1266.0,1265.0,1266.0,1266.0,0.0,15.288768000000001,13.679424000000001,-161.70433902848777,0.5060816407203674,0.5060816407203674,0.0,1.0,0.5196681374608907,0.5196873444088287,0.9997279331516711,0.9797279238700867,0.9997278967153985,0.9999899381351027,0.9999899341398124,0.9999878358187222,0.9999878266599018,1.2707806692230104,4.978440905543471,,1002.41502830327,False,False,False,,[]
1266,1266,1267,True,1.0,1.0,1266.0,1267.0,1266.0,1267.0,1267.0,0.0,13.679424000000001,12.2310144,-137.38624463964842,0.5060816407203674,0.5060816407203674,0.0,1.0,0.5196873444088287,0.5197011608248482,0.9997278967153985,0.9797279238700867,0.9997278706430122,0.9999899341398124,0.9999899302679779,0.9999878266599018,0.9999878196998176,0.9141337313343599,3.581215032260198,,1000.3774010658977,False,False,False,,[]
1267,1267,1268,True,1.0,1.0,1267.0,1268.0,1267.0,1268.0,1268.0,0.0,12.2310144,14.162227200000002,381.1026821897683,0.5060816407203674,0.5060816407203674,0.0,1.0,0.5197011608248482,0.5196013314144978,0.9997278706430122,0.9797278642654419,0.9997276657217393,0.9999899302679779,0.9999899264482025,0.9999878196998176,0.9999878000331303,-6.602761789073522,-25.875783162807732,,874.2726048799221,False,False,False,,[]
1268,1268,1269,True,1.0,1.0,1268.0,1269.0,1268.0,1269.0,1269.0,0.0,14.162227200000002,17.702784,628.5731643865029,0.5060817003250122,0.5060817003250122,0.0,1.0,0.5196013314144978,0.5194352455191011,0.9997276657217393,0.9797276854515076,0.9997273154298166,0.9999899264482025,0.9999899194289804,0.9999878000331303,0.9999877748817404,-10.982342331649733,-43.04946408680621,,810.842127099852,False,False,False,,[]
1269,1269,1270,True,1.0,1.0,1269.0,1270.0,1269.0,1270.0,1270.0,0.0,17.702784,22.530816,827.1470952039112,0.5060818195343018,0.5060818195343018,0.0,1.0,0.5194352455191011,0.5191962017961215,0.9997273154298166,0.9797273278236389,0.9997268280439587,0.9999899194289804,0.999989907766503,0.9999877748817404,0.9999877616025413,-15.802044335040872,-61.96013299634087,,761.7747608942514,False,False,False,,[]
1270,1270,1271,True,1.0,1.0,1270.0,1271.0,1270.0,1271.0,1271.0,0.0,22.530816,27.358848000000002,828.7582499170792,0.5060819387435913,0.5060819387435913,0.0,1.0,0.5191962017961215,0.5188915982575081,0.9997268280439587,0.9797268509864807,0.9997262288958713,0.999989907766503,0.999989892174475,0.9999877616025413,0.9999877390457875,-20.129895272134906,-78.95323720858062,,712.927521583799,False,False,False,,[]
1271,1271,1272,True,1.0,1.0,1271.0,1272.0,1271.0,1272.0,1272.0,0.0,27.358848000000002,31.382208000000002,707.2322241614077,0.5060821175575256,0.5060821175575256,0.0,1.0,0.5188915982575081,0.5185903172097849,0.9997262288958713,0.979726254940033,0.9997256351235887,0.999989892174475,0.9999898752709889,0.9999877390457875,0.9999877224688705,-19.908194411388873,-78.09204756984771,,717.2887568461101,False,False,False,,[]
1272,1272,1273,True,1.0,1.0,1272.0,1273.0,1272.0,1273.0,1273.0,0.0,31.382208000000002,33.796224,462.14474719576185,0.50608229637146,0.50608229637146,0.0,1.0,0.5185903172097849,0.5183662440518568,0.9997256351235887,0.9797256588935852,0.9997251748455408,0.9999898752709889,0.9999898638562196,0.9999877224688705,0.9999877041146473,-14.808343908652951,-58.07976253494886,,769.3077265083551,False,False,False,,[]
1273,1273,1274,True,1.0,1.0,1273.0,1274.0,1273.0,1274.0,1274.0,0.0,33.796224,35.083699200000005,290.5163818734282,0.5060824155807495,0.5060824155807495,0.0,1.0,0.5183662440518568,0.5182136192592541,0.9997251748455408,0.979725182056427,0.9997248511375147,0.9999898638562196,0.999989849985141,0.9999877041146473,0.9999876961298666,-10.08803109964979,-39.560346242611345,,828.6023903173116,False,False,False,,[]
1274,1274,1275,True,1.0,1.0,1274.0,1275.0,1274.0,1275.0,1275.0,0.0,35.083699200000005,35.7274368,192.43284162514487,0.5060825347900391,0.5060825347900391,0.0,1.0,0.5182136192592541,0.5181077488368823,0.9997248511375147,0.9797248840332031,0.9997246325276548,0.999989849985141,0.999989839240453,0.9999876961298666,0.9999876906926033,-6.998440714084102,-27.441613478775974,,874.1920807310709,False,False,False,,[]
1275,1275,1276,True,1.0,1.0,1275.0,1276.0,1275.0,1276.0,1276.0,0.0,35.7274368,37.014912,291.63001201117095,0.5060825943946838,0.5060825943946838,0.0,1.0,0.5181077488368823,0.51795142484999,0.9997246325276548,0.979724645614624,0.9997243014771031,0.999989839240453,0.9999898285747518,0.9999876906926033,0.9999876822277567,-10.331751089147621,-40.51917740248024,,827.4312730485075,False,False,False,,[]
1276,1276,1277,True,1.0,1.0,1276.0,1277.0,1276.0,1277.0,1277.0,0.0,37.014912,37.98051840000001,242.997260363545,0.5060827136039734,0.5060827136039734,0.0,1.0,0.51795142484999,0.5178153115954631,0.9997243014771031,0.9797243475914001,0.9997240119798985,0.9999898285747518,0.9999898180140259,0.9999876822277567,0.9999876749560621,-8.996172105720015,-35.28055557336621,,845.3832889846673,False,False,False,,[]
1277,1277,1278,True,1.0,1.0,1277.0,1278.0,1277.0,1278.0,1278.0,0.0,37.98051840000001,38.785190400000005,218.89312732061435,0.5060827732086182,0.5060827732086182,0.0,1.0,0.5178153115954631,0.5176890827988194,0.9997240119798985,0.9797240495681763,0.9997237460893348,0.9999898180140259,0.9999898077429059,0.9999876749560621,0.999987668251062,-8.342860901554205,-32.71850409006099,,854.8513866675816,False,False,False,,[]
1278,1278,1279,True,1.0,1.0,1278.0,1279.0,1278.0,1279.0,1279.0,0.0,38.785190400000005,39.428928,194.70070299940014,0.5060828924179077,0.5060828924179077,0.0,1.0,0.5176890827988194,0.5175740331696757,0.9997237460893348,0.9797237515449524,0.9997235063826383,0.9999898077429059,0.9999897979621413,0.999987668251062,0.9999876621745835,-7.604051204675853,-29.82086387407798,,865.8926714317316,False,False,False,,[]
1279,1279,1280,True,1.0,1.0,1279.0,1280.0,1279.0,1280.0,1280.0,0.0,39.428928,39.428928,96.29922822105456,0.5060829520225525,0.5060829520225525,0.0,1.0,0.5175740331696757,0.5175143598601771,0.9997235063826383,0.9797235131263733,0.9997233886089995,0.9999897979621413,0.9999897916713743,0.9999876621745835,0.9999876589491896,-3.9446284554490765,-15.467321822016753,,925.0977627831226,False,False,False,,[]
1280,1280,1281,True,1.0,1.0,1280.0,1281.0,1280.0,1281.0,1281.0,0.0,39.428928,38.624256,-27.22462937894479,0.5060830116271973,0.5060830116271973,0.0,1.0,0.5175143598601771,0.5175235071789407,0.9997233886089995,0.9797233939170837,0.9997233714261375,0.9999897916713743,0.9999897895900105,0.9999876589491896,0.9999876556437334,0.6048046451839496,2.3709850235091365,,1002.046391749355,False,False,False,,[]
1281,1281,1282,True,1.0,1.0,1281.0,1282.0,1281.0,1282.0,1282.0,0.0,38.624256,37.819584000000006,-27.74556940286911,0.5060830116271973,0.5060830116271973,0.0,1.0,0.5175235071789407,0.5175326470977865,0.9997233714261375,0.9797233939170837,0.9997233542573003,0.9999897895900105,0.9999897875077431,0.9999876556437334,0.9999876523627511,0.6043378915676164,2.3690669648097415,,1002.0640369729247,False,False,False,,[]
1282,1282,1283,True,1.0,1.0,1282.0,1283.0,1282.0,1283.0,1283.0,0.0,37.819584000000006,37.819584000000006,95.26808920462707,0.5060830116271973,0.5060830116271973,0.0,1.0,0.5175326470977865,0.5174750631581165,0.9997233542573003,0.9797233939170837,0.9997232408393847,0.9999897875077431,0.9999897814076258,0.9999876523627511,0.9999876485719783,-3.806828033572831,-14.925757162457433,,926.9415952818994,False,False,False,,[]
1283,1283,1284,True,1.0,1.0,1283.0,1284.0,1283.0,1284.0,1284.0,0.0,37.819584000000006,37.819584000000006,95.26808920462707,0.5060830116271973,0.5060830116271973,0.0,1.0,0.5174750631581165,0.5174174793078548,0.9997232408393847,0.9797232747077942,0.9997231274216551,0.9999897814076258,0.9999897753075085,0.9999876485719783,0.9999876447812055,-3.806828033572831,-14.925733987840227,,926.9416880910519,False,False,False,,[]
1284,1284,1285,True,1.0,1.0,1284.0,1285.0,1284.0,1285.0,1285.0,0.0,37.819584000000006,37.819584000000006,95.26808920462707,0.506083071231842,0.506083071231842,0.0,1.0,0.5174174793078548,0.5173598955425742,0.9997231274216551,0.9797231554985046,0.9997230140041024,0.9999897753075085,0.9999897692073907,0.9999876447812055,0.9999876409904317,-3.806828142039427,-14.925711960708279,,926.941774959738,False,False,False,,[]
1285,1285,1286,True,1.0,1.0,1285.0,1286.0,1285.0,1286.0,1286.0,0.0,37.819584000000006,37.819584000000006,95.26808920462707,0.506083071231842,0.506083071231842,0.0,1.0,0.5173598955425742,0.5173023118612063,0.9997230140041024,0.9797230362892151,0.9997229005867242,0.9999897692073907,0.9999897631072728,0.9999876409904317,0.9999876371996579,-3.806828142039427,-14.925690210564229,,926.9418620645374,False,False,False,,[]
1286,1286,1287,True,1.0,1.0,1286.0,1287.0,1286.0,1287.0,1287.0,0.0,37.819584000000006,37.819584000000006,95.26808920462707,0.5060831308364868,0.5060831308364868,0.0,1.0,0.5173023118612063,0.5172447282594748,0.9997229005867242,0.9797229170799255,0.9997227871695117,0.9999897631072728,0.9999897570071544,0.9999876371996579,0.9999876334088832,-3.8068282505060087,-14.92566956883934,,926.9419434822291,False,False,False,,[]
1287,1287,1288,True,1.0,1.0,1287.0,1288.0,1287.0,1288.0,1288.0,0.0,37.819584000000006,38.624256,218.79194680462646,0.5060831308364868,0.5060831308364868,0.0,1.0,0.5172447282594748,0.5171190661715023,0.9997227871695117,0.979722797870636,0.9997225226193784,0.9999897570071544,0.9999897467655139,0.9999876334088832,0.9999876267350875,-8.305698611437233,-32.57161320246932,,855.4081839996754,False,False,False,,[]
1288,1288,1289,True,1.0,1.0,1288.0,1289.0,1288.0,1289.0,1289.0,0.0,38.624256,38.785190400000005,120.4830597171309,0.5060832500457764,0.5060832500457764,0.0,1.0,0.5171190661715023,0.5170465492614309,0.9997225226193784,0.9797225594520569,0.9997223776874925,0.9999897467655139,0.9999897393758496,0.9999876267350875,0.9999876230135797,-4.79370762384048,-18.796383090489144,,910.6462342808404,False,False,False,,[]
1289,1289,1290,True,1.0,1.0,1289.0,1290.0,1289.0,1290.0,1290.0,0.0,38.785190400000005,39.428928,194.70070299940014,0.5060833096504211,0.5060833096504211,0.0,1.0,0.5170465492614309,0.5169315028931367,0.9997223776874925,0.9797223806381226,0.9997221379883546,0.9999897393758496,0.9999897295950811,0.9999876230135797,0.9999876169371062,-7.604051116559856,-29.820018661856622,,865.8956840514621,False,False,False,,[]
1290,1290,1291,True,1.0,1.0,1290.0,1291.0,1290.0,1291.0,1291.0,0.0,39.428928,39.7507968,145.70877126105492,0.5060833692550659,0.5060833692550659,0.0,1.0,0.5169315028931367,0.5168428306548458,0.9997221379883546,0.9797221422195435,0.9997219579454478,0.9999897295950811,0.9999897211357288,0.9999876169371062,0.9999876123334959,-5.861191315853439,-22.983844164990103,,893.0648668084306,False,False,False,,[]
1291,1291,1292,True,1.0,1.0,1291.0,1292.0,1291.0,1292.0,1292.0,0.0,39.7507968,40.2336,170.62492627942223,0.5060834288597107,0.5060834288597107,0.0,1.0,0.5168428306548458,0.5167389597160864,0.9997219579454478,0.9797219634056091,0.9997217438834057,0.9999897211357288,0.9999897118287399,0.9999876123334959,0.9999876068878853,-6.8654147755351715,-26.923347326430758,,877.1700972083524,False,False,False,,[]
1292,1292,1293,True,1.0,1.0,1292.0,1293.0,1292.0,1293.0,1293.0,0.0,40.2336,40.8773376,195.64999535639973,0.5060834884643555,0.5060834884643555,0.0,1.0,0.5167389597160864,0.5166145291348565,0.9997217438834057,0.9797217845916748,0.9997214822413037,0.9999897118287399,0.9999897018659953,0.9999876068878853,0.999987596035013,-8.223642880071807,-32.252406654802805,,853.6717728415829,False,False,False,,[]
1293,1293,1294,True,1.0,1.0,1293.0,1294.0,1293.0,1294.0,1294.0,0.0,40.8773376,41.19920640000001,146.6735307033009,0.5060835480690002,0.5060835480690002,0.0,1.0,0.5166145291348565,0.516506812069848,0.9997214822413037,0.9797214865684509,0.9997212594161732,0.9999897018659953,0.9999896932867427,0.999987596035013,0.9999875796947092,-7.11923464125652,-27.92026325019217,,865.8614877369884,False,False,False,,[]
1294,1294,1295,True,1.0,1.0,1294.0,1295.0,1294.0,1295.0,1295.0,0.0,41.19920640000001,41.3601408,122.1878762242901,0.506083607673645,0.506083607673645,0.0,1.0,0.516506812069848,0.5164139539467052,0.9997212594161732,0.9797213077545166,0.9997210701004672,0.9999896932867427,0.9999896856118182,0.9999875796947092,0.9999875650220739,-6.1373559500375245,-24.06882551863162,,881.7274953924142,False,False,False,,[]
1295,1295,1296,True,1.0,1.0,1295.0,1296.0,1295.0,1296.0,1296.0,0.0,41.3601408,41.842944,171.70762224667112,0.5060836672782898,0.5060836672782898,0.0,1.0,0.5164139539467052,0.5162941955725849,0.9997210701004672,0.9797210693359375,0.9997208194310365,0.9999896856118182,0.9999896762034959,0.9999875650220739,0.9999875498445626,-7.91454207366283,-31.041370571963693,,855.1312336430278,False,False,False,,[]
1296,1296,1297,True,1.0,1.0,1296.0,1297.0,1296.0,1297.0,1297.0,0.0,41.842944,42.1648128,147.33603752135363,0.5060837268829346,0.5060837268829346,0.0,1.0,0.5162941955725849,0.5161919613322611,0.9997208194310365,0.9797208309173584,0.9997206090790489,0.9999896762034959,0.9999896674830182,0.9999875498445626,0.9999875383379527,-6.756636690930154,-26.4991150919376,,874.5107455062043,False,False,False,,[]
1297,1297,1298,True,1.0,1.0,1297.0,1298.0,1297.0,1298.0,1298.0,0.0,42.1648128,43.452288,295.7889393774276,0.5060837864875793,0.5060837864875793,0.0,1.0,0.5161919613322611,0.5160054165167568,0.9997206090790489,0.9797206521034241,0.9997202191169334,0.9999896674830182,0.9999896570730084,0.9999875383379527,0.9999875255428368,-12.325253610899065,-48.35241617870122,,800.8032679007862,False,False,False,,[]
1298,1298,1299,True,1.0,1.0,1298.0,1299.0,1298.0,1299.0,1299.0,0.0,43.452288,44.739763200000006,296.7032159719933,0.5060839056968689,0.5060839056968689,0.0,1.0,0.5160054165167568,0.5158139963250331,0.9997202191169334,0.9797202348709106,0.9997198198365984,0.9999896570730084,0.999989646871231,0.9999875255428368,0.9999875129760437,-12.646540968937803,-49.61611369476908,,797.3738997182222,False,False,False,,[]
1299,1299,1300,True,1.0,1.0,1299.0,1300.0,1299.0,1300.0,1300.0,0.0,44.739763200000006,45.5444352,223.53067504699618,0.5060840845108032,0.5060840845108032,0.0,1.0,0.5158139963250331,0.5156585762978262,0.9997198198365984,0.9797198176383972,0.9997194905777448,0.999989646871231,0.9999896362954184,0.9999875129760437,0.9999874992296014,-10.268758129863263,-40.28487105202316,,824.6278963636437,False,False,False,,[]
1300,1300,1301,True,1.0,1.0,1300.0,1301.0,1300.0,1301.0,1301.0,0.0,45.5444352,46.670976,273.5427899497213,0.506084144115448,0.506084144115448,0.0,1.0,0.5156585762978262,0.515472471288046,0.9997194905777448,0.9797195196151733,0.999719101458827,0.9999896362954184,0.9999896257719076,0.9999874992296014,0.9999874864048086,-12.29453432254926,-48.23841853503232,,801.0476388960076,False,False,False,,[]
1301,1301,1302,True,1.0,1.0,1301.0,1302.0,1301.0,1302.0,1302.0,0.0,46.670976,46.831910400000005,126.17580637032451,0.5060842633247375,0.5060842633247375,0.0,1.0,0.515472471288046,0.5153744772582041,0.999719101458827,0.9797191023826599,0.9997189006659125,0.9999896257719076,0.9999896171284742,0.9999874864048086,0.9999874754081209,-6.4752105808895015,-25.400052535030316,,878.9559503746841,False,False,False,,[]
1302,1302,1303,True,1.0,1.0,1302.0,1303.0,1302.0,1303.0,1303.0,0.0,46.831910400000005,46.670976,76.89107411543662,0.5060843229293823,0.5060843229293823,0.0,1.0,0.5153744772582041,0.5153121149459485,0.9997189006659125,0.9797189235687256,0.9997187772609518,0.9999896171284742,0.9999896110823614,0.9999874754081209,0.9999874676975726,-4.121185863320569,-16.164311336639926,,918.729661553911,False,False,False,,[]
1303,1303,1304,True,1.0,1.0,1303.0,1304.0,1303.0,1304.0,1304.0,0.0,46.670976,45.061632,-145.57668034967583,0.5060843825340271,0.5060843825340271,0.0,1.0,0.5153121149459485,0.515380193462931,0.9997187772609518,0.979718804359436,0.9997186417891022,0.9999896110823614,0.9999896019184347,0.9999874676975726,0.9999874555889811,4.500827571023636,17.64595160185334,,1034.4030172596476,False,False,False,,[]
1304,1304,1305,True,1.0,1.0,1304.0,1305.0,1304.0,1305.0,1305.0,0.0,45.061632,39.7507968,-715.0109028916838,0.5060843825340271,0.5060843825340271,0.0,1.0,0.515380193462931,0.5157378647678846,0.9997186417891022,0.9797186851501465,0.9997179613031241,0.9999896019184347,0.9999895862722821,0.9999874555889811,0.9999874313915006,23.66971549996274,92.70840224400082,,1332.940691805308,False,False,False,,[]
1305,1305,1306,True,1.0,1.0,1305.0,1306.0,1305.0,1306.0,1306.0,0.0,39.7507968,34.4399616,-718.7468484405789,0.5060846209526062,0.5060846209526062,0.0,1.0,0.5157378647678846,0.516047127253362,0.9997179613031241,0.9797179698944092,0.9997173546712776,0.9999895862722821,0.9999895668973012,0.9999874313915006,0.9999874101138566,20.46693687524748,80.16083623574339,,1262.5412579122396,False,False,False,,[]
1306,1306,1307,True,1.0,1.0,1306.0,1307.0,1306.0,1307.0,1307.0,0.0,34.4399616,29.129126400000004,-722.014914660766,0.5060847997665405,0.5060847997665405,0.0,1.0,0.516047127253362,0.5163078262991642,0.9997173546712776,0.9797173738479614,0.9997168290824803,0.9999895668973012,0.9999895475956206,0.9999874101138566,0.9999873879948082,17.253215161655877,67.57319267193445,,1200.0759942463785,False,False,False,,[]
1307,1307,1308,True,1.0,1.0,1307.0,1308.0,1307.0,1308.0,1308.0,0.0,29.129126400000004,23.818291200000004,-724.8151015522542,0.5060849189758301,0.5060849189758301,0.0,1.0,0.5163078262991642,0.5165252093269613,0.9997168290824803,0.9797168374061584,0.9997163810966679,0.9999895475956206,0.9999895333341555,0.9999873879948082,0.9999873665618618,14.386569639047583,56.345680805016464,,1158.6009206024726,False,False,False,,[]
1308,1308,1309,True,1.0,1.0,1308.0,1309.0,1308.0,1309.0,1309.0,0.0,23.818291200000004,18.507456,-727.1474091150358,0.5060850977897644,0.5060850977897644,0.0,1.0,0.5165252093269613,0.516702824382057,0.9997163810966679,0.979716420173645,0.9997160083381913,0.9999895333341555,0.9999895225484371,0.9999873665618618,0.9999873527169608,11.754588721804575,46.037822280769916,,1130.8489333134012,False,False,False,,[]
1309,1309,1310,True,1.0,1.0,1309.0,1310.0,1309.0,1310.0,1310.0,0.0,18.507456,13.1966208,-729.0118373491142,0.506085216999054,0.506085216999054,0.0,1.0,0.516702824382057,0.5168195726055852,0.9997160083381913,0.9797160029411316,0.9997157646879291,0.9999895225484371,0.999989514448684,0.9999873527169608,0.999987321493508,7.725672285202112,30.261139538523704,,1056.0331076029997,False,False,False,,[]
1310,1310,1311,True,1.0,1.0,1310.0,1311.0,1310.0,1311.0,1311.0,0.0,13.1966208,7.885785600000001,-730.4083862544874,0.5060852766036987,0.5060852766036987,0.0,1.0,0.5168195726055852,0.5168899230858991,0.9997157646879291,0.9797157645225525,0.9997156243835267,0.999989514448684,0.999989509052235,0.999987321493508,0.999987291385695,4.654989564868931,18.2348444973506,,1021.2582858572017,False,False,False,,[]
1311,1311,1312,True,1.0,1.0,1311.0,1312.0,1311.0,1312.0,1312.0,0.0,7.885785600000001,2.5749504000000005,-731.337055831158,0.5060852766036987,0.5060852766036987,0.0,1.0,0.5168899230858991,0.5169151244802657,0.9997156243835267,0.9797156453132629,0.9997155762943954,0.999989509052235,0.9999894959151794,0.999987291385695,0.9999872764277098,1.6673782789376805,6.532201419816837,,992.3563163231044,False,False,False,,[]
1312,1312,1313,True,1.0,1.0,1312.0,1313.0,1312.0,1313.0,1313.0,0.0,2.5749504000000005,0.0,-311.81673023912396,0.5060853362083435,0.5060853362083435,0.0,1.0,0.5169151244802657,0.5169177695256216,0.9997155762943954,0.9797155857086182,0.9997155713572914,0.9999894959151794,0.9999894945364262,0.9999872764277098,0.9999872748578477,0.17499377490193221,0.6855957562516969,,999.203354747837,False,False,False,,[]
1313,1313,1314,True,1.0,1.0,1313.0,1314.0,1313.0,1314.0,1314.0,0.0,0.0,0.0,83.40462000000002,0.5060853362083435,0.5060853362083435,0.0,1.0,0.5169177695256216,0.5169177695256216,0.9997155713572914,0.9797155857086182,0.9997155713572914,0.9999894945364262,0.9999894945364262,0.9999872748578477,0.9999872748578477,-0.0,0.0,,1000.0,False,False,False,,[]
1314,1314,1315,True,1.0,1.0,1314.0,1315.0,1314.0,1315.0,1315.0,0.0,0.0,0.0,83.40462000000002,0.5060853362083435,0.5060853362083435,0.0,1.0,0.5169177695256216,0.5169177695256216,0.9997155713572914,0.9797155857086182,0.9997155713572914,0.9999894945364262,0.9999894945364262,0.9999872748578477,0.9999872748578477,-0.0,0.0,,1000.0,False,False,False,,[]
1315,1315,1316,True,1.0,1.0,1315.0,1316.0,1315.0,1316.0,1316.0,0.0,0.0,0.0,83.40462000000002,0.5060853362083435,0.5060853362083435,0.0,1.0,0.5169177695256216,0.5169177695256216,0.9997155713572914,0.9797155857086182,0.9997155713572914,0.9999894945364262,0.9999894945364262,0.9999872748578477,0.9999872748578477,-0.0,0.0,,1000.0,False,False,False,,[]
1316,1316,1317,True,1.0,1.0,1316.0,1317.0,1316.0,1317.0,1317.0,0.0,0.0,0.0,83.40462000000002,0.5060853362083435,0.5060853362083435,0.0,1.0,0.5169177695256216,0.5169177695256216,0.9997155713572914,0.9797155857086182,0.9997155713572914,0.9999894945364262,0.9999894945364262,0.9999872748578477,0.9999872748578477,-0.0,0.0,,1000.0,False,False,False,,[]
1317,1317,1318,True,1.0,1.0,1317.0,1318.0,1317.0,1318.0,1318.0,0.0,0.0,0.0,83.40462000000002,0.5060853362083435,0.5060853362083435,0.0,1.0,0.5169177695256216,0.5169177695256216,0.9997155713572914,0.9797155857086182,0.9997155713572914,0.9999894945364262,0.9999894945364262,0.9999872748578477,0.9999872748578477,-0.0,0.0,,1000.0,False,False,False,,[]
1318,1318,1319,True,1.0,1.0,1318.0,1319.0,1318.0,1319.0,1319.0,0.0,0.0,0.0,83.40462000000002,0.5060853362083435,0.5060853362083435,0.0,1.0,0.5169177695256216,0.5169177695256216,0.9997155713572914,0.9797155857086182,0.9997155713572914,0.9999894945364262,0.9999894945364262,0.9999872748578477,0.9999872748578477,-0.0,0.0,,1000.0,False,False,False,,[]
1319,1319,1320,True,1.0,1.0,1319.0,1320.0,1319.0,1320.0,1320.0,0.0,0.0,0.0,83.40462000000002,0.5060853362083435,0.5060853362083435,0.0,1.0,0.5169177695256216,0.5169177695256216,0.9997155713572914,0.9797155857086182,0.9997155713572914,0.9999894945364262,0.9999894945364262,0.9999872748578477,0.9999872748578477,-0.0,0.0,,1000.0,False,False,False,,[]
1320,1320,1321,True,1.0,1.0,1320.0,1321.0,1320.0,1321.0,1321.0,0.0,0.0,0.0,83.40462000000002,0.5060853362083435,0.5060853362083435,0.0,1.0,0.5169177695256216,0.5169177695256216,0.9997155713572914,0.9797155857086182,0.9997155713572914,0.9999894945364262,0.9999894945364262,0.9999872748578477,0.9999872748578477,-0.0,0.0,,1000.0,False,False,False,,[]
1321,1321,1322,True,1.0,1.0,1321.0,1322.0,1321.0,1322.0,1322.0,0.0,0.0,0.0,83.40462000000002,0.5060853362083435,0.5060853362083435,0.0,1.0,0.5169177695256216,0.5169177695256216,0.9997155713572914,0.9797155857086182,0.9997155713572914,0.9999894945364262,0.9999894945364262,0.9999872748578477,0.9999872748578477,-0.0,0.0,,1000.0,False,False,False,,[]
1322,1322,1323,True,1.0,1.0,1322.0,1323.0,1322.0,1323.0,1323.0,0.0,0.0,0.0,83.40462000000002,0.5060853362083435,0.5060853362083435,0.0,1.0,0.5169177695256216,0.5169177695256216,0.9997155713572914,0.9797155857086182,0.9997155713572914,0.9999894945364262,0.9999894945364262,0.9999872748578477,0.9999872748578477,-0.0,0.0,,1000.0,False,False,False,,[]
1323,1323,1324,True,1.0,1.0,1323.0,1324.0,1323.0,1324.0,1324.0,0.0,0.0,0.0,83.40462000000002,0.5060853362083435,0.5060853362083435,0.0,1.0,0.5169177695256216,0.5169177695256216,0.9997155713572914,0.9797155857086182,0.9997155713572914,0.9999894945364262,0.9999894945364262,0.9999872748578477,0.9999872748578477,-0.0,0.0,,1000.0,False,False,False,,[]
1324,1324,1325,True,1.0,1.0,1324.0,1325.0,1324.0,1325.0,1325.0,0.0,0.0,0.0,83.40462000000002,0.5060853362083435,0.5060853362083435,0.0,1.0,0.5169177695256216,0.5169177695256216,0.9997155713572914,0.9797155857086182,0.9997155713572914,0.9999894945364262,0.9999894945364262,0.9999872748578477,0.9999872748578477,-0.0,0.0,,1000.0,False,False,False,,[]
1325,1325,1326,True,1.0,1.0,1325.0,1326.0,1325.0,1326.0,1326.0,0.0,0.0,0.0,83.40462000000002,0.5060853362083435,0.5060853362083435,0.0,1.0,0.5169177695256216,0.5169177695256216,0.9997155713572914,0.9797155857086182,0.9997155713572914,0.9999894945364262,0.9999894945364262,0.9999872748578477,0.9999872748578477,-0.0,0.0,,1000.0,False,False,False,,[]
1326,1326,1327,True,1.0,1.0,1326.0,1327.0,1326.0,1327.0,1327.0,0.0,0.0,0.0,83.40462000000002,0.5060853362083435,0.5060853362083435,0.0,1.0,0.5169177695256216,0.5169177695256216,0.9997155713572914,0.9797155857086182,0.9997155713572914,0.9999894945364262,0.9999894945364262,0.9999872748578477,0.9999872748578477,-0.0,0.0,,1000.0,False,False,False,,[]
1327,1327,1328,True,1.0,1.0,1327.0,1328.0,1327.0,1328.0,1328.0,0.0,0.0,0.0,83.40462000000002,0.5060853362083435,0.5060853362083435,0.0,1.0,0.5169177695256216,0.5169177695256216,0.9997155713572914,0.9797155857086182,0.9997155713572914,0.9999894945364262,0.9999894945364262,0.9999872748578477,0.9999872748578477,-0.0,0.0,,1000.0,False,False,False,,[]
1328,1328,1329,True,1.0,1.0,1328.0,1329.0,1328.0,1329.0,1329.0,0.0,0.0,0.0,83.40462000000002,0.5060853362083435,0.5060853362083435,0.0,1.0,0.5169177695256216,0.5169177695256216,0.9997155713572914,0.9797155857086182,0.9997155713572914,0.9999894945364262,0.9999894945364262,0.9999872748578477,0.9999872748578477,-0.0,0.0,,1000.0,False,False,False,,[]
1329,1329,1330,True,1.0,1.0,1329.0,1330.0,1329.0,1330.0,1330.0,0.0,0.0,0.0,83.40462000000002,0.5060853362083435,0.5060853362083435,0.0,1.0,0.5169177695256216,0.5169177695256216,0.9997155713572914,0.9797155857086182,0.9997155713572914,0.9999894945364262,0.9999894945364262,0.9999872748578477,0.9999872748578477,-0.0,0.0,,1000.0,False,False,False,,[]
1330,1330,1331,True,1.0,1.0,1330.0,1331.0,1330.0,1331.0,1331.0,0.0,0.0,0.0,83.40462000000002,0.5060853362083435,0.5060853362083435,0.0,1.0,0.5169177695256216,0.5169177695256216,0.9997155713572914,0.9797155857086182,0.9997155713572914,0.9999894945364262,0.9999894945364262,0.9999872748578477,0.9999872748578477,-0.0,0.0,,1000.0,False,False,False,,[]
1331,1331,1332,True,1.0,1.0,1331.0,1332.0,1331.0,1332.0,1332.0,0.0,0.0,0.0,83.40462000000002,0.5060853362083435,0.5060853362083435,0.0,1.0,0.5169177695256216,0.5169177695256216,0.9997155713572914,0.9797155857086182,0.9997155713572914,0.9999894945364262,0.9999894945364262,0.9999872748578477,0.9999872748578477,-0.0,0.0,,1000.0,False,False,False,,[]
1332,1332,1333,True,1.0,1.0,1332.0,1333.0,1332.0,1333.0,1333.0,0.0,0.0,0.0,83.40462000000002,0.5060853362083435,0.5060853362083435,0.0,1.0,0.5169177695256216,0.5169177695256216,0.9997155713572914,0.9797155857086182,0.9997155713572914,0.9999894945364262,0.9999894945364262,0.9999872748578477,0.9999872748578477,-0.0,0.0,,1000.0,False,False,False,,[]
1333,1333,1334,True,1.0,1.0,1333.0,1334.0,1333.0,1334.0,1334.0,0.0,0.0,0.0,83.40462000000002,0.5060853362083435,0.5060853362083435,0.0,1.0,0.5169177695256216,0.5169177695256216,0.9997155713572914,0.9797155857086182,0.9997155713572914,0.9999894945364262,0.9999894945364262,0.9999872748578477,0.9999872748578477,-0.0,0.0,,1000.0,False,False,False,,[]
1334,1334,1335,True,1.0,1.0,1334.0,1335.0,1334.0,1335.0,1335.0,0.0,0.0,0.0,83.40462000000002,0.5060853362083435,0.5060853362083435,0.0,1.0,0.5169177695256216,0.5169177695256216,0.9997155713572914,0.9797155857086182,0.9997155713572914,0.9999894945364262,0.9999894945364262,0.9999872748578477,0.9999872748578477,-0.0,0.0,,1000.0,False,False,False,,[]
1335,1335,1336,True,1.0,1.0,1335.0,1336.0,1335.0,1336.0,1336.0,0.0,0.0,0.0,83.40462000000002,0.5060853362083435,0.5060853362083435,0.0,1.0,0.5169177695256216,0.5169177695256216,0.9997155713572914,0.9797155857086182,0.9997155713572914,0.9999894945364262,0.9999894945364262,0.9999872748578477,0.9999872748578477,-0.0,0.0,,1000.0,False,False,False,,[]
1336,1336,1337,True,1.0,1.0,1336.0,1337.0,1336.0,1337.0,1337.0,0.0,0.0,0.0,83.40462000000002,0.5060853362083435,0.5060853362083435,0.0,1.0,0.5169177695256216,0.5169177695256216,0.9997155713572914,0.9797155857086182,0.9997155713572914,0.9999894945364262,0.9999894945364262,0.9999872748578477,0.9999872748578477,-0.0,0.0,,1000.0,False,False,False,,[]
1337,1337,1338,True,1.0,1.0,1337.0,1338.0,1337.0,1338.0,1338.0,0.0,0.0,2.414016,453.97619280000004,0.5060853362083435,0.5060853362083435,0.0,1.0,0.5169177695256216,0.5169038915337815,0.9997155713572914,0.9797155857086182,0.9997155451671302,0.9999894945364262,0.9999894926545481,0.9999872748578477,0.9999872727151226,-0.9183055078249412,-3.5971754849633215,,979.8910567526843,False,False,False,,[]
1338,1338,1339,True,1.0,1.0,1338.0,1339.0,1338.0,1339.0,1339.0,0.0,2.414016,7.7248512,898.710414801395,0.5060853362083435,0.5060853362083435,0.0,1.0,0.5169038915337815,0.5167884661100753,0.9997155451671302,0.9797155857086182,0.9997153045890362,0.9999894926545481,0.9999894770076779,0.9999872727151226,0.9999872548994413,-7.63524848913043,-29.91826982462583,,852.5543236628882,False,False,False,,[]
1339,1339,1340,True,1.0,1.0,1339.0,1340.0,1339.0,1340.0,1340.0,0.0,7.7248512,13.0356864,899.1570268878853,0.5060853958129883,0.5060853958129883,0.0,1.0,0.5167884661100753,0.516603810484251,0.9997153045890362,0.9797153472900391,0.9997149182519178,0.9999894770076779,0.9999894704658913,0.9999872548994413,0.9999872184015889,-12.211534522214187,-47.86273821368483,,789.6842118975459,False,False,False,,[]
1340,1340,1341,True,1.0,1.0,1340.0,1341.0,1340.0,1341.0,1341.0,0.0,13.0356864,18.346521600000003,900.0715183030798,0.5060855150222778,0.5060855150222778,0.0,1.0,0.516603810484251,0.5163505690416729,0.9997149182519178,0.9797149300575256,0.9997144056815407,0.9999894704658913,0.9999894571162717,0.9999872184015889,0.9999871751040667,-16.742360174837714,-65.64018191624193,,734.675249879414,False,False,False,,[]
1341,1341,1342,True,1.0,1.0,1341.0,1342.0,1341.0,1342.0,1342.0,0.0,18.346521600000003,21.2433408,530.8823162469771,0.5060856342315674,0.5060856342315674,0.0,1.0,0.5163505690416729,0.5161996492579536,0.9997144056815407,0.9797144532203674,0.9997140853671174,0.9999894571162717,0.99998944975073,0.9999871751040667,0.9999871667175979,-9.979847032673838,-39.11840794002835,,834.2348377226559,False,False,False,,[]
1342,1342,1343,True,1.0,1.0,1342.0,1343.0,1342.0,1343.0,1343.0,0.0,21.2433408,24.3010944,556.5383135096322,0.5060857534408569,0.5060857534408569,0.0,1.0,0.5161996492579536,0.5160052488210812,0.9997140853671174,0.9797140955924988,0.9997136804169723,0.99998944975073,0.9999894358142715,0.9999871667175979,0.9999871507855285,-12.852627614619378,-50.38859323732478,,790.6613536717975,False,False,False,,[]
1343,1343,1344,True,1.0,1.0,1343.0,1344.0,1343.0,1344.0,1344.0,0.0,24.3010944,27.036979200000005,508.28386098866,0.5060858726501465,0.5060858726501465,0.0,1.0,0.5160052488210812,0.5158060526292696,0.9997136804169723,0.9797136783599854,0.9997132663853977,0.9999894358142715,0.9999894229517495,0.9999871507855285,0.9999871335391645,-13.168550317934084,-51.63165291756583,,786.9627128331148,False,False,False,,[]
1344,1344,1345,True,1.0,1.0,1344.0,1345.0,1344.0,1345.0,1345.0,0.0,27.036979200000005,29.450995200000005,460.0392902165934,0.506085991859436,0.506085991859436,0.0,1.0,0.5158060526292696,0.5156083058287088,0.9997132663853977,0.9797132611274719,0.9997128550929124,0.9999894229517495,0.9999894112671347,0.9999871335391645,0.9999871157071493,-13.07185147478961,-51.25597070537703,,788.3993785698483,False,False,False,,[]
1345,1345,1346,True,1.0,1.0,1345.0,1346.0,1345.0,1346.0,1346.0,0.0,29.450995200000005,31.382208000000002,387.05600626523784,0.5060861110687256,0.5060861110687256,0.0,1.0,0.5156083058287088,0.5154341723939648,0.9997128550929124,0.9797129034996033,0.9997124890890171,0.9999894112671347,0.9999893989159381,0.9999871157071493,0.9999871063118426,-11.510970406008754,-45.13538628561635,,811.3719770252288,False,False,False,,[]
1346,1346,1347,True,1.0,1.0,1346.0,1347.0,1346.0,1347.0,1347.0,0.0,31.382208000000002,32.6696832,289.2113465557611,0.5060862302780151,0.5060862302780151,0.0,1.0,0.5154341723939648,0.5152920455688398,0.9997124890890171,0.9797124862670898,0.9997121863680903,0.9999893989159381,0.9999893877636811,0.9999871063118426,0.9999870958016237,-9.395604593995841,-36.839273072405746,,837.4778761411549,False,False,False,,[]
1347,1347,1348,True,1.0,1.0,1347.0,1348.0,1347.0,1348.0,1348.0,0.0,32.6696832,34.2790272,339.30487847665944,0.5060863494873047,0.5060863494873047,0.0,1.0,0.5152920455688398,0.515110564685899,0.9997121863680903,0.979712188243866,0.9997118061404378,0.9999893877636811,0.9999893719293923,0.9999870958016237,0.9999870792939085,-11.995202045342856,-47.03984485824857,,798.8205241373034,False,False,False,,[]
1348,1348,1349,True,1.0,1.0,1348.0,1349.0,1348.0,1349.0,1349.0,0.0,34.2790272,35.2446336,241.3794462108959,0.5060864686965942,0.5060864686965942,0.0,1.0,0.515110564685899,0.5149788016109252,0.9997118061404378,0.9797118306159973,0.9997115270856508,0.9999893719293923,0.9999893578282398,0.9999870792939085,0.9999870725976985,-8.709902348807555,-34.152989033211796,,847.1231454500448,False,False,False,,[]
1349,1349,1350,True,1.0,1.0,1349.0,1350.0,1349.0,1350.0,1350.0,0.0,35.2446336,35.566502400000005,143.11717519976708,0.506086528301239,0.506086528301239,0.0,1.0,0.5149788016109252,0.51489811600086,0.9997115270856508,0.9797115325927734,0.9997113645340454,0.9999893578282398,0.9999893486337721,0.9999870725976985,0.9999870685539008,-5.334214953432636,-20.91371012890554,,900.7556147186415,False,False,False,,[]
1350,1350,1351,True,1.0,1.0,1350.0,1351.0,1350.0,1351.0,1351.0,0.0,35.566502400000005,36.0493056,168.01098887277752,0.5060865879058838,0.5060865879058838,0.0,1.0,0.51489811600086,0.5148030823831778,0.9997113645340454,0.9797114133834839,0.9997111703702385,0.9999893486337721,0.9999893381759808,0.9999870685539008,0.9999870637527801,-6.282422607155835,-24.63271370322031,,885.1837768089268,False,False,False,,[]
1351,1351,1352,True,1.0,1.0,1351.0,1352.0,1351.0,1352.0,1352.0,0.0,36.0493056,35.405568,-4.635626228277335,0.5060866475105286,0.5060866475105286,0.0,1.0,0.5148030823831778,0.5148043968748441,0.9997111703702385,0.9797111749649048,0.9997111679198684,0.9999893381759808,0.9999893378277358,0.9999870637527801,0.9999870631262798,0.08692246231255764,0.3407162398983224,,1000.0947183396171,False,False,False,,[]
1352,1352,1353,True,1.0,1.0,1352.0,1353.0,1352.0,1353.0,1353.0,0.0,35.405568,34.76183040000001,-5.017147664354535,0.5060866475105286,0.5060866475105286,0.0,1.0,0.5148043968748441,0.5148057953555062,0.9997111679198684,0.9797111749649048,0.9997111653127184,0.9999893378277358,0.9999893374576206,0.9999870631262798,0.9999870624622835,0.0924790924240581,0.3624861875963351,,1000.103664950194,False,False,False,,[]
1353,1353,1354,True,1.0,1.0,1353.0,1354.0,1353.0,1354.0,1354.0,0.0,34.76183040000001,33.957158400000004,-30.096566360324825,0.5060866475105286,0.5060866475105286,0.0,1.0,0.5148057953555062,0.5148145820322391,0.9997111653127184,0.9797111749649048,0.9997111488131298,0.9999893374576206,0.9999893352832264,0.9999870624622835,0.9999870592754007,0.581077764492685,2.2775066091643597,,1001.7785985819643,False,False,False,,[]
1354,1354,1355,True,1.0,1.0,1354.0,1355.0,1354.0,1355.0,1355.0,0.0,33.957158400000004,32.991552,-55.25997992200731,0.5060866475105286,0.5060866475105286,0.0,1.0,0.5148145820322391,0.5148314155679145,0.9997111488131298,0.9797111749649048,0.9997111169533649,0.9999893352832264,0.9999893314522955,0.9999870592754007,0.9999870549027712,1.1132926324744594,4.363252447072983,,1005.4737981456053,False,False,False,,[]
1355,1355,1356,True,1.0,1.0,1355.0,1356.0,1355.0,1356.0,1356.0,0.0,32.991552,32.18688,-31.09140069054799,0.5060866475105286,0.5060866475105286,0.0,1.0,0.5148314155679145,0.5148400466629492,0.9997111169533649,0.97971111536026,0.9997111007483936,0.9999893314522955,0.9999893293217601,0.9999870549027712,0.9999870518079221,0.5708251614562475,2.2371798330220094,,1001.7884061376482,False,False,False,,[]
1356,1356,1357,True,1.0,1.0,1356.0,1357.0,1356.0,1357.0,1357.0,0.0,32.18688,31.543142400000004,-6.821640943103673,0.5060866475105286,0.5060866475105286,0.0,1.0,0.5148400466629492,0.5148417821083012,0.9997111007483936,0.97971111536026,0.9997110975119828,0.9999893293217601,0.9999893288646956,0.9999870518079221,0.9999870509987357,0.1147760302726401,0.44982743523566954,,1000.1455745783256,False,False,False,,[]
1357,1357,1358,True,1.0,1.0,1357.0,1358.0,1357.0,1358.0,1358.0,0.0,31.543142400000004,29.772864000000002,-180.09531745852541,0.5060866475105286,0.5060866475105286,0.0,1.0,0.5148417821083012,0.5149019924392058,0.9997110975119828,0.97971111536026,0.9997109786160113,0.9999893288646956,0.9999893209498009,0.9999870509987357,0.9999870463156232,3.982924344581385,15.606517770444563,,1037.0461146695995,False,False,False,,[]
1358,1358,1359,True,1.0,1.0,1358.0,1359.0,1358.0,1359.0,1359.0,0.0,29.772864000000002,28.163520000000002,-156.29085919224403,0.5060867071151733,0.5060867071151733,0.0,1.0,0.5149019924392058,0.5149505839588682,0.9997109786160113,0.9797109961509705,0.9997108837478937,0.9999893209498009,0.9999893141443356,0.9999870463156232,0.9999870418682826,3.214377350839219,12.594921896501612,,1028.6498549468674,False,False,False,,[]
1359,1359,1360,True,1.0,1.0,1359.0,1360.0,1359.0,1360.0,1360.0,0.0,28.163520000000002,26.554176000000002,-157.06421345456368,0.5060867071151733,0.5060867071151733,0.0,1.0,0.5149505839588682,0.5149928139698932,0.9997108837478937,0.9797108769416809,0.9997108018112313,0.9999893141443356,0.999989305634283,0.9999870418682826,0.9999870351776662,2.7936198035689896,10.946018857689598,,1019.1972693765871,False,False,False,,[]
1360,1360,1361,True,1.0,1.0,1360.0,1361.0,1360.0,1361.0,1361.0,0.0,26.554176000000002,24.944832,-157.79460359120037,0.5060867667198181,0.5060867667198181,0.0,1.0,0.5149928139698932,0.5150332922632391,0.9997108018112313,0.9797108173370361,0.9997107234078053,0.999989305634283,0.9999892981914223,0.9999870351776662,0.9999870288332857,2.6778274446868373,10.491973635287232,,1019.2128861600469,False,False,False,,[]
1361,1361,1362,True,1.0,1.0,1361.0,1362.0,1361.0,1362.0,1362.0,0.0,24.944832,22.530816,-282.0058872021519,0.5060867667198181,0.5060867667198181,0.0,1.0,0.5150332922632391,0.5151025764453876,0.9997107234078053,0.9797107577323914,0.9997105853740501,0.9999892981914223,0.9999892869718775,0.9999870288332857,0.9999870204192826,4.584053896123531,17.958460012868084,,1037.1800619133528,False,False,False,,[]
1362,1362,1363,True,1.0,1.0,1362.0,1363.0,1362.0,1363.0,1363.0,0.0,22.530816,17.702784,-653.5280412829211,0.5060868263244629,0.5060868263244629,0.0,1.0,0.5151025764453876,0.5152553785572388,0.9997105853740501,0.979710578918457,0.9997102613134297,0.9999892869718775,0.9999892777572753,0.9999870204192826,0.9999870099275079,10.112994539138667,39.60630739182732,,1111.963212156253,False,False,False,,[]
1363,1363,1364,True,1.0,1.0,1363.0,1364.0,1363.0,1364.0,1364.0,0.0,17.702784,12.874752,-655.1391959960891,0.5060869455337524,0.5060869455337524,0.0,1.0,0.5152553785572388,0.5153440984204951,0.9997102613134297,0.9797102808952332,0.9997100811654308,0.9999892777572753,0.9999892650108714,0.9999870099275079,0.9999869739490599,5.87109384402606,22.99618855603065,,1022.4741990880802,False,False,False,,[]
1364,1364,1365,True,1.0,1.0,1364.0,1365.0,1364.0,1365.0,1365.0,0.0,12.874752,8.368588800000001,-606.9541305380964,0.5060869455337524,0.5060869455337524,0.0,1.0,0.5153440984204951,0.5154030006858594,0.9997100811654308,0.9797101020812988,0.9997099650012099,0.9999892650108714,0.9999892604922884,0.9999869739490599,0.9999869487391961,3.8977310365245104,15.267467182420734,,1017.8711677483669,False,False,False,,[]
1365,1365,1366,True,1.0,1.0,1365.0,1366.0,1365.0,1366.0,1366.0,0.0,8.368588800000001,4.02336,-583.0433360607461,0.5060870051383972,0.5060870051383972,0.0,1.0,0.5154030006858594,0.5154267990213668,0.9997099650012099,0.9797099828720093,0.9997099196516741,0.9999892604922884,0.999989248085478,0.9999869487391961,0.9999869346127732,1.5746888957305296,6.168528563498219,,992.782617836106,False,False,False,,[]
1366,1366,1367,True,1.0,1.0,1366.0,1367.0,1366.0,1367.0,1367.0,0.0,4.02336,0.0,-534.0804051072361,0.5060870051383972,0.5060870051383972,0.0,1.0,0.5154267990213668,0.5154338770967328,0.9997099196516741,0.9797099232673645,0.999709906382688,0.999989248085478,0.9999892443955725,0.9999869346127732,0.9999869304114384,0.46832771227908004,1.8346371348664272,,997.8645065168001,False,False,False,,[]
1367,1367,1368,True,1.0,1.0,1367.0,1368.0,1367.0,1368.0,1368.0,0.0,0.0,0.0,83.40462000000002,0.5060870051383972,0.5060870051383972,0.0,1.0,0.5154338770967328,0.5154338770967328,0.999709906382688,0.9797099232673645,0.999709906382688,0.9999892443955725,0.9999892443955725,0.9999869304114384,0.9999869304114384,-0.0,0.0,,1000.0,False,False,False,,[]
1368,1368,1369,True,1.0,1.0,1368.0,1369.0,1368.0,1369.0,1369.0,0.0,0.0,0.0,83.40462000000002,0.5060870051383972,0.5060870051383972,0.0,1.0,0.5154338770967328,0.5154338770967328,0.999709906382688,0.9797099232673645,0.999709906382688,0.9999892443955725,0.9999892443955725,0.9999869304114384,0.9999869304114384,-0.0,0.0,,1000.0,False,False,False,,[]
1369,1369,1370,True,1.0,1.0,1369.0,1370.0,1369.0,1370.0,1370.0,0.0,0.0,0.0,83.40462000000002,0.5060870051383972,0.5060870051383972,0.0,1.0,0.5154338770967328,0.5154338770967328,0.999709906382688,0.9797099232673645,0.999709906382688,0.9999892443955725,0.9999892443955725,0.9999869304114384,0.9999869304114384,-0.0,0.0,,1000.0,False,False,False,,[]
1370,1370,1371,True,1.0,1.0,1370.0,1371.0,1370.0,1371.0,1371.0,0.0,0.0,0.0,83.40462000000002,0.5060870051383972,0.5060870051383972,0.0,1.0,0.5154338770967328,0.5154338770967328,0.999709906382688,0.9797099232673645,0.999709906382688,0.9999892443955725,0.9999892443955725,0.9999869304114384,0.9999869304114384,-0.0,0.0,,1000.0,False,False,False,,[]
1371,1371,1372,True,1.0,1.0,1371.0,1372.0,1371.0,1372.0,1372.0,0.0,0.0,0.0,83.40462000000002,0.5060870051383972,0.5060870051383972,0.0,1.0,0.5154338770967328,0.5154338770967328,0.999709906382688,0.9797099232673645,0.999709906382688,0.9999892443955725,0.9999892443955725,0.9999869304114384,0.9999869304114384,-0.0,0.0,,1000.0,False,False,False,,[]
1372,1372,1373,True,1.0,1.0,1372.0,1373.0,1372.0,1373.0,1373.0,0.0,0.0,0.0,83.40462000000002,0.5060870051383972,0.5060870051383972,0.0,1.0,0.5154338770967328,0.5154338770967328,0.999709906382688,0.9797099232673645,0.999709906382688,0.9999892443955725,0.9999892443955725,0.9999869304114384,0.9999869304114384,-0.0,0.0,,1000.0,False,False,False,,[]
1373,1373,1374,True,1.0,1.0,1373.0,1374.0,1373.0,1374.0,1374.0,0.0,0.0,0.0,83.40462000000002,0.5060870051383972,0.5060870051383972,0.0,1.0,0.5154338770967328,0.5154338770967328,0.999709906382688,0.9797099232673645,0.999709906382688,0.9999892443955725,0.9999892443955725,0.9999869304114384,0.9999869304114384,-0.0,0.0,,1000.0,False,False,False,,[]
1374,1374,1375,True,1.0,1.0,1374.0,1375.0,1374.0,1375.0,1375.0,0.0,0.0,0.0,83.40462000000002,0.5060870051383972,0.5060870051383972,0.0,1.0,0.5154338770967328,0.5154338770967328,0.999709906382688,0.9797099232673645,0.999709906382688,0.9999892443955725,0.9999892443955725,0.9999869304114384,0.9999869304114384,-0.0,0.0,,1000.0,False,False,False,,[]
1375,1375,1376,True,1.0,1.0,1375.0,1376.0,1375.0,1376.0,1376.0,0.0,0.0,0.0,83.40462000000002,0.5060870051383972,0.5060870051383972,0.0,1.0,0.5154338770967328,0.5154338770967328,0.999709906382688,0.9797099232673645,0.999709906382688,0.9999892443955725,0.9999892443955725,0.9999869304114384,0.9999869304114384,-0.0,0.0,,1000.0,False,False,False,,[]
1376,1376,1377,True,1.0,1.0,1376.0,1377.0,1376.0,1377.0,1377.0,0.0,0.0,0.0,83.40462000000002,0.5060870051383972,0.5060870051383972,0.0,1.0,0.5154338770967328,0.5154338770967328,0.999709906382688,0.9797099232673645,0.999709906382688,0.9999892443955725,0.9999892443955725,0.9999869304114384,0.9999869304114384,-0.0,0.0,,1000.0,False,False,False,,[]
1377,1377,1378,True,1.0,1.0,1377.0,1378.0,1377.0,1378.0,1378.0,0.0,0.0,0.0,83.40462000000002,0.5060870051383972,0.5060870051383972,0.0,1.0,0.5154338770967328,0.5154338770967328,0.999709906382688,0.9797099232673645,0.999709906382688,0.9999892443955725,0.9999892443955725,0.9999869304114384,0.9999869304114384,-0.0,0.0,,1000.0,False,False,False,,[]
1378,1378,1379,True,1.0,1.0,1378.0,1379.0,1378.0,1379.0,1379.0,0.0,0.0,0.0,83.40462000000002,0.5060870051383972,0.5060870051383972,0.0,1.0,0.5154338770967328,0.5154338770967328,0.999709906382688,0.9797099232673645,0.999709906382688,0.9999892443955725,0.9999892443955725,0.9999869304114384,0.9999869304114384,-0.0,0.0,,1000.0,False,False,False,,[]
1379,1379,1380,True,1.0,1.0,1379.0,1380.0,1379.0,1380.0,1380.0,0.0,0.0,0.0,83.40462000000002,0.5060870051383972,0.5060870051383972,0.0,1.0,0.5154338770967328,0.5154338770967328,0.999709906382688,0.9797099232673645,0.999709906382688,0.9999892443955725,0.9999892443955725,0.9999869304114384,0.9999869304114384,-0.0,0.0,,1000.0,False,False,False,,[]
1380,1380,1381,True,1.0,1.0,1380.0,1381.0,1380.0,1381.0,1381.0,0.0,0.0,0.0,83.40462000000002,0.5060870051383972,0.5060870051383972,0.0,1.0,0.5154338770967328,0.5154338770967328,0.999709906382688,0.9797099232673645,0.999709906382688,0.9999892443955725,0.9999892443955725,0.9999869304114384,0.9999869304114384,-0.0,0.0,,1000.0,False,False,False,,[]
1381,1381,1382,True,1.0,1.0,1381.0,1382.0,1381.0,1382.0,1382.0,0.0,0.0,0.0,83.40462000000002,0.5060870051383972,0.5060870051383972,0.0,1.0,0.5154338770967328,0.5154338770967328,0.999709906382688,0.9797099232673645,0.999709906382688,0.9999892443955725,0.9999892443955725,0.9999869304114384,0.9999869304114384,-0.0,0.0,,1000.0,False,False,False,,[]
1382,1382,1383,True,1.0,1.0,1382.0,1383.0,1382.0,1383.0,1383.0,0.0,0.0,0.0,83.40462000000002,0.5060870051383972,0.5060870051383972,0.0,1.0,0.5154338770967328,0.5154338770967328,0.999709906382688,0.9797099232673645,0.999709906382688,0.9999892443955725,0.9999892443955725,0.9999869304114384,0.9999869304114384,-0.0,0.0,,1000.0,False,False,False,,[]
1383,1383,1384,True,1.0,1.0,1383.0,1384.0,1383.0,1384.0,1384.0,0.0,0.0,0.0,83.40462000000002,0.5060870051383972,0.5060870051383972,0.0,1.0,0.5154338770967328,0.5154338770967328,0.999709906382688,0.9797099232673645,0.999709906382688,0.9999892443955725,0.9999892443955725,0.9999869304114384,0.9999869304114384,-0.0,0.0,,1000.0,False,False,False,,[]
1384,1384,1385,True,1.0,1.0,1384.0,1385.0,1384.0,1385.0,1385.0,0.0,0.0,0.0,83.40462000000002,0.5060870051383972,0.5060870051383972,0.0,1.0,0.5154338770967328,0.5154338770967328,0.999709906382688,0.9797099232673645,0.999709906382688,0.9999892443955725,0.9999892443955725,0.9999869304114384,0.9999869304114384,-0.0,0.0,,1000.0,False,False,False,,[]
1385,1385,1386,True,1.0,1.0,1385.0,1386.0,1385.0,1386.0,1386.0,0.0,0.0,0.0,83.40462000000002,0.5060870051383972,0.5060870051383972,0.0,1.0,0.5154338770967328,0.5154338770967328,0.999709906382688,0.9797099232673645,0.999709906382688,0.9999892443955725,0.9999892443955725,0.9999869304114384,0.9999869304114384,-0.0,0.0,,1000.0,False,False,False,,[]
1386,1386,1387,True,1.0,1.0,1386.0,1387.0,1386.0,1387.0,1387.0,0.0,0.0,0.0,83.40462000000002,0.5060870051383972,0.5060870051383972,0.0,1.0,0.5154338770967328,0.5154338770967328,0.999709906382688,0.9797099232673645,0.999709906382688,0.9999892443955725,0.9999892443955725,0.9999869304114384,0.9999869304114384,-0.0,0.0,,1000.0,False,False,False,,[]
1387,1387,1388,True,1.0,1.0,1387.0,1388.0,1387.0,1388.0,1388.0,0.0,0.0,0.0,83.40462000000002,0.5060870051383972,0.5060870051383972,0.0,1.0,0.5154338770967328,0.5154338770967328,0.999709906382688,0.9797099232673645,0.999709906382688,0.9999892443955725,0.9999892443955725,0.9999869304114384,0.9999869304114384,-0.0,0.0,,1000.0,False,False,False,,[]
1388,1388,1389,True,1.0,1.0,1388.0,1389.0,1388.0,1389.0,1389.0,0.0,0.0,0.0,83.40462000000002,0.5060870051383972,0.5060870051383972,0.0,1.0,0.5154338770967328,0.5154338770967328,0.999709906382688,0.9797099232673645,0.999709906382688,0.9999892443955725,0.9999892443955725,0.9999869304114384,0.9999869304114384,-0.0,0.0,,1000.0,False,False,False,,[]
1389,1389,1390,True,1.0,1.0,1389.0,1390.0,1389.0,1390.0,1390.0,0.0,0.0,4.828032,824.5477656000002,0.5060870051383972,0.5060870051383972,0.0,1.0,0.5154338770967328,0.5153834607368527,0.999709906382688,0.9797099232673645,0.9997098077759523,0.9999892443955725,0.9999892375595157,0.9999869304114384,0.9999869226278885,-3.335799394876236,-13.067920480923037,,930.3220074468749,False,False,False,,[]
1390,1390,1391,True,1.0,1.0,1390.0,1391.0,1390.0,1391.0,1391.0,0.0,4.828032,9.495129600000002,800.0363326455804,0.506087064743042,0.506087064743042,0.0,1.0,0.5153834607368527,0.5152382926892437,0.9997098077759523,0.979709804058075,0.9997094989526065,0.9999892375595157,0.9999892178820867,0.9999869226278885,0.9999869002231279,-9.60201917073404,-37.627557940255436,,820.9287093560307,False,False,False,,[]
1391,1391,1392,True,1.0,1.0,1391.0,1392.0,1391.0,1392.0,1392.0,0.0,9.495129600000002,13.8403584,751.1812416475383,0.5060871243476868,0.5060871243476868,0.0,1.0,0.5152382926892437,0.5150603070381703,0.9997094989526065,0.9797095060348511,0.9997091254766912,0.9999892178820867,0.9999892080219811,0.9999869002231279,0.9999868659500368,-11.770813092584559,-46.133880758220364,,793.9870161131029,False,False,False,,[]
1392,1392,1393,True,1.0,1.0,1392.0,1393.0,1392.0,1393.0,1393.0,0.0,13.8403584,18.507456,801.4318074478125,0.5060872435569763,0.5060872435569763,0.0,1.0,0.5150603070381703,0.5148516321868145,0.9997091254766912,0.9797091484069824,0.9997086936518115,0.9999892080219811,0.9999891989367633,0.9999868659500368,0.9999868372983002,-13.798086103486563,-54.08852147143208,,775.4376743313798,False,False,False,,[]
1393,1393,1394,True,1.0,1.0,1393.0,1394.0,1393.0,1394.0,1394.0,0.0,18.507456,23.013619200000004,777.9792253708866,0.5060873627662659,0.5060873627662659,0.0,1.0,0.5148516321868145,0.5146120003821307,0.9997086936518115,0.979708731174469,0.9997082052125406,0.9999891989367633,0.999989187616396,0.9999868372983002,0.9999868171748552,-15.842184239134912,-62.11256377404821,,757.6219357190885,False,False,False,,[]
1394,1394,1395,True,1.0,1.0,1394.0,1395.0,1394.0,1395.0,1395.0,0.0,23.013619200000004,27.1979136,730.1215465506091,0.5060875415802002,0.5060875415802002,0.0,1.0,0.5146120003821307,0.5143411049739935,0.9997082052125406,0.979708194732666,0.9997076620644029,0.999989187616396,0.9999891742997624,0.9999868171748552,0.9999867958321218,-17.90559384485523,-70.21608978915182,,735.3646321736333,False,False,False,,[]
1395,1395,1396,True,1.0,1.0,1395.0,1396.0,1395.0,1396.0,1396.0,0.0,27.1979136,27.841651200000005,188.35919804837286,0.5060877203941345,0.5060877203941345,0.0,1.0,0.5143411049739935,0.5142528336723741,0.9997076620644029,0.979707658290863,0.9997074829058545,0.9999891742997624,0.9999891640189014,0.9999867958321218,0.9999867878648704,-5.8372845415554835,-22.87992137975574,,889.335320264573,False,False,False,,[]
1396,1396,1397,True,1.0,1.0,1396.0,1397.0,1396.0,1397.0,1397.0,0.0,27.841651200000005,29.129126400000004,287.47215874805437,0.5060877799987793,0.5060877799987793,0.0,1.0,0.5142528336723741,0.5141236617426843,0.9997074829058545,0.9797074794769287,0.9997072100313007,0.9999891640189014,0.9999891538985632,0.9999867878648704,0.9999867757901356,-8.540708514222224,-33.48136417558533,,848.4250776320611,False,False,False,,[]
1397,1397,1398,True,1.0,1.0,1397.0,1398.0,1397.0,1398.0,1398.0,0.0,29.129126400000004,33.3134208,732.7664181277457,0.5060878396034241,0.5060878396034241,0.0,1.0,0.5141236617426843,0.5137903101673506,0.9997072100313007,0.9797072410583496,0.9997065657407407,0.9999891538985632,0.9999891346564949,0.9999867757901356,0.9999867567781429,-22.0257993620943,-86.40472832652333,,696.362006600033,False,False,False,,[]
1398,1398,1399,True,1.0,1.0,1398.0,1399.0,1398.0,1399.0,1399.0,0.0,33.3134208,34.9227648,339.65718430727117,0.5060880184173584,0.5060880184173584,0.0,1.0,0.5137903101673506,0.5136118579133468,0.9997065657407407,0.9797065854072571,0.9997061913619502,0.9999891346564949,0.9999891210855073,0.9999867567781429,0.9999867426098478,-11.795262345930668,-46.25482423775445,,804.0980595761276,False,False,False,,[]
1399,1399,1400,True,1.0,1.0,1399.0,1400.0,1399.0,1400.0,1400.0,0.0,34.9227648,36.0493056,266.4537092117821,0.506088137626648,0.506088137626648,0.0,1.0,0.5136118579133468,0.5134692206584563,0.9997061913619502,0.9797062277793884,0.9997058876155404,0.9999891210855073,0.9999891090946658,0.9999867426098478,0.9999867350640714,-9.428506780390617,-36.97157646762838,,838.5403096564224,False,False,False,,[]
1400,1400,1401,True,1.0,1.0,1400.0,1401.0,1400.0,1401.0,1401.0,0.0,36.0493056,36.21024,118.88823137172203,0.5060881972312927,0.5060881972312927,0.0,1.0,0.5134692206584563,0.5133996287154607,0.9997058876155404,0.9797059297561646,0.9997057489268892,0.9999891090946658,0.9999891006172862,0.9999867350640714,0.9999867316361669,-4.600994291555147,-18.038231624468573,,912.9367862684944,False,False,False,,[]
1401,1401,1402,True,1.0,1.0,1401.0,1402.0,1401.0,1402.0,1402.0,0.0,36.21024,35.566502400000005,-4.5391717661146975,0.5060882568359375,0.5060882568359375,0.0,1.0,0.5133996287154607,0.5134009212707488,0.9997057489268892,0.9797057509422302,0.9997057465174628,0.9999891006172862,0.9999891002747501,0.9999867316361669,0.9999867310195083,0.08547439542268728,0.3350303306512336,,1000.0924264626221,False,False,False,,[]
1402,1402,1403,True,1.0,1.0,1402.0,1403.0,1402.0,1403.0,1403.0,0.0,35.566502400000005,34.600896000000006,-54.331954807221564,0.5060882568359375,0.5060882568359375,0.0,1.0,0.5134009212707488,0.5134183079006163,0.9997057465174628,0.9797057509422302,0.9997057135930818,0.9999891002747501,0.9999890963259976,0.9999867310195083,0.9999867265643515,1.1498385378997018,4.506614461656645,,1005.7228471495597,False,False,False,,[]
1403,1403,1404,True,1.0,1.0,1403.0,1404.0,1403.0,1404.0,1404.0,0.0,34.600896000000006,33.6352896,-54.89392557117554,0.5060882568359375,0.5060882568359375,0.0,1.0,0.5134183079006163,0.5134353687004316,0.9997057135930818,0.9797057509422302,0.9997056812960088,0.9999890963259976,0.9999890924484145,0.9999867265643515,0.9999867221574108,1.1283283094466396,4.422159312142529,,1005.5775046817428,False,False,False,,[]
1404,1404,1405,True,1.0,1.0,1404.0,1405.0,1404.0,1405.0,1405.0,0.0,33.6352896,32.8306176,-30.735657729881474,0.5060883164405823,0.5060883164405823,0.0,1.0,0.5134353687004316,0.513444061537474,0.9997056812960088,0.9797056913375854,0.9997056649741305,0.9999890924484145,0.9999890903006461,0.9999867221574108,0.9999867190275425,0.5749111741980284,2.2531833613791443,,1001.7861973643691,False,False,False,,[]
1405,1405,1406,True,1.0,1.0,1405.0,1406.0,1405.0,1406.0,1406.0,0.0,32.8306176,31.865011200000005,-55.88403384757243,0.5060883164405823,0.5060883164405823,0.0,1.0,0.513444061537474,0.5134605785574221,0.9997056649741305,0.9797056913375854,0.9997056337230927,0.9999890903006461,0.9999890866413549,0.9999867190275425,0.9999867147399797,1.092431390633558,4.2812115705531495,,1005.4748731328899,False,False,False,,[]
1406,1406,1407,True,1.0,1.0,1406.0,1407.0,1406.0,1407.0,1407.0,0.0,31.865011200000005,27.358848000000002,-599.9071546433286,0.5060883164405823,0.5060883164405823,0.0,1.0,0.5134605785574221,0.5136622980971365,0.9997056337230927,0.9797056317329407,0.9997052149343553,0.9999890866413549,0.9999890690852947,0.9999867147399797,0.9999867005632758,13.349876648340354,52.28570469396327,,1146.9309128521547,False,False,False,,[]
1407,1407,1408,True,1.0,1.0,1407.0,1408.0,1407.0,1408.0,1408.0,0.0,27.358848000000002,23.979225600000003,-429.1872657585922,0.5060884356498718,0.5060884356498718,0.0,1.0,0.5136622980971365,0.5137803814068639,0.9997052149343553,0.9797052145004272,0.9997049681757316,0.9999890690852947,0.9999890561050789,0.9999867005632758,0.9999866854127238,7.8135906267687805,30.607193881350316,,1069.8352958852147,False,False,False,,[]
1408,1408,1409,True,1.0,1.0,1408.0,1409.0,1408.0,1409.0,1409.0,0.0,23.979225600000003,23.979225600000003,88.17385277160572,0.5060884952545166,0.5060884952545166,0.0,1.0,0.5137803814068639,0.5137422863669225,0.9997049681757316,0.9797049760818481,0.9997048945603209,0.9999890561050789,0.9999890516592667,0.9999866854127238,0.999986680953599,-2.519691630935503,-9.87423435281053,,948.4412915268038,False,False,False,,[]
1409,1409,1410,True,1.0,1.0,1409.0,1410.0,1409.0,1410.0,1410.0,0.0,23.979225600000003,24.4620288,162.28816733160477,0.5060884952545166,0.5060884952545166,0.0,1.0,0.5137422863669225,0.5136759712509044,0.9997048945603209,0.9797049164772034,0.9997047628249751,0.9999890516592667,0.9999890439609618,0.999986680953599,0.9999866752733503,-4.385835010430418,-17.188878071922794,,915.0242556143528,False,False,False,,[]
1410,1410,1411,True,1.0,1.0,1410.0,1411.0,1410.0,1411.0,1411.0,0.0,24.4620288,24.944832,162.48215035907165,0.5060885548591614,0.5060885548591614,0.0,1.0,0.5136759712509044,0.5136077039309698,0.9997047628249751,0.9797047972679138,0.9997046269523264,0.9999890439609618,0.9999890361135241,0.9999866752733503,0.9999866690013762,-4.5148567381829094,-17.69488932703395,,912.4304072395901,False,False,False,,[]
1411,1411,1412,True,1.0,1.0,1411.0,1412.0,1411.0,1412.0,1412.0,0.0,24.944832,25.749504,212.089543197848,0.5060886144638062,0.5060886144638062,0.0,1.0,0.5136077039309698,0.5135177550983497,0.9997046269523264,0.9797046184539795,0.999704444089156,0.9999890361135241,0.9999890263192801,0.9999866690013762,0.9999866607951566,-5.9482719901166465,-23.3147374151183,,887.9136730001339,False,False,False,,[]
1412,1412,1413,True,1.0,1.0,1412.0,1413.0,1412.0,1413.0,1413.0,0.0,25.749504,27.519782400000004,360.65651480761386,0.5060886740684509,0.5060886740684509,0.0,1.0,0.5135177550983497,0.5133672307554468,0.999704444089156,0.9797044396400452,0.9997041245626439,0.9999890263192801,0.9999890128452801,0.9999866607951566,0.9999866494804246,-9.951969125565618,-39.01590968045213,,828.3180565069416,False,False,False,,[]
1413,1413,1414,True,1.0,1.0,1413.0,1414.0,1413.0,1414.0,1414.0,0.0,27.519782400000004,30.738470400000004,583.7816203956997,0.5060887336730957,0.5060887336730957,0.0,1.0,0.5133672307554468,0.5131222877937466,0.9997041245626439,0.9797041416168213,0.9997036266495192,0.9999890128452801,0.9999890004075388,0.9999866494804246,0.9999866359097315,-16.18887362927611,-63.489215672692836,,757.1497412055412,False,False,False,,[]
1414,1414,1415,True,1.0,1.0,1414.0,1415.0,1414.0,1415.0,1415.0,0.0,30.738470400000004,33.957158400000004,585.336921745478,0.50608891248703,0.50608891248703,0.0,1.0,0.5131222877937466,0.5128418362485827,0.9997036266495192,0.9797036647796631,0.9997030673014095,0.9999890004075388,0.9999889855814954,0.9999866359097315,0.9999866145107743,-18.531989979058423,-72.69304050648056,,728.5383405329485,False,False,False,,[]
1415,1415,1416,True,1.0,1.0,1415.0,1416.0,1415.0,1416.0,1416.0,0.0,33.957158400000004,36.5321088,488.2449935179934,0.5060890913009644,0.5060890913009644,0.0,1.0,0.5128418362485827,0.5125872439535567,0.9997030673014095,0.9797030687332153,0.9997025523620419,0.9999889855814954,0.9999889675544866,0.9999866145107743,0.9999866007781153,-16.822877299902306,-65.99032287074498,,747.4702432632025,False,False,False,,[]
1416,1416,1417,True,1.0,1.0,1416.0,1417.0,1416.0,1417.0,1417.0,0.0,36.5321088,36.8539776,143.88365520197723,0.5060892105102539,0.5060892105102539,0.0,1.0,0.5125872439535567,0.5125054803932252,0.9997025523620419,0.9797025918960571,0.9997023874649699,0.9999889675544866,0.9999889594033,0.9999866007781153,0.9999865965648488,-5.405213561412217,-21.193114837933354,,900.399823808345,False,False,False,,[]
1417,1417,1418,True,1.0,1.0,1417.0,1418.0,1417.0,1418.0,1418.0,0.0,36.8539776,36.5321088,45.26048553509974,0.5060892701148987,0.5060892701148987,0.0,1.0,0.5125054803932252,0.5124748730133628,0.9997023874649699,0.9797024130821228,0.9997023287504815,0.9999889594033,0.9999889562232961,0.9999865965648488,0.9999865922861988,-2.0236932396767116,-7.933432860331704,,957.9117683300631,False,False,False,,[]
1418,1418,1419,True,1.0,1.0,1418.0,1419.0,1418.0,1419.0,1419.0,0.0,36.5321088,36.37117440000001,69.76934064197819,0.5060892701148987,0.5060892701148987,0.0,1.0,0.5124748730133628,0.5124311663714499,0.9997023287504815,0.979702353477478,0.9997022438262021,0.9999889562232961,0.9999889515647836,0.9999865922861988,0.9999865875498699,-2.8897041868146,-11.328761583806756,,941.9797810151443,False,False,False,,[]
1419,1419,1420,True,1.0,1.0,1419.0,1420.0,1419.0,1420.0,1420.0,0.0,36.37117440000001,34.2790272,-226.7852313426982,0.5060893297195435,0.5060893297195435,0.0,1.0,0.5124311663714499,0.512518458979343,0.9997022438262021,0.9797022342681885,0.9997020668235929,0.9999889515647836,0.9999889396526026,0.9999865875498699,0.9999865811566181,5.773847305483615,22.626243965889568,,1054.059456855069,False,False,False,,[]
1420,1420,1421,True,1.0,1.0,1420.0,1421.0,1420.0,1421.0,1421.0,0.0,34.2790272,30.577536000000002,-475.0589278691045,0.5060893893241882,0.5060893893241882,0.0,1.0,0.512518458979343,0.5126875852452368,0.9997020668235929,0.9797021150588989,0.9997017105795168,0.9999889396526026,0.9999889231785554,0.9999865811566181,0.9999865630078585,11.190244867187811,43.83752811968352,,1109.7289454954853,False,False,False,,[]
1421,1421,1422,True,1.0,1.0,1421.0,1422.0,1421.0,1422.0,1422.0,0.0,30.577536000000002,27.519782400000004,-378.23101419395107,0.506089448928833,0.506089448928833,0.0,1.0,0.5126875852452368,0.512811914669037,0.9997017105795168,0.9797017574310303,0.9997014491759897,0.9999889231785554,0.9999889118204459,0.9999865630078585,0.999986554239733,8.225913484914406,32.226186648995835,,1084.672621136508,False,False,False,,[]
1422,1422,1423,True,1.0,1.0,1422.0,1423.0,1422.0,1423.0,1423.0,0.0,27.519782400000004,25.427635200000005,-231.47583976430028,0.5060895681381226,0.5060895681381226,0.0,1.0,0.512811914669037,0.5128735511761495,0.9997014491759897,0.9797014594078064,0.9997013272938512,0.9999889118204459,0.9999889009557268,0.999986554239733,0.9999865449841601,4.07751802934597,15.976182643560188,,1030.2141209382257,False,False,False,,[]
1423,1423,1424,True,1.0,1.0,1423.0,1424.0,1423.0,1424.0,1424.0,0.0,25.427635200000005,25.427635200000005,88.76740216793681,0.5060895681381226,0.5060895681381226,0.0,1.0,0.5128735511761495,0.5128334946265739,0.9997013272938512,0.9797013401985168,0.9997012497393153,0.9999889009557268,0.9999888962096304,0.9999865449841601,0.9999865406536828,-2.6491903642893804,-10.382657650013478,,946.1735341592973,False,False,False,,[]
1424,1424,1425,True,1.0,1.0,1424.0,1425.0,1424.0,1425.0,1425.0,0.0,25.427635200000005,28.4853888,558.158061047936,0.5060896277427673,0.5060896277427673,0.0,1.0,0.5128334946265739,0.5126154604767811,0.9997012497393153,0.9797012805938721,0.9997008005524,0.9999888962096304,0.9999888840741592,0.9999865406536828,0.999986528646413,-14.411879949747368,-56.514451626302645,,776.9430753985043,False,False,False,,[]
1425,1425,1426,True,1.0,1.0,1425.0,1426.0,1425.0,1426.0,1426.0,0.0,28.4853888,31.865011200000005,608.9349373878459,0.5060897469520569,0.5060897469520569,0.0,1.0,0.5126154604767811,0.5123461320569315,0.9997008005524,0.9797008037567139,0.9997002600845535,0.9999888840741592,0.9999888667981657,0.999986528646413,0.9999865139826879,-17.798120476812613,-69.80992642501674,,737.8358954976352,False,False,False,,[]
1426,1426,1427,True,1.0,1.0,1426.0,1427.0,1426.0,1427.0,1427.0,0.0,31.865011200000005,34.76183040000001,536.5123352766728,0.5060899257659912,0.5060899257659912,0.0,1.0,0.5123461320569315,0.5120774371982931,0.9997002600845535,0.9797002673149109,0.999699720702289,0.9999888667981657,0.9999888531338745,0.9999865139826879,0.9999864899107471,-17.754536494873122,-69.64570735905245,,735.0944978676016,False,False,False,,[]
1427,1427,1428,True,1.0,1.0,1427.0,1428.0,1427.0,1428.0,1428.0,0.0,34.76183040000001,37.3367808,488.7036355596743,0.5060901045799255,0.5060901045799255,0.0,1.0,0.5120774371982931,0.5118227882868427,0.999699720702289,0.9796997308731079,0.9996992056637376,0.9999888531338745,0.9999888395546105,0.9999864899107471,0.9999864758513913,-16.825556494828778,-66.0049978479503,,749.7424336208204,False,False,False,,[]
1428,1428,1429,True,1.0,1.0,1428.0,1429.0,1428.0,1429.0,1429.0,0.0,37.3367808,38.9461248,342.01484070420696,0.5060902237892151,0.5060902237892151,0.0,1.0,0.5118227882868427,0.5116341978231392,0.9996992056637376,0.9796992540359497,0.9996988117853466,0.9999888395546105,0.9999888294516088,0.9999864758513913,0.9999864654410486,-12.462350027966776,-48.882648191946124,,800.9665120897445,False,False,False,,[]
1429,1429,1430,True,1.0,1.0,1429.0,1430.0,1429.0,1430.0,1430.0,0.0,38.9461248,39.58986240000001,194.80446136293108,0.5060903429985046,0.5060903429985046,0.0,1.0,0.5116341978231392,0.5115186956168686,0.9996988117853466,0.9796988368034363,0.9996985710291333,0.9999888294516088,0.99998881968497,0.9999864654410486,0.9999864593364045,-7.633897190082478,-29.938171865362694,,865.46433838145,False,False,False,,[]
1430,1430,1431,True,1.0,1.0,1430.0,1431.0,1430.0,1431.0,1431.0,0.0,39.58986240000001,40.0726656,170.51901970960904,0.5060904026031494,0.5060904026031494,0.0,1.0,0.5115186956168686,0.511415249777902,0.9996985710291333,0.9796985983848572,0.999698357931794,0.99998881968497,0.9999888103831095,0.9999864593364045,0.9999864539161509,-6.837162568895794,-26.81316146012958,,877.595069586427,False,False,False,,[]
1431,1431,1432,True,1.0,1.0,1431.0,1432.0,1431.0,1432.0,1432.0,0.0,40.0726656,40.2336,121.42848530281692,0.506090521812439,0.506090521812439,0.0,1.0,0.511415249777902,0.5113397357134302,0.999698357931794,0.9796983599662781,0.9996982065666568,0.9999888103831095,0.9999888028593976,0.9999864539161509,0.9999864500251388,-4.991394029896224,-19.573245511103032,,907.3872464374034,False,False,False,,[]
1432,1432,1433,True,1.0,1.0,1432.0,1433.0,1432.0,1433.0,1433.0,0.0,40.2336,39.58986240000001,-1.9881768035986946,0.506090521812439,0.506090521812439,0.0,1.0,0.5113397357134302,0.5113404648314178,0.9996982065666568,0.9796982407569885,0.9996982052082715,0.9999888028593976,0.99998880280378,0.9999864500251388,0.9999864497191877,0.04820527426107401,0.18898738238520663,,1000.2317644967761,False,False,False,,[]
1433,1433,1434,True,1.0,1.0,1433.0,1434.0,1433.0,1434.0,1434.0,0.0,39.58986240000001,39.428928,71.69993362960834,0.506090521812439,0.506090521812439,0.0,1.0,0.5113404648314178,0.511292905656547,0.9996982052082715,0.9796982407569885,0.9996981124493876,0.99998880280378,0.9999887978331207,0.9999864497191877,0.9999864450228578,-3.1439827889807,-12.327338126535523,,937.6447027770308,False,False,False,,[]
1434,1434,1435,True,1.0,1.0,1434.0,1435.0,1434.0,1435.0,1435.0,0.0,39.428928,39.7507968,145.70877126105492,0.5060905814170837,0.5060905814170837,0.0,1.0,0.511292905656547,0.5112042323256312,0.9996981124493876,0.979698121547699,0.9996979324040699,0.9999887978331207,0.9999887893736905,0.9999864450228578,0.9999864404193147,-5.861192551897056,-22.984127373375017,,893.063794677634,False,False,False,,[]
1435,1435,1436,True,1.0,1.0,1435.0,1436.0,1435.0,1436.0,1436.0,0.0,39.7507968,39.911731200000006,121.21538323942288,0.5060906410217285,0.5060906410217285,0.0,1.0,0.5112042323256312,0.5111293864014003,0.9996979324040699,0.9796979427337646,0.9996977824762229,0.9999887893736905,0.999988781877259,0.9999864404193147,0.9999864365662677,-4.947382459706854,-19.40006356064366,,908.1099955853692,False,False,False,,[]
1436,1436,1437,True,1.0,1.0,1436.0,1437.0,1436.0,1437.0,1437.0,0.0,39.911731200000006,39.7507968,71.91217641049066,0.5060906410217285,0.5060906410217285,0.0,1.0,0.5111293864014003,0.5110814779270386,0.9996977824762229,0.9796978235244751,0.9996976890041344,0.999988781877259,0.9999887768709733,0.9999864365662677,0.999986431934326,-3.1670485811427445,-12.417876554538468,,937.3003163823877,False,False,False,,[]
1437,1437,1438,True,1.0,1.0,1437.0,1438.0,1437.0,1438.0,1438.0,0.0,39.7507968,39.58986240000001,71.80584019942353,0.5060907006263733,0.5060907006263733,0.0,1.0,0.5110814779270386,0.5110337444572627,0.9996976890041344,0.9796977043151855,0.9996975958894322,0.9999887768709733,0.9999887718824879,0.999986431934326,0.9999864272698903,-3.155505964530448,-12.37251536593014,,937.4725837999158,False,False,False,,[]
1438,1438,1439,True,1.0,1.0,1438.0,1439.0,1438.0,1439.0,1439.0,0.0,39.58986240000001,39.58986240000001,96.40470514960998,0.5060907006263733,0.5060907006263733,0.0,1.0,0.5110337444572627,0.5109738432360162,0.9996975958894322,0.9796976447105408,0.9996974776396157,0.9999887718824879,0.9999887655609192,0.9999864272698903,0.9999864241052868,-3.9597552701934564,-15.526396547082024,,924.8876752162723,False,False,False,,[]
1439,1439,1440,True,1.0,1.0,1439.0,1440.0,1439.0,1440.0,1440.0,0.0,39.58986240000001,40.394534400000005,219.92856274960937,0.5060907602310181,0.5060907602310181,0.0,1.0,0.5109738432360162,0.510842472846295,0.9996974776396157,0.9796975255012512,0.9996971995233375,0.9999887655609192,0.9999887553838025,0.9999864241052868,0.9999864170862215,-8.68226943028121,-34.05120501574563,,850.0667560472327,False,False,False,,[]
1440,1440,1441,True,1.0,1.0,1440.0,1441.0,1440.0,1441.0,1441.0,0.0,40.394534400000005,41.19920640000001,220.46239201123998,0.5060908198356628,0.5060908198356628,0.0,1.0,0.510842472846295,0.5106951407415254,0.9996971995233375,0.9796972274780273,0.9996968863688,0.9999887553838025,0.9999887449973589,0.9999864170862215,0.9999863989721586,-9.736403372201112,-38.188481556263255,,828.3987929703032,False,False,False,,[]
1441,1441,1442,True,1.0,1.0,1441.0,1442.0,1441.0,1442.0,1442.0,0.0,41.19920640000001,41.3601408,122.1878762242901,0.5060909390449524,0.5060909390449524,0.0,1.0,0.5106951407415254,0.5106022824373969,0.9996968863688,0.9796969294548035,0.9996966970526915,0.9999887449973589,0.9999887373223577,0.9999863989721586,0.9999863842996771,-6.137351486116829,-24.068872430111625,,881.7273833769426,False,False,False,,[]
1442,1442,1443,True,1.0,1.0,1442.0,1443.0,1442.0,1443.0,1443.0,0.0,41.3601408,40.8773376,23.47899312667013,0.5060909986495972,0.5060909986495972,0.0,1.0,0.5106022824373969,0.5105816839609048,0.9996966970526915,0.9796966910362244,0.9996966579234091,0.9999887373223577,0.9999887354163918,0.9999863842996771,0.9999863806188596,-1.361725457968503,-5.3391251067717995,,970.7812434252071,False,False,False,,[]
1443,1443,1444,True,1.0,1.0,1443.0,1444.0,1443.0,1444.0,1444.0,0.0,40.8773376,40.0726656,-26.259869936699793,0.5060909986495972,0.5060909986495972,0.0,1.0,0.5105816839609048,0.5105908736535192,0.9996966579234091,0.9796966910362244,0.9996966406602341,0.9999887354163918,0.9999887333342288,0.9999863806188596,0.999986377360653,0.607582742747434,2.3819683256564783,,1002.1275222648995,False,False,False,,[]
1444,1444,1445,True,1.0,1.0,1444.0,1445.0,1444.0,1445.0,1445.0,0.0,40.0726656,40.2336,121.42848530281692,0.5060909986495972,0.5060909986495972,0.0,1.0,0.5105908736535192,0.5105153615605357,0.9996966406602341,0.9796966314315796,0.9996964892993406,0.9999887333342288,0.9999887258105119,0.999986377360653,0.9999863734696446,-4.991394160041971,-19.572734501314283,,907.3892180713364,False,False,False,,[]
1445,1445,1446,True,1.0,1.0,1445.0,1446.0,1445.0,1446.0,1446.0,0.0,40.2336,40.8773376,195.64999535639973,0.5060910582542419,0.5060910582542419,0.0,1.0,0.5105153615605357,0.5103909306355177,0.9996964892993406,0.97969651222229,0.9996962276564277,0.9999887258105119,0.9999887158477013,0.9999863734696446,0.9999863626167107,-8.223653423748232,-32.2524957646595,,853.6713702455911,False,False,False,,[]
1446,1446,1447,True,1.0,1.0,1446.0,1447.0,1446.0,1447.0,1447.0,0.0,40.8773376,41.842944,245.49261678330055,0.5060911178588867,0.5060911178588867,0.0,1.0,0.5103909306355177,0.5102297745223318,0.9996962276564277,0.9796962738037109,0.999695887056759,0.9999887158477013,0.9999887052150872,0.9999863626167107,0.99998634489826,-10.649317008530295,-41.77166453778851,,817.2824876682106,False,False,False,,[]
1447,1447,1448,True,1.0,1.0,1447.0,1448.0,1447.0,1448.0,1448.0,0.0,41.842944,41.842944,97.92649448135425,0.5060912370681763,0.5060912370681763,0.0,1.0,0.5102297745223318,0.5101581115824616,0.999695887056759,0.9796959161758423,0.9996957439512151,0.9999887052150872,0.9999886986119857,0.99998634489826,0.9999863354265036,-4.736680887270235,-18.575034014353086,,907.4012025363924,False,False,False,,[]
1448,1448,1449,True,1.0,1.0,1448.0,1449.0,1448.0,1449.0,1449.0,0.0,41.842944,41.3601408,23.81217992135425,0.506091296672821,0.506091296672821,0.0,1.0,0.5101581115824616,0.5101388359758129,0.9996957439512151,0.979695737361908,0.9996957073822383,0.9999886986119857,0.9999886966580808,0.9999863354265036,0.9999863323973744,-1.274262345647008,-4.996237243357053,,972.8425757025851,False,False,False,,[]
1449,1449,1450,True,1.0,1.0,1449.0,1450.0,1449.0,1450.0,1450.0,0.0,41.3601408,42.003878400000005,196.41239376667085,0.506091296672821,0.506091296672821,0.0,1.0,0.5101388359758129,0.5100059246300845,0.9996957073822383,0.979695737361908,0.9996954255792069,0.9999886966580808,0.9999886866436485,0.9999863323973744,0.9999863173129271,-8.783486725461003,-34.45062081278784,,843.0348885443304,False,False,False,,[]
1450,1450,1451,True,1.0,1.0,1450.0,1451.0,1450.0,1451.0,1451.0,0.0,42.003878400000005,42.969484800000004,246.26704514876238,0.5060913562774658,0.5060913562774658,0.0,1.0,0.5100059246300845,0.5098460584755787,0.9996954255792069,0.9796954393386841,0.9996950875240141,0.9999886866436485,0.9999886760780141,0.9999863173129271,0.9999863037179595,-10.563605751020159,-41.43730724790878,,821.1311359691286,False,False,False,,[]
1451,1451,1452,True,1.0,1.0,1451.0,1452.0,1451.0,1452.0,1452.0,0.0,42.969484800000004,44.25696000000001,296.35713993960485,0.5060914754867554,0.5060914754867554,0.0,1.0,0.5098460584755787,0.5096564887656889,0.9996950875240141,0.9796950817108154,0.9996946917742154,0.9999886760780141,0.9999886658285685,0.9999863037179595,0.9999862910436568,-12.524683779242368,-49.136468803447265,,798.678386553438,False,False,False,,[]
1452,1452,1453,True,1.0,1.0,1452.0,1453.0,1452.0,1453.0,1453.0,0.0,44.25696000000001,46.02723840000001,371.4029167444444,0.5060915946960449,0.5060915946960449,0.0,1.0,0.5096564887656889,0.5094135023668453,0.9996946917742154,0.9796947240829468,0.9996941973427622,0.9999886658285685,0.9999886529264074,0.9999862910436568,0.9999862770597993,-16.0503406813728,-62.982074580240294,,757.9687742619894,False,False,False,,[]
1453,1453,1454,True,1.0,1.0,1453.0,1454.0,1453.0,1454.0,1454.0,0.0,46.02723840000001,47.1537792,273.9094887624374,0.5060917139053345,0.5060917139053345,0.0,1.0,0.5094135023668453,0.5092256886826342,0.9996941973427622,0.9796941876411438,0.9996938049503734,0.9999886529264074,0.9999886424275322,0.9999862770597993,0.9999862643854146,-12.407179203809038,-48.68130694753122,,799.8552690953388,False,False,False,,[]
1454,1454,1455,True,1.0,1.0,1454.0,1455.0,1454.0,1455.0,1455.0,0.0,47.1537792,47.958451200000006,225.37061372943595,0.506091833114624,0.506091833114624,0.0,1.0,0.5092256886826342,0.5090631512904916,0.9996938049503734,0.9796938300132751,0.999693461629919,0.9999886424275322,0.9999886317854886,0.9999862643854146,0.9999862513693266,-10.737744963866643,-42.12969204334535,,819.3178304842208,False,False,False,,[]
1455,1455,1456,True,1.0,1.0,1455.0,1456.0,1455.0,1456.0,1456.0,0.0,47.958451200000006,48.441254400000005,176.59586564642186,0.5060919523239136,0.5060919523239136,0.0,1.0,0.5090631512904916,0.5089279348833557,0.999693461629919,0.9796934723854065,0.9996931742924136,0.9999886317854886,0.9999886214277235,0.9999862513693266,0.9999862379495447,-8.933287883259677,-35.04809272962645,,841.9438192969434,False,False,False,,[]
1456,1456,1457,True,1.0,1.0,1456.0,1457.0,1456.0,1457.0,1457.0,0.0,48.441254400000005,48.9240576,176.98189831569695,0.5060920715332031,0.5060920715332031,0.0,1.0,0.5089279348833557,0.5087911126307023,0.9996931742924136,0.9796931743621826,0.9996928830853433,0.9999886214277235,0.9999886109600229,0.9999862379495447,0.999986224388267,-9.039134036433145,-35.46432788776737,,840.3559513686776,False,False,False,,[]
1457,1457,1458,True,1.0,1.0,1457.0,1458.0,1457.0,1458.0,1458.0,0.0,48.9240576,49.406860800000004,177.37179775628553,0.5060921311378479,0.5060921311378479,0.0,1.0,0.5087911126307023,0.5086528019267982,0.9996928830853433,0.9796928763389587,0.9996925882813595,0.9999886109600229,0.9999886003822765,0.999986224388267,0.9999862107859913,-9.137221124792209,-35.85013445193718,,838.9464975688458,False,False,False,,[]
1458,1458,1459,True,1.0,1.0,1458.0,1459.0,1458.0,1459.0,1459.0,0.0,49.406860800000004,49.406860800000004,103.65124940818279,0.5060922503471375,0.5060922503471375,0.0,1.0,0.5086528019267982,0.5085721002822319,0.9996925882813595,0.9796925783157349,0.9996924256949002,0.9999886003822765,0.9999885925188531,0.9999862107859913,0.9999862053194015,-5.332242055862043,-20.917866271580287,,900.6653455112757,False,False,False,,[]
1459,1459,1460,True,1.0,1.0,1459.0,1460.0,1459.0,1460.0,1460.0,0.0,49.406860800000004,49.084992,54.24170636818246,0.5060922503471375,0.5060922503471375,0.0,1.0,0.5085721002822319,0.508524168595643,0.9996924256949002,0.9796924591064453,0.9996923321753998,0.9999885925188531,0.9999885876950075,0.9999862053194015,0.9999861989243217,-3.167353633959729,-12.42389316382925,,935.8891925781807,False,False,False,,[]
1460,1460,1461,True,1.0,1.0,1460.0,1461.0,1460.0,1461.0,1461.0,0.0,49.084992,48.9240576,78.68353743899313,0.5060923099517822,0.5060923099517822,0.0,1.0,0.508524168595643,0.5084567698138295,0.9996923321753998,0.9796923398971558,0.9996921981453338,0.9999885876950075,0.9999885812475228,0.9999861989243217,0.9999861902850974,-4.453556555668505,-17.469764246056325,,912.5015932469822,False,False,False,,[]
1461,1461,1462,True,1.0,1.0,1461.0,1462.0,1461.0,1462.0,1462.0,0.0,48.9240576,48.7631232,78.55271167628584,0.5060923099517822,0.5060923099517822,0.0,1.0,0.5084567698138295,0.5083896950302924,0.9996921981453338,0.9796922206878662,0.9996920648018458,0.9999885812475228,0.99998857482915,0.9999861902850974,0.9999861816851582,-4.432190759689644,-17.385783892819056,,912.8856550319465,False,False,False,,[]
1462,1462,1463,True,1.0,1.0,1462.0,1463.0,1462.0,1463.0,1463.0,0.0,48.7631232,48.9240576,127.83185859483085,0.506092369556427,0.506092369556427,0.0,1.0,0.5083896950302924,0.5082858680307566,0.9996920648018458,0.9796921014785767,0.9996918508395529,0.99998857482915,0.9999885658656987,0.9999861816851582,0.9999861697766236,-6.859980900410944,-26.911958279681915,,872.5278555722225,False,False,False,,[]
1463,1463,1464,True,1.0,1.0,1463.0,1464.0,1463.0,1464.0,1464.0,0.0,48.9240576,49.567795200000006,202.07656927628616,0.5060924291610718,0.5060924291610718,0.0,1.0,0.5082858680307566,0.5081317675851558,0.9996918508395529,0.9796918630599976,0.9996915241991717,0.9999885658656987,0.9999885550281743,0.9999861697766236,0.9999861559892823,-10.17991816039071,-39.942835499733896,,825.4984249922744,False,False,False,,[]
1464,1464,1465,True,1.0,1.0,1464.0,1465.0,1464.0,1465.0,1465.0,0.0,49.567795200000006,48.9240576,4.964278014660924,0.5060925483703613,0.5060925483703613,0.0,1.0,0.5081317675851558,0.5081277589637792,0.9996915241991717,0.9796915650367737,0.9996915167069,0.9999885550281743,0.999988554856824,0.9999861559892823,0.9999861554039958,-0.264928077816988,-1.039034660830075,,994.5157574757137,False,False,False,,[]
1465,1465,1466,True,1.0,1.0,1465.0,1466.0,1465.0,1466.0,1466.0,0.0,48.9240576,48.1193856,-20.266374403714835,0.5060925483703613,0.5060925483703613,0.0,1.0,0.5081277589637792,0.5081368252802194,0.9996915167069,0.9796915650367737,0.9996914996775471,0.999988554856824,0.9999885529657436,0.9999861554039958,0.9999861530497364,0.5992359038433612,2.3499892213083644,,1003.1277938805173,False,False,False,,[]
1466,1466,1467,True,1.0,1.0,1466.0,1467.0,1466.0,1467.0,1467.0,0.0,48.1193856,47.47564800000001,3.7907129215922883,0.5060925483703613,0.5060925483703613,0.0,1.0,0.5081368252802194,0.5081338545968145,0.9996914996775471,0.9796915054321289,0.9996914941308573,0.9999885529657436,0.9999885528387492,0.9999861530497364,0.9999861526159576,-0.19634860119312975,-0.7700011385641266,,995.9305028882798,False,False,False,,[]
1467,1467,1468,True,1.0,1.0,1467.0,1468.0,1467.0,1468.0,1468.0,0.0,47.47564800000001,47.958451200000006,176.2136997484594,0.5060925483703613,0.5060925483703613,0.0,1.0,0.5081338545968145,0.5080010857817044,0.9996914941308573,0.9796915054321289,0.9996912126692719,0.9999885528387492,0.9999885425908025,0.9999861526159576,0.9999861400247042,-8.772132197258971,-34.413676876517506,,844.7699887184266,False,False,False,,[]
1468,1468,1469,True,1.0,1.0,1468.0,1469.0,1468.0,1469.0,1469.0,0.0,47.958451200000006,48.7631232,226.00540868642221,0.5060926675796509,0.5060926675796509,0.0,1.0,0.5080010857817044,0.5078352424852172,0.9996912126692719,0.979691207408905,0.9996908628531251,0.9999885425908025,0.9999885319306865,0.9999861400247042,0.9999861264549464,-10.955994795796656,-42.98658244951434,,816.290024167963,False,False,False,,[]
1469,1469,1470,True,1.0,1.0,1469.0,1470.0,1469.0,1470.0,1470.0,0.0,48.7631232,49.406860800000004,201.94617315483185,0.5060927271842957,0.5060927271842957,0.0,1.0,0.5078352424852172,0.507681619439745,0.9996908628531251,0.9796909093856812,0.9996905371609304,0.9999885319306865,0.999988521129065,0.9999861264549464,0.9999861126177667,-10.148714123278362,-39.81909338637391,,825.8790412130969,False,False,False,,[]
1470,1470,1471,True,1.0,1.0,1470.0,1471.0,1470.0,1471.0,1471.0,0.0,49.406860800000004,49.7287296,153.06079244818216,0.5060928463935852,0.5060928463935852,0.0,1.0,0.507681619439745,0.5075622729178687,0.9996905371609304,0.9796905517578125,0.9996902874541861,0.999988521129065,0.9999885110887884,0.9999861126177667,0.9999861025791487,-7.884935013519504,-30.93461847033411,,858.8142881632044,False,False,False,,[]
1471,1471,1472,True,1.0,1.0,1471.0,1472.0,1471.0,1472.0,1472.0,0.0,49.7287296,49.889664,128.62067994239985,0.50609290599823,0.50609290599823,0.0,1.0,0.5075622729178687,0.5074544038215767,0.9996902874541861,0.9796903133392334,0.9996900642813719,0.9999885110887884,0.999988501971255,0.9999861025791487,0.9999860893391616,-7.12680334477872,-27.959669758897213,,867.6459105353307,False,False,False,,[]
1472,1472,1473,True,1.0,1.0,1472.0,1473.0,1472.0,1473.0,1473.0,0.0,49.889664,49.7287296,79.344110871392,0.5060929656028748,0.5060929656028748,0.0,1.0,0.5074544038215767,0.507385288799824,0.9996900642813719,0.9796900749206543,0.999689926607417,0.999988501971255,0.9999884953771625,0.9999860893391616,0.9999860804481662,-4.566876442377625,-17.914613638280784,,910.442083671522,False,False,False,,[]
1473,1473,1474,True,1.0,1.0,1473.0,1474.0,1473.0,1474.0,1474.0,0.0,49.7287296,48.9240576,-19.607949177601157,0.5060930252075195,0.5060930252075195,0.0,1.0,0.507385288799824,0.5073951833666572,0.999689926607417,0.9796899557113647,0.9996899080072884,0.9999884953771625,0.9999884945636737,0.9999860804481662,0.9999860781326214,0.6539661543435639,2.564671723165145,,1004.9297031498846,False,False,False,,[]
1474,1474,1475,True,1.0,1.0,1474.0,1475.0,1474.0,1475.0,1475.0,0.0,48.9240576,47.958451200000006,-44.97114592371353,0.5060930252075195,0.5060930252075195,0.0,1.0,0.5073951833666572,0.5074154021267547,0.9996899080072884,0.9796899557113647,0.9996898696135875,0.9999884945636737,0.9999884905191097,0.9999860781326214,0.9999860729171812,1.3364370106468595,5.240702617273443,,1007.1704348934816,False,False,False,,[]
1475,1475,1476,True,1.0,1.0,1475.0,1476.0,1475.0,1476.0,1476.0,0.0,47.958451200000006,48.1193856,127.18632260642153,0.5060930252075195,0.5060930252075195,0.0,1.0,0.5074154021267547,0.507314430149104,0.9996898696135875,0.97968989610672,0.9996896621151512,0.9999884905191097,0.9999884816778437,0.9999860729171812,0.9999860617948958,-6.671931040260253,-26.171936607062943,,875.8980573417173,False,False,False,,[]
1476,1476,1477,True,1.0,1.0,1476.0,1477.0,1476.0,1477.0,1477.0,0.0,48.1193856,48.6021888,176.724113561591,0.5060930848121643,0.5060930848121643,0.0,1.0,0.507314430149104,0.5071786859101338,0.9996896621151512,0.9796896576881409,0.9996893735070053,0.9999884816778437,0.9999884712834398,0.9999860617948958,0.9999860483279683,-8.968517210197952,-35.184906741080574,,841.4205169698441,False,False,False,,[]
1477,1477,1478,True,1.0,1.0,1477.0,1478.0,1477.0,1478.0,1478.0,0.0,48.6021888,49.406860800000004,226.52097819463694,0.5060931444168091,0.5060931444168091,0.0,1.0,0.5071786859101338,0.5070104904010014,0.9996893735070053,0.9796894192695618,0.9996890190830062,0.9999884712834398,0.999988460555644,0.9999860483279683,0.9999860346513954,-11.11114471915115,-43.5962759671235,,814.3042125587651,False,False,False,,[]
1478,1478,1479,True,1.0,1.0,1478.0,1479.0,1478.0,1479.0,1479.0,0.0,49.406860800000004,50.2115328,227.17510700818218,0.5060932636260986,0.5060932636260986,0.0,1.0,0.5070104904010014,0.5068326949867886,0.9996890190830062,0.9796890616416931,0.9996886459753342,0.999988460555644,0.9999884496573361,0.9999860346513954,0.9999860154091759,-11.744525602530151,-46.08457136397291,,803.0537185270986,False,False,False,,[]
1479,1479,1480,True,1.0,1.0,1479.0,1480.0,1479.0,1480.0,1480.0,0.0,50.2115328,51.177139200000006,252.54474837315112,0.5060933828353882,0.5060933828353882,0.0,1.0,0.5068326949867886,0.5066348447003787,0.9996886459753342,0.9796886444091797,0.9996882344871199,0.9999884496573361,0.9999884389559456,0.9999860154091759,0.9999859946794661,-13.067917731451608,-51.282794237460124,,787.1349355540068,False,False,False,,[]
1480,1480,1481,True,1.0,1.0,1480.0,1481.0,1480.0,1481.0,1481.0,0.0,51.177139200000006,51.82087680000001,203.9472273085875,0.5060935020446777,0.5060935020446777,0.0,1.0,0.5066348447003787,0.5064700292253788,0.9996882344871199,0.9796882271766663,0.9996878866880677,0.9999884389559456,0.9999884276162286,0.9999859946794661,0.9999859782331824,-10.886588443054853,-42.72017111996397,,814.7426835163365,False,False,False,,[]
1481,1481,1482,True,1.0,1.0,1481.0,1482.0,1481.0,1482.0,1482.0,0.0,51.82087680000001,52.1427456,155.0876250773465,0.5060936212539673,0.5060936212539673,0.0,1.0,0.5064700292253788,0.5063422209751012,0.9996878866880677,0.9796879291534424,0.9996876170542178,0.9999884276162286,0.9999884172242629,0.9999859782331824,0.9999859664052245,-8.442851043637326,-33.12789847196167,,849.6237653465485,False,False,False,,[]
1482,1482,1483,True,1.0,1.0,1482.0,1483.0,1482.0,1483.0,1483.0,0.0,52.1427456,51.82087680000001,56.54608724927151,0.5060937404632568,0.5060937404632568,0.0,1.0,0.5063422209751012,0.5062920877689001,0.9996876170542178,0.9796876311302185,0.9996875190284445,0.9999884172242629,0.9999884119531598,0.9999859664052245,0.9999859610953487,-3.312495207614581,-12.99452704731519,,934.128296744089,False,False,False,,[]
1483,1483,1484,True,1.0,1.0,1483.0,1484.0,1483.0,1484.0,1484.0,0.0,51.82087680000001,51.016204800000004,-17.8457755626522,0.5060937404632568,0.5060937404632568,0.0,1.0,0.5062920877689001,0.5063015960228621,0.9996875190284445,0.979687511920929,0.999687501161273,0.9999884119531598,0.9999884113100064,0.9999859610953487,0.99998595889852,0.6283771956472349,2.4645394269384724,,1004.9055012557369,False,False,False,,[]
1484,1484,1485,True,1.0,1.0,1484.0,1485.0,1484.0,1485.0,1485.0,0.0,51.016204800000004,46.02723840000001,-660.8561869904611,0.5060937404632568,0.5060937404632568,0.0,1.0,0.5063015960228621,0.506676577750579,0.999687501161273,0.979687511920929,0.999686796075577,0.9999884113100064,0.9999883955774028,0.99998595889852,0.9999859281910414,24.811445630446613,97.19526382420624,,1347.768973928632,False,False,False,,[]
1485,1485,1486,True,1.0,1.0,1485.0,1486.0,1485.0,1486.0,1486.0,0.0,46.02723840000001,40.7164032,-714.2813720375624,0.5060939788818359,0.5060939788818359,0.0,1.0,0.506676577750579,0.5070427457456729,0.999686796075577,0.9796867966651917,0.9996861033916463,0.9999883955774028,0.9999883803777166,0.9999859281910414,0.999985903468306,24.232542088107127,94.91074432835761,,1345.8536853397027,False,False,False,,[]
1486,1486,1487,True,1.0,1.0,1486.0,1487.0,1486.0,1487.0,1487.0,0.0,40.7164032,35.405568,-718.1023865553105,0.5060941576957703,0.5060941576957703,0.0,1.0,0.5070427457456729,0.5073605016998329,0.9996861033916463,0.9796861410140991,0.9996854832819556,0.9999883803777166,0.9999883613049837,0.999985903468306,0.9999858816567934,21.029569590300216,82.36234331828626,,1273.659400779533,False,False,False,,[]
1487,1487,1488,True,1.0,1.0,1487.0,1488.0,1487.0,1488.0,1488.0,0.0,35.405568,30.0947328,-721.4555217443558,0.5060943365097046,0.5060943365097046,0.0,1.0,0.5073605016998329,0.5076251120302042,0.9996854832819556,0.9796854853630066,0.9996849509244067,0.9999883613049837,0.9999883418751312,0.9999858816567934,0.9999858536166619,17.512315863786547,68.58699763223476,,1196.035751272885,False,False,False,,[]
1488,1488,1489,True,1.0,1.0,1488.0,1489.0,1488.0,1489.0,1489.0,0.0,30.0947328,24.783897600000003,-724.3407776046968,0.5060945153236389,0.5060945153236389,0.0,1.0,0.5076251120302042,0.5078467765536527,0.9996849509244067,0.9796849489212036,0.9996844950594087,0.9999883418751312,0.9999883248486275,0.9999858536166619,0.9999858296726223,14.670164767333047,57.45544447786837,,1156.2130291243232,False,False,False,,[]
1489,1489,1490,True,1.0,1.0,1489.0,1490.0,1489.0,1490.0,1490.0,0.0,24.783897600000003,19.4730624,-726.7581541363347,0.5060946345329285,0.5060946345329285,0.0,1.0,0.5078467765536527,0.5080297362957834,0.9996844950594087,0.9796845316886902,0.9996841119830859,0.9999883248486275,0.9999883135766099,0.9999858296726223,0.9999858118809398,12.108556469477163,47.4231651602734,,1130.6952679193646,False,False,False,,[]
1490,1490,1491,True,1.0,1.0,1490.0,1491.0,1490.0,1491.0,1491.0,0.0,19.4730624,14.162227200000002,-728.7076513392673,0.506094753742218,0.506094753742218,0.0,1.0,0.5080297362957834,0.508163917819382,0.9996841119830859,0.9796841144561768,0.9996838271332542,0.9999883135766099,0.9999883045031196,0.9999858118809398,0.9999857923210069,8.879839633673544,34.77985091674987,,1083.4977111411176,False,False,False,,[]
1491,1491,1492,True,1.0,1.0,1491.0,1492.0,1491.0,1492.0,1492.0,0.0,14.162227200000002,8.851392,-730.1892692134973,0.5060948729515076,0.5060948729515076,0.0,1.0,0.508163917819382,0.5082383254286622,0.9996838271332542,0.9796838164329529,0.9996836781473164,0.9999883045031196,0.9999882960808001,0.9999857923210069,0.9999857594657242,4.923568999102372,19.286452325430094,,1018.5699700730634,False,False,False,,[]
1492,1492,1493,True,1.0,1.0,1492.0,1493.0,1492.0,1493.0,1493.0,0.0,8.851392,3.5405568000000005,-731.2030077590222,0.5060948729515076,0.5060948729515076,0.0,1.0,0.5082383254286622,0.5082681730767229,0.9996836781473164,0.9796836972236633,0.9996836209327691,0.9999882960808001,0.9999882805209993,0.9999857594657242,0.9999857417498569,1.9748399229160092,7.736510377318309,,990.9334791227541,False,False,False,,[]
1493,1493,1494,True,1.0,1.0,1493.0,1494.0,1493.0,1494.0,1494.0,0.0,3.5405568000000005,0.0,-459.9963802558437,0.5060949325561523,0.5060949325561523,0.0,1.0,0.5082681730767229,0.5082735382130487,0.9996836209327691,0.9796836376190186,0.9996836108918015,0.9999882805209993,0.9999882777242568,0.9999857417498569,0.9999857385655804,0.3549607218658158,1.3906433356359846,,998.3826406400055,False,False,False,,[]
1494,1494,1495,True,1.0,1.0,1494.0,1495.0,1494.0,1495.0,1495.0,0.0,0.0,0.0,83.40462000000002,0.5060949325561523,0.5060949325561523,0.0,1.0,0.5082735382130487,0.5082735382130487,0.9996836108918015,0.9796836376190186,0.9996836108918015,0.9999882777242568,0.9999882777242568,0.9999857385655804,0.9999857385655804,-0.0,0.0,,1000.0,False,False,False,,[]
1495,1495,1496,True,1.0,1.0,1495.0,1496.0,1495.0,1496.0,1496.0,0.0,0.0,0.0,83.40462000000002,0.5060949325561523,0.5060949325561523,0.0,1.0,0.5082735382130487,0.5082735382130487,0.9996836108918015,0.9796836376190186,0.9996836108918015,0.9999882777242568,0.9999882777242568,0.9999857385655804,0.9999857385655804,-0.0,0.0,,1000.0,False,False,False,,[]
1496,1496,1497,True,1.0,1.0,1496.0,1497.0,1496.0,1497.0,1497.0,0.0,0.0,0.0,83.40462000000002,0.5060949325561523,0.5060949325561523,0.0,1.0,0.5082735382130487,0.5082735382130487,0.9996836108918015,0.9796836376190186,0.9996836108918015,0.9999882777242568,0.9999882777242568,0.9999857385655804,0.9999857385655804,-0.0,0.0,,1000.0,False,False,False,,[]
1497,1497,1498,True,1.0,1.0,1497.0,1498.0,1497.0,1498.0,1498.0,0.0,0.0,0.0,83.40462000000002,0.5060949325561523,0.5060949325561523,0.0,1.0,0.5082735382130487,0.5082735382130487,0.9996836108918015,0.9796836376190186,0.9996836108918015,0.9999882777242568,0.9999882777242568,0.9999857385655804,0.9999857385655804,-0.0,0.0,,1000.0,False,False,False,,[]
1498,1498,1499,True,1.0,1.0,1498.0,1499.0,1498.0,1499.0,1499.0,0.0,0.0,0.0,83.40462000000002,0.5060949325561523,0.5060949325561523,0.0,1.0,0.5082735382130487,0.5082735382130487,0.9996836108918015,0.9796836376190186,0.9996836108918015,0.9999882777242568,0.9999882777242568,0.9999857385655804,0.9999857385655804,-0.0,0.0,,1000.0,False,False,False,,[]
1499,1499,1500,True,1.0,1.0,1499.0,1500.0,1499.0,1500.0,1500.0,0.0,0.0,0.0,83.40462000000002,0.5060949325561523,0.5060949325561523,0.0,1.0,0.5082735382130487,0.5082735382130487,0.9996836108918015,0.9796836376190186,0.9996836108918015,0.9999882777242568,0.9999882777242568,0.9999857385655804,0.9999857385655804,-0.0,0.0,,1000.0,False,False,False,,[]
1500,1500,1501,True,1.0,1.0,1500.0,1501.0,1500.0,1501.0,1501.0,0.0,0.0,0.0,83.40462000000002,0.5060949325561523,0.5060949325561523,0.0,1.0,0.5082735382130487,0.5082735382130487,0.9996836108918015,0.9796836376190186,0.9996836108918015,0.9999882777242568,0.9999882777242568,0.9999857385655804,0.9999857385655804,-0.0,0.0,,1000.0,False,False,False,,[]
1501,1501,1502,True,1.0,1.0,1501.0,1502.0,1501.0,1502.0,1502.0,0.0,0.0,0.0,83.40462000000002,0.5060949325561523,0.5060949325561523,0.0,1.0,0.5082735382130487,0.5082735382130487,0.9996836108918015,0.9796836376190186,0.9996836108918015,0.9999882777242568,0.9999882777242568,0.9999857385655804,0.9999857385655804,-0.0,0.0,,1000.0,False,False,False,,[]
1502,1502,1503,True,1.0,1.0,1502.0,1503.0,1502.0,1503.0,1503.0,0.0,0.0,0.0,83.40462000000002,0.5060949325561523,0.5060949325561523,0.0,1.0,0.5082735382130487,0.5082735382130487,0.9996836108918015,0.9796836376190186,0.9996836108918015,0.9999882777242568,0.9999882777242568,0.9999857385655804,0.9999857385655804,-0.0,0.0,,1000.0,False,False,False,,[]
1503,1503,1504,True,1.0,1.0,1503.0,1504.0,1503.0,1504.0,1504.0,0.0,0.0,0.0,83.40462000000002,0.5060949325561523,0.5060949325561523,0.0,1.0,0.5082735382130487,0.5082735382130487,0.9996836108918015,0.9796836376190186,0.9996836108918015,0.9999882777242568,0.9999882777242568,0.9999857385655804,0.9999857385655804,-0.0,0.0,,1000.0,False,False,False,,[]
1504,1504,1505,True,1.0,1.0,1504.0,1505.0,1504.0,1505.0,1505.0,0.0,0.0,0.0,83.40462000000002,0.5060949325561523,0.5060949325561523,0.0,1.0,0.5082735382130487,0.5082735382130487,0.9996836108918015,0.9796836376190186,0.9996836108918015,0.9999882777242568,0.9999882777242568,0.9999857385655804,0.9999857385655804,-0.0,0.0,,1000.0,False,False,False,,[]
1505,1505,1506,True,1.0,1.0,1505.0,1506.0,1505.0,1506.0,1506.0,0.0,0.0,0.0,83.40462000000002,0.5060949325561523,0.5060949325561523,0.0,1.0,0.5082735382130487,0.5082735382130487,0.9996836108918015,0.9796836376190186,0.9996836108918015,0.9999882777242568,0.9999882777242568,0.9999857385655804,0.9999857385655804,-0.0,0.0,,1000.0,False,False,False,,[]
1506,1506,1507,True,1.0,1.0,1506.0,1507.0,1506.0,1507.0,1507.0,0.0,0.0,0.0,83.40462000000002,0.5060949325561523,0.5060949325561523,0.0,1.0,0.5082735382130487,0.5082735382130487,0.9996836108918015,0.9796836376190186,0.9996836108918015,0.9999882777242568,0.9999882777242568,0.9999857385655804,0.9999857385655804,-0.0,0.0,,1000.0,False,False,False,,[]
1507,1507,1508,True,1.0,1.0,1507.0,1508.0,1507.0,1508.0,1508.0,0.0,0.0,0.0,83.40462000000002,0.5060949325561523,0.5060949325561523,0.0,1.0,0.5082735382130487,0.5082735382130487,0.9996836108918015,0.9796836376190186,0.9996836108918015,0.9999882777242568,0.9999882777242568,0.9999857385655804,0.9999857385655804,-0.0,0.0,,1000.0,False,False,False,,[]
1508,1508,1509,True,1.0,1.0,1508.0,1509.0,1508.0,1509.0,1509.0,0.0,0.0,0.0,83.40462000000002,0.5060949325561523,0.5060949325561523,0.0,1.0,0.5082735382130487,0.5082735382130487,0.9996836108918015,0.9796836376190186,0.9996836108918015,0.9999882777242568,0.9999882777242568,0.9999857385655804,0.9999857385655804,-0.0,0.0,,1000.0,False,False,False,,[]
1509,1509,1510,True,1.0,1.0,1509.0,1510.0,1509.0,1510.0,1510.0,0.0,0.0,0.0,83.40462000000002,0.5060949325561523,0.5060949325561523,0.0,1.0,0.5082735382130487,0.5082735382130487,0.9996836108918015,0.9796836376190186,0.9996836108918015,0.9999882777242568,0.9999882777242568,0.9999857385655804,0.9999857385655804,-0.0,0.0,,1000.0,False,False,False,,[]
1510,1510,1511,True,1.0,1.0,1510.0,1511.0,1510.0,1511.0,1511.0,0.0,0.0,0.0,83.40462000000002,0.5060949325561523,0.5060949325561523,0.0,1.0,0.5082735382130487,0.5082735382130487,0.9996836108918015,0.9796836376190186,0.9996836108918015,0.9999882777242568,0.9999882777242568,0.9999857385655804,0.9999857385655804,-0.0,0.0,,1000.0,False,False,False,,[]
1511,1511,1512,True,1.0,1.0,1511.0,1512.0,1511.0,1512.0,1512.0,0.0,0.0,0.0,83.40462000000002,0.5060949325561523,0.5060949325561523,0.0,1.0,0.5082735382130487,0.5082735382130487,0.9996836108918015,0.9796836376190186,0.9996836108918015,0.9999882777242568,0.9999882777242568,0.9999857385655804,0.9999857385655804,-0.0,0.0,,1000.0,False,False,False,,[]
1512,1512,1513,True,1.0,1.0,1512.0,1513.0,1512.0,1513.0,1513.0,0.0,0.0,0.0,83.40462000000002,0.5060949325561523,0.5060949325561523,0.0,1.0,0.5082735382130487,0.5082735382130487,0.9996836108918015,0.9796836376190186,0.9996836108918015,0.9999882777242568,0.9999882777242568,0.9999857385655804,0.9999857385655804,-0.0,0.0,,1000.0,False,False,False,,[]
1513,1513,1514,True,1.0,1.0,1513.0,1514.0,1513.0,1514.0,1514.0,0.0,0.0,0.0,83.40462000000002,0.5060949325561523,0.5060949325561523,0.0,1.0,0.5082735382130487,0.5082735382130487,0.9996836108918015,0.9796836376190186,0.9996836108918015,0.9999882777242568,0.9999882777242568,0.9999857385655804,0.9999857385655804,-0.0,0.0,,1000.0,False,False,False,,[]
1514,1514,1515,True,1.0,1.0,1514.0,1515.0,1514.0,1515.0,1515.0,0.0,0.0,0.0,83.40462000000002,0.5060949325561523,0.5060949325561523,0.0,1.0,0.5082735382130487,0.5082735382130487,0.9996836108918015,0.9796836376190186,0.9996836108918015,0.9999882777242568,0.9999882777242568,0.9999857385655804,0.9999857385655804,-0.0,0.0,,1000.0,False,False,False,,[]
1515,1515,1516,True,1.0,1.0,1515.0,1516.0,1515.0,1516.0,1516.0,0.0,0.0,0.0,83.40462000000002,0.5060949325561523,0.5060949325561523,0.0,1.0,0.5082735382130487,0.5082735382130487,0.9996836108918015,0.9796836376190186,0.9996836108918015,0.9999882777242568,0.9999882777242568,0.9999857385655804,0.9999857385655804,-0.0,0.0,,1000.0,False,False,False,,[]
1516,1516,1517,True,1.0,1.0,1516.0,1517.0,1516.0,1517.0,1517.0,0.0,0.0,0.0,83.40462000000002,0.5060949325561523,0.5060949325561523,0.0,1.0,0.5082735382130487,0.5082735382130487,0.9996836108918015,0.9796836376190186,0.9996836108918015,0.9999882777242568,0.9999882777242568,0.9999857385655804,0.9999857385655804,-0.0,0.0,,1000.0,False,False,False,,[]
1517,1517,1518,True,1.0,1.0,1517.0,1518.0,1517.0,1518.0,1518.0,0.0,0.0,0.0,83.40462000000002,0.5060949325561523,0.5060949325561523,0.0,1.0,0.5082735382130487,0.5082735382130487,0.9996836108918015,0.9796836376190186,0.9996836108918015,0.9999882777242568,0.9999882777242568,0.9999857385655804,0.9999857385655804,-0.0,0.0,,1000.0,False,False,False,,[]
1518,1518,1519,True,1.0,1.0,1518.0,1519.0,1518.0,1519.0,1519.0,0.0,0.0,0.0,83.40462000000002,0.5060949325561523,0.5060949325561523,0.0,1.0,0.5082735382130487,0.5082735382130487,0.9996836108918015,0.9796836376190186,0.9996836108918015,0.9999882777242568,0.9999882777242568,0.9999857385655804,0.9999857385655804,-0.0,0.0,,1000.0,False,False,False,,[]
1519,1519,1520,True,1.0,1.0,1519.0,1520.0,1519.0,1520.0,1520.0,0.0,0.0,0.0,83.40462000000002,0.5060949325561523,0.5060949325561523,0.0,1.0,0.5082735382130487,0.5082735382130487,0.9996836108918015,0.9796836376190186,0.9996836108918015,0.9999882777242568,0.9999882777242568,0.9999857385655804,0.9999857385655804,-0.0,0.0,,1000.0,False,False,False,,[]
1520,1520,1521,True,1.0,1.0,1520.0,1521.0,1520.0,1521.0,1521.0,0.0,0.0,0.0,83.40462000000002,0.5060949325561523,0.5060949325561523,0.0,1.0,0.5082735382130487,0.5082735382130487,0.9996836108918015,0.9796836376190186,0.9996836108918015,0.9999882777242568,0.9999882777242568,0.9999857385655804,0.9999857385655804,-0.0,0.0,,1000.0,False,False,False,,[]
1521,1521,1522,True,1.0,1.0,1521.0,1522.0,1521.0,1522.0,1522.0,0.0,0.0,0.0,83.40462000000002,0.5060949325561523,0.5060949325561523,0.0,1.0,0.5082735382130487,0.5082735382130487,0.9996836108918015,0.9796836376190186,0.9996836108918015,0.9999882777242568,0.9999882777242568,0.9999857385655804,0.9999857385655804,-0.0,0.0,,1000.0,False,False,False,,[]
1522,1522,1523,True,1.0,1.0,1522.0,1523.0,1522.0,1523.0,1523.0,0.0,0.0,0.0,83.40462000000002,0.5060949325561523,0.5060949325561523,0.0,1.0,0.5082735382130487,0.5082735382130487,0.9996836108918015,0.9796836376190186,0.9996836108918015,0.9999882777242568,0.9999882777242568,0.9999857385655804,0.9999857385655804,-0.0,0.0,,1000.0,False,False,False,,[]
1523,1523,1524,True,1.0,1.0,1523.0,1524.0,1523.0,1524.0,1524.0,0.0,0.0,0.0,83.40462000000002,0.5060949325561523,0.5060949325561523,0.0,1.0,0.5082735382130487,0.5082735382130487,0.9996836108918015,0.9796836376190186,0.9996836108918015,0.9999882777242568,0.9999882777242568,0.9999857385655804,0.9999857385655804,-0.0,0.0,,1000.0,False,False,False,,[]
1524,1524,1525,True,1.0,1.0,1524.0,1525.0,1524.0,1525.0,1525.0,0.0,0.0,0.0,83.40462000000002,0.5060949325561523,0.5060949325561523,0.0,1.0,0.5082735382130487,0.5082735382130487,0.9996836108918015,0.9796836376190186,0.9996836108918015,0.9999882777242568,0.9999882777242568,0.9999857385655804,0.9999857385655804,-0.0,0.0,,1000.0,False,False,False,,[]
1525,1525,1526,True,1.0,1.0,1525.0,1526.0,1525.0,1526.0,1526.0,0.0,0.0,0.0,83.40462000000002,0.5060949325561523,0.5060949325561523,0.0,1.0,0.5082735382130487,0.5082735382130487,0.9996836108918015,0.9796836376190186,0.9996836108918015,0.9999882777242568,0.9999882777242568,0.9999857385655804,0.9999857385655804,-0.0,0.0,,1000.0,False,False,False,,[]
1526,1526,1527,True,1.0,1.0,1526.0,1527.0,1526.0,1527.0,1527.0,0.0,0.0,0.0,83.40462000000002,0.5060949325561523,0.5060949325561523,0.0,1.0,0.5082735382130487,0.5082735382130487,0.9996836108918015,0.9796836376190186,0.9996836108918015,0.9999882777242568,0.9999882777242568,0.9999857385655804,0.9999857385655804,-0.0,0.0,,1000.0,False,False,False,,[]
1527,1527,1528,True,1.0,1.0,1527.0,1528.0,1527.0,1528.0,1528.0,0.0,0.0,0.0,83.40462000000002,0.5060949325561523,0.5060949325561523,0.0,1.0,0.5082735382130487,0.5082735382130487,0.9996836108918015,0.9796836376190186,0.9996836108918015,0.9999882777242568,0.9999882777242568,0.9999857385655804,0.9999857385655804,-0.0,0.0,,1000.0,False,False,False,,[]
1528,1528,1529,True,1.0,1.0,1528.0,1529.0,1528.0,1529.0,1529.0,0.0,0.0,0.0,83.40462000000002,0.5060949325561523,0.5060949325561523,0.0,1.0,0.5082735382130487,0.5082735382130487,0.9996836108918015,0.9796836376190186,0.9996836108918015,0.9999882777242568,0.9999882777242568,0.9999857385655804,0.9999857385655804,-0.0,0.0,,1000.0,False,False,False,,[]
1529,1529,1530,True,1.0,1.0,1529.0,1530.0,1529.0,1530.0,1530.0,0.0,0.0,0.0,83.40462000000002,0.5060949325561523,0.5060949325561523,0.0,1.0,0.5082735382130487,0.5082735382130487,0.9996836108918015,0.9796836376190186,0.9996836108918015,0.9999882777242568,0.9999882777242568,0.9999857385655804,0.9999857385655804,-0.0,0.0,,1000.0,False,False,False,,[]
1530,1530,1531,True,1.0,1.0,1530.0,1531.0,1530.0,1531.0,1531.0,0.0,0.0,0.0,83.40462000000002,0.5060949325561523,0.5060949325561523,0.0,1.0,0.5082735382130487,0.5082735382130487,0.9996836108918015,0.9796836376190186,0.9996836108918015,0.9999882777242568,0.9999882777242568,0.9999857385655804,0.9999857385655804,-0.0,0.0,,1000.0,False,False,False,,[]
1531,1531,1532,True,1.0,1.0,1531.0,1532.0,1531.0,1532.0,1532.0,0.0,0.0,0.0,83.40462000000002,0.5060949325561523,0.5060949325561523,0.0,1.0,0.5082735382130487,0.5082735382130487,0.9996836108918015,0.9796836376190186,0.9996836108918015,0.9999882777242568,0.9999882777242568,0.9999857385655804,0.9999857385655804,-0.0,0.0,,1000.0,False,False,False,,[]
1532,1532,1533,True,1.0,1.0,1532.0,1533.0,1532.0,1533.0,1533.0,0.0,0.0,5.3108352,898.6620801600001,0.5060949325561523,0.5060949325561523,0.0,1.0,0.5082735382130487,0.5082130950272975,0.9996836108918015,0.9796836376190186,0.9996834915088251,0.9999882777242568,0.9999882695285626,0.9999857385655804,0.99998572923424,-3.9992007777936562,-15.666873746698135,,917.5081976993795,False,False,False,,[]
1533,1533,1534,True,1.0,1.0,1533.0,1534.0,1533.0,1534.0,1534.0,0.0,5.3108352,10.6216704,898.8960198243519,0.5060949325561523,0.5060949325561523,0.0,1.0,0.5082130950272975,0.5080316450513177,0.9996834915088251,0.979683518409729,0.9996831113407586,0.9999882695285626,0.9999882449350794,0.99998572923424,0.9999857012329316,-12.000725548574824,-47.03183377395428,,786.1254677620769,False,False,False,,[]
1534,1534,1535,True,1.0,1.0,1534.0,1535.0,1534.0,1535.0,1535.0,0.0,10.6216704,15.932505600000002,899.5978388174084,0.5060950517654419,0.5060950517654419,0.0,1.0,0.5080316450513177,0.5077948261402626,0.9996831113407586,0.9796831011772156,0.9996826279480503,0.9999882449350794,0.9999882361480122,0.9999857012329316,0.9999856545276585,-15.658803560597391,-61.38346174547986,,745.9065457161435,False,False,False,,[]
1535,1535,1536,True,1.0,1.0,1535.0,1536.0,1535.0,1536.0,1536.0,0.0,15.932505600000002,21.2433408,900.7675371391676,0.5060952305793762,0.5060952305793762,0.0,1.0,0.5077948261402626,0.5075379963587505,0.9996826279480503,0.9796826243400574,0.9996821090953453,0.9999882361480122,0.9999882188285376,0.9999856545276585,0.9999856322437007,-16.97922365458419,-66.57027936794734,,741.664533671182,False,False,False,,[]
1536,1536,1537,True,1.0,1.0,1536.0,1537.0,1536.0,1537.0,1537.0,0.0,21.2433408,26.554176000000002,902.4051147896324,0.5060953497886658,0.5060953497886658,0.0,1.0,0.5075379963587505,0.5072281162188893,0.9996821090953453,0.9796821475028992,0.9996815014761476,0.9999882188285376,0.9999882037125104,0.9999856322437007,0.999985615033132,-20.480875420020595,-80.32093225201534,,712.7742990003986,False,False,False,,[]
1537,1537,1538,True,1.0,1.0,1537.0,1538.0,1537.0,1538.0,1538.0,0.0,26.554176000000002,31.865011200000005,904.5105717688,0.5060955286026001,0.5060955286026001,0.0,1.0,0.5072281162188893,0.5068439859646827,0.9996815014761476,0.9796814918518066,0.9996807837926108,0.9999882037125104,0.9999881814906026,0.999985615033132,0.9999855939489216,-25.379181397044203,-99.56656189033659,,667.0203092619614,False,False,False,,[]
1538,1538,1539,True,1.0,1.0,1538.0,1539.0,1538.0,1539.0,1539.0,0.0,31.865011200000005,35.7274368,684.740964396671,0.5060957670211792,0.5060957670211792,0.0,1.0,0.5068439859646827,0.5064994879932155,0.9996807837926108,0.9796807765960693,0.9996801226800563,0.9999881814906026,0.9999881624814411,0.9999855939489216,0.9999855672365277,-22.76004937219752,-89.29387420429,,686.6571880827217,False,False,False,,[]
1539,1539,1540,True,1.0,1.0,1539.0,1540.0,1539.0,1540.0,1540.0,0.0,35.7274368,39.1070592,612.7920417711706,0.5060959458351135,0.5060959458351135,0.0,1.0,0.5064994879932155,0.5061668709107062,0.9996801226800563,0.9796801209449768,0.9996794795115912,0.9999881624814411,0.9999881438561102,0.9999855672365277,0.9999855489385635,-21.973025573288876,-86.21434778641589,,697.419508205388,False,False,False,,[]
1540,1540,1541,True,1.0,1.0,1540.0,1541.0,1540.0,1541.0,1541.0,0.0,39.1070592,41.521075200000006,466.6611360877144,0.5060961246490479,0.5060961246490479,0.0,1.0,0.5061668709107062,0.5058943014150947,0.9996794795115912,0.979679524898529,0.9996789335073584,0.9999881438561102,0.9999881288439091,0.9999855489385635,0.9999855339252725,-18.007402736861717,-70.65001326249066,,736.8135729188227,False,False,False,,[]
1541,1541,1542,True,1.0,1.0,1541.0,1542.0,1541.0,1542.0,1542.0,0.0,41.521075200000006,42.4866816,245.9325694303077,0.5060963034629822,0.5060963034629822,0.0,1.0,0.5058943014150947,0.5057360746654705,0.9996789335073584,0.9796789288520813,0.9996785986908874,0.9999881288439091,0.9999881182321696,0.9999855339252725,0.9999855203513337,-10.456093884954397,-41.01237350259486,,822.4400633186532,False,False,False,,[]
1542,1542,1543,True,1.0,1.0,1542.0,1543.0,1542.0,1543.0,1543.0,0.0,42.4866816,41.3601408,-74.5566421214711,0.5060964226722717,0.5060964226722717,0.0,1.0,0.5057360746654705,0.5057655208446249,0.9996785986908874,0.9796786308288574,0.9996785422680744,0.9999881182321696,0.9999881128287476,0.9999855203513337,0.9999855129582067,1.946962102416791,7.632449636801194,,1011.1298590548522,False,False,False,,[]
1543,1543,1544,True,1.0,1.0,1543.0,1544.0,1543.0,1544.0,1544.0,0.0,41.3601408,40.394534400000005,-50.635321433328905,0.5060964226722717,0.5060964226722717,0.0,1.0,0.5057655208446249,0.5057826907462677,0.9996785422680744,0.9796785712242126,0.999678509760996,0.9999881128287476,0.9999881090166431,0.9999855129582067,0.9999855054237435,1.1352725379487878,4.4504385058252005,,1002.5792617084866,False,False,False,,[]
1544,1544,1545,True,1.0,1.0,1544.0,1545.0,1544.0,1545.0,1545.0,0.0,40.394534400000005,39.7507968,-1.88055166876103,0.5060964226722717,0.5060964226722717,0.0,1.0,0.5057826907462677,0.505783382950629,0.999678509760996,0.9796785116195679,0.9996785084714294,0.9999881090166431,0.9999881089638235,0.9999855054237435,0.9999855051329676,0.04576798395658982,0.17941937044490203,,1000.2197003549323,False,False,False,,[]
1545,1545,1546,True,1.0,1.0,1545.0,1546.0,1545.0,1546.0,1546.0,0.0,39.7507968,40.2336,170.62492627942223,0.5060964226722717,0.5060964226722717,0.0,1.0,0.505783382950629,0.5056795181765324,0.9996785084714294,0.9796785116195679,0.9996782944233826,0.9999881089638235,0.9999880996567023,0.9999855051329676,0.9999854996875004,-6.865414509964169,-26.92174944581985,,877.1759258912062,False,False,False,,[]
1546,1546,1547,True,1.0,1.0,1546.0,1547.0,1546.0,1547.0,1547.0,0.0,40.2336,40.5554688,146.2404523163994,0.5060964822769165,0.5060964822769165,0.0,1.0,0.5056795181765324,0.5055874501787524,0.9996782944233826,0.9796783328056335,0.9996781068635862,0.9999880996567023,0.9999880911238024,0.9999854996875004,0.9999854935468294,-6.085761903559038,-23.864025024582155,,888.4959380621522,False,False,False,,[]
1547,1547,1548,True,1.0,1.0,1547.0,1548.0,1547.0,1548.0,1548.0,0.0,40.5554688,40.8773376,146.45613222733644,0.5060965418815613,0.5060965418815613,0.0,1.0,0.5055874501787524,0.5054814645542677,0.9996781068635862,0.9796781539916992,0.9996778879911822,0.9999880911238024,0.9999880825672536,0.9999854935468294,0.9999854778026636,-7.005324942068763,-27.47147386644557,,867.9247795237728,False,False,False,,[]
1548,1548,1549,True,1.0,1.0,1548.0,1549.0,1548.0,1549.0,1549.0,0.0,40.8773376,41.521075200000006,196.08307374330025,0.506096601486206,0.506096601486206,0.0,1.0,0.5054814645542677,0.5053457007764299,0.9996778879911822,0.9796779155731201,0.999677599335977,0.9999880825672536,0.9999880726115239,0.9999854778026636,0.9999854597889087,-8.972554010736639,-35.18997121553243,,838.5049644273307,False,False,False,,[]
1549,1549,1550,True,1.0,1.0,1549.0,1550.0,1549.0,1550.0,1550.0,0.0,41.521075200000006,43.7741568,443.57074159030805,0.5060967206954956,0.5060967206954956,0.0,1.0,0.5053457007764299,0.505071326584598,0.999677599335977,0.9796776175498962,0.9996770502614012,0.9999880726115239,0.9999880572929424,0.9999854597889087,0.9999854446924605,-18.12474022068703,-71.11779052283305,,735.4581469156327,False,False,False,,[]
1550,1550,1551,True,1.0,1.0,1550.0,1551.0,1550.0,1551.0,1551.0,0.0,43.7741568,42.647616,-73.63549126679685,0.5060968995094299,0.5060968995094299,0.0,1.0,0.505071326584598,0.5051015892441002,0.9996770502614012,0.9796770811080933,0.9996769922277677,0.9999880572929424,0.999988051816432,0.9999854446924605,0.999985437495314,2.0008407645694244,7.844081342970214,,1011.9261971119258,False,False,False,,[]
1551,1551,1552,True,1.0,1.0,1551.0,1552.0,1551.0,1552.0,1552.0,0.0,42.647616,38.624256,-519.1288893690368,0.5060968995094299,0.5060968995094299,0.0,1.0,0.5051015892441002,0.5053440997637585,0.9996769922277677,0.9796770215034485,0.9996764986446143,0.999988051816432,0.9999880340839118,0.999985437495314,0.999985420660728,16.04529589906249,62.85872669541772,,1188.4743160399041,False,False,False,,[]
1552,1552,1553,True,1.0,1.0,1552.0,1553.0,1552.0,1553.0,1553.0,0.0,38.624256,36.5321088,-225.38374156286943,0.5060970187187195,0.5060970187187195,0.0,1.0,0.5053440997637585,0.5054385322000775,0.9996764986446143,0.9796765446662903,0.9996763058225201,0.9999880340839118,0.9999880237871098,0.999985420660728,0.9999854139018405,6.245907454005281,24.476887493902254,,1061.6776732684066,False,False,False,,[]
1553,1553,1554,True,1.0,1.0,1553.0,1554.0,1553.0,1554.0,1554.0,0.0,36.5321088,31.2212736,-720.7833479980231,0.5060970783233643,0.5060970783233643,0.0,1.0,0.5054385322000775,0.505714653039347,0.9996763058225201,0.9796763062477112,0.9996757537848683,0.9999880237871098,0.9999880044204721,0.9999854139018405,0.9999853874380452,18.274797009741093,71.57052153866704,,1212.2485218497245,False,False,False,,[]
1554,1554,1555,True,1.0,1.0,1554.0,1555.0,1554.0,1555.0,1555.0,0.0,31.2212736,28.4853888,-328.49150666869446,0.5060972571372986,0.5060972571372986,0.0,1.0,0.505714653039347,0.5058239802502427,0.9996757537848683,0.9796757698059082,0.9996755272724549,0.9999880044204721,0.9999879925150056,0.9999853874380452,0.9999853796121576,7.232969282902535,28.337613064140456,,1071.7477403377238,False,False,False,,[]
1555,1555,1556,True,1.0,1.0,1555.0,1556.0,1555.0,1556.0,1556.0,0.0,28.4853888,27.6807168,-33.38912213215446,0.5060973167419434,0.5060973167419434,0.0,1.0,0.5058239802502427,0.5058320142118051,0.9996755272724549,0.9796755313873291,0.9996755121974168,0.9999879925150056,0.999987990543341,0.9999853796121576,0.9999853768075072,0.5313858980405836,2.0824028369850844,,1001.7532111113198,False,False,False,,[]
1556,1556,1557,True,1.0,1.0,1556.0,1557.0,1556.0,1557.0,1557.0,0.0,27.6807168,29.129126400000004,312.1028171512493,0.5060973167419434,0.5060973167419434,0.0,1.0,0.5058320142118051,0.5056909333832351,0.9996755121974168,0.9796755313873291,0.9996752115795536,0.999987990543341,0.9999879786051094,0.9999853768075072,0.9999853638618862,-9.327284314074355,-36.56815076535824,,836.1018983671854,False,False,False,,[]
1557,1557,1558,True,1.0,1.0,1557.0,1558.0,1557.0,1558.0,1558.0,0.0,29.129126400000004,29.933798400000004,213.96621620774567,0.5060974359512329,0.5060974359512329,0.0,1.0,0.5056909333832351,0.5055946846024708,0.9996752115795536,0.9796752333641052,0.9996750146991356,0.9999879786051094,0.999987969918246,0.9999853638618862,0.9999853588193774,-6.3639176069560275,-24.94768397410542,,885.2172480071213,False,False,False,,[]
1558,1558,1559,True,1.0,1.0,1558.0,1559.0,1558.0,1559.0,1559.0,0.0,29.933798400000004,32.18688,436.70335574090177,0.5060974955558777,0.5060974955558777,0.0,1.0,0.5055946846024708,0.5053916602031681,0.9996750146991356,0.9796750545501709,0.9996745934561628,0.999987969918246,0.9999879546482773,0.9999853588193774,0.999985346982178,-13.419035357540299,-52.623924299287104,,786.0054158169269,False,False,False,,[]
1559,1559,1560,True,1.0,1.0,1559.0,1560.0,1559.0,1560.0,1560.0,0.0,32.18688,35.7274368,635.5024185768948,0.5060976147651672,0.5060976147651672,0.0,1.0,0.5053916602031681,0.5050713213320863,0.9996745934561628,0.9796746373176575,0.999673969290582,0.9999879546482773,0.9999879366257364,0.999985346982178,0.9999853232408804,-21.163710070490787,-83.0318353843728,,701.9912069312261,False,False,False,,[]
1560,1560,1561,True,1.0,1.0,1560.0,1561.0,1560.0,1561.0,1561.0,0.0,35.7274368,39.428928,662.2015848111699,0.5060977935791016,0.5060977935791016,0.0,1.0,0.5050713213320863,0.5047116541012822,0.999673969290582,0.9796739816665649,0.9996732859180508,0.9999879366257364,0.9999879175685056,0.9999853232408804,0.9999853033825755,-23.756212057337194,-93.22574622444333,,681.7004244484486,False,False,False,,[]
1561,1561,1562,True,1.0,1.0,1561.0,1562.0,1561.0,1562.0,1562.0,0.0,39.428928,43.9350912,788.0328307810554,0.5060980319976807,0.5060980319976807,0.0,1.0,0.5047116541012822,0.5042468300173215,0.9996732859180508,0.9796733260154724,0.9996724699479521,0.9999879175685056,0.9999879014062516,0.9999853033825755,0.9999852771700457,-30.687586597669274,-120.48240256258818,,629.4074739764652,False,False,False,,[]
1562,1562,1563,True,1.0,1.0,1562.0,1563.0,1562.0,1563.0,1563.0,0.0,43.9350912,49.084992,889.9676752556925,0.5060982704162598,0.5060982704162598,0.0,1.0,0.5042468300173215,0.5036566802840139,0.9996724699479521,0.9796724915504456,0.9996714962740425,0.9999879014062516,0.999987880839274,0.9999852771700457,0.999985240305999,-38.93926481473386,-152.96681087332422,,573.0829313396675,False,False,False,,[]
1563,1563,1564,True,1.0,1.0,1563.0,1564.0,1563.0,1564.0,1564.0,0.0,49.084992,53.91302400000001,844.531454558995,0.5060985088348389,0.5060985088348389,0.0,1.0,0.5036566802840139,0.5030367956113144,0.9996714962740425,0.9796715378761292,0.9996704537310049,0.999987880839274,0.9999878623980806,0.999985240305999,0.9999851986563354,-40.88808569067855,-160.67410716369713,,560.465911515927,False,False,False,,[]
1564,1564,1565,True,1.0,1.0,1564.0,1565.0,1564.0,1565.0,1565.0,0.0,53.91302400000001,58.25825280000001,774.541696064705,0.5060988664627075,0.5060988664627075,0.0,1.0,0.5030367956113144,0.5024175764703791,0.9996704537310049,0.9796704649925232,0.9996694127537499,0.9999878623980806,0.9999878440453306,0.9999851986563354,0.9999851570563709,-40.83467803631066,-160.50160133043929,,560.7677104516481,False,False,False,,[]
1565,1565,1566,True,1.0,1.0,1565.0,1566.0,1565.0,1566.0,1566.0,0.0,58.25825280000001,60.028531199999996,383.3080611509815,0.5060991644859314,0.5060991644859314,0.0,1.0,0.5024175764703791,0.502085303762764,0.9996694127537499,0.979669451713562,0.9996687701119659,0.9999878440453306,0.999987826137469,0.9999851570563709,0.9999851353468415,-21.926719757457896,-86.12508581385951,,696.3040224715267,False,False,False,,[]
1566,1566,1567,True,1.0,1.0,1566.0,1567.0,1566.0,1567.0,1567.0,0.0,60.028531199999996,63.247219199999996,607.3878296117814,0.5060993432998657,0.5060993432998657,0.0,1.0,0.502085303762764,0.5015640444978531,0.9996687701119659,0.9796687960624695,0.9996679001766305,0.999987826137469,0.9999878083667787,0.9999851353468415,0.999985114272063,-34.37416265975211,-135.11040146489273,,607.1283176782576,False,False,False,,[]
1567,1567,1568,True,1.0,1.0,1567.0,1568.0,1567.0,1568.0,1568.0,0.0,63.247219199999996,65.178432,413.04070947921133,0.5060996413230896,0.5060996413230896,0.0,1.0,0.5015640444978531,0.5011857828676001,0.9996679001766305,0.9796679019927979,0.9996671905419507,0.9999878083667787,0.9999877920758269,0.999985114272063,0.999985094086381,-24.95111678188042,-98.04541456159288,,673.0826103401898,False,False,False,,[]
1568,1568,1569,True,1.0,1.0,1568.0,1569.0,1568.0,1569.0,1569.0,0.0,65.178432,67.7533824,513.9169178969848,0.5060998201370239,0.5060998201370239,0.0,1.0,0.5011857828676001,0.5007096733925772,0.9996671905419507,0.9796671867370605,0.9996663627640775,0.9999877920758269,0.9999877753165797,0.999985094086381,0.9999850750052419,-31.392293147184095,-123.40757592592549,,627.0663212192618,False,False,False,,[]
1569,1569,1570,True,1.0,1.0,1569.0,1570.0,1569.0,1570.0,1570.0,0.0,67.7533824,70.00646400000001,467.34644428221594,0.5061001181602478,0.5061001181602478,0.0,1.0,0.5007096733925772,0.5002604770279192,0.9996663627640775,0.9796663522720337,0.9996655639562526,0.9999877753165797,0.9999877591022401,0.9999850750052419,0.9999850569997579,-29.615870234135482,-116.43169771935212,,639.6737272297802,False,False,False,,[]
1570,1570,1571,True,1.0,1.0,1570.0,1571.0,1570.0,1571.0,1571.0,0.0,70.00646400000001,72.58141440000001,519.3303977332293,0.5061002969741821,0.5061002969741821,0.0,1.0,0.5002604770279192,0.4997439287402527,0.9996655639562526,0.9796655774116516,0.9996646980308667,0.9999877591022401,0.9999877417736551,0.9999850569997579,0.9999850350656622,-34.04464057580779,-133.8893161631549,,608.8637753857205,False,False,False,,[]
1571,1571,1572,True,1.0,1.0,1571.0,1572.0,1571.0,1572.0,1572.0,0.0,72.58141440000001,74.029824,349.44229432174365,0.506100594997406,0.506100594997406,0.0,1.0,0.4997439287402527,0.4993795972721486,0.9996646980308667,0.9796647429466248,0.999664007963456,0.9999877417736551,0.999987725634917,0.9999850350656622,0.9999850172623367,-24.020049965455165,-94.43471653258389,,681.5330503349318,False,False,False,,[]
1572,1572,1573,True,1.0,1.0,1572.0,1573.0,1572.0,1573.0,1573.0,0.0,74.029824,75.3172992,326.49883713417734,0.5061007738113403,0.5061007738113403,0.0,1.0,0.4993795972721486,0.49902832283127485,0.999664007963456,0.9796640276908875,0.9996633368156,0.999987725634917,0.9999877069071139,0.9999850172623367,0.9999849996907682,-23.158120937813212,-91.05033507447689,,687.4323489670603,False,False,False,,[]
1573,1573,1574,True,1.0,1.0,1573.0,1574.0,1573.0,1574.0,1574.0,0.0,75.3172992,76.44384000000001,303.38889395958944,0.5061010122299194,0.5061010122299194,0.0,1.0,0.49902832283127485,0.4986938368466103,0.9996633368156,0.9796633720397949,0.999662690795272,0.9999877069071139,0.9999876875439133,0.9999849996907682,0.9999849822950831,-22.05072413260317,-86.69876722505464,,696.4530813581406,False,False,False,,[]
1574,1574,1575,True,1.0,1.0,1574.0,1575.0,1574.0,1575.0,1575.0,0.0,76.44384000000001,76.44384000000001,131.87352428780403,0.5061011910438538,0.5061011910438538,0.0,1.0,0.4986938368466103,0.49853717453374957,0.999662690795272,0.9796627163887024,0.9996623590745688,0.9999876875439133,0.9999876736214462,0.9999849822950831,0.9999849716826748,-10.332910163267687,-40.60687149349417,,823.472755817532,False,False,False,,[]
1575,1575,1576,True,1.0,1.0,1575.0,1576.0,1575.0,1576.0,1576.0,0.0,76.44384000000001,76.1219712,82.46398124780467,0.5061013102531433,0.5061013102531433,0.0,1.0,0.49853717453374957,0.49843478437844335,0.9996623590745688,0.9796623587608337,0.9996621483696427,0.9999876736214462,0.9999876639674169,0.9999849716826748,0.9999849622409922,-6.754528223818037,-26.539528255370676,,875.2303476421894,False,False,False,,[]
1576,1576,1577,True,1.0,1.0,1576.0,1577.0,1576.0,1577.0,1577.0,0.0,76.1219712,75.96103680000002,106.76145285631549,0.5061013698577881,0.5061013698577881,0.0,1.0,0.49843478437844335,0.4983048764294987,0.9996621483696427,0.9796621799468994,0.9996618737425879,0.9999876639674169,0.9999876516398003,0.9999849622409922,0.9999849517860759,-8.56937991435233,-33.67214036645252,,847.3476246709196,False,False,False,,[]
1577,1577,1578,True,1.0,1.0,1577.0,1578.0,1577.0,1578.0,1578.0,0.0,75.96103680000002,75.63916800000001,81.85367584245664,0.5061014294624329,0.5061014294624329,0.0,1.0,0.4983048764294987,0.49820372261910667,0.9996618737425879,0.9796618819236755,0.9996616658335037,0.9999876516398003,0.9999876420734013,0.9999849517860759,0.999984942389699,-6.6733548967416185,-26.219067653625512,,876.4952501696638,False,False,False,,[]
1578,1578,1579,True,1.0,1.0,1578.0,1579.0,1578.0,1579.0,1579.0,0.0,75.63916800000001,75.63916800000001,130.8584968185082,0.5061014890670776,0.5061014890670776,0.0,1.0,0.49820372261910667,0.49804972987550883,0.9996616658335037,0.9796617031097412,0.999661339406994,0.9999876420734013,0.9999876283485347,0.999984942389699,0.9999849318676328,-10.15790003138276,-39.91491914055517,,825.8440786538051,False,False,False,,[]
1579,1579,1580,True,1.0,1.0,1579.0,1580.0,1579.0,1580.0,1580.0,0.0,75.63916800000001,75.63916800000001,130.8584968185082,0.5061016082763672,0.5061016082763672,0.0,1.0,0.49804972987550883,0.4978957384015461,0.999661339406994,0.9796613454818726,0.9996610129830057,0.9999876283485347,0.9999876146236665,0.9999849318676328,0.9999849213455659,-10.157900188861738,-39.914590051133075,,825.8451149455736,False,False,False,,[]
1580,1580,1581,True,1.0,1.0,1580.0,1581.0,1580.0,1581.0,1581.0,0.0,75.63916800000001,75.63916800000001,130.8584968185082,0.506101667881012,0.506101667881012,0.0,1.0,0.4978957384015461,0.49774174815664834,0.9996610129830057,0.9796610474586487,0.9996606865614581,0.9999876146236665,0.9999876008987975,0.9999849213455659,0.9999849108234987,-10.15790026760117,-39.91427147749593,,825.8461188983075,False,False,False,,[]
1581,1581,1582,True,1.0,1.0,1581.0,1582.0,1581.0,1582.0,1582.0,0.0,75.63916800000001,75.63916800000001,130.8584968185082,0.5061017870903015,0.5061017870903015,0.0,1.0,0.49774174815664834,0.49758775909900627,0.9996606865614581,0.97966068983078,0.9996603601422683,0.9999876008987975,0.9999875871739269,0.9999849108234987,0.999984900301431,-10.15790042507992,-39.91396374083197,,825.847088000826,False,False,False,,[]
1582,1582,1583,True,1.0,1.0,1582.0,1583.0,1582.0,1583.0,1583.0,0.0,75.63916800000001,75.96103680000002,180.26803985850756,0.5061019062995911,0.5061019062995911,0.0,1.0,0.49758775909900627,0.497383501727943,0.9996603601422683,0.9796603918075562,0.9996599365838953,0.9999875871739269,0.9999875719213414,0.999984900301431,0.999984888903681,-13.471815830200011,-52.943510579598666,,785.3833598088436,False,False,False,,[]
1583,1583,1584,True,1.0,1.0,1583.0,1584.0,1583.0,1584.0,1584.0,0.0,75.96103680000002,76.2829056,180.67276192245535,0.5061020255088806,0.5061020255088806,0.0,1.0,0.497383501727943,0.49717794153529954,0.9996599365838953,0.9796599745750427,0.9996595105827907,0.9999875719213414,0.9999875566000604,0.999984888903681,0.9999848774205159,-13.557483454639225,-53.281201933177066,,784.3354106104688,False,False,False,,[]
1584,1584,1585,True,1.0,1.0,1584.0,1585.0,1584.0,1585.0,1585.0,0.0,76.2829056,77.0875776,255.19351711143153,0.5061021447181702,0.5061021447181702,0.0,1.0,0.49717794153529954,0.49689380558984464,0.9996595105827907,0.9796595573425293,0.9996589450562485,0.9999875566000604,0.9999875427799627,0.9999848774205159,0.9999848596559049,-18.734919155708425,-73.64803706191618,,728.7178099824766,False,False,False,,[]
1585,1585,1586,True,1.0,1.0,1585.0,1586.0,1585.0,1586.0,1586.0,0.0,77.0875776,78.053184,280.921908925862,0.5061023235321045,0.5061023235321045,0.0,1.0,0.49689380558984464,0.49657811400009044,0.9996589450562485,0.9796589612960815,0.999658328202594,0.9999875427799627,0.9999875258819722,0.9999848596559049,0.9999848423759222,-20.81247510376775,-81.82726006428113,,708.4386018973366,False,False,False,,[]
1586,1586,1587,True,1.0,1.0,1586.0,1587.0,1586.0,1587.0,1587.0,0.0,78.053184,79.01879040000001,282.164431440661,0.5061025023460388,0.5061025023460388,0.0,1.0,0.49657811400009044,0.49625724000410476,0.999658328202594,0.9796583652496338,0.9996577031992359,0.9999875258819722,0.9999875086150748,0.9999848423759222,0.9999848250916196,-21.152463860720488,-83.17053975949123,,705.2556552243167,False,False,False,,[]
1587,1587,1588,True,1.0,1.0,1587.0,1588.0,1587.0,1588.0,1588.0,0.0,79.01879040000001,79.66252800000001,234.0128780007013,0.5061026811599731,0.5061026811599731,0.0,1.0,0.49625724000410476,0.4959847762269607,0.9996577031992359,0.9796577095985413,0.9996571573751389,0.9999875086150748,0.9999874933511034,0.9999848250916196,0.9999848079316885,-17.962805108525522,-70.62261103574347,,735.5807294912818,False,False,False,,[]
1588,1588,1589,True,1.0,1.0,1588.0,1589.0,1588.0,1589.0,1589.0,0.0,79.66252800000001,80.4672,259.564902079197,0.5061028599739075,0.5061028599739075,0.0,1.0,0.4959847762269607,0.49568444931139494,0.9996571573751389,0.9796571731567383,0.9996565651525834,0.9999874933511034,0.9999874785715674,0.9999848079316885,0.9999847906624337,-19.797209015122373,-77.8447365146367,,718.5983505381629,False,False,False,,[]
1589,1589,1590,True,1.0,1.0,1589.0,1590.0,1589.0,1590.0,1590.0,0.0,80.4672,81.4328064,285.33840622560007,0.5061030387878418,0.5061030387878418,0.0,1.0,0.49568444931139494,0.4953507676295959,0.9996565651525834,0.9796565771102905,0.9996559203582593,0.9999874785715674,0.9999874603530218,0.9999847906624337,0.9999847737727547,-21.99246575314547,-86.49029192231556,,697.7055692772698,False,False,False,,[]
1590,1590,1591,True,1.0,1.0,1590.0,1591.0,1590.0,1591.0,1591.0,0.0,81.4328064,82.07654400000001,237.2255204987583,0.5061032176017761,0.5061032176017761,0.0,1.0,0.4953507676295959,0.49506748049040833,0.9996559203582593,0.979655921459198,0.9996553562517334,0.9999874603530218,0.9999874447496883,0.9999847737727547,0.9999847567962163,-18.672794756175012,-73.42802647741564,,728.7154972042626,False,False,False,,[]
1591,1591,1592,True,1.0,1.0,1591.0,1592.0,1591.0,1592.0,1592.0,0.0,82.07654400000001,82.88121600000001,262.8033230526666,0.5061033964157104,0.5061033964157104,0.0,1.0,0.49506748049040833,0.49475525056536934,0.9996553562517334,0.979655385017395,0.9996547448866088,0.9999874447496883,0.9999874291232699,0.9999847567962163,0.9999847401142187,-20.577824568877585,-80.92999657010076,,711.4020695967333,False,False,False,,[]
1592,1592,1593,True,1.0,1.0,1592.0,1593.0,1592.0,1593.0,1593.0,0.0,82.88121600000001,84.00775680000001,313.3138218133308,0.5061035752296448,0.5061035752296448,0.0,1.0,0.49475525056536934,0.49437959476527954,0.9996547448866088,0.9796547889709473,0.999654038863078,0.9999874291232699,0.9999874071332165,0.9999847401142187,0.9999847249671379,-24.75169930664561,-97.36998338328267,,674.1291472033079,False,False,False,,[]
1593,1593,1594,True,1.0,1.0,1593.0,1594.0,1593.0,1594.0,1594.0,0.0,84.00775680000001,85.61710080000002,388.98751931504995,0.5061037540435791,0.5061037540435791,0.0,1.0,0.49437959476527954,0.49391698437349285,0.999654038863078,0.97965407371521,0.9996532252671462,0.9999874071332165,0.9999873889299766,0.9999847249671379,0.999984706452649,-30.470268829170784,-119.90861355111025,,632.6360300783043,False,False,False,,[]
1594,1594,1595,True,1.0,1.0,1594.0,1595.0,1594.0,1595.0,1595.0,0.0,85.61710080000002,87.06551040000001,366.5469572186204,0.506104052066803,0.506104052066803,0.0,1.0,0.49391698437349285,0.4934728992804927,0.9996532252671462,0.9796532392501831,0.9996524322737609,0.9999873889299766,0.999987371183732,0.999984706452649,0.999984688729636,-29.248391705982126,-115.10685610563917,,641.4970224252689,False,False,False,,[]
1595,1595,1596,True,1.0,1.0,1595.0,1596.0,1595.0,1596.0,1596.0,0.0,87.06551040000001,87.8701824,269.8023939472968,0.5061042308807373,0.5061042308807373,0.0,1.0,0.4934728992804927,0.4931350705933946,0.9996524322737609,0.979652464389801,0.9996517811796849,0.999987371183732,0.9999873538673847,0.999984688729636,0.9999846732604878,-22.25525464062315,-87.56519569582755,,696.5128990007051,False,False,False,,[]
1596,1596,1597,True,1.0,1.0,1596.0,1597.0,1596.0,1597.0,1597.0,0.0,87.8701824,88.3529856,221.5604010227713,0.5061044692993164,0.5061044692993164,0.0,1.0,0.4931350705933946,0.4928490910348788,0.9996517811796849,0.9796518087387085,0.9996512125758171,0.9999873538673847,0.9999873364877122,0.9999846732604878,0.9999846575005957,-18.84162109266626,-74.12590156730498,,726.7550082368913,False,False,False,,[]
1597,1597,1598,True,1.0,1.0,1597.0,1598.0,1597.0,1598.0,1598.0,0.0,88.3529856,88.51392000000001,172.85654374714147,0.5061046481132507,0.5061046481132507,0.0,1.0,0.4928490910348788,0.4926181107567795,0.9996512125758171,0.9796512126922607,0.9996507397215462,0.9999873364877122,0.9999873188046144,0.9999846575005957,0.9999846433320596,-15.220199456973589,-59.87008808333375,,763.2904093164829,False,False,False,,[]
1598,1598,1599,True,1.0,1.0,1598.0,1599.0,1598.0,1599.0,1599.0,0.0,88.51392000000001,88.3529856,123.6830885777744,0.5061047673225403,0.5061047673225403,0.0,1.0,0.4926181107567795,0.4924489895689599,0.9996507397215462,0.9796507358551025,0.9996503834873952,0.9999873188046144,0.9999873037446729,0.9999846433320596,0.9999846326904482,-11.146178295052348,-43.836211882851586,,812.7133359597509,False,False,False,,[]
1599,1599,1600,True,1.0,1.0,1599.0,1600.0,1599.0,1600.0,1600.0,0.0,88.3529856,87.8701824,74.03745766714079,0.5061048865318298,0.5061048865318298,0.0,1.0,0.4924489895689599,0.49234986110181905,0.9996503834873952,0.9796503782272339,0.9996501801444407,0.9999873037446729,0.9999872991721755,0.9999846326904482,0.9999846228041319,-6.534795533654473,-25.69409868290369,,881.8952041389731,False,False,False,,[]
1600,1600,1601,True,1.0,1.0,1600.0,1601.0,1600.0,1601.0,1601.0,0.0,87.8701824,87.8701824,147.44608646277223,0.5061049461364746,0.5061049461364746,0.0,1.0,0.49234986110181905,0.4921532250943637,0.9996501801444407,0.9796501994132996,0.9996497709544065,0.9999872991721755,0.9999872823829389,0.9999846228041319,0.9999846123580768,-12.959423784130562,-50.96805313241802,,790.6448981193911,False,False,False,,[]
1601,1601,1602,True,1.0,1.0,1601.0,1602.0,1601.0,1602.0,1602.0,0.0,87.8701824,88.1920512,196.85562950276963,0.5061050653457642,0.5061050653457642,0.0,1.0,0.4921532250943637,0.4918949217430747,0.9996497709544065,0.9796497821807861,0.9996492495316543,0.9999872823829389,0.9999872646123575,0.9999846123580768,0.9999845968441844,-17.020464316327793,-66.95222865411849,,744.1970674172281,False,False,False,,[]
1602,1602,1603,True,1.0,1.0,1602.0,1603.0,1602.0,1603.0,1603.0,0.0,88.1920512,88.67485440000002,222.03042855776337,0.5061052441596985,0.5061052441596985,0.0,1.0,0.4918949217430747,0.4916075454554374,0.9996492495316543,0.9796492457389832,0.9996486786027557,0.9999872646123575,0.9999872471827088,0.9999845968441844,0.9999845811831013,-18.934057985098683,-74.48793375559148,,725.9212417806547,False,False,False,,[]
1603,1603,1604,True,1.0,1.0,1603.0,1604.0,1603.0,1604.0,1604.0,0.0,88.67485440000002,89.31859200000001,247.44346368966978,0.506105363368988,0.506105363368988,0.0,1.0,0.4916075454554374,0.4912909260842765,0.9996486786027557,0.9796487092971802,0.9996480602841695,0.9999872471827088,0.9999872306970414,0.9999845811831013,0.9999845657154401,-20.85816037483416,-82.06774100489982,,709.0164265988925,False,False,False,,[]
1604,1604,1605,True,1.0,1.0,1604.0,1605.0,1604.0,1605.0,1605.0,0.0,89.31859200000001,89.64046080000001,198.98428710980917,0.5061056017875671,0.5061056017875671,0.0,1.0,0.4912909260842765,0.49102604627184215,0.9996480602841695,0.9796480536460876,0.9996475274617713,0.9999872306970414,0.99998721264617,0.9999845657154401,0.9999845500491029,-17.451750628233587,-68.65684738297404,,739.7110295929808,False,False,False,,[]
1605,1605,1606,True,1.0,1.0,1605.0,1606.0,1605.0,1606.0,1606.0,0.0,89.64046080000001,90.28419840000001,248.87159122741994,0.5061057209968567,0.5061057209968567,0.0,1.0,0.49102604627184215,0.49070475133773483,0.9996475274617713,0.9796475172042847,0.9996469018000119,0.99998721264617,0.9999871960604471,0.9999845500491029,0.9999845347673126,-21.164481362435055,-83.27964692061906,,706.3500614387299,False,False,False,,[]
1606,1606,1607,True,1.0,1.0,1606.0,1607.0,1606.0,1607.0,1607.0,0.0,90.28419840000001,90.6060672,200.4227260377255,0.506105899810791,0.506105899810791,0.0,1.0,0.49070475133773483,0.49043543314297827,0.9996469018000119,0.9796469211578369,0.9996463613496771,0.9999871960604471,0.999987177825584,0.9999845347673126,0.9999845190095328,-17.7427598672206,-69.8072760809051,,736.7264703725732,False,False,False,,[]
1607,1607,1608,True,1.0,1.0,1607.0,1608.0,1607.0,1608.0,1608.0,0.0,90.6060672,91.0888704,225.61041433042072,0.5061060786247253,0.5061060786247253,0.0,1.0,0.49043543314297827,0.4901365675428461,0.9996463613496771,0.9796463847160339,0.9996457715057449,0.999987177825584,0.9999871600330112,0.9999845190095328,0.9999845033546448,-19.687099916856184,-77.46596355425775,,718.7535613544752,False,False,False,,[]
1608,1608,1609,True,1.0,1.0,1608.0,1609.0,1608.0,1609.0,1609.0,0.0,91.0888704,91.2498048,176.92846875888605,0.5061062574386597,0.5061062574386597,0.0,1.0,0.4901365675428461,0.4898927571298732,0.9996457715057449,0.9796457886695862,0.9996452756067772,0.9999871600330112,0.9999871417328458,0.9999845033546448,0.9999844879079165,-16.062718673753025,-63.19565904259288,,753.4959176393783,False,False,False,,[]
1609,1609,1610,True,1.0,1.0,1609.0,1610.0,1609.0,1610.0,1610.0,0.0,91.2498048,91.2498048,152.467089010889,0.5061063766479492,0.5061063766479492,0.0,1.0,0.4898927571298732,0.48968138310811193,0.9996452756067772,0.979645311832428,0.9996448387534381,0.9999871417328458,0.9999871240864234,0.9999844879079165,0.9999844759890979,-13.927056905698356,-54.78814644051007,,778.4375315987788,False,False,False,,[]
1610,1610,1611,True,1.0,1.0,1610.0,1611.0,1610.0,1611.0,1611.0,0.0,91.2498048,90.927936,103.05754597088962,0.5061065554618835,0.5061065554618835,0.0,1.0,0.48968138310811193,0.48953504332727077,0.9996448387534381,0.9796448349952698,0.9996445275838055,0.9999871240864234,0.9999871117273902,0.9999844759890979,0.9999844649953799,-9.644110006321537,-37.931271194036846,,832.7715627151292,False,False,False,,[]
1611,1611,1612,True,1.0,1.0,1611.0,1612.0,1611.0,1612.0,1612.0,0.0,90.927936,90.927936,151.9807351081407,0.5061066150665283,0.5061066150665283,0.0,1.0,0.48953504332727077,0.4893250771610302,0.9996445275838055,0.9796445369720459,0.9996440933511077,0.9999871117273902,0.9999870941625199,0.9999844649953799,0.999984453188401,-13.834930027740171,-54.423230289558894,,779.5682731783975,False,False,False,,[]
1612,1612,1613,True,1.0,1.0,1612.0,1613.0,1612.0,1613.0,1613.0,0.0,90.927936,90.927936,151.9807351081407,0.5061067342758179,0.5061067342758179,0.0,1.0,0.4893250771610302,0.48911511219689574,0.9996440933511077,0.9796441197395325,0.9996436591206496,0.9999870941625199,0.9999870765976481,0.999984453188401,0.9999844413814274,-13.834929761871859,-54.42291870364197,,779.5691421350595,False,False,False,,[]
1613,1613,1614,True,1.0,1.0,1613.0,1614.0,1613.0,1614.0,1614.0,0.0,90.927936,90.927936,151.9807351081407,0.5061069130897522,0.5061069130897522,0.0,1.0,0.48911511219689574,0.48890514838974974,0.9996436591206496,0.979643702507019,0.999643224892347,0.9999870765976481,0.9999870590327741,0.9999844413814274,0.9999844295744617,-13.834929363069365,-54.422618812236216,,779.5699797137368,False,False,False,,[]
1614,1614,1615,True,1.0,1.0,1614.0,1615.0,1614.0,1615.0,1615.0,0.0,90.927936,90.927936,151.9807351081407,0.5061070322990417,0.5061070322990417,0.0,1.0,0.48890514838974974,0.4886951856917373,0.999643224892347,0.9796432256698608,0.999642790666111,0.9999870590327741,0.9999870414678987,0.9999844295744617,0.9999844177675011,-13.834929097201012,-54.42233132481625,,779.570781713813,False,False,False,,[]
1615,1615,1616,True,1.0,1.0,1615.0,1616.0,1615.0,1616.0,1616.0,0.0,90.927936,90.927936,151.9807351081407,0.5061071515083313,0.5061071515083313,0.0,1.0,0.4886951856917373,0.4884852240582868,0.999642790666111,0.9796428084373474,0.9996423564418582,0.9999870414678987,0.999987023903022,0.9999844177675011,0.9999844059605459,-13.834928831332647,-54.42205539036734,,779.5715515743078,False,False,False,,[]
1616,1616,1617,True,1.0,1.0,1616.0,1617.0,1616.0,1617.0,1617.0,0.0,90.927936,90.7670016,127.27596358813904,0.5061072707176208,0.5061072707176208,0.0,1.0,0.4884852240582868,0.488307748841806,0.9996423564418582,0.979642391204834,0.9996419839541731,0.999987023903022,0.9999870083913444,0.9999844059605459,0.9999843954265283,-11.695570084118092,-46.001576111832826,,805.9513509370323,False,False,False,,[]
1617,1617,1618,True,1.0,1.0,1617.0,1618.0,1617.0,1618.0,1618.0,0.0,90.7670016,90.28419840000001,77.62388805865274,0.5061073899269104,0.5061073899269104,0.0,1.0,0.488307748841806,0.4882001800855028,0.9996419839541731,0.9796419739723206,0.999641761468118,0.9999870083913444,0.9999870024809132,0.9999843954265283,0.9999843850941537,-7.090454490626045,-27.88182163378165,,872.5545379596684,False,False,False,,[]
1618,1618,1619,True,1.0,1.0,1618.0,1619.0,1618.0,1619.0,1619.0,0.0,90.28419840000001,89.8013952,76.89886843772518,0.5061074495315552,0.5061074495315552,0.0,1.0,0.4882001800855028,0.48809410346402726,0.999641761468118,0.9796417951583862,0.9996415423882934,0.9999870024809132,0.9999869966569137,0.9999843850941537,0.9999843748411091,-6.992480162512528,-27.495060286460948,,874.0787716968741,False,False,False,,[]
1619,1619,1620,True,1.0,1.0,1619.0,1620.0,1619.0,1620.0,1620.0,0.0,89.8013952,88.67485440000002,-22.641370491885578,0.5061075091362,0.5061075091362,0.0,1.0,0.48809410346402726,0.48811555878010904,0.9996415423882934,0.9796415567398071,0.9996415015971637,0.9999869966569137,0.9999869952407144,0.9999843748411091,0.9999843705962307,1.4149552509164498,5.561217928393416,,1011.8539964492687,False,False,False,,[]
1620,1620,1621,True,1.0,1.0,1620.0,1621.0,1620.0,1621.0,1621.0,0.0,88.67485440000002,87.8701824,25.100520009668756,0.5061075687408447,0.5061075687408447,0.0,1.0,0.48811555878010904,0.4880802621926155,0.9996415015971637,0.9796414971351624,0.9996414335759956,0.9999869952407144,0.9999869936876856,0.9999843705962307,0.9999843660117578,-2.327640085546658,-9.148875478318484,,953.9834573934393,False,False,False,,[]
1621,1621,1622,True,1.0,1.0,1621.0,1622.0,1621.0,1622.0,1622.0,0.0,87.8701824,87.22644480000001,48.62700038277156,0.5061075687408447,0.5061075687408447,0.0,1.0,0.4880802621926155,0.48801417229839095,0.9996414335759956,0.9796414375305176,0.9996413023169772,0.9999869936876856,0.9999869907037013,0.9999843660117578,0.9999843584450578,-4.358217007835826,-17.130500583016513,,917.6277836610698,False,False,False,,[]
1622,1622,1623,True,1.0,1.0,1622.0,1623.0,1622.0,1623.0,1623.0,0.0,87.22644480000001,86.904576,97.10164404787858,0.5061076283454895,0.5061076283454895,0.0,1.0,0.48801417229839095,0.48788106301737544,0.9996413023169772,0.979641318321228,0.9996410200396237,0.9999869907037013,0.999986979074757,0.9999843584450578,0.9999843479467166,-8.776396981779078,-34.50192563922238,,844.976902450045,False,False,False,,[]
1623,1623,1624,True,1.0,1.0,1623.0,1624.0,1623.0,1624.0,1624.0,0.0,86.904576,86.42177280000001,71.93200068797285,0.5061076879501343,0.5061076879501343,0.0,1.0,0.48788106301737544,0.4877861759186886,0.9996410200396237,0.9796410202980042,0.9996408262029562,0.999986979074757,0.9999869747052936,0.9999843479467166,0.9999843383437141,-6.257197846480181,-24.594735979629576,,886.3337020502458,False,False,False,,[]
1624,1624,1625,True,1.0,1.0,1624.0,1625.0,1624.0,1625.0,1625.0,0.0,86.42177280000001,86.26083840000001,120.64745827753944,0.506107747554779,0.506107747554779,0.0,1.0,0.4877861759186886,0.48762411881360757,0.9996408262029562,0.9796408414840698,0.9996404838281021,0.9999869747052936,0.9999869600424816,0.9999843383437141,0.9999843276491298,-10.684841081963812,-42.005201637007964,,818.5637241405357,False,False,False,,[]
1625,1625,1626,True,1.0,1.0,1625.0,1626.0,1625.0,1626.0,1626.0,0.0,86.26083840000001,86.7436416,219.23604182323893,0.5061078667640686,0.5061078667640686,0.0,1.0,0.48762411881360757,0.48734520108344614,0.9996404838281021,0.9796404838562012,0.9996399270632147,0.9999869600424816,0.9999869429180505,0.9999843276491298,0.9999843114257995,-18.383221993038855,-72.29547565784394,,731.025156306993,False,False,False,,[]
1626,1626,1627,True,1.0,1.0,1626.0,1627.0,1626.0,1627.0,1627.0,0.0,86.7436416,86.904576,170.51929530990574,0.5061080455780029,0.5061080455780029,0.0,1.0,0.48734520108344614,0.4871217407980623,0.9996399270632147,0.9796399474143982,0.9996394679067184,0.9999869429180505,0.999986925602111,0.9999843114257995,0.9999842981166964,-14.730076693493459,-57.92090597149659,,769.2301908213527,False,False,False,,[]
1627,1627,1628,True,1.0,1.0,1627.0,1628.0,1627.0,1628.0,1628.0,0.0,86.904576,87.06551040000001,170.75108676797154,0.5061081647872925,0.5061081647872925,0.0,1.0,0.4871217407980623,0.4868975696409528,0.9996394679067184,0.97963947057724,0.9996390074494178,0.999986925602111,0.9999869082493338,0.9999842981166964,0.9999842847507981,-14.776705965424224,-58.10516392277842,,768.6775799658739,False,False,False,,[]
1628,1628,1629,True,1.0,1.0,1628.0,1629.0,1628.0,1629.0,1629.0,0.0,87.06551040000001,87.06551040000001,146.2785363472965,0.506108283996582,0.506108283996582,0.0,1.0,0.4868975696409528,0.48670411328376784,0.9996390074494178,0.9796390533447266,0.9996386042931797,0.9999869082493338,0.9999868915413425,0.9999842847507981,0.9999842745579927,-12.753143688660572,-50.143887782349985,,793.2272494552086,False,False,False,,[]
1629,1629,1630,True,1.0,1.0,1629.0,1630.0,1629.0,1630.0,1630.0,0.0,87.06551040000001,86.5827072,72.16422178729549,0.5061084032058716,0.5061084032058716,0.0,1.0,0.48670411328376784,0.4866087635490292,0.9996386042931797,0.9796386361122131,0.9996384094232583,0.9999868915413425,0.9999868871496265,0.9999842745579927,0.9999842649233696,-6.287653627649262,-24.71465124425861,,885.84703507848,False,False,False,,[]
1630,1630,1631,True,1.0,1.0,1630.0,1631.0,1630.0,1631.0,1631.0,0.0,86.5827072,85.93896960000001,46.76407589309445,0.5061084628105164,0.5061084628105164,0.0,1.0,0.4866087635490292,0.4865453394047713,0.9996384094232583,0.9796384572982788,0.9996382837866653,0.9999868871496265,0.999986883756662,0.9999842649233696,0.9999842576476969,-4.18298954238766,-16.43953819165833,,920.2540587775923,False,False,False,,[]
1631,1631,1632,True,1.0,1.0,1631.0,1632.0,1631.0,1632.0,1632.0,0.0,85.93896960000001,85.295232,45.842925038417256,0.5061085224151611,0.5061085224151611,0.0,1.0,0.4865453394047713,0.48648421403947173,0.9996382837866653,0.9796382784843445,0.9996381629757009,0.999986883756662,0.9999868810055712,0.9999842576476969,0.9999842505174724,-4.031639413250445,-15.843694685641243,,923.2862018888304,False,False,False,,[]
1632,1632,1633,True,1.0,1.0,1632.0,1633.0,1632.0,1633.0,1633.0,0.0,85.295232,84.6514944,44.92864844385152,0.5061085224151611,0.5061085224151611,0.0,1.0,0.48648421403947173,0.4864246952473487,0.9996381629757009,0.9796381592750549,0.9996380455247789,0.9999868810055712,0.9999868783296196,0.9999842505174724,0.9999842435325628,-3.9259176266024114,-15.427270918286057,,925.1337839405098,False,False,False,,[]
1633,1633,1634,True,1.0,1.0,1633.0,1634.0,1633.0,1634.0,1634.0,0.0,84.6514944,83.84682240000001,19.31647458939758,0.5061085820198059,0.5061085820198059,0.0,1.0,0.4864246952473487,0.4863986003307724,0.9996380455247789,0.9796380400657654,0.9996379956870902,0.9999868783296196,0.9999868771889351,0.9999842435325628,0.9999842400434741,-1.7215240792740893,-6.763802376579611,,965.5226735158676,False,False,False,,[]
1634,1634,1635,True,1.0,1.0,1634.0,1635.0,1634.0,1635.0,1635.0,0.0,83.84682240000001,84.3296256,215.83006075960375,0.5061085820198059,0.5061085820198059,0.0,1.0,0.4863986003307724,0.48613036511864277,0.9996379956870902,0.9796380400657654,0.9996374570930925,0.9999868771889351,0.9999868604627301,0.9999842400434741,0.9999842235689091,-17.68361164813684,-69.52656698400101,,737.8465339868727,False,False,False,,[]
1635,1635,1636,True,1.0,1.0,1635.0,1636.0,1635.0,1636.0,1636.0,0.0,84.3296256,83.685888,43.57012278971022,0.5061087608337402,0.5061087608337402,0.0,1.0,0.48613036511864277,0.48607321156697597,0.9996374570930925,0.9796375036239624,0.9996373445702594,0.9999868604627301,0.9999868578971802,0.9999842235689091,0.9999842168015798,-3.7702511421127958,-14.814200592029135,,927.8686817189749,False,False,False,,[]
1636,1636,1637,True,1.0,1.0,1636.0,1637.0,1636.0,1637.0,1637.0,0.0,83.685888,83.5249536,116.78734640541536,0.5061087608337402,0.5061087608337402,0.0,1.0,0.48607321156697597,0.4859200277431302,0.9996373445702594,0.9796373844146729,0.9996370197508312,0.9999868578971802,0.9999868437601223,0.9999842168015798,0.9999842060801729,-10.10257249632098,-39.705247140819125,,826.0883788759463,False,False,False,,[]
1637,1637,1638,True,1.0,1.0,1637.0,1638.0,1637.0,1638.0,1638.0,0.0,83.5249536,83.20308480000001,91.8593762524887,0.5061088800430298,0.5061088800430298,0.0,1.0,0.4859200277431302,0.4857981116922519,0.9996370197508312,0.9796370267868042,0.9996367640258988,0.9999868437601223,0.9999868328096804,0.9999842060801729,0.9999841958860878,-8.041318807031736,-31.60064038765647,,855.7005827608201,False,False,False,,[]
1638,1638,1639,True,1.0,1.0,1638.0,1639.0,1638.0,1639.0,1639.0,0.0,83.20308480000001,82.88121600000001,91.4142679103936,0.5061089396476746,0.5061089396476746,0.0,1.0,0.4857981116922519,0.48567713518112493,0.9996367640258988,0.9796367883682251,0.9996365105048213,0.9999868328096804,0.999986821918357,0.9999841958860878,0.9999841857203439,-7.9795628447462,-31.35711168411145,,856.6149232633476,False,False,False,,[]
1639,1639,1640,True,1.0,1.0,1639.0,1640.0,1639.0,1640.0,1640.0,0.0,82.88121600000001,83.04215040000001,165.08519269333075,0.5061090588569641,0.5061090588569641,0.0,1.0,0.48567713518112493,0.4854708011396503,0.9996365105048213,0.979636549949646,0.9996360830546582,0.999986821918357,0.9999868054926998,0.9999841857203439,0.9999841742538846,-13.606364753355777,-53.481783550224804,,783.1030333534611,False,False,False,,[]
1640,1640,1641,True,1.0,1.0,1640.0,1641.0,1640.0,1641.0,1641.0,0.0,83.04215040000001,83.3640192,190.0114442812339,0.5061091780662537,0.5061091780662537,0.0,1.0,0.4854708011396503,0.4852343123750099,0.9996360830546582,0.9796360731124878,0.9996356002555687,0.9999868054926998,0.9999867886885397,0.9999841742538846,0.9999841598774234,-15.593147279528573,-61.29788779478788,,759.9076984793737,False,False,False,,[]
1641,1641,1642,True,1.0,1.0,1641.0,1642.0,1641.0,1642.0,1642.0,0.0,83.3640192,83.84682240000001,215.1604648608131,0.5061092972755432,0.5061092972755432,0.0,1.0,0.4852343123750099,0.48496829141776787,0.9996356002555687,0.9796355962753296,0.9996350654668901,0.9999867886885397,0.9999867720440522,0.9999841598774234,0.9999841434692524,-17.538252500994755,-68.95263211714197,,739.3428440203387,False,False,False,,[]
1642,1642,1643,True,1.0,1.0,1642.0,1643.0,1642.0,1643.0,1643.0,0.0,83.84682240000001,84.49056,240.53483227960342,0.5061094760894775,0.5061094760894775,0.0,1.0,0.48496829141776787,0.48467416415257547,0.9996350654668901,0.9796350598335266,0.9996344833780381,0.9999867720440522,0.9999867561226804,0.9999841434692524,0.9999841268772276,-19.388735011597195,-76.23778713787216,,722.1001026582859,False,False,False,,[]
1643,1643,1644,True,1.0,1.0,1643.0,1644.0,1643.0,1644.0,1644.0,0.0,84.49056,85.295232,266.1384133089244,0.5061096549034119,0.5061096549034119,0.0,1.0,0.48467416415257547,0.4843499673525018,0.9996344833780381,0.9796345233917236,0.9996338531919985,0.9999867561226804,0.9999867397433433,0.9999841268772276,0.9999841108609744,-21.367756692336947,-84.0318105790978,,704.4183258499686,False,False,False,,[]
1644,1644,1645,True,1.0,1.0,1644.0,1645.0,1644.0,1645.0,1645.0,0.0,85.295232,86.09990400000001,267.27159212385254,0.5061098337173462,0.5061098337173462,0.0,1.0,0.4843499673525018,0.4840214959921486,0.9996338531919985,0.9796338677406311,0.9996332163882364,0.9999867397433433,0.9999867230758401,0.9999841108609744,0.9999840949249154,-21.64780503321981,-85.13977660355053,,701.874912051844,False,False,False,,[]
1645,1645,1646,True,1.0,1.0,1645.0,1646.0,1645.0,1646.0,1646.0,0.0,86.09990400000001,86.904576,268.4155119702018,0.5061100125312805,0.5061100125312805,0.0,1.0,0.4840214959921486,0.4836887637715264,0.9996332163882364,0.9796332120895386,0.9996325730437629,0.9999867230758401,0.9999867061158605,0.9999840949249154,0.9999840791272513,-21.92690186152399,-86.24419158527344,,699.3866252131339,False,False,False,,[]
1646,1646,1647,True,1.0,1.0,1646.0,1647.0,1646.0,1647.0,1647.0,0.0,86.904576,88.3529856,368.3892589279709,0.5061101913452148,0.5061101913452148,0.0,1.0,0.4836887637715264,0.4832358245003213,0.9996325730437629,0.9796326160430908,0.9996317700406665,0.9999867061158605,0.9999866880142494,0.9999840791272513,0.9999840610254939,-29.83521350474138,-117.401859096364,,637.168748570536,False,False,False,,[]
1647,1647,1648,True,1.0,1.0,1647.0,1648.0,1647.0,1648.0,1648.0,0.0,88.3529856,89.15765760000001,271.6756298271402,0.5061104893684387,0.5061104893684387,0.0,1.0,0.4832358245003213,0.48289155953419327,0.9996317700406665,0.979631781578064,0.9996311092757656,0.9999866880142494,0.9999866702118407,0.9999840610254939,0.9999840462785907,-22.681949037290412,-89.23347922039086,,693.053155626049,False,False,False,,[]
1648,1648,1649,True,1.0,1.0,1648.0,1649.0,1648.0,1649.0,1649.0,0.0,89.15765760000001,89.47952640000001,198.74605103289065,0.506110668182373,0.506110668182373,0.0,1.0,0.48289155953419327,0.48262747420794105,0.9996311092757656,0.9796311259269714,0.9996305778243945,0.9999866702118407,0.9999866521918763,0.9999840462785907,0.9999840306424426,-17.402573177188433,-68.45091656456802,,740.2545985863,False,False,False,,[]
1649,1649,1650,True,1.0,1.0,1649.0,1650.0,1649.0,1650.0,1650.0,0.0,89.47952640000001,90.123264,248.6324958679858,0.5061108469963074,0.5061108469963074,0.0,1.0,0.48262747420794105,0.48230706384793104,0.9996305778243945,0.9796305894851685,0.9996299535468425,0.9999866521918763,0.9999866356226544,0.9999840306424426,0.9999840153814599,-21.109907059253512,-83.05036531458926,,706.8794755700505,False,False,False,,[]
1650,1650,1651,True,1.0,1.0,1650.0,1651.0,1650.0,1651.0,1651.0,0.0,90.123264,90.123264,150.77236907326466,0.5061110258102417,0.5061110258102417,0.0,1.0,0.48230706384793104,0.4821006839266056,0.9996299535468425,0.9796299934387207,0.9996295260108117,0.9999866356226544,0.9999866182617336,0.9999840153814599,0.9999840039296478,-13.601317655571068,-53.493675607559375,,782.5055195473432,False,False,False,,[]
1651,1651,1652,True,1.0,1.0,1651.0,1652.0,1651.0,1652.0,1652.0,0.0,90.123264,89.8013952,101.36282603326335,0.5061111450195312,0.5061111450195312,0.0,1.0,0.4821006839266056,0.48195814700225426,0.9996295260108117,0.9796295166015625,0.9996292224659313,0.9999866182617336,0.9999866061058236,0.9999840039296478,0.9999839930670619,-9.395686462299029,-36.94557079187132,,836.1833888904561,False,False,False,,[]
1652,1652,1653,True,1.0,1.0,1652.0,1653.0,1652.0,1653.0,1653.0,0.0,89.8013952,88.83578880000002,2.063401028116072,0.5061112642288208,0.5061112642288208,0.0,1.0,0.48195814700225426,0.4819554632681616,0.9996292224659313,0.9796292185783386,0.9996292174564233,0.9999866061058236,0.9999866059766422,0.9999839930670619,0.9999839928905755,-0.17698840998847912,-0.6956238768216207,,996.5217875786963,False,False,False,,[]
1653,1653,1654,True,1.0,1.0,1653.0,1654.0,1653.0,1654.0,1654.0,0.0,88.83578880000002,87.709248,-24.072075877184606,0.5061112642288208,0.5061112642288208,0.0,1.0,0.4819554632681616,0.4819780553802193,0.9996292174564233,0.9796292185783386,0.9996291744562086,0.9999866059766422,0.9999866044872349,0.9999839928905755,0.9999839884656812,1.490170612331379,5.855875445362354,,1012.5329186919769,False,False,False,,[]
1654,1654,1655,True,1.0,1.0,1654.0,1655.0,1654.0,1655.0,1655.0,0.0,87.709248,86.26083840000001,-75.13122652283373,0.5061112642288208,0.5061112642288208,0.0,1.0,0.4819780553802193,0.4820505585756734,0.9996291744562086,0.9796292185783386,0.9996290295536767,0.9999866044872349,0.9999865999064542,0.9999839884656812,0.9999839786464542,4.783603825307848,18.792828261707985,,1045.6017612707549,False,False,False,,[]
1655,1655,1656,True,1.0,1.0,1655.0,1656.0,1655.0,1656.0,1656.0,0.0,86.26083840000001,84.49056,-126.63075945676046,0.5061112642288208,0.5061112642288208,0.0,1.0,0.4820505585756734,0.48216778641835484,0.9996290295536767,0.9796290397644043,0.9996287847876465,0.9999865999064542,0.9999865846650933,0.9999839786464542,0.999983968000293,7.736563112203248,30.38545682302136,,1071.6548255486657,False,False,False,,[]
1656,1656,1657,True,1.0,1.0,1656.0,1657.0,1656.0,1657.0,1657.0,0.0,84.49056,82.88121600000001,-104.43315949107472,0.5061113834381104,0.5061113834381104,0.0,1.0,0.48216778641835484,0.48226075484426867,0.9996287847876465,0.9796288013458252,0.9996285952266056,0.9999865846650933,0.9999865721166391,0.999983968000293,0.9999839574265085,6.135977436574993,24.097415996860242,,1053.6187455683992,False,False,False,,[]
1657,1657,1658,True,1.0,1.0,1657.0,1658.0,1657.0,1658.0,1658.0,0.0,82.88121600000001,82.88121600000001,140.3804211733311,0.5061113834381104,0.5061113834381104,0.0,1.0,0.48226075484426867,0.48208278802181725,0.9996285952266056,0.9796286225318909,0.9996282217871335,0.9999865721166391,0.9999865565895297,0.9999839574265085,0.9999839471764663,-11.737445373948532,-46.12900037939987,,805.7446881302743,False,False,False,,[]
1658,1658,1659,True,1.0,1.0,1658.0,1659.0,1658.0,1659.0,1659.0,0.0,82.88121600000001,82.88121600000001,140.3804211733311,0.5061115026473999,0.5061115026473999,0.0,1.0,0.48208278802181725,0.48190482028795273,0.9996282217871335,0.9796282649040222,0.9996278483458974,0.9999865565895297,0.9999865410624188,0.9999839471764663,0.9999839369264232,-11.737445538687611,-46.129236617678124,,805.7439802360009,False,False,False,,[]
1659,1659,1660,True,1.0,1.0,1659.0,1660.0,1659.0,1660.0,1660.0,0.0,82.88121600000001,82.23747840000001,41.56133509333236,0.5061116218566895,0.5061116218566895,0.0,1.0,0.48190482028795273,0.4818511167555687,0.9996278483458974,0.9796278476715088,0.9996277429716406,0.9999865410624188,0.9999865386573336,0.9999839369264232,0.9999839304841691,-3.543262964166086,-13.919955593941554,,931.8897638288255,False,False,False,,[]
1660,1660,1661,True,1.0,1.0,1660.0,1661.0,1660.0,1661.0,1661.0,0.0,82.23747840000001,80.62813440000001,-107.54891788571514,0.5061116814613342,0.5061116814613342,0.0,1.0,0.4818511167555687,0.4819439397683428,0.9996277429716406,0.979627788066864,0.9996275537340162,0.9999865386573336,0.9999865257439559,0.9999839304841691,0.9999839198769562,6.127439014117182,24.059724911059142,,1053.0513138425133,False,False,False,,[]
1661,1661,1662,True,1.0,1.0,1661.0,1662.0,1661.0,1662.0,1662.0,0.0,80.62813440000001,80.4672,112.62004103464922,0.506111741065979,0.506111741065979,0.0,1.0,0.4819439397683428,0.4818004930033801,0.9996275537340162,0.9796275496482849,0.9996272483623033,0.9999865257439559,0.9999865122599149,0.9999839198769562,0.9999839093170836,-9.463361181212237,-37.18140147833721,,834.7051365208077,False,False,False,,[]
1662,1662,1663,True,1.0,1.0,1662.0,1663.0,1662.0,1663.0,1663.0,0.0,80.4672,80.62813440000001,161.8145486256017,0.5061118006706238,0.5061118006706238,0.0,1.0,0.4818004930033801,0.4816041930352186,0.9996272483623033,0.979627251625061,0.9996268398088612,0.9999865122599149,0.9999864963948479,0.9999839093170836,0.9999838987343519,-12.948065155806402,-50.880951747466675,,791.3877318795595,False,False,False,,[]
1663,1663,1664,True,1.0,1.0,1663.0,1664.0,1663.0,1664.0,1664.0,0.0,80.62813440000001,80.4672,112.62004103464922,0.5061119794845581,0.5061119794845581,0.0,1.0,0.4816041930352186,0.48146074447417236,0.9996268398088612,0.9796268343925476,0.9996265344335437,0.9999864963948479,0.9999864829108032,0.9999838987343519,0.99998388817448,-9.463361415096646,-37.18186702319636,,834.7036318956267,False,False,False,,[]
1664,1664,1665,True,1.0,1.0,1664.0,1665.0,1664.0,1665.0,1665.0,0.0,80.4672,79.82346240000001,38.29069102560132,0.5061120390892029,0.5061120390892029,0.0,1.0,0.48146074447417236,0.4814125196078343,0.9996265344335437,0.9796265363693237,0.9996264403150302,0.9999864829108032,0.9999864807597728,0.99998388817448,0.9999838822656258,-3.182389786663744,-12.499885354825878,,938.353371793077,False,False,False,,[]
1665,1665,1666,True,1.0,1.0,1665.0,1666.0,1665.0,1666.0,1666.0,0.0,79.82346240000001,79.66252800000001,111.54916020196553,0.5061120390892029,0.5061120390892029,0.0,1.0,0.4814125196078343,0.48127155892794876,0.9996264403150302,0.979626476764679,0.9996261399388732,0.9999864807597728,0.9999864674852371,0.9999838822656258,0.9999838717060232,-9.299812041095596,-36.53700822633896,,836.9374412764571,False,False,False,,[]
1666,1666,1667,True,1.0,1.0,1666.0,1667.0,1666.0,1667.0,1667.0,0.0,79.66252800000001,79.66252800000001,136.0410444791986,0.5061121582984924,0.5061121582984924,0.0,1.0,0.48127155892794876,0.4811045327224786,0.9996261399388732,0.9796261787414551,0.999625787804018,0.9999864674852371,0.9999864527650724,0.9999838717060232,0.999983861250804,-11.018626225910554,-43.29319245787045,,814.7203178282653,False,False,False,,[]
1667,1667,1668,True,1.0,1.0,1667.0,1668.0,1667.0,1668.0,1668.0,0.0,79.66252800000001,79.66252800000001,136.0410444791986,0.506112277507782,0.506112277507782,0.0,1.0,0.4811045327224786,0.4809375054545641,0.999625787804018,0.9796258211135864,0.9996254356670816,0.9999864527650724,0.9999864380449061,0.999983861250804,0.9999838507955842,-11.0186263647712,-43.29346784343656,,814.7194730658916,False,False,False,,[]
1668,1668,1669,True,1.0,1.0,1668.0,1669.0,1668.0,1669.0,1669.0,0.0,79.66252800000001,79.01879040000001,37.22195839919793,0.5061123371124268,0.5061123371124268,0.0,1.0,0.4809375054545641,0.48089103384412374,0.9996254356670816,0.9796254634857178,0.9996253451257521,0.9999864380449061,0.9999864359749059,0.9999838507955842,0.9999838450623428,-3.0668346954141987,-12.045441426137462,,940.442717360263,False,False,False,,[]
1669,1669,1670,True,1.0,1.0,1669.0,1670.0,1669.0,1670.0,1670.0,0.0,79.01879040000001,78.2141184,11.669934320700301,0.5061123967170715,0.5061123967170715,0.0,1.0,0.48089103384412374,0.4808761914535962,0.9996253451257521,0.9796253442764282,0.9996253170891661,0.9999864359749059,0.9999864353318373,0.9999838450623428,0.9999838430045622,-0.979649254264508,-3.8471476247307677,,980.058842374212,False,False,False,,[]
1670,1670,1671,True,1.0,1.0,1670.0,1671.0,1670.0,1671.0,1671.0,0.0,78.2141184,77.40944640000001,10.62053555085687,0.5061123967170715,0.5061123967170715,0.0,1.0,0.4808761914535962,0.4808626686544329,0.9996253170891661,0.9796253442764282,0.9996252915781807,0.9999864353318373,0.9999864346367354,0.9999838430045622,0.9999838411397662,-0.8926094861436291,-3.5051095431339814,,981.7070711403815,False,False,False,,[]
1671,1671,1672,True,1.0,1.0,1671.0,1672.0,1671.0,1672.0,1672.0,0.0,77.40944640000001,75.96103680000002,-89.23720826756416,0.5061123967170715,0.5061123967170715,0.0,1.0,0.4808626686544329,0.48093357075135684,0.9996252915781807,0.9796252846717834,0.9996251500973279,0.9999864346367354,0.999986424137909,0.9999838411397662,0.9999838313222138,4.681613060395389,18.377823522688498,,1037.8155415446133,False,False,False,,[]
1672,1672,1673,True,1.0,1.0,1672.0,1673.0,1672.0,1673.0,1673.0,0.0,75.96103680000002,74.1907584,-140.48926783754436,0.5061124563217163,0.5061124563217163,0.0,1.0,0.48093357075135684,0.48104865436808636,0.9996251500973279,0.9796251654624939,0.9996249103118455,0.999986424137909,0.9999864100684261,0.9999838313222138,0.9999838210043904,7.6007559181947055,29.829673456296106,,1071.4872303633845,False,False,False,,[]
1673,1673,1674,True,1.0,1.0,1673.0,1674.0,1673.0,1674.0,1674.0,0.0,74.1907584,72.42048,-142.69397194704544,0.5061125159263611,0.5061125159263611,0.0,1.0,0.48104865436808636,0.4811627707979727,0.9996249103118455,0.9796249270439148,0.9996246727664347,0.9999864100684261,0.9999863962413232,0.9999838210043904,0.9999838106202609,7.537772643055073,29.578978626542238,,1070.836539955643,False,False,False,,[]
1674,1674,1675,True,1.0,1.0,1674.0,1675.0,1674.0,1675.0,1675.0,0.0,72.42048,70.4892672,-169.5514609844621,0.5061125755310059,0.5061125755310059,0.0,1.0,0.4811627707979727,0.4812984472672204,0.9996246727664347,0.9796246886253357,0.9996243843214988,0.9999863962413232,0.9999863820072658,0.9999838106202609,0.9999838009233479,8.963547051647744,35.16734082900312,,1090.3948272748737,False,False,False,,[]
1675,1675,1676,True,1.0,1.0,1675.0,1676.0,1675.0,1676.0,1676.0,0.0,70.4892672,68.5580544,-171.8405896009331,0.5061126947402954,0.5061126947402954,0.0,1.0,0.4812984472672204,0.48143221998233415,0.9996243843214988,0.9796243906021118,0.9996241004530626,0.9999863820072658,0.9999863681205999,0.9999838009233479,0.9999837911821631,8.838805424035424,34.67388775749122,,1089.0375551011193,False,False,False,,[]
1676,1676,1677,True,1.0,1.0,1676.0,1677.0,1676.0,1677.0,1677.0,0.0,68.5580544,66.78777600000001,-149.36307835641685,0.5061127543449402,0.5061127543449402,0.0,1.0,0.48143221998233415,0.4815422744507134,0.9996241004530626,0.9796240925788879,0.9996238722715793,0.9999863681205999,0.9999863551282856,0.9999837911821631,0.999983780493889,7.271975870384065,28.52611820389847,,1067.869208903769,False,False,False,,[]
1677,1677,1678,True,1.0,1.0,1677.0,1678.0,1677.0,1678.0,1678.0,0.0,66.78777600000001,64.8565632,-176.05515550995415,0.506112813949585,0.506112813949585,0.0,1.0,0.4815422744507134,0.48167183673070674,0.9996238722715793,0.9796239137649536,0.9996235984678773,0.9999863551282856,0.9999863419257912,0.999983780493889,0.999983770524111,8.562394102533363,33.58254297427174,,1085.7876917710112,False,False,False,,[]
1678,1678,1679,True,1.0,1.0,1678.0,1679.0,1678.0,1679.0,1679.0,0.0,64.8565632,61.959744,-326.3924639185446,0.5061129331588745,0.5061129331588745,0.0,1.0,0.48167183673070674,0.48190833139216055,0.9996235984678773,0.9796236157417297,0.9996231156581827,0.9999863419257912,0.9999863250794596,0.999983770524111,0.9999837513746243,15.63621250119261,61.299416248831925,,1179.5483402455548,False,False,False,,[]
1679,1679,1680,True,1.0,1.0,1679.0,1680.0,1679.0,1680.0,1680.0,0.0,61.959744,59.545728000000004,-255.32516515208889,0.5061130523681641,0.5061130523681641,0.0,1.0,0.48190833139216055,0.4820824650260707,0.9996231156581827,0.9796231389045715,0.9996227496539003,0.9999863250794596,0.9999863130046767,0.9999837513746243,0.9999837324685322,11.512584967157803,45.13543790951204,,1119.2597332221812,False,False,False,,[]
1680,1680,1681,True,1.0,1.0,1680.0,1681.0,1680.0,1681.0,1681.0,0.0,59.545728000000004,56.64890880000001,-331.8723233289735,0.5061131715774536,0.5061131715774536,0.0,1.0,0.4820824650260707,0.4823023934139359,0.9996227496539003,0.9796227812767029,0.999622296978554,0.9999863130046767,0.9999862974614705,0.9999837324685322,0.9999837140162224,14.544067509016106,57.00543813465552,,1163.6909848713522,False,False,False,,[]
1681,1681,1682,True,1.0,1.0,1681.0,1682.0,1681.0,1682.0,1682.0,0.0,56.64890880000001,54.3958272,-235.8450461359523,0.5061132907867432,0.5061132907867432,0.0,1.0,0.4823023934139359,0.48245066065513226,0.999622296978554,0.9796223044395447,0.999621981955296,0.9999862974614705,0.9999862854655494,0.9999837140162224,0.9999837017746517,9.804156474449963,38.430868918096955,,1101.9616745294588,False,False,False,,[]
1682,1682,1683,True,1.0,1.0,1682.0,1683.0,1682.0,1683.0,1683.0,0.0,54.3958272,52.30368,-213.21544188651103,0.5061134099960327,0.5061134099960327,0.0,1.0,0.48245066065513226,0.4825774252573523,0.999621981955296,0.9796220064163208,0.9996217147961041,0.9999862854655494,0.9999862737133309,0.9999837017746517,0.9999836901604602,8.382567981902877,32.85738489544366,,1083.0507970128422,False,False,False,,[]
1683,1683,1684,True,1.0,1.0,1683.0,1684.0,1683.0,1684.0,1684.0,0.0,52.30368,50.69433600000001,-140.95266632288366,0.5061134696006775,0.5061134696006775,0.0,1.0,0.4825774252573523,0.48265147199189196,0.9996217147961041,0.9796217083930969,0.9996215665850762,0.9999862737133309,0.9999862638800379,0.9999836901604602,0.9999836769039148,4.896108403502696,19.192913592676984,,1037.4905438048065,False,False,False,,[]
1684,1684,1685,True,1.0,1.0,1684.0,1685.0,1684.0,1685.0,1685.0,0.0,50.69433600000001,49.24592640000001,-117.62274682478639,0.5061135292053223,0.5061135292053223,0.0,1.0,0.48265147199189196,0.4827101897520905,0.9996215665850762,0.9796215891838074,0.999621450805627,0.9999862638800379,0.9999862552432773,0.9999836769039148,0.9999836654098142,3.8825843600668732,15.219643443468694,,1027.7586873095079,False,False,False,,[]
1685,1685,1686,True,1.0,1.0,1685.0,1686.0,1685.0,1686.0,1686.0,0.0,49.24592640000001,49.084992,78.81479284295823,0.5061135292053223,0.5061135292053223,0.0,1.0,0.4827101897520905,0.48264251051674917,0.999621450805627,0.9796214699745178,0.9996213161809173,0.9999862552432773,0.9999862487664097,0.9999836654098142,0.9999836567449939,-4.473603914576745,-17.542457800474157,,912.1728973327834,False,False,False,,[]
1686,1686,1687,True,1.0,1.0,1686.0,1687.0,1686.0,1687.0,1687.0,0.0,49.084992,48.28032,-20.135548641005588,0.506113588809967,0.506113588809967,0.0,1.0,0.48264251051674917,0.4826515477898067,0.9996213161809173,0.9796213507652283,0.9996212992065991,0.9999862487664097,0.9999862468838534,0.9999836567449939,0.9999836543982739,0.597504893938682,2.3424611765080736,,1003.1202706709497,False,False,False,,[]
1687,1687,1688,True,1.0,1.0,1687.0,1688.0,1687.0,1688.0,1688.0,0.0,48.28032,46.670976,-144.30923864198468,0.506113588809967,0.506113588809967,0.0,1.0,0.4826515477898067,0.48272204225661447,0.9996212992065991,0.9796212911605835,0.9996211585952306,0.9999862468838534,0.9999862374371531,0.9999836543982739,0.9999836428501495,4.661836225993829,18.272165796573855,,1036.7405349383632,False,False,False,,[]
1688,1688,1689,True,1.0,1.0,1688.0,1689.0,1688.0,1689.0,1689.0,0.0,46.670976,44.25696000000001,-269.10053794967524,0.5061136484146118,0.5061136484146118,0.0,1.0,0.48272204225661447,0.4828598527757678,0.9996211585952306,0.979621171951294,0.9996208650010666,0.9999862374371531,0.9999862269565695,0.9999836428501495,0.9999836297305432,9.1159314145909,35.720486564541936,,1092.718130884419,False,False,False,,[]
1689,1689,1690,True,1.0,1.0,1689.0,1690.0,1689.0,1690.0,1690.0,0.0,44.25696000000001,39.911731200000006,-567.3784010155562,0.5061137676239014,0.5061137676239014,0.0,1.0,0.4828598527757678,0.4831366454787304,0.9996208650010666,0.9796208739280701,0.9996203118258766,0.9999862269565695,0.99998620943242,0.9999836297305432,0.9999836106761326,18.318902434503755,71.74466860790069,,1226.8382506000087,False,False,False,,[]
1690,1690,1691,True,1.0,1.0,1690.0,1691.0,1690.0,1691.0,1691.0,0.0,39.911731200000006,34.600896000000006,-718.6405122295088,0.5061138868331909,0.5061138868331909,0.0,1.0,0.4831366454787304,0.4834473470515382,0.9996203118258766,0.9796203374862671,0.9996197028953255,0.99998620943242,0.9999861902254816,0.9999836106761326,0.9999835893106055,20.56813677777104,80.53384767177455,,1264.5998882247345,False,False,False,,[]
1691,1691,1692,True,1.0,1.0,1691.0,1692.0,1691.0,1692.0,1692.0,0.0,34.600896000000006,32.347814400000004,-252.53209773117493,0.5061140656471252,0.5061140656471252,0.0,1.0,0.4834473470515382,0.48353413775876714,0.9996197028953255,0.9796197414398193,0.9996195269968029,0.9999861902254816,0.9999861769117327,0.9999835893106055,0.9999835768116343,5.742266159898411,22.496151313746285,,1045.356049277033,False,False,False,,[]
1692,1692,1693,True,1.0,1.0,1692.0,1693.0,1692.0,1693.0,1693.0,0.0,32.347814400000004,30.738470400000004,-154.9641269911063,0.50611412525177,0.50611412525177,0.0,1.0,0.48353413775876714,0.4835863742812754,0.9996195269968029,0.979619562625885,0.9996194246480251,0.9999861769117327,0.9999861696506185,0.9999835768116343,0.9999835716350656,3.45588083149287,13.539706634130397,,1030.4646164911962,False,False,False,,[]
1693,1693,1694,True,1.0,1.0,1693.0,1694.0,1693.0,1694.0,1694.0,0.0,30.738470400000004,29.772864000000002,-56.987137774522424,0.5061141848564148,0.5061141848564148,0.0,1.0,0.4835863742812754,0.48360218158565527,0.9996194246480251,0.9796194434165955,0.9996193947605629,0.9999861696506185,0.9999861661763311,0.9999835716350656,0.9999835675980829,1.0457001205135408,4.0972532952680245,,1005.3356057090735,False,False,False,,[]
1694,1694,1695,True,1.0,1.0,1694.0,1695.0,1694.0,1695.0,1695.0,0.0,29.772864000000002,27.358848000000002,-279.8147167922439,0.5061141848564148,0.5061141848564148,0.0,1.0,0.48360218158565527,0.48368665013816226,0.9996193947605629,0.9796194434165955,0.9996192239567999,0.9999861661763311,0.9999861561714193,0.9999835675980829,0.999983555779987,5.589150347304546,21.894248809805887,,1047.7404710780759,False,False,False,,[]
1695,1695,1696,True,1.0,1.0,1695.0,1696.0,1695.0,1696.0,1696.0,0.0,27.358848000000002,24.944832,-280.95863663859274,0.5061142444610596,0.5061142444610596,0.0,1.0,0.48368665013816226,0.48376247443244785,0.9996192239567999,0.9796192646026611,0.9996190719236854,0.9999861561714193,0.9999861450290161,0.999983555779987,0.9999835449085689,5.017266157824303,19.65365707882201,,1040.1575297467718,False,False,False,,[]
1696,1696,1697,True,1.0,1.0,1696.0,1697.0,1696.0,1697.0,1697.0,0.0,24.944832,20.1168,-652.577460002152,0.5061142444610596,0.5061142444610596,0.0,1.0,0.48376247443244785,0.4839253921333263,0.9996190719236854,0.9796190857887268,0.9996187278548105,0.9999861450290161,0.9999861309863453,0.9999835449085689,0.9999835275823281,10.783598249232854,42.22826806768819,,1107.5937647464343,False,False,False,,[]
1697,1697,1698,True,1.0,1.0,1697.0,1698.0,1697.0,1698.0,1698.0,0.0,20.1168,17.380915200000004,-333.2199235208994,0.5061143636703491,0.5061143636703491,0.0,1.0,0.4839253921333263,0.483997935558146,0.9996187278548105,0.9796187281608582,0.9996185828661717,0.9999861309863453,0.9999861266072654,0.9999835275823281,0.9999835225007787,4.80068213781086,18.80325571326855,,1051.0648634901147,False,False,False,,[]
1698,1698,1699,True,1.0,1.0,1698.0,1699.0,1698.0,1699.0,1699.0,0.0,17.380915200000004,12.874752,-605.823314750082,0.5061144232749939,0.5061144232749939,0.0,1.0,0.483997935558146,0.4840788171348937,0.9996185828661717,0.9796186089515686,0.999618419888525,0.9999861266072654,0.9999861165032136,0.9999835225007787,0.9999834873994365,5.352803810709169,20.964504693005615,,1019.7613620283215,False,False,False,,[]
1699,1699,1700,True,1.0,1.0,1699.0,1700.0,1699.0,1700.0,1700.0,0.0,12.874752,7.563916800000001,-730.4779881380965,0.5061144828796387,0.5061144828796387,0.0,1.0,0.4840788171348937,0.484146724374924,0.999618419888525,0.9796184301376343,0.9996182847801454,0.9999861165032136,0.9999861109593722,0.9999834873994365,0.9999834582098908,4.494139272619361,17.60155661585827,,1020.0574039369128,False,False,False,,[]
1700,1700,1701,True,1.0,1.0,1700.0,1701.0,1700.0,1701.0,1701.0,0.0,7.563916800000001,2.2530816,-731.3783013918151,0.5061144828796387,0.5061144828796387,0.0,1.0,0.484146724374924,0.48417037222053727,0.9996182847801454,0.9796183109283447,0.9996182397240132,0.9999861109593722,0.9999860986293438,0.9999834582098908,0.9999834441724355,1.5648586339421644,6.12952158295255,,992.8265785288789,False,False,False,,[]
1701,1701,1702,True,1.0,1.0,1701.0,1702.0,1701.0,1702.0,1702.0,0.0,2.2530816,0.0,-262.4200764368292,0.5061145424842834,0.5061145424842834,0.0,1.0,0.48417037222053727,0.48417231968421093,0.9996182397240132,0.9796182513237,0.9996182360914586,0.9999860986293438,0.9999860976139903,0.9999834441724355,0.9999834430164789,0.12886301765047473,0.5047825842182412,,999.4132425693301,False,False,False,,[]
1702,1702,1703,True,1.0,1.0,1702.0,1703.0,1702.0,1703.0,1703.0,0.0,0.0,0.0,83.40462000000002,0.5061145424842834,0.5061145424842834,0.0,1.0,0.48417231968421093,0.48417231968421093,0.9996182360914586,0.9796182513237,0.9996182360914586,0.9999860976139903,0.9999860976139903,0.9999834430164789,0.9999834430164789,-0.0,0.0,,1000.0,False,False,False,,[]
1703,1703,1704,True,1.0,1.0,1703.0,1704.0,1703.0,1704.0,1704.0,0.0,0.0,0.0,83.40462000000002,0.5061145424842834,0.5061145424842834,0.0,1.0,0.48417231968421093,0.48417231968421093,0.9996182360914586,0.9796182513237,0.9996182360914586,0.9999860976139903,0.9999860976139903,0.9999834430164789,0.9999834430164789,-0.0,0.0,,1000.0,False,False,False,,[]
1704,1704,1705,True,1.0,1.0,1704.0,1705.0,1704.0,1705.0,1705.0,0.0,0.0,0.0,83.40462000000002,0.5061145424842834,0.5061145424842834,0.0,1.0,0.48417231968421093,0.48417231968421093,0.9996182360914586,0.9796182513237,0.9996182360914586,0.9999860976139903,0.9999860976139903,0.9999834430164789,0.9999834430164789,-0.0,0.0,,1000.0,False,False,False,,[]
1705,1705,1706,True,1.0,1.0,1705.0,1706.0,1705.0,1706.0,1706.0,0.0,0.0,0.0,83.40462000000002,0.5061145424842834,0.5061145424842834,0.0,1.0,0.48417231968421093,0.48417231968421093,0.9996182360914586,0.9796182513237,0.9996182360914586,0.9999860976139903,0.9999860976139903,0.9999834430164789,0.9999834430164789,-0.0,0.0,,1000.0,False,False,False,,[]
1706,1706,1707,True,1.0,1.0,1706.0,1707.0,1706.0,1707.0,1707.0,0.0,0.0,0.0,83.40462000000002,0.5061145424842834,0.5061145424842834,0.0,1.0,0.48417231968421093,0.48417231968421093,0.9996182360914586,0.9796182513237,0.9996182360914586,0.9999860976139903,0.9999860976139903,0.9999834430164789,0.9999834430164789,-0.0,0.0,,1000.0,False,False,False,,[]
1707,1707,1708,True,1.0,1.0,1707.0,1708.0,1707.0,1708.0,1708.0,0.0,0.0,0.0,83.40462000000002,0.5061145424842834,0.5061145424842834,0.0,1.0,0.48417231968421093,0.48417231968421093,0.9996182360914586,0.9796182513237,0.9996182360914586,0.9999860976139903,0.9999860976139903,0.9999834430164789,0.9999834430164789,-0.0,0.0,,1000.0,False,False,False,,[]
1708,1708,1709,True,1.0,1.0,1708.0,1709.0,1708.0,1709.0,1709.0,0.0,0.0,0.0,83.40462000000002,0.5061145424842834,0.5061145424842834,0.0,1.0,0.48417231968421093,0.48417231968421093,0.9996182360914586,0.9796182513237,0.9996182360914586,0.9999860976139903,0.9999860976139903,0.9999834430164789,0.9999834430164789,-0.0,0.0,,1000.0,False,False,False,,[]
1709,1709,1710,True,1.0,1.0,1709.0,1710.0,1709.0,1710.0,1710.0,0.0,0.0,0.0,83.40462000000002,0.5061145424842834,0.5061145424842834,0.0,1.0,0.48417231968421093,0.48417231968421093,0.9996182360914586,0.9796182513237,0.9996182360914586,0.9999860976139903,0.9999860976139903,0.9999834430164789,0.9999834430164789,-0.0,0.0,,1000.0,False,False,False,,[]
1710,1710,1711,True,1.0,1.0,1710.0,1711.0,1710.0,1711.0,1711.0,0.0,0.0,0.0,83.40462000000002,0.5061145424842834,0.5061145424842834,0.0,1.0,0.48417231968421093,0.48417231968421093,0.9996182360914586,0.9796182513237,0.9996182360914586,0.9999860976139903,0.9999860976139903,0.9999834430164789,0.9999834430164789,-0.0,0.0,,1000.0,False,False,False,,[]
1711,1711,1712,True,1.0,1.0,1711.0,1712.0,1711.0,1712.0,1712.0,0.0,0.0,0.0,83.40462000000002,0.5061145424842834,0.5061145424842834,0.0,1.0,0.48417231968421093,0.48417231968421093,0.9996182360914586,0.9796182513237,0.9996182360914586,0.9999860976139903,0.9999860976139903,0.9999834430164789,0.9999834430164789,-0.0,0.0,,1000.0,False,False,False,,[]
1712,1712,1713,True,1.0,1.0,1712.0,1713.0,1712.0,1713.0,1713.0,0.0,0.0,0.0,83.40462000000002,0.5061145424842834,0.5061145424842834,0.0,1.0,0.48417231968421093,0.48417231968421093,0.9996182360914586,0.9796182513237,0.9996182360914586,0.9999860976139903,0.9999860976139903,0.9999834430164789,0.9999834430164789,-0.0,0.0,,1000.0,False,False,False,,[]
1713,1713,1714,True,1.0,1.0,1713.0,1714.0,1713.0,1714.0,1714.0,0.0,0.0,0.0,83.40462000000002,0.5061145424842834,0.5061145424842834,0.0,1.0,0.48417231968421093,0.48417231968421093,0.9996182360914586,0.9796182513237,0.9996182360914586,0.9999860976139903,0.9999860976139903,0.9999834430164789,0.9999834430164789,-0.0,0.0,,1000.0,False,False,False,,[]
1714,1714,1715,True,1.0,1.0,1714.0,1715.0,1714.0,1715.0,1715.0,0.0,0.0,0.0,83.40462000000002,0.5061145424842834,0.5061145424842834,0.0,1.0,0.48417231968421093,0.48417231968421093,0.9996182360914586,0.9796182513237,0.9996182360914586,0.9999860976139903,0.9999860976139903,0.9999834430164789,0.9999834430164789,-0.0,0.0,,1000.0,False,False,False,,[]
1715,1715,1716,True,1.0,1.0,1715.0,1716.0,1715.0,1716.0,1716.0,0.0,0.0,1.609344,330.45233520000005,0.5061145424842834,0.5061145424842834,0.0,1.0,0.48417231968421093,0.48416558499876533,0.9996182360914586,0.9796182513237,0.9996182234704524,0.9999860976139903,0.9999860967007164,0.9999834430164789,0.9999834419767377,-0.44562718530258827,-1.7456304675029575,,990.1482220787185,False,False,False,,[]
1716,1716,1717,True,1.0,1.0,1716.0,1717.0,1716.0,1717.0,1717.0,0.0,1.609344,6.9201792,898.6835622228424,0.5061145424842834,0.5061145424842834,0.0,1.0,0.48416558499876533,0.484068485822947,0.9996182234704524,0.9796182513237,0.9996180246852165,0.9999860967007164,0.99998608353711,0.9999834419767377,0.9999834269902764,-6.423112362525873,-25.168106372113414,,873.2650004722788,False,False,False,,[]
1717,1717,1718,True,1.0,1.0,1717.0,1718.0,1717.0,1718.0,1718.0,0.0,6.9201792,12.2310144,899.059283501953,0.5061146020889282,0.5061146020889282,0.0,1.0,0.484068485822947,0.48389515827458945,0.9996180246852165,0.9796180725097656,0.9996176602485145,0.99998608353711,0.9999860750120416,0.9999834269902764,0.9999833933273655,-11.462386127365331,-44.92650053426741,,798.7480755622994,False,False,False,,[]
1718,1718,1719,True,1.0,1.0,1718.0,1719.0,1718.0,1719.0,1719.0,0.0,12.2310144,17.541849600000003,899.9028841097685,0.5061147212982178,0.5061147212982178,0.0,1.0,0.48389515827458945,0.4836286171221047,0.9996176602485145,0.9796176552772522,0.9996171245646626,0.9999860750120416,0.9999860644146854,0.9999833933273655,0.9999833409451764,-17.62023294547406,-69.08746672404358,,723.0192272251444,False,False,False,,[]
1719,1719,1720,True,1.0,1.0,1719.0,1720.0,1719.0,1720.0,1720.0,0.0,17.541849600000003,22.8526848,901.2143640462863,0.5061148405075073,0.5061148405075073,0.0,1.0,0.4836286171221047,0.4833671074170039,0.9996171245646626,0.9796171188354492,0.9996165975696061,0.9999860644146854,0.9999860516562264,0.9999833409451764,0.9999833264199833,-17.28591387950704,-67.78331556212207,,745.4381814209095,False,False,False,,[]
1720,1720,1721,True,1.0,1.0,1720.0,1721.0,1720.0,1721.0,1721.0,0.0,22.8526848,27.841651200000005,853.58418027151,0.5061150193214417,0.5061150193214417,0.0,1.0,0.4833671074170039,0.48304810551727956,0.9996165975696061,0.979616641998291,0.9996159755009294,0.9999860516562264,0.9999860350561521,0.9999833264199833,0.9999833029418204,-21.08005241502681,-82.68529240855433,,703.5876615415311,False,False,False,,[]
1721,1721,1722,True,1.0,1.0,1721.0,1722.0,1721.0,1722.0,1722.0,0.0,27.841651200000005,32.18688,756.8628176280541,0.506115198135376,0.506115198135376,0.0,1.0,0.48304810551727956,0.4827178288724889,0.9996159755009294,0.9796159863471985,0.9996153359191037,0.9999860350561521,0.9999860159486487,0.9999833029418204,0.9999832848139922,-21.821446291785396,-85.60770632974189,,698.5824983786873,False,False,False,,[]
1722,1722,1723,True,1.0,1.0,1722.0,1723.0,1722.0,1723.0,1723.0,0.0,32.18688,36.21024,709.6167331368948,0.5061153769493103,0.5061153769493103,0.0,1.0,0.4827178288724889,0.4823633220853346,0.9996153359191037,0.979615330696106,0.9996146600361875,0.9999860159486487,0.9999859965380402,0.9999832848139922,0.9999832626577195,-23.41742080653781,-91.88815923038412,,683.2178654462409,False,False,False,,[]
1723,1723,1724,True,1.0,1.0,1723.0,1724.0,1723.0,1724.0,1724.0,0.0,36.21024,38.1414528,390.73717255388505,0.5061156153678894,0.5061156153678894,0.0,1.0,0.4823633220853346,0.4821542579688796,0.9996146600361875,0.9796146750450134,0.999614227485061,0.9999859965380402,0.9999859861004976,0.9999832626577195,0.9999832510660468,-13.8143987749566,-54.18941898514068,,784.7147335257055,False,False,False,,[]
1724,1724,1725,True,1.0,1.0,1724.0,1725.0,1724.0,1725.0,1725.0,0.0,38.1414528,40.5554688,466.0424526778569,0.506115734577179,0.506115734577179,0.0,1.0,0.4821542579688796,0.48188875210750326,0.999614227485061,0.9796142578125,0.9996136935834985,0.9999859861004976,0.9999859716356896,0.9999832510660468,0.999983236432364,-17.539532265337503,-68.81911926874574,,741.8427847582237,False,False,False,,[]
1725,1725,1726,True,1.0,1.0,1725.0,1726.0,1725.0,1726.0,1726.0,0.0,40.5554688,42.80855040000001,442.9133904673374,0.5061159133911133,0.5061159133911133,0.0,1.0,0.48188875210750326,0.48162122007457797,0.9996136935834985,0.979613721370697,0.9996131561965181,0.9999859716356896,0.9999859568955987,0.999983236432364,0.9999832217001603,-17.67158358209968,-69.34430293424136,,740.3332692248732,False,False,False,,[]
1726,1726,1727,True,1.0,1.0,1726.0,1727.0,1726.0,1727.0,1727.0,0.0,42.80855040000001,45.222566400000005,469.17604118465545,0.5061160326004028,0.5061160326004028,0.0,1.0,0.48162122007457797,0.4813213805789026,0.9996131561965181,0.979613184928894,0.9996125647666622,0.9999859568955987,0.9999859399721163,0.9999832217001603,0.99998320522073,-19.801748186383737,-77.71839727905305,,718.1919634883502,False,False,False,,[]
1727,1727,1728,True,1.0,1.0,1727.0,1728.0,1727.0,1728.0,1728.0,0.0,45.222566400000005,48.28032,569.7577305208608,0.5061162114143372,0.5061162114143372,0.0,1.0,0.4813213805789026,0.4809372595273715,0.9996125647666622,0.9796125888824463,0.9996118470956555,0.9999859399721163,0.9999859242645345,0.99998320522073,0.9999831797133127,-25.35837433285355,-99.56417655686778,,667.9566462399408,False,False,False,,[]
1728,1728,1729,True,1.0,1.0,1728.0,1729.0,1728.0,1729.0,1729.0,0.0,48.28032,49.567795200000006,300.3766487180163,0.5061164498329163,0.5061164498329163,0.0,1.0,0.4809372595273715,0.4807258004661127,0.9996118470956555,0.979611873626709,0.9996114100841704,0.9999859242645345,0.999985913956043,0.9999831797133127,0.9999831678504176,-13.965453507567624,-54.81018867828788,,782.8820666691588,False,False,False,,[]
1729,1729,1730,True,1.0,1.0,1729.0,1730.0,1729.0,1730.0,1730.0,0.0,49.567795200000006,50.85527040000001,301.4215362546629,0.5061165690422058,0.5061165690422058,0.0,1.0,0.4807258004661127,0.48050549397435754,0.9996114100841704,0.9796114563941956,0.9996109567135448,0.999985913956043,0.9999859030334529,0.9999831678504176,0.9999831535026787,-14.54849174625178,-57.10344266293899,,774.6450115465877,False,False,False,,[]
1730,1730,1731,True,1.0,1.0,1730.0,1731.0,1730.0,1731.0,1731.0,0.0,50.85527040000001,51.659942400000006,228.37960627174658,0.5061166882514954,0.5061166882514954,0.0,1.0,0.48050549397435754,0.4803263041598607,0.9996109567135448,0.9796109795570374,0.9996105809085422,0.9999859030334529,0.9999858918295997,0.9999831535026787,0.9999831374160146,-11.83404814636695,-46.44599991758197,,803.8192138470688,False,False,False,,[]
1731,1731,1732,True,1.0,1.0,1731.0,1732.0,1731.0,1732.0,1732.0,0.0,51.659942400000006,52.7864832,278.47335301327126,0.5061168074607849,0.5061168074607849,0.0,1.0,0.4803263041598607,0.48011440561193863,0.9996105809085422,0.9796106219291687,0.9996101430800267,0.9999858918295997,0.9999858815656052,0.9999831374160146,0.9999831231838479,-13.992164496041926,-54.92410362140185,,781.1416405271847,False,False,False,,[]
1732,1732,1733,True,1.0,1.0,1732.0,1733.0,1732.0,1733.0,1733.0,0.0,52.7864832,54.07395840000001,304.1540546481978,0.5061169862747192,0.5061169862747192,0.0,1.0,0.48011440561193863,0.4798789344580971,0.9996101430800267,0.9796101450920105,0.9996096621123743,0.9999858815656052,0.999985869663096,0.9999831231838479,0.9999831090864834,-15.54669861959984,-61.034123075722114,,763.6107160816085,False,False,False,,[]
1733,1733,1734,True,1.0,1.0,1733.0,1734.0,1733.0,1734.0,1734.0,0.0,54.07395840000001,55.522368,329.9999533463734,0.5061171054840088,0.5061171054840088,0.0,1.0,0.4798789344580971,0.4796143588816664,0.9996096621123743,0.9796096682548523,0.9996091298147892,0.999985869663096,0.9999858551529874,0.9999831090864834,0.999983092395256,-17.46554874995987,-68.57798941083153,,741.2861786156241,False,False,False,,[]
1734,1734,1735,True,1.0,1.0,1734.0,1735.0,1734.0,1735.0,1735.0,0.0,55.522368,55.68330240000001,133.67841681797782,0.5061172842979431,0.5061172842979431,0.0,1.0,0.4796143588816664,0.47949636506325183,0.9996091298147892,0.9796091318130493,0.999608883264761,0.9999858551529874,0.9999858449608896,0.999983092395256,0.9999830821215093,-7.792189927342453,-30.583997733056975,,859.7604599905991,False,False,False,,[]
1735,1735,1736,True,1.0,1.0,1735.0,1736.0,1735.0,1736.0,1736.0,0.0,55.68330240000001,56.1661056,183.23640091221512,0.5061173439025879,0.5061173439025879,0.0,1.0,0.47949636506325183,0.479336372832658,0.999608883264761,0.9796088933944702,0.9996085449607284,0.9999858449608896,0.9999858333626163,0.9999830821215093,0.9999830673693831,-10.564232806103009,-41.46998616992307,,819.5558930042024,False,False,False,,[]
1736,1736,1737,True,1.0,1.0,1736.0,1737.0,1736.0,1737.0,1737.0,0.0,56.1661056,56.0051712,84.8652158424761,0.5061174631118774,0.5061174631118774,0.0,1.0,0.479336372832658,0.4792573834617701,0.9996085449607284,0.9796085357666016,0.999608386090261,0.9999858333626163,0.9999858255644757,0.9999830673693831,0.9999830595526205,-5.2168329694119855,-20.47404493415038,,900.5023102807562,False,False,False,,[]
1737,1737,1738,True,1.0,1.0,1737.0,1738.0,1737.0,1738.0,1738.0,0.0,56.0051712,55.522368,35.305942824466335,0.5061174631118774,0.5061174631118774,0.0,1.0,0.4792573834617701,0.47922278235670474,0.999608386090261,0.979608416557312,0.9996083194547312,0.9999858255644757,0.9999858219796814,0.9999830595526205,0.9999830553452225,-2.2855636903377063,-8.968606432939588,,953.2371860835082,False,False,False,,[]
1738,1738,1739,True,1.0,1.0,1738.0,1739.0,1738.0,1739.0,1739.0,0.0,55.522368,55.84423680000001,158.38318833797845,0.5061174631118774,0.5061174631118774,0.0,1.0,0.47922278235670474,0.47908574738890863,0.9996083194547312,0.9796083569526672,0.999608027734228,0.9999858219796814,0.9999858110288222,0.9999830553452225,0.999983044341398,-9.04913915517152,-35.51946365274808,,841.6362843878463,False,False,False,,[]
1739,1739,1740,True,1.0,1.0,1739.0,1740.0,1739.0,1740.0,1740.0,0.0,55.84423680000001,57.13171200000001,306.90912920771217,0.506117582321167,0.506117582321167,0.0,1.0,0.47908574738890863,0.47883280768469805,0.999608027734228,0.9796080589294434,0.9996075156936625,0.9999858110288222,0.9999857979211761,0.999983044341398,0.999983028118734,-16.69654555600932,-65.56197133138099,,749.9208435130535,False,False,False,,[]
1740,1740,1741,True,1.0,1.0,1740.0,1741.0,1740.0,1741.0,1741.0,0.0,57.13171200000001,57.936384000000004,234.00124729693238,0.5061177611351013,0.5061177611351013,0.0,1.0,0.47883280768469805,0.4786293730489367,0.9996075156936625,0.9796075224876404,0.9996070936799142,0.9999857979211761,0.999985785780936,0.999983028118734,0.99998301118754,-13.429893199908282,-52.73025758934259,,784.4937315835289,False,False,False,,[]
1741,1741,1742,True,1.0,1.0,1741.0,1742.0,1741.0,1742.0,1742.0,0.0,57.936384000000004,57.936384000000004,111.24537344354306,0.5061178803443909,0.5061178803443909,0.0,1.0,0.4786293730489367,0.4785251923950614,0.9996070936799142,0.979607105255127,0.9996068789145361,0.999985785780936,0.9999857761519542,0.99998301118754,0.9999830016983804,-6.879412248323214,-27.003625484470163,,873.5338464251186,False,False,False,,[]
1742,1742,1743,True,1.0,1.0,1742.0,1743.0,1742.0,1743.0,1743.0,0.0,57.936384000000004,57.936384000000004,111.24537344354306,0.5061179399490356,0.5061179399490356,0.0,1.0,0.4785251923950614,0.47842101184059754,0.9996068789145361,0.9796069264411926,0.9996066641493839,0.9999857761519542,0.9999857665229717,0.9999830016983804,0.9999829922092214,-6.879412258014146,-27.00359971703667,,873.5339394288333,False,False,False,,[]
1743,1743,1744,True,1.0,1.0,1743.0,1744.0,1743.0,1744.0,1744.0,0.0,57.936384000000004,57.936384000000004,111.24537344354306,0.5061179995536804,0.5061179995536804,0.0,1.0,0.47842101184059754,0.4783168313807053,0.9996066641493839,0.9796066880226135,0.9996064493844465,0.9999857665229717,0.9999857568939885,0.9999829922092214,0.999982982720063,-6.879412267705062,-27.003575204068675,,873.5340279855253,False,False,False,,[]
1744,1744,1745,True,1.0,1.0,1744.0,1745.0,1744.0,1745.0,1745.0,0.0,57.936384000000004,57.936384000000004,111.24537344354306,0.5061180591583252,0.5061180591583252,0.0,1.0,0.4783168313807053,0.4782126510106793,0.9996064493844465,0.9796064496040344,0.9996062346197133,0.9999857568939885,0.9999857472650047,0.999982982720063,0.9999829732309053,-6.879412277395957,-27.003551910740402,,873.5341121384398,False,False,False,,[]
1745,1745,1746,True,1.0,1.0,1745.0,1746.0,1745.0,1746.0,1746.0,0.0,57.936384000000004,57.936384000000004,111.24537344354306,0.50611811876297,0.50611811876297,0.0,1.0,0.4782126510106793,0.4781084707259448,0.9996062346197133,0.9796062707901001,0.9996060198551738,0.9999857472650047,0.9999857376360202,0.9999829732309053,0.9999829637417482,-6.879412287086834,-27.00352980317502,,873.534191919555,False,False,False,,[]
1746,1746,1747,True,1.0,1.0,1746.0,1747.0,1746.0,1747.0,1747.0,0.0,57.936384000000004,58.097318400000006,135.95014496354273,0.5061181783676147,0.5061181783676147,0.0,1.0,0.4781084707259448,0.4779839115800224,0.9996060198551738,0.979606032371521,0.9996057579097939,0.9999857376360202,0.9999857269187586,0.9999829637417482,0.9999829532927053,-8.224582124489208,-32.28573062309414,,853.3005750352079,False,False,False,,[]
1747,1747,1748,True,1.0,1.0,1747.0,1748.0,1747.0,1748.0,1748.0,0.0,58.097318400000006,58.5801216,185.51457367663463,0.5061182379722595,0.5061182379722595,0.0,1.0,0.4779839115800224,0.47781852524713025,0.9996057579097939,0.9796057939529419,0.9996054089901626,0.9999857269187586,0.9999857150099077,0.9999829532927053,0.9999829404650672,-10.918884287515818,-42.868137485641,,816.3166781761767,False,False,False,,[]
1748,1748,1749,True,1.0,1.0,1748.0,1749.0,1748.0,1749.0,1749.0,0.0,58.5801216,58.741056,136.57226550345402,0.5061183571815491,0.5061183571815491,0.0,1.0,0.47781852524713025,0.4776920760166457,0.9996054089901626,0.9796054363250732,0.9996051425778293,0.9999857150099077,0.9999857041514186,0.9999829404650672,0.9999829298815005,-8.3490428017125,-32.775640541591464,,851.4025651071823,False,False,False,,[]
1749,1749,1750,True,1.0,1.0,1749.0,1750.0,1749.0,1750.0,1750.0,0.0,58.741056,58.5801216,87.31932670157458,0.5061184763908386,0.5061184763908386,0.0,1.0,0.4776920760166457,0.4776073433666835,0.9996051425778293,0.9796051383018494,0.9996049711957629,0.9999857041514186,0.9999856958281838,0.9999829298815005,0.9999829216083288,-5.595318412204182,-21.962702870210236,,894.0807057242623,False,False,False,,[]
1750,1750,1751,True,1.0,1.0,1750.0,1751.0,1750.0,1751.0,1751.0,0.0,58.5801216,57.936384000000004,13.048407903455615,0.5061184763908386,0.5061184763908386,0.0,1.0,0.4776073433666835,0.47759487136429907,0.9996049711957629,0.9796050190925598,0.999604947691297,0.9999856958281838,0.9999856952953452,0.9999829216083288,0.9999829197884845,-0.8237847394791065,-3.2327430180325867,,983.11487249763,False,False,False,,[]
1751,1751,1752,True,1.0,1.0,1751.0,1752.0,1751.0,1752.0,1752.0,0.0,57.936384000000004,56.487974400000006,-111.09757023645696,0.5061185359954834,0.5061185359954834,0.0,1.0,0.47759487136429907,0.4776606670696948,0.999604947691297,0.979604959487915,0.9996048170541599,0.9999856952953452,0.9999856857942102,0.9999829197884845,0.9999829103528421,4.3471112628503565,17.054246838570876,,1034.977278955005,False,False,False,,[]
1752,1752,1753,True,1.0,1.0,1752.0,1753.0,1752.0,1753.0,1753.0,0.0,56.487974400000006,54.878630400000006,-137.17697895773156,0.5061185359954834,0.5061185359954834,0.0,1.0,0.4776606670696948,0.47774148670015576,0.9996048170541599,0.9796048402786255,0.9996046542112046,0.9999856857942102,0.999985675466477,0.9999829103528421,0.9999828999404634,5.340442178135739,20.94844821548973,,1045.801092001834,False,False,False,,[]
1753,1753,1754,True,1.0,1.0,1753.0,1754.0,1753.0,1754.0,1754.0,0.0,54.878630400000006,53.91302400000001,-39.8444516264149,0.5061185956001282,0.5061185956001282,0.0,1.0,0.47774148670015576,0.47776223414363567,0.9996046542112046,0.9796046614646912,0.9996046147931976,0.999985675466477,0.9999856714642414,0.9999828999404634,0.9999828955047876,1.3708213156159832,5.377737349990199,,1008.4383411859459,False,False,False,,[]
1754,1754,1755,True,1.0,1.0,1754.0,1755.0,1754.0,1755.0,1755.0,0.0,53.91302400000001,50.5334016,-411.28733689529724,0.5061185956001282,0.5061185956001282,0.0,1.0,0.47776223414363567,0.47800872172733233,0.9996046147931976,0.9796046614646912,0.9996041141383818,0.9999856714642414,0.999985655722922,0.9999828955047876,0.9999828749369769,16.298443166501183,63.88958169418127,,1190.6363196750137,False,False,False,,[]
1755,1755,1756,True,1.0,1.0,1755.0,1756.0,1755.0,1756.0,1756.0,0.0,50.5334016,46.670976,-488.3294418000651,0.5061187744140625,0.5061187744140625,0.0,1.0,0.47800872172733233,0.47828268749034586,0.9996041141383818,0.9796041250228882,0.999603565757888,0.999985655722922,0.9999856401117898,0.9999828749369769,0.9999828522096833,18.119709971101866,71.0119257731061,,1220.6871628865376,False,False,False,,[]
1756,1756,1757,True,1.0,1.0,1756.0,1757.0,1756.0,1757.0,1757.0,0.0,46.670976,41.3601408,-713.7864253096753,0.506118893623352,0.506118893623352,0.0,1.0,0.47828268749034586,0.47865408547940375,0.999603565757888,0.9796035885810852,0.9996028656837239,0.9999856401117898,0.9999856246964351,0.9999828522096833,0.9999828271386558,24.575188161749036,96.26635876380595,,1353.0045593075997,False,False,False,,[]
1757,1757,1758,True,1.0,1.0,1757.0,1758.0,1757.0,1758.0,1758.0,0.0,41.3601408,37.014912,-569.435523353329,0.5061191320419312,0.5061191320419312,0.0,1.0,0.47865408547940375,0.47891113843410676,0.9996028656837239,0.9796028733253479,0.9996023464414149,0.9999856246964351,0.9999856064792256,0.9999828271386558,0.9999828093316938,17.00623863316376,66.62812585902095,,1203.5208553920445,False,False,False,,[]
1758,1758,1759,True,1.0,1.0,1758.0,1759.0,1758.0,1759.0,1759.0,0.0,37.014912,32.6696832,-572.260199796456,0.5061193108558655,0.5061193108558655,0.0,1.0,0.47891113843410676,0.47913807506734585,0.9996023464414149,0.9796023368835449,0.9996018809354081,0.9999856064792256,0.9999855872677003,0.9999828093316938,0.9999827934206894,15.01447561652453,58.82197533556487,,1169.951211005845,False,False,False,,[]
1759,1759,1760,True,1.0,1.0,1759.0,1760.0,1759.0,1760.0,1760.0,0.0,32.6696832,28.163520000000002,-599.476439283341,0.506119430065155,0.506119430065155,0.0,1.0,0.47913807506734585,0.4793486506377926,0.9996018809354081,0.9796019196510315,0.9996014455677651,0.9999855872677003,0.9999855729769014,0.9999827934206894,0.9999827788701207,13.933004334376346,54.58118785980098,,1160.3585840778117,False,False,False,,[]
1760,1760,1761,True,1.0,1.0,1760.0,1761.0,1760.0,1761.0,1761.0,0.0,28.163520000000002,23.335488,-651.1596438545641,0.5061195492744446,0.5061195492744446,0.0,1.0,0.4793486506377926,0.4795376846937636,0.9996014455677651,0.9796014428138733,0.9996010508413727,0.9999855729769014,0.9999855611018322,0.9999827788701207,0.9999827582701113,12.508241717911606,48.99762730769999,,1132.6135762639424,False,False,False,,[]
1761,1761,1762,True,1.0,1.0,1761.0,1762.0,1761.0,1762.0,1762.0,0.0,23.335488,19.312128,-529.6980642874188,0.5061196684837341,0.5061196684837341,0.0,1.0,0.4795376846937636,0.4796649107490866,0.9996010508413727,0.9796010851860046,0.9996007825885898,0.9999855611018322,0.9999855531845743,0.9999827582701113,0.9999827441346618,8.417655499686763,32.97699353972638,,1085.0083062824363,False,False,False,,[]
1762,1762,1763,True,1.0,1.0,1762.0,1763.0,1762.0,1763.0,1763.0,0.0,19.312128,14.0012928,-728.7594231107178,0.5061197876930237,0.5061197876930237,0.0,1.0,0.4796649107490866,0.47979777088772735,0.9996007825885898,0.9796007871627808,0.9996005009082402,0.9999855531845743,0.9999855446760318,0.9999827441346618,0.999982724120884,8.791200269633219,34.437347935673024,,1082.4499805574167,False,False,False,,[]
1763,1763,1764,True,1.0,1.0,1763.0,1764.0,1763.0,1764.0,1764.0,0.0,14.0012928,8.690457600000002,-730.2268628234704,0.5061198472976685,0.5061198472976685,0.0,1.0,0.47979777088772735,0.4798734477067454,0.9996005009082402,0.9796005487442017,0.9996003491927137,0.9999855446760318,0.9999855388316976,0.999982724120884,0.9999826917250859,5.006899786468264,19.615431489471245,,1022.7721592671427,False,False,False,,[]
1764,1764,1765,True,1.0,1.0,1764.0,1765.0,1764.0,1765.0,1765.0,0.0,8.690457600000002,3.3796224000000006,-731.2264232075206,0.5061199069023132,0.5061199069023132,0.0,1.0,0.4798734477067454,0.47990252504979825,0.9996003491927137,0.9796003699302673,0.9996002934967398,0.9999855388316976,0.9999855236748124,0.9999826917250859,0.999982674469693,1.9236069775113682,7.536847319297265,,991.1740584683097,False,False,False,,[]
1765,1765,1766,True,1.0,1.0,1765.0,1766.0,1765.0,1766.0,1766.0,0.0,3.3796224000000006,0.0,-435.3008460228659,0.5061199069023132,0.5061199069023132,0.0,1.0,0.47990252504979825,0.4799073720533657,0.9996002934967398,0.9796003103256226,0.9996002844300657,0.9999855236748124,0.999985521148392,0.999982674469693,0.9999826715934835,0.320635799093373,1.25634332468669,,998.5398414302751,False,False,False,,[]
1766,1766,1767,True,1.0,1.0,1766.0,1767.0,1766.0,1767.0,1767.0,0.0,0.0,0.0,83.40462000000002,0.5061199069023132,0.5061199069023132,0.0,1.0,0.4799073720533657,0.4799073720533657,0.9996002844300657,0.9796003103256226,0.9996002844300657,0.999985521148392,0.999985521148392,0.9999826715934835,0.9999826715934835,-0.0,0.0,,1000.0,False,False,False,,[]
1767,1767,1768,True,1.0,1.0,1767.0,1768.0,1767.0,1768.0,1768.0,0.0,0.0,0.0,83.40462000000002,0.5061199069023132,0.5061199069023132,0.0,1.0,0.4799073720533657,0.4799073720533657,0.9996002844300657,0.9796003103256226,0.9996002844300657,0.999985521148392,0.999985521148392,0.9999826715934835,0.9999826715934835,-0.0,0.0,,1000.0,False,False,False,,[]
1768,1768,1769,True,1.0,1.0,1768.0,1769.0,1768.0,1769.0,1769.0,0.0,0.0,0.0,83.40462000000002,0.5061199069023132,0.5061199069023132,0.0,1.0,0.4799073720533657,0.4799073720533657,0.9996002844300657,0.9796003103256226,0.9996002844300657,0.999985521148392,0.999985521148392,0.9999826715934835,0.9999826715934835,-0.0,0.0,,1000.0,False,False,False,,[]
1769,1769,1770,True,1.0,1.0,1769.0,1770.0,1769.0,1770.0,1770.0,0.0,0.0,0.0,83.40462000000002,0.5061199069023132,0.5061199069023132,0.0,1.0,0.4799073720533657,0.4799073720533657,0.9996002844300657,0.9796003103256226,0.9996002844300657,0.999985521148392,0.999985521148392,0.9999826715934835,0.9999826715934835,-0.0,0.0,,1000.0,False,False,False,,[]
1770,1770,1771,True,1.0,1.0,1770.0,1771.0,1770.0,1771.0,1771.0,0.0,0.0,0.0,83.40462000000002,0.5061199069023132,0.5061199069023132,0.0,1.0,0.4799073720533657,0.4799073720533657,0.9996002844300657,0.9796003103256226,0.9996002844300657,0.999985521148392,0.999985521148392,0.9999826715934835,0.9999826715934835,-0.0,0.0,,1000.0,False,False,False,,[]
1771,1771,1772,True,1.0,1.0,1771.0,1772.0,1771.0,1772.0,1772.0,0.0,0.0,4.184294400000001,725.7286795200001,0.5061199069023132,0.5061199069023132,0.0,1.0,0.4799073720533657,0.47986890329710025,0.9996002844300657,0.9796003103256226,0.9996002100652976,0.999985521148392,0.9999855159335104,0.9999826715934835,0.9999826656565889,-2.5445470501382026,-9.971101624008652,,946.0227699715771,False,False,False,,[]
1772,1772,1773,True,1.0,1.0,1772.0,1773.0,1772.0,1773.0,1773.0,0.0,4.184294400000001,9.495129600000002,898.8072989048137,0.5061199069023132,0.5061199069023132,0.0,1.0,0.47986890329710025,0.47971308776573746,0.9996002100652976,0.9796002507209778,0.9995998800223277,0.9999855159335104,0.9999854948189357,0.9999826656565889,0.9999826416186499,-10.302636279548922,-40.3873857292348,,810.3909350183717,False,False,False,,[]
1773,1773,1774,True,1.0,1.0,1773.0,1774.0,1773.0,1774.0,1774.0,0.0,9.495129600000002,14.8059648,899.4098707675385,0.5061200261116028,0.5061200261116028,0.0,1.0,0.47971308776573746,0.47949016181558657,0.9995998800223277,0.9795998930931091,0.999599421844408,0.9999854948189357,0.9999854818510641,0.9999826416186499,0.9999825988873402,-14.735998456660349,-57.78240627910511,,755.0344241010027,False,False,False,,[]
1774,1774,1775,True,1.0,1.0,1774.0,1775.0,1774.0,1775.0,1775.0,0.0,14.8059648,20.1168,900.4803219589674,0.5061202049255371,0.5061202049255371,0.0,1.0,0.47949016181558657,0.4792475808287807,0.999599421844408,0.9795994162559509,0.9995989281356037,0.9999854818510641,0.9999854667526397,0.9999825988873402,0.9999825755808717,-16.032809526193297,-62.87699178008024,,751.6780685766633,False,False,False,,[]
1775,1775,1776,True,1.0,1.0,1775.0,1776.0,1775.0,1776.0,1776.0,0.0,20.1168,25.427635200000005,902.0186524791005,0.5061203241348267,0.5061203241348267,0.0,1.0,0.4792475808287807,0.4789485365992818,0.9995989281356037,0.9795989394187927,0.99959833800058,0.9999854667526397,0.9999854523546103,0.9999825755808717,0.9999825554276169,-19.759187005682527,-77.5122642861176,,718.0766378517006,False,False,False,,[]
1776,1776,1777,True,1.0,1.0,1776.0,1777.0,1776.0,1777.0,1777.0,0.0,25.427635200000005,30.738470400000004,904.024862327937,0.506120502948761,0.506120502948761,0.0,1.0,0.4789485365992818,0.47857141218782384,0.99959833800058,0.979598343372345,0.9995976299390488,0.9999854523546103,0.9999854310001648,0.9999825554276169,0.9999825275123443,-24.90918857171727,-97.75064744990728,,667.9133122720441,False,False,False,,[]
1777,1777,1778,True,1.0,1.0,1777.0,1778.0,1777.0,1778.0,1778.0,0.0,30.738470400000004,36.0493056,906.4989515054768,0.5061206817626953,0.5061206817626953,0.0,1.0,0.47857141218782384,0.478124375436176,0.9995976299390488,0.9795976281166077,0.9995968335759426,0.9999854310001648,0.9999854093529098,0.9999825275123443,0.9999824926507099,-29.515951737194328,-115.87192602712274,,631.6393380972727,False,False,False,,[]
1778,1778,1779,True,1.0,1.0,1778.0,1779.0,1778.0,1779.0,1779.0,0.0,36.0493056,40.2336,736.5075193717228,0.5061209201812744,0.5061209201812744,0.0,1.0,0.478124375436176,0.47772110015307284,0.9995968335759426,0.9795968532562256,0.9995960904553661,0.9999854093529098,0.9999853903483791,0.9999824926507099,0.9999824702340828,-26.625492160727802,-104.52895338033383,,658.3241640365594,False,False,False,,[]
1779,1779,1780,True,1.0,1.0,1779.0,1780.0,1779.0,1780.0,1780.0,0.0,40.2336,41.19920640000001,245.059538396401,0.5061211585998535,0.5061211585998535,0.0,1.0,0.47772110015307284,0.47756330338893577,0.9995960904553661,0.9795961380004883,0.9995957564892669,0.9999853903483791,0.9999853798811414,0.9999824702340828,0.9999824533103834,-10.424696860096367,-40.9009212643241,,820.6243842661675,False,False,False,,[]
1780,1780,1781,True,1.0,1.0,1780.0,1781.0,1780.0,1781.0,1781.0,0.0,41.19920640000001,44.25696000000001,566.8737635842901,0.5061212778091431,0.5061212778091431,0.0,1.0,0.47756330338893577,0.47721454174624023,0.9995957564892669,0.9795957803726196,0.9995950890455528,0.9999853798811414,0.9999853625953028,0.9999824533103834,0.99998243398201,-23.025819951801402,-90.39901778668805,,688.6482138511535,False,False,False,,[]
1781,1781,1782,True,1.0,1.0,1781.0,1782.0,1781.0,1782.0,1782.0,0.0,44.25696000000001,46.670976,470.2220028244431,0.5061214566230774,0.5061214566230774,0.0,1.0,0.47721454174624023,0.47690304473347034,0.9995950890455528,0.9795951247215271,0.9995944788470489,0.9999853625953028,0.9999853461176785,0.99998243398201,0.9999824146854741,-20.565403625567754,-80.74002570996097,,710.0805042541,False,False,False,,[]
1782,1782,1783,True,1.0,1.0,1782.0,1783.0,1782.0,1783.0,1783.0,0.0,46.670976,48.28032,348.51875005032457,0.5061216354370117,0.5061216354370117,0.0,1.0,0.47690304473347034,0.4766629532340599,0.9995944788470489,0.9795944690704346,0.9995939895849512,0.9999853461176785,0.9999853332163638,0.9999824146854741,0.9999824008856723,-15.853039687803449,-62.23171664718423,,760.0408084535271,False,False,False,,[]
1783,1783,1784,True,1.0,1.0,1783.0,1784.0,1783.0,1784.0,1784.0,0.0,48.28032,48.441254400000005,127.44324807801569,0.506121814250946,0.506121814250946,0.0,1.0,0.4766629532340599,0.4765603517764777,0.9995939895849512,0.9795939922332764,0.9995937784015447,0.9999853332163638,0.9999853243257687,0.9999824008856723,0.9999823891148366,-6.777153006517918,-26.594297805305146,,873.8346755844536,False,False,False,,[]
1784,1784,1785,True,1.0,1.0,1784.0,1785.0,1784.0,1785.0,1785.0,0.0,48.441254400000005,48.28032,78.16281223569821,0.5061218738555908,0.5061218738555908,0.0,1.0,0.4765603517764777,0.476494223242382,0.9995937784015447,0.979593813419342,0.9995936470608204,0.9999853243257687,0.9999853179940419,0.9999823891148366,0.9999823806325628,-4.368474755413365,-17.14051603760749,,914.0127789077862,False,False,False,,[]
1785,1785,1786,True,1.0,1.0,1785.0,1786.0,1785.0,1786.0,1786.0,0.0,48.28032,47.797516800000004,28.624161998016007,0.5061218738555908,0.5061218738555908,0.0,1.0,0.476494223242382,0.4764692287323105,0.9995936470608204,0.9795936942100525,0.9995935993761162,0.9999853179940419,0.9999853153288986,0.9999823806325628,0.999982377340696,-1.6513771604354388,-6.478577010526468,,965.5119230787307,False,False,False,,[]
1786,1786,1787,True,1.0,1.0,1786.0,1787.0,1786.0,1787.0,1787.0,0.0,47.797516800000004,47.1537792,3.5346467325108306,0.5061219334602356,0.5061219334602356,0.0,1.0,0.4764692287323105,0.47646647658966146,0.9995935993761162,0.9795936346054077,0.9995935942385717,0.9999853153288986,0.9999853152112733,0.999982377340696,0.999982376938967,-0.1818508362048873,-0.7133553746308691,,996.229022771115,False,False,False,,[]
1787,1787,1788,True,1.0,1.0,1787.0,1788.0,1787.0,1788.0,1788.0,0.0,47.1537792,46.349107200000006,-21.677101470564736,0.5061219334602356,0.5061219334602356,0.0,1.0,0.47646647658966146,0.4764757942610459,0.9995935942385717,0.9795936346054077,0.9995935767327924,0.9999853152112733,0.9999853132323834,0.999982376938967,0.999982374512846,0.6157218014481676,2.415140422855192,,1003.1721130178742,False,False,False,,[]
1788,1788,1789,True,1.0,1.0,1788.0,1789.0,1788.0,1789.0,1789.0,0.0,46.349107200000006,45.061632,-96.41546995613278,0.5061219334602356,0.5061219334602356,0.0,1.0,0.4764757942610459,0.47651873828415536,0.9995935767327924,0.9795935750007629,0.9995934933525497,0.9999853132323834,0.9999853061825026,0.999982374512846,0.9999823651909759,2.8382280086846396,11.131090789974458,,1018.5729110607821,False,False,False,,[]
1789,1789,1790,True,1.0,1.0,1789.0,1790.0,1789.0,1790.0,1790.0,0.0,45.061632,40.2336,-640.8965883316839,0.5061219334602356,0.5061219334602356,0.0,1.0,0.47651873828415536,0.4768386945423314,0.9995934933525497,0.9795935153961182,0.9995928697865077,0.9999853061825026,0.9999852893075591,0.9999823651909759,0.9999823433798704,21.166103909193282,82.93266211922405,,1280.2681065017375,False,False,False,,[]
1790,1790,1791,True,1.0,1.0,1790.0,1791.0,1790.0,1791.0,1791.0,0.0,40.2336,34.9227648,-718.4265508836,0.5061221122741699,0.5061221122741699,0.0,1.0,0.4768386945423314,0.47715226717461384,0.9995928697865077,0.9795928597450256,0.999592256288257,0.9999852893075591,0.9999852700599106,0.9999823433798704,0.9999823218365347,20.747045746121433,81.27802628761155,,1268.121170880415,False,False,False,,[]
1791,1791,1792,True,1.0,1.0,1791.0,1792.0,1791.0,1792.0,1792.0,0.0,34.9227648,29.6119296,-721.7371515882177,0.506122350692749,0.506122350692749,0.0,1.0,0.47715226717461384,0.47741481558480087,0.999592256288257,0.9795922636985779,0.9995917274939092,0.9999852700599106,0.9999852504711247,0.9999823218365347,0.9999822967959151,17.371232232529202,68.05254792047597,,1197.6615466935405,False,False,False,,[]
1792,1792,1793,True,1.0,1.0,1792.0,1793.0,1792.0,1793.0,1793.0,0.0,29.6119296,24.3010944,-724.5798729641313,0.5061224699020386,0.5061224699020386,0.0,1.0,0.47741481558480087,0.4776409476136458,0.9995917274939092,0.9795917272567749,0.9995912634548693,0.9999852504711247,0.9999852357665744,0.9999822967959151,0.9999822812095641,14.962174935416144,58.613421876608825,,1175.6921742106176,False,False,False,,[]
1793,1793,1794,True,1.0,1.0,1793.0,1794.0,1793.0,1794.0,1794.0,0.0,24.3010944,18.990259200000004,-726.9547150113403,0.5061225891113281,0.5061225891113281,0.0,1.0,0.4776409476136458,0.47782388775078927,0.9995912634548693,0.9795913100242615,0.9995908804162794,0.9999852357665744,0.9999852247369003,0.9999822812095641,0.9999822686529395,12.104174468747368,47.418083547590356,,1137.721117969281,False,False,False,,[]
1794,1794,1795,True,1.0,1.0,1794.0,1795.0,1794.0,1795.0,1795.0,0.0,18.990259200000004,13.679424000000001,-728.8616777298467,0.5061227083206177,0.5061227083206177,0.0,1.0,0.47782388775078927,0.4779518011836626,0.9995908804162794,0.979590892791748,0.9995906105327597,0.9999852247369003,0.9999852163915552,0.9999822686529395,0.9999822460021159,8.4627223199739,33.15516180076968,,1075.1866316331505,False,False,False,,[]
1795,1795,1796,True,1.0,1.0,1795.0,1796.0,1795.0,1796.0,1796.0,0.0,13.679424000000001,8.368588800000001,-730.3007611196481,0.5061228275299072,0.5061228275299072,0.0,1.0,0.4779518011836626,0.478025381519866,0.9995906105327597,0.979590654373169,0.9995904633224508,0.9999852163915552,0.9999852107483537,0.9999822460021159,0.9999822145223523,4.867578641006932,19.07202314392697,,1022.2193064641264,False,False,False,,[]
1796,1796,1797,True,1.0,1.0,1796.0,1797.0,1796.0,1797.0,1797.0,0.0,8.368588800000001,3.0577536,-731.2719651807461,0.5061228275299072,0.5061228275299072,0.0,1.0,0.478025381519866,0.4780529131299952,0.9995904633224508,0.9795904755592346,0.999590410666922,0.9999852107483537,0.9999851963988593,0.9999822145223523,0.9999821981863263,1.821128021134531,7.136193345483053,,991.6508324081404,False,False,False,,[]
1797,1797,1798,True,1.0,1.0,1797.0,1798.0,1797.0,1798.0,1798.0,0.0,3.0577536,0.0,-385.90848863313954,0.506122887134552,0.506122887134552,0.0,1.0,0.4780529131299952,0.47805680136987666,0.999590410666922,0.9795904159545898,0.9995904034005039,0.9999851963988593,0.9999851943724026,0.9999821981863263,0.9999821958793293,0.2571823358539128,1.0078317772774148,,998.8295161101239,False,False,False,,[]
1798,1798,1799,True,1.0,1.0,1798.0,1799.0,1798.0,1799.0,1799.0,0.0,0.0,0.0,83.40462000000002,0.506122887134552,0.506122887134552,0.0,1.0,0.47805680136987666,0.47805680136987666,0.9995904034005039,0.9795904159545898,0.9995904034005039,0.9999851943724026,0.9999851943724026,0.9999821958793293,0.9999821958793293,-0.0,0.0,,1000.0,False,False,False,,[]
1799,1799,1800,True,1.0,1.0,1799.0,1800.0,1799.0,1800.0,1800.0,0.0,0.0,0.0,83.40462000000002,0.506122887134552,0.506122887134552,0.0,1.0,0.47805680136987666,0.47805680136987666,0.9995904034005039,0.9795904159545898,0.9995904034005039,0.9999851943724026,0.9999851943724026,0.9999821958793293,0.9999821958793293,-0.0,0.0,,1000.0,False,False,False,,[]
1800,1800,1801,True,1.0,1.0,1800.0,1801.0,1800.0,1801.0,1801.0,0.0,0.0,0.0,83.40462000000002,0.506122887134552,0.506122887134552,0.0,1.0,0.47805680136987666,0.47805680136987666,0.9995904034005039,0.9795904159545898,0.9995904034005039,0.9999851943724026,0.9999851943724026,0.9999821958793293,0.9999821958793293,-0.0,0.0,,1000.0,False,False,False,,[]
1801,1801,1802,True,1.0,1.0,1801.0,1802.0,1801.0,1802.0,1802.0,0.0,0.0,0.0,83.40462000000002,0.506122887134552,0.506122887134552,0.0,1.0,0.47805680136987666,0.47805680136987666,0.9995904034005039,0.9795904159545898,0.9995904034005039,0.9999851943724026,0.9999851943724026,0.9999821958793293,0.9999821958793293,-0.0,0.0,,1000.0,False,False,False,,[]
1802,1802,1803,True,1.0,1.0,1802.0,1803.0,1802.0,1803.0,1803.0,0.0,0.0,0.0,83.40462000000002,0.506122887134552,0.506122887134552,0.0,1.0,0.47805680136987666,0.47805680136987666,0.9995904034005039,0.9795904159545898,0.9995904034005039,0.9999851943724026,0.9999851943724026,0.9999821958793293,0.9999821958793293,-0.0,0.0,,1000.0,False,False,False,,[]
1803,1803,1804,True,1.0,1.0,1803.0,1804.0,1803.0,1804.0,1804.0,0.0,0.0,0.0,83.40462000000002,0.506122887134552,0.506122887134552,0.0,1.0,0.47805680136987666,0.47805680136987666,0.9995904034005039,0.9795904159545898,0.9995904034005039,0.9999851943724026,0.9999851943724026,0.9999821958793293,0.9999821958793293,-0.0,0.0,,1000.0,False,False,False,,[]
1804,1804,1805,True,1.0,1.0,1804.0,1805.0,1804.0,1805.0,1805.0,0.0,0.0,0.0,83.40462000000002,0.506122887134552,0.506122887134552,0.0,1.0,0.47805680136987666,0.47805680136987666,0.9995904034005039,0.9795904159545898,0.9995904034005039,0.9999851943724026,0.9999851943724026,0.9999821958793293,0.9999821958793293,-0.0,0.0,,1000.0,False,False,False,,[]
1805,1805,1806,True,1.0,1.0,1805.0,1806.0,1805.0,1806.0,1806.0,0.0,0.0,0.0,83.40462000000002,0.506122887134552,0.506122887134552,0.0,1.0,0.47805680136987666,0.47805680136987666,0.9995904034005039,0.9795904159545898,0.9995904034005039,0.9999851943724026,0.9999851943724026,0.9999821958793293,0.9999821958793293,-0.0,0.0,,1000.0,False,False,False,,[]
1806,1806,1807,True,1.0,1.0,1806.0,1807.0,1806.0,1807.0,1807.0,0.0,0.0,0.0,83.40462000000002,0.506122887134552,0.506122887134552,0.0,1.0,0.47805680136987666,0.47805680136987666,0.9995904034005039,0.9795904159545898,0.9995904034005039,0.9999851943724026,0.9999851943724026,0.9999821958793293,0.9999821958793293,-0.0,0.0,,1000.0,False,False,False,,[]
1807,1807,1808,True,1.0,1.0,1807.0,1808.0,1807.0,1808.0,1808.0,0.0,0.0,0.0,83.40462000000002,0.506122887134552,0.506122887134552,0.0,1.0,0.47805680136987666,0.47805680136987666,0.9995904034005039,0.9795904159545898,0.9995904034005039,0.9999851943724026,0.9999851943724026,0.9999821958793293,0.9999821958793293,-0.0,0.0,,1000.0,False,False,False,,[]
1808,1808,1809,True,1.0,1.0,1808.0,1809.0,1808.0,1809.0,1809.0,0.0,0.0,0.0,83.40462000000002,0.506122887134552,0.506122887134552,0.0,1.0,0.47805680136987666,0.47805680136987666,0.9995904034005039,0.9795904159545898,0.9995904034005039,0.9999851943724026,0.9999851943724026,0.9999821958793293,0.9999821958793293,-0.0,0.0,,1000.0,False,False,False,,[]
1809,1809,1810,True,1.0,1.0,1809.0,1810.0,1809.0,1810.0,1810.0,0.0,0.0,0.0,83.40462000000002,0.506122887134552,0.506122887134552,0.0,1.0,0.47805680136987666,0.47805680136987666,0.9995904034005039,0.9795904159545898,0.9995904034005039,0.9999851943724026,0.9999851943724026,0.9999821958793293,0.9999821958793293,-0.0,0.0,,1000.0,False,False,False,,[]
1810,1810,1811,True,1.0,1.0,1810.0,1811.0,1810.0,1811.0,1811.0,0.0,0.0,0.0,83.40462000000002,0.506122887134552,0.506122887134552,0.0,1.0,0.47805680136987666,0.47805680136987666,0.9995904034005039,0.9795904159545898,0.9995904034005039,0.9999851943724026,0.9999851943724026,0.9999821958793293,0.9999821958793293,-0.0,0.0,,1000.0,False,False,False,,[]
1811,1811,1812,True,1.0,1.0,1811.0,1812.0,1811.0,1812.0,1812.0,0.0,0.0,0.0,83.40462000000002,0.506122887134552,0.506122887134552,0.0,1.0,0.47805680136987666,0.47805680136987666,0.9995904034005039,0.9795904159545898,0.9995904034005039,0.9999851943724026,0.9999851943724026,0.9999821958793293,0.9999821958793293,-0.0,0.0,,1000.0,False,False,False,,[]
1812,1812,1813,True,1.0,1.0,1812.0,1813.0,1812.0,1813.0,1813.0,0.0,0.0,0.0,83.40462000000002,0.506122887134552,0.506122887134552,0.0,1.0,0.47805680136987666,0.47805680136987666,0.9995904034005039,0.9795904159545898,0.9995904034005039,0.9999851943724026,0.9999851943724026,0.9999821958793293,0.9999821958793293,-0.0,0.0,,1000.0,False,False,False,,[]
1813,1813,1814,True,1.0,1.0,1813.0,1814.0,1813.0,1814.0,1814.0,0.0,0.0,0.0,83.40462000000002,0.506122887134552,0.506122887134552,0.0,1.0,0.47805680136987666,0.47805680136987666,0.9995904034005039,0.9795904159545898,0.9995904034005039,0.9999851943724026,0.9999851943724026,0.9999821958793293,0.9999821958793293,-0.0,0.0,,1000.0,False,False,False,,[]
1814,1814,1815,True,1.0,1.0,1814.0,1815.0,1814.0,1815.0,1815.0,0.0,0.0,0.0,83.40462000000002,0.506122887134552,0.506122887134552,0.0,1.0,0.47805680136987666,0.47805680136987666,0.9995904034005039,0.9795904159545898,0.9995904034005039,0.9999851943724026,0.9999851943724026,0.9999821958793293,0.9999821958793293,-0.0,0.0,,1000.0,False,False,False,,[]
1815,1815,1816,True,1.0,1.0,1815.0,1816.0,1815.0,1816.0,1816.0,0.0,0.0,0.0,83.40462000000002,0.506122887134552,0.506122887134552,0.0,1.0,0.47805680136987666,0.47805680136987666,0.9995904034005039,0.9795904159545898,0.9995904034005039,0.9999851943724026,0.9999851943724026,0.9999821958793293,0.9999821958793293,-0.0,0.0,,1000.0,False,False,False,,[]
1816,1816,1817,True,1.0,1.0,1816.0,1817.0,1816.0,1817.0,1817.0,0.0,0.0,5.3108352,898.6620801600001,0.506122887134552,0.506122887134552,0.0,1.0,0.47805680136987666,0.47799633779390477,0.9995904034005039,0.9795904159545898,0.999590283974872,0.9999851943724026,0.9999851861762558,0.9999821958793293,0.9999821865485171,-3.9992007777936562,-15.672158891909072,,917.487505972168,False,False,False,,[]
1817,1817,1818,True,1.0,1.0,1817.0,1818.0,1817.0,1818.0,1818.0,0.0,5.3108352,10.6216704,898.8960198243519,0.506122887134552,0.506122887134552,0.0,1.0,0.47799633779390477,0.4778148270676932,0.999590283974872,0.9795902967453003,0.9995899036896861,0.9999851861762558,0.9999851615814142,0.9999821865485171,0.9999821585487936,-12.000725548574822,-47.047580234046535,,786.0808290601608,False,False,False,,[]
1818,1818,1819,True,1.0,1.0,1818.0,1819.0,1818.0,1819.0,1819.0,0.0,10.6216704,15.932505600000002,899.5978388174084,0.5061230063438416,0.5061230063438416,0.0,1.0,0.4778148270676932,0.4775779330643423,0.9995899036896861,0.9795899391174316,0.9995894201619966,0.9999851615814142,0.9999851527939897,0.9999821585487936,0.999982111846164,-15.658552969316098,-61.40292566854555,,745.8585312061783,False,False,False,,[]
1819,1819,1820,True,1.0,1.0,1819.0,1820.0,1819.0,1820.0,1820.0,0.0,15.932505600000002,21.2433408,900.7675371391676,0.5061231851577759,0.5061231851577759,0.0,1.0,0.4775779330643423,0.47732101855771947,0.9995894201619966,0.9795894622802734,0.9995889011613674,0.9999851527939897,0.9999851354738105,0.999982111846164,0.9999820895634676,-16.979191426483613,-66.5922401166364,,741.6101026969023,False,False,False,,[]
1820,1820,1821,True,1.0,1.0,1820.0,1821.0,1820.0,1821.0,1821.0,0.0,21.2433408,26.554176000000002,902.4051147896324,0.5061233043670654,0.5061233043670654,0.0,1.0,0.47732101855771947,0.4770110359376357,0.9995889011613674,0.9795889258384705,0.9995882933784591,0.9999851354738105,0.9999851203569483,0.9999820895634676,0.9999820723538729,-20.480875420020602,-80.34749512571324,,712.7139927110064,False,False,False,,[]
1821,1821,1822,True,1.0,1.0,1821.0,1822.0,1821.0,1822.0,1822.0,0.0,26.554176000000002,31.865011200000005,904.5105717688,0.5061234831809998,0.5061234831809998,0.0,1.0,0.4770110359376357,0.47662677864441216,0.9995882933784591,0.9795883297920227,0.9995875755219782,0.9999851203569483,0.9999850981338132,0.9999820723538729,0.9999820512708559,-25.379197337878992,-99.59949040354705,,666.9560840669653,False,False,False,,[]
1822,1822,1823,True,1.0,1.0,1822.0,1823.0,1822.0,1823.0,1823.0,0.0,31.865011200000005,37.175846400000005,907.083908076672,0.5061237215995789,0.5061237215995789,0.0,1.0,0.47662677864441216,0.4761783755012281,0.9995875755219782,0.9795876145362854,0.9995867776100493,0.9999850981338132,0.999985077926909,0.9999820512708559,0.9999820262836882,-29.60532309206918,-116.22609471330286,,635.570972123409,False,False,False,,[]
1823,1823,1824,True,1.0,1.0,1823.0,1824.0,1823.0,1824.0,1824.0,0.0,37.175846400000005,42.4866816,910.1251237132469,0.506123960018158,0.506123960018158,0.0,1.0,0.4761783755012281,0.4756646663740677,0.9995867776100493,0.9795867800712585,0.9995859141457948,0.999985077926909,0.9999850595901666,0.9999820262836882,0.9999819973556907,-33.90404162378218,-133.1534057599798,,607.0464891036693,False,False,False,,[]
1824,1824,1825,True,1.0,1.0,1824.0,1825.0,1824.0,1825.0,1825.0,0.0,42.4866816,44.739763200000006,444.24355979852896,0.5061241984367371,0.5061241984367371,0.0,1.0,0.4756646663740677,0.47538307036972494,0.9995859141457948,0.9795859456062317,0.9995853528744678,0.9999850595901666,0.9999850435018568,0.9999819973556907,0.9999819818948792,-18.594759713906313,-72.98968432563458,,730.3149493448293,False,False,False,,[]
1825,1825,1826,True,1.0,1.0,1825.0,1826.0,1825.0,1826.0,1826.0,0.0,44.739763200000006,46.831910400000005,421.16884720699653,0.5061243772506714,0.5061243772506714,0.0,1.0,0.47538307036972494,0.4751011134357261,0.9995853528744678,0.9795853495597839,0.9995847909973699,0.9999850435018568,0.999985027337485,0.9999819818948792,0.9999819650277847,-18.616831090953276,-73.08323729250696,,729.3009210186116,False,False,False,,[]
1826,1826,1827,True,1.0,1.0,1826.0,1827.0,1826.0,1827.0,1827.0,0.0,46.831910400000005,50.69433600000001,694.5103621154374,0.5061245560646057,0.5061245560646057,0.0,1.0,0.4751011134357261,0.4746161430534105,0.9995847909973699,0.979584813117981,0.999583954298628,0.999985027337485,0.9999850107204274,0.9999819650277847,0.9999819325979942,-31.997817845483063,-125.7043230961998,,618.1665151444696,False,False,False,,[]
1827,1827,1828,True,1.0,1.0,1827.0,1828.0,1827.0,1828.0,1828.0,0.0,50.69433600000001,53.108352000000004,475.2917696552127,0.5061247944831848,0.5061247944831848,0.0,1.0,0.4746161430534105,0.47426013659964145,0.999583954298628,0.9795839786529541,0.9995832762302813,0.9999850107204274,0.9999849960363673,0.9999819325979942,0.9999819089762159,-23.494253709104974,-92.27687281692958,,683.938799222987,False,False,False,,[]
1828,1828,1829,True,1.0,1.0,1828.0,1829.0,1828.0,1829.0,1829.0,0.0,53.108352000000004,54.07395840000001,255.02721555520037,0.5061249732971191,0.5061249732971191,0.0,1.0,0.47426013659964145,0.4740564095049768,0.9995832762302813,0.9795833230018616,0.9995828536672831,0.9999849960363673,0.9999849847828486,0.9999819089762159,0.9999818931218982,-13.4496295061473,-52.80606293707119,,785.489661547635,False,False,False,,[]
1829,1829,1830,True,1.0,1.0,1829.0,1830.0,1829.0,1830.0,1830.0,0.0,54.07395840000001,56.0051712,404.11426790637336,0.5061251521110535,0.5061251521110535,0.0,1.0,0.4740564095049768,0.473732149847222,0.9995828536672831,0.9795828461647034,0.9995822233835255,0.9999849847828486,0.9999849686957705,0.9999818931218982,0.999981871823225,-21.397811565035948,-84.04810329003732,,701.9150703871728,False,False,False,,[]
1830,1830,1831,True,1.0,1.0,1830.0,1831.0,1830.0,1831.0,1831.0,0.0,56.0051712,56.487974400000006,183.53457194446736,0.5061253309249878,0.5061253309249878,0.0,1.0,0.473732149847222,0.4735751033154322,0.9995822233835255,0.9795822501182556,0.9995818909020505,0.9999849686957705,0.9999849570547631,0.999981871823225,0.9999818605832606,-10.367906023980089,-40.70646103992849,,824.2829462604262,False,False,False,,[]
1831,1831,1832,True,1.0,1.0,1831.0,1832.0,1831.0,1832.0,1832.0,0.0,56.487974400000006,57.29264640000001,233.39459384226848,0.5061254501342773,0.5061254501342773,0.0,1.0,0.4735751033154322,0.47337388316047607,0.9995818909020505,0.979581892490387,0.9995814730536182,0.9999849570547631,0.9999849449548417,0.9999818605832606,0.9999818435305552,-13.28203118210058,-52.15626416462134,,786.066113501252,False,False,False,,[]
1832,1832,1833,True,1.0,1.0,1832.0,1833.0,1832.0,1833.0,1833.0,0.0,57.29264640000001,58.097318400000006,234.15398476374068,0.5061255693435669,0.5061255693435669,0.0,1.0,0.47337388316047607,0.4731730416676598,0.9995814730536182,0.9795814752578735,0.9995810559185627,0.9999849449548417,0.9999849328049852,0.9999818435305552,0.9999818295500196,-13.25651716534141,-52.058114937977045,,788.2174789247738,False,False,False,,[]
1833,1833,1834,True,1.0,1.0,1833.0,1834.0,1833.0,1834.0,1834.0,0.0,58.097318400000006,57.936384000000004,86.69548759663594,0.5061256885528564,0.5061256885528564,0.0,1.0,0.4731730416676598,0.47308977640788624,0.9995810559185627,0.9795810580253601,0.999580887746056,0.9999849328049852,0.9999849246146452,0.9999818295500196,0.9999818214074396,-5.497736627368812,-21.582355333298477,,895.7239148765011,False,False,False,,[]
1834,1834,1835,True,1.0,1.0,1834.0,1835.0,1834.0,1835.0,1835.0,0.0,57.936384000000004,58.097318400000006,135.95014496354273,0.5061257481575012,0.5061257481575012,0.0,1.0,0.47308977640788624,0.47296519763237194,0.999580887746056,0.9795808792114258,0.9995806257543645,0.9999849246146452,0.9999849138973111,0.9999818214074396,0.9999818109584586,-8.224583365782838,-32.29081861330623,,853.2829029360066,False,False,False,,[]
1835,1835,1836,True,1.0,1.0,1835.0,1836.0,1835.0,1836.0,1836.0,0.0,58.097318400000006,58.25825280000001,136.10503063663728,0.506125807762146,0.506125807762146,0.0,1.0,0.47296519763237194,0.4728380272435276,0.9995806257543645,0.9795806407928467,0.9995803576335541,0.9999849138973111,0.9999849031447158,0.9999818109584586,0.9999817986970404,-8.395574541608898,-32.96256478846306,,849.6202104693185,False,False,False,,[]
1836,1836,1837,True,1.0,1.0,1836.0,1837.0,1836.0,1837.0,1837.0,0.0,58.25825280000001,57.936384000000004,62.1460313909837,0.5061258673667908,0.5061258673667908,0.0,1.0,0.4728380272435276,0.47277678978040766,0.9995803576335541,0.9795804023742676,0.9995802365877611,0.9999849031447158,0.9999848967803721,0.9999817986970404,0.9999817923228455,-4.043613123357557,-15.872750440684792,,920.7419941095591,False,False,False,,[]
1837,1837,1838,True,1.0,1.0,1837.0,1838.0,1837.0,1838.0,1838.0,0.0,57.936384000000004,57.45358080000001,37.13105888354403,0.5061259269714355,0.5061259269714355,0.0,1.0,0.47277678978040766,0.47273935219866337,0.9995802365877611,0.979580283164978,0.9995801642893473,0.9999848967803721,0.999984892942196,0.9999817923228455,0.999981787822698,-2.472312462698177,-9.703821188124142,,949.6624335830488,False,False,False,,[]
1838,1838,1839,True,1.0,1.0,1838.0,1839.0,1838.0,1839.0,1839.0,0.0,57.45358080000001,57.936384000000004,184.8976088318055,0.5061259269714355,0.5061259269714355,0.0,1.0,0.47273935219866337,0.4725761906994605,0.9995801642893473,0.9795801639556885,0.9995798197408532,0.999984892942196,0.9999848811139352,0.999981787822698,0.9999817751694117,-10.770997798110225,-42.291460593382396,,818.2650535465974,False,False,False,,[]
1839,1839,1840,True,1.0,1.0,1839.0,1840.0,1839.0,1840.0,1840.0,0.0,57.936384000000004,57.936384000000004,111.24537344354306,0.5061260461807251,0.5061260461807251,0.0,1.0,0.4725761906994605,0.4724719967764208,0.9995798197408532,0.9795798659324646,0.999579604945333,0.9999848811139352,0.9999848714848614,0.9999817751694117,0.9999817656803381,-6.879413575808134,-27.007064851885836,,873.5214168122949,False,False,False,,[]
1840,1840,1841,True,1.0,1.0,1840.0,1841.0,1840.0,1841.0,1841.0,0.0,57.936384000000004,57.29264640000001,12.42628736354337,0.5061261057853699,0.5061261057853699,0.0,1.0,0.4724719967764208,0.4724602495907388,0.999579604945333,0.9795796275138855,0.9995795828225332,0.9999848714848614,0.9999848709830269,0.9999817656803381,0.9999817639664367,-0.7758383389302503,-3.044870528776022,,984.0822708857735,False,False,False,,[]
1841,1841,1842,True,1.0,1.0,1841.0,1842.0,1841.0,1842.0,1842.0,0.0,57.29264640000001,57.13171200000001,85.92535564374165,0.5061261057853699,0.5061261057853699,0.0,1.0,0.4724602495907388,0.47237877382529964,0.9995795828225332,0.9795796275138855,0.9995794185521283,0.9999848709830269,0.9999848629573056,0.9999817639664367,0.999981755952968,-5.380096438703453,-21.118518401825597,,897.712810605732,False,False,False,,[]
1842,1842,1843,True,1.0,1.0,1842.0,1843.0,1842.0,1843.0,1843.0,0.0,57.13171200000001,56.9707776,85.77261817693135,0.5061261653900146,0.5061261653900146,0.0,1.0,0.47237877382529964,0.47229766083345065,0.9995794185521283,0.9795794486999512,0.999579255071171,0.9999848629573056,0.999984854964295,0.999981755952968,0.9999817479719224,-5.356216343311505,-21.024487487263485,,898.1214627495426,False,False,False,,[]
1843,1843,1844,True,1.0,1.0,1843.0,1844.0,1843.0,1844.0,1844.0,0.0,56.9707776,56.64890880000001,60.915538831383124,0.5061262249946594,0.5061262249946594,0.0,1.0,0.47229766083345065,0.47223875770844737,0.999579255071171,0.9795792698860168,0.999579138905157,0.999984854964295,0.999984848840902,0.9999817479719224,0.9999817417296997,-3.8899313807911584,-15.26769000085254,,923.4588012944051,False,False,False,,[]
1844,1844,1845,True,1.0,1.0,1844.0,1845.0,1844.0,1845.0,1845.0,0.0,56.64890880000001,56.64890880000001,110.02175514404908,0.5061262845993042,0.5061262845993042,0.0,1.0,0.47223875770844737,0.47213652861506084,0.999579138905157,0.9795791506767273,0.9995789285648186,0.999984848840902,0.999984839487625,0.9999817417296997,0.9999817314091834,-6.75038334685528,-26.49778100578623,,874.9389245088673,False,False,False,,[]
1845,1845,1846,True,1.0,1.0,1845.0,1846.0,1845.0,1846.0,1846.0,0.0,56.64890880000001,56.64890880000001,110.02175514404908,0.5061262845993042,0.5061262845993042,0.0,1.0,0.47213652861506084,0.47203429974582267,0.9995789285648186,0.979578971862793,0.9995787182249873,0.999984839487625,0.9999848301343479,0.9999817314091834,0.9999817210886672,-6.75038334685528,-26.497722906535802,,874.9391349302956,False,False,False,,[]
1846,1846,1847,True,1.0,1.0,1846.0,1847.0,1846.0,1847.0,1847.0,0.0,56.64890880000001,56.64890880000001,110.02175514404908,0.5061264038085938,0.5061264038085938,0.0,1.0,0.47203429974582267,0.4719320710931769,0.9995787182249873,0.9795787334442139,0.9995785078856464,0.9999848301343479,0.9999848207810695,0.9999817210886672,0.999981710768153,-6.750383307236013,-26.497666765779528,,874.9393387771945,False,False,False,,[]
1847,1847,1848,True,1.0,1.0,1847.0,1848.0,1847.0,1848.0,1848.0,0.0,56.64890880000001,56.64890880000001,110.02175514404908,0.5061264038085938,0.5061264038085938,0.0,1.0,0.4719320710931769,0.4718298426485931,0.9995785078856464,0.9795785546302795,0.9995782975467763,0.9999848207810695,0.9999848114277912,0.999981710768153,0.9999817004476388,-6.750383307236013,-26.497612836126812,,874.939534096704,False,False,False,,[]
1848,1848,1849,True,1.0,1.0,1848.0,1849.0,1848.0,1849.0,1849.0,0.0,56.64890880000001,56.64890880000001,110.02175514404908,0.5061265230178833,0.5061265230178833,0.0,1.0,0.4718298426485931,0.47172761440496064,0.9995782975467763,0.9795783162117004,0.999578087208361,0.9999848114277912,0.9999848020745115,0.9999817004476388,0.9999816901271266,-6.750383267616689,-26.497560749534856,,874.939723259049,False,False,False,,[]
1849,1849,1850,True,1.0,1.0,1849.0,1850.0,1849.0,1850.0,1850.0,0.0,56.64890880000001,56.327040000000004,60.61221210404776,0.5061265826225281,0.5061265826225281,0.0,1.0,0.47172761440496064,0.4716694454657254,0.999578087208361,0.9795780777931213,0.9995779725726387,0.9999848020745115,0.9999847960104429,0.9999816901271266,0.9999816840385106,-3.8415796636836874,-15.077389049764633,,924.3979338050005,False,False,False,,[]
1850,1850,1851,True,1.0,1.0,1850.0,1851.0,1850.0,1851.0,1851.0,0.0,56.327040000000004,56.487974400000006,134.42491850174466,0.5061265826225281,0.5061265826225281,0.0,1.0,0.4716694454657254,0.4715492633003886,0.9995779725726387,0.9795780181884766,0.9995777209118472,0.9999847960104429,0.9999847856439982,0.9999816840385106,0.999981673693851,-7.935662060473629,-31.15121725530817,,857.5892822758877,False,False,False,,[]
1851,1851,1852,True,1.0,1.0,1851.0,1852.0,1851.0,1852.0,1852.0,0.0,56.487974400000006,56.64890880000001,134.57550776226878,0.5061267018318176,0.5061267018318176,0.0,1.0,0.4715492633003886,0.471426685081585,0.9995777209118472,0.9795777201652527,0.9995774636313784,0.9999847856439982,0.9999847752426043,0.999981673693851,0.9999816617086427,-8.093757542222447,-31.772274313904944,,854.1950048629852,False,False,False,,[]
1852,1852,1853,True,1.0,1.0,1852.0,1853.0,1852.0,1853.0,1853.0,0.0,56.64890880000001,57.13171200000001,184.13606970404908,0.5061267614364624,0.5061267614364624,0.0,1.0,0.471426685081585,0.471263368817278,0.9995774636313784,0.9795774817466736,0.9995771187784825,0.9999847752426043,0.9999847635173854,0.9999816617086427,0.9999816467007577,-10.782193965392068,-42.331575708378786,,816.63674742058,False,False,False,,[]
1853,1853,1854,True,1.0,1.0,1853.0,1854.0,1853.0,1854.0,1854.0,0.0,57.13171200000001,56.64890880000001,36.36307513693298,0.506126880645752,0.506126880645752,0.0,1.0,0.471263368817278,0.47122713126267574,0.9995771187784825,0.9795771241188049,0.9995770488796334,0.9999847635173854,0.9999847597858516,0.9999816467007577,0.9999816423234884,-2.393312556070876,-9.392774152902826,,951.1704813199449,False,False,False,,[]
1854,1854,1855,True,1.0,1.0,1854.0,1855.0,1854.0,1855.0,1855.0,0.0,56.64890880000001,56.327040000000004,60.61221210404776,0.506126880645752,0.506126880645752,0.0,1.0,0.47122713126267574,0.47116896307927986,0.9995770488796334,0.9795770645141602,0.9995769342454853,0.9999847597858516,0.9999847537217801,0.9999816423234884,0.9999816362348755,-3.841579696088508,-15.077193136207715,,924.3987142993952,False,False,False,,[]
1855,1855,1856,True,1.0,1.0,1855.0,1856.0,1855.0,1856.0,1856.0,0.0,56.327040000000004,56.327040000000004,109.72014698174402,0.5061269402503967,0.5061269402503967,0.0,1.0,0.47116896307927986,0.4710687611390626,0.9995769342454853,0.9795769453048706,0.9995767284845425,0.9999847537217801,0.9999847444369326,0.9999816362348755,0.9999816269470192,-6.616862252211458,-25.972342904320694,,877.6928530116032,False,False,False,,[]
1856,1856,1857,True,1.0,1.0,1856.0,1857.0,1856.0,1857.0,1857.0,0.0,56.327040000000004,56.327040000000004,109.72014698174402,0.5061269998550415,0.5061269998550415,0.0,1.0,0.4710687611390626,0.4709685593679864,0.9995767284845425,0.9795767664909363,0.999576522723981,0.9999847444369326,0.9999847351520845,0.9999816269470192,0.9999816176591636,-6.616862258209087,-25.97229906295374,,877.6930126865303,False,False,False,,[]
1857,1857,1858,True,1.0,1.0,1857.0,1858.0,1857.0,1858.0,1858.0,0.0,56.327040000000004,56.0051712,60.310603941743686,0.5061270594596863,0.5061270594596863,0.0,1.0,0.4709685593679864,0.47091099498167627,0.999576522723981,0.9795765280723572,0.9995764093467466,0.9999847351520845,0.9999847291469758,0.9999816176591636,0.9999816116296393,-3.801803609652252,-14.920688931577008,,925.1235159191647,False,False,False,,[]
1858,1858,1859,True,1.0,1.0,1858.0,1859.0,1858.0,1859.0,1859.0,0.0,56.0051712,55.68330240000001,60.010714344467985,0.5061270594596863,0.5061270594596863,0.0,1.0,0.47091099498167627,0.4708540226374819,0.9995764093467466,0.9795764088630676,0.9995762972005533,0.9999847291469758,0.9999847232004687,0.9999816116296393,0.9999816056535489,-3.762787536741188,-14.767231615180773,,925.8320045618254,False,False,False,,[]
1859,1859,1860,True,1.0,1.0,1859.0,1860.0,1859.0,1860.0,1860.0,0.0,55.68330240000001,55.522368,84.41731483221442,0.506127119064331,0.506127119064331,0.0,1.0,0.4708540226374819,0.4707760574963435,0.9995762972005533,0.9795762896537781,0.999576140547149,0.9999847232004687,0.9999847154986482,0.9999816056535489,0.9999815979069793,-5.149039104340906,-20.208564583070242,,901.6491302191001,False,False,False,,[]
1860,1860,1861,True,1.0,1.0,1860.0,1861.0,1860.0,1861.0,1861.0,0.0,55.522368,53.91302400000001,-138.07406990202256,0.506127119064331,0.506127119064331,0.0,1.0,0.4707760574963435,0.47085544827941694,0.999576140547149,0.9795761704444885,0.9995759808066098,0.9999847154986482,0.999984705320657,0.9999815979069793,0.9999815868787717,5.245849011719909,20.578090972639803,,1044.0707814087232,False,False,False,,[]
1861,1861,1862,True,1.0,1.0,1861.0,1862.0,1861.0,1862.0,1862.0,0.0,53.91302400000001,51.499008,-263.0587077752972,0.5061271786689758,0.5061271786689758,0.0,1.0,0.47085544827941694,0.47101071156039037,0.9995759808066098,0.9795759916305542,0.9995756518586054,0.999984705320657,0.9999846944631475,0.9999815868787717,0.9999815695322809,10.262578887759112,40.24424242830965,,1103.9531771925429,False,False,False,,[]
1862,1862,1863,True,1.0,1.0,1862.0,1863.0,1862.0,1863.0,1863.0,0.0,51.499008,48.441254400000005,-363.98840652954595,0.5061272978782654,0.5061272978782654,0.0,1.0,0.47101071156039037,0.4712187408595145,0.9995756518586054,0.9795756936073303,0.9995752212389089,0.9999846944631475,0.9999846791639913,0.9999815695322809,0.9999815535128733,13.75419742119485,53.92119433297137,,1154.2662609682304,False,False,False,,[]
1863,1863,1864,True,1.0,1.0,1863.0,1864.0,1863.0,1864.0,1864.0,0.0,48.441254400000005,45.061632,-415.9326181643022,0.5061274170875549,0.5061274170875549,0.0,1.0,0.4712187408595145,0.4714416702302783,0.9995752212389089,0.9795752167701721,0.9995747630547225,0.9999846791639913,0.9999846633949768,0.9999815535128733,0.9999815364074319,14.742026480452003,57.78329290196798,,1168.5471461209186,False,False,False,,[]
1864,1864,1865,True,1.0,1.0,1864.0,1865.0,1864.0,1865.0,1865.0,0.0,45.061632,41.038272000000006,-517.3727307316835,0.5061275362968445,0.5061275362968445,0.0,1.0,0.4714416702302783,0.4716989705520747,0.9995747630547225,0.9795747995376587,0.9995742433807265,0.9999846633949768,0.9999846459376435,0.9999815364074319,0.9999815186342069,17.019107882643166,66.69224340964408,,1204.9678857139238,False,False,False,,[]
1865,1865,1866,True,1.0,1.0,1865.0,1866.0,1865.0,1866.0,1866.0,0.0,41.038272000000006,36.21024,-643.7698142368346,0.5061277151107788,0.5061277151107788,0.0,1.0,0.4716989705520747,0.47198686116354716,0.9995742433807265,0.9795742630958557,0.9995736715970571,0.9999846459376435,0.9999846272138918,0.9999815186342069,0.9999814987924277,19.04713537385135,74.62124649365826,,1237.848526333087,False,False,False,,[]
1866,1866,1867,True,1.0,1.0,1866.0,1867.0,1866.0,1867.0,1867.0,0.0,36.21024,31.865011200000005,-572.7489167261151,0.5061278939247131,0.5061278939247131,0.0,1.0,0.47198686116354716,0.4722040118223021,0.9995736715970571,0.979573667049408,0.9995732240401349,0.9999846272138918,0.9999846083895715,0.9999814987924277,0.999981477340992,14.365937784178792,56.28545074927619,,1152.2319793992885,False,False,False,,[]
1867,1867,1868,True,1.0,1.0,1867.0,1868.0,1867.0,1868.0,1868.0,0.0,31.865011200000005,26.554176000000002,-723.4310122433283,0.5061280131340027,0.5061280131340027,0.0,1.0,0.4722040118223021,0.4724473165686813,0.9995732240401349,0.9795732498168945,0.9995727290415201,0.9999846083895715,0.9999845910620656,0.999981477340992,0.999981460478869,16.09946480038551,63.06459026149014,,1189.9311681404488,False,False,False,,[]
1868,1868,1869,True,1.0,1.0,1868.0,1869.0,1868.0,1869.0,1869.0,0.0,26.554176000000002,21.2433408,-726.0043485512006,0.506128191947937,0.506128191947937,0.0,1.0,0.4724473165686813,0.47264901934390324,0.9995727290415201,0.9795727729797363,0.9995723102843396,0.9999845910620656,0.999984578900107,0.999981460478869,0.9999814466335165,13.346617325672716,52.281359337530745,,1154.4941083090425,False,False,False,,[]
1869,1869,1870,True,1.0,1.0,1869.0,1870.0,1869.0,1870.0,1870.0,0.0,21.2433408,16.576243200000004,-629.2907194503675,0.5061283111572266,0.5061283111572266,0.0,1.0,0.47264901934390324,0.4727873683479023,0.9995723102843396,0.9795723557472229,0.9995720153876717,0.999984578900107,0.9999845705589337,0.9999814466335165,0.9999814371378067,9.153658932566774,35.86006183656221,,1100.1371867401301,False,False,False,,[]
1870,1870,1871,True,1.0,1.0,1870.0,1871.0,1870.0,1871.0,1871.0,0.0,16.576243200000004,11.587276800000001,-680.164265073067,0.5061283707618713,0.5061283707618713,0.0,1.0,0.4727873683479023,0.4728698072768276,0.9995720153876717,0.979572057723999,0.9995718490186645,0.9999845705589337,0.9999845583851658,0.9999814371378067,0.9999813996874354,5.453904202427699,21.36817037744036,,1016.443916704962,False,False,False,,[]
1871,1871,1872,True,1.0,1.0,1871.0,1872.0,1871.0,1872.0,1872.0,0.0,11.587276800000001,6.437376,-706.0344385022585,0.5061284303665161,0.5061284303665161,0.0,1.0,0.4728698072768276,0.4729204794457929,0.9995718490186645,0.9795718789100647,0.9995717498868004,0.9999845583851658,0.9999845459045464,0.9999813996874354,0.9999813748075643,3.3521455807310674,13.134226195814431,,1003.4100813269279,False,False,False,,[]
1872,1872,1873,True,1.0,1.0,1872.0,1873.0,1872.0,1873.0,1873.0,0.0,6.437376,1.609344,-657.3948125945243,0.5061284899711609,0.5061284899711609,0.0,1.0,0.4729204794457929,0.4729379086037813,0.9995717498868004,0.9795717597007751,0.9995717168805125,0.9999845459045464,0.9999845368200583,0.9999813748075643,0.9999813644656618,1.1529208175488512,4.51763775060037,,994.7300579011022,False,False,False,,[]
1873,1873,1874,True,1.0,1.0,1873.0,1874.0,1873.0,1874.0,1874.0,0.0,1.609344,0.0,-163.62161313715777,0.5061284899711609,0.5061284899711609,0.0,1.0,0.4729379086037813,0.4729387762343554,0.9995717168805125,0.9795717597007751,0.9995717152638519,0.9999845368200583,0.9999845363678433,0.9999813644656618,0.9999813639508544,0.05739101081197823,0.2248898447938304,,999.7390102980576,True,False,False,,[]
