attempt,cycle_index_before,cycle_index_after,completed_step,dt_requested_s,dt_completed_s,time_before_s,time_after_s,original_cycle_time_before_s,original_cycle_time_after_s,original_cycle_time_target_s,slope_rad,velocity_before_kmh,target_velocity_kmh,wheel_torque_nm,normalized_action,sigma_tor,sigma_min,sigma_max,soc_before,soc_after,battery_soh_before,observed_battery_soh,battery_soh_after,motor1_soh_before,motor1_soh_after,motor2_soh_before,motor2_soh_after,battery_power_kw,battery_current_a,predicted_motor_power_kw,reward,terminated,truncated,constraint_violation,constraint_stage,violated_constraints
0,0,1,True,1.0,1.0,0.0,1.0,0.0,1.0,1.0,0.0,0.0,0.0,83.40462000000002,0.5059999823570251,0.5059999823570251,0.0,1.0,0.6,0.6,1.0,0.9800000190734863,1.0,1.0,1.0,1.0,1.0,-0.0,0.0,,1000.0,False,False,False,,[]
1,1,2,True,1.0,1.0,1.0,2.0,1.0,2.0,2.0,0.0,0.0,0.0,83.40462000000002,0.5059999823570251,0.5059999823570251,0.0,1.0,0.6,0.6,1.0,0.9800000190734863,1.0,1.0,1.0,1.0,1.0,-0.0,0.0,,1000.0,False,False,False,,[]
2,2,3,True,1.0,1.0,2.0,3.0,2.0,3.0,3.0,0.0,0.0,3.218688,577.5000504000001,0.5059999823570251,0.5059999823570251,0.0,1.0,0.6,0.5999764792536644,1.0,0.9800000190734863,0.9999999551916011,1.0,0.999999996808639,1.0,0.9999999963650439,-1.5575603169280001,-6.096577450188263,,966.3442557163016,False,False,False,,[]
3,3,4,True,1.0,1.0,3.0,4.0,3.0,4.0,4.0,0.0,3.218688,7.885785600000001,799.9289223313693,0.5060000419616699,0.5060000419616699,0.0,1.0,0.5999764792536644,0.5998640458617576,0.9999999551916011,0.9799999594688416,0.9999997215346359,0.999999996808639,0.9999999815577751,0.9999999963650439,0.999999978994333,-7.443262610947832,-29.14273518224454,,855.8561411077128,False,False,False,,[]
4,4,5,True,1.0,1.0,4.0,5.0,4.0,5.0,5.0,0.0,7.885785600000001,13.0356864,874.473092968842,0.5060001015663147,0.5060001015663147,0.0,1.0,0.5998640458617576,0.5996832030846608,0.9999997215346359,0.9799997210502625,0.9999993425376228,0.9999999815577751,0.9999999751473367,0.999999978994333,0.9999999432170914,-11.968930701204268,-46.8744478234656,,793.0653361882629,False,False,False,,[]
5,5,6,True,1.0,1.0,5.0,6.0,5.0,6.0,6.0,0.0,13.0356864,18.185587200000004,875.3667467830801,0.5060001611709595,0.5060001611709595,0.0,1.0,0.5996832030846608,0.5994311441925599,0.9999993425376228,0.9799993634223938,0.9999988320450048,0.9999999751473367,0.9999999593678351,0.9999999432170914,0.9999998996877273,-16.677331495482946,-65.33366483256395,,733.9896563320302,False,False,False,,[]
6,6,7,True,1.0,1.0,6.0,7.0,6.0,7.0,7.0,0.0,18.185587200000004,23.335488,876.7003532443251,0.5060003399848938,0.5060003399848938,0.0,1.0,0.5994311441925599,0.5991593457287172,0.9999988320450048,0.9799988269805908,0.9999982873552495,0.9999999593678351,0.9999999466131713,0.9999998996877273,0.9999998753092345,-17.98043094603935,-70.45016182804291,,733.4601458363605,False,False,False,,[]
7,7,8,True,1.0,1.0,7.0,8.0,7.0,8.0,8.0,0.0,23.335488,27.841651200000005,779.6548262725818,0.5060005187988281,0.5060005187988281,0.0,1.0,0.5991593457287172,0.5988647523219672,0.9999982873552495,0.9799982905387878,0.9999977045006183,0.9999999466131713,0.9999999316714194,0.9999998753092345,0.9999998526020631,-19.484893770871412,-76.35861102960278,,719.1513934356325,False,False,False,,[]
8,8,9,True,1.0,1.0,8.0,9.0,8.0,9.0,9.0,0.0,27.841651200000005,31.543142400000004,658.0437315480544,0.5060006976127625,0.5060006976127625,0.0,1.0,0.5988647523219672,0.5985785758844022,0.9999977045006183,0.9799976944923401,0.9999971355686881,0.9999999316714194,0.9999999132940859,0.9999998526020631,0.9999998370064818,-18.926510233434055,-74.17693261685133,,726.1939750936916,False,False,False,,[]
9,9,10,True,1.0,1.0,9.0,10.0,9.0,10.0,10.0,0.0,31.543142400000004,35.083699200000005,635.1621427014746,0.5060008764266968,0.5060008764266968,0.0,1.0,0.5985785758844022,0.5982604623545765,0.9999971355686881,0.9799971580505371,0.9999965148963075,0.9999999132940859,0.9999998958653126,0.9999998370064818,0.9999998096015863,-21.034300858925366,-82.45502693083132,,701.7472765689515,False,False,False,,[]
10,10,11,True,1.0,1.0,10.0,11.0,10.0,11.0,11.0,0.0,35.083699200000005,38.624256,637.1187289851459,0.5060010552406311,0.5060010552406311,0.0,1.0,0.5982604623545765,0.5979203314543624,0.9999965148963075,0.9799965620040894,0.9999958603280901,0.9999998958653126,0.9999998769918688,0.9999998096015863,0.9999997908600158,-22.485898076538287,-88.16192933549,,692.9033425874726,False,False,False,,[]
11,11,12,True,1.0,1.0,11.0,12.0,11.0,12.0,12.0,0.0,38.624256,41.521075200000006,540.4641755571303,0.5060012340545654,0.5060012340545654,0.0,1.0,0.5979203314543624,0.5976061373099335,0.9999958603280901,0.9799959063529968,0.9999952458442758,0.9999998769918688,0.9999998592064666,0.9999997908600158,0.9999997735731512,-20.770328231155123,-81.43912223596959,,708.8605047849768,False,False,False,,[]
12,12,13,True,1.0,1.0,12.0,13.0,12.0,13.0,13.0,0.0,41.521075200000006,43.613222400000005,418.8659700703084,0.5060014128684998,0.5060014128684998,0.0,1.0,0.5976061373099335,0.5973482258332364,0.9999952458442758,0.9799952507019043,0.9999947251044303,0.9999998592064666,0.9999998451802256,0.9999997735731512,0.9999997593416547,-17.050798266593073,-66.850654759895,,747.2483334503405,False,False,False,,[]
13,13,14,True,1.0,1.0,13.0,14.0,13.0,14.0,14.0,0.0,43.613222400000005,45.061632,321.5242054519695,0.5060015916824341,0.5060015916824341,0.0,1.0,0.5973482258332364,0.5971433470184137,0.9999947251044303,0.9799947738647461,0.9999943003803854,0.9999998451802256,0.9999998351812357,0.9999997593416547,0.9999997478538746,-13.545871147055248,-53.10458880206541,,788.1226826408122,False,False,False,,[]
14,14,15,True,1.0,1.0,14.0,15.0,14.0,15.0,15.0,0.0,45.061632,46.670976,347.2942724683159,0.5060017108917236,0.5060017108917236,0.0,1.0,0.5971433470184137,0.5969132022267403,0.9999943003803854,0.9799942970275879,0.9999938290410768,0.9999998351812357,0.9999998232311881,0.9999997478538746,0.9999997347362753,-15.214243947655689,-59.65353000173155,,767.8448863622446,False,False,False,,[]
15,15,16,True,1.0,1.0,15.0,16.0,15.0,16.0,16.0,0.0,46.670976,48.28032,348.51875005032457,0.5060018301010132,0.5060018301010132,0.0,1.0,0.5969132022267403,0.5966733723626927,0.9999938290410768,0.9799938201904297,0.9999933402472255,0.9999998232311881,0.9999998103352746,0.9999997347362753,0.9999997209319874,-15.85291708082533,-62.163900761141406,,760.2195647712409,False,False,False,,[]
16,16,17,True,1.0,1.0,16.0,17.0,16.0,17.0,17.0,0.0,48.28032,49.406860800000004,275.6718771980157,0.5060020089149475,0.5060020089149475,0.0,1.0,0.5966733723626927,0.5964774373134453,0.9999933402472255,0.9799933433532715,0.9999929323853762,0.9999998103352746,0.9999997999821885,0.9999997209319874,0.99999970875794,-12.952305306020378,-50.78636476493297,,794.1245155339118,False,False,False,,[]
17,17,18,True,1.0,1.0,17.0,18.0,17.0,18.0,18.0,0.0,49.406860800000004,50.69433600000001,301.2894215681831,0.5060021281242371,0.5060021281242371,0.0,1.0,0.5964774373134453,0.5962595652726143,0.9999929323853762,0.9799929261207581,0.9999924834974026,0.9999997999821885,0.9999997891078977,0.99999970875794,0.9999996958625045,-14.400719368116913,-56.47243298341209,,777.2842928070036,False,False,False,,[]
18,18,19,True,1.0,1.0,18.0,19.0,18.0,19.0,19.0,0.0,50.69433600000001,51.82087680000001,277.6535974952133,0.5060022473335266,0.5060022473335266,0.0,1.0,0.5962595652726143,0.5960493096858178,0.9999924834974026,0.9799925088882446,0.999992048725583,0.9999997891078977,0.9999997789211394,0.9999996958625045,0.9999996792039398,-13.896805187637053,-54.498248097633365,,780.8973201680639,False,False,False,,[]
19,19,20,True,1.0,1.0,19.0,20.0,19.0,20.0,20.0,0.0,51.82087680000001,52.9474176,278.6114826773469,0.5060023665428162,0.5060023665428162,0.0,1.0,0.5960493096858178,0.5958392015168339,0.999992048725583,0.9799920916557312,0.9999916142283432,0.9999997789211394,0.9999997686282367,0.9999996792039398,0.9999996672323848,-13.886312163784245,-54.46003740062114,,783.808184087059,False,False,False,,[]
20,20,21,True,1.0,1.0,20.0,21.0,20.0,21.0,21.0,0.0,52.9474176,53.91302400000001,254.88564876107,0.5060025453567505,0.5060025453567505,0.0,1.0,0.5958392015168339,0.5956396891930683,0.9999916142283432,0.979991614818573,0.9999911995999756,0.9999997686282367,0.9999997574035716,0.9999996672323848,0.9999996545294147,-13.185760973089568,-51.713594320032584,,790.5745828592362,False,False,False,,[]
21,21,22,True,1.0,1.0,21.0,22.0,21.0,22.0,22.0,0.0,53.91302400000001,54.878630400000006,255.7414941447039,0.50600266456604,0.50600266456604,0.0,1.0,0.5956396891930683,0.5954312553951561,0.9999911995999756,0.9799911975860596,0.9999907682250047,0.9999997574035716,0.9999997459973837,0.9999996545294147,0.9999996371871429,-13.77434338574024,-54.02604041886746,,781.0548859403776,False,False,False,,[]
22,22,23,True,1.0,1.0,22.0,23.0,22.0,23.0,23.0,0.0,54.878630400000006,55.68330240000001,231.90803509358548,0.5060027837753296,0.5060027837753296,0.0,1.0,0.5954312553951561,0.5952364708504013,0.9999907682250047,0.9799907803535461,0.9999903625455691,0.9999997459973837,0.9999997340104492,0.9999996371871429,0.9999996204138116,-12.872245902526391,-50.48815400044301,,791.0686738321742,False,False,False,,[]
23,23,24,True,1.0,1.0,23.0,24.0,23.0,24.0,24.0,0.0,55.68330240000001,56.1661056,183.23640091221512,0.5060029029846191,0.5060029029846191,0.0,1.0,0.5952364708504013,0.5950766209030885,0.9999903625455691,0.9799903631210327,0.9999900245223673,0.9999997340104492,0.9999997224129588,0.9999996204138116,0.9999996056595533,-10.564320612094118,-41.433106343457524,,819.6694327742078,False,False,False,,[]
24,24,25,True,1.0,1.0,24.0,25.0,24.0,25.0,25.0,0.0,56.1661056,56.487974400000006,158.97953040247708,0.5060029625892639,0.5060029625892639,0.0,1.0,0.5950766209030885,0.5949379142061358,0.9999900245223673,0.9799900650978088,0.999989728759787,0.9999997224129588,0.9999997113695898,0.9999996056595533,0.9999995946753399,-9.167348125294113,-35.952775850127466,,840.116901149163,False,False,False,,[]
25,25,26,True,1.0,1.0,25.0,26.0,25.0,26.0,26.0,0.0,56.487974400000006,57.45358080000001,258.0993653622691,0.5060030817985535,0.5060030817985535,0.0,1.0,0.5949379142061358,0.5947202050676036,0.999989728759787,0.979989767074585,0.9999892801722816,0.9999997113695898,0.9999996994871841,0.9999995946753399,0.9999995785566402,-14.384913414077696,-56.430208707569726,,774.852026002027,False,False,False,,[]
26,26,27,True,1.0,1.0,26.0,27.0,26.0,27.0,27.0,0.0,57.45358080000001,57.7754496,160.19283731180585,0.506003201007843,0.506003201007843,0.0,1.0,0.5947202050676036,0.5945756228790381,0.9999892801722816,0.9799892902374268,0.9999889725230835,0.9999996994871841,0.9999996881716544,0.9999995785566402,0.9999995657495715,-9.554845139467586,-37.47570327618632,,833.7017552739466,False,False,False,,[]
27,27,28,True,1.0,1.0,27.0,28.0,27.0,28.0,28.0,0.0,57.7754496,57.6145152,86.38614589170571,0.5060033202171326,0.5060033202171326,0.0,1.0,0.5945756228790381,0.594493178790634,0.9999889725230835,0.9799889922142029,0.9999888061428243,0.9999996881716544,0.9999996800487717,0.9999995657495715,0.9999995576704878,-5.449360148264067,-21.36950771434767,,896.6325416533949,False,False,False,,[]
28,28,29,True,1.0,1.0,28.0,29.0,28.0,29.0,29.0,0.0,57.6145152,56.809843199999996,-12.586966578871854,0.5060033798217773,0.5060033798217773,0.0,1.0,0.594493178790634,0.5945006373056976,0.9999888061428243,0.9799888134002686,0.9999887921554382,0.9999996800487717,0.9999996795441204,0.9999995576704878,0.9999995559461194,0.4931340770269841,1.933247104480804,,1003.8454879545355,False,False,False,,[]
29,29,30,True,1.0,1.0,29.0,30.0,29.0,30.0,30.0,0.0,56.809843199999996,56.1661056,11.354117607088142,0.5060033798217773,0.5060033798217773,0.0,1.0,0.5945006373056976,0.5944901246833065,0.9999887921554382,0.9799888134002686,0.9999887723815165,0.9999996795441204,0.9999996790946601,0.9999995559461194,0.9999995544103365,-0.6950573937177499,-2.7248717237633233,,985.7312855639678,False,False,False,,[]
30,30,31,True,1.0,1.0,30.0,31.0,30.0,31.0,31.0,0.0,56.1661056,55.522368,10.750901282476095,0.5060033798217773,0.5060033798217773,0.0,1.0,0.5944901246833065,0.5944802843935265,0.9999887723815165,0.9799888134002686,0.9999887538844019,0.9999996790946601,0.9999996786739286,0.9999995544103365,0.9999995529727179,-0.6506306399952297,-2.550603110982534,,986.6327527801171,False,False,False,,[]
31,31,32,True,1.0,1.0,31.0,32.0,31.0,32.0,32.0,0.0,55.522368,55.68330240000001,133.67841681797782,0.5060033798217773,0.5060033798217773,0.0,1.0,0.5944802843935265,0.5943623977212659,0.9999887538844019,0.9799887537956238,0.9999885075840753,0.9999996786739286,0.9999996684829009,0.9999995529727179,0.9999995426978499,-7.7921856817102215,-30.55622544995033,,859.858091961248,False,False,False,,[]
32,32,33,True,1.0,1.0,32.0,33.0,32.0,33.0,33.0,0.0,55.68330240000001,56.0051712,158.53162939221443,0.5060034394264221,0.5060034394264221,0.0,1.0,0.5943623977212659,0.5942234901460947,0.9999885075840753,0.9799885153770447,0.999988211342552,0.9999996684829009,0.9999996575096379,0.9999995426978499,0.9999995303499248,-9.180944439520772,-36.00484348437348,,839.029704931834,False,False,False,,[]
33,33,34,True,1.0,1.0,33.0,34.0,33.0,34.0,34.0,0.0,56.0051712,56.487974400000006,183.53457194446736,0.5060035586357117,0.5060035586357117,0.0,1.0,0.5942234901460947,0.5940666127768149,0.999988211342552,0.9799882173538208,0.9999878791959895,0.9999996575096379,0.9999996458694561,0.9999995303499248,0.99999951910981,-10.367857014155936,-40.662614117292705,,824.4211196830377,False,False,False,,[]
34,34,35,True,1.0,1.0,34.0,35.0,34.0,35.0,35.0,0.0,56.487974400000006,57.45358080000001,258.0993653622691,0.5060036182403564,0.5060036182403564,0.0,1.0,0.5940666127768149,0.5938489054657508,0.9999878791959895,0.9799879193305969,0.9999874306118552,0.9999996458694561,0.999999633987058,0.99999951910981,0.9999995029911153,-14.38491251144432,-56.429735027825984,,774.8533331386599,False,False,False,,[]
35,35,36,True,1.0,1.0,35.0,36.0,35.0,36.0,36.0,0.0,57.45358080000001,58.097318400000006,209.60238035180518,0.506003737449646,0.506003737449646,0.0,1.0,0.5938489054657508,0.593668169619169,0.9999874306118552,0.9799874424934387,0.9999870518211535,0.999999633987058,0.9999996218653061,0.9999995029911153,0.9999994910635843,-11.942824145585048,-46.84673143397929,,804.7226276269907,False,False,False,,[]
36,36,37,True,1.0,1.0,36.0,37.0,36.0,37.0,37.0,0.0,58.097318400000006,58.25825280000001,136.10503063663728,0.5060038566589355,0.5060038566589355,0.0,1.0,0.593668169619169,0.5935411319760395,0.9999870518211535,0.9799870848655701,0.9999867840149986,0.9999996218653061,0.9999996111138807,0.9999994910635843,0.9999994787999722,-8.39564194277753,-32.9281570991626,,849.7380242892195,False,False,False,,[]
37,37,38,True,1.0,1.0,37.0,38.0,37.0,38.0,38.0,0.0,58.25825280000001,58.741056,185.6698889909821,0.5060039758682251,0.5060039758682251,0.0,1.0,0.5935411319760395,0.5933771743169041,0.9999867840149986,0.9799867868423462,0.9999864379010988,0.9999996111138807,0.9999995991858438,0.9999994787999722,0.9999994676356014,-10.83423094015683,-42.49782524791701,,818.5573789316029,False,False,False,,[]
38,38,39,True,1.0,1.0,38.0,39.0,38.0,39.0,39.0,0.0,58.741056,59.06292480000001,161.43364126157752,0.5060040950775146,0.5060040950775146,0.0,1.0,0.5933771743169041,0.5932283296506183,0.9999864379010988,0.9799864292144775,0.9999861217248208,0.9999995991858438,0.9999995875923844,0.9999994676356014,0.9999994544718108,-9.835787152626038,-38.58053750125493,,829.7243476421936,False,False,False,,[]
39,39,40,True,1.0,1.0,39.0,40.0,39.0,40.0,40.0,0.0,59.06292480000001,59.3847936,161.74813866158206,0.5060041546821594,0.5060041546821594,0.0,1.0,0.5932283296506183,0.5930809555703017,0.9999861217248208,0.9799861311912537,0.9999858084863645,0.9999995875923844,0.9999995759293436,0.9999994544718108,0.9999994434688524,-9.738471221459992,-38.199361618054695,,832.3872384371025,False,False,False,,[]
40,40,41,True,1.0,1.0,40.0,41.0,40.0,41.0,41.0,0.0,59.3847936,59.545728000000004,137.35958310662406,0.506004273891449,0.506004273891449,0.0,1.0,0.5930809555703017,0.5929501643414196,0.9999858084863645,0.9799858331680298,0.9999855317530271,0.9999995759293436,0.9999995648947472,0.9999994434688524,0.9999994309691215,-8.642975458920612,-33.90108652625152,,846.024483149917,False,False,False,,[]
41,41,42,True,1.0,1.0,41.0,42.0,41.0,42.0,42.0,0.0,59.545728000000004,59.545728000000004,112.81356403102659,0.5060043334960938,0.5060043334960938,0.0,1.0,0.5929501643414196,0.5928412366646578,0.9999855317530271,0.9799855351448059,0.9999853061565906,0.9999995648947472,0.9999995549177481,0.9999994309691215,0.9999994206520698,-7.198604741029942,-28.23405381664565,,868.220328114969,False,False,False,,[]
42,42,43,True,1.0,1.0,42.0,43.0,42.0,43.0,43.0,0.0,59.545728000000004,59.545728000000004,112.81356403102659,0.5060043931007385,0.5060043931007385,0.0,1.0,0.5928412366646578,0.5927323088886308,0.9999853061565906,0.9799852967262268,0.9999850805599267,0.9999995549177481,0.9999995449407483,0.9999994206520698,0.999999410335019,-7.198604726716347,-28.234079546209504,,868.2202363076082,False,False,False,,[]
43,43,44,True,1.0,1.0,43.0,44.0,43.0,44.0,44.0,0.0,59.545728000000004,59.545728000000004,112.81356403102659,0.5060044527053833,0.5060044527053833,0.0,1.0,0.5927323088886308,0.5926233810116087,0.9999850805599267,0.9799851179122925,0.9999848549630314,0.9999995449407483,0.9999995349637478,0.999999410335019,0.9999994000179693,-7.1986047124027355,-28.234105724125826,,868.2201429787115,False,False,False,,[]
44,44,45,True,1.0,1.0,44.0,45.0,44.0,45.0,45.0,0.0,59.545728000000004,59.545728000000004,112.81356403102659,0.5060045123100281,0.5060045123100281,0.0,1.0,0.5926233810116087,0.5925144530319131,0.9999848549630314,0.9799848794937134,0.9999846293659007,0.9999995349637478,0.9999995249867467,0.9999994000179693,0.9999993897009205,-7.198604698089108,-28.234132337114342,,868.2200481000767,False,False,False,,[]
45,45,46,True,1.0,1.0,45.0,46.0,45.0,46.0,46.0,0.0,59.545728000000004,59.545728000000004,112.81356403102659,0.5060046315193176,0.5060046315193176,0.0,1.0,0.5925144530319131,0.5924055249481318,0.9999846293659007,0.9799846410751343,0.9999844037685315,0.9999995249867467,0.9999995150097442,0.9999993897009205,0.9999993793838736,-7.198604669461807,-28.234159316096545,,868.2199519896404,False,False,False,,[]
46,46,47,True,1.0,1.0,46.0,47.0,46.0,47.0,47.0,0.0,59.545728000000004,59.706662400000006,137.51833555102627,0.5060046911239624,0.5060046911239624,0.0,1.0,0.5924055249481318,0.5922762088282819,0.9999844037685315,0.9799844026565552,0.9999841305508408,0.9999995150097442,0.9999995039396132,0.9999993793838736,0.9999993684955768,-8.545407868335646,-33.518738265080806,,848.4669312662804,False,False,False,,[]
47,47,48,True,1.0,1.0,47.0,48.0,47.0,48.0,48.0,0.0,59.706662400000006,60.028531199999996,162.38228915668498,0.5060047507286072,0.5060047507286072,0.0,1.0,0.5922762088282819,0.5921259035674055,0.9999841305508408,0.9799841642379761,0.9999838114609824,0.9999995039396132,0.9999994921372976,0.9999993684955768,0.9999993566197115,-9.931650320892663,-38.959123619186414,,829.2613644777936,False,False,False,,[]
48,48,49,True,1.0,1.0,48.0,49.0,48.0,49.0,49.0,0.0,60.028531199999996,60.8332032,236.81625681178238,0.5060048699378967,0.5060048699378967,0.0,1.0,0.5921259035674055,0.5919169945171013,0.9999838114609824,0.9799838066101074,0.999983379199118,0.9999994921372976,0.9999994798391489,0.9999993566197115,0.9999993446922758,-13.801184059229007,-54.14922583883613,,783.4775116083993,False,False,False,,[]
49,49,50,True,1.0,1.0,49.0,50.0,49.0,50.0,50.0,0.0,60.8332032,62.12067840000001,311.7372228315076,0.5060049891471863,0.5060049891471863,0.0,1.0,0.5919169945171013,0.5916366555727278,0.999983379199118,0.979983389377594,0.9999828200404262,0.9999994798391489,0.9999994649218463,0.9999993446922758,0.9999993263945661,-18.51510801924319,-72.6638543816197,,730.209589963097,False,False,False,,[]
50,50,51,True,1.0,1.0,50.0,51.0,50.0,51.0,51.0,0.0,62.12067840000001,63.247219199999996,288.3454349924217,0.5060051679611206,0.5060051679611206,0.0,1.0,0.5916366555727278,0.5913739461238697,0.9999828200404262,0.979982852935791,0.999982290967378,0.9999994649218463,0.9999994518706455,0.9999993263945661,0.999999309619712,-17.350482673627372,-68.09428914401165,,743.2497268438952,False,False,False,,[]
51,51,52,True,1.0,1.0,51.0,52.0,51.0,52.0,52.0,0.0,63.247219199999996,64.37376,289.516851879213,0.5060052871704102,0.5060052871704102,0.0,1.0,0.5913739461238697,0.591103134963531,0.999982290967378,0.979982316493988,0.9999817479631741,0.9999994518706455,0.9999994381755757,0.999999309619712,0.9999992906889728,-17.88398317254015,-70.19425275980633,,736.5194532627264,False,False,False,,[]
52,52,53,True,1.0,1.0,52.0,53.0,52.0,53.0,53.0,0.0,64.37376,65.5003008,290.7093211875837,0.5060054659843445,0.5060054659843445,0.0,1.0,0.591103134963531,0.5908275580539883,0.9999817479631741,0.9799817800521851,0.9999811968473651,0.9999994381755757,0.9999994239078309,0.9999992906889728,0.9999992727757432,-18.197264632361808,-71.42953495344368,,733.7459865738745,False,False,False,,[]
53,53,54,True,1.0,1.0,53.0,54.0,53.0,54.0,54.0,0.0,65.5003008,66.6268416,291.92284291754186,0.5060056447982788,0.5060056447982788,0.0,1.0,0.5908275580539883,0.5905457627540539,0.9999811968473651,0.9799812436103821,0.9999806352415028,0.9999994239078309,0.9999994092756332,0.9999992727757432,0.9999992543039703,-18.606318800230788,-73.04134174299476,,729.3627591056157,False,False,False,,[]
54,54,55,True,1.0,1.0,54.0,55.0,54.0,55.0,55.0,0.0,66.6268416,67.91431680000001,317.86218858908705,0.5060058236122131,0.5060058236122131,0.0,1.0,0.5905457627540539,0.5902331181531157,0.9999806352415028,0.9799806475639343,0.9999800232170204,0.9999994092756332,0.9999993917171156,0.9999992543039703,0.99999923522059,-20.63986680263411,-81.0374805631856,,708.9740065151624,False,False,False,,[]
55,55,56,True,1.0,1.0,55.0,56.0,55.0,56.0,56.0,0.0,67.91431680000001,69.0408576,294.5941374319725,0.5060060024261475,0.5060060024261475,0.0,1.0,0.5902331181531157,0.5899384107450838,0.9999800232170204,0.9799800515174866,0.9999794401752021,0.9999993917171156,0.9999993759571276,0.99999923522059,0.9999992165275327,-19.455309793927437,-76.38816016188619,,720.7390910410141,False,False,False,,[]
56,56,57,True,1.0,1.0,56.0,57.0,56.0,57.0,57.0,0.0,69.0408576,70.00646400000001,271.1690523954889,0.5060061812400818,0.5060061812400818,0.0,1.0,0.5899384107450838,0.5896634759590236,0.9999794401752021,0.9799794554710388,0.9999788901487004,0.9999993759571276,0.9999993620665764,0.9999992165275327,0.9999991985711473,-18.14991437238494,-71.26309654680544,,734.3306472899671,False,False,False,,[]
57,57,58,True,1.0,1.0,57.0,58.0,57.0,58.0,58.0,0.0,70.00646400000001,70.811136,247.57791101322707,0.5060063004493713,0.5060063004493713,0.0,1.0,0.5896634759590236,0.5894095825887077,0.9999788901487004,0.9799789190292358,0.9999783764344404,0.9999993620665764,0.9999993490277869,0.9999991985711473,0.9999991824975195,-16.761008339607347,-65.80916158588293,,749.4132767170739,False,False,False,,[]
58,58,59,True,1.0,1.0,58.0,59.0,58.0,59.0,59.0,0.0,70.811136,71.2939392,199.1082082225757,0.5060064792633057,0.5060064792633057,0.0,1.0,0.5894095825887077,0.5891999906449302,0.9999783764344404,0.9799783825874329,0.999977942899123,0.9999993490277869,0.9999993346946824,0.9999991824975195,0.9999991704702539,-13.837690490060755,-54.32623182710564,,781.673908093908,False,False,False,,[]
59,59,60,True,1.0,1.0,59.0,60.0,59.0,60.0,60.0,0.0,71.2939392,71.615808,174.97249654726892,0.5060065984725952,0.5060065984725952,0.0,1.0,0.5891999906449302,0.5890131191149545,0.999977942899123,0.9799779653549194,0.9999775523109068,0.9999993346946824,0.9999993203769406,0.9999991704702539,0.9999991603468044,-12.338190798283891,-48.43710056971051,,799.7622832077855,False,False,False,,[]
60,60,61,True,1.0,1.0,60.0,61.0,60.0,61.0,61.0,0.0,71.615808,72.0986112,200.05878950334483,0.5060067176818848,0.5060067176818848,0.0,1.0,0.5890131191149545,0.5888002023674631,0.9999775523109068,0.979977548122406,0.9999771125912605,0.9999993203769406,0.9999993058870648,0.9999991603468044,0.9999991481023651,-14.05643279189801,-55.188020949754545,,779.0449211342341,False,False,False,,[]
61,61,62,True,1.0,1.0,61.0,62.0,61.0,62.0,62.0,0.0,72.0986112,72.2595456,151.22475092688907,0.5060068368911743,0.5060068368911743,0.0,1.0,0.5888002023674631,0.5886335248984651,0.9999771125912605,0.9799771308898926,0.999976761139684,0.9999993058870648,0.9999992919691382,0.9999991481023651,0.9999991376860637,-11.005089239515998,-43.20279996429763,,815.5563427602024,False,False,False,,[]
62,62,63,True,1.0,1.0,62.0,63.0,62.0,63.0,63.0,0.0,72.2595456,72.42048,151.41744503058393,0.5060069561004639,0.5060069561004639,0.0,1.0,0.5886335248984651,0.5884663761958527,0.999976761139684,0.9799767732620239,0.9999764087648813,0.9999992919691382,0.9999992780139505,0.9999991376860637,0.9999991273287688,-11.036105326010777,-43.3249437171324,,815.1961261115807,False,False,False,,[]
63,63,64,True,1.0,1.0,63.0,64.0,63.0,64.0,64.0,0.0,72.42048,72.58141440000001,151.6105687755396,0.5060070753097534,0.5060070753097534,0.0,1.0,0.5884663761958527,0.5882987554440683,0.9999764087648813,0.9799764156341553,0.9999760554657233,0.9999992780139505,0.9999992640214898,0.9999991273287688,0.9999991170310975,-11.067173976781044,-43.447298862537124,,814.83601281848,False,False,False,,[]
64,64,65,True,1.0,1.0,64.0,65.0,64.0,65.0,65.0,0.0,72.58141440000001,73.0642176,201.21366520174368,0.506007194519043,0.506007194519043,0.0,1.0,0.5882987554440683,0.5880817566858685,0.9999760554657233,0.9799760580062866,0.9999756081892384,0.9999992640214898,0.9999992493447056,0.9999991170310975,0.9999991044713048,-14.325021944962474,-56.246078125400714,,775.8174694123364,False,False,False,,[]
65,65,66,True,1.0,1.0,65.0,66.0,65.0,66.0,66.0,0.0,73.0642176,73.54702080000001,201.79690320791244,0.5060073137283325,0.5060073137283325,0.0,1.0,0.5880817566858685,0.5878627019083149,0.9999756081892384,0.9799756407737732,0.9999751571216584,0.9999992493447056,0.9999992345749907,0.9999991044713048,0.9999990917551957,-14.460246544658647,-56.778998341899886,,774.2051208061571,False,False,False,,[]
66,66,67,True,1.0,1.0,66.0,67.0,66.0,67.0,67.0,0.0,73.54702080000001,74.029824,202.38400798538888,0.5060074329376221,0.5060074329376221,0.0,1.0,0.5878627019083149,0.5876414715449633,0.9999751571216584,0.979975163936615,0.9999747020536203,0.9999992345749907,0.9999992197127093,0.9999990917551957,0.9999990787747357,-14.603345936040279,-57.34291018075422,,772.4513514755249,False,False,False,,[]
67,67,68,True,1.0,1.0,67.0,68.0,67.0,68.0,68.0,0.0,74.029824,74.5126272,202.97497953417692,0.5060075521469116,0.5060075521469116,0.0,1.0,0.5876414715449633,0.5874181496156228,0.9999747020536203,0.9799747467041016,0.9999742431504413,0.9999992197127093,0.9999992047582371,0.9999990787747357,0.9999990656238514,-14.740889643171181,-57.88504408505263,,770.821267765226,False,False,False,,[]
68,68,69,True,1.0,1.0,68.0,69.0,68.0,69.0,69.0,0.0,74.5126272,74.834496,178.8650463342828,0.506007730960846,0.506007730960846,0.0,1.0,0.5874181496156228,0.5872185901918876,0.9999742431504413,0.9799742698669434,0.9999738284331782,0.9999992047582371,0.9999991897470907,0.9999990656238514,0.9999990545476357,-13.172996896823756,-51.72580263214579,,789.1921634553883,False,False,False,,[]
69,69,70,True,1.0,1.0,69.0,70.0,69.0,70.0,70.0,0.0,74.834496,75.3172992,203.9685249406325,0.5060078501701355,0.5060078501701355,0.0,1.0,0.5872185901918876,0.5869917262563675,0.9999738284331782,0.9799738526344299,0.9999733630596497,0.9999991897470907,0.9999991746398345,0.9999990545476357,0.9999990410806079,-14.973817046659805,-58.803132086811985,,768.0635652341141,False,False,False,,[]
70,70,71,True,1.0,1.0,70.0,71.0,70.0,71.0,71.0,0.0,75.3172992,75.4782336,155.16026483958743,0.506007969379425,0.506007969379425,0.0,1.0,0.5869917262563675,0.5868146695649082,0.9999733630596497,0.9799733757972717,0.999972991382674,0.9999991746398345,0.9999991599747604,0.9999990410806079,0.9999990311665058,-11.687858566878763,-45.89309442626051,,807.230482799764,False,False,False,,[]
71,71,72,True,1.0,1.0,71.0,72.0,71.0,72.0,72.0,0.0,75.4782336,75.63916800000001,155.36155176842314,0.5060080885887146,0.5060080885887146,0.0,1.0,0.5868146695649082,0.5866370950306908,0.999972991382674,0.9799730181694031,0.99997261870266,0.9999991599747604,0.9999991452722439,0.9999990311665058,0.9999990212921593,-11.72193545206515,-46.027319269155086,,806.8293921480449,False,False,False,,[]
72,72,73,True,1.0,1.0,72.0,73.0,72.0,73.0,73.0,0.0,75.63916800000001,75.80010240000001,155.56326833850787,0.5060082077980042,0.5060082077980042,0.0,1.0,0.5866370950306908,0.586459001729153,0.99997261870266,0.9799726605415344,0.9999722450183994,0.9999991452722439,0.9999991305322792,0.9999990212921593,0.9999990114580345,-11.756071723863876,-46.16178375859972,,806.4283193952596,False,False,False,,[]
73,73,74,True,1.0,1.0,73.0,74.0,73.0,74.0,74.0,0.0,75.80010240000001,75.96103680000002,155.76541454985335,0.5060083270072937,0.5060083270072937,0.0,1.0,0.586459001729153,0.5862803887345214,0.9999722450183994,0.979972243309021,0.9999718703286858,0.9999991305322792,0.999999115754861,0.9999990114580345,0.9999990016645991,-11.790267471672031,-46.29648820852136,,806.0272658317066,False,False,False,,[]
74,74,75,True,1.0,1.0,74.0,75.0,74.0,75.0,75.0,0.0,75.96103680000002,76.1219712,155.96799040245568,0.5060084462165833,0.5060084462165833,0.0,1.0,0.5862803887345214,0.5861012551198105,0.9999718703286858,0.9799718856811523,0.9999714946323144,0.999999115754861,0.9999991009399846,0.9999990016645991,0.9999989919123232,-11.82452278458386,-46.43143293306242,,805.6262331247578,False,False,False,,[]
75,75,76,True,1.0,1.0,75.0,76.0,75.0,76.0,76.0,0.0,76.1219712,75.96103680000002,106.76145285631549,0.5060085654258728,0.5060085654258728,0.0,1.0,0.5861012551198105,0.5859714549969003,0.9999714946323144,0.9799715280532837,0.9999712202621479,0.9999991009399846,0.9999990886137589,0.9999989919123232,0.9999989814568184,-8.569309704095438,-33.644191858336804,,847.4440751522201,False,False,False,,[]
76,76,77,True,1.0,1.0,76.0,77.0,76.0,77.0,77.0,0.0,75.96103680000002,75.80010240000001,106.55844736245632,0.5060086250305176,0.5060086250305176,0.0,1.0,0.5859714549969003,0.5858421172323124,0.9999712202621479,0.9799712300300598,0.9999709469929402,0.9999990886137589,0.9999990763280285,0.9999989814568184,0.9999989710021825,-8.538910406693166,-33.5243485811715,,847.885125326893,False,False,False,,[]
77,77,78,True,1.0,1.0,77.0,78.0,77.0,78.0,78.0,0.0,75.80010240000001,75.63916800000001,106.35587150985398,0.5060086846351624,0.5060086846351624,0.0,1.0,0.5858421172323124,0.5857132406927859,0.9999709469929402,0.9799709916114807,0.9999706748210565,0.9999990763280285,0.9999990640827361,0.9999989710021825,0.999998960548649,-8.508583241517963,-33.40479904528868,,848.3256844082509,False,False,False,,[]
78,78,79,True,1.0,1.0,78.0,79.0,78.0,79.0,79.0,0.0,75.63916800000001,75.4782336,106.1537252985046,0.5060088038444519,0.5060088038444519,0.0,1.0,0.5857132406927859,0.5855848242467375,0.9999706748210565,0.9799706935882568,0.9999704037428736,0.9999990640827361,0.999999051877823,0.999998960548649,0.9999989500964501,-8.478328165609032,-33.28554281572616,,848.7657504297729,False,False,False,,[]
79,79,80,True,1.0,1.0,79.0,80.0,79.0,80.0,80.0,0.0,75.4782336,75.4782336,130.65678024841952,0.5060088634490967,0.5060088634490967,0.0,1.0,0.5855848242467375,0.585431486613076,0.9999704037428736,0.979970395565033,0.9999700786177691,0.999999051877823,0.999999038193598,0.9999989500964501,0.9999989395932112,-10.123009955524793,-39.745114645085316,,826.420594997697,False,False,False,,[]
80,80,81,True,1.0,1.0,80.0,81.0,80.0,81.0,81.0,0.0,75.4782336,75.4782336,130.65678024841952,0.5060089826583862,0.5060089826583862,0.0,1.0,0.585431486613076,0.5852781492332071,0.9999700786177691,0.9799700975418091,0.999969753493169,0.999999038193598,0.9999990245093715,0.9999989395932112,0.9999989290899717,-10.123010112418637,-39.745048862002825,,826.420801337399,False,False,False,,[]
81,81,82,True,1.0,1.0,81.0,82.0,81.0,82.0,82.0,0.0,75.4782336,75.63916800000001,155.36155176842314,0.506009042263031,0.506009042263031,0.0,1.0,0.5852781492332071,0.5851005789622111,0.999969753493169,0.9799697995185852,0.9999693808214102,0.9999990245093715,0.9999990098068461,0.9999989290899717,0.9999989192156151,-11.721936614018437,-46.026214242159874,,806.832692445169,False,False,False,,[]
82,82,83,True,1.0,1.0,82.0,83.0,82.0,83.0,83.0,0.0,75.63916800000001,75.80010240000001,155.56326833850787,0.5060091614723206,0.5060091614723206,0.0,1.0,0.5851005789622111,0.5849224897190612,0.9999693808214102,0.9799693822860718,0.9999690071450037,0.9999990098068461,0.9999989950668725,0.9999989192156151,0.99999890938148,-11.756072894533048,-46.160731824435,,806.4314569643561,False,False,False,,[]
83,83,84,True,1.0,1.0,83.0,84.0,83.0,84.0,84.0,0.0,75.80010240000001,75.80010240000001,131.06064302985365,0.5060092806816101,0.5060092806816101,0.0,1.0,0.5849224897190612,0.5847680948792687,0.9999690071450037,0.9799690246582031,0.9999686799201433,0.9999989950668725,0.9999989813037569,0.99999890938148,0.9999988988416688,-10.192623672328654,-40.01914247421353,,825.477366619202,False,False,False,,[]
84,84,85,True,1.0,1.0,84.0,85.0,84.0,85.0,85.0,0.0,75.80010240000001,75.96103680000002,155.76541454985335,0.5060093998908997,0.5060093998908997,0.0,1.0,0.5847680948792687,0.5845894859850348,0.9999686799201433,0.9799687266349792,0.9999683052383604,0.9999989813037569,0.9999989665263287,0.9999988988416688,0.9999988890482215,-11.790268798511315,-46.295425385422156,,806.0304308269502,False,False,False,,[]
85,85,86,True,1.0,1.0,85.0,86.0,85.0,86.0,86.0,0.0,75.96103680000002,75.80010240000001,106.55844736245632,0.5060095191001892,0.5060095191001892,0.0,1.0,0.5845894859850348,0.5844601503332835,0.9999683052383604,0.9799683094024658,0.9999680319741816,0.9999989665263287,0.999998954240585,0.9999988890482215,0.9999988785935914,-8.538911077545952,-33.52380093393355,,847.887000371054,False,False,False,,[]
86,86,87,True,1.0,1.0,86.0,87.0,86.0,87.0,87.0,0.0,75.80010240000001,75.63916800000001,106.35587150985398,0.506009578704834,0.506009578704834,0.0,1.0,0.5844601503332835,0.5843312757780074,0.9999680319741816,0.9799680709838867,0.9999677598070167,0.999998954240585,0.9999989419952793,0.9999988785935914,0.9999988681400637,-8.508583906552014,-33.404284727579686,,848.3274465476276,False,False,False,,[]
87,87,88,True,1.0,1.0,87.0,88.0,87.0,88.0,88.0,0.0,75.63916800000001,75.4782336,106.1537252985046,0.5060096979141235,0.5060096979141235,0.0,1.0,0.5843312757780074,0.5842028611918278,0.9999677598070167,0.9799677729606628,0.999967488733253,0.9999989419952793,0.9999989297903528,0.9999988681400637,0.9999988576878707,-8.478328824849061,-33.28506073774318,,848.7674032136301,False,False,False,,[]
88,88,89,True,1.0,1.0,88.0,89.0,88.0,89.0,89.0,0.0,75.4782336,74.834496,31.83769416842082,0.5060097575187683,0.5060097575187683,0.0,1.0,0.5842028611918278,0.5841649819435482,0.999967488733253,0.9799675345420837,0.9999674155502919,0.9999989297903528,0.9999989281135009,0.9999988576878707,0.9999988528626471,-2.5016488818721196,-9.818301154106459,,950.8418384373066,False,False,False,,[]
89,89,90,True,1.0,1.0,89.0,90.0,89.0,90.0,90.0,0.0,74.834496,74.5126272,80.44466734063214,0.5060097575187683,0.5060097575187683,0.0,1.0,0.5841649819435482,0.5840667552450214,0.9999674155502919,0.9799674153327942,0.999967214234815,0.9999989281135009,0.9999989187527475,0.9999988528626471,0.9999988435777983,-6.4862469020016285,-25.460360258143336,,879.5044989696316,False,False,False,,[]
90,90,91,True,1.0,1.0,90.0,91.0,90.0,91.0,91.0,0.0,74.5126272,74.35169280000001,104.75073177428378,0.5060098171234131,0.5060098171234131,0.0,1.0,0.5840667552450214,0.5839416190423461,0.999967214234815,0.9799672365188599,0.999966950927297,0.9999989187527475,0.99999890682885,0.9999988435777983,0.9999988332185727,-8.262661046007237,-32.435303733443966,,851.9701247168077,False,False,False,,[]
91,91,92,True,1.0,1.0,91.0,92.0,91.0,92.0,92.0,0.0,74.35169280000001,74.5126272,153.96156573298848,0.5060098767280579,0.5060098767280579,0.0,1.0,0.5839416190423461,0.5837676984405851,0.999966950927297,0.9799669981002808,0.999966585337159,0.99999890682885,0.9999988923882696,0.9999988332185727,0.9999988231118099,-11.482219062779125,-45.08021997645253,,809.6989242591096,False,False,False,,[]
92,92,93,True,1.0,1.0,92.0,93.0,92.0,93.0,93.0,0.0,74.5126272,74.834496,178.8650463342828,0.5060100555419922,0.5060100555419922,0.0,1.0,0.5837676984405851,0.5835681496014191,0.999966585337159,0.9799665808677673,0.9999661706398726,0.9999988923882696,0.9999988773771142,0.9999988231118099,0.9999988120356675,-13.172992226301858,-51.72305911180557,,789.2000402317917,False,False,False,,[]
93,93,94,True,1.0,1.0,93.0,94.0,93.0,94.0,94.0,0.0,74.834496,75.4782336,228.67329646063217,0.5060101747512817,0.5060101747512817,0.0,1.0,0.5835681496014191,0.5833155360804188,0.9999661706398726,0.9799661636352539,0.9999656591723083,0.9999988773771142,0.9999988627446018,0.9999988120356675,0.9999987960694676,-16.672857024540928,-65.47742464330176,,749.4235117123376,False,False,False,,[]
94,94,95,True,1.0,1.0,94.0,95.0,94.0,95.0,95.0,0.0,75.4782336,75.80010240000001,180.06632328842284,0.5060102939605713,0.5060102939605713,0.0,1.0,0.5833155360804188,0.5831120889669382,0.9999656591723083,0.9799656867980957,0.9999652371351223,0.9999988627446018,0.9999988475267213,0.9999987960694676,0.9999987847112006,-13.429310193661022,-52.73349181414512,,786.0232616099042,False,False,False,,[]
95,95,96,True,1.0,1.0,95.0,96.0,95.0,96.0,96.0,0.0,75.80010240000001,76.2829056,205.1749575898527,0.5060104131698608,0.5060104131698608,0.0,1.0,0.5831120889669382,0.5828809836717209,0.9999652371351223,0.9799652695655823,0.9999647640543106,0.9999988475267213,0.9999988322376332,0.9999987847112006,0.9999987709030889,-15.253343204311015,-59.90249252031922,,764.8121691355755,False,False,False,,[]
96,96,97,True,1.0,1.0,96.0,97.0,96.0,97.0,97.0,0.0,76.2829056,76.76570880000001,205.7839740714322,0.5060105323791504,0.5060105323791504,0.0,1.0,0.5828809836717209,0.5826476278085834,0.9999647640543106,0.9799647927284241,0.9999642869019464,0.9999988322376332,0.9999988168582665,0.9999987709030889,0.9999987568183246,-15.401278434731692,-60.48583972524706,,763.0470183109157,False,False,False,,[]
97,97,98,True,1.0,1.0,97.0,98.0,97.0,98.0,98.0,0.0,76.76570880000001,77.248512,206.3968573243193,0.5060107111930847,0.5060107111930847,0.0,1.0,0.5826476278085834,0.58241215867827,0.9999642869019464,0.9799643158912659,0.9999638059379384,0.9999988168582665,0.9999988013890663,0.9999987568183246,0.9999987426028405,-15.540144644794184,-61.03359857721469,,761.4695114517243,False,False,False,,[]
98,98,99,True,1.0,1.0,98.0,99.0,98.0,99.0,99.0,0.0,77.248512,77.57038080000001,182.30883582852232,0.5060108304023743,0.5060108304023743,0.0,1.0,0.58241215867827,0.5822012931970011,0.9999638059379384,0.9799638390541077,0.9999633700306776,0.9999988013890663,0.9999987857941919,0.9999987426028405,0.9999987305718704,-13.917017007947198,-54.65633274491394,,779.9812801012555,False,False,False,,[]
99,99,100,True,1.0,1.0,99.0,100.0,99.0,100.0,100.0,0.0,77.57038080000001,78.053184,207.42692223760275,0.5060110092163086,0.5060110092163086,0.0,1.0,0.5822012931970011,0.5819620973692731,0.9999633700306776,0.9799633622169495,0.999962882372275,0.9999987857941919,0.9999987701762921,0.9999987305718704,0.999998715961658,-15.785057980910535,-61.99955854710989,,758.6161075521105,False,False,False,,[]
100,100,101,True,1.0,1.0,100.0,101.0,100.0,101.0,101.0,0.0,78.053184,78.5359872,208.05011688065807,0.5060111284255981,0.5060111284255981,0.0,1.0,0.5819620973692731,0.5817206699144261,0.999962882372275,0.9799628853797913,0.9999623907219409,0.9999987701762921,0.9999987544698073,0.999998715961658,0.9999987011337121,-15.931692548575805,-62.577996296332394,,756.9295468038855,False,False,False,,[]
101,101,102,True,1.0,1.0,101.0,102.0,101.0,102.0,102.0,0.0,78.5359872,79.01879040000001,208.677178295027,0.5060112476348877,0.5060112476348877,0.0,1.0,0.5817206699144261,0.5814769004323684,0.9999623907219409,0.9799624085426331,0.9999618948958275,0.9999987544698073,0.99999873867523,0.9999987011337121,0.9999986859912873,-16.08559226522585,-63.1850497493342,,755.1221280448096,False,False,False,,[]
102,102,103,True,1.0,1.0,102.0,103.0,102.0,103.0,103.0,0.0,79.01879040000001,79.17972480000002,159.89856344070228,0.506011426448822,0.506011426448822,0.0,1.0,0.5814769004323684,0.5812864164131822,0.9999618948958275,0.9799619317054749,0.999961497400657,0.99999873867523,0.9999987231481875,0.9999986859912873,0.9999986758057673,-12.571146569550397,-49.373457773058256,,796.2125134056042,False,False,False,,[]
103,103,104,True,1.0,1.0,103.0,104.0,103.0,104.0,104.0,0.0,79.17972480000002,79.01879040000001,110.70018907843824,0.5060115456581116,0.5060115456581116,0.0,1.0,0.5812864164131822,0.5811474856935489,0.999961497400657,0.9799615144729614,0.9999612011124787,0.9999987231481875,0.9999987100418922,0.9999986758057673,0.9999986652501557,-9.17024707395881,-36.010842528974486,,838.7703515516741,False,False,False,,[]
104,104,105,True,1.0,1.0,104.0,105.0,104.0,105.0,105.0,0.0,79.01879040000001,79.01879040000001,135.19379192070065,0.5060116052627563,0.5060116052627563,0.0,1.0,0.5811474856935489,0.5809826217580153,0.9999612011124787,0.9799612164497375,0.9999608532182733,0.9999987100418922,0.9999986954834021,0.9999986652501557,0.9999986547240368,-10.881235679378188,-42.732732090321,,816.5011852064599,False,False,False,,[]
105,105,106,True,1.0,1.0,105.0,106.0,105.0,106.0,106.0,0.0,79.01879040000001,78.857856,110.489020400699,0.5060117244720459,0.5060117244720459,0.0,1.0,0.5809826217580153,0.580844180584764,0.9999608532182733,0.9799608588218689,0.9999605580985342,0.9999986954834021,0.9999986824186449,0.9999986547240368,0.9999986441700873,-9.138068960171465,-35.88395210674699,,839.2276107420746,False,False,False,,[]
106,106,107,True,1.0,1.0,106.0,107.0,106.0,107.0,107.0,0.0,78.857856,78.857856,134.98305288421827,0.5060118436813354,0.5060118436813354,0.0,1.0,0.580844180584764,0.5806798363897763,0.9999605580985342,0.979960560798645,0.9999602112251065,0.9999986824186449,0.9999986679001782,0.9999986441700873,0.9999986336269809,-10.847090446320577,-42.598015340803755,,816.9313193375543,False,False,False,,[]
107,107,108,True,1.0,1.0,107.0,108.0,107.0,108.0,108.0,0.0,78.857856,79.01879040000001,159.68782440421992,0.506011962890625,0.506011962890625,0.0,1.0,0.5806798363897763,0.5804899801963413,0.9999602112251065,0.9799602031707764,0.9999598149282232,0.9999986679001782,0.999998652410612,0.9999986336269809,0.9999986234819042,-12.529940008224024,-49.21072533832671,,796.736233928859,False,False,False,,[]
108,108,109,True,1.0,1.0,108.0,109.0,108.0,109.0,109.0,0.0,79.01879040000001,79.17972480000002,159.89856344070228,0.5060120224952698,0.5060120224952698,0.0,1.0,0.5804899801963413,0.5802994973208188,0.9999598149282232,0.9799598455429077,0.9999594174352346,0.999998652410612,0.9999986368835642,0.9999986234819042,0.9999986132964023,-12.571145653686457,-49.37316133546779,,796.2133848620423,False,False,False,,[]
109,109,110,True,1.0,1.0,109.0,110.0,109.0,110.0,110.0,0.0,79.17972480000002,79.3406592,160.1097321184376,0.5060122013092041,0.5060122013092041,0.0,1.0,0.5802994973208188,0.580108386315623,0.9999594174352346,0.9799594283103943,0.9999590187442621,0.9999986368835642,0.9999986213190363,0.9999986132964023,0.9999986030703414,-12.612445012281666,-49.5359725467293,,795.690102402495,False,False,False,,[]
110,110,111,True,1.0,1.0,110.0,111.0,110.0,111.0,111.0,0.0,79.3406592,79.5015936,160.32133043743562,0.5060123205184937,0.5060123205184937,0.0,1.0,0.580108386315623,0.5799166457263297,0.9999590187442621,0.9799590110778809,0.9999586188534211,0.9999986213190363,0.9999986057170317,0.9999986030703414,0.9999985928035819,-12.65383853344688,-49.69916074482824,,795.166382408477,False,False,False,,[]
111,111,112,True,1.0,1.0,111.0,112.0,111.0,112.0,112.0,0.0,79.5015936,79.66252800000001,160.53335839769048,0.5060123801231384,0.5060123801231384,0.0,1.0,0.5799166457263297,0.5797242740958074,0.9999586188534211,0.9799586534500122,0.9999582177608298,0.9999986057170317,0.9999985900775544,0.9999985928035819,0.9999985824959837,-12.695326393834774,-49.86272663137745,,794.6422264163622,False,False,False,,[]
112,112,113,True,1.0,1.0,112.0,113.0,112.0,113.0,113.0,0.0,79.66252800000001,79.66252800000001,136.0410444791986,0.5060125589370728,0.5060125589370728,0.0,1.0,0.5797242740958074,0.5795573228220828,0.9999582177608298,0.9799582362174988,0.9999578657727667,0.9999985900775544,0.999998575358699,0.9999985824959837,0.9999985720411679,-11.018510153028194,-43.273770149413295,,814.780940190379,False,False,False,,[]
113,113,114,True,1.0,1.0,113.0,114.0,113.0,114.0,114.0,0.0,79.66252800000001,79.66252800000001,136.0410444791986,0.5060126185417175,0.5060126185417175,0.0,1.0,0.5795573228220828,0.5793903716378302,0.9999578657727667,0.9799578785896301,0.9999575137848788,0.999998575358699,0.9999985606398427,0.9999985720411679,0.9999985615863519,-11.018510222524066,-43.27374695826107,,814.7810105625196,False,False,False,,[]
114,114,115,True,1.0,1.0,114.0,115.0,114.0,115.0,115.0,0.0,79.66252800000001,79.5015936,111.33627295919696,0.5060127377510071,0.5060127377510071,0.0,1.0,0.5793903716378302,0.5792499673712641,0.9999575137848788,0.9799575209617615,0.99995721452844,0.9999985606398427,0.9999985474085944,0.9999985615863519,0.9999985510271248,-9.26723688757346,-36.39278589393172,,837.4365028709772,False,False,False,,[]
115,115,116,True,1.0,1.0,115.0,116.0,115.0,116.0,116.0,0.0,79.5015936,79.01879040000001,61.714272317689804,0.5060128569602966,0.5060128569602966,0.0,1.0,0.5792499673712641,0.5791748483859775,0.99995721452844,0.9799572229385376,0.9999570640134086,0.9999985474085944,0.9999985439806741,0.9999985510271248,0.999998542894197,-4.959229391365544,-19.47084098627868,,907.6623010366288,False,False,False,,[]
116,116,117,True,1.0,1.0,116.0,117.0,116.0,117.0,117.0,0.0,79.01879040000001,78.6969216,85.78424888069934,0.5060128569602966,0.5060128569602966,0.0,1.0,0.5791748483859775,0.5790656741847194,0.9999570640134086,0.979957103729248,0.9999568378518675,0.9999985439806741,0.9999985338589783,0.999998542894197,0.999998533124921,-7.207004588193476,-28.297952966111538,,868.2957485289675,False,False,False,,[]
117,117,118,True,1.0,1.0,117.0,118.0,117.0,118.0,118.0,0.0,78.6969216,78.2141184,60.65842892899371,0.5060129165649414,0.5060129165649414,0.0,1.0,0.5790656741847194,0.578991689766688,0.9999568378518675,0.979956865310669,0.999956689774599,0.9999985338589783,0.9999985298568966,0.999998533124921,0.9999985251204259,-4.884650026535324,-19.176761153747087,,908.4312874450251,False,False,False,,[]
118,118,119,True,1.0,1.0,118.0,119.0,118.0,119.0,119.0,0.0,78.2141184,77.8922496,84.7348501108559,0.5060129761695862,0.5060129761695862,0.0,1.0,0.578991689766688,0.5788846792183338,0.999956689774599,0.9799566864967346,0.9999564685639246,0.9999985298568966,0.999998519882238,0.9999985251204259,0.9999985154354148,-7.0646546200867455,-27.737134133419218,,870.4801408740094,False,False,False,,[]
119,119,120,True,1.0,1.0,119.0,120.0,119.0,120.0,120.0,0.0,77.8922496,77.40944640000001,59.61332657171872,0.506013035774231,0.506013035774231,0.0,1.0,0.5788846792183338,0.5788133712110382,0.9999564685639246,0.9799565076828003,0.9999563262165888,0.999998519882238,0.9999985166382466,0.9999985154354148,0.9999985075606262,-4.7082706007212405,-18.48303549102349,,911.8583819679976,False,False,False,,[]
120,120,121,True,1.0,1.0,120.0,121.0,120.0,121.0,121.0,0.0,77.40944640000001,76.76570880000001,34.286649332436205,0.5060130953788757,0.5060130953788757,0.0,1.0,0.5788133712110382,0.5787712049697746,0.9999563262165888,0.979956328868866,0.9999562444087591,0.9999985166382466,0.9999985144155464,0.9999985075606262,0.9999985023123429,-2.784479872713712,-10.929489735507369,,945.3421975117599,False,False,False,,[]
121,121,122,True,1.0,1.0,121.0,122.0,121.0,122.0,122.0,0.0,76.76570880000001,76.2829056,58.1682282043193,0.5060130953788757,0.5060130953788757,0.0,1.0,0.5787712049697746,0.5787024869295038,0.9999562444087591,0.9799562692642212,0.9999561075787219,0.9999985144155464,0.9999985112961151,0.9999985023123429,0.9999984946210141,-4.5376884832286235,-17.81171603820183,,914.7358235516847,False,False,False,,[]
122,122,123,True,1.0,1.0,122.0,123.0,122.0,123.0,123.0,0.0,76.2829056,76.1219712,106.9648879914315,0.5060131549835205,0.5060131549835205,0.0,1.0,0.5787024869295038,0.5785722325455932,0.9999561075787219,0.9799561500549316,0.9999558321259623,0.9999985112961151,0.9999984989292668,0.9999984946210141,0.9999984841649046,-8.599784769590881,-33.76193630960566,,847.0107086536494,False,False,False,,[]
123,123,124,True,1.0,1.0,123.0,124.0,123.0,124.0,124.0,0.0,76.1219712,76.44384000000001,180.87576741631455,0.5060132741928101,0.5060132741928101,0.0,1.0,0.5785722325455932,0.5783661522999647,0.9999558321259623,0.9799558520317078,0.9999554051508865,0.9999984989292668,0.9999984835739695,0.9999984841649046,0.9999984726016675,-13.602901127441044,-53.41599966690348,,783.8856393304677,False,False,False,,[]
124,124,125,True,1.0,1.0,124.0,125.0,124.0,125.0,125.0,0.0,76.44384000000001,76.9266432,205.98783884780306,0.5060133934020996,0.5060133934020996,0.0,1.0,0.5783661522999647,0.5781320807586888,0.9999554051508865,0.9799554347991943,0.9999549267064209,0.9999984835739695,0.9999984681646216,0.9999984726016675,0.9999984584535436,-15.448814459338296,-60.67134349869031,,762.5011338581904,False,False,False,,[]
125,125,126,True,1.0,1.0,125.0,126.0,125.0,126.0,126.0,0.0,76.9266432,77.0875776,157.1924679844653,0.5060135126113892,0.5060135126113892,0.0,1.0,0.5781320807586888,0.5779496482906279,0.9999549267064209,0.9799549579620361,0.9999545446452155,0.9999984681646216,0.999998453124872,0.9999984584535436,0.9999984487918592,-12.0421558433643,-47.286495721395696,,802.9935454093103,False,False,False,,[]
126,126,127,True,1.0,1.0,126.0,127.0,126.0,127.0,127.0,0.0,77.0875776,77.248512,157.39805132586358,0.5060136318206787,0.5060136318206787,0.0,1.0,0.5779496482906279,0.5777666117581548,0.9999545446452155,0.9799545407295227,0.9999541614211056,0.999998453124872,0.9999984380476399,0.9999984487918592,0.999998439097323,-12.081859119600526,-47.443069217017126,,802.4840336238169,False,False,False,,[]
127,127,128,True,1.0,1.0,127.0,128.0,127.0,128.0,128.0,0.0,77.248512,77.0875776,108.19452126852131,0.5060137510299683,0.5060137510299683,0.0,1.0,0.5777666117581548,0.5776335482290914,0.9999541614211056,0.979954183101654,0.9999538792534052,0.9999984380476399,0.9999984254362715,0.999998439097323,0.9999984286372351,-8.784523474027388,-34.490066733235565,,844.3437479064402,False,False,False,,[]
128,128,129,True,1.0,1.0,128.0,129.0,128.0,129.0,129.0,0.0,77.0875776,77.0875776,132.6932798058639,0.506013810634613,0.506013810634613,0.0,1.0,0.5776335482290914,0.5774748788754017,0.9999538792534052,0.9799538850784302,0.9999535435620038,0.9999984254362715,0.9999984113563258,0.9999984286372351,0.9999984179547772,-10.474207813332335,-41.12709647636569,,821.6920810326676,False,False,False,,[]
129,129,130,True,1.0,1.0,129.0,130.0,129.0,130.0,130.0,0.0,77.0875776,77.0875776,132.6932798058639,0.5060139298439026,0.5060139298439026,0.0,1.0,0.5774748788754017,0.5773162092238704,0.9999535435620038,0.9799535870552063,0.9999532078700138,0.9999984113563258,0.9999983972763786,0.9999984179547772,0.9999984072723185,-10.47420797737423,-41.12717367690728,,821.69183861881,False,False,False,,[]
130,130,131,True,1.0,1.0,130.0,131.0,130.0,131.0,131.0,0.0,77.0875776,77.248512,157.39805132586358,0.5060140490531921,0.5060140490531921,0.0,1.0,0.5773162092238704,0.5771331714895527,0.9999532078700138,0.9799532294273376,0.999952824643591,0.9999983972763786,0.9999983821991426,0.9999984072723185,0.9999983975777905,-12.081858784733122,-47.44338073516202,,802.4831135005153,False,False,False,,[]
131,131,132,True,1.0,1.0,131.0,132.0,131.0,132.0,132.0,0.0,77.248512,77.248512,132.899292788521,0.5060141086578369,0.5060141086578369,0.0,1.0,0.5771331714895527,0.5769739659502954,0.999952824643591,0.979952871799469,0.9999524878928091,0.9999983821991426,0.9999983680794633,0.9999983975777905,0.9999983868828066,-10.50941744583037,-41.266075775504596,,821.2235161620027,False,False,False,,[]
132,132,133,True,1.0,1.0,132.0,133.0,132.0,133.0,133.0,0.0,77.248512,77.248512,132.899292788521,0.5060142278671265,0.5060142278671265,0.0,1.0,0.5769739659502954,0.5768147601171562,0.9999524878928091,0.9799525141716003,0.9999521511414466,0.9999983680794633,0.9999983539597824,0.9999983868828066,0.9999983761878225,-10.50941757092041,-41.26615194967408,,821.2232776159567,False,False,False,,[]
133,133,134,True,1.0,1.0,133.0,134.0,133.0,134.0,134.0,0.0,77.248512,77.0875776,108.19452126852131,0.506014347076416,0.506014347076416,0.0,1.0,0.5768147601171562,0.5766816952060362,0.9999521511414466,0.9799521565437317,0.999951868970434,0.9999983539597824,0.9999983413484049,0.9999983761878225,0.9999983657277357,-8.784524123016432,-34.49042496230864,,844.3425207837331,False,False,False,,[]
134,134,135,True,1.0,1.0,134.0,135.0,134.0,135.0,135.0,0.0,77.0875776,76.1219712,-15.535349314136107,0.5060144662857056,0.5060144662857056,0.0,1.0,0.5766816952060362,0.576694225829715,0.999951868970434,0.9799518585205078,0.9999518453541375,0.9999983413484049,0.9999983405144007,0.9999983657277357,0.9999983631175343,0.8276197424586129,3.2479376575439245,,1006.7703173961783,False,False,False,,[]
135,135,136,True,1.0,1.0,135.0,136.0,135.0,136.0,136.0,0.0,76.1219712,74.029824,-189.69580538368453,0.5060144662857056,0.5060144662857056,0.0,1.0,0.576694225829715,0.576854545014607,0.9999518453541375,0.9799518585205078,0.999951506404939,0.9999983405144007,0.9999983253523109,0.9999983631175343,0.9999983509791728,10.594480949161008,41.55473272401966,,1110.0304516943745,False,False,False,,[]
136,136,137,True,1.0,1.0,136.0,137.0,136.0,137.0,137.0,0.0,74.029824,69.6845952,-538.1681660658212,0.5060145258903503,0.5060145258903503,0.0,1.0,0.576854545014607,0.5773184798663424,0.999951506404939,0.9799515008926392,0.9999506913862618,0.9999983253523109,0.999998307205411,0.9999983509791728,0.9999983275317456,30.692117280554093,120.25191356984017,,1517.0792560861414,False,False,False,,[]
137,137,138,True,1.0,1.0,137.0,138.0,137.0,138.0,138.0,0.0,69.6845952,66.30497280000002,-395.1190771177117,0.5060147643089294,0.5060147643089294,0.0,1.0,0.5773184798663424,0.5776361779695615,0.9999506913862618,0.9799507260322571,0.9999500713676428,0.999998307205411,0.9999982923181456,0.9999983275317456,0.9999983080584313,21.013568652394913,82.34734835436683,,1284.2504153457392,False,False,False,,[]
138,138,139,True,1.0,1.0,138.0,139.0,138.0,139.0,139.0,0.0,66.30497280000002,63.56908800000001,-300.1119830890685,0.5060150027275085,0.5060150027275085,0.0,1.0,0.5776361779695615,0.5778590155712875,0.9999500713676428,0.9799500703811646,0.9999496133515906,0.9999982923181456,0.9999982771473138,0.9999983080584313,0.9999982894789164,14.737660402117802,57.75950636737823,,1167.2502040586105,False,False,False,,[]
139,139,140,True,1.0,1.0,139.0,140.0,139.0,140.0,140.0,0.0,63.56908800000001,63.08628480000001,42.80769398960596,0.5060151219367981,0.5060151219367981,0.0,1.0,0.5778590155712875,0.5778116279267672,0.9999496133515906,0.9799496531486511,0.9999495209427653,0.9999982771473138,0.9999982725214647,0.9999982894789164,0.9999982834958328,-3.1318424538087273,-12.282877459647755,,936.9985945804208,False,False,False,,[]
140,140,141,True,1.0,1.0,140.0,141.0,140.0,141.0,141.0,0.0,63.08628480000001,62.764416000000004,67.00527400589839,0.5060151219367981,0.5060151219367981,0.0,1.0,0.5778116279267672,0.5777391114077428,0.9999495209427653,0.9799495339393616,0.9999493760117164,0.9999982725214647,0.9999982652108137,0.9999982834958328,0.9999982751278704,-4.792339135846103,-18.79628173112781,,906.8746416718,False,False,False,,[]
141,141,142,True,1.0,1.0,141.0,142.0,141.0,142.0,142.0,0.0,62.764416000000004,62.764416000000004,116.07883758304708,0.5060151815414429,0.5060151815414429,0.0,1.0,0.5777391114077428,0.5776211715307445,0.9999493760117164,0.979949414730072,0.9999491295874037,0.9999982652108137,0.999998254520142,0.9999982751278704,0.9999982639542269,-7.793174147880674,-30.570016117952868,,858.7770188882984,False,False,False,,[]
142,142,143,True,1.0,1.0,142.0,143.0,142.0,143.0,143.0,0.0,62.764416000000004,62.925350400000006,140.78360910304676,0.5060152411460876,0.5060152411460876,0.0,1.0,0.5776211715307445,0.5774814645814362,0.9999491295874037,0.9799491763114929,0.9999488317350889,0.999998254520142,0.9999982427333258,0.9999982639542269,0.9999982518772772,-9.230786043176616,-36.21204126070845,,837.9729474798013,False,False,False,,[]
143,143,144,True,1.0,1.0,143.0,144.0,143.0,144.0,144.0,0.0,62.925350400000006,63.56908800000001,215.06569857384562,0.5060153603553772,0.5060153603553772,0.0,1.0,0.5774814645814362,0.577279979619785,0.9999488317350889,0.979948878288269,0.9999484133879731,0.9999982427333258,0.9999982301050544,0.9999982518772772,0.9999982388139815,-13.309800576600159,-52.22490205999788,,788.0150846795848,False,False,False,,[]
144,144,145,True,1.0,1.0,144.0,145.0,144.0,145.0,145.0,0.0,63.56908800000001,64.5346944,265.150637669605,0.5060154795646667,0.5060154795646667,0.0,1.0,0.577279979619785,0.5770312898976295,0.9999484133879731,0.9799484610557556,0.9999479088350129,0.9999982301050544,0.9999982181450151,0.9999982388139815,0.9999982209465113,-16.424936444727045,-64.46037598270355,,752.4610021056112,False,False,False,,[]
145,145,146,True,1.0,1.0,145.0,146.0,145.0,146.0,146.0,0.0,64.5346944,65.983104,340.2909355509494,0.5060155987739563,0.5060155987739563,0.0,1.0,0.5770312898976295,0.5767067028152779,0.9999479088350129,0.9799479246139526,0.9999472780424385,0.9999982181450151,0.9999981996660146,0.9999982209465113,0.9999982014802172,-21.431199206240475,-84.13297174553786,,701.4533102108506,False,False,False,,[]
146,146,147,True,1.0,1.0,146.0,147.0,146.0,147.0,147.0,0.0,65.983104,67.592448,366.5636828378062,0.5060158371925354,0.5060158371925354,0.0,1.0,0.5767067028152779,0.5763549773696764,0.9999472780424385,0.9799472689628601,0.9999466062318914,0.9999981996660146,0.9999981830542259,0.9999982014802172,0.9999981817782029,-23.21891100568221,-91.1672354998878,,687.1811764461725,False,False,False,,[]
147,147,148,True,1.0,1.0,147.0,148.0,147.0,148.0,148.0,0.0,67.592448,69.36272640000001,393.05146557371177,0.5060160160064697,0.5060160160064697,0.0,1.0,0.5763549773696764,0.5759744060383049,0.9999466062318914,0.9799466133117676,0.9999458934155409,0.9999981830542259,0.9999981681707498,0.9999981817782029,0.9999981625573486,-25.118320783762876,-98.64408909150815,,672.9668491591005,False,False,False,,[]
148,148,149,True,1.0,1.0,148.0,149.0,148.0,149.0,149.0,0.0,69.36272640000001,70.32833280000001,271.53854387637347,0.5060162544250488,0.5060162544250488,0.0,1.0,0.5759744060383049,0.5756982946732124,0.9999458934155409,0.9799458980560303,0.9999453413939388,0.9999981681707498,0.9999981546139151,0.9999981625573486,0.9999981444783097,-18.227779101808498,-71.56806583194547,,733.7029538538523,False,False,False,,[]
149,149,150,True,1.0,1.0,149.0,150.0,149.0,150.0,150.0,0.0,70.32833280000001,70.9720704,223.247786669198,0.5060163736343384,0.5060163736343384,0.0,1.0,0.5756982946732124,0.5754667192487577,0.9999453413939388,0.9799453616142273,0.9999448674615639,0.9999981546139151,0.9999981407170152,0.9999981444783097,0.9999981305696046,-15.288866833999236,-60.0243500186586,,765.2431069000369,False,False,False,,[]
150,150,151,True,1.0,1.0,150.0,151.0,150.0,151.0,151.0,0.0,70.9720704,71.2939392,174.5926936762142,0.5060165524482727,0.5060165524482727,0.0,1.0,0.5754667192487577,0.5752810748938543,0.9999448674615639,0.9799448847770691,0.9999444792262758,0.9999981407170152,0.9999981264688561,0.9999981305696046,0.9999981205218125,-12.257693821052472,-48.11901679095667,,800.7919287911426,False,False,False,,[]
151,151,152,True,1.0,1.0,151.0,152.0,151.0,152.0,152.0,0.0,71.2939392,71.4548736,150.2677250272673,0.5060166120529175,0.5060166120529175,0.0,1.0,0.5752810748938543,0.575117085360988,0.9999444792262758,0.9799445271492004,0.9999441330497335,0.9999981264688561,0.9999981127369424,0.9999981205218125,0.9999981101457068,-10.828368782175726,-42.506086918919095,,817.8519369998988,False,False,False,,[]
152,152,153,True,1.0,1.0,152.0,153.0,152.0,153.0,153.0,0.0,71.4548736,71.7767424,175.16304244467958,0.506016731262207,0.506016731262207,0.0,1.0,0.575117085360988,0.5749296030983072,0.9999441330497335,0.9799441695213318,0.9999437412917732,0.9999981127369424,0.9999980983843555,0.9999981101457068,0.9999980999846855,-12.3785385389433,-48.595402486863435,,799.2508353597954,False,False,False,,[]
153,153,154,True,1.0,1.0,153.0,154.0,153.0,154.0,154.0,0.0,71.7767424,71.9376768,150.8406516432698,0.5060168504714966,0.5060168504714966,0.0,1.0,0.5749296030983072,0.5747639767477296,0.9999437412917732,0.9799437522888184,0.9999433919011974,0.9999980983843555,0.9999980845408143,0.9999980999846855,0.9999980895575339,-10.936007621467049,-42.930350069727204,,816.4357657542081,False,False,False,,[]
154,154,155,True,1.0,1.0,154.0,155.0,154.0,155.0,155.0,0.0,71.9376768,72.2595456,175.73725798445068,0.5060169696807861,0.5060169696807861,0.0,1.0,0.5747639767477296,0.5745746350060635,0.9999433919011974,0.9799433946609497,0.9999429965868704,0.9999980845408143,0.9999980700839017,0.9999980895575339,0.9999980792721479,-12.500798866913176,-49.0773794398539,,797.6927707147298,False,False,False,,[]
155,155,156,True,1.0,1.0,155.0,156.0,155.0,156.0,156.0,0.0,72.2595456,72.74234880000002,200.82698807058725,0.5060170888900757,0.5060170888900757,0.0,1.0,0.5745746350060635,0.5743589855700435,0.9999429965868704,0.979943037033081,0.9999425518039183,0.9999980700839017,0.9999980554692954,0.9999980792721479,0.9999980668022773,-14.236195364573693,-55.89633381638057,,776.8726816780166,False,False,False,,[]
156,156,157,True,1.0,1.0,156.0,157.0,156.0,157.0,157.0,0.0,72.74234880000002,73.54702080000001,250.8171912692104,0.5060172080993652,0.5060172080993652,0.0,1.0,0.5743589855700435,0.574091624177937,0.9999425518039183,0.9799425601959229,0.9999420147100471,0.9999980554692954,0.9999980420719777,0.9999980668022773,0.9999980494214472,-17.646519924277822,-69.3000728340018,,739.7276278412388,False,False,False,,[]
157,157,158,True,1.0,1.0,157.0,158.0,157.0,158.0,158.0,0.0,73.54702080000001,73.8688896,177.67923646538725,0.5060173869132996,0.5060173869132996,0.0,1.0,0.574091624177937,0.5738959018162013,0.9999420147100471,0.9799420237541199,0.9999416072514221,0.9999980420719777,0.9999980272681777,0.9999980494214472,0.9999980386143467,-12.920383629169686,-50.7312361618838,,792.3433486123308,False,False,False,,[]
158,158,159,True,1.0,1.0,158.0,159.0,158.0,159.0,159.0,0.0,73.8688896,74.5126272,227.4823308966584,0.5060175061225891,0.5060175061225891,0.0,1.0,0.5738959018162013,0.5736479205678893,0.9999416072514221,0.9799416065216064,0.9999411039512093,0.9999980272681777,0.9999980127890294,0.9999980386143467,0.9999980231511426,-16.367126901189668,-64.27673956248404,,752.8682651732202,False,False,False,,[]
159,159,160,True,1.0,1.0,159.0,160.0,159.0,160.0,160.0,0.0,74.5126272,75.3172992,252.97936089428183,0.5060176849365234,0.5060176849365234,0.0,1.0,0.5736479205678893,0.5733721344560124,0.9999411039512093,0.9799411296844482,0.9999405524807514,0.9999980127890294,0.9999979991733626,0.9999980231511426,0.9999980053772615,-18.19988796036794,-71.48376019848739,,734.0404706405801,False,False,False,,[]
160,160,161,True,1.0,1.0,160.0,161.0,160.0,161.0,161.0,0.0,75.3172992,75.4782336,155.16026483958743,0.506017804145813,0.506017804145813,0.0,1.0,0.5733721344560124,0.5731950715391118,0.9999405524807514,0.9799405932426453,0.999940180791714,0.9999979991733626,0.9999979845081965,0.9999980053772615,0.9999979954630575,-11.687870459375565,-45.89470806064447,,807.2255138438753,False,False,False,,[]
161,161,162,True,1.0,1.0,161.0,162.0,161.0,162.0,162.0,0.0,75.4782336,75.63916800000001,155.36155176842314,0.5060179233551025,0.5060179233551025,0.0,1.0,0.5731950715391118,0.5730174900543078,0.999940180791714,0.9799401760101318,0.9999398080982409,0.9999979845081965,0.9999979698055882,0.9999979954630575,0.9999979855886069,-11.721947434150058,-46.02912086117646,,806.8238638297514,False,False,False,,[]
162,162,163,True,1.0,1.0,162.0,163.0,162.0,163.0,163.0,0.0,75.63916800000001,75.80010240000001,155.56326833850787,0.5060180425643921,0.5060180425643921,0.0,1.0,0.5730174900543078,0.5728393890926411,0.9999398080982409,0.9799398183822632,0.999939434399156,0.9999979698055882,0.9999979550655318,0.9999979855886069,0.9999979757543757,-11.756083795829399,-46.16376926400511,,806.4222449811641,False,False,False,,[]
163,163,164,True,1.0,1.0,163.0,164.0,163.0,164.0,164.0,0.0,75.80010240000001,76.60477440000001,254.58450062985403,0.5060181617736816,0.5060181617736816,0.0,1.0,0.5728393890926411,0.5725577330280761,0.999939434399156,0.9799394607543945,0.999938873027001,0.9999979550655318,0.9999979412983607,0.9999979757543757,0.9999979580306381,-18.585259639608932,-73.0052519352532,,730.3085862208417,False,False,False,,[]
164,164,165,True,1.0,1.0,164.0,165.0,164.0,165.0,165.0,0.0,76.60477440000001,77.0875776,206.19213326543277,0.506018340587616,0.506018340587616,0.0,1.0,0.5725577330280761,0.5723229573846161,0.999938873027001,0.9799388647079468,0.9999383933125838,0.9999979412983607,0.9999979258590919,0.9999979580306381,0.9999979438663716,-15.493259919409821,-60.85384678483351,,761.9914864236644,False,False,False,,[]
165,165,166,True,1.0,1.0,165.0,166.0,165.0,166.0,166.0,0.0,77.0875776,77.248512,157.39805132586358,0.5060184597969055,0.5060184597969055,0.0,1.0,0.5723229573846161,0.5721398998060003,0.9999383933125838,0.9799383878707886,0.9999380100479718,0.9999979258590919,0.9999979107818157,0.9999979438663716,0.9999979341719303,-12.08185524463881,-47.44852437720364,,802.4679050531779,False,False,False,,[]
166,166,167,True,1.0,1.0,166.0,167.0,166.0,167.0,167.0,0.0,77.248512,77.248512,132.899292788521,0.5060185790061951,0.5060185790061951,0.0,1.0,0.5721398998060003,0.5719806770789189,0.9999380100479718,0.9799380302429199,0.9999376732632405,0.9999979107818157,0.9999978966620776,0.9999979341719303,0.9999979234769388,-10.509422136605686,-41.270530859520704,,821.2095905161245,False,False,False,,[]
167,167,168,True,1.0,1.0,167.0,168.0,167.0,168.0,168.0,0.0,77.248512,77.0875776,108.19452126852131,0.5060186982154846,0.5060186982154846,0.0,1.0,0.5719806770789189,0.5718475981935802,0.9999376732632405,0.9799376726150513,0.9999373910587368,0.9999978966620776,0.9999978840506342,0.9999979234769388,0.9999979130168603,-8.784528860547303,-34.494047079789425,,844.3301297672974,False,False,False,,[]
168,168,169,True,1.0,1.0,168.0,169.0,168.0,169.0,169.0,0.0,77.0875776,76.9266432,107.98850828586227,0.5060187578201294,0.5060187578201294,0.0,1.0,0.5718475981935802,0.5717149949940001,0.9999373910587368,0.9799374341964722,0.9999371099937866,0.9999978840506342,0.9999978714800821,0.9999979130168603,0.999997902561195,-8.753233496343404,-34.370749331164845,,844.7830212594696,False,False,False,,[]
169,169,170,True,1.0,1.0,169.0,170.0,169.0,170.0,170.0,0.0,76.9266432,76.1219712,8.963838864465272,0.506018877029419,0.506018877029419,0.0,1.0,0.5717149949940001,0.571703865643308,0.9999371099937866,0.9799371361732483,0.999937089047184,0.9999978714800821,0.9999978709993661,0.999997902561195,0.9999979009983389,-0.7349456778283359,-2.884727699395281,,984.9620106046372,False,False,False,,[]
170,170,171,True,1.0,1.0,170.0,171.0,170.0,171.0,171.0,0.0,76.1219712,75.1563648,-16.762404743684854,0.506018877029419,0.506018877029419,0.0,1.0,0.571703865643308,0.5717170660508968,0.999937089047184,0.9799371361732483,0.9999370641522484,0.9999978709993661,0.9999978699331151,0.9999979009983389,0.9999978982376412,0.8718321907832508,3.4215456470255665,,1006.9316828397303,False,False,False,,[]
171,171,172,True,1.0,1.0,171.0,172.0,171.0,172.0,172.0,0.0,75.1563648,74.35169280000001,6.730778432012474,0.506018877029419,0.506018877029419,0.0,1.0,0.5717170660508968,0.571708880825188,0.9999370641522484,0.9799370765686035,0.9999370487911031,0.9999978699331151,0.9999978695805047,0.9999978982376412,0.9999978970767196,-0.540605642574549,-2.121610503706961,,988.8899478167382,False,False,False,,[]
172,172,173,True,1.0,1.0,172.0,173.0,172.0,173.0,173.0,0.0,74.35169280000001,73.8688896,55.14247965298978,0.506018877029419,0.506018877029419,0.0,1.0,0.571708880825188,0.5716454797850431,0.9999370487911031,0.9799370765686035,0.9999369232031156,0.9999978695805047,0.9999978667165909,0.9999978970767196,0.9999978897742857,-4.186936887379479,-16.4335496055496,,920.7033328885219,False,False,False,,[]
173,173,174,True,1.0,1.0,173.0,174.0,173.0,174.0,174.0,0.0,73.8688896,73.54702080000001,79.25370177666228,0.5060189366340637,0.5060189366340637,0.0,1.0,0.5716454797850431,0.5715496600951555,0.9999369232031156,0.979936957359314,0.9999367272826766,0.9999978667165909,0.9999978575296344,0.9999978897742857,0.9999978806078538,-6.327398945705156,-24.83646361886185,,882.0169014400057,False,False,False,,[]
174,174,175,True,1.0,1.0,174.0,175.0,174.0,175.0,175.0,0.0,73.54702080000001,73.22515200000001,78.86015038538855,0.5060189962387085,0.5060189962387085,0.0,1.0,0.5715496600951555,0.5714546191795409,0.9999367272826766,0.9799367189407349,0.9999365331025729,0.9999978575296344,0.9999978484005027,0.9999978806078538,0.9999978714685493,-6.276110152912099,-24.634605327318674,,882.8249704036009,False,False,False,,[]
175,175,176,True,1.0,1.0,175.0,176.0,175.0,176.0,176.0,0.0,73.22515200000001,73.0642176,103.17308907914772,0.5060190558433533,0.5060190558433533,0.0,1.0,0.5714546191795409,0.57133326391994,0.9999365331025729,0.9799365401268005,0.9999362786935361,0.9999978484005027,0.9999978367940701,0.9999978714685493,0.9999978613207299,-8.01328946936285,-31.45528328855199,,855.7611095449485,False,False,False,,[]
176,176,177,True,1.0,1.0,176.0,177.0,176.0,177.0,177.0,0.0,73.0642176,72.9032832,102.97781712790979,0.506019115447998,0.506019115447998,0.0,1.0,0.57133326391994,0.5712123567154742,0.9999362786935361,0.9799363017082214,0.9999360253348775,0.9999978367940701,0.9999978252270632,0.9999978613207299,0.9999978511825917,-7.983774100104362,-31.339147397539314,,856.2023442218652,False,False,False,,[]
177,177,178,True,1.0,1.0,177.0,178.0,177.0,178.0,178.0,0.0,72.9032832,72.42048,53.37343177793131,0.5060191750526428,0.5060191750526428,0.0,1.0,0.5712123567154742,0.5711520351677256,0.9999360253348775,0.9799360632896423,0.9999359062063281,0.9999978252270632,0.9999978225092025,0.9999978511825917,0.9999978441330599,-3.9839576863021255,-15.635345176443781,,924.2128844878512,False,False,False,,[]
178,178,179,True,1.0,1.0,178.0,179.0,178.0,179.0,179.0,0.0,72.42048,70.811136,-120.1419179444627,0.5060192346572876,0.5060192346572876,0.0,1.0,0.5711520351677256,0.5712433011524153,0.9999359062063281,0.9799359440803528,0.9999357204262,0.9999978225092025,0.9999978100750899,0.9999978441330599,0.9999978336267629,6.0307738337809385,23.656143231561593,,1052.3519437803177,False,False,False,,[]
179,179,180,True,1.0,1.0,179.0,180.0,179.0,180.0,180.0,0.0,70.811136,69.36272640000001,-97.3490500174224,0.5060192942619324,0.5060192942619324,0.0,1.0,0.5712433011524153,0.5713135344645419,0.9999357204262,0.9799357652664185,0.9999355803715277,0.9999978100750899,0.9999977993642478,0.9999978336267629,0.9999978236188507,4.641125087534132,18.20447450322791,,1036.81640778924,False,False,False,,[]
180,180,181,True,1.0,1.0,180.0,181.0,180.0,181.0,181.0,0.0,69.36272640000001,67.91431680000001,-99.0330289236256,0.5060193538665771,0.5060193538665771,0.0,1.0,0.5713135344645419,0.5713835192348432,0.9999355803715277,0.9799355864524841,0.9999354408464096,0.9999977993642478,0.9999977887559253,0.9999978236188507,0.9999978135993937,4.625118682976089,18.14005246208969,,1036.7039635976525,False,False,False,,[]
181,181,182,True,1.0,1.0,181.0,182.0,181.0,182.0,182.0,0.0,67.91431680000001,66.78777600000001,-51.27266384802696,0.5060193538665771,0.5060193538665771,0.0,1.0,0.5713835192348432,0.5714175450713804,0.9999354408464096,0.9799354672431946,0.9999353753556103,0.9999977887559253,0.9999977830593137,0.9999978135993937,0.9999978069578859,2.248626221301117,8.819496830451243,,1015.3713384163849,False,False,False,,[]
182,182,183,True,1.0,1.0,182.0,183.0,182.0,183.0,183.0,0.0,66.78777600000001,66.78777600000001,120.40210273004786,0.5060193538665771,0.5060193538665771,0.0,1.0,0.5714175450713804,0.5712896300809669,0.9999353753556103,0.9799354076385498,0.9999351054683931,0.9999977830593137,0.999997771449788,0.9999978069578859,0.9999977963229421,-8.449649503529443,-33.15556551518556,,849.510720505527,False,False,False,,[]
183,183,184,True,1.0,1.0,183.0,184.0,183.0,184.0,184.0,0.0,66.78777600000001,67.7533824,268.6307318500479,0.5060194730758667,0.5060194730758667,0.0,1.0,0.5712896300809669,0.5710272417585297,0.9999351054683931,0.9799351096153259,0.9999345769511687,0.999997771449788,0.9999977587515254,0.9999977963229421,0.9999977794791154,-17.325065879039713,-68.01105317571631,,743.6148760777725,False,False,False,,[]
184,184,185,True,1.0,1.0,184.0,185.0,184.0,185.0,185.0,0.0,67.7533824,69.0408576,319.117815162214,0.506019651889801,0.506019651889801,0.0,1.0,0.5710272417585297,0.5707079776881759,0.9999345769511687,0.979934573173523,0.9999339544708792,0.9999977587515254,0.9999977403960378,0.9999977794791154,0.999997760409177,-21.075359145567635,-82.75324703568975,,704.7526632979263,False,False,False,,[]
185,185,186,True,1.0,1.0,185.0,186.0,185.0,186.0,186.0,0.0,69.0408576,70.00646400000001,271.1690523954889,0.5060198307037354,0.5060198307037354,0.0,1.0,0.5707079776881759,0.5704330449746761,0.9999339544708792,0.9799339771270752,0.9999334044478952,0.9999977403960378,0.9999977265047799,0.999997760409177,0.9999977424535114,-18.149920744901035,-71.26255933917308,,734.3319616585011,False,False,False,,[]
186,186,187,True,1.0,1.0,186.0,187.0,186.0,187.0,187.0,0.0,70.00646400000001,70.6502016,222.8731394932274,0.5060199499130249,0.5060199499130249,0.0,1.0,0.5704330449746761,0.5702028893578119,0.9999334044478952,0.9799334406852722,0.9999329330889466,0.9999977265047799,0.9999977126623185,0.9999977424535114,0.9999977286491019,-15.195081884318668,-59.65633589118896,,766.319707741568,False,False,False,,[]
187,187,188,True,1.0,1.0,187.0,188.0,187.0,188.0,188.0,0.0,70.6502016,70.16739840000001,50.690751770194346,0.5060201287269592,0.5060201287269592,0.0,1.0,0.5702028893578119,0.570146498357982,0.9999329330889466,0.979932963848114,0.9999328221502002,0.9999977126623185,0.9999977096608544,0.9999977286491019,0.9999977219439303,-3.7248611379907053,-14.616547155907806,,928.3400311315987,False,False,False,,[]
188,188,189,True,1.0,1.0,188.0,189.0,188.0,189.0,189.0,0.0,70.16739840000001,69.6845952,50.12684762058359,0.5060201287269592,0.5060201287269592,0.0,1.0,0.570146498357982,0.5700916710086658,0.9999328221502002,0.9799328446388245,0.9999327144525116,0.9999977096608544,0.9999977072044194,0.9999977219439303,0.9999977153387055,-3.6217057718067545,-14.211248942772162,,930.5279223847959,False,False,False,,[]
189,189,190,True,1.0,1.0,189.0,190.0,189.0,190.0,190.0,0.0,69.6845952,69.20179200000001,49.56681024228835,0.506020188331604,0.506020188331604,0.0,1.0,0.5700916710086658,0.5700377922398118,0.9999327144525116,0.9799327254295349,0.9999326087162904,0.9999977072044194,0.9999977047921993,0.9999977153387055,0.9999977088231772,-3.5591662846472736,-13.96537688695191,,931.636391701501,False,False,False,,[]
190,190,191,True,1.0,1.0,190.0,191.0,190.0,191.0,191.0,0.0,69.20179200000001,69.36272640000001,147.82972571530146,0.506020188331604,0.506020188331604,0.0,1.0,0.5700377922398118,0.5698802862797904,0.9999326087162904,0.9799326062202454,0.9999322753255224,0.9999977047921993,0.9999976915424236,0.9999977088231772,0.9999976982136591,-10.40157022172866,-40.82554483753326,,823.2456037425816,False,False,False,,[]
191,191,192,True,1.0,1.0,191.0,192.0,191.0,192.0,192.0,0.0,69.36272640000001,69.8455296,197.4242293163725,0.5060203075408936,0.5060203075408936,0.0,1.0,0.5698802862797904,0.5696767608296744,0.9999322753255224,0.9799323081970215,0.9999318531411998,0.9999976915424236,0.999997677493686,0.9999976982136591,0.9999976867298399,-13.43851429315693,-52.75379667005789,,786.610975509467,False,False,False,,[]
192,192,193,True,1.0,1.0,192.0,193.0,192.0,193.0,193.0,0.0,69.8455296,70.6502016,247.39123188712995,0.5060204267501831,0.5060204267501831,0.0,1.0,0.5696767608296744,0.5694236269216705,0.9999318531411998,0.9799318909645081,0.9999313407596115,0.999997677493686,0.9999976644770543,0.9999976867298399,0.9999976707128266,-16.710912732895633,-65.61230895462516,,749.9592893429356,False,False,False,,[]
193,193,194,True,1.0,1.0,193.0,194.0,193.0,194.0,194.0,0.0,70.6502016,71.2939392,223.6241524101921,0.5060206055641174,0.5060206055641174,0.0,1.0,0.5694236269216705,0.569190544883228,0.9999313407596115,0.9799313545227051,0.9999308641019551,0.9999976644770543,0.9999976505260315,0.9999976707128266,0.9999976566344746,-15.387305580728002,-60.41486436429057,,764.0720025645332,False,False,False,,[]
194,194,195,True,1.0,1.0,194.0,195.0,194.0,195.0,195.0,0.0,71.2939392,71.7767424,199.67726806726859,0.506020724773407,0.506020724773407,0.0,1.0,0.569190544883228,0.5689789571323923,0.9999308641019551,0.9799308776855469,0.9999304268511815,0.9999976505260315,0.9999976360987896,0.9999976566344746,0.9999976444777412,-13.96865224210891,-54.84354501660043,,780.0939960467718,False,False,False,,[]
195,195,196,True,1.0,1.0,195.0,196.0,195.0,196.0,196.0,0.0,71.7767424,72.2595456,200.25019468326917,0.5060208439826965,0.5060208439826965,0.0,1.0,0.5689789571323923,0.568765348992284,0.9999304268511815,0.9799304604530334,0.999929985848796,0.9999976360987896,0.9999976215777036,0.9999976444777412,0.99999763217379,-14.101465329155285,-55.367229916067764,,778.4927878567821,False,False,False,,[]
196,196,197,True,1.0,1.0,196.0,197.0,196.0,197.0,197.0,0.0,72.2595456,72.0986112,102.00790199058459,0.5060210227966309,0.5060210227966309,0.0,1.0,0.568765348992284,0.5686465753636002,0.999929985848796,0.9799299836158752,0.9999297374799422,0.9999976215777036,0.9999976102068764,0.99999763217379,0.9999976220126471,-7.842989163388726,-30.786124554840775,,858.2641295753635,False,False,False,,[]
197,197,198,True,1.0,1.0,197.0,198.0,197.0,198.0,198.0,0.0,72.0986112,71.4548736,27.700893326888714,0.5060210824012756,0.5060210824012756,0.0,1.0,0.5686465753636002,0.5686146223205879,0.9999297374799422,0.9799297451972961,0.9999296761033085,0.9999976102068764,0.9999976085348011,0.9999976220126471,0.9999976178973851,-2.1105512067815653,-8.282228748790262,,957.9663123278515,False,False,False,,[]
198,198,199,True,1.0,1.0,198.0,199.0,198.0,199.0,199.0,0.0,71.4548736,70.6502016,2.229641804679872,0.5060210824012756,0.5060210824012756,0.0,1.0,0.5686146223205879,0.5686120082632842,0.9999296761033085,0.9799296855926514,0.9999296712241931,0.9999976085348011,0.9999976084015739,0.9999976178973851,0.9999976175248253,-0.17268638723245025,-0.6775636531406162,,996.405213296544,False,False,False,,[]
199,199,200,True,1.0,1.0,199.0,200.0,199.0,200.0,200.0,0.0,70.6502016,69.8455296,1.2812087301930295,0.5060210824012756,0.5060210824012756,0.0,1.0,0.5686120082632842,0.5686107144971693,0.9999296712241931,0.9799296855926514,0.9999296688125067,0.9999976084015739,0.9999976083384999,0.9999976175248253,0.9999976174529902,-0.08547215449586573,-0.3353441769833822,,998.3329398906288,False,False,False,,[]
200,200,201,True,1.0,1.0,200.0,201.0,200.0,201.0,201.0,0.0,69.8455296,69.52366080000002,74.4578312471322,0.5060210824012756,0.5060210824012756,0.0,1.0,0.5686107144971693,0.5685245259630684,0.9999296688125067,0.9799296855926514,0.9999294942372771,0.9999976083384999,0.9999975998674304,0.9999976174529902,0.9999976088244872,-5.692798322364448,-22.34006803896426,,892.2631269679067,False,False,False,,[]
201,201,202,True,1.0,1.0,201.0,202.0,201.0,202.0,202.0,0.0,69.52366080000002,69.52366080000002,123.49530495870201,0.5060211420059204,0.5060211420059204,0.0,1.0,0.5685245259630684,0.5683890676552533,0.9999294942372771,0.979929506778717,0.9999292063176016,0.9999975998674304,0.9999975876171274,0.9999976088244872,0.9999975982932919,-8.94585341717901,-35.11079338565537,,842.4374327956,False,False,False,,[]
202,202,203,True,1.0,1.0,202.0,203.0,202.0,203.0,203.0,0.0,69.52366080000002,69.36272640000001,98.79053343870038,0.50602126121521,0.50602126121521,0.0,1.0,0.5683890676552533,0.5682776162356137,0.9999292063176016,0.9799292087554932,0.9999289749237438,0.9999975876171274,0.999997576901593,0.9999975982932919,0.9999975883026303,-7.360928175604398,-28.888207970602995,,865.5782873908823,False,False,False,,[]
203,203,204,True,1.0,1.0,203.0,204.0,203.0,204.0,204.0,0.0,69.36272640000001,69.20179200000001,98.6051432363738,0.5060213208198547,0.5060213208198547,0.0,1.0,0.5682776162356137,0.5681666074110808,0.9999289749237438,0.9799289703369141,0.9999287445485643,0.999997576901593,0.9999975662240242,0.9999975883026303,0.9999975783418003,-7.331748116222877,-28.773487318922495,,866.0372517938665,False,False,False,,[]
204,204,205,True,1.0,1.0,204.0,205.0,204.0,205.0,205.0,0.0,69.20179200000001,69.20179200000001,123.12495419530178,0.5060213804244995,0.5060213804244995,0.0,1.0,0.5681666074110808,0.5680319236899363,0.9999287445485643,0.9799287915229797,0.9999284584921325,0.9999975662240242,0.9999975540497367,0.9999975783418003,0.9999975676835016,-8.894779110192134,-34.91002052068061,,843.083630232989,False,False,False,,[]
205,205,206,True,1.0,1.0,205.0,206.0,205.0,206.0,206.0,0.0,69.20179200000001,69.36272640000001,147.82972571530146,0.5060214400291443,0.5060214400291443,0.0,1.0,0.5680319236899363,0.567874412219106,0.9999284584921325,0.9799284934997559,0.9999281250904603,0.9999975540497367,0.9999975407999486,0.9999975676835016,0.9999975570739752,-10.401571629193334,-40.82697323921579,,823.241115893683,False,False,False,,[]
206,206,207,True,1.0,1.0,206.0,207.0,206.0,207.0,207.0,0.0,69.36272640000001,69.8455296,197.4242293163725,0.5060215592384338,0.5060215592384338,0.0,1.0,0.567874412219106,0.5676708797801536,0.9999281250904603,0.9799281358718872,0.9999277028930115,0.9999975407999486,0.999997526751213,0.9999975570739752,0.9999975455901959,-13.438511261047083,-52.755608176428744,,786.6058649289199,False,False,False,,[]
207,207,208,True,1.0,1.0,207.0,208.0,207.0,208.0,208.0,0.0,69.8455296,70.6502016,247.39123188712995,0.5060216784477234,0.5060216784477234,0.0,1.0,0.5676708797801536,0.5674177372782615,0.9999277028930115,0.9799277186393738,0.9999271904963345,0.999997526751213,0.9999975137346073,0.9999975455901959,0.9999975295732415,-16.710906794894324,-65.61453649043315,,749.9536549069239,False,False,False,,[]
208,208,209,True,1.0,1.0,208.0,209.0,208.0,209.0,209.0,0.0,70.6502016,70.811136,149.50983785019304,0.5060218572616577,0.5060218572616577,0.0,1.0,0.5674177372782615,0.5672559020600455,0.9999271904963345,0.9799271821975708,0.9999268485584981,0.9999975137346073,0.9999975001512811,0.9999975295732415,0.9999975192664196,-10.685863877348183,-41.9476885615761,,819.7264547913101,False,False,False,,[]
209,209,210,True,1.0,1.0,209.0,210.0,209.0,210.0,210.0,0.0,70.811136,70.00646400000001,1.4700360625782787,0.5060219168663025,0.5060219168663025,0.0,1.0,0.5672559020600455,0.5672543970396261,0.9999268485584981,0.9799268841743469,0.9999268457524365,0.9999975001512811,0.999997500064238,0.9999975192664196,0.9999975191838085,-0.09942432729625099,-0.390101292717946,,998.0485350132225,False,False,False,,[]
210,210,211,True,1.0,1.0,210.0,211.0,210.0,211.0,211.0,0.0,70.00646400000001,68.5580544,-98.28889026677236,0.5060219168663025,0.5060219168663025,0.0,1.0,0.5672543970396261,0.5673245595656513,0.9999268457524365,0.9799268841743469,0.9999267058486095,0.999997500064238,0.9999974894091253,0.9999975191838085,0.9999975092344787,4.636364292458992,18.186126745744545,,1036.879416791481,False,False,False,,[]
211,211,212,True,1.0,1.0,211.0,212.0,211.0,212.0,212.0,0.0,68.5580544,66.78777600000001,-149.36307835641685,0.5060219764709473,0.5060219764709473,0.0,1.0,0.5673245595656513,0.5674345841917597,0.9999267058486095,0.9799267053604126,0.9999264777356593,0.9999974894091253,0.9999974764176595,0.9999975092344787,0.9999974985463763,7.272037326043213,28.518383087297327,,1067.844157510705,False,False,False,,[]
212,212,213,True,1.0,1.0,212.0,213.0,212.0,213.0,213.0,0.0,66.78777600000001,65.5003008,-77.23606942995153,0.506022036075592,0.506022036075592,0.0,1.0,0.5674345841917597,0.5674844211672863,0.9999264777356593,0.9799265265464783,0.999926380317343,0.9999974764176595,0.9999974678356613,0.9999974985463763,0.9999974882793334,3.2936774894070204,12.917744056460561,,1021.7072983970085,False,False,False,,[]
213,213,214,True,1.0,1.0,213.0,214.0,213.0,214.0,214.0,0.0,65.5003008,64.37376,-53.94395836245754,0.5060220956802368,0.5060220956802368,0.0,1.0,0.5674844211672863,0.5675178632574264,0.999926380317343,0.9799264073371887,0.9999263159868492,0.9999974678356613,0.9999974619140649,0.9999974882793334,0.9999974803711429,2.2102090672896133,8.668189764326753,,1013.3552662184886,False,False,False,,[]
214,214,215,True,1.0,1.0,214.0,215.0,214.0,215.0,215.0,0.0,64.37376,64.37376,117.77592054758404,0.5060220956802368,0.5060220956802368,0.0,1.0,0.5675178632574264,0.5673956220131503,0.9999263159868492,0.979926347732544,0.999926059498225,0.9999974619140649,0.9999974508592719,0.9999974803711429,0.9999974690832245,-8.075576674416727,-31.68493051636611,,854.5308117996733,False,False,False,,[]
215,215,216,True,1.0,1.0,215.0,216.0,215.0,216.0,216.0,0.0,64.37376,64.8565632,191.89023510758108,0.5060222148895264,0.5060222148895264,0.0,1.0,0.5673956220131503,0.5672036921951273,0.999926059498225,0.9799260497093201,0.9999256592469241,0.9999974508592719,0.9999974378076889,0.9999974690832245,0.999997451498187,-12.676513273751404,-49.748208831556994,,792.0217628584886,False,False,False,,[]
216,216,217,True,1.0,1.0,216.0,217.0,216.0,217.0,217.0,0.0,64.8565632,65.983104,291.2268240814553,0.5060222744941711,0.5060222744941711,0.0,1.0,0.5672036921951273,0.5669255040517115,0.9999256592469241,0.9799256920814514,0.999925103713082,0.9999974378076889,0.9999974233836225,0.999997451498187,0.9999974334064877,-18.368004576318018,-72.10636677337521,,731.926559461725,False,False,False,,[]
217,217,218,True,1.0,1.0,217.0,218.0,217.0,218.0,218.0,0.0,65.983104,67.592448,366.5636828378062,0.5060224533081055,0.5060224533081055,0.0,1.0,0.5669255040517115,0.5665737408758434,0.999925103713082,0.9799250960350037,0.9999244318471247,0.9999974233836225,0.9999974067720875,0.9999974334064877,0.9999974137044927,-23.218890711978354,-91.17701518498453,,687.1608724356604,False,False,False,,[]
218,218,219,True,1.0,1.0,218.0,219.0,218.0,219.0,219.0,0.0,67.592448,68.7189888,294.2323794937111,0.5060226917266846,0.5060226917266846,0.0,1.0,0.5665737408758434,0.5662807471291152,0.9999244318471247,0.9799244403839111,0.9999238516230151,0.9999974067720875,0.9999973911540426,0.9999974137044927,0.9999973950481442,-19.341299951850612,-75.9439791519592,,721.8702237406287,False,False,False,,[]
219,219,220,True,1.0,1.0,219.0,220.0,219.0,220.0,220.0,0.0,68.7189888,69.36272640000001,221.39173643962846,0.5060228705406189,0.5060228705406189,0.0,1.0,0.5662807471291152,0.5660562681460883,0.9999238516230151,0.9799238443374634,0.9999233906028153,0.9999973911540426,0.9999973775314671,0.9999973950481442,0.9999973816946631,-14.820559645488396,-58.18495240058225,,770.6790176111284,False,False,False,,[]
220,220,221,True,1.0,1.0,220.0,221.0,220.0,221.0,221.0,0.0,69.36272640000001,69.52366080000002,148.01468627637513,0.5060229897499084,0.5060229897499084,0.0,1.0,0.5660562681460883,0.565898217021097,0.9999233906028153,0.97992342710495,0.999923056133627,0.9999973775314671,0.9999973642446706,0.9999973816946631,0.9999973710646478,-10.436594017855947,-40.96685159775539,,822.7643387097812,False,False,False,,[]
221,221,222,True,1.0,1.0,221.0,222.0,221.0,222.0,222.0,0.0,69.52366080000002,69.8455296,172.9048479986994,0.5060230493545532,0.5060230493545532,0.0,1.0,0.565898217021097,0.565718004079321,0.999923056133627,0.9799230694770813,0.9999226783521761,0.9999973642446706,0.9999973503102827,0.9999973710646478,0.9999973613599573,-11.89901192004701,-46.71119450833775,,805.3928037555931,False,False,False,,[]
222,222,223,True,1.0,1.0,222.0,223.0,222.0,223.0,223.0,0.0,69.8455296,70.6502016,247.39123188712995,0.5060231685638428,0.5060231685638428,0.0,1.0,0.565718004079321,0.5654648501113436,0.9999226783521761,0.9799227118492126,0.999922165935368,0.9999973503102827,0.999997337293708,0.9999973613599573,0.9999973453430729,-16.710899725831034,-65.61750849976255,,749.9461306935187,False,False,False,,[]
223,223,224,True,1.0,1.0,223.0,224.0,223.0,224.0,224.0,0.0,70.6502016,71.2939392,223.6241524101921,0.5060233473777771,0.5060233473777771,0.0,1.0,0.5654648501113436,0.5652317497651788,0.999922165935368,0.9799221754074097,0.99992168924463,0.999997337293708,0.9999973233427149,0.9999973453430729,0.9999973312648341,-15.387295427434998,-60.41960972593628,,764.0594667090437,False,False,False,,[]
224,224,225,True,1.0,1.0,224.0,225.0,224.0,225.0,225.0,0.0,71.2939392,71.9376768,224.38203958726825,0.5060234665870667,0.5060234665870667,0.0,1.0,0.5652317497651788,0.5649957183190123,0.99992168924463,0.9799216985702515,0.9999212072682739,0.9999973233427149,0.9999973092841005,0.9999973312648341,0.9999973169234885,-15.579959950081095,-61.179350846348626,,761.8298606377341,False,False,False,,[]
225,225,226,True,1.0,1.0,225.0,226.0,225.0,226.0,226.0,0.0,71.9376768,72.58141440000001,225.14680102445396,0.506023645401001,0.506023645401001,0.0,1.0,0.5649957183190123,0.5647567038457155,0.9999212072682739,0.9799212217330933,0.999920719934833,0.9999973092841005,0.9999972951188391,0.9999973169234885,0.9999973022858571,-15.776026374183148,-61.95255147852846,,759.5605640613081,False,False,False,,[]
226,226,227,True,1.0,1.0,226.0,227.0,226.0,227.0,227.0,0.0,72.58141440000001,73.0642176,201.21366520174368,0.5060237646102905,0.5060237646102905,0.0,1.0,0.5647567038457155,0.5645396790443566,0.999920719934833,0.9799207448959351,0.9999202726102634,0.9999972951188391,0.9999972804421026,0.9999973022858571,0.9999972897266619,-14.324975519045132,-56.25282851222514,,775.7992887144702,False,False,False,,[]
227,227,228,True,1.0,1.0,227.0,228.0,227.0,228.0,228.0,0.0,73.0642176,73.7079552,226.50167472791014,0.5060239434242249,0.5060239434242249,0.0,1.0,0.5645396790443566,0.5642954463674305,0.9999202726102634,0.9799202680587769,0.9999197759599451,0.9999972804421026,0.9999972660926408,0.9999972897266619,0.9999972746160436,-16.118941923839312,-63.305109859255126,,755.6535416675733,False,False,False,,[]
228,228,229,True,1.0,1.0,228.0,229.0,228.0,229.0,229.0,0.0,73.7079552,74.834496,301.39965494039603,0.5060240626335144,0.5060240626335144,0.0,1.0,0.5642954463674305,0.5639693482808297,0.9999197759599451,0.9799197912216187,0.9999191428235078,0.9999972660926408,0.9999972473602594,0.9999972746160436,0.9999972564479961,-21.515409765847135,-84.52462404692956,,701.1087955083685,False,False,False,,[]
229,229,230,True,1.0,1.0,229.0,230.0,229.0,230.0,230.0,0.0,74.834496,75.4782336,228.67329646063217,0.5060242414474487,0.5060242414474487,0.0,1.0,0.5639693482808297,0.5637166860547682,0.9999191428235078,0.9799191355705261,0.9999186312703664,0.9999972473602594,0.9999972327279378,0.9999972564479961,0.9999972404824634,-16.672796188446366,-65.49004899513434,,749.3918341751926,False,False,False,,[]
230,230,231,True,1.0,1.0,230.0,231.0,230.0,231.0,231.0,0.0,75.4782336,75.96103680000002,204.7710948084225,0.5060244202613831,0.5060244202613831,0.0,1.0,0.5637166860547682,0.5634869425829753,0.9999186312703664,0.9799186587333679,0.9999181606593743,0.9999972327279378,0.9999972174993359,0.9999972404824634,0.9999972267731785,-15.160841985568506,-59.54950788872881,,765.8478086374524,False,False,False,,[]
231,231,232,True,1.0,1.0,231.0,232.0,231.0,232.0,232.0,0.0,75.96103680000002,76.2829056,180.67276192245535,0.5060245394706726,0.5060245394706726,0.0,1.0,0.5634869425829753,0.5632815022694602,0.9999181606593743,0.9799181818962097,0.9999177348828725,0.9999972174993359,0.9999972021783191,0.9999972267731785,0.9999972152874187,-13.557651712063604,-53.25012926312231,,784.4215509847182,False,False,False,,[]
232,232,233,True,1.0,1.0,232.0,233.0,232.0,233.0,233.0,0.0,76.2829056,76.1219712,106.9648879914315,0.5060246586799622,0.5060246586799622,0.0,1.0,0.5632815022694602,0.5631512167972943,0.9999177348828725,0.9799177646636963,0.9999174593559903,0.9999972021783191,0.9999971898112981,0.9999972152874187,0.999997204831381,-8.599793551103602,-33.76999438539165,,846.9830158424776,False,False,False,,[]
233,233,234,True,1.0,1.0,233.0,234.0,233.0,234.0,234.0,0.0,76.1219712,76.1219712,131.46622437631515,0.5060247778892517,0.5060247778892517,0.0,1.0,0.5631512167972943,0.5629957297691383,0.9999174593559903,0.9799174666404724,0.9999171299642798,0.9999971898112981,0.9999971759689685,0.999997204831381,0.999997194255271,-10.262569315272133,-40.30223769805638,,824.5079114044353,False,False,False,,[]
234,234,235,True,1.0,1.0,234.0,235.0,234.0,235.0,235.0,0.0,76.1219712,75.96103680000002,106.76145285631549,0.5060248374938965,0.5060248374938965,0.0,1.0,0.5629957297691383,0.5628659073389453,0.9999171299642798,0.9799171686172485,0.999916855540972,0.9999971759689685,0.9999971636424989,0.999997194255271,0.9999971837998693,-8.569322019069316,-33.64997390603765,,847.4241378812684,False,False,False,,[]
235,235,236,True,1.0,1.0,235.0,236.0,235.0,236.0,236.0,0.0,75.96103680000002,75.96103680000002,131.263218882456,0.506024956703186,0.506024956703186,0.0,1.0,0.5628659073389453,0.5627109522982723,0.999916855540972,0.9799168705940247,0.9999165272043963,0.9999971636424989,0.9999971498396878,0.9999971837998693,0.99999717324182,-10.227568006196893,-40.16434654244544,,824.9807070721993,False,False,False,,[]
236,236,237,True,1.0,1.0,236.0,237.0,236.0,237.0,237.0,0.0,75.96103680000002,75.96103680000002,131.263218882456,0.5060250163078308,0.5060250163078308,0.0,1.0,0.5627109522982723,0.5625559971029271,0.9999165272043963,0.9799165725708008,0.9999161988675137,0.9999971498396878,0.9999971360368759,0.99999717324182,0.9999971626837704,-10.22756808569332,-40.16438663346241,,824.9805801627246,False,False,False,,[]
237,237,238,True,1.0,1.0,237.0,238.0,237.0,238.0,238.0,0.0,75.96103680000002,75.80010240000001,106.55844736245632,0.5060251355171204,0.5060251355171204,0.0,1.0,0.5625559971029271,0.5624266364450718,0.9999161988675137,0.9799162149429321,0.999915925543815,0.9999971360368759,0.9999971237508986,0.9999971626837704,0.9999971522292406,-8.538922794179681,-33.53028251609658,,847.8646489503194,False,False,False,,[]
238,238,239,True,1.0,1.0,238.0,239.0,238.0,239.0,239.0,0.0,75.80010240000001,75.63916800000001,106.35587150985398,0.5060251951217651,0.5060251951217651,0.0,1.0,0.5624266364450718,0.562297736698249,0.999915925543815,0.9799159169197083,0.9999156533167399,0.9999971237508986,0.9999971115053595,0.9999971522292406,0.9999971417758146,-8.50859552155621,-33.41081437647811,,848.3049116386698,False,False,False,,[]
239,239,240,True,1.0,1.0,239.0,240.0,239.0,240.0,240.0,0.0,75.63916800000001,75.63916800000001,130.8584968185082,0.5060253143310547,0.5060253143310547,0.0,1.0,0.562297736698249,0.5621438419484992,0.9999156533167399,0.9799156785011292,0.9999153270848441,0.9999971115053595,0.9999970977814919,0.9999971417758146,0.9999971312541577,-10.157799371008572,-39.8895191351484,,825.9251537482991,False,False,False,,[]
240,240,241,True,1.0,1.0,240.0,241.0,240.0,241.0,241.0,0.0,75.63916800000001,75.4782336,106.1537252985046,0.5060254335403442,0.5060254335403442,0.0,1.0,0.5621438419484992,0.5620154018409509,0.9999153270848441,0.9799153208732605,0.9999150559504375,0.9999970977814919,0.9999970855763307,0.9999971312541577,0.9999971208020685,-8.478340426540333,-33.29167587651227,,848.7445550269841,False,False,False,,[]
241,241,242,True,1.0,1.0,241.0,242.0,241.0,242.0,242.0,0.0,75.4782336,75.3172992,105.95200872841986,0.506025493144989,0.506025493144989,0.0,1.0,0.5620154018409509,0.5618874204118792,0.9999150559504375,0.9799150824546814,0.9999147859054908,0.9999970855763307,0.9999970734114921,0.9999971208020685,0.9999971103515451,-8.448157157091154,-33.17278641536669,,849.183855499883,False,False,False,,[]
242,242,243,True,1.0,1.0,242.0,243.0,242.0,243.0,243.0,0.0,75.3172992,75.4782336,155.16026483958743,0.5060255527496338,0.5060255527496338,0.0,1.0,0.5618874204118792,0.5617103345727863,0.9999147859054908,0.9799147844314575,0.9999144141720421,0.9999970734114921,0.9999970587462536,0.9999971103515451,0.9999971004372609,-11.687879828353578,-45.90064949287727,,807.2075844031209,False,False,False,,[]
243,243,244,True,1.0,1.0,243.0,244.0,243.0,244.0,244.0,0.0,75.4782336,75.63916800000001,155.36155176842314,0.5060256719589233,0.5060256719589233,0.0,1.0,0.5617103345727863,0.5615327300475375,0.9999144141720421,0.9799144268035889,0.9999140414339546,0.9999970587462536,0.9999970440435728,0.9999971004372609,0.9999970905627283,-11.721956873709614,-46.03509294451299,,806.8058610148719,False,False,False,,[]
244,244,245,True,1.0,1.0,244.0,245.0,244.0,245.0,245.0,0.0,75.63916800000001,75.96103680000002,180.26803985850756,0.5060257911682129,0.5060257911682129,0.0,1.0,0.5615327300475375,0.5613285906815606,0.9999140414339546,0.9799140691757202,0.9999136180970307,0.9999970440435728,0.9999970287912541,0.9999970905627283,0.9999970791624495,-13.471979141552014,-52.912923661197865,,785.4684220195417,False,False,False,,[]
245,245,246,True,1.0,1.0,245.0,246.0,245.0,246.0,246.0,0.0,75.96103680000002,76.44384000000001,205.37753344245505,0.5060259103775024,0.5060259103775024,0.0,1.0,0.5613285906815606,0.5610966794887157,0.9999136180970307,0.9799136519432068,0.999913143556802,0.9999970287912541,0.9999970134720937,0.9999970791624495,0.9999970652546903,-15.303063174955701,-60.11138118539304,,764.1800474363165,False,False,False,,[]
246,246,247,True,1.0,1.0,246.0,247.0,246.0,247.0,247.0,0.0,76.44384000000001,77.0875776,230.6926103678047,0.506026029586792,0.506026029586792,0.0,1.0,0.5610966794887157,0.5608361859376172,0.999913143556802,0.9799131751060486,0.9999126183247565,0.9999970134720937,0.9999969985901339,0.9999970652546903,0.9999970484735131,-17.18698150115156,-67.51992844472409,,743.6714161225451,False,False,False,,[]
247,247,248,True,1.0,1.0,247.0,248.0,247.0,248.0,248.0,0.0,77.0875776,77.248512,157.39805132586358,0.5060262084007263,0.5060262084007263,0.0,1.0,0.5608361859376172,0.5606531044397232,0.9999126183247565,0.9799126386642456,0.9999122350141143,0.9999969985901339,0.999996983512787,0.9999970484735131,0.9999970387792239,-12.08184902525583,-47.454724254137204,,802.4495908079896,False,False,False,,[]
248,248,249,True,1.0,1.0,248.0,249.0,248.0,249.0,249.0,0.0,77.248512,77.248512,132.899292788521,0.5060263276100159,0.5060263276100159,0.0,1.0,0.5606531044397232,0.5604938606727369,0.9999122350141143,0.979912281036377,0.9999118981878257,0.999996983512787,0.999996969392947,0.9999970387792239,0.9999970280842193,-10.509430266790908,-41.27598440283284,,821.1925217398237,False,False,False,,[]
249,249,250,True,1.0,1.0,249.0,250.0,249.0,250.0,250.0,0.0,77.248512,77.248512,132.899292788521,0.5060264468193054,0.5060264468193054,0.0,1.0,0.5604938606727369,0.5603346167776471,0.9999118981878257,0.9799119234085083,0.999911561361284,0.999996969392947,0.9999969552731055,0.9999970280842193,0.9999970173892146,-10.509430391865806,-41.27601760729252,,821.1924171667027,False,False,False,,[]
250,250,251,True,1.0,1.0,250.0,251.0,250.0,251.0,251.0,0.0,77.248512,77.248512,132.899292788521,0.5060265064239502,0.5060265064239502,0.0,1.0,0.5603346167776471,0.5601753727507924,0.999911561361284,0.9799115657806396,0.9999112245344821,0.9999969552731055,0.9999969411532631,0.9999970173892146,0.9999970066942099,-10.509430454403201,-41.27605176071641,,821.1923100871559,False,False,False,,[]
251,251,252,True,1.0,1.0,251.0,252.0,251.0,252.0,252.0,0.0,77.248512,77.248512,132.899292788521,0.5060266256332397,0.5060266256332397,0.0,1.0,0.5601753727507924,0.560016128586748,0.9999112245344821,0.9799112677574158,0.9999108877074092,0.9999969411532631,0.9999969270334191,0.9999970066942099,0.9999969959992049,-10.509430579477877,-41.276087320322716,,821.1921980989503,False,False,False,,[]
252,252,253,True,1.0,1.0,252.0,253.0,252.0,253.0,253.0,0.0,77.248512,77.40944640000001,157.60406430852066,0.5060267448425293,0.5060267448425293,0.0,1.0,0.560016128586748,0.5598324410836863,0.9999108877074092,0.9799109101295471,0.9999105032309927,0.9999969270334191,0.999996911918584,0.9999969959992049,0.9999969862719936,-12.121640170705806,-47.61180079357943,,801.9392873529634,False,False,False,,[]
253,253,254,True,1.0,1.0,253.0,254.0,253.0,254.0,254.0,0.0,77.40944640000001,77.57038080000001,157.81050693243657,0.5060268640518188,0.5060268640518188,0.0,1.0,0.5598324410836863,0.5596481468011069,0.9999105032309927,0.9799104928970337,0.999910117588123,0.999996911918584,0.9999968967662628,0.9999969862719936,0.9999969765117728,-12.161520101628433,-47.769078044612364,,801.4290367171437,False,False,False,,[]
254,254,255,True,1.0,1.0,254.0,255.0,254.0,255.0,255.0,0.0,77.57038080000001,77.57038080000001,133.3126076776057,0.5060269832611084,0.5060269832611084,0.0,1.0,0.5596481468011069,0.5594878832946001,0.999910117588123,0.979910135269165,0.9999097787487768,0.9999968967662628,0.9999968825668692,0.9999969765117728,0.9999969658445623,-10.576418504901461,-41.54030088654376,,820.3350929420293,False,False,False,,[]
255,255,256,True,1.0,1.0,255.0,256.0,255.0,256.0,256.0,0.0,77.57038080000001,77.40944640000001,108.60783615760407,0.5060270428657532,0.5060270428657532,0.0,1.0,0.5594878832946001,0.5593537873971626,0.9999097787487768,0.9799097776412964,0.9999094941045625,0.9999968825668692,0.9999968698733481,0.9999969658445623,0.9999969553374473,-8.850238533617635,-34.757656615794524,,843.3403003648866,False,False,False,,[]
256,256,257,True,1.0,1.0,256.0,257.0,256.0,257.0,257.0,0.0,77.40944640000001,78.2141184,256.6295930124353,0.5060271620750427,0.5060271620750427,0.0,1.0,0.5593537873971626,0.5590648387605918,0.9999094941045625,0.9799095392227173,0.9999089205648788,0.9999968698733481,0.9999968558529786,0.9999969553374473,0.9999969379507007,-19.061293038721278,-74.89548659914325,,725.8423053148023,False,False,False,,[]
257,257,258,True,1.0,1.0,257.0,258.0,257.0,258.0,258.0,0.0,78.2141184,78.6969216,208.25870771085624,0.506027340888977,0.506027340888977,0.0,1.0,0.5590648387605918,0.5588225437963422,0.9999089205648788,0.9799089431762695,0.9999084273661635,0.9999968558529786,0.9999968401171663,0.9999969379507007,0.9999969229851932,-15.985107364094716,-62.80285473348701,,756.2487955430419,False,False,False,,[]
258,258,259,True,1.0,1.0,258.0,259.0,258.0,259.0,259.0,0.0,78.6969216,79.01879040000001,184.18228652899407,0.5060274600982666,0.5060274600982666,0.0,1.0,0.5588225437963422,0.5586054939680158,0.9999084273661635,0.9799084663391113,0.9999079799953872,0.9999968401171663,0.9999968242160543,0.9999969229851932,0.9999969104518424,-14.320231474042039,-56.25931550220516,,775.0607951680523,False,False,False,,[]
259,259,260,True,1.0,1.0,259.0,260.0,259.0,260.0,260.0,0.0,79.01879040000001,79.01879040000001,135.19379192070065,0.5060275793075562,0.5060275793075562,0.0,1.0,0.5586054939680158,0.5584405915709798,0.9999079799953872,0.9799079895019531,0.9999076320256653,0.9999968242160543,0.999996809657354,0.9999969104518424,0.9999968999256692,-10.881253796613317,-42.74270131174357,,816.4703342870681,False,False,False,,[]
260,260,261,True,1.0,1.0,260.0,261.0,260.0,261.0,261.0,0.0,79.01879040000001,79.01879040000001,135.19379192070065,0.5060276985168457,0.5060276985168457,0.0,1.0,0.5584405915709798,0.5582756891176239,0.9999076320256653,0.9799076318740845,0.999907284055833,0.999996809657354,0.9999967950986522,0.9999968999256692,0.9999968893994957,-10.881253931806143,-42.74271590983033,,816.4702881133474,False,False,False,,[]
261,261,262,True,1.0,1.0,261.0,262.0,261.0,262.0,262.0,0.0,79.01879040000001,79.01879040000001,135.19379192070065,0.5060278177261353,0.5060278177261353,0.0,1.0,0.5582756891176239,0.5581107866008101,0.999907284055833,0.9799072742462158,0.999906936085876,0.9999967950986522,0.9999967805399488,0.9999968893994957,0.9999968788733218,-10.881254066998816,-42.74273235812911,,816.4702361006796,False,False,False,,[]
262,262,263,True,1.0,1.0,262.0,263.0,262.0,263.0,263.0,0.0,79.01879040000001,79.01879040000001,135.19379192070065,0.5060279369354248,0.5060279369354248,0.0,1.0,0.5581107866008101,0.5579458840136012,0.999906936085876,0.9799069762229919,0.9999065881157808,0.9999967805399488,0.9999967659812438,0.9999968788733218,0.9999968683471474,-10.881254202191336,-42.74275060455026,,816.4701786271844,False,False,False,,[]
263,263,264,True,1.0,1.0,263.0,264.0,263.0,264.0,264.0,0.0,79.01879040000001,78.857856,110.489020400699,0.5060279965400696,0.5060279965400696,0.0,1.0,0.5579458840136012,0.5578074102098387,0.9999065881157808,0.9799066185951233,0.9999062929170591,0.9999967659812438,0.9999967529162358,0.9999968683471474,0.9999968577932667,-9.13808382140427,-35.89240993524219,,839.198939106664,False,False,False,,[]
264,264,265,True,1.0,1.0,264.0,265.0,264.0,265.0,265.0,0.0,78.857856,78.6969216,110.27828136421859,0.5060281157493591,0.5060281157493591,0.0,1.0,0.5578074102098387,0.5576694245851371,0.9999062929170591,0.9799063205718994,0.999905998899486,0.9999967529162358,0.9999967398927146,0.9999968577932667,0.9999968472412741,-9.105981048709706,-35.76587392263634,,839.6567210793008,False,False,False,,[]
265,265,266,True,1.0,1.0,265.0,266.0,265.0,266.0,266.0,0.0,78.6969216,77.57038080000001,-38.16065715100502,0.5060281753540039,0.5060281753540039,0.0,1.0,0.5576694245851371,0.5577010409662898,0.999905998899486,0.9799060225486755,0.9999059381895231,0.9999967398927146,0.9999967373852297,0.9999968472412741,0.9999968414550359,2.0875751287659337,8.194965994774858,,1017.5545060026985,False,False,False,,[]
266,266,267,True,1.0,1.0,266.0,267.0,266.0,267.0,267.0,0.0,77.57038080000001,76.76570880000001,9.788750077605354,0.5060282349586487,0.5060282349586487,0.0,1.0,0.5577010409662898,0.5576887957062177,0.9999059381895231,0.9799059629440308,0.9999059151174893,0.9999967373852297,0.9999967368558492,0.9999968414550359,0.9999968397420984,-0.8084956706911179,-3.1739714107000934,,983.4826243691037,False,False,False,,[]
267,267,268,True,1.0,1.0,267.0,268.0,267.0,268.0,268.0,0.0,76.76570880000001,76.44384000000001,82.87299972431897,0.5060282349586487,0.5060282349586487,0.0,1.0,0.5576887957062177,0.5575856462500353,0.9999059151174893,0.9799059629440308,0.9999057026922952,0.9999967368558492,0.9999967271447875,0.9999968397420984,0.9999968302701737,-6.808931484458148,-26.736339042473343,,874.4507646781246,False,False,False,,[]
268,268,269,True,1.0,1.0,268.0,269.0,268.0,269.0,269.0,0.0,76.44384000000001,75.96103680000002,57.759209727805,0.5060282945632935,0.5060282945632935,0.0,1.0,0.5575856462500353,0.5575176399801829,0.9999057026922952,0.9799057245254517,0.9999055673737769,0.9999967271447875,0.9999967240602267,0.9999968302701737,0.9999968226317784,-4.4897105216258915,-17.6272251457434,,915.5320282492443,False,False,False,,[]
269,269,270,True,1.0,1.0,269.0,270.0,269.0,270.0,270.0,0.0,75.96103680000002,75.1563648,7.73936128245565,0.5060282945632935,0.5060282945632935,0.0,1.0,0.5575176399801829,0.5575081371549251,0.9999055673737769,0.9799056053161621,0.9999055495169015,0.9999967240602267,0.9999967236504069,0.9999968226317784,0.99999682129019,-0.6275058452664698,-2.463132306831444,,987.1279298472793,False,False,False,,[]
270,270,271,True,1.0,1.0,270.0,271.0,270.0,271.0,271.0,0.0,75.1563648,74.35169280000001,6.730778432012474,0.5060283541679382,0.5060283541679382,0.0,1.0,0.5575081371549251,0.5574999508698477,0.9999055495169015,0.9799055457115173,0.9999055341537522,0.9999967236504069,0.99999672329779,0.99999682129019,0.9999968201292898,-0.5406045262303109,-2.1218850920578713,,988.8887304283752,False,False,False,,[]
271,271,272,True,1.0,1.0,271.0,272.0,271.0,272.0,272.0,0.0,74.35169280000001,74.029824,79.8472511729914,0.5060283541679382,0.5060283541679382,0.0,1.0,0.5574999508698477,0.5574029414818746,0.9999055341537522,0.9799055457115173,0.9999053355697772,0.99999672329779,0.9999967140237569,0.9999968201292898,0.9999968109233702,-6.404871610363866,-25.144833362633694,,880.7874155221559,False,False,False,,[]
272,272,273,True,1.0,1.0,272.0,273.0,272.0,273.0,273.0,0.0,74.029824,73.7079552,79.45112193417856,0.506028413772583,0.506028413772583,0.0,1.0,0.5574029414818746,0.5573067174242302,0.9999053355697772,0.979905366897583,0.9999051387446917,0.9999967140237569,0.9999967048076756,0.9999968109233702,0.9999968017436945,-6.353158434891576,-24.941275741447786,,881.5991817356502,False,False,False,,[]
273,273,274,True,1.0,1.0,273.0,274.0,273.0,274.0,274.0,0.0,73.7079552,73.38608640000001,79.05671126039698,0.5060284733772278,0.5060284733772278,0.0,1.0,0.5573067174242302,0.5572112743561888,0.9999051387446917,0.9799051284790039,0.9999049436662106,0.9999967048076756,0.9999966956494626,0.9999968017436945,0.999996792590855,-6.301728256682297,-24.738843236335587,,882.4085054561059,False,False,False,,[]
274,274,275,True,1.0,1.0,274.0,275.0,274.0,275.0,275.0,0.0,73.38608640000001,73.0642176,78.66401915164084,0.5060285329818726,0.5060285329818726,0.0,1.0,0.5572112743561888,0.5571166079482961,0.9999049436662106,0.9799049496650696,0.9999047503221198,0.9999966956494626,0.9999966865490322,0.999996792590855,0.9999967834654327,-6.250580408794207,-24.537532925788334,,883.2153726521235,False,False,False,,[]
275,275,276,True,1.0,1.0,275.0,276.0,275.0,276.0,276.0,0.0,73.0642176,72.74234880000002,78.27304560791208,0.5060285925865173,0.5060285925865173,0.0,1.0,0.5571166079482961,0.5570227138824023,0.9999047503221198,0.9799047708511353,0.9999045587002752,0.9999966865490322,0.9999966775062958,0.9999967834654327,0.9999967743679975,-6.199714220167014,-24.33734187966989,,884.0197693367918,False,False,False,,[]
276,276,277,True,1.0,1.0,276.0,277.0,276.0,277.0,277.0,0.0,72.74234880000002,72.42048,77.88379062920676,0.5060286521911621,0.5060286521911621,0.0,1.0,0.5570227138824023,0.5569296041270979,0.9999045587002752,0.9799045920372009,0.9999043688248161,0.9999966775062958,0.9999966685211625,0.9999967743679975,0.9999967653120784,-6.1480546634641415,-24.134048574899044,,884.8474142854643,False,False,False,,[]
277,277,278,True,1.0,1.0,277.0,278.0,277.0,278.0,278.0,0.0,72.42048,71.9376768,52.791482695536985,0.5060286521911621,0.5060286521911621,0.0,1.0,0.5569296041270979,0.5568696321472182,0.9999043688248161,0.9799044132232666,0.9999042504271212,0.9999966685211625,0.9999966653166648,0.9999967653120784,0.9999967583352584,-3.9604466615198493,-15.54473718483091,,924.2203396169404,False,False,False,,[]
278,278,279,True,1.0,1.0,278.0,279.0,278.0,279.0,279.0,0.0,71.9376768,71.615808,76.91817190445198,0.5060287117958069,0.5060287117958069,0.0,1.0,0.5568696321472182,0.5567785295478218,0.9999042504271212,0.979904294013977,0.9999040650092171,0.9999966653166648,0.9999966564751258,0.9999967583352584,0.9999967494365296,-6.015860015766482,-23.61379376354432,,887.0087004897229,False,False,False,,[]
279,279,280,True,1.0,1.0,279.0,280.0,279.0,280.0,280.0,0.0,71.615808,71.13300480000001,51.83016038334675,0.5060287714004517,0.5060287714004517,0.0,1.0,0.5567785295478218,0.5567202155625643,0.9999040650092171,0.979904055595398,0.9999039500713393,0.9999966564751258,0.9999966533640546,0.9999967494365296,0.9999967425938873,-3.851165787198708,-15.11498497872906,,926.1304579223041,False,False,False,,[]
280,280,281,True,1.0,1.0,280.0,281.0,280.0,281.0,281.0,0.0,71.13300480000001,70.00646400000001,-47.560563388885924,0.5060287714004517,0.5060287714004517,0.0,1.0,0.5567202155625643,0.556756327823484,0.9999039500713393,0.9799039959907532,0.9999038804227073,0.9999966533640546,0.9999966510118824,0.9999967425938873,0.9999967362081121,2.385706426800949,9.360298030383863,,1020.834674613984,False,False,False,,[]
281,281,282,True,1.0,1.0,281.0,282.0,281.0,282.0,282.0,0.0,70.00646400000001,68.8799232,-48.879347226774954,0.5060288310050964,0.5060288310050964,0.0,1.0,0.556756327823484,0.5567928570314182,0.9999038804227073,0.9799038767814636,0.9999038099411797,0.9999966510118824,0.9999966486330778,0.9999967362081121,0.9999967297637138,2.4134418179722026,9.468370696527385,,1021.0936007131752,False,False,False,,[]
282,282,283,True,1.0,1.0,282.0,283.0,282.0,283.0,283.0,0.0,68.8799232,67.592448,-74.88185016306849,0.5060288310050964,0.5060288310050964,0.0,1.0,0.5567928570314182,0.5568441467060662,0.9999038099411797,0.9799038171768188,0.9999037095406339,0.9999966486330778,0.9999966401708252,0.9999967297637138,0.9999967211448513,3.3890616748405247,13.29428366876443,,1024.7670884954007,False,False,False,,[]
283,283,284,True,1.0,1.0,283.0,284.0,283.0,284.0,284.0,0.0,67.592448,64.5346944,-348.0916800262883,0.5060288906097412,0.5060288906097412,0.0,1.0,0.5568441467060662,0.557109215548984,0.9999037095406339,0.9799037575721741,0.9999031763922797,0.9999966401708252,0.9999966225731507,0.9999967211448513,0.9999967014709171,17.528115383422854,68.70584408428815,,1211.361209685556,False,False,False,,[]
284,284,285,True,1.0,1.0,284.0,285.0,284.0,285.0,285.0,0.0,64.5346944,62.12067840000001,-252.62358092904873,0.5060290098190308,0.5060290098190308,0.0,1.0,0.557109215548984,0.5572933442644549,0.9999031763922797,0.9799032211303711,0.9999027910676102,0.9999966225731507,0.9999966103353432,0.9999967014709171,0.9999966874145804,12.174762388424869,47.726163050066546,,1135.4631421114104,False,False,False,,[]
285,285,286,True,1.0,1.0,285.0,286.0,285.0,286.0,286.0,0.0,62.12067840000001,60.35040000000001,-156.3404523675764,0.5060291290283203,0.5060291290283203,0.0,1.0,0.5572933442644549,0.5573957192460772,0.9999027910676102,0.9799028038978577,0.9999025803970366,0.9999966103353432,0.9999965983959194,0.9999966874145804,0.9999966746075397,6.7682578550402805,26.53559523650525,,1059.9524584029846,False,False,False,,[]
286,286,287,True,1.0,1.0,286.0,287.0,286.0,287.0,287.0,0.0,60.35040000000001,57.6145152,-306.3673449681024,0.5060291886329651,0.5060291886329651,0.0,1.0,0.5573957192460772,0.5576031647383076,0.9999025803970366,0.9799026250839233,0.999902150868093,0.9999965983959194,0.9999965847575749,0.9999966746075397,0.9999966579240579,13.72049711692801,53.769871586131366,,1154.962164816232,False,False,False,,[]
287,287,288,True,1.0,1.0,287.0,288.0,287.0,288.0,288.0,0.0,57.6145152,55.84423680000001,-160.8155956988689,0.5060293674468994,0.5060293674468994,0.0,1.0,0.5576031647383076,0.5576997028255357,0.999902150868093,0.9799021482467651,0.9999019533399917,0.9999965847575749,0.9999965736034908,0.9999966579240579,0.999996644211334,6.383667442126861,25.022672209524167,,1054.7616080058351,False,False,False,,[]
288,288,289,True,1.0,1.0,288.0,289.0,288.0,289.0,289.0,0.0,55.84423680000001,54.717696000000004,-63.662443592288874,0.5060294270515442,0.5060294270515442,0.0,1.0,0.5576997028255357,0.5577343759769191,0.9999019533399917,0.9799019694328308,0.999901886561007,0.9999965736034908,0.999996567430052,0.999996644211334,0.9999966378888606,2.2925317099567217,8.98728083857148,,1015.7433523034377,False,False,False,,[]
289,289,290,True,1.0,1.0,289.0,290.0,289.0,290.0,290.0,0.0,54.717696000000004,53.591155199999996,-64.69551599437122,0.5060294270515442,0.5060294270515442,0.0,1.0,0.5577343759769191,0.5577690062061607,0.999901886561007,0.979901909828186,0.9999018198674889,0.999996567430052,0.999996561304083,0.9999966378888606,0.9999966317144499,2.289812373942675,8.976155419405483,,1015.909650657718,False,False,False,,[]
290,290,291,True,1.0,1.0,290.0,291.0,290.0,291.0,291.0,0.0,53.591155199999996,52.30368,-90.41230749486785,0.5060294270515442,0.5060294270515442,0.0,1.0,0.5577690062061607,0.557817087518997,0.9999018198674889,0.9799018502235413,0.9999017260423202,0.999996561304083,0.9999965536073421,0.9999966317144499,0.9999966234528589,3.179516749895856,12.462676287161722,,1023.2696261820004,False,False,False,,[]
291,291,292,True,1.0,1.0,291.0,292.0,291.0,292.0,292.0,0.0,52.30368,51.016204800000004,-91.54312328288336,0.506029486656189,0.506029486656189,0.0,1.0,0.557817087518997,0.5578644926282655,0.9999017260423202,0.9799017310142517,0.9999016335978581,0.9999965536073421,0.9999965460330877,0.9999966234528589,0.9999966151430586,3.134965301970553,12.287404322411396,,1022.7841622948163,False,False,False,,[]
292,292,293,True,1.0,1.0,292.0,293.0,292.0,293.0,293.0,0.0,51.016204800000004,49.24592640000001,-166.7607565904608,0.506029486656189,0.506029486656189,0.0,1.0,0.5578644926282655,0.5579519507780376,0.9999016335978581,0.9799016714096069,0.9999014562308595,0.9999965460330877,0.9999965354953538,0.9999966151430586,0.9999966017187634,5.784762373299689,22.66915242090719,,1047.9537569088563,False,False,False,,[]
293,293,294,True,1.0,1.0,293.0,294.0,293.0,294.0,294.0,0.0,49.24592640000001,47.63658240000001,-143.5281508370408,0.5060295462608337,0.5060295462608337,0.0,1.0,0.5579519507780376,0.5580228583968442,0.9999014562308595,0.9799014925956726,0.9999013147382237,0.9999965354953538,0.9999965259355016,0.9999966017187634,0.9999965891974398,4.690132758693733,18.379254794661122,,1035.9228837441747,False,False,False,,[]
294,294,295,True,1.0,1.0,294.0,295.0,294.0,295.0,295.0,0.0,47.63658240000001,46.349107200000006,-95.41182798014333,0.5060296058654785,0.5060296058654785,0.0,1.0,0.5580228583968442,0.5580670416771721,0.9999013147382237,0.9799013137817383,0.9999012288477714,0.9999965259355016,0.9999965187969575,0.9999965891974398,0.999996580326559,2.9223976968960783,11.452306261013005,,1019.9760370955534,False,False,False,,[]
295,295,296,True,1.0,1.0,295.0,296.0,295.0,296.0,296.0,0.0,46.349107200000006,45.7053696,2.4036161238668936,0.5060296058654785,0.5060296058654785,0.0,1.0,0.5580670416771721,0.5580652153401716,0.9999012288477714,0.9799012541770935,0.999901225441555,0.9999965187969575,0.9999965187039184,0.999996580326559,0.9999965800645755,-0.12078675084907299,-0.4733865505468862,,997.4843630689023,False,False,False,,[]
296,296,297,True,1.0,1.0,296.0,297.0,296.0,297.0,297.0,0.0,45.7053696,46.02723840000001,150.14073564603842,0.5060296058654785,0.5060296058654785,0.0,1.0,0.5580652153401716,0.5579527737853373,0.999901225441555,0.9799012541770935,0.9999009917657598,0.9999965187039184,0.9999965094107889,0.9999965800645755,0.9999965677682113,-7.434016723169052,-29.144851013065196,,864.0065538432909,False,False,False,,[]
297,297,298,True,1.0,1.0,297.0,298.0,297.0,298.0,298.0,0.0,46.02723840000001,47.47564800000001,323.31903180243864,0.5060297250747681,0.5060297250747681,0.0,1.0,0.5579527737853373,0.5577348623219598,0.9999009917657598,0.9799010157585144,0.999900542805082,0.9999965094107889,0.999996498385151,0.9999965677682113,0.9999965554894823,-14.401947516498128,-56.48265130744331,,777.53732123124,False,False,False,,[]
298,298,299,True,1.0,1.0,298.0,299.0,298.0,299.0,299.0,0.0,47.47564800000001,50.5334016,571.4900440684581,0.5060298442840576,0.5060298442840576,0.0,1.0,0.5577348623219598,0.5573336913436098,0.999900542805082,0.9799005389213562,0.9998998024181455,0.999996498385151,0.9999964841420065,0.9999965554894823,0.9999965286668109,-26.496540923766364,-103.98351758831562,,659.5107603673977,False,False,False,,[]
299,299,300,True,1.0,1.0,299.0,300.0,299.0,300.0,300.0,0.0,50.5334016,53.7520896,598.6805050799344,0.5060300827026367,0.5060300827026367,0.0,1.0,0.5573336913436098,0.5568869994943791,0.9998998024181455,0.9798998236656189,0.9998990064471025,0.9999964841420065,0.9999964688278945,0.9999965286668109,0.9999964987685463,-29.494524403757683,-115.78252732056905,,636.3341734981037,False,False,False,,[]
300,300,301,True,1.0,1.0,300.0,301.0,300.0,301.0,301.0,0.0,53.7520896,57.29264640000001,650.874123464291,0.506030261516571,0.506030261516571,0.0,1.0,0.5568869994943791,0.5563702162735604,0.9998990064471025,0.9798990488052368,0.9998981403195594,0.9999964688278945,0.9999964515878037,0.9999964987685463,0.9999964641569367,-34.10946727304437,-133.95021083620085,,604.1391960420949,False,False,False,,[]
301,301,302,True,1.0,1.0,301.0,302.0,301.0,302.0,302.0,0.0,57.29264640000001,60.35040000000001,580.0207860437421,0.5060305595397949,0.5060305595397949,0.0,1.0,0.5563702162735604,0.5558817789122857,0.9998981403195594,0.9798981547355652,0.9998973002151458,0.9999964515878037,0.9999964348505946,0.9999964641569367,0.9999964314803734,-32.23533577940889,-126.60296404239412,,616.5754312560234,False,False,False,,[]
302,302,303,True,1.0,1.0,302.0,303.0,302.0,303.0,303.0,0.0,60.35040000000001,62.925350400000006,508.89011519189876,0.506030797958374,0.506030797958374,0.0,1.0,0.5558817789122857,0.5554380729577738,0.9998973002151458,0.9798973202705383,0.9998965076569689,0.9999964348505946,0.9999964165498114,0.9999964314803734,0.9999964100302342,-29.28230358684343,-115.00858340949644,,639.9128921325542,False,False,False,,[]
303,303,304,True,1.0,1.0,303.0,304.0,303.0,304.0,304.0,0.0,62.925350400000006,64.69562880000001,387.99909921384534,0.5060310363769531,0.5060310363769531,0.0,1.0,0.5554380729577738,0.5550798014101317,0.9998965076569689,0.9798965454101562,0.9998958263015455,0.9999964165498114,0.9999963978097127,0.9999964100302342,0.999996389843434,-23.646944224356808,-92.86398514883064,,682.4382752110781,False,False,False,,[]
304,304,305,True,1.0,1.0,304.0,305.0,304.0,305.0,305.0,0.0,64.69562880000001,66.14403840000001,340.46343651557464,0.5060312747955322,0.5060312747955322,0.0,1.0,0.5550798014101317,0.5547542063440783,0.9998958263015455,0.979895830154419,0.999895193944618,0.9999963978097127,0.9999963792891967,0.999996389843434,0.9999963703756763,-21.490105992887962,-84.39424112103944,,700.859728714082,False,False,False,,[]
305,305,306,True,1.0,1.0,305.0,306.0,305.0,306.0,306.0,0.0,66.14403840000001,67.2705792,292.62573601373805,0.5060314536094666,0.5060314536094666,0.0,1.0,0.5547542063440783,0.554468893334915,0.999895193944618,0.9798952341079712,0.9998946264522408,0.9999963792891967,0.9999963644443612,0.9999963703756763,0.9999963517297795,-18.8320709638075,-73.95313197512847,,726.9803599965007,False,False,False,,[]
306,306,307,True,1.0,1.0,306.0,307.0,306.0,307.0,307.0,0.0,67.2705792,68.2361856,269.1675686004755,0.5060316324234009,0.5060316324234009,0.0,1.0,0.554468893334915,0.5542038846218386,0.9998946264522408,0.9798946380615234,0.9998940934075614,0.9999963644443612,0.9999963516052455,0.9999963517297795,0.9999963346480396,-17.49176309643229,-68.69025842942366,,741.7109884342505,False,False,False,,[]
307,307,308,True,1.0,1.0,307.0,308.0,307.0,308.0,308.0,0.0,68.2361856,68.8799232,220.8432993752641,0.5060317516326904,0.5060317516326904,0.0,1.0,0.5542038846218386,0.5539815029000814,0.9998940934075614,0.9798941016197205,0.9998936362270513,0.9999963516052455,0.9999963380660988,0.9999963346480396,0.9999963214937156,-14.679275522879037,-57.64134227946681,,772.3240795996934,False,False,False,,[]
308,308,309,True,1.0,1.0,308.0,309.0,308.0,309.0,309.0,0.0,68.8799232,69.6845952,246.28017959693125,0.50603187084198,0.50603187084198,0.0,1.0,0.5539815029000814,0.5537329432717054,0.9998936362270513,0.979893684387207,0.99989313190403,0.9999963380660988,0.9999963251825609,0.9999963214937156,0.999996305915399,-16.405239392727175,-64.42665567505405,,753.3218943378303,False,False,False,,[]
309,309,310,True,1.0,1.0,309.0,310.0,309.0,310.0,310.0,0.0,69.6845952,70.4892672,247.20498240228773,0.5060320496559143,0.5060320496559143,0.0,1.0,0.5537329432717054,0.5534805253949091,0.99989313190403,0.979893147945404,0.9998926207802843,0.9999963251825609,0.9999963121881129,0.999996305915399,0.9999962899853975,-16.658836967225007,-65.42671366559713,,750.4945566638046,False,False,False,,[]
310,310,311,True,1.0,1.0,310.0,311.0,310.0,311.0,311.0,0.0,70.4892672,71.2939392,248.1405262390653,0.5060322284698486,0.5060322284698486,0.0,1.0,0.5534805253949091,0.5532241298122816,0.9998926207802843,0.9798926115036011,0.9998921026859573,0.9999963121881129,0.9999962990847742,0.9999962899853975,0.9999962736139809,-16.92027316751116,-66.45773501704312,,747.5630729833963,False,False,False,,[]
311,311,312,True,1.0,1.0,311.0,312.0,311.0,312.0,312.0,0.0,71.2939392,71.9376768,224.38203958726825,0.5060323476791382,0.5060323476791382,0.0,1.0,0.5532241298122816,0.5529880476342784,0.9998921026859573,0.9798921346664429,0.9998916206183068,0.9999962990847742,0.9999962850262591,0.9999962736139809,0.9999962592730017,-15.579926812454357,-61.1925005384159,,761.795389997208,False,False,False,,[]
312,312,313,True,1.0,1.0,312.0,313.0,312.0,313.0,313.0,0.0,71.9376768,72.42048,200.44202950445037,0.5060325264930725,0.5060325264930725,0.0,1.0,0.5529880476342784,0.5527736738869129,0.9998916206183068,0.9798916578292847,0.9998911781968194,0.9999962850262591,0.9999962704739958,0.9999962592730017,0.9999962468927535,-14.14768777802985,-55.565675317144645,,777.8781366393451,False,False,False,,[]
313,313,314,True,1.0,1.0,313.0,314.0,313.0,314.0,314.0,0.0,72.42048,72.74234880000002,176.3153402955393,0.5060326457023621,0.5060326457023621,0.0,1.0,0.5527736738869129,0.5525824083123946,0.9998911781968194,0.9798911809921265,0.9998907792111843,0.9999962704739958,0.999996255912802,0.9999962468927535,0.9999962364917171,-12.623179710408877,-49.5760369151394,,796.09824721218,False,False,False,,[]
314,314,315,True,1.0,1.0,314.0,315.0,314.0,315.0,315.0,0.0,72.74234880000002,73.0642176,176.7028767092094,0.5060327649116516,0.5060327649116516,0.0,1.0,0.5525824083123946,0.5523898951368837,0.9998907792111843,0.9798908233642578,0.9998903778491591,0.999996255912802,0.9999962412822008,0.9999962364917171,0.9999962260127085,-12.705207988105753,-49.89941509241054,,795.0648810601954,False,False,False,,[]
315,315,316,True,1.0,1.0,315.0,316.0,315.0,316.0,316.0,0.0,73.0642176,73.22515200000001,152.3873601679111,0.5060328841209412,0.5060328841209412,0.0,1.0,0.5523898951368837,0.5522203193093737,0.9998903778491591,0.9798904061317444,0.9998900207266309,0.9999962412822008,0.9999962271402901,0.9999962260127085,0.999996215959593,-11.192001499615323,-43.95405449062559,,813.3499311080869,False,False,False,,[]
316,316,317,True,1.0,1.0,316.0,317.0,316.0,317.0,317.0,0.0,73.22515200000001,73.7079552,201.99217515914643,0.5060330033302307,0.5060330033302307,0.0,1.0,0.5522203193093737,0.5520004712130672,0.9998900207266309,0.9798900485038757,0.9998895681989739,0.9999962271402901,0.9999962123397597,0.999996215959593,0.9999962031604231,-14.507520164420148,-56.984626562644564,,773.5743521395501,False,False,False,,[]
317,317,318,True,1.0,1.0,317.0,318.0,317.0,318.0,318.0,0.0,73.7079552,74.029824,177.87579734039767,0.5060331225395203,0.5060331225395203,0.0,1.0,0.5520004712130672,0.551804053088734,0.9998895681989739,0.9798895716667175,0.9998891594216677,0.9999962123397597,0.9999961975012895,0.9999962031604231,0.999996192313624,-12.96195188463757,-50.911577827141556,,791.7774706513616,False,False,False,,[]
318,318,319,True,1.0,1.0,318.0,319.0,318.0,319.0,319.0,0.0,74.029824,74.1907584,153.56543649417955,0.5060332417488098,0.5060332417488098,0.0,1.0,0.551804053088734,0.551631185680584,0.9998891594216677,0.9798891544342041,0.9998887958804165,0.9999961975012895,0.9999961831352642,0.999996192313624,0.9999961822318318,-11.40841275715476,-44.8072321924817,,810.5899683214554,False,False,False,,[]
319,319,320,True,1.0,1.0,319.0,320.0,319.0,320.0,320.0,0.0,74.1907584,74.834496,227.87760085295562,0.5060333609580994,0.5060333609580994,0.0,1.0,0.551631185680584,0.5513815482187736,0.9998887958804165,0.9798887968063354,0.9998882896536635,0.9999961831352642,0.9999961686049567,0.9999961822318318,0.9999961665714204,-16.47070668007391,-64.70603010124555,,751.6249062990154,False,False,False,,[]
320,320,321,True,1.0,1.0,320.0,321.0,320.0,321.0,321.0,0.0,74.834496,75.3172992,203.9685249406325,0.5060334801673889,0.5060334801673889,0.0,1.0,0.5513815482187736,0.5511546060004143,0.9998882896536635,0.9798883199691772,0.9998878241374795,0.9999961686049567,0.9999961534978008,0.9999961665714204,0.999996153105399,-14.973737558522501,-58.82342299871781,,768.0096256359592,False,False,False,,[]
321,321,322,True,1.0,1.0,321.0,322.0,321.0,322.0,322.0,0.0,75.3172992,75.80010240000001,204.5698078795907,0.5060336589813232,0.5060336589813232,0.0,1.0,0.5511546060004143,0.5509255182033663,0.9998878241374795,0.979887843132019,0.9998873547172656,0.9999961534978008,0.9999961382995204,0.999996153105399,0.9999961394454062,-15.114715775123573,-59.379556994849004,,766.3492420561764,False,False,False,,[]
322,322,323,True,1.0,1.0,322.0,323.0,322.0,323.0,323.0,0.0,75.80010240000001,76.76570880000001,279.28927214985373,0.5060337781906128,0.5060337781906128,0.0,1.0,0.5509255182033663,0.5506162904805995,0.9998873547172656,0.9798873662948608,0.9998867481410226,0.9999961382995204,0.999996121887913,0.9999961394454062,0.9999961216851602,-20.396354835871477,-80.15182574118101,,712.2216955444076,False,False,False,,[]
323,323,324,True,1.0,1.0,323.0,324.0,323.0,324.0,324.0,0.0,76.76570880000001,77.7313152,280.51117188431834,0.5060339570045471,0.5060339570045471,0.0,1.0,0.5506162904805995,0.5503021359654219,0.9998867481410226,0.9798867702484131,0.9998861337200161,0.999996121887913,0.9999961051161688,0.9999961216851602,0.9999961041001895,-20.719630888962627,-81.42885033401807,,709.2433332317106,False,False,False,,[]
324,324,325,True,1.0,1.0,324.0,325.0,324.0,325.0,325.0,0.0,77.7313152,78.857856,306.453310224033,0.5060341358184814,0.5060341358184814,0.0,1.0,0.5503021359654219,0.5499547803844872,0.9998861337200161,0.9798861742019653,0.9998854683577879,0.9999961051161688,0.999996084937824,0.9999961041001895,0.9999960871617571,-22.905437024527206,-90.03456657827124,,689.1758003342421,False,False,False,,[]
325,325,326,True,1.0,1.0,325.0,326.0,325.0,326.0,326.0,0.0,78.857856,79.98439680000001,307.91645352421995,0.5060343742370605,0.5060343742370605,0.0,1.0,0.5499547803844872,0.5496014543982373,0.9998854683577879,0.979885458946228,0.9998847942007304,0.999996084937824,0.9999960643714071,0.9999960871617571,0.9999960706720299,-23.29685677982043,-91.58209563599299,,685.9661711654229,False,False,False,,[]
326,326,327,True,1.0,1.0,326.0,327.0,326.0,327.0,327.0,0.0,79.98439680000001,80.9500032,284.6958777259867,0.5060345530509949,0.5060345530509949,0.0,1.0,0.5496014543982373,0.5492706549812528,0.9998847942007304,0.9798848032951355,0.9998841538163087,0.9999960643714071,0.9999960463517,0.9999960706720299,0.9999960538717216,-21.81136172049789,-85.74320888236974,,699.4680460665087,False,False,False,,[]
327,327,328,True,1.0,1.0,327.0,328.0,327.0,328.0,328.0,0.0,80.9500032,82.07654400000001,310.6895730165247,0.5060347318649292,0.5060347318649292,0.0,1.0,0.5492706549812528,0.548905846465276,0.9998841538163087,0.979884147644043,0.9998834630681767,0.9999960463517,0.9999960250533962,0.9999960538717216,0.9999960380129328,-24.0495439852932,-94.55836734120692,,679.7909732305965,False,False,False,,[]
328,328,329,True,1.0,1.0,328.0,329.0,328.0,329.0,329.0,0.0,82.07654400000001,83.20308480000001,312.2128660926679,0.5060349702835083,0.5060349702835083,0.0,1.0,0.548905846465276,0.548534732657606,0.9998834630681767,0.9798834919929504,0.9998827633932454,0.9999960250533962,0.999996003354865,0.9999960380129328,0.9999960224797262,-24.462745502102262,-96.1926989480657,,676.4467158797206,False,False,False,,[]
329,329,330,True,1.0,1.0,329.0,330.0,329.0,330.0,330.0,0.0,83.20308480000001,84.3296256,313.7572115903927,0.5060351490974426,0.5060351490974426,0.0,1.0,0.548534732657606,0.5481572568611718,0.9998827633932454,0.9798827767372131,0.9998820548451688,0.999996003354865,0.9999959812517392,0.9999960224797262,0.9999960072939801,-24.879579036201637,-97.84172643575157,,673.1198776633843,False,False,False,,[]
330,330,331,True,1.0,1.0,330.0,331.0,330.0,331.0,331.0,0.0,84.3296256,85.45616640000001,315.3226095097106,0.5060353875160217,0.5060353875160217,0.0,1.0,0.5481572568611718,0.5477734082528082,0.9998820548451688,0.9798820614814758,0.9998813375452451,0.9999959812517392,0.9999959588851556,0.9999960072939801,0.9999959923386653,-25.29702254437541,-99.49355928784962,,669.8370056245677,False,False,False,,[]
331,331,332,True,1.0,1.0,331.0,332.0,331.0,332.0,332.0,0.0,85.45616640000001,86.5827072,316.9090598506061,0.506035566329956,0.506035566329956,0.0,1.0,0.5477734082528082,0.5473827820077698,0.9998813375452451,0.9798813462257385,0.9998806110890316,0.9999959588851556,0.9999959363680194,0.9999959923386653,0.9999959771086552,-25.741006581795606,-101.25032271394544,,666.2140796000949,False,False,False,,[]
332,332,333,True,1.0,1.0,332.0,333.0,332.0,333.0,333.0,0.0,86.5827072,87.709248,318.51656261309284,0.5060358047485352,0.5060358047485352,0.0,1.0,0.5473827820077698,0.5469853134059474,0.9998806110890316,0.9798806309700012,0.9998798755493407,0.9999959363680194,0.9999959137088243,0.9999959771086552,0.99999596160093,-26.1891347274773,-103.02386159238146,,662.6073172564304,False,False,False,,[]
333,333,334,True,1.0,1.0,333.0,334.0,333.0,334.0,334.0,0.0,87.709248,88.83578880000002,320.145117797167,0.5060360431671143,0.5060360431671143,0.0,1.0,0.5469853134059474,0.5465807034199969,0.9998798755493407,0.9798799157142639,0.9998791307029505,0.9999959137088243,0.999995890721563,0.99999596160093,0.9999959458124281,-26.656821062222722,-104.87490835837049,,658.8177803768347,False,False,False,,[]
334,334,335,True,1.0,1.0,334.0,335.0,334.0,335.0,335.0,0.0,88.83578880000002,89.8013952,297.0899538828151,0.5060362815856934,0.5060362815856934,0.0,1.0,0.5465807034199969,0.546201558478937,0.9998791307029505,0.9798791408538818,0.9998784198493638,0.999995890721563,0.9999958697889665,0.9999959458124281,0.9999959309873105,-24.978986519545767,-98.27436872272195,,672.9529381615873,False,False,False,,[]
335,335,336,True,1.0,1.0,335.0,336.0,335.0,336.0,336.0,0.0,89.8013952,90.7670016,298.5206592681122,0.5060364603996277,0.5060364603996277,0.0,1.0,0.546201558478937,0.5458162956053805,0.9998784198493638,0.9798784255981445,0.9998777006258779,0.9999958697889665,0.9999958484121294,0.9999959309873105,0.9999959159297612,-25.379721767687844,-99.86013682585568,,669.5145097731247,False,False,False,,[]
336,336,337,True,1.0,1.0,336.0,337.0,336.0,337.0,337.0,0.0,90.7670016,91.5716736,275.2620602186521,0.5060366988182068,0.5060366988182068,0.0,1.0,0.5458162956053805,0.5454589496441541,0.9998777006258779,0.9798777103424072,0.9998770206116453,0.9999958484121294,0.9999958296725489,0.9999959159297612,0.9999959019092741,-23.541010114989913,-92.62407314988394,,685.820512424911,False,False,False,,[]
337,337,338,True,1.0,1.0,337.0,338.0,337.0,338.0,338.0,0.0,91.5716736,91.732608,177.65993299866432,0.5060368776321411,0.5060368776321411,0.0,1.0,0.5454589496441541,0.5452130595436383,0.9998770206116453,0.9798770546913147,0.9998765210166295,0.9999958296725489,0.9999958112649479,0.9999959019092741,0.9999958863966274,-16.203338596959995,-63.73471405368954,,752.0098309772134,False,False,False,,[]
338,338,339,True,1.0,1.0,338.0,339.0,338.0,339.0,339.0,0.0,91.732608,91.89354240000002,177.9046136944414,0.5060370564460754,0.5060370564460754,0.0,1.0,0.5452130595436383,0.5449666364549335,0.9998765210166295,0.9798765182495117,0.999876020476169,0.9999958112649479,0.9999957928214931,0.9999958863966274,0.9999958710402226,-16.238277390792557,-63.872864592275214,,751.7231405627954,False,False,False,,[]
339,339,340,True,1.0,1.0,339.0,340.0,339.0,340.0,340.0,0.0,91.89354240000002,92.2154112,202.85449555146513,0.506037175655365,0.506037175655365,0.0,1.0,0.5449666364549335,0.5446901856248471,0.999876020476169,0.9798760414123535,0.9998754678796514,0.9999957928214931,0.999995774285195,0.9999958710402226,0.9999958554359687,-18.215078287162505,-71.65605515840323,,732.1442641010909,False,False,False,,[]
340,340,341,True,1.0,1.0,340.0,341.0,340.0,341.0,341.0,0.0,92.2154112,92.69821440000001,228.05077666929918,0.5060373544692993,0.5060373544692993,0.0,1.0,0.5446901856248471,0.5443841034754555,0.9998754678796514,0.9798755049705505,0.9998748663495352,0.999995774285195,0.9999957562620289,0.9999958554359687,0.9999958403424906,-20.165114935848674,-79.33649312229085,,714.6165790388296,False,False,False,,[]
341,341,342,True,1.0,1.0,341.0,342.0,341.0,342.0,342.0,0.0,92.69821440000001,93.0200832,204.0864918554696,0.5060375332832336,0.5060375332832336,0.0,1.0,0.5443841034754555,0.5441039338447773,0.9998748663495352,0.9798749089241028,0.9998743074757306,0.9999957562620289,0.9999957375778803,0.9999958403424906,0.999995824754805,-18.458832036012957,-72.61996827178649,,729.7518427360891,False,False,False,,[]
342,342,343,True,1.0,1.0,342.0,343.0,342.0,343.0,343.0,0.0,93.0200832,93.341952,204.5822978658685,0.506037712097168,0.506037712097168,0.0,1.0,0.5441039338447773,0.5438223230041701,0.9998743074757306,0.979874312877655,0.9998737461794959,0.9999957375778803,0.999995718835132,0.999995824754805,0.9999958092306166,-18.553278848901833,-72.99352988538078,,728.8590422250869,False,False,False,,[]
343,343,344,True,1.0,1.0,343.0,344.0,343.0,344.0,344.0,0.0,93.341952,93.50288640000001,180.37505092129703,0.5060378909111023,0.5060378909111023,0.0,1.0,0.5438223230041701,0.5435686107798207,0.9998737461794959,0.979873776435852,0.9998732327829658,0.999995718835132,0.9999957000355465,0.9999958092306166,0.9999957936252435,-16.71633525374147,-65.76220855138565,,746.5712765888202,False,False,False,,[]
344,344,345,True,1.0,1.0,344.0,345.0,344.0,345.0,345.0,0.0,93.50288640000001,93.9856896,230.03400071089283,0.5060380101203918,0.5060380101203918,0.0,1.0,0.5435686107798207,0.5432563487499376,0.9998732327829658,0.9798732399940491,0.9998726213667745,0.9999957000355465,0.9999956818364797,0.9999957936252435,0.9999957787393039,-20.56998719213445,-80.93831814569108,,710.9904485524527,False,False,False,,[]
345,345,346,True,1.0,1.0,345.0,346.0,345.0,346.0,346.0,0.0,93.9856896,94.4684928,230.78479880723108,0.5060381889343262,0.5060381889343262,0.0,1.0,0.5432563487499376,0.5429418868295363,0.9998726213667745,0.9798726439476013,0.9998720064586892,0.9999956818364797,0.9999956635733088,0.9999957787393039,0.999995764079873,-20.714025102218127,-81.5085297680188,,709.7860103188374,False,False,False,,[]
346,346,347,True,1.0,1.0,346.0,347.0,346.0,347.0,347.0,0.0,94.4684928,94.6294272,182.1299206348757,0.5060383677482605,0.5060383677482605,0.0,1.0,0.5429418868295363,0.5426830081710818,0.9998720064586892,0.9798720479011536,0.999871484034105,0.9999956635733088,0.9999956445272513,0.999995764079873,0.9999957483253444,-17.05507263299219,-67.10134827139956,,742.9852700947239,False,False,False,,[]
347,347,348,True,1.0,1.0,347.0,348.0,347.0,348.0,348.0,0.0,94.6294272,94.7903616,182.38233487327398,0.5060385465621948,0.5060385465621948,0.0,1.0,0.5426830081710818,0.5424233803252726,0.999871484034105,0.9798715114593506,0.9998709603062111,0.9999956445272513,0.9999956254461878,0.9999957483253444,0.9999957325443076,-17.104207894305762,-67.29553763374123,,742.4661575638218,False,False,False,,[]
348,348,349,True,1.0,1.0,348.0,349.0,348.0,349.0,349.0,0.0,94.7903616,94.95129600000001,182.63517875293107,0.5060387253761292,0.5060387253761292,0.0,1.0,0.5424233803252726,0.542163001808609,0.9998709603062111,0.9798709750175476,0.9998704352739216,0.9999956254461878,0.9999956063301715,0.9999957325443076,0.9999957167368259,-17.15343735729147,-67.49011151921167,,741.9469575938929,False,False,False,,[]
349,349,350,True,1.0,1.0,349.0,350.0,349.0,350.0,350.0,0.0,94.95129600000001,94.95129600000001,158.18368075383748,0.5060388445854187,0.5060388445854187,0.0,1.0,0.542163001808609,0.5419352883999312,0.9998704352739216,0.9798704385757446,0.9998699683531967,0.9999956063301715,0.9999955882324792,0.9999957167368259,0.9999957030590282,-15.002884172748786,-59.02331552928419,,765.5906969620504,False,False,False,,[]
350,350,351,True,1.0,1.0,350.0,351.0,350.0,351.0,351.0,0.0,94.95129600000001,94.7903616,133.47890923383386,0.506039023399353,0.506039023399353,0.0,1.0,0.5419352883999312,0.5417433401961156,0.9998699683531967,0.9798699617385864,0.9998695680668772,0.9999955882324792,0.9999955720566811,0.9999957030590282,0.9999956928015546,-12.647970230399006,-49.75297442900599,,794.6535029228037,False,False,False,,[]
351,351,352,True,1.0,1.0,351.0,352.0,351.0,352.0,352.0,0.0,94.7903616,94.6294272,133.22563571292778,0.5060391426086426,0.5060391426086426,0.0,1.0,0.5417433401961156,0.541551994644329,0.9998695680668772,0.9798696041107178,0.999869168928799,0.9999955720566811,0.999995555901289,0.9999956928015546,0.9999956825429772,-12.60852174479613,-49.596767023077305,,795.1190319449578,False,False,False,,[]
352,352,353,True,1.0,1.0,352.0,353.0,352.0,353.0,353.0,0.0,94.6294272,94.3075584,108.26802031327492,0.5060392618179321,0.5060392618179321,0.0,1.0,0.541551994644329,0.5413939559331903,0.999869168928799,0.9798691868782043,0.9998688344841604,0.999995555901289,0.9999955429422391,0.9999956825429772,0.9999956711975416,-10.415090622085959,-40.96363392715001,,822.5120492316328,False,False,False,,[]
353,353,354,True,1.0,1.0,353.0,354.0,353.0,354.0,354.0,0.0,94.3075584,93.9856896,107.76362147773914,0.5060393810272217,0.5060393810272217,0.0,1.0,0.5413939559331903,0.5412370627926957,0.9998688344841604,0.9798688292503357,0.9998685023063713,0.9999955429422391,0.9999955300399033,0.9999956711975416,0.9999956598826957,-10.339967753522195,-40.666702016215865,,823.5006659155886,False,False,False,,[]
354,354,355,True,1.0,1.0,354.0,355.0,354.0,355.0,355.0,0.0,93.9856896,93.66382080000001,107.26094120723073,0.5060394406318665,0.5060394406318665,0.0,1.0,0.5412370627926957,0.541081309679362,0.9998685023063713,0.9798685312271118,0.9998681723871284,0.9999955300399033,0.9999955171944204,0.9999956598826957,0.999995648599086,-10.265200198958919,-40.371206976088146,,824.4878632311518,False,False,False,,[]
355,355,356,True,1.0,1.0,355.0,356.0,355.0,356.0,356.0,0.0,93.66382080000001,93.50288640000001,131.4647510217494,0.506039559841156,0.506039559841156,0.0,1.0,0.541081309679362,0.5408940735001745,0.9998681723871284,0.9798681735992432,0.9998677811003952,0.9999955171944204,0.9999955011854738,0.999995648599086,0.9999956382679042,-12.339312417067244,-48.531617645387136,,798.2725503839551,False,False,False,,[]
356,356,357,True,1.0,1.0,356.0,357.0,356.0,357.0,357.0,0.0,93.50288640000001,93.341952,131.21491463089217,0.5060396790504456,0.5060396790504456,0.0,1.0,0.5408940735001745,0.5407074231449052,0.9998677811003952,0.9798678159713745,0.9998673909360022,0.9999955011854738,0.9999954852040236,0.9999956382679042,0.9999956279223062,-12.30093732531463,-48.37977208582299,,798.7259728601838,False,False,False,,[]
357,357,358,True,1.0,1.0,357.0,358.0,357.0,358.0,358.0,0.0,93.341952,93.1810176,130.9655078812957,0.5060397982597351,0.5060397982597351,0.0,1.0,0.5407074231449052,0.5405213596195172,0.9998673909360022,0.9798673987388611,0.9998670018966407,0.9999954852040236,0.9999954692517398,0.9999956279223062,0.9999956175626152,-12.26249125406328,-48.227665780573155,,799.1819979951275,False,False,False,,[]
358,358,359,True,1.0,1.0,358.0,359.0,358.0,359.0,359.0,0.0,93.1810176,92.69821440000001,81.3069877329548,0.5060398578643799,0.5060398578643799,0.0,1.0,0.5405213596195172,0.5404061654314538,0.9998670018966407,0.9798670411109924,0.9998667618548109,0.9999954692517398,0.9999954628966287,0.9999956175626152,0.9999956068466451,-7.593682740826929,-29.85833354603899,,864.850314994662,False,False,False,,[]
359,359,360,True,1.0,1.0,359.0,360.0,359.0,360.0,360.0,0.0,92.69821440000001,92.37634560000001,105.26740577547086,0.5060399770736694,0.5060399770736694,0.0,1.0,0.5404061654314538,0.5402549178945247,0.9998667618548109,0.9798668026924133,0.9998664408875817,0.9999954628966287,0.9999954502798363,0.9999956068466451,0.9999955956942079,-9.969675213520627,-39.20336157200437,,828.4225209561027,False,False,False,,[]
360,360,361,True,1.0,1.0,360.0,361.0,360.0,361.0,361.0,0.0,92.37634560000001,92.05447680000002,104.77331833009936,0.506040096282959,0.506040096282959,0.0,1.0,0.5402549178945247,0.5401047827883684,0.9998664408875817,0.9798664450645447,0.9998661221369262,0.9999954502798363,0.9999954377205172,0.9999955956942079,0.9999955845760631,-9.89667746688456,-38.91501951572203,,829.402218686528,False,False,False,,[]
361,361,362,True,1.0,1.0,361.0,362.0,361.0,362.0,362.0,0.0,92.05447680000002,91.89354240000002,128.9857209697549,0.5060401558876038,0.5060401558876038,0.0,1.0,0.5401047827883684,0.5399233674226396,0.9998661221369262,0.9798661470413208,0.9998657420355879,0.9999954377205172,0.9999954220032147,0.9999955845760631,0.9999955741150404,-11.957794396861507,-47.02286279690461,,802.8234821177776,False,False,False,,[]
362,362,363,True,1.0,1.0,362.0,363.0,362.0,363.0,363.0,0.0,91.89354240000002,91.732608,128.74018099146417,0.5060402750968933,0.5060402750968933,0.0,1.0,0.5399233674226396,0.539742527492132,0.9998657420355879,0.9798657894134521,0.9998653630440667,0.9999954220032147,0.9999954063154783,0.9999955741150404,0.9999955636427486,-11.920065751041562,-46.873709987559394,,803.2779454579215,False,False,False,,[]
363,363,364,True,1.0,1.0,363.0,364.0,363.0,364.0,364.0,0.0,91.732608,91.732608,153.19984217443778,0.5060403943061829,0.5060403943061829,0.0,1.0,0.539742527492132,0.5395291088623665,0.9998653630440667,0.9798653721809387,0.9998649223931663,0.9999954063154783,0.9999953885475674,0.9999955636427486,0.9999955515514241,-14.066251012607175,-55.31810883523793,,776.7937797305829,False,False,False,,[]
364,364,365,True,1.0,1.0,364.0,365.0,364.0,365.0,365.0,0.0,91.732608,91.5716736,128.4950706544381,0.5060405135154724,0.5060405135154724,0.0,1.0,0.5395291088623665,0.5393488431344735,0.9998649223931663,0.9798649549484253,0.9998645445098066,0.9999953885475674,0.9999953728894351,0.9999955515514241,0.9999955410681669,-11.882416871370593,-46.72487666986336,,803.7322410220058,False,False,False,,[]
365,365,366,True,1.0,1.0,365.0,366.0,365.0,366.0,366.0,0.0,91.5716736,91.5716736,152.95516147866465,0.506040632724762,0.506040632724762,0.0,1.0,0.5393488431344735,0.5391361330582227,0.9998645445098066,0.9798645377159119,0.9998641051738176,0.9999953728894351,0.9999953551622709,0.9999955410681669,0.9999955290336147,-14.019788479510211,-55.134451764207746,,777.3599260038599,False,False,False,,[]
366,366,367,True,1.0,1.0,366.0,367.0,366.0,367.0,367.0,0.0,91.5716736,91.5716736,152.95516147866465,0.5060407519340515,0.5060407519340515,0.0,1.0,0.5391361330582227,0.5389234229825822,0.9998641051738176,0.9798641204833984,0.9998636658378298,0.9999953551622709,0.9999953374351053,0.9999955290336147,0.9999955169990679,-14.019788204998024,-55.134451606022594,,777.3599288549622,False,False,False,,[]
367,367,368,True,1.0,1.0,367.0,368.0,367.0,368.0,368.0,0.0,91.5716736,91.732608,177.65993299866432,0.5060408711433411,0.5060408711433411,0.0,1.0,0.5389234229825822,0.5386775580301009,0.9998636658378298,0.979863703250885,0.9998631662874411,0.9999953374351053,0.9999953190274838,0.9999955169990679,0.9999955014864486,-16.203337477421567,-63.72819568317636,,752.0265807368443,False,False,False,,[]
368,368,369,True,1.0,1.0,368.0,369.0,368.0,369.0,369.0,0.0,91.732608,91.732608,153.19984217443778,0.5060410499572754,0.5060410499572754,0.0,1.0,0.5386775580301009,0.5384641394382894,0.9998631662874411,0.979863166809082,0.999862725636611,0.9999953190274838,0.9999953012595652,0.9999955014864486,0.9999954893951537,-14.066249490717112,-55.31809899753996,,776.7938200770722,False,False,False,,[]
369,369,370,True,1.0,1.0,369.0,370.0,369.0,370.0,370.0,0.0,91.732608,91.732608,153.19984217443778,0.5060411691665649,0.5060411691665649,0.0,1.0,0.5384641394382894,0.5382507208202414,0.999862725636611,0.9798627495765686,0.9998622849857324,0.9999953012595652,0.999995283491645,0.9999954893951537,0.9999954773038642,-14.066249214009778,-55.31810579805738,,776.7938036561724,False,False,False,,[]
370,370,371,True,1.0,1.0,370.0,371.0,370.0,371.0,371.0,0.0,91.732608,91.732608,153.19984217443778,0.5060412883758545,0.5060412883758545,0.0,1.0,0.5382507208202414,0.5380373021622448,0.9998622849857324,0.9798623323440552,0.9998618443347795,0.999995283491645,0.9999952657237235,0.9999954773038642,0.9999954652125801,-14.066248937302433,-55.31811615272333,,776.7937775544879,False,False,False,,[]
371,371,372,True,1.0,1.0,371.0,372.0,371.0,372.0,372.0,0.0,91.732608,91.732608,153.19984217443778,0.5060414671897888,0.5060414671897888,0.0,1.0,0.5380373021622448,0.5378238834530715,0.9998618443347795,0.979861855506897,0.9998614036837318,0.9999952657237235,0.9999952479558,0.9999954652125801,0.999995453121304,-14.066248522241377,-55.31812941769439,,776.7937444968452,False,False,False,,[]
372,372,373,True,1.0,1.0,372.0,373.0,372.0,373.0,373.0,0.0,91.732608,91.732608,153.19984217443778,0.5060415863990784,0.5060415863990784,0.0,1.0,0.5378238834530715,0.5376104646776657,0.9998614036837318,0.9798614382743835,0.9998609630325612,0.9999952479558,0.999995230187875,0.999995453121304,0.9999954410300333,-14.066248245533993,-55.31814658519993,,776.7936995339592,False,False,False,,[]
373,373,374,True,1.0,1.0,373.0,374.0,373.0,374.0,374.0,0.0,91.732608,91.732608,153.19984217443778,0.5060417056083679,0.5060417056083679,0.0,1.0,0.5376104646776657,0.5373970458234343,0.9998609630325612,0.9798609614372253,0.9998605223812445,0.999995230187875,0.9999952124199485,0.9999954410300333,0.999995428938768,-14.066247968826584,-55.31816701678296,,776.7936454918154,False,False,False,,[]
374,374,375,True,1.0,1.0,374.0,375.0,374.0,375.0,375.0,0.0,91.732608,91.732608,153.19984217443778,0.5060418248176575,0.5060418248176575,0.0,1.0,0.5373970458234343,0.5371836268781374,0.9998605223812445,0.9798605442047119,0.9998600817297587,0.9999952124199485,0.9999951946520206,0.999995428938768,0.9999954168475081,-14.066247692119166,-55.318190620966796,,776.7935827576971,False,False,False,,[]
375,375,376,True,1.0,1.0,375.0,376.0,375.0,376.0,376.0,0.0,91.732608,91.732608,153.19984217443778,0.506041944026947,0.506041944026947,0.0,1.0,0.5371836268781374,0.5369702078298784,0.9998600817297587,0.9798601269721985,0.999859641078082,0.9999951946520206,0.9999951768840913,0.9999954168475081,0.9999954047562536,-14.066247415411734,-55.31821730873192,,776.7935115186496,False,False,False,,[]
376,376,377,True,1.0,1.0,376.0,377.0,376.0,377.0,377.0,0.0,91.732608,91.5716736,128.4950706544381,0.5060421228408813,0.5060421228408813,0.0,1.0,0.5369702078298784,0.5367899414863229,0.999859641078082,0.9798596501350403,0.9998592631935337,0.9999951768840913,0.999995161225905,0.9999954047562536,0.9999953942729842,-11.882422132541087,-46.72503624959287,,803.731723786717,False,False,False,,[]
377,377,378,True,1.0,1.0,377.0,378.0,377.0,378.0,378.0,0.0,91.5716736,91.4107392,128.25038995866498,0.5060422420501709,0.5060422420501709,0.0,1.0,0.5367899414863229,0.5366102479154583,0.9998592631935337,0.9798592925071716,0.9998588864151036,0.999995161225905,0.9999951455973682,0.9999953942729842,0.9999953837790534,-11.844852145343035,-46.57657356808669,,804.1857019718415,False,False,False,,[]
378,378,379,True,1.0,1.0,378.0,379.0,378.0,379.0,379.0,0.0,91.4107392,90.927936,78.59659586414936,0.5060423016548157,0.5060423016548157,0.0,1.0,0.5366102479154583,0.5365007048046335,0.9998588864151036,0.979858934879303,0.9998586594074316,0.9999951455973682,0.999995139571092,0.9999953837790534,0.9999953733416068,-7.222446561206288,-28.393574325775717,,870.5435563035285,False,False,False,,[]
379,379,380,True,1.0,1.0,379.0,380.0,379.0,380.0,380.0,0.0,90.927936,90.44513280000001,77.86642054814165,0.5060423612594604,0.5060423612594604,0.0,1.0,0.5365007048046335,0.5363938409660997,0.9998586594074316,0.9798586964607239,0.9998584385317364,0.999995139571092,0.999995134622196,0.9999953733416068,0.9999953629823235,-7.046162865204881,-27.699106947985978,,873.9275694706016,False,False,False,,[]
380,380,381,True,1.0,1.0,380.0,381.0,380.0,381.0,381.0,0.0,90.44513280000001,90.123264,101.84488352344324,0.50604248046875,0.50604248046875,0.0,1.0,0.5363938409660997,0.5362502657474995,0.9998584385317364,0.9798584580421448,0.9998581329022377,0.999995134622196,0.9999951224098733,0.9999953629823235,0.9999953520816548,-9.466075722609185,-37.21469666118541,,835.246632878246,False,False,False,,[]
381,381,382,True,1.0,1.0,381.0,382.0,381.0,382.0,382.0,0.0,90.123264,90.123264,150.77236907326466,0.5060425400733948,0.5060425400733948,0.0,1.0,0.5362502657474995,0.5360439322376075,0.9998581329022377,0.9798581600189209,0.9998577054530695,0.9999951224098733,0.9999951050497847,0.9999953520816548,0.9999953406269061,-13.601463467936915,-53.48164576399621,,782.5379694602649,False,False,False,,[]
382,382,383,True,1.0,1.0,382.0,383.0,382.0,383.0,383.0,0.0,90.123264,90.123264,150.77236907326466,0.5060426592826843,0.5060426592826843,0.0,1.0,0.5360439322376075,0.535837598406794,0.9998577054530695,0.9798577427864075,0.9998572780033007,0.9999951050497847,0.9999950876896947,0.9999953406269061,0.9999953291721625,-13.601463214134037,-53.481728946849216,,782.537738402002,False,False,False,,[]
383,383,384,True,1.0,1.0,383.0,384.0,383.0,384.0,384.0,0.0,90.123264,90.28419840000001,175.47714059326435,0.5060427784919739,0.5060427784919739,0.0,1.0,0.535837598406794,0.5355982909679288,0.9998572780033007,0.979857325553894,0.9998567901449482,0.9999950876896947,0.9999950696065193,0.9999953291721625,0.9999953140124538,-15.773404805627623,-62.02848815387223,,756.8096837235116,False,False,False,,[]
384,384,385,True,1.0,1.0,384.0,385.0,384.0,385.0,385.0,0.0,90.28419840000001,90.7670016,225.12749755772518,0.5060429573059082,0.5060429573059082,0.0,1.0,0.5355982909679288,0.5353011358327022,0.9998567901449482,0.9798567891120911,0.9998562030930267,0.9999950696065193,0.9999950518601569,0.9999953140124538,0.9999952984056638,-19.582411373810867,-77.02261105073431,,719.8317714241374,False,False,False,,[]
385,385,386,True,1.0,1.0,385.0,386.0,385.0,386.0,386.0,0.0,90.7670016,91.2498048,225.85251717865276,0.5060431361198425,0.5060431361198425,0.0,1.0,0.5353011358327022,0.5350015800859825,0.9998562030930267,0.9798561930656433,0.9998556121249536,0.9999950518601569,0.9999950340432276,0.9999952984056638,0.9999952827275358,-19.73965638781199,-77.64484954973781,,718.3146326370205,False,False,False,,[]
386,386,387,True,1.0,1.0,386.0,387.0,386.0,387.0,387.0,0.0,91.2498048,91.5716736,201.87663205088836,0.5060433149337769,0.5060433149337769,0.0,1.0,0.5350015800859825,0.534727900594405,0.9998556121249536,0.9798556566238403,0.9998550642312206,0.9999950340432276,0.9999950156265806,0.9999952827275358,0.9999952669073522,-18.035242484154725,-70.93772421688799,,733.8341677495663,False,False,False,,[]
387,387,388,True,1.0,1.0,387.0,388.0,387.0,388.0,388.0,0.0,91.5716736,91.89354240000002,202.36470451866796,0.5060434937477112,0.5060434937477112,0.0,1.0,0.534727900594405,0.5344529076669495,0.9998550642312206,0.9798550605773926,0.9998545141060403,0.9999950156265806,0.9999949971499755,0.9999952669073522,0.9999952512517595,-18.12120439225073,-71.27816679644548,,733.0638553741528,False,False,False,,[]
388,388,389,True,1.0,1.0,388.0,389.0,388.0,389.0,389.0,0.0,91.89354240000002,92.2154112,202.85449555146513,0.5060436725616455,0.5060436725616455,0.0,1.0,0.5344529076669495,0.5341764811270632,0.9998545141060403,0.9798545241355896,0.99985396155065,0.9999949971499755,0.9999949786137056,0.9999952512517595,0.9999952356475021,-18.215074757970775,-71.64975913854178,,732.1595025961766,False,False,False,,[]
389,389,390,True,1.0,1.0,389.0,390.0,389.0,390.0,390.0,0.0,92.2154112,92.37634560000001,178.64123362929985,0.5060437917709351,0.5060437917709351,0.0,1.0,0.5341764811270632,0.5339279099570872,0.99985396155065,0.9798539876937866,0.9998534572072273,0.9999949786137056,0.9999949600629134,0.9999952356475021,0.9999952202186508,-16.38052774424006,-64.42964725776835,,750.1959010877043,False,False,False,,[]
390,390,391,True,1.0,1.0,390.0,391.0,390.0,391.0,391.0,0.0,92.37634560000001,92.37634560000001,154.1828613700987,0.5060439705848694,0.5060439705848694,0.0,1.0,0.5339279099570872,0.5337117651513386,0.9998534572072273,0.9798534512519836,0.9998530115083306,0.9999949600629134,0.9999949422229398,0.9999952202186508,0.9999952078980362,-14.24490903596059,-56.0247336500472,,774.66817488395,False,False,False,,[]
391,391,392,True,1.0,1.0,391.0,392.0,391.0,392.0,392.0,0.0,92.37634560000001,92.05447680000002,104.77331833009936,0.5060440897941589,0.5060440897941589,0.0,1.0,0.5337117651513386,0.5335616291445984,0.9998530115083306,0.9798530340194702,0.9998526927558796,0.9999949422229398,0.9999949296635148,0.9999952078980362,0.9999951967798841,-9.89668708430342,-38.915252947063095,,829.4013977572528,False,False,False,,[]
392,392,393,True,1.0,1.0,392.0,393.0,392.0,393.0,393.0,0.0,92.05447680000002,91.732608,104.28094944975128,0.5060441493988037,0.5060441493988037,0.0,1.0,0.5335616291445984,0.5334125998267398,0.9998526927558796,0.9798527359962463,0.9998523762110244,0.9999949296635148,0.9999949171616768,0.9999951967798841,0.9999951856966023,-9.82404146197786,-38.628399188933,,830.3793120491645,False,False,False,,[]
393,393,394,True,1.0,1.0,393.0,394.0,393.0,394.0,394.0,0.0,91.732608,91.5716736,128.4950706544381,0.5060442686080933,0.5060442686080933,0.0,1.0,0.5334125998267398,0.5332323321826963,0.9998523762110244,0.9798523783683777,0.9998519983239655,0.9999949171616768,0.9999949015034185,0.9999951856966023,0.9999951752133166,-11.882429147412923,-46.725373336100105,,803.7306644988669,False,False,False,,[]
394,394,395,True,1.0,1.0,394.0,395.0,394.0,395.0,395.0,0.0,91.5716736,91.0888704,78.84084691866563,0.5060443878173828,0.5060443878173828,0.0,1.0,0.5332323321826963,0.5331234754969935,0.9998519983239655,0.979852020740509,0.9998517728902129,0.9999949015034185,0.9999948964570022,0.9999951752133166,0.9999951647500377,-7.177052704332762,-28.215652934169423,,871.9081816380223,False,False,False,,[]
395,395,396,True,1.0,1.0,395.0,396.0,395.0,396.0,396.0,0.0,91.0888704,90.6060672,78.10938267888541,0.5060444474220276,0.5060444474220276,0.0,1.0,0.5331234754969935,0.5330149392777932,0.9998517728902129,0.9798517823219299,0.9998515481905763,0.9999948964570022,0.9999948904892006,0.9999951647500377,0.9999951543646219,-7.156242939229089,-28.132588016701778,,871.5664854728345,False,False,False,,[]
396,396,397,True,1.0,1.0,396.0,397.0,396.0,397.0,397.0,0.0,90.6060672,90.28419840000001,102.08655673042036,0.5060445070266724,0.5060445070266724,0.0,1.0,0.5330149392777932,0.5328708235602521,0.9998515481905763,0.9798515439033508,0.9998512414767396,0.9999948904892006,0.9999948782477723,0.9999951543646219,0.9999951434450942,-9.50148260893047,-37.35479398667596,,834.7607343645652,False,False,False,,[]
397,397,398,True,1.0,1.0,397.0,398.0,397.0,398.0,398.0,0.0,90.28419840000001,90.7670016,225.12749755772518,0.5060446262359619,0.5060446262359619,0.0,1.0,0.5328708235602521,0.5325736672882594,0.9998512414767396,0.979851245880127,0.9998506544229597,0.9999948782477723,0.9999948605014343,0.9999951434450942,0.999995127838292,-19.582409954124216,-77.02290570050297,,719.8310923764556,False,False,False,,[]
398,398,399,True,1.0,1.0,398.0,399.0,398.0,399.0,399.0,0.0,90.7670016,91.2498048,225.85251717865276,0.5060448050498962,0.5060448050498962,0.0,1.0,0.5325736672882594,0.5322741101560038,0.9998506544229597,0.9798506498336792,0.999850063452631,0.9999948605014343,0.99999484268453,0.999995127838292,0.9999951121601514,-19.739654945113035,-77.64520868065465,,718.313807713563,False,False,False,,[]
399,399,400,True,1.0,1.0,399.0,400.0,399.0,400.0,400.0,0.0,91.2498048,91.89354240000002,251.28617509089162,0.5060449838638306,0.5060449838638306,0.0,1.0,0.5322741101560038,0.5319453142566756,0.999850063452631,0.9798500537872314,0.9998494261487135,0.99999484268453,0.9999948259405838,0.9999951121601514,0.9999950974938276,-21.663473342721563,-85.22389710586896,,702.2784774081291,False,False,False,,[]
400,400,401,True,1.0,1.0,400.0,401.0,400.0,401.0,401.0,0.0,91.89354240000002,92.53728000000001,252.2640385914665,0.5060451626777649,0.5060451626777649,0.0,1.0,0.5319453142566756,0.5316133646763476,0.9998494261487135,0.9798494577407837,0.9998487840014484,0.9999948259405838,0.9999948091377777,0.9999950974938276,0.9999950830073427,-21.86987710305272,-86.04133122100811,,700.5481660185983,False,False,False,,[]
401,401,402,True,1.0,1.0,401.0,402.0,401.0,402.0,402.0,0.0,92.53728000000001,93.0200832,228.54400483215505,0.5060453414916992,0.5060453414916992,0.0,1.0,0.5316133646763476,0.5313056826890303,0.9998487840014484,0.9798488020896912,0.9998481799012334,0.9999948091377777,0.9999947910701039,0.9999950830073427,0.9999950678750097,-20.27152586964562,-79.75117111261314,,713.6271304044252,False,False,False,,[]
402,402,403,True,1.0,1.0,402.0,403.0,402.0,403.0,403.0,0.0,93.0200832,93.341952,204.5822978658685,0.5060455203056335,0.5060455203056335,0.0,1.0,0.5313056826890303,0.5310240919261161,0.9998481799012334,0.9798482060432434,0.9998476186387062,0.9999947910701039,0.9999947723273958,0.9999950678750097,0.9999950523507922,-18.553275663387538,-72.98832574737767,,728.8715049215024,False,False,False,,[]
403,403,404,True,1.0,1.0,403.0,404.0,403.0,404.0,404.0,0.0,93.341952,93.341952,155.67027940129537,0.5060456991195679,0.5060456991195679,0.0,1.0,0.5310240919261161,0.5308038146717082,0.9998476186387062,0.9798476099967957,0.9998471653218316,0.9999947723273958,0.9999947543859506,0.9999950523507922,0.9999950396787589,-14.515881118639328,-57.095864342518475,,771.4725376986163,False,False,False,,[]
404,404,405,True,1.0,1.0,404.0,405.0,404.0,405.0,405.0,0.0,93.341952,93.341952,155.67027940129537,0.5060458183288574,0.5060458183288574,0.0,1.0,0.5308038146717082,0.530583537065152,0.9998471653218316,0.9798471927642822,0.9998467120043095,0.9999947543859506,0.9999947364445028,0.9999950396787589,0.9999950270067312,-14.515880940936965,-57.09595561935632,,771.4722912263746,False,False,False,,[]
405,405,406,True,1.0,1.0,405.0,406.0,405.0,406.0,406.0,0.0,93.341952,93.341952,155.67027940129537,0.5060459971427917,0.5060459971427917,0.0,1.0,0.530583537065152,0.5303632591021528,0.9998467120043095,0.979846715927124,0.9998462586861322,0.9999947364445028,0.9999947185030509,0.9999950270067312,0.9999950143347119,-14.51588067438348,-57.096048009412925,,771.4720427928594,False,False,False,,[]
406,406,407,True,1.0,1.0,406.0,407.0,406.0,407.0,407.0,0.0,93.341952,93.341952,155.67027940129537,0.5060461163520813,0.5060461163520813,0.0,1.0,0.5303632591021528,0.530142980775882,0.9998462586861322,0.9798462986946106,0.999845805367287,0.9999947185030509,0.9999947005615963,0.9999950143347119,0.9999950016626984,-14.515880496681193,-57.09614216939482,,771.4717886170823,False,False,False,,[]
407,407,408,True,1.0,1.0,407.0,408.0,407.0,408.0,408.0,0.0,93.341952,93.341952,155.67027940129537,0.5060462355613708,0.5060462355613708,0.0,1.0,0.530142980775882,0.5299227020810205,0.999845805367287,0.9798458218574524,0.9998453520477641,0.9999947005615963,0.9999946826201391,0.9999950016626984,0.9999949889906905,-14.515880318978938,-57.09623770807716,,771.4715307008561,False,False,False,,[]
408,408,409,True,1.0,1.0,408.0,409.0,408.0,409.0,409.0,0.0,93.341952,93.1810176,130.9655078812957,0.5060464143753052,0.5060464143753052,0.0,1.0,0.5299227020810205,0.5297366380568156,0.9998453520477641,0.9798453450202942,0.999844963007446,0.9999946826201391,0.9999946666676285,0.9999949889906905,0.9999949786309367,-12.262513906808534,-48.22779507391363,,799.1814333011635,False,False,False,,[]
409,409,410,True,1.0,1.0,409.0,410.0,409.0,410.0,410.0,0.0,93.1810176,93.0200832,130.71653077295414,0.5060465335845947,0.5060465335845947,0.0,1.0,0.5297366380568156,0.5295511589681682,0.999844963007446,0.9798449873924255,0.9998445750892868,0.9999946666676285,0.9999946507443311,0.9999949786309367,0.9999949682574124,-12.224147710939647,-48.076179777407994,,799.6368201995168,False,False,False,,[]
410,410,411,True,1.0,1.0,410.0,411.0,410.0,411.0,411.0,0.0,93.0200832,92.85914880000001,130.4679833058714,0.5060466527938843,0.5060466527938843,0.0,1.0,0.5295511589681682,0.5293662635549048,0.9998445750892868,0.9798445701599121,0.9998441882916241,0.9999946507443311,0.999994634850293,0.9999949682574124,0.9999949578704369,-12.185861428866007,-47.92489111786099,,800.0920469936374,False,False,False,,[]
411,411,412,True,1.0,1.0,411.0,412.0,411.0,412.0,412.0,0.0,92.85914880000001,92.85914880000001,154.92463700004126,0.506046712398529,0.506046712398529,0.0,1.0,0.5293662635549048,0.529148057713021,0.9998441882916241,0.9798442125320435,0.999843738788164,0.999994634850293,0.9999946169588487,0.9999949578704369,0.9999949453753079,-14.379915932844924,-56.558954216275346,,773.0706938690382,False,False,False,,[]
412,412,413,True,1.0,1.0,412.0,413.0,412.0,413.0,413.0,0.0,92.85914880000001,93.0200832,179.629408520039,0.5060468912124634,0.5060468912124634,0.0,1.0,0.529148057713021,0.5288965441242416,0.999843738788164,0.9798437356948853,0.9998432292548822,0.9999946169588487,0.999994598265585,0.9999949453753079,0.9999949298263463,-16.573140618055312,-65.19232221162127,,748.1059030742965,False,False,False,,[]
413,413,414,True,1.0,1.0,413.0,414.0,413.0,414.0,414.0,0.0,93.0200832,93.1810176,179.87752634586877,0.5060470104217529,0.5060470104217529,0.0,1.0,0.5288965441242416,0.5286442914033103,0.9998432292548822,0.979843258857727,0.9998427184214538,0.999994598265585,0.9999945795368204,0.9999949298263463,0.9999949142474405,-16.621529855700498,-65.38390526539814,,747.5832124721233,False,False,False,,[]
414,414,415,True,1.0,1.0,414.0,415.0,414.0,415.0,415.0,0.0,93.1810176,93.341952,180.1260738129535,0.5060471892356873,0.5060471892356873,0.0,1.0,0.5286442914033103,0.528391331012878,0.9998427184214538,0.9798427224159241,0.9998422063445584,0.9999945795368204,0.9999945607726013,0.9999949142474405,0.9999948986706182,-16.6678465809125,-65.56733320003387,,747.0998770795338,False,False,False,,[]
415,415,416,True,1.0,1.0,415.0,416.0,415.0,416.0,416.0,0.0,93.341952,93.50288640000001,180.37505092129703,0.5060473084449768,0.5060473084449768,0.0,1.0,0.528391331012878,0.5281376299594412,0.9998422063445584,0.9798422455787659,0.9998416929676249,0.9999945607726013,0.9999945419729753,0.9999948986706182,0.9999948830652674,-16.71633473815083,-65.75931305081345,,746.5785851407147,False,False,False,,[]
416,416,417,True,1.0,1.0,416.0,417.0,416.0,417.0,417.0,0.0,93.50288640000001,93.9856896,230.03400071089283,0.5060474872589111,0.5060474872589111,0.0,1.0,0.5281376299594412,0.5278253798007185,0.9998416929676249,0.9798417091369629,0.9998410815703158,0.9999945419729753,0.9999945237740759,0.9999948830652674,0.9999948681791615,-20.56998266558974,-80.93524114091939,,710.9974046520582,False,False,False,,[]
417,417,418,True,1.0,1.0,417.0,418.0,417.0,418.0,418.0,0.0,93.9856896,94.7903616,280.1943418472285,0.5060476660728455,0.5060476660728455,0.0,1.0,0.5278253798007185,0.5274483216388047,0.9998410815703158,0.9798411130905151,0.9998403736005637,0.9999945237740759,0.9999945037104273,0.9999948681791615,0.9999948534039208,-24.833189933625967,-97.73347556805246,,674.4479860006094,False,False,False,,[]
418,418,419,True,1.0,1.0,418.0,419.0,418.0,419.0,419.0,0.0,94.7903616,95.11223040000002,207.33995027293074,0.5060479044914246,0.5060479044914246,0.0,1.0,0.5274483216388047,0.5271583708985368,0.9998403736005637,0.9798403978347778,0.999839798400601,0.9999945037104273,0.999994484651253,0.9999948534039208,0.9999948379170055,-19.100206158949682,-75.1552318774609,,723.5801916805665,False,False,False,,[]
419,419,420,True,1.0,1.0,419.0,420.0,419.0,420.0,420.0,0.0,95.11223040000002,95.59503360000001,232.5516984760034,0.5060480833053589,0.5060480833053589,0.0,1.0,0.5271583708985368,0.5268382782496844,0.999839798400601,0.9798398017883301,0.9998391746207898,0.999994484651253,0.9999944662427921,0.9999948379170055,0.9999948233171593,-21.083149003967424,-82.96801458253952,,706.4746594347894,False,False,False,,[]
420,420,421,True,1.0,1.0,420.0,421.0,420.0,421.0,421.0,0.0,95.59503360000001,96.2387712,258.0201573300447,0.5060482621192932,0.5060482621192932,0.0,1.0,0.5268382782496844,0.5264869587773537,0.9998391746207898,0.9798392057418823,0.9998385034067367,0.9999944662427921,0.9999944487887645,0.9999948233171593,0.9999948094908407,-23.136679315684123,-91.06200722811306,,689.7877906708026,False,False,False,,[]
421,421,422,True,1.0,1.0,421.0,422.0,421.0,422.0,422.0,0.0,96.2387712,96.3997056,184.93010752636366,0.5060484409332275,0.5060484409332275,0.0,1.0,0.5264869587773537,0.5262197562217311,0.9998385034067367,0.9798385500907898,0.9998379665857688,0.9999944487887645,0.9999944293606505,0.9999948094908407,0.9999947934482909,-17.600757571905678,-69.25890241737237,,737.2699380535632,False,False,False,,[]
422,422,423,True,1.0,1.0,422.0,423.0,422.0,423.0,423.0,0.0,96.3997056,96.3997056,160.48247629858557,0.5060486197471619,0.5060486197471619,0.0,1.0,0.5262197562217311,0.5259855724399529,0.9998379665857688,0.9798380136489868,0.9998374879387778,0.9999944293606505,0.9999944111362316,0.9999947934482909,0.9999947791917109,-15.427156873318086,-60.700436236896486,,760.7284699984549,False,False,False,,[]
423,423,424,True,1.0,1.0,423.0,424.0,423.0,424.0,424.0,0.0,96.3997056,96.2387712,135.7777047785859,0.5060487389564514,0.5060487389564514,0.0,1.0,0.5259855724399529,0.5257878767096942,0.9998374879387778,0.9798375368118286,0.9998370767428939,0.9999944111362316,0.9999943947825717,0.9999947791917109,0.9999947686737847,-13.024944404628899,-51.24273328306117,,790.0848118709254,False,False,False,,[]
424,424,425,True,1.0,1.0,424.0,425.0,424.0,425.0,425.0,0.0,96.2387712,95.91690240000001,110.81579296636659,0.506048858165741,0.506048858165741,0.0,1.0,0.5257878767096942,0.5256240311028462,0.9998370767428939,0.9798371195793152,0.9998367308492307,0.9999943947825717,0.9999943815418788,0.9999947686737847,0.9999947571854658,-10.796082183503758,-42.46878129499288,,817.5518674131222,False,False,False,,[]
425,425,426,True,1.0,1.0,425.0,426.0,425.0,426.0,426.0,0.0,95.91690240000001,95.59503360000001,110.30280130568998,0.5060489773750305,0.5060489773750305,0.0,1.0,0.5256240311028462,0.5254613579851941,0.9998367308492307,0.9798367619514465,0.9998363872616437,0.9999943815418788,0.9999943683571484,0.9999947571854658,0.9999947457243268,-10.71917426275133,-42.16487209540509,,818.5464648325046,False,False,False,,[]
426,426,427,True,1.0,1.0,426.0,427.0,426.0,427.0,427.0,0.0,95.59503360000001,95.27316480000002,109.7915282100466,0.5060490965843201,0.5060490965843201,0.0,1.0,0.5254613579851941,0.5252998517940605,0.9998363872616437,0.9798364043235779,0.9998360459720315,0.9999943683571484,0.99999435522854,0.9999947457243268,0.9999947342910745,-10.642624275048288,-41.86240474183478,,819.5397868824382,False,False,False,,[]
427,427,428,True,1.0,1.0,427.0,428.0,427.0,428.0,428.0,0.0,95.27316480000002,95.11223040000002,133.98674519942836,0.5060491561889648,0.5060491561889648,0.0,1.0,0.5252998517940605,0.5251066984249427,0.9998360459720315,0.9798360466957092,0.9998356433919481,0.99999435522854,0.9999943390120937,0.9999947342910745,0.9999947240363186,-12.727135785404014,-50.065353275321684,,793.7247614370708,False,False,False,,[]
428,428,429,True,1.0,1.0,428.0,429.0,428.0,429.0,429.0,0.0,95.11223040000002,94.95129600000001,133.73261239600467,0.5060492753982544,0.5060492753982544,0.0,1.0,0.5251066984249427,0.5249141491413067,0.9998356433919481,0.9798356890678406,0.9998352419611974,0.9999943390120937,0.9999943228157895,0.9999947240363186,0.9999947137799804,-12.687528741270686,-49.908774318445865,,794.1897073955136,False,False,False,,[]
429,429,430,True,1.0,1.0,429.0,430.0,429.0,430.0,430.0,0.0,94.95129600000001,94.7903616,133.47890923383386,0.506049394607544,0.506049394607544,0.0,1.0,0.5249141491413067,0.5247222026896761,0.9998352419611974,0.9798352718353271,0.9998348416782152,0.9999943228157895,0.9999943066397599,0.9999947137799804,0.999994703522301,-12.648000940622119,-49.75252026265902,,794.6545439732394,False,False,False,,[]
430,430,431,True,1.0,1.0,430.0,431.0,430.0,431.0,431.0,0.0,94.7903616,94.4684928,108.52086419293006,0.5060495138168335,0.5060495138168335,0.0,1.0,0.5247222026896761,0.5245635893065628,0.9998348416782152,0.9798348546028137,0.9998345060974331,0.9999943066397599,0.9999942936521214,0.999994703522301,0.9999946921617777,-10.452812382568071,-41.11258890297391,,822.017155384823,False,False,False,,[]
431,431,432,True,1.0,1.0,431.0,432.0,431.0,432.0,432.0,0.0,94.4684928,94.3075584,132.72037759487634,0.506049633026123,0.506049633026123,0.0,1.0,0.5245635893065628,0.5243734441065617,0.9998345060974331,0.9798344969749451,0.9998341092488334,0.9999942936521214,0.9999942775377021,0.9999946921617777,0.9999946819015078,-12.529892239895293,-49.28563584027848,,796.0485745395524,False,False,False,,[]
432,432,433,True,1.0,1.0,432.0,433.0,432.0,433.0,433.0,0.0,94.3075584,94.146624,132.46839299773882,0.5060497522354126,0.5060497522354126,0.0,1.0,0.5243734441065617,0.5241838870644431,0.9998341092488334,0.9798341393470764,0.9998337135232299,0.9999942775377021,0.9999942614440767,0.9999946819015078,0.9999946716311461,-12.491318703789533,-49.13318531714778,,796.4994869781149,False,False,False,,[]
433,433,434,True,1.0,1.0,433.0,434.0,433.0,434.0,434.0,0.0,94.146624,93.9856896,132.2168380418562,0.5060498714447021,0.5060498714447021,0.0,1.0,0.5241838870644431,0.5239949110520502,0.9998337135232299,0.979833722114563,0.9998333189077727,0.9999942614440767,0.9999942453713726,0.9999946716311461,0.9999946613450588,-12.453211630388912,-48.9825824122418,,796.9420698511692,False,False,False,,[]
434,434,435,True,1.0,1.0,434.0,435.0,434.0,435.0,435.0,0.0,93.9856896,93.9856896,156.6704842472301,0.5060499906539917,0.5060499906539917,0.0,1.0,0.5239949110520502,0.5237717341235452,0.9998333189077727,0.9798333644866943,0.999832860270127,0.9999942453713726,0.9999942273653332,0.9999946613450588,0.9999946483300707,-14.705591540570502,-57.847459868495875,,769.1942498968046,False,False,False,,[]
435,435,436,True,1.0,1.0,435.0,436.0,435.0,436.0,436.0,0.0,93.9856896,93.8247552,131.96571272722844,0.5060501098632812,0.5060501098632812,0.0,1.0,0.5237717341235452,0.5235833374347708,0.999832860270127,0.9798328876495361,0.9998324667623072,0.9999942273653332,0.9999942113136742,0.9999946483300707,0.9999946380285873,-12.415179355511913,-48.83242173032122,,797.3841887683097,False,False,False,,[]
436,436,437,True,1.0,1.0,436.0,437.0,436.0,437.0,437.0,0.0,93.8247552,93.66382080000001,131.71501705386342,0.5060502290725708,0.5060502290725708,0.0,1.0,0.5235833374347708,0.5233955194283639,0.9998324667623072,0.9798324704170227,0.9998320743616462,0.9999942113136742,0.9999941952831882,0.9999946380285873,0.999994627712038,-12.377221275327924,-48.68242726066151,,797.8266513750264,False,False,False,,[]
437,437,438,True,1.0,1.0,437.0,438.0,437.0,438.0,438.0,0.0,93.66382080000001,93.50288640000001,131.4647510217494,0.5060503482818604,0.5060503482818604,0.0,1.0,0.5233955194283639,0.5232082789314251,0.9998320743616462,0.979832112789154,0.9998316830666437,0.9999941952831882,0.9999941792739999,0.999994627712038,0.9999946173807496,-12.339337630548783,-48.53273680656263,,798.2690500733146,False,False,False,,[]
438,438,439,True,1.0,1.0,438.0,439.0,438.0,439.0,439.0,0.0,93.50288640000001,93.341952,131.21491463089217,0.5060504674911499,0.5060504674911499,0.0,1.0,0.5232082789314251,0.5230216231832261,0.9998316830666437,0.9798316955566406,0.9998312928919153,0.9999941792739999,0.9999941632921792,0.9999946173807496,0.9999946070350471,-12.300974433976654,-48.38116993318687,,798.7215698890445,False,False,False,,[]
439,439,440,True,1.0,1.0,439.0,440.0,439.0,440.0,440.0,0.0,93.341952,93.1810176,130.9655078812957,0.5060505867004395,0.5060505867004395,0.0,1.0,0.5230216231832261,0.5228355534042013,0.9998312928919153,0.979831337928772,0.9998309038405607,0.9999941632921792,0.9999941473395255,0.9999946070350471,0.9999945966752537,-12.262528192194784,-48.22928672323296,,799.1769363162264,False,False,False,,[]
440,440,441,True,1.0,1.0,440.0,441.0,440.0,441.0,441.0,0.0,93.1810176,93.1810176,155.42130229295384,0.506050705909729,0.506050705909729,0.0,1.0,0.5228355534042013,0.522615960354575,0.9998309038405607,0.9798309206962585,0.9998304517821429,0.9999941473395255,0.9999941294144864,0.9999945966752537,0.9999945840626565,-14.47044630532843,-56.91851846311495,,772.0001548658277,False,False,False,,[]
441,441,442,True,1.0,1.0,441.0,442.0,441.0,442.0,442.0,0.0,93.1810176,93.1810176,155.42130229295384,0.5060508847236633,0.5060508847236633,0.0,1.0,0.522615960354575,0.5223963666175291,0.9998304517821429,0.9798304438591003,0.9998299997224602,0.9999941294144864,0.9999941114894433,0.9999945840626565,0.9999945714500678,-14.470446042077652,-56.918696642313655,,771.9996724368567,False,False,False,,[]
442,442,443,True,1.0,1.0,442.0,443.0,442.0,443.0,443.0,0.0,93.1810176,93.1810176,155.42130229295384,0.5060510039329529,0.5060510039329529,0.0,1.0,0.5223963666175291,0.5221767721957686,0.9998299997224602,0.9798300266265869,0.9998295476615175,0.9999941114894433,0.9999940935643974,0.9999945714500678,0.9999945588374846,-14.47044586657717,-56.918874120302945,,771.9991909193488,False,False,False,,[]
443,443,444,True,1.0,1.0,443.0,444.0,443.0,444.0,444.0,0.0,93.1810176,93.1810176,155.42130229295384,0.5060511231422424,0.5060511231422424,0.0,1.0,0.5221767721957686,0.5219571770932323,0.9998295476615175,0.9798295497894287,0.9998290955993222,0.9999940935643974,0.9999940756393488,0.9999945588374846,0.999994546224907,-14.470445691076723,-56.91905057742111,,771.9987123188313,False,False,False,,[]
444,444,445,True,1.0,1.0,444.0,445.0,444.0,445.0,445.0,0.0,93.1810176,93.341952,180.1260738129535,0.506051242351532,0.506051242351532,0.0,1.0,0.5219571770932323,0.5217042080446583,0.9998290955993222,0.9798291325569153,0.9998285835072215,0.9999940756393488,0.999994056875112,0.999994546224907,0.9999945306480947,-16.667846366522244,-65.56957739038599,,747.0941914705037,False,False,False,,[]
445,445,446,True,1.0,1.0,445.0,446.0,445.0,446.0,446.0,0.0,93.341952,93.50288640000001,180.37505092129703,0.5060514211654663,0.5060514211654663,0.0,1.0,0.5217042080446583,0.5214504980040977,0.9998285835072215,0.9798285961151123,0.9998280701145223,0.999994056875112,0.9999940380754685,0.9999945306480947,0.9999945150427538,-16.71633451252945,-65.76164251330302,,746.5726929350823,False,False,False,,[]
446,446,447,True,1.0,1.0,446.0,447.0,446.0,447.0,447.0,0.0,93.50288640000001,93.50288640000001,155.91968615089382,0.5060515999794006,0.5060515999794006,0.0,1.0,0.5214504980040977,0.5212295130812201,0.9998280701145223,0.9798280596733093,0.9998276154972258,0.9999940380754685,0.9999940201175282,0.9999945150427538,0.9999945023115526,-14.561406102368164,-57.27929200987095,,770.9293079691347,False,False,False,,[]
447,447,448,True,1.0,1.0,447.0,448.0,447.0,448.0,448.0,0.0,93.50288640000001,93.66382080000001,180.6244576708935,0.5060517191886902,0.5060517191886902,0.0,1.0,0.5212295130812201,0.5209750598746262,0.9998276154972258,0.9798276424407959,0.9998271008015567,0.9999940201175282,0.9999940012825255,0.9999945023115526,0.9999944866777299,-16.76491679965965,-65.95427114912549,,746.0506323478203,False,False,False,,[]
448,448,449,True,1.0,1.0,448.0,449.0,448.0,449.0,449.0,0.0,93.66382080000001,93.66382080000001,156.16952254174907,0.5060518980026245,0.5060518980026245,0.0,1.0,0.5209750598746262,0.5207533773014108,0.9998271008015567,0.9798271059989929,0.9998266449034359,0.9999940012825255,0.9999939833083743,0.9999944866777299,0.9999944738868457,-14.60704606024887,-57.46012297742889,,770.39381457679,False,False,False,,[]
449,449,450,True,1.0,1.0,449.0,450.0,449.0,450.0,450.0,0.0,93.66382080000001,93.66382080000001,156.16952254174907,0.5060520172119141,0.5060520172119141,0.0,1.0,0.5207533773014108,0.5205316941147673,0.9998266449034359,0.9798266887664795,0.9998261890041894,0.9999939833083743,0.9999939653342204,0.9999944738868457,0.9999944610959671,-14.607045878107755,-57.460281978011054,,770.3933854082195,False,False,False,,[]
450,450,451,True,1.0,1.0,450.0,451.0,450.0,451.0,451.0,0.0,93.66382080000001,93.50288640000001,131.4647510217494,0.5060521364212036,0.5060521364212036,0.0,1.0,0.5205316941147673,0.5203444465011265,0.9998261890041894,0.9798262119293213,0.9998257976955572,0.9999939653342204,0.999993949324992,0.9999944610959671,0.9999944507646611,-12.339341809466644,-48.53458145568139,,798.2636097940826,False,False,False,,[]
451,451,452,True,1.0,1.0,451.0,452.0,451.0,452.0,452.0,0.0,93.50288640000001,93.341952,131.21491463089217,0.5060522556304932,0.5060522556304932,0.0,1.0,0.5203444465011265,0.5201577836603851,0.9998257976955572,0.9798257946968079,0.9998254075072361,0.999993949324992,0.9999939333431098,0.9999944507646611,0.9999944404189414,-12.300980584519028,-48.38300832019165,,798.7161278957722,False,False,False,,[]
452,452,453,True,1.0,1.0,452.0,453.0,452.0,453.0,453.0,0.0,93.341952,93.341952,155.67027940129537,0.5060523748397827,0.5060523748397827,0.0,1.0,0.5201577836603851,0.5199374899453614,0.9998254075072361,0.9798254370689392,0.9998249541600995,0.9999939333431098,0.9999939154015142,0.9999944404189414,0.9999944277472244,-14.515871167355169,-57.10013093415188,,771.4610385564807,False,False,False,,[]
453,453,454,True,1.0,1.0,453.0,454.0,453.0,454.0,454.0,0.0,93.341952,93.341952,155.67027940129537,0.5060524940490723,0.5060524940490723,0.0,1.0,0.5199374899453614,0.5197171955870523,0.9998249541600995,0.979824960231781,0.9998245008117802,0.9999939154015142,0.9999938974599158,0.9999944277472244,0.999994415075513,-14.515870989654559,-57.100297673699636,,771.4605870982788,False,False,False,,[]
454,454,455,True,1.0,1.0,454.0,455.0,454.0,455.0,455.0,0.0,93.341952,93.341952,155.67027940129537,0.5060526132583618,0.5060526132583618,0.0,1.0,0.5197171955870523,0.5194969005882727,0.9998245008117802,0.9798245429992676,0.9998240474622835,0.9999938974599158,0.9999938795183148,0.999994415075513,0.9999944024038073,-14.515870811953981,-57.10046368368962,,771.4601375668898,False,False,False,,[]
455,455,456,True,1.0,1.0,455.0,456.0,455.0,456.0,456.0,0.0,93.341952,93.341952,155.67027940129537,0.5060527920722961,0.5060527920722961,0.0,1.0,0.5194969005882727,0.5192766049531201,0.9998240474622835,0.9798240661621094,0.9998235941116168,0.9999938795183148,0.9999938615767097,0.9999944024038073,0.9999943897321102,-14.51587054540317,-57.10062863154199,,771.4596919085441,False,False,False,,[]
456,456,457,True,1.0,1.0,456.0,457.0,456.0,457.0,457.0,0.0,93.341952,93.341952,155.67027940129537,0.5060529112815857,0.5060529112815857,0.0,1.0,0.5192766049531201,0.5190563086829294,0.9998235941116168,0.9798235893249512,0.9998231407597826,0.9999938615767097,0.9999938436351019,0.9999943897321102,0.9999943770604186,-14.515870367702668,-57.10079323342422,,771.4592461993732,False,False,False,,[]
457,457,458,True,1.0,1.0,457.0,458.0,457.0,458.0,458.0,0.0,93.341952,93.1810176,130.9655078812957,0.5060530304908752,0.5060530304908752,0.0,1.0,0.5190563086829294,0.5188702291265005,0.9998231407597826,0.9798231720924377,0.9998227516896773,0.9999938436351019,0.9999938276823644,0.9999943770604186,0.999994366700602,-12.262536559303337,-48.23182102638252,,799.1694257801748,False,False,False,,[]
458,458,459,True,1.0,1.0,458.0,459.0,458.0,459.0,459.0,0.0,93.1810176,93.1810176,155.42130229295384,0.5060531497001648,0.5060531497001648,0.0,1.0,0.5188702291265005,0.5186506247915105,0.9998227516896773,0.9798227548599243,0.9998222996104932,0.9999938276823644,0.9999938097572701,0.999994366700602,0.9999943540881201,-14.470442707573817,-56.92144362941481,,771.9922272075329,False,False,False,,[]
459,459,460,True,1.0,1.0,459.0,460.0,459.0,460.0,460.0,0.0,93.1810176,93.341952,180.1260738129535,0.5060533285140991,0.5060533285140991,0.0,1.0,0.5186506247915105,0.5183976450906075,0.9998222996104932,0.9798223376274109,0.9998217874996852,0.9999938097572701,0.9999937909930242,0.9999943540881201,0.9999943385113129,-16.66784625606923,-65.57233847404075,,747.0871995654501,False,False,False,,[]
460,460,461,True,1.0,1.0,460.0,461.0,460.0,461.0,461.0,0.0,93.341952,93.50288640000001,180.37505092129703,0.5060534477233887,0.5060534477233887,0.0,1.0,0.5183976450906075,0.5181439243950331,0.9998217874996852,0.9798218011856079,0.9998212740882947,0.9999937909930242,0.9999937721933719,0.9999943385113129,0.9999943229059768,-16.716334401251213,-65.76440429288166,,746.5657101762846,False,False,False,,[]
461,461,462,True,1.0,1.0,461.0,462.0,461.0,462.0,462.0,0.0,93.50288640000001,93.50288640000001,155.91968615089382,0.506053626537323,0.506053626537323,0.0,1.0,0.5181439243950331,0.5179229302626652,0.9998212740882947,0.9798212647438049,0.9998208194540826,0.9999937721933719,0.9999937542353861,0.9999943229059768,0.9999943101748721,-14.561403043827143,-57.281679109739834,,770.9228594085874,False,False,False,,[]
462,462,463,True,1.0,1.0,462.0,463.0,462.0,463.0,463.0,0.0,93.50288640000001,93.66382080000001,180.6244576708935,0.5060537457466125,0.5060537457466125,0.0,1.0,0.5179229302626652,0.5176684664319193,0.9998208194540826,0.9798208475112915,0.9998203047397971,0.9999937542353861,0.9999937354003747,0.9999943101748721,0.999994294541054,-16.76491668437005,-65.95702492934068,,746.0436807612058,False,False,False,,[]
463,463,464,True,1.0,1.0,463.0,464.0,463.0,464.0,464.0,0.0,93.66382080000001,93.8247552,180.87429406174678,0.5060539245605469,0.5060539245605469,0.0,1.0,0.5176684664319193,0.517413258721906,0.9998203047397971,0.9798203110694885,0.9998197887227631,0.9999937354003747,0.9999937165300534,0.999994294541054,0.9999942788788012,-16.813593220914584,-66.14983843544653,,745.5220288969874,False,False,False,,[]
464,464,465,True,1.0,1.0,464.0,465.0,464.0,465.0,465.0,0.0,93.8247552,93.8247552,156.41978857386115,0.5060540437698364,0.5060540437698364,0.0,1.0,0.517413258721906,0.5171908683058792,0.9998197887227631,0.9798198342323303,0.9998193315263133,0.9999937165300534,0.9999936985398087,0.9999942788788012,0.9999942660280722,-14.65278996905166,-57.64359583414874,,769.851959945015,False,False,False,,[]
465,465,466,True,1.0,1.0,465.0,466.0,465.0,466.0,466.0,0.0,93.8247552,93.8247552,156.41978857386115,0.506054162979126,0.506054162979126,0.0,1.0,0.5171908683058792,0.5169684773224993,0.9998193315263133,0.9798193573951721,0.9998188743288233,0.9999936985398087,0.9999936805495613,0.9999942660280722,0.9999942531773489,-14.652789784671155,-57.64374289207071,,769.8515638854099,False,False,False,,[]
466,466,467,True,1.0,1.0,466.0,467.0,466.0,467.0,467.0,0.0,93.8247552,93.66382080000001,131.71501705386342,0.5060543417930603,0.5060543417930603,0.0,1.0,0.5169684773224993,0.5167806434019145,0.9998188743288233,0.9798188805580139,0.9998184818977047,0.9999936805495613,0.9999936645189833,0.9999942531773489,0.9999942428607581,-12.377230925554905,-48.68655221556647,,797.8144980947226,False,False,False,,[]
467,467,468,True,1.0,1.0,467.0,468.0,467.0,468.0,468.0,0.0,93.66382080000001,93.50288640000001,131.4647510217494,0.5060544610023499,0.5060544610023499,0.0,1.0,0.5167806434019145,0.5165933871004004,0.9998184818977047,0.9798185229301453,0.999818090572434,0.9999936645189833,0.9999936485097028,0.9999942428607581,0.9999942325294291,-12.339347242012154,-48.536833352465415,,798.2569656451274,False,False,False,,[]
468,468,469,True,1.0,1.0,468.0,469.0,468.0,469.0,469.0,0.0,93.50288640000001,93.341952,131.21491463089217,0.5060545802116394,0.5060545802116394,0.0,1.0,0.5165933871004004,0.5164067155867179,0.999818090572434,0.9798181056976318,0.9998177003674917,0.9999936485097028,0.9999936325277409,0.9999942325294291,0.9999942221836868,-12.300988580196659,-48.3852563465027,,798.7094694267428,False,False,False,,[]
469,469,470,True,1.0,1.0,469.0,470.0,469.0,470.0,470.0,0.0,93.341952,93.0200832,106.26073636129603,0.506054699420929,0.506054699420929,0.0,1.0,0.5164067155867179,0.5162532083314417,0.9998177003674917,0.9798177480697632,0.9998173749053428,0.9999936325277409,0.9999936197959501,0.9999942221836868,0.9999942109644024,-10.116767099009136,-39.78908056757566,,826.443176509723,False,False,False,,[]
470,470,471,True,1.0,1.0,470.0,471.0,470.0,471.0,471.0,0.0,93.0200832,92.53728000000001,81.05844026587009,0.5060547590255737,0.5060547590255737,0.0,1.0,0.5162532083314417,0.516139768544112,0.9998173749053428,0.9798173904418945,0.9998171389246912,0.9999936197959501,0.9999936145252005,0.9999942109644024,0.9999942002733372,-7.477299097531354,-29.403592875849522,,867.3029388487276,False,False,False,,[]
471,471,472,True,1.0,1.0,471.0,472.0,471.0,472.0,472.0,0.0,92.53728000000001,91.89354240000002,55.610604192157325,0.5060548782348633,0.5060548782348633,0.0,1.0,0.516139768544112,0.5160599382685594,0.9998171389246912,0.9798171520233154,0.9998169782307841,0.9999936145252005,0.9999936102123103,0.9999942002733372,0.9999941916580697,-5.262740091170057,-20.69200742324124,,901.8532709334852,False,False,False,,[]
472,472,473,True,1.0,1.0,472.0,473.0,472.0,473.0,473.0,0.0,91.89354240000002,91.732608,128.74018099146417,0.5060548782348633,0.5060548782348633,0.0,1.0,0.5160599382685594,0.5158790751439992,0.9998169782307841,0.9798169732093811,0.9998165991945155,0.9999936102123103,0.9999935945240829,0.9999941916580697,0.9999941811856644,-11.920113712735544,-46.879721885997675,,803.2597023634279,False,False,False,,[]
473,473,474,True,1.0,1.0,473.0,474.0,473.0,474.0,474.0,0.0,91.732608,91.0888704,54.380756094439064,0.5060549974441528,0.5060549974441528,0.0,1.0,0.5158790751439992,0.5158024115113939,0.9998165991945155,0.9798166155815125,0.9998164453522,0.9999935945240829,0.9999935910401594,0.9999941811856644,0.9999941727495415,-5.054375526577685,-19.871213571279565,,905.8234305989221,False,False,False,,[]
474,474,475,True,1.0,1.0,474.0,475.0,474.0,475.0,475.0,0.0,91.0888704,90.28419840000001,28.69983963888605,0.5060550570487976,0.5060550570487976,0.0,1.0,0.5158024115113939,0.5157611224558925,0.9998164453522,0.9798164367675781,0.9998163653149327,0.9999935910401594,0.9999935892160601,0.9999941727495415,0.9999941674851327,-2.722613997520936,-10.702123185978046,,946.6278976472246,False,False,False,,[]
475,475,476,True,1.0,1.0,475.0,476.0,475.0,476.0,476.0,0.0,90.28419840000001,90.123264,126.3084114777265,0.5060551166534424,0.5060551166534424,0.0,1.0,0.5157611224558925,0.5155859451653144,0.9998163653149327,0.9798163771629333,0.9998159972831426,0.9999935892160601,0.9999935738257548,0.9999941674851327,0.9999941569165205,-11.547176485063362,-45.40595371782645,,807.7939925549316,False,False,False,,[]
476,476,477,True,1.0,1.0,476.0,477.0,476.0,477.0,477.0,0.0,90.123264,89.8013952,101.36282603326335,0.5060551762580872,0.5060551762580872,0.0,1.0,0.5155859451653144,0.5154434251917337,0.9998159972831426,0.9798160195350647,0.9998156937723125,0.9999935738257548,0.9999935616712782,0.9999941569165205,0.9999941460539467,-9.395561318536863,-36.94117715211622,,836.1986326964918,False,False,False,,[]
477,477,478,True,1.0,1.0,477.0,478.0,477.0,478.0,478.0,0.0,89.8013952,89.31859200000001,76.1777155881151,0.5060552954673767,0.5060552954673767,0.0,1.0,0.5154434251917337,0.5153399842056737,0.9998156937723125,0.9798157215118408,0.9998154806859817,0.9999935616712782,0.9999935568897315,0.9999941460539467,0.9999941358874966,-6.82030111690673,-26.81190358673704,,877.4257189588521,False,False,False,,[]
478,478,479,True,1.0,1.0,478.0,479.0,478.0,479.0,479.0,0.0,89.31859200000001,88.83578880000002,75.46042950981077,0.5060553550720215,0.5060553550720215,0.0,1.0,0.5153399842056737,0.5152368908463341,0.9998154806859817,0.9798154830932617,0.9998152683879638,0.9999935568897315,0.9999935512365428,0.9999941358874966,0.9999941258138386,-6.797661122521891,-26.721798740855125,,877.154504728989,False,False,False,,[]
479,479,480,True,1.0,1.0,479.0,480.0,479.0,480.0,480.0,0.0,88.83578880000002,88.67485440000002,124.1565532428174,0.5060554146766663,0.5060554146766663,0.0,1.0,0.5152368908463341,0.5150667252385019,0.9998152683879638,0.9798153042793274,0.9998149101136431,0.9999935512365428,0.9999935361175271,0.9999941258138386,0.999994115183195,-11.218263049092574,-44.106925550078905,,811.8578666279153,False,False,False,,[]
480,480,481,True,1.0,1.0,480.0,481.0,480.0,481.0,481.0,0.0,88.67485440000002,88.51392000000001,123.91960608966943,0.5060555338859558,0.5060555338859558,0.0,1.0,0.5150667252385019,0.5148971098065971,0.9998149101136431,0.9798149466514587,0.9998145529137477,0.9999935361175271,0.9999935210288204,0.999994115183195,0.9999941045470364,-11.182108569678965,-43.96431994975149,,812.3079030445382,False,False,False,,[]
481,481,482,True,1.0,1.0,481.0,482.0,481.0,482.0,482.0,0.0,88.51392000000001,88.3529856,123.6830885777744,0.5060555934906006,0.5060555934906006,0.0,1.0,0.5148971098065971,0.5147280433519753,0.9998145529137477,0.9798145890235901,0.9998141967865763,0.9999935210288204,0.9999935059704568,0.9999941045470364,0.9999940939056322,-11.146031887147764,-43.82202503796678,,812.7577348708921,False,False,False,,[]
482,482,483,True,1.0,1.0,482.0,483.0,482.0,483.0,483.0,0.0,88.3529856,88.3529856,148.15177222713982,0.5060557126998901,0.5060557126998901,0.0,1.0,0.5147280433519753,0.5145294541449705,0.9998141967865763,0.9798142313957214,0.9998137839015084,0.9999935059704568,0.9999934890593397,0.9999940939056322,0.999994083306092,-13.091267428045601,-51.47432245564229,,789.0241245696741,False,False,False,,[]
483,483,484,True,1.0,1.0,483.0,484.0,483.0,484.0,484.0,0.0,88.3529856,88.3529856,148.15177222713982,0.5060558319091797,0.5060558319091797,0.0,1.0,0.5145294541449705,0.5143308640116275,0.9998137839015084,0.979813814163208,0.9998133710146903,0.9999934890593397,0.9999934721482212,0.999994083306092,0.9999940727065565,-13.091267201422324,-51.47456256251402,,789.023440979105,False,False,False,,[]
484,484,485,True,1.0,1.0,484.0,485.0,484.0,485.0,485.0,0.0,88.3529856,88.3529856,148.15177222713982,0.5060559511184692,0.5060559511184692,0.0,1.0,0.5143308640116275,0.5141322729661227,0.9998133710146903,0.9798133969306946,0.9998129581261485,0.9999934721482212,0.9999934552371011,0.9999940727065565,0.9999940621070259,-13.09126697479903,-51.47479899483004,,789.0227678741848,False,False,False,,[]
485,485,486,True,1.0,1.0,485.0,486.0,485.0,486.0,486.0,0.0,88.3529856,88.3529856,148.15177222713982,0.5060561299324036,0.5060561299324036,0.0,1.0,0.5141322729661227,0.5139336810239744,0.9998129581261485,0.9798129796981812,0.9998125452359125,0.9999934552371011,0.9999934383259789,0.9999940621070259,0.9999940515075024,-13.091266634864056,-51.47503140484615,,789.0221072306549,False,False,False,,[]
486,486,487,True,1.0,1.0,486.0,487.0,486.0,487.0,487.0,0.0,88.3529856,88.3529856,148.15177222713982,0.5060562491416931,0.5060562491416931,0.0,1.0,0.5139336810239744,0.5137350881968926,0.9998125452359125,0.9798125624656677,0.9998121323440042,0.9999934383259789,0.9999934214148551,0.9999940515075024,0.9999940409079837,-13.091266408240717,-51.4752607795933,,789.0214542792783,False,False,False,,[]
487,487,488,True,1.0,1.0,487.0,488.0,487.0,488.0,488.0,0.0,88.3529856,88.51392000000001,172.85654374714147,0.5060563683509827,0.5060563683509827,0.0,1.0,0.5137350881968926,0.5135041726527179,0.9998121323440042,0.9798121452331543,0.9998116596070514,0.9999934214148551,0.9999934037320649,0.9999940409079837,0.9999940267368365,-15.22036279778272,-59.85330905009652,,763.3336195326555,False,False,False,,[]
488,488,489,True,1.0,1.0,488.0,489.0,488.0,489.0,489.0,0.0,88.51392000000001,88.51392000000001,148.38786009777604,0.5060564875602722,0.5060564875602722,0.0,1.0,0.5135041726527179,0.5133049052875112,0.9998116596070514,0.9798116683959961,0.9998112454410959,0.9999934037320649,0.9999933867801033,0.9999940267368365,0.9999940160863774,-13.135402457933644,-51.65010106156292,,788.4654559349738,False,False,False,,[]
489,489,490,True,1.0,1.0,489.0,490.0,489.0,490.0,490.0,0.0,88.51392000000001,88.51392000000001,148.38786009777604,0.5060566067695618,0.5060566067695618,0.0,1.0,0.5133049052875112,0.513105637088633,0.9998112454410959,0.9798112511634827,0.9998108312735664,0.9999933867801033,0.9999933698281401,0.9999940160863774,0.9999940054359231,-13.135402229388204,-51.65031714920676,,788.4648418122204,False,False,False,,[]
490,490,491,True,1.0,1.0,490.0,491.0,490.0,491.0,491.0,0.0,88.51392000000001,88.51392000000001,148.38786009777604,0.5060567259788513,0.5060567259788513,0.0,1.0,0.513105637088633,0.5129063680676857,0.9998108312735664,0.9798108339309692,0.9998104171044848,0.9999933698281401,0.9999933528761755,0.9999940054359231,0.9999939947854736,-13.13540200084275,-51.650530229526595,,788.464236332058,False,False,False,,[]
491,491,492,True,1.0,1.0,491.0,492.0,491.0,492.0,492.0,0.0,88.51392000000001,88.51392000000001,148.38786009777604,0.5060569047927856,0.5060569047927856,0.0,1.0,0.5129063680676857,0.5127070982376979,0.9998104171044848,0.9798104166984558,0.9998100029338758,0.9999933528761755,0.9999933359242087,0.9999939947854736,0.9999939841350313,-13.135401658024533,-51.65073993285227,,788.4636415198325,False,False,False,,[]
492,492,493,True,1.0,1.0,492.0,493.0,492.0,493.0,493.0,0.0,88.51392000000001,88.51392000000001,148.38786009777604,0.5060570240020752,0.5060570240020752,0.0,1.0,0.5127070982376979,0.5125078276079287,0.9998100029338758,0.9798099994659424,0.9998095887617569,0.9999933359242087,0.9999933189722404,0.9999939841350313,0.9999939734845937,-13.135401429479034,-51.650947236170865,,788.4630525199614,False,False,False,,[]
493,493,494,True,1.0,1.0,493.0,494.0,493.0,494.0,494.0,0.0,88.51392000000001,88.67485440000002,173.0926316177757,0.5060571432113647,0.5060571432113647,0.0,1.0,0.5125078276079287,0.5122761752844165,0.9998095887617569,0.979809582233429,0.999809114690144,0.9999933189722404,0.9999933012528796,0.9999939734845937,0.9999939592511212,-15.268295420365241,-60.04428225435368,,762.769339490742,False,False,False,,[]
494,494,495,True,1.0,1.0,494.0,495.0,494.0,495.0,495.0,0.0,88.67485440000002,88.67485440000002,148.6243776096691,0.5060572624206543,0.5060572624206543,0.0,1.0,0.5122761752844165,0.512076228566849,0.999809114690144,0.9798091053962708,0.9998086992421036,0.9999933012528796,0.9999932842600728,0.9999939592511212,0.9999939485495237,-13.179647313435249,-51.826189193509585,,787.9066255413687,False,False,False,,[]
495,495,496,True,1.0,1.0,495.0,496.0,495.0,496.0,496.0,0.0,88.67485440000002,88.51392000000001,123.91960608966943,0.5060573816299438,0.5060573816299438,0.0,1.0,0.512076228566849,0.5119066017735283,0.9998086992421036,0.9798087477684021,0.9998083420200141,0.9999932842600728,0.9999932691713068,0.9999939485495237,0.999993937913357,-11.18211409721843,-43.96726482871182,,812.2988973806802,False,False,False,,[]
496,496,497,True,1.0,1.0,496.0,497.0,496.0,497.0,497.0,0.0,88.51392000000001,88.3529856,123.6830885777744,0.5060575008392334,0.5060575008392334,0.0,1.0,0.5119066017735283,0.5117375241590814,0.9998083420200141,0.9798083901405334,0.9998079858710297,0.9999932691713068,0.999993254112882,0.999993937913357,0.9999939272719448,-11.146037566228392,-43.82491766465951,,812.7488764548808,False,False,False,,[]
497,497,498,True,1.0,1.0,497.0,498.0,497.0,498.0,498.0,0.0,88.3529856,88.3529856,148.15177222713982,0.506057620048523,0.506057620048523,0.0,1.0,0.5117375241590814,0.5115389221887605,0.9998079858710297,0.9798080325126648,0.9998075729618451,0.999993254112882,0.9999932372017412,0.9999939272719448,0.999993916672481,-13.091263802071156,-51.477630707175365,,789.014710187287,False,False,False,,[]
498,498,499,True,1.0,1.0,498.0,499.0,498.0,499.0,499.0,0.0,88.3529856,88.1920512,123.44700070713817,0.5060577392578125,0.5060577392578125,0.0,1.0,0.5115389221887605,0.5113703919076333,0.9998075729618451,0.9798076152801514,0.9998072178829949,0.9999932372017412,0.9999932221736851,0.999993916672481,0.9999939060260904,-11.110039290506625,-43.68304886817727,,813.1981322857074,False,False,False,,[]
499,499,500,True,1.0,1.0,499.0,500.0,499.0,500.0,500.0,0.0,88.1920512,88.0311168,123.21134247776271,0.5060577988624573,0.5060577988624573,0.0,1.0,0.5113703919076333,0.5112024084086365,0.9998072178829949,0.9798072576522827,0.9998068638738336,0.9999932221736851,0.9999932071760347,0.9999939060260904,0.999993895374988,-11.074118313342185,-43.541322939972815,,813.6476915464311,False,False,False,,[]
500,500,501,True,1.0,1.0,500.0,501.0,500.0,501.0,501.0,0.0,88.0311168,87.8701824,122.97611388963824,0.5060579180717468,0.5060579180717468,0.0,1.0,0.5112024084086365,0.5110349704862496,0.9998068638738336,0.9798069000244141,0.999806510932632,0.9999932071760347,0.9999931922088184,0.999993895374988,0.9999938847194377,-11.038275269200861,-43.39990948270064,,814.0970285330413,False,False,False,,[]
501,501,502,True,1.0,1.0,501.0,502.0,501.0,502.0,502.0,0.0,87.8701824,87.5483136,98.0365434227709,0.5060580372810364,0.5060580372810364,0.0,1.0,0.5110349704862496,0.5108998084451821,0.999806510932632,0.9798065423965454,0.9998062237259308,0.9999931922088184,0.9999931804635802,0.9999938847194377,0.9999938741369832,-8.911493588831302,-35.034001044677204,,843.0207631240654,False,False,False,,[]
502,502,503,True,1.0,1.0,502.0,503.0,502.0,503.0,503.0,0.0,87.5483136,87.3873792,122.2730059728117,0.5060580968856812,0.5060580968856812,0.0,1.0,0.5108998084451821,0.5107340008366356,0.9998062237259308,0.9798062443733215,0.9998058739797844,0.9999931804635802,0.9999931655878508,0.9999938741369832,0.9999938634696584,-10.931211424944843,-42.97733213526327,,815.4443347287753,False,False,False,,[]
503,503,504,True,1.0,1.0,503.0,504.0,503.0,504.0,504.0,0.0,87.3873792,87.3873792,146.74426746971625,0.5060582160949707,0.5060582160949707,0.0,1.0,0.5107340008366356,0.5105394041430703,0.9998058739797844,0.9798058867454529,0.9998054686569726,0.9999931655878508,0.9999931489216735,0.9999938634696584,0.9999938531804818,-12.828142344148441,-50.43946297211546,,792.340081685287,False,False,False,,[]
504,504,505,True,1.0,1.0,504.0,505.0,504.0,505.0,505.0,0.0,87.3873792,87.22644480000001,122.03949594971657,0.5060583353042603,0.5060583353042603,0.0,1.0,0.5105394041430703,0.5103741366630447,0.9998054686569726,0.9798054695129395,0.9998051199705902,0.9999931489216735,0.9999931340764919,0.9999938531804818,0.9999938425097488,-10.89567901848886,-42.83733082266211,,815.8922542284264,False,False,False,,[]
505,505,506,True,1.0,1.0,505.0,506.0,505.0,506.0,506.0,0.0,87.22644480000001,87.06551040000001,121.80641556787825,0.5060584545135498,0.5060584545135498,0.0,1.0,0.5103741366630447,0.5102094087640198,0.9998051199705902,0.9798051118850708,0.9998047723435078,0.9999931340764919,0.9999931192618902,0.9999938425097488,0.9999938318358638,-10.860223655372836,-42.69747142724291,,816.3404623620446,False,False,False,,[]
506,506,507,True,1.0,1.0,506.0,507.0,506.0,507.0,507.0,0.0,87.06551040000001,87.06551040000001,146.2785363472965,0.5060585737228394,0.5060585737228394,0.0,1.0,0.5102094087640198,0.5100159530252469,0.9998047723435078,0.9798048138618469,0.9998043691884456,0.9999931192618902,0.9999931025552252,0.9999938318358638,0.9999938216412694,-12.753158660928094,-50.14372748991403,,793.2274215295408,False,False,False,,[]
507,507,508,True,1.0,1.0,507.0,508.0,507.0,508.0,508.0,0.0,87.06551040000001,87.06551040000001,146.2785363472965,0.5060586929321289,0.5060586929321289,0.0,1.0,0.5100159530252469,0.5098224965418461,0.9998043691884456,0.9798043966293335,0.9998039660319676,0.9999931025552252,0.9999930858485571,0.9999938216412694,0.9999938114466793,-12.753158625016976,-50.14392049750702,,793.2268646205147,False,False,False,,[]
508,508,509,True,1.0,1.0,508.0,509.0,508.0,509.0,509.0,0.0,87.06551040000001,86.904576,121.57376482729681,0.5060588121414185,0.5060588121414185,0.0,1.0,0.5098224965418461,0.5096583049435153,0.9998039660319676,0.9798039793968201,0.9998036194583491,0.9999930858485571,0.9999930710645554,0.9999938114466793,0.9999938007691165,-10.824900323069615,-42.55846228733988,,816.7862481088414,False,False,False,,[]
509,509,510,True,1.0,1.0,509.0,510.0,509.0,510.0,510.0,0.0,86.904576,86.904576,146.04631524797188,0.506058931350708,0.506058931350708,0.0,1.0,0.5096583049435153,0.5094656753956606,0.9998036194583491,0.9798036217689514,0.9998032178748404,0.9999930710645554,0.9999930545208082,0.9999938007691165,0.9999937906215267,-12.698746011872387,-49.92957880394824,,793.9789491581399,False,False,False,,[]
510,510,511,True,1.0,1.0,510.0,511.0,510.0,511.0,511.0,0.0,86.904576,86.904576,146.04631524797188,0.5060590505599976,0.5060590505599976,0.0,1.0,0.5094656753956606,0.5092730451425269,0.9998032178748404,0.9798032641410828,0.9998028162899895,0.9999930545208082,0.9999930379770595,0.9999937906215267,0.9999937804739413,-12.698745821907615,-49.92976161223202,,793.9784216821547,False,False,False,,[]
511,511,512,True,1.0,1.0,511.0,512.0,511.0,512.0,512.0,0.0,86.904576,86.904576,146.04631524797188,0.5060591697692871,0.5060591697692871,0.0,1.0,0.5092730451425269,0.5090804141932906,0.9998028162899895,0.9798028469085693,0.9998024147038138,0.9999930379770595,0.9999930214333094,0.9999937804739413,0.99999377032636,-12.698745631942813,-49.929942042054215,,793.977901097454,False,False,False,,[]
512,512,513,True,1.0,1.0,512.0,513.0,512.0,513.0,513.0,0.0,86.904576,86.904576,146.04631524797188,0.5060592889785767,0.5060592889785767,0.0,1.0,0.5090804141932906,0.5088877825568842,0.9998024147038138,0.9798024296760559,0.9998020131163304,0.9999930214333094,0.9999930048895577,0.99999377032636,0.9999937601787832,-12.698745441977984,-49.93012015655686,,793.9773872152518,False,False,False,,[]
513,513,514,True,1.0,1.0,513.0,514.0,513.0,514.0,514.0,0.0,86.904576,86.904576,146.04631524797188,0.5060594081878662,0.5060594081878662,0.0,1.0,0.5088877825568842,0.5086951502420032,0.9998020131163304,0.9798020124435425,0.9998016115275558,0.9999930048895577,0.9999929883458045,0.9999937601787832,0.9999937500312105,-12.698745252013126,-49.930296017153765,,793.9768798513127,False,False,False,,[]
514,514,515,True,1.0,1.0,514.0,515.0,514.0,515.0,515.0,0.0,86.904576,86.904576,146.04631524797188,0.5060595273971558,0.5060595273971558,0.0,1.0,0.5086951502420032,0.5085025172571127,0.9998016115275558,0.9798016548156738,0.999801209937506,0.9999929883458045,0.9999929718020498,0.9999937500312105,0.9999937398836422,-12.698745062048243,-49.93046968359929,,793.9763788461784,False,False,False,,[]
515,515,516,True,1.0,1.0,515.0,516.0,515.0,516.0,516.0,0.0,86.904576,86.904576,146.04631524797188,0.5060596466064453,0.5060596466064453,0.0,1.0,0.5085025172571127,0.5083098836104536,0.999801209937506,0.9798012375831604,0.9998008083461969,0.9999929718020498,0.9999929552582937,0.9999937398836422,0.999993729736078,-12.698744872083331,-49.930641214029585,,793.9758840305232,False,False,False,,[]
516,516,517,True,1.0,1.0,516.0,517.0,516.0,517.0,517.0,0.0,86.904576,87.06551040000001,170.75108676797154,0.5060597658157349,0.5060597658157349,0.0,1.0,0.5083098836104536,0.5080857030791525,0.9998008083461969,0.979800820350647,0.999800347871751,0.9999929552582937,0.9999929379058488,0.999993729736078,0.9999937163678587,-14.77684706289164,-58.10759371324674,,768.6698530256658,False,False,False,,[]
517,517,518,True,1.0,1.0,517.0,518.0,517.0,518.0,518.0,0.0,87.06551040000001,87.22644480000001,170.98330786729613,0.5060598850250244,0.5060598850250244,0.0,1.0,0.5080857030791525,0.5078588190982013,0.999800347871751,0.9798003435134888,0.999799882461692,0.9999929379058488,0.9999929190657103,0.9999937163678587,0.9999937029426174,-14.954658600644118,-58.80832786255225,,765.878362540269,False,False,False,,[]
518,518,519,True,1.0,1.0,518.0,519.0,518.0,519.0,519.0,0.0,87.22644480000001,87.709248,220.62550164787697,0.506060004234314,0.506060004234314,0.0,1.0,0.5078588190982013,0.5075756246390526,0.999799882461692,0.9797999262809753,0.9997993185103379,0.9999929190657103,0.9999929017865512,0.9999937029426174,0.9999936869145821,-18.66260619741436,-73.40400381133992,,728.3868737139105,False,False,False,,[]
519,519,520,True,1.0,1.0,519.0,520.0,519.0,520.0,520.0,0.0,87.709248,88.1920512,221.32603171716238,0.5060601830482483,0.5060601830482483,0.0,1.0,0.5075756246390526,0.5072904763282233,0.9997993185103379,0.9797993302345276,0.9997987512927923,0.9999929017865512,0.9999928844314622,0.9999936869145821,0.9999936711838395,-18.79045108248649,-73.9104421669325,,727.2960552174294,False,False,False,,[]
520,520,521,True,1.0,1.0,520.0,521.0,520.0,521.0,521.0,0.0,88.1920512,88.3529856,172.62088551776208,0.5060603618621826,0.5060603618621826,0.0,1.0,0.5072904763282233,0.5070602609160711,0.9997987512927923,0.9797987937927246,0.9997982798253626,0.9999928844314622,0.9999928667852418,0.9999936711838395,0.9999936570750287,-15.1725238643544,-59.67183482983644,,763.8735557688785,False,False,False,,[]
521,521,522,True,1.0,1.0,521.0,522.0,521.0,522.0,522.0,0.0,88.3529856,88.51392000000001,172.85654374714147,0.5060604810714722,0.5060604810714722,0.0,1.0,0.5070602609160711,0.5068293153933467,0.9997982798253626,0.9797983169555664,0.9997978070340781,0.9999928667852418,0.9999928491024254,0.9999936570750287,0.9999936429041039,-15.220348883620714,-59.86107949017457,,763.3131007507909,False,False,False,,[]
522,522,523,True,1.0,1.0,522.0,523.0,522.0,523.0,523.0,0.0,88.51392000000001,88.67485440000002,173.0926316177757,0.5060606598854065,0.5060606598854065,0.0,1.0,0.5068293153933467,0.5065976380854639,0.9997978070340781,0.9797978401184082,0.9997973329172303,0.9999928491024254,0.9999928313830423,0.9999936429041039,0.9999936286708224,-15.268283445884695,-60.05075820323305,,762.7522699427617,False,False,False,,[]
523,523,524,True,1.0,1.0,523.0,524.0,523.0,524.0,524.0,0.0,88.67485440000002,88.83578880000002,173.32914912967075,0.506060779094696,0.506060779094696,0.0,1.0,0.5065976380854639,0.5063652273079963,0.9997973329172303,0.97979736328125,0.9997968574731048,0.9999928313830423,0.9999928136271233,0.9999936286708224,0.9999936143749346,-15.316328155685373,-60.240873519594444,,762.1910572518161,False,False,False,,[]
524,524,525,True,1.0,1.0,524.0,525.0,524.0,525.0,525.0,0.0,88.83578880000002,88.83578880000002,148.861324762819,0.5060609579086304,0.5060609579086304,0.0,1.0,0.5063652273079963,0.5061645824615311,0.9997968574731048,0.9797968864440918,0.9997964407086495,0.9999928136271233,0.9999927965934354,0.9999936143749346,0.9999936036220972,-13.223996495747521,-52.00714420377223,,787.3347336204002,False,False,False,,[]
525,525,526,True,1.0,1.0,525.0,526.0,525.0,526.0,526.0,0.0,88.83578880000002,88.9967232,173.56609628281674,0.5060610771179199,0.5060610771179199,0.0,1.0,0.5061645824615311,0.5059314359913256,0.9997964407086495,0.9797964692115784,0.99979596393457,0.9999927965934354,0.9999927788010103,0.9999936036220972,0.9999935892633652,-15.364482394605158,-60.43156507725338,,761.6291042677434,False,False,False,,[]
526,526,527,True,1.0,1.0,526.0,527.0,526.0,527.0,527.0,0.0,88.9967232,89.15765760000001,173.80347307722542,0.5060611963272095,0.5060611963272095,0.0,1.0,0.5059314359913256,0.5056975526776644,0.99979596393457,0.9797959923744202,0.9997954858298107,0.9999927788010103,0.9999927609721118,0.9999935892633652,0.999993574841531,-15.412747592218949,-60.62255490099512,,761.0671401330924,False,False,False,,[]
527,527,528,True,1.0,1.0,527.0,528.0,527.0,528.0,528.0,0.0,89.15765760000001,89.31859200000001,174.04127951289098,0.506061315536499,0.506061315536499,0.0,1.0,0.5056975526776644,0.5054629308281138,0.9997954858298107,0.979795515537262,0.9997950063926775,0.9999927609721118,0.9999927431067717,0.999993574841531,0.9999935603563452,-15.461123335824617,-60.81398340350758,,760.5048022488982,False,False,False,,[]
528,528,529,True,1.0,1.0,528.0,529.0,528.0,529.0,529.0,0.0,89.31859200000001,89.47952640000001,174.2795155898095,0.5060614943504333,0.5060614943504333,0.0,1.0,0.5054629308281138,0.505227568749763,0.9997950063926775,0.9797950387001038,0.9997945256214873,0.9999927431067717,0.9999927252050222,0.9999935603563452,0.9999935458075612,-15.50960961600329,-61.005850708498556,,759.942095871625,False,False,False,,[]
529,529,530,True,1.0,1.0,529.0,530.0,529.0,530.0,530.0,0.0,89.47952640000001,89.64046080000001,174.51818130798674,0.5060616135597229,0.5060616135597229,0.0,1.0,0.505227568749763,0.5049914647397051,0.9997945256214873,0.9797945618629456,0.9997940435145509,0.9999927252050222,0.9999927072668972,0.9999935458075612,0.9999935311949245,-15.558207050772559,-61.19815940701943,,759.3790149701548,False,False,False,,[]
530,530,531,True,1.0,1.0,530.0,531.0,530.0,531.0,531.0,0.0,89.64046080000001,89.8013952,174.75727666741892,0.5060617923736572,0.5060617923736572,0.0,1.0,0.5049914647397051,0.5047546170977749,0.9997940435145509,0.9797940850257874,0.999793560070196,0.9999927072668972,0.9999926892924296,0.9999935311949245,0.9999935165181866,-15.606915419895813,-61.390908788298255,,758.8155685496248,False,False,False,,[]
531,531,532,True,1.0,1.0,531.0,532.0,531.0,532.0,532.0,0.0,89.8013952,89.9623296,174.99680166811385,0.5060619115829468,0.5060619115829468,0.0,1.0,0.5047546170977749,0.5045169918808311,0.999793560070196,0.9797936081886292,0.9997930752288656,0.9999926892924296,0.9999926712816543,0.9999935165181866,0.9999935017458486,-15.657857677893103,-61.59245623183918,,758.2119299417839,False,False,False,,[]
532,532,533,True,1.0,1.0,532.0,533.0,532.0,533.0,533.0,0.0,89.9623296,90.123264,175.2367563100597,0.5060620903968811,0.5060620903968811,0.0,1.0,0.5045169918808311,0.5042784213643524,0.9997930752288656,0.9797930717468262,0.999792588691284,0.9999926712816543,0.9999926532346056,0.9999935017458486,0.9999934867172082,-15.719841879655021,-61.837477871276384,,757.4036412642647,False,False,False,,[]
533,533,534,True,1.0,1.0,533.0,534.0,533.0,534.0,534.0,0.0,90.123264,90.123264,150.77236907326466,0.5060622096061707,0.5060622096061707,0.0,1.0,0.5042784213643524,0.5040720184255073,0.999792588691284,0.979792594909668,0.999792161112176,0.9999926532346056,0.999992635874278,0.9999934867172082,0.999993475263303,-13.601421590247345,-53.49964174864076,,782.4878698078564,False,False,False,,[]
534,534,535,True,1.0,1.0,534.0,535.0,534.0,535.0,535.0,0.0,90.123264,90.123264,150.77236907326466,0.5060623288154602,0.5060623288154602,0.0,1.0,0.5040720184255073,0.5038656151143067,0.999792161112176,0.9797921776771545,0.9997917335323712,0.999992635874278,0.9999926185139489,0.999993475263303,0.9999934638094028,-13.60142133644185,-53.49973826318249,,782.4876013999831,False,False,False,,[]
535,535,536,True,1.0,1.0,535.0,536.0,535.0,536.0,536.0,0.0,90.123264,90.123264,150.77236907326466,0.5060624480247498,0.5060624480247498,0.0,1.0,0.5038656151143067,0.5036592114290569,0.9997917335323712,0.9797917604446411,0.9997913059518663,0.9999926185139489,0.9999926011536184,0.9999934638094028,0.9999934523555077,-13.601421082636339,-53.49983521674337,,782.4873317512977,False,False,False,,[]
536,536,537,True,1.0,1.0,536.0,537.0,536.0,537.0,537.0,0.0,90.123264,90.123264,150.77236907326466,0.5060626268386841,0.5060626268386841,0.0,1.0,0.5036592114290569,0.5034528073700446,0.9997913059518663,0.9797913432121277,0.9997908783706619,0.9999926011536184,0.9999925837932857,0.9999934523555077,0.9999934409016205,-13.601420701928044,-53.499932095981485,,782.4870634747859,False,False,False,,[]
537,537,538,True,1.0,1.0,537.0,538.0,537.0,538.0,538.0,0.0,90.123264,90.123264,150.77236907326466,0.5060627460479736,0.5060627460479736,0.0,1.0,0.5034528073700446,0.5032464029337548,0.9997908783706619,0.9797909259796143,0.9997904507887515,0.9999925837932857,0.9999925664329515,0.9999934409016205,0.9999934294477383,-13.601420448122493,-53.50002988632791,,782.486791482748,False,False,False,,[]
538,538,539,True,1.0,1.0,538.0,539.0,538.0,539.0,539.0,0.0,90.123264,90.123264,150.77236907326466,0.5060628652572632,0.5060628652572632,0.0,1.0,0.5032464029337548,0.5030399981186497,0.9997904507887515,0.979790449142456,0.9997900232061322,0.9999925664329515,0.9999925490726159,0.9999934294477383,0.9999934179938612,-13.601420194316928,-53.5001280752338,,782.4865183794701,False,False,False,,[]
539,539,540,True,1.0,1.0,539.0,540.0,539.0,540.0,540.0,0.0,90.123264,90.123264,150.77236907326466,0.5060629844665527,0.5060629844665527,0.0,1.0,0.5030399981186497,0.502833592923241,0.9997900232061322,0.9797900319099426,0.9997895956228011,0.9999925490726159,0.9999925317122789,0.9999934179938612,0.9999934065399892,-13.601419940511343,-53.500226649950655,,782.4862441882709,False,False,False,,[]
540,540,541,True,1.0,1.0,540.0,541.0,540.0,541.0,541.0,0.0,90.123264,90.123264,150.77236907326466,0.5060631036758423,0.5060631036758423,0.0,1.0,0.502833592923241,0.5026271873460879,0.9997895956228011,0.9797896146774292,0.9997891680387556,0.9999925317122789,0.9999925143519404,0.9999934065399892,0.9999933950861224,-13.601419686705746,-53.50032559807834,,782.4859689519783,False,False,False,,[]
541,541,542,True,1.0,1.0,541.0,542.0,541.0,542.0,542.0,0.0,90.123264,90.123264,150.77236907326466,0.5060632228851318,0.5060632228851318,0.0,1.0,0.5026271873460879,0.5024207813857964,0.9997891680387556,0.9797891974449158,0.9997887404539931,0.9999925143519404,0.9999924969916004,0.9999933950861224,0.9999933836322606,-13.601419432900133,-53.50042490756514,,782.4856927060105,False,False,False,,[]
542,542,543,True,1.0,1.0,542.0,543.0,542.0,543.0,543.0,0.0,90.123264,90.123264,150.77236907326466,0.5060633420944214,0.5060633420944214,0.0,1.0,0.5024207813857964,0.5022143750410175,0.9997887404539931,0.9797887802124023,0.9997883128685111,0.9999924969916004,0.999992479631259,0.9999933836322606,0.999993372178404,-13.601419179094501,-53.5005245666848,,782.4854154779684,False,False,False,,[]
543,543,544,True,1.0,1.0,543.0,544.0,543.0,544.0,544.0,0.0,90.123264,90.123264,150.77236907326466,0.5060635209083557,0.5060635209083557,0.0,1.0,0.5022143750410175,0.5020079683123734,0.9997883128685111,0.9797883033752441,0.9997878852823107,0.999992479631259,0.9999924622709154,0.999993372178404,0.999993360724555,-13.601418798386025,-53.50062406455711,,782.4851397866086,False,False,False,,[]
544,544,545,True,1.0,1.0,544.0,545.0,544.0,545.0,545.0,0.0,90.123264,90.123264,150.77236907326466,0.5060636401176453,0.5060636401176453,0.0,1.0,0.5020079683123734,0.501801561196675,0.9997878852823107,0.9797878861427307,0.9997874576953859,0.9999924622709154,0.9999924449105704,0.999993360724555,0.9999933492707112,-13.601418544580357,-53.500724389028996,,782.4848606949605,False,False,False,,[]
545,545,546,True,1.0,1.0,545.0,546.0,545.0,546.0,546.0,0.0,90.123264,90.123264,150.77236907326466,0.5060637593269348,0.5060637593269348,0.0,1.0,0.501801561196675,0.5015951536927016,0.9997874576953859,0.9797874689102173,0.9997870301077345,0.9999924449105704,0.9999924275502239,0.9999933492707112,0.9999933378168724,-13.601418290774673,-53.50082502988951,,782.484580713353,False,False,False,,[]
546,546,547,True,1.0,1.0,546.0,547.0,546.0,547.0,547.0,0.0,90.123264,89.9623296,126.06759755326499,0.5060638785362244,0.5060638785362244,0.0,1.0,0.5015951536927016,0.5014204963554724,0.9997870301077345,0.9797870516777039,0.999786663085763,0.9999924275502239,0.9999924121896347,0.9999933378168724,0.999993327240194,-11.510343969303397,-45.271181809825535,,808.2135171104334,False,False,False,,[]
547,547,548,True,1.0,1.0,547.0,548.0,547.0,548.0,548.0,0.0,89.9623296,89.9623296,150.53198479006002,0.5060639977455139,0.5060639977455139,0.0,1.0,0.5014204963554724,0.5012148710494453,0.999786663085763,0.9797866940498352,0.9997862369626774,0.9999924121896347,0.9999923948701029,0.999993327240194,0.9999933159322328,-13.5500469415074,-53.298079322219806,,783.1680841710483,False,False,False,,[]
548,548,549,True,1.0,1.0,548.0,549.0,548.0,549.0,549.0,0.0,89.9623296,89.9623296,150.53198479006002,0.5060641169548035,0.5060641169548035,0.0,1.0,0.5012148710494453,0.5010092453476516,0.9997862369626774,0.9797862768173218,0.9997858108388505,0.9999923948701029,0.9999923775505697,0.9999933159322328,0.9999933046242766,-13.550046703374406,-53.29818190492945,,783.1677980702111,False,False,False,,[]
549,549,550,True,1.0,1.0,549.0,550.0,549.0,550.0,550.0,0.0,89.9623296,89.8013952,125.82721327005837,0.506064236164093,0.506064236164093,0.0,1.0,0.5010092453476516,0.5008351478585802,0.9997858108388505,0.9797858595848083,0.9997854449048286,0.9999923775505697,0.9999923622200095,0.9999933046242766,0.9999932940398673,-11.473563716577683,-45.126069167292464,,808.6650983324897,False,False,False,,[]
550,550,551,True,1.0,1.0,550.0,551.0,550.0,551.0,551.0,0.0,89.8013952,89.47952640000001,100.88248710811477,0.5060643553733826,0.5060643553733826,0.0,1.0,0.5008351478585802,0.5006936626404843,0.9997854449048286,0.9797854423522949,0.9997851434736524,0.9999923622200095,0.9999923501235548,0.9999932940398673,0.9999932832158936,-9.325387094597728,-36.67296853044197,,837.136189079703,False,False,False,,[]
551,551,552,True,1.0,1.0,551.0,552.0,551.0,552.0,552.0,0.0,89.47952640000001,89.15765760000001,100.40386674798576,0.5060644745826721,0.5060644745826721,0.0,1.0,0.5006936626404843,0.500553241271595,0.9997851434736524,0.979785144329071,0.9997848441827881,0.9999923501235548,0.999992338085433,0.9999932832158936,0.9999932724310117,-9.255540610943532,-36.39721881613366,,838.1011095570132,False,False,False,,[]
552,552,553,True,1.0,1.0,552.0,553.0,552.0,553.0,553.0,0.0,89.15765760000001,88.83578880000002,99.92696495289196,0.5060645341873169,0.5060645341873169,0.0,1.0,0.500553241271595,0.5004138783798464,0.9997848441827881,0.9797848463058472,0.9997845470236196,0.999992338085433,0.9999923261057205,0.9999932724310117,0.9999932616857001,-9.186041430384536,-36.12286154121179,,839.0642592935825,False,False,False,,[]
553,553,554,True,1.0,1.0,553.0,554.0,553.0,554.0,554.0,0.0,88.83578880000002,88.67485440000002,124.1565532428174,0.5060646533966064,0.5060646533966064,0.0,1.0,0.5004138783798464,0.5002436716698948,0.9997845470236196,0.9797845482826233,0.9997841886690575,0.9999923261057205,0.9999923109864071,0.9999932616857001,0.9999932510550147,-11.218290816791248,-44.11757921944983,,811.8252643198477,False,False,False,,[]
554,554,555,True,1.0,1.0,554.0,555.0,554.0,555.0,555.0,0.0,88.67485440000002,88.51392000000001,123.91960608966943,0.506064772605896,0.506064772605896,0.0,1.0,0.5002436716698948,0.5000740156940793,0.9997841886690575,0.9797841906547546,0.9997838313899629,0.9999923109864071,0.9999922958974033,0.9999932510550147,0.9999932404188157,-11.18213620720247,-43.974828931396814,,812.2757030441243,False,False,False,,[]
555,555,556,True,1.0,1.0,555.0,556.0,555.0,556.0,556.0,0.0,88.51392000000001,88.3529856,123.6830885777744,0.5060648322105408,0.5060648322105408,0.0,1.0,0.5000740156940793,0.4999049092397865,0.9997838313899629,0.979783833026886,0.999783475184609,0.9999922958974033,0.9999922808387433,0.9999932404188157,0.9999932297773725,-11.146059395022824,-43.83239295269769,,812.7259272255337,False,False,False,,[]
556,556,557,True,1.0,1.0,556.0,557.0,556.0,557.0,557.0,0.0,88.3529856,87.8701824,74.03745766714079,0.5060649514198303,0.5060649514198303,0.0,1.0,0.4999049092397865,0.4998057873914332,0.999783475184609,0.9797834753990173,0.9997832718565483,0.9999922808387433,0.9999922762666067,0.9999932297773725,0.9999932198907203,-6.53478563430573,-25.692383093164317,,881.9015296479836,False,False,False,,[]
557,557,558,True,1.0,1.0,557.0,558.0,557.0,558.0,558.0,0.0,87.8701824,87.5483136,98.0365434227709,0.5060650110244751,0.5060650110244751,0.0,1.0,0.4998057873914332,0.4996706048346852,0.9997832718565483,0.979783296585083,0.9997829846004881,0.9999922762666067,0.9999922645211965,0.9999932198907203,0.9999932093082738,-8.911508060848666,-35.03931870910041,,843.0025590296113,False,False,False,,[]
558,558,559,True,1.0,1.0,558.0,559.0,558.0,559.0,559.0,0.0,87.5483136,87.22644480000001,97.56823445281204,0.5060651302337646,0.5060651302337646,0.0,1.0,0.4996706048346852,0.49953645404058905,0.9997829846004881,0.9797829985618591,0.999782699824452,0.9999922645211965,0.9999922528345102,0.9999932093082738,0.9999931987676386,-8.84373751392157,-34.771885829714634,,843.9846166572888,False,False,False,,[]
559,559,560,True,1.0,1.0,559.0,560.0,559.0,560.0,560.0,0.0,87.22644480000001,87.06551040000001,121.80641556787825,0.5060651898384094,0.5060651898384094,0.0,1.0,0.49953645404058905,0.4993717029098427,0.999782699824452,0.9797827005386353,0.9997823521517488,0.9999922528345102,0.9999922380196963,0.9999931987676386,0.9999931880937333,-10.860242966938488,-42.7034930894598,,816.3217857428764,False,False,False,,[]
560,560,561,True,1.0,1.0,560.0,561.0,560.0,561.0,561.0,0.0,87.06551040000001,86.5827072,72.16422178729549,0.506065309047699,0.506065309047699,0.0,1.0,0.4993717029098427,0.499276340472967,0.9997823521517488,0.9797823429107666,0.9997821572534458,0.9999922380196963,0.9999922336283542,0.9999931880937333,0.9999931784587377,-6.28764506956326,-24.717943638183126,,885.8348415173858,False,False,False,,[]
561,561,562,True,1.0,1.0,561.0,562.0,561.0,562.0,562.0,0.0,86.5827072,85.93896960000001,46.76407589309445,0.5060653686523438,0.5060653686523438,0.0,1.0,0.499276340472967,0.4992129074217654,0.9997821572534458,0.9797821640968323,0.9997820315981142,0.9999922336283542,0.9999922302356786,0.9999931784587377,0.999993171182599,-4.182997768552159,-16.441846871455915,,920.2447789036057,False,False,False,,[]
562,562,563,True,1.0,1.0,562.0,563.0,562.0,563.0,563.0,0.0,85.93896960000001,85.7780352,119.95723959841825,0.5060653686523438,0.5060653686523438,0.0,1.0,0.4992129074217654,0.4990524206740318,0.9997820315981142,0.9797820448875427,0.9997816923183562,0.9999922302356786,0.999992215666491,0.999993171182599,0.9999931604781098,-10.580380344696474,-41.59816501253171,,819.881536723176,False,False,False,,[]
563,563,564,True,1.0,1.0,563.0,564.0,563.0,564.0,564.0,0.0,85.7780352,85.45616640000001,95.02325446789186,0.5060654878616333,0.5060654878616333,0.0,1.0,0.4990524206740318,0.4989237696205194,0.9997816923183562,0.9797816872596741,0.9997814206825977,0.999992215666491,0.9999922043036165,0.9999931604781098,0.9999931501031142,-8.482483585701862,-33.34635307043201,,849.2190372760988,False,False,False,,[]
564,564,565,True,1.0,1.0,564.0,565.0,564.0,565.0,565.0,0.0,85.45616640000001,85.1342976,94.56611617060508,0.5060655474662781,0.5060655474662781,0.0,1.0,0.4989237696205194,0.498796092464712,0.9997814206825977,0.979781448841095,0.9997811513598561,0.9999922043036165,0.9999921929997363,0.9999931501031142,0.9999931397519354,-8.418488470498609,-33.093918785266034,,850.1489328381523,False,False,False,,[]
565,565,566,True,1.0,1.0,565.0,566.0,565.0,566.0,566.0,0.0,85.1342976,84.6514944,69.4059249183538,0.5060656666755676,0.5060656666755676,0.0,1.0,0.498796092464712,0.4987061913068772,0.9997811513598561,0.9797811508178711,0.9997809686021308,0.9999921929997363,0.9999921888701818,0.9999931397519354,0.9999931304984497,-5.928541094395585,-23.30238011077951,,891.6152736517874,False,False,False,,[]
566,566,567,True,1.0,1.0,566.0,567.0,566.0,567.0,567.0,0.0,84.6514944,84.3296256,93.4307891493966,0.5060657262802124,0.5060657262802124,0.0,1.0,0.4987061913068772,0.49858092787146396,0.9997809686021308,0.9797809720039368,0.9997807049940852,0.9999921888701818,0.9999921777138996,0.9999931304984497,0.9999931202097648,-8.259907113780939,-32.4682824591097,,852.4646235182979,False,False,False,,[]
567,567,568,True,1.0,1.0,567.0,568.0,567.0,568.0,568.0,0.0,84.3296256,84.00775680000001,92.97966582970957,0.5060657858848572,0.5060657858848572,0.0,1.0,0.49858092787146396,0.4984566210012799,0.9997807049940852,0.9797807335853577,0.9997804436437435,0.9999921777138996,0.9999921666166925,0.9999931202097648,0.9999931099472271,-8.197035576807794,-32.22034075170471,,853.3867491685643,False,False,False,,[]
568,568,569,True,1.0,1.0,568.0,569.0,568.0,569.0,569.0,0.0,84.00775680000001,83.84682240000001,117.2350325950496,0.506065845489502,0.506065845489502,0.0,1.0,0.4984566210012799,0.4983023857209945,0.9997804436437435,0.9797804355621338,0.9997801167356447,0.9999921666166925,0.9999921524187565,0.9999931099472271,0.9999930992253269,-10.169832630360535,-39.977784649980116,,825.1874088573186,False,False,False,,[]
569,569,570,True,1.0,1.0,569.0,570.0,569.0,570.0,570.0,0.0,83.84682240000001,83.685888,117.01097467960504,0.5060659646987915,0.5060659646987915,0.0,1.0,0.4983023857209945,0.498148663320114,0.9997801167356447,0.9797801375389099,0.9997797908460775,0.9999921524187565,0.9999921382518883,0.9999930992253269,0.9999930885035434,-10.136110942256524,-39.84484630823574,,825.6274705445185,False,False,False,,[]
570,570,571,True,1.0,1.0,570.0,571.0,570.0,571.0,571.0,0.0,83.685888,83.685888,141.492117925417,0.5060660243034363,0.5060660243034363,0.0,1.0,0.498148663320114,0.49796787298787115,0.9997797908460775,0.979779839515686,0.9997794119502482,0.9999921382518883,0.9999921225225026,0.9999930885035434,0.9999930783490832,-11.9199839847058,-46.86085411734556,,803.4943900224547,False,False,False,,[]
571,571,572,True,1.0,1.0,571.0,572.0,571.0,572.0,572.0,0.0,83.685888,83.685888,141.492117925417,0.5060662031173706,0.5060662031173706,0.0,1.0,0.49796787298787115,0.497787081853986,0.9997794119502482,0.9797794222831726,0.9997790330528723,0.9999921225225026,0.9999921067931146,0.9999930783490832,0.9999930681946214,-11.919984239290748,-46.86106190302641,,803.4937700473831,False,False,False,,[]
572,572,573,True,1.0,1.0,572.0,573.0,572.0,573.0,573.0,0.0,83.685888,83.685888,141.492117925417,0.5060662627220154,0.5060662627220154,0.0,1.0,0.497787081853986,0.4976062899346194,0.9997790330528723,0.979779064655304,0.9997786541539808,0.9999921067931146,0.9999920910637258,0.9999930681946214,0.999993058040159,-11.919984324152308,-46.86126549981487,,803.4931642338928,False,False,False,,[]
573,573,574,True,1.0,1.0,573.0,574.0,573.0,574.0,574.0,0.0,83.685888,83.84682240000001,166.19688944541667,0.5060663819313049,0.5060663819313049,0.0,1.0,0.4976062899346194,0.4973964994565655,0.9997786541539808,0.9797786474227905,0.9997782202486447,0.9999920910637258,0.9999920744520983,0.999993058040159,0.999993046273225,-13.830593137850071,-54.377691911574566,,780.2992704663567,False,False,False,,[]
574,574,575,True,1.0,1.0,574.0,575.0,574.0,575.0,575.0,0.0,83.84682240000001,83.685888,117.01097467960504,0.5060665607452393,0.5060665607452393,0.0,1.0,0.4973964994565655,0.4972427736156503,0.9997782202486447,0.9797782301902771,0.9997778943522441,0.9999920744520983,0.9999920602852121,0.999993046273225,0.9999930355514419,-10.136112460297882,-39.845737965229716,,825.6246478526842,False,False,False,,[]
575,575,576,True,1.0,1.0,575.0,576.0,575.0,576.0,576.0,0.0,83.685888,83.685888,141.492117925417,0.506066620349884,0.506066620349884,0.0,1.0,0.4972427736156503,0.4970619793209936,0.9997778943522441,0.9797779321670532,0.9997775154487698,0.9999920602852121,0.9999920445558187,0.9999930355514419,0.9999930253969762,-11.919984833320749,-46.86188117501487,,803.4913297223555,False,False,False,,[]
576,576,577,True,1.0,1.0,576.0,577.0,576.0,577.0,577.0,0.0,83.685888,83.5249536,116.78734640541536,0.5060667395591736,0.5060667395591736,0.0,1.0,0.4970619793209936,0.496908764656085,0.9997775154487698,0.9797775149345398,0.9997771905680453,0.9999920445558187,0.999992030420017,0.9999930253969762,0.9999930146755438,-10.102465998722758,-39.71324114430324,,826.0639899018295,False,False,False,,[]
577,577,578,True,1.0,1.0,577.0,578.0,577.0,578.0,578.0,0.0,83.5249536,83.04215040000001,67.15460473248707,0.5060668587684631,0.5060668587684631,0.0,1.0,0.496908764656085,0.496823250110352,0.9997771905680453,0.9797772169113159,0.9997770174721488,0.999992030420017,0.9999920265001497,0.9999930146755438,0.9999930057425176,-5.639797385962029,-22.16537025400238,,896.316742289002,False,False,False,,[]
578,578,579,True,1.0,1.0,578.0,579.0,578.0,579.0,579.0,0.0,83.04215040000001,82.7202816,91.19235820123521,0.5060669183731079,0.5060669183731079,0.0,1.0,0.496823250110352,0.4967027169907621,0.9997770174721488,0.9797770380973816,0.9997767649897917,0.9999920265001497,0.9999920156393393,0.9999930057425176,0.9999929955908574,-7.948741841497449,-31.242184597693548,,857.0494441814782,False,False,False,,[]
579,579,580,True,1.0,1.0,579.0,580.0,579.0,580.0,580.0,0.0,82.7202816,82.23747840000001,66.04505618668539,0.5060669779777527,0.5060669779777527,0.0,1.0,0.4967027169907621,0.4966193433261293,0.9997767649897917,0.9797767996788025,0.9997765965804789,0.9999920156393393,0.9999920118214837,0.9999929955908574,0.9999929868185774,-5.498967637413496,-21.610453872833734,,898.6302553164873,False,False,False,,[]
580,580,581,True,1.0,1.0,580.0,581.0,580.0,581.0,581.0,0.0,82.23747840000001,81.5937408,40.679711234282934,0.5060670375823975,0.5060670375823975,0.0,1.0,0.4966193433261293,0.49656712015194054,0.9997765965804789,0.9797766208648682,0.999776494259191,0.9999920118214837,0.9999920094859776,0.9999929868185774,0.999992980519675,-3.4448828796710567,-13.536246749715298,,933.6286113705146,False,False,False,,[]
581,581,582,True,1.0,1.0,581.0,582.0,581.0,582.0,582.0,0.0,81.5937408,80.9500032,39.80496163534885,0.5060670375823975,0.5060670375823975,0.0,1.0,0.49656712015194054,0.49651583107425873,0.999776494259191,0.9797765016555786,0.9997763938598725,0.9999920094859776,0.9999920067651864,0.999992980519675,0.9999929743629806,-3.3834450276327575,-13.294128935119753,,934.3991132711411,False,False,False,,[]
582,582,583,True,1.0,1.0,582.0,583.0,582.0,583.0,583.0,0.0,80.9500032,80.1453312,14.23231477652463,0.5060670375823975,0.5060670375823975,0.0,1.0,0.49651583107425873,0.49649714666255795,0.9997763938598725,0.9797764420509338,0.9997763584329842,0.9999920067651864,0.9999920058010328,0.9999929743629806,0.999992971829534,-1.232763332863024,-4.842999512835751,,974.9204627410671,False,False,False,,[]
583,583,584,True,1.0,1.0,583.0,584.0,583.0,584.0,584.0,0.0,80.1453312,79.3406592,13.157137531268576,0.5060670971870422,0.5060670971870422,0.0,1.0,0.49649714666255795,0.49648019870807064,0.9997763584329842,0.9797763824462891,0.9997763263530755,0.9999920058010328,0.9999920050656889,0.999992971829534,0.9999929694962681,-1.1182708064401727,-4.3929098031060585,,977.3025823656367,False,False,False,,[]
584,584,585,True,1.0,1.0,584.0,585.0,584.0,585.0,585.0,0.0,79.3406592,78.3750528,-12.612070202564095,0.5060670971870422,0.5060670971870422,0.0,1.0,0.49648019870807064,0.4964905189945568,0.9997763263530755,0.9797763228416443,0.9997763069445839,0.9999920050656889,0.9999920042292213,0.9999929694962681,0.9999929672774711,0.6810601430800405,2.67501825722012,,1005.3526712765808,False,False,False,,[]
585,585,586,True,1.0,1.0,585.0,586.0,585.0,586.0,586.0,0.0,78.3750528,77.57038080000001,10.82955602231383,0.5060670971870422,0.5060670971870422,0.0,1.0,0.4964905189945568,0.4964768416395045,0.9997763069445839,0.9797763228416443,0.9997762811381246,0.9999920042292213,0.999992003637401,0.9999929672774711,0.9999929653741627,-0.9026085057539588,-3.545170429559206,,981.5920765333714,False,False,False,,[]
586,586,587,True,1.0,1.0,586.0,587.0,586.0,587.0,587.0,0.0,77.57038080000001,77.40944640000001,108.60783615760407,0.5060670971870422,0.5060670971870422,0.0,1.0,0.4964768416395045,0.4963426889353982,0.9997762811381246,0.9797763228416443,0.9997759963575018,0.999992003637401,0.999991990943271,0.9999929653741627,0.9999929548671177,-8.850282581890758,-34.77238090435857,,843.2898162258438,False,False,False,,[]
587,587,588,True,1.0,1.0,587.0,588.0,587.0,588.0,588.0,0.0,77.40944640000001,77.248512,108.40096389243523,0.5060672163963318,0.5060672163963318,0.0,1.0,0.4963426889353982,0.49620903552966694,0.9997759963575018,0.9797760248184204,0.9997757127753432,0.999991990943271,0.9999919782901433,0.9999929548671177,0.9999929443835721,-8.817390712256518,-34.64296276554306,,843.7762635732636,False,False,False,,[]
588,588,589,True,1.0,1.0,588.0,589.0,588.0,589.0,589.0,0.0,77.248512,77.248512,132.899292788521,0.5060672760009766,0.5060672760009766,0.0,1.0,0.49620903552966694,0.4960497213720001,0.9997757127753432,0.9797757267951965,0.9997753758100281,0.9999919782901433,0.9999919641697648,0.9999929443835721,0.9999929336884985,-10.509473221330916,-41.29422966724039,,821.1352721670388,False,False,False,,[]
589,589,590,True,1.0,1.0,589.0,590.0,589.0,590.0,590.0,0.0,77.248512,77.40944640000001,157.60406430852066,0.5060673952102661,0.5060673952102661,0.0,1.0,0.4960497213720001,0.4958659531296697,0.9997753758100281,0.9797753691673279,0.9997749911783542,0.9999919641697648,0.9999919490545597,0.9999929336884985,0.9999929239620877,-12.121607254574558,-47.632728412044266,,801.8776603131611,False,False,False,,[]
590,590,591,True,1.0,1.0,590.0,591.0,590.0,591.0,591.0,0.0,77.40944640000001,77.8922496,207.22004997243397,0.5060675144195557,0.5060675144195557,0.0,1.0,0.4958659531296697,0.495627326929971,0.9997749911783542,0.9797750115394592,0.9997745045409246,0.9999919490545597,0.999991933466592,0.9999929239620877,0.999992909412704,-15.737099969767558,-61.85191096189754,,759.0551710273253,False,False,False,,[]
591,591,592,True,1.0,1.0,591.0,592.0,591.0,592.0,592.0,0.0,77.8922496,78.6969216,257.2514987317181,0.5060676336288452,0.5060676336288452,0.0,1.0,0.495627326929971,0.49533580068444144,0.9997745045409246,0.979774534702301,0.9997739267364382,0.999991933466592,0.9999919192849706,0.999992909412704,0.9999928919857545,-19.221769343891292,-75.56360284126178,,724.1573941786379,False,False,False,,[]
592,592,593,True,1.0,1.0,592.0,593.0,592.0,593.0,593.0,0.0,78.6969216,78.857856,159.4775150089924,0.5060678124427795,0.5060678124427795,0.0,1.0,0.49533580068444144,0.4951464395057924,0.9997739267364382,0.9797739386558533,0.9997735313849775,0.9999919192849706,0.999991903832392,0.9999928919857545,0.9999928818826478,-12.488743434745627,-49.08241750582519,,797.1608256568421,False,False,False,,[]
593,593,594,True,1.0,1.0,593.0,594.0,593.0,594.0,594.0,0.0,78.857856,79.01879040000001,159.68782440421992,0.5060679316520691,0.5060679316520691,0.0,1.0,0.4951464395057924,0.4949564512698697,0.9997735313849775,0.9797735214233398,0.9997731348360005,0.999991903832392,0.9999918883423307,0.9999928818826478,0.9999928717392619,-12.529854636501158,-49.244950751168595,,796.6371835780866,False,False,False,,[]
594,594,595,True,1.0,1.0,594.0,595.0,594.0,595.0,595.0,0.0,79.01879040000001,79.01879040000001,135.19379192070065,0.5060680508613586,0.5060680508613586,0.0,1.0,0.4949564512698697,0.49479146997823525,0.9997731348360005,0.9797731637954712,0.9997727867113844,0.9999918883423307,0.999991873783098,0.9999928717392619,0.9999928612129514,-10.881299685708226,-42.76315079164397,,816.4069740597525,False,False,False,,[]
595,595,596,True,1.0,1.0,595.0,596.0,595.0,596.0,596.0,0.0,79.01879040000001,78.857856,110.489020400699,0.5060681700706482,0.5060681700706482,0.0,1.0,0.49479146997823525,0.4946529293710404,0.9997727867113844,0.9797728061676025,0.9997724913509494,0.999991873783098,0.9999918607174714,0.9999928612129514,0.9999928506592409,-9.138120502673178,-35.9097253849064,,839.1401920379019,False,False,False,,[]
596,596,597,True,1.0,1.0,596.0,597.0,596.0,597.0,597.0,0.0,78.857856,78.857856,134.98305288421827,0.506068229675293,0.506068229675293,0.0,1.0,0.4946529293710404,0.49448846609191566,0.9997724913509494,0.9797725081443787,0.9997721442435888,0.9999918607174714,0.9999918461982629,0.9999928506592409,0.9999928401159522,-10.847153942010143,-42.628881949128534,,816.8356276743884,False,False,False,,[]
597,597,598,True,1.0,1.0,597.0,598.0,597.0,598.0,598.0,0.0,78.857856,78.6969216,110.27828136421859,0.5060683488845825,0.5060683488845825,0.0,1.0,0.49448846609191566,0.4943504124480008,0.9997721442435888,0.97977215051651,0.9997718500615069,0.9999918461982629,0.999991833174123,0.9999928401159522,0.999992829564134,-9.10601751507444,-35.78350450273012,,839.5968587086905,False,False,False,,[]
598,598,599,True,1.0,1.0,598.0,599.0,598.0,599.0,599.0,0.0,78.6969216,78.2141184,60.65842892899371,0.5060684680938721,0.5060684680938721,0.0,1.0,0.4943504124480008,0.4942763731867744,0.9997718500615069,0.9797718524932861,0.999771701866521,0.999991833174123,0.999991829171602,0.999992829564134,0.9999928215602337,-4.884646438477614,-19.190976509888046,,908.3764453154324,False,False,False,,[]
599,599,600,True,1.0,1.0,599.0,600.0,599.0,600.0,600.0,0.0,78.2141184,77.7313152,60.03007859085623,0.5060684680938721,0.5060684680938721,0.0,1.0,0.4942763731867744,0.4942042600485786,0.999771701866521,0.9797717332839966,0.9997715577985289,0.999991829171602,0.9999918258910322,0.9999928215602337,0.9999928136340123,-4.757765452343059,-18.691725420365497,,910.9735363777971,False,False,False,,[]
600,600,601,True,1.0,1.0,600.0,601.0,600.0,601.0,601.0,0.0,77.7313152,77.248512,59.40559502403427,0.5060685276985168,0.5060685276985168,0.0,1.0,0.4942042600485786,0.4941332731710375,0.9997715577985289,0.9797715544700623,0.9997714161367528,0.9999918258910322,0.999991822664691,0.9999928136340123,0.9999928057858978,-4.683636115895624,-18.399798658657758,,912.2193979949459,False,False,False,,[]
601,601,602,True,1.0,1.0,601.0,602.0,601.0,602.0,602.0,0.0,77.248512,77.0875776,108.19452126852131,0.5060685873031616,0.5060685873031616,0.0,1.0,0.4941332731710375,0.4940001092337301,0.9997714161367528,0.9797714352607727,0.9997711337283932,0.999991822664691,0.9999918100524915,0.9999928057858978,0.999992795325913,-8.784583168702,-34.516092550069104,,844.2544986916824,False,False,False,,[]
602,602,603,True,1.0,1.0,602.0,603.0,602.0,603.0,603.0,0.0,77.0875776,76.9266432,107.98850828586227,0.5060686469078064,0.5060686469078064,0.0,1.0,0.4940001092337301,0.4938674208233122,0.9997711337283932,0.9797711372375488,0.9997708524593854,0.9999918100524915,0.9999917974811845,0.999992795325913,0.9999927848705373,-8.753273229083272,-34.39283598032075,,844.7073217313475,False,False,False,,[]
603,603,604,True,1.0,1.0,603.0,604.0,603.0,604.0,604.0,0.0,76.9266432,76.76570880000001,107.78292494446595,0.5060687065124512,0.5060687065124512,0.0,1.0,0.4938674208233122,0.49373520072569416,0.9997708524593854,0.9797708988189697,0.9997705723114683,0.9999917974811845,0.9999917849507143,0.9999927848705373,0.999992774414602,-8.722438925994263,-34.271449302597404,,845.1504417003347,False,False,False,,[]
604,604,605,True,1.0,1.0,604.0,605.0,604.0,605.0,605.0,0.0,76.76570880000001,77.0875776,181.69208580431965,0.5060688257217407,0.5060688257217407,0.0,1.0,0.49373520072569416,0.4935263253381079,0.9997705723114683,0.9797706007957458,0.9997701401124062,0.9999917849507143,0.9999917694581928,0.999992774414602,0.9999927626724999,-13.776057941694276,-54.14050046235458,,781.6592002083189,False,False,False,,[]
605,605,606,True,1.0,1.0,605.0,606.0,605.0,606.0,606.0,0.0,77.0875776,77.7313152,231.51236588586264,0.5060689449310303,0.5060689449310303,0.0,1.0,0.4935263253381079,0.4932625206677181,0.9997701401124062,0.9797701835632324,0.9997696091457613,0.9999917694581928,0.9999917544791384,0.9999927626724999,0.9999927455573822,-17.3953154509651,-68.37817056504129,,741.292313241402,False,False,False,,[]
606,606,607,True,1.0,1.0,606.0,607.0,606.0,607.0,607.0,0.0,77.7313152,78.857856,306.453310224033,0.5060691237449646,0.5060691237449646,0.0,1.0,0.4932625206677181,0.4929150413725267,0.9997696091457613,0.9797696471214294,0.999768943600138,0.9999917544791384,0.9999917342993984,0.9999927455573822,0.9999927286184638,-22.905572570298908,-90.06663331361658,,689.1074432570471,False,False,False,,[]
607,607,608,True,1.0,1.0,607.0,608.0,607.0,608.0,608.0,0.0,78.857856,79.01879040000001,159.68782440421992,0.5060693025588989,0.5060693025588989,0.0,1.0,0.4929150413725267,0.4927250402900285,0.999768943600138,0.9797689914703369,0.9997685470266366,0.9999917342993984,0.9999917188093249,0.9999927286184638,0.9999927184751193,-12.529852545239631,-49.24828058353026,,796.627493071571,False,False,False,,[]
608,608,609,True,1.0,1.0,608.0,609.0,608.0,609.0,609.0,0.0,79.01879040000001,78.857856,110.489020400699,0.5060694217681885,0.5060694217681885,0.0,1.0,0.4927250402900285,0.4925864912731764,0.9997685470266366,0.9797685742378235,0.9997682516458427,0.9999917188093249,0.9999917057436791,0.9999927184751193,0.9999927079214141,-9.13812164535328,-35.91190516806639,,839.1328270303206,False,False,False,,[]
609,609,610,True,1.0,1.0,609.0,610.0,609.0,610.0,610.0,0.0,78.857856,78.6969216,110.27828136421859,0.506069540977478,0.506069540977478,0.0,1.0,0.4925864912731764,0.4924484302023364,0.9997682516458427,0.9797682762145996,0.999767957445797,0.9999917057436791,0.9999916927195209,0.9999927079214141,0.9999926973696011,-9.106018595362068,-35.78542956171946,,839.5903477312388,False,False,False,,[]
610,610,611,True,1.0,1.0,610.0,611.0,610.0,611.0,611.0,0.0,78.6969216,77.248512,-87.57020019100634,0.5060696005821228,0.5060696005821228,0.0,1.0,0.4924484302023364,0.49251934687367643,0.999767957445797,0.9797679781913757,0.9997678159338442,0.9999916927195209,0.999991682394873,0.9999926973696011,0.9999926875722378,4.680532506011416,18.381601211328395,,1038.03728272331,False,False,False,,[]
611,611,612,True,1.0,1.0,611.0,612.0,611.0,612.0,612.0,0.0,77.248512,75.80010240000001,-89.44365089147807,0.5060696601867676,0.5060696601867676,0.0,1.0,0.49251934687367643,0.49259026492074237,0.9997678159338442,0.9797678589820862,0.9997676744189558,0.999991682394873,0.9999916718759784,0.9999926875722378,0.9999926777460182,4.681143908021215,18.381957799487825,,1037.7981055412554,False,False,False,,[]
612,612,613,True,1.0,1.0,612.0,613.0,612.0,613.0,613.0,0.0,75.80010240000001,74.35169280000001,-91.28230065014735,0.5060697197914124,0.5060697197914124,0.0,1.0,0.49259026492074237,0.49266108743273973,0.9997676744189558,0.9797676801681519,0.9997675331079121,0.9999916718759784,0.999991661174782,0.9999926777460182,0.9999926678856242,4.67533957904894,18.357195109721886,,1037.484111411105,False,False,False,,[]
613,613,614,True,1.0,1.0,613.0,614.0,613.0,614.0,614.0,0.0,74.35169280000001,74.1907584,104.55202269299109,0.5060697197914124,0.5060697197914124,0.0,1.0,0.49266108743273973,0.4925363355153798,0.9997675331079121,0.9797675609588623,0.9997672707076585,0.999991661174782,0.9999916492899141,0.9999926678856242,0.9999926575529566,-8.231258682493877,-32.33569697969995,,852.362701273812,False,False,False,,[]
614,614,615,True,1.0,1.0,614.0,615.0,614.0,615.0,615.0,0.0,74.1907584,74.1907584,129.0585147729569,0.5060698390007019,0.5060698390007019,0.0,1.0,0.4925363355153798,0.4923868990680922,0.9997672707076585,0.9797672629356384,0.9997669533503861,0.9999916492899141,0.9999916359191334,0.9999926575529566,0.9999926470370033,-9.859242246624513,-38.7339271369474,,829.8349507218458,False,False,False,,[]
615,615,616,True,1.0,1.0,615.0,616.0,615.0,616.0,616.0,0.0,74.1907584,74.35169280000001,153.76328629295656,0.5060698986053467,0.5060698986053467,0.0,1.0,0.4923868990680922,0.49221340758410387,0.9997669533503861,0.9797669649124146,0.9997665885947684,0.9999916359191334,0.9999916215153768,0.9999926470370033,0.9999926369419654,-11.44535280356116,-44.96899264977163,,810.0669677101666,False,False,False,,[]
616,616,617,True,1.0,1.0,616.0,617.0,616.0,617.0,617.0,0.0,74.35169280000001,75.4782336,302.19019485298855,0.5060700178146362,0.5060700178146362,0.0,1.0,0.49221340758410387,0.4918839307467473,0.9997665885947684,0.9797666072845459,0.9997659502424909,0.9999916215153768,0.9999916025136305,0.9999926369419654,0.9999926191601555,-21.724731077228505,-85.40039624281712,,699.2539415559852,False,False,False,,[]
617,617,618,True,1.0,1.0,617.0,618.0,617.0,618.0,618.0,0.0,75.4782336,76.9266432,352.99972392842056,0.5060701966285706,0.5060701966285706,0.0,1.0,0.4918839307467473,0.49150449921063455,0.9997659502424909,0.9797659516334534,0.999765238993988,0.9999916025136305,0.9999915861399422,0.9999926191601555,0.9999926031538703,-25.01248740967368,-98.3486541604216,,674.3377713614891,False,False,False,,[]
618,618,619,True,1.0,1.0,618.0,619.0,618.0,619.0,619.0,0.0,76.9266432,78.857856,428.9449547044637,0.5060704350471497,0.5060704350471497,0.0,1.0,0.49150449921063455,0.491037394861323,0.999765238993988,0.9797652363777161,0.9997644205981292,0.9999915861399422,0.9999915689249602,0.9999926031538703,0.9999925842444207,-30.780157376312367,-121.07344734156487,,630.8876140493683,False,False,False,,[]
619,619,620,True,1.0,1.0,619.0,620.0,619.0,620.0,620.0,0.0,78.857856,79.98439680000001,307.91645352421995,0.5060706734657288,0.5060706734657288,0.0,1.0,0.491037394861323,0.49068392765294083,0.9997644205981292,0.979764461517334,0.999763746234425,0.9999915689249602,0.999991548357068,0.9999925842444207,0.999992567754114,-23.297003272733043,-91.6187004126445,,685.8890372382901,False,False,False,,[]
620,620,621,True,1.0,1.0,620.0,621.0,620.0,621.0,621.0,0.0,79.98439680000001,81.4328064,358.8101922859877,0.5060708522796631,0.5060708522796631,0.0,1.0,0.49068392765294083,0.49027738557184314,0.999763746234425,0.9797637462615967,0.9997629989008893,0.999991548357068,0.9999915317425339,0.999992567754114,0.9999925515762005,-26.78830430141501,-105.37570742051854,,660.4723682513774,False,False,False,,[]
621,621,622,True,1.0,1.0,621.0,622.0,621.0,622.0,622.0,0.0,81.4328064,82.88121600000001,360.74937809875865,0.5060710906982422,0.5060710906982422,0.0,1.0,0.49027738557184314,0.4898616370152743,0.9997629989008893,0.9797630310058594,0.999762239897887,0.9999915317425339,0.9999915150843858,0.9999925515762005,0.999992535018961,-27.39114485515967,-107.76202586264336,,655.7960839529393,False,False,False,,[]
622,622,623,True,1.0,1.0,622.0,623.0,622.0,623.0,623.0,0.0,82.88121600000001,84.00775680000001,313.3138218133308,0.5060713291168213,0.5060713291168213,0.0,1.0,0.4898616370152743,0.48948595874861406,0.999762239897887,0.9797622561454773,0.9997615338431248,0.9999915150843858,0.9999914930957335,0.999992535018961,0.9999925198727047,-24.751545929546648,-97.37580671833899,,674.1185295239142,False,False,False,,[]
623,623,624,True,1.0,1.0,623.0,624.0,623.0,624.0,624.0,0.0,84.00775680000001,84.8124288,265.4636617150496,0.5060715675354004,0.5060715675354004,0.0,1.0,0.48948595874861406,0.4891638964705169,0.9997615338431248,0.97976154088974,0.9997609069825206,0.9999914930957335,0.9999914768895456,0.9999925198727047,0.9999925034974857,-21.220741081071125,-83.47854248278685,,705.5521153275575,False,False,False,,[]
624,624,625,True,1.0,1.0,624.0,625.0,624.0,625.0,625.0,0.0,84.8124288,85.295232,217.1808528711238,0.5060716867446899,0.5060716867446899,0.0,1.0,0.4891638964705169,0.4888914002722895,0.9997609069825206,0.9797609448432922,0.9997603611031776,0.9999914768895456,0.9999914600015685,0.9999925034974857,0.9999924871915223,-17.95648776625805,-70.63101458053399,,735.1438061343046,False,False,False,,[]
625,625,626,True,1.0,1.0,625.0,626.0,625.0,626.0,626.0,0.0,85.295232,86.26083840000001,291.9763636438542,0.5060718655586243,0.5060718655586243,0.0,1.0,0.4888914002722895,0.4885324313484899,0.9997603611031776,0.9797604084014893,0.9997596787390812,0.9999914600015685,0.9999914402892389,0.9999924871915223,0.9999924719830001,-23.647303008550267,-93.04474504885764,,683.9354975806856,False,False,False,,[]
626,626,627,True,1.0,1.0,626.0,627.0,626.0,627.0,627.0,0.0,86.26083840000001,86.904576,243.9408133432406,0.5060721039772034,0.5060721039772034,0.0,1.0,0.4885324313484899,0.4882269609490412,0.9997596787390812,0.979759693145752,0.9997590781937118,0.9999914402892389,0.9999914240721257,0.9999924719830001,0.999992455772409,-20.12489262041008,-79.17792753709999,,715.3318151788629,False,False,False,,[]
627,627,628,True,1.0,1.0,627.0,628.0,627.0,628.0,628.0,0.0,86.904576,87.06551040000001,170.75108676797154,0.5060722827911377,0.5060722827911377,0.0,1.0,0.4882269609490412,0.4880027136075056,0.9997590781937118,0.9797590970993042,0.9997586175970766,0.9999914240721257,0.9999914067195947,0.999992455772409,0.99999244240479,-14.776810572582221,-58.124910926042524,,768.6234650311395,False,False,False,,[]
628,628,629,True,1.0,1.0,628.0,629.0,628.0,629.0,629.0,0.0,87.06551040000001,87.5483136,220.39285090729553,0.5060724020004272,0.5060724020004272,0.0,1.0,0.4880027136075056,0.487718388009517,0.9997586175970766,0.979758620262146,0.9997580517535297,0.9999914067195947,0.9999913880032599,0.99999244240479,0.9999924264071989,-18.731849498143674,-73.69719499863898,,726.9428915352086,False,False,False,,[]
629,629,630,True,1.0,1.0,629.0,630.0,629.0,630.0,630.0,0.0,87.5483136,88.0311168,221.0920920528124,0.5060725808143616,0.5060725808143616,0.0,1.0,0.487718388009517,0.4874337684316853,0.9997580517535297,0.979758083820343,0.9997574854187941,0.9999913880032599,0.9999913706735442,0.9999924264071989,0.9999924105359118,-18.750434527062882,-73.773394573979,,727.561606675438,False,False,False,,[]
630,630,631,True,1.0,1.0,630.0,631.0,630.0,631.0,631.0,0.0,88.0311168,88.67485440000002,246.49997148963857,0.5060727596282959,0.5060727596282959,0.0,1.0,0.4874337684316853,0.4871202577554249,0.9997574854187941,0.9797574877738953,0.9997568720188533,0.9999913706735442,0.9999913542562393,0.9999924105359118,0.9999923950199168,-20.651038261212417,-81.2619672867017,,710.841196064306,False,False,False,,[]
631,631,632,True,1.0,1.0,631.0,632.0,631.0,632.0,632.0,0.0,88.67485440000002,89.15765760000001,222.73869216966816,0.5060729384422302,0.5060729384422302,0.0,1.0,0.4871202577554249,0.4868304744227411,0.9997568720188533,0.9797568917274475,0.9997562970960524,0.9999913542562393,0.9999913367518716,0.9999923950199168,0.9999923792757167,-19.088554177554144,-75.11183983164605,,724.3625385768606,False,False,False,,[]
632,632,633,True,1.0,1.0,632.0,633.0,632.0,633.0,633.0,0.0,89.15765760000001,89.15765760000001,149.33650799288935,0.5060731172561646,0.5060731172561646,0.0,1.0,0.4868304744227411,0.48662841751391644,0.9997562970960524,0.9797562956809998,0.9997558776723994,0.9999913367518716,0.9999913196363649,0.9999923792757167,0.9999923684199346,-13.31301596389336,-52.373150767344384,,786.1817160817737,False,False,False,,[]
633,633,634,True,1.0,1.0,633.0,634.0,633.0,634.0,634.0,0.0,89.15765760000001,88.51392000000001,50.51742191289064,0.5060732364654541,0.5060732364654541,0.0,1.0,0.48662841751391644,0.48655887562867417,0.9997558776723994,0.9797558784484863,0.999755739090294,0.9999913196363649,0.9999913164910007,0.9999923684199346,0.9999923605621418,-4.583858512844335,-18.025256654800433,,913.7399742886117,False,False,False,,[]
634,634,635,True,1.0,1.0,634.0,635.0,634.0,635.0,635.0,0.0,88.51392000000001,87.709248,24.864002497773743,0.5060732960700989,0.5060732960700989,0.0,1.0,0.48655887562867417,0.4865239553492357,0.999755739090294,0.9797557592391968,0.9997556718190901,0.9999913164910007,0.9999913149555145,0.9999923605621418,0.9999923560221733,-2.302161202080917,-9.051336430445645,,954.4508795229568,False,False,False,,[]
635,635,636,True,1.0,1.0,635.0,636.0,635.0,636.0,636.0,0.0,87.709248,86.26083840000001,-75.13122652283373,0.5060732960700989,0.5060732960700989,0.0,1.0,0.4865239553492357,0.48659648548304274,0.9997556718190901,0.979755699634552,0.9997555268589,0.9999913149555145,0.9999913103750775,0.9999923560221733,0.9999923462026394,4.783608797591973,18.7998106827906,,1045.6249495313514,False,False,False,,[]
636,636,637,True,1.0,1.0,636.0,637.0,636.0,637.0,637.0,0.0,86.26083840000001,84.49056,-126.63075945676046,0.5060733556747437,0.5060733556747437,0.0,1.0,0.48659648548304274,0.4867137573045214,0.9997555268589,0.9797555208206177,0.9997552819905094,0.9999913103750775,0.999991295134297,0.9999923462026394,0.9999923355566214,7.736606504556082,30.396856127256818,,1071.6944096230466,False,False,False,,[]
637,637,638,True,1.0,1.0,637.0,638.0,637.0,638.0,638.0,0.0,84.49056,80.78906880000001,-425.5951892510745,0.5060734152793884,0.5060734152793884,0.0,1.0,0.4867137573045214,0.487135932224293,0.9997552819905094,0.9797552824020386,0.9997545150217619,0.999991295134297,0.9999912767818405,0.9999923355566214,0.9999923157889272,27.882496177793826,109.42773920481658,,1443.7470548737083,False,False,False,,[]
638,638,639,True,1.0,1.0,638.0,639.0,638.0,639.0,639.0,0.0,80.78906880000001,77.57038080000001,-356.5551527550409,0.5060736536979675,0.5060736536979675,0.0,1.0,0.487135932224293,0.487473139842589,0.9997545150217619,0.9797545075416565,0.999753864867746,0.9999912767818405,0.9999912602015273,0.9999923157889272,0.9999922999909311,22.270938337869584,87.40421466231305,,1315.46736995933,False,False,False,,[]
639,639,640,True,1.0,1.0,639.0,640.0,639.0,640.0,640.0,0.0,77.57038080000001,74.834496,-286.6685081623967,0.5060738325119019,0.5060738325119019,0.0,1.0,0.487473139842589,0.4877254999272557,0.999753864867746,0.9797539114952087,0.9997533538455814,0.9999912602015273,0.9999912428861523,0.9999922999909311,0.9999922823022886,16.666503757923177,65.41173394562028,,1199.4058394088713,False,False,False,,[]
640,640,641,True,1.0,1.0,640.0,641.0,640.0,641.0,641.0,0.0,74.834496,74.35169280000001,55.73989582063443,0.5060740113258362,0.5060740113258362,0.0,1.0,0.4877254999272557,0.48766032264257086,0.9997533538455814,0.9797533750534058,0.9997532245145828,0.9999912428861523,0.9999912393892098,0.9999922823022886,0.999992274922448,-4.300958387798301,-16.89395219031553,,918.2844662231336,False,False,False,,[]
641,641,642,True,1.0,1.0,641.0,642.0,641.0,642.0,642.0,0.0,74.35169280000001,74.029824,79.8472511729914,0.5060740113258362,0.5060740113258362,0.0,1.0,0.48766032264257086,0.4875632549981088,0.9997532245145828,0.9797532558441162,0.9997530258000289,0.9999912393892098,0.9999912301143027,0.999992274922448,0.9999922657170099,-6.404916150321844,-25.15993344455718,,880.7317898296975,False,False,False,,[]
642,642,643,True,1.0,1.0,642.0,643.0,642.0,643.0,643.0,0.0,74.029824,74.029824,128.86066497417985,0.506074070930481,0.506074070930481,0.0,1.0,0.4875632549981088,0.4874142876244605,0.9997530258000289,0.9797530174255371,0.999752709378811,0.9999912301143027,0.9999912167825964,0.9999922657170099,0.9999922551802594,-9.828021979395963,-38.61234324964636,,830.2352052834965,False,False,False,,[]
643,643,644,True,1.0,1.0,643.0,644.0,643.0,644.0,644.0,0.0,74.029824,74.5126272,202.97497953417692,0.5060741901397705,0.5060741901397705,0.0,1.0,0.4874142876244605,0.4871908027698646,0.999752709378811,0.9797527194023132,0.9997522501773357,0.9999912167825964,0.9999912018283594,0.9999922551802594,0.999992242031933,-14.74068897270326,-57.92727431125491,,770.7084156312789,False,False,False,,[]
644,644,645,True,1.0,1.0,644.0,645.0,644.0,645.0,645.0,0.0,74.5126272,75.3172992,252.97936089428183,0.5060743093490601,0.5060743093490601,0.0,1.0,0.4871908027698646,0.48691481778037193,0.9997522501773357,0.979752242565155,0.9997516983698436,0.9999912018283594,0.9999911882141044,0.999992242031933,0.9999922242583876,-18.199761290297868,-71.53530927650404,,733.9161150350662,False,False,False,,[]
645,645,646,True,1.0,1.0,645.0,646.0,645.0,646.0,646.0,0.0,75.3172992,76.44384000000001,303.38889395958944,0.5060744881629944,0.5060744881629944,0.0,1.0,0.48691481778037193,0.4865803547267017,0.9997516983698436,0.979751706123352,0.9997510523844416,0.9999911882141044,0.9999911688519186,0.9999922242583876,0.9999922068629824,-22.050629199258008,-86.69282351132871,,696.466526259846,False,False,False,,[]
646,646,647,True,1.0,1.0,646.0,647.0,646.0,647.0,647.0,0.0,76.44384000000001,77.57038080000001,304.8069249278057,0.5060746669769287,0.5060746669769287,0.0,1.0,0.4865803547267017,0.48623982410422273,0.9997510523844416,0.9797510504722595,0.9997503972147185,0.9999911688519186,0.9999911491104284,0.9999922068629824,0.9999921896602729,-22.448270219121724,-88.26553734655177,,693.0046337177661,False,False,False,,[]
647,647,648,True,1.0,1.0,647.0,648.0,647.0,648.0,648.0,0.0,77.57038080000001,78.5359872,281.5412367976018,0.5060749053955078,0.5060749053955078,0.0,1.0,0.48623982410422273,0.48592145401803205,0.9997503972147185,0.979750394821167,0.9997497761388514,0.9999911491104284,0.9999911320307482,0.9999921896602729,0.9999921722985493,-20.98704912705785,-82.52152634061682,,706.7541998979426,False,False,False,,[]
648,648,649,True,1.0,1.0,648.0,649.0,648.0,649.0,649.0,0.0,78.5359872,79.66252800000001,307.49626437502764,0.5060750842094421,0.5060750842094421,0.0,1.0,0.48592145401803205,0.4855694372878234,0.9997497761388514,0.9797497987747192,0.9997491039006471,0.9999911320307482,0.9999911115739866,0.9999921722985493,0.9999921554250976,-23.200831440856987,-91.24273647007759,,686.5440558821149,False,False,False,,[]
649,649,650,True,1.0,1.0,649.0,650.0,649.0,650.0,650.0,0.0,79.66252800000001,80.78906880000001,308.9744451191983,0.5060752630233765,0.5060752630233765,0.0,1.0,0.4855694372878234,0.48521140585791867,0.9997491039006471,0.9797491431236267,0.9997484228928913,0.9999911115739866,0.9999910907261307,0.9999921554250976,0.9999921390151895,-23.594716102499362,-92.80174663130981,,683.3448505637674,False,False,False,,[]
650,650,651,True,1.0,1.0,650.0,651.0,650.0,651.0,651.0,0.0,80.78906880000001,81.5937408,261.0641352449569,0.5060755014419556,0.5060755014419556,0.0,1.0,0.48521140585791867,0.4849055973310612,0.9997484228928913,0.9797484278678894,0.9997478218030954,0.9999910907261307,0.9999910755581467,0.9999921390151895,0.9999921220754793,-20.154698940153075,-79.26557016144986,,715.2946882185041,False,False,False,,[]
651,651,652,True,1.0,1.0,651.0,652.0,651.0,652.0,652.0,0.0,81.5937408,82.23747840000001,237.44313379535214,0.5060756206512451,0.5060756206512451,0.0,1.0,0.4849055973310612,0.484621580548166,0.9997478218030954,0.9797478318214417,0.9997472564757853,0.9999910755581467,0.9999910599323937,0.9999921220754793,0.99999210514498,-18.718593737443182,-73.61715012643525,,728.276018243017,False,False,False,,[]
652,652,653,True,1.0,1.0,652.0,653.0,652.0,653.0,653.0,0.0,82.23747840000001,83.20308480000001,287.7274264342856,0.5060757994651794,0.5060757994651794,0.0,1.0,0.484621580548166,0.4842785149046517,0.9997472564757853,0.9797472953796387,0.9997465975030391,0.9999910599323937,0.9999910409905426,0.99999210514498,0.9999920888390574,-22.60491666602978,-88.92261479892048,,692.4197457130904,False,False,False,,[]
653,653,654,True,1.0,1.0,653.0,654.0,653.0,654.0,654.0,0.0,83.20308480000001,84.00775680000001,264.34766855039334,0.5060759782791138,0.5060759782791138,0.0,1.0,0.4842785149046517,0.48396049609527897,0.9997465975030391,0.9797466397285461,0.9997459769796755,0.9999910409905426,0.9999910249566979,0.9999920888390574,0.9999920723656689,-20.954606217670587,-82.43047538940118,,707.9253193225157,False,False,False,,[]
654,654,655,True,1.0,1.0,654.0,655.0,654.0,655.0,655.0,0.0,84.00775680000001,84.49056,216.0541186750483,0.5060762166976929,0.5060762166976929,0.0,1.0,0.48396049609527897,0.48369139829494123,0.9997459769796755,0.9797459840774536,0.9997454369068604,0.9999910249566979,0.9999910082030986,0.9999920723656689,0.999992055861601,-17.73276083569161,-69.7501498475476,,737.2658978708117,False,False,False,,[]
655,655,656,True,1.0,1.0,655.0,656.0,655.0,656.0,656.0,0.0,84.49056,83.84682240000001,43.79546962892531,0.5060763359069824,0.5060763359069824,0.0,1.0,0.48369139829494123,0.48363321931894737,0.9997454369068604,0.9797454476356506,0.9997453222502324,0.9999910082030986,0.9999910051027862,0.999992055861601,0.9999920490577112,-3.8362268402781985,-15.079990577609967,,926.3128836752936,False,False,False,,[]
656,656,657,True,1.0,1.0,656.0,657.0,656.0,657.0,657.0,0.0,83.84682240000001,83.04215040000001,18.191888599604372,0.5060763955116272,0.5060763955116272,0.0,1.0,0.48363321931894737,0.48360858521928207,0.9997453222502324,0.9797453284263611,0.9997452752696889,0.9999910051027862,0.9999910038260499,0.9999920490577112,0.9999920457808492,-1.6245940864612898,-6.385158633242606,,967.2248580540761,False,False,False,,[]
657,657,658,True,1.0,1.0,657.0,658.0,657.0,658.0,658.0,0.0,83.04215040000001,82.23747840000001,17.07804364123617,0.5060763955116272,0.5060763955116272,0.0,1.0,0.48360858521928207,0.4835856533589026,0.9997452752696889,0.9797452688217163,0.9997452316083124,0.9999910038260499,0.9999910026390431,0.9999920457808492,0.9999920427139339,-1.5124450441992403,-5.943938210367972,,969.4131536003869,False,False,False,,[]
658,658,659,True,1.0,1.0,658.0,659.0,658.0,659.0,659.0,0.0,82.23747840000001,82.07654400000001,114.79402579428393,0.5060763955116272,0.5060763955116272,0.0,1.0,0.4835856533589026,0.4834369696769063,0.9997452316083124,0.9797452688217163,0.9997449157534257,0.9999910026390431,0.9999909887835252,0.9999920427139339,0.9999920320059359,-9.803032922375511,-38.53881037343854,,829.9907623362819,False,False,False,,[]
659,659,660,True,1.0,1.0,659.0,660.0,659.0,660.0,660.0,0.0,82.07654400000001,82.07654400000001,139.27946545266627,0.5060765147209167,0.5060765147209167,0.0,1.0,0.4834369696769063,0.483261676169101,0.9997449157534257,0.9797449111938477,0.9997445474960059,0.9999909887835252,0.999990973459334,0.9999920320059359,0.9999920216692747,-11.556613949032196,-45.43607722313841,,807.8979442320763,False,False,False,,[]
660,660,661,True,1.0,1.0,660.0,661.0,660.0,661.0,661.0,0.0,82.07654400000001,82.23747840000001,163.9842369726679,0.5060766339302063,0.5060766339302063,0.0,1.0,0.483261676169101,0.48305856859818774,0.9997445474960059,0.979744553565979,0.9997441260967341,0.999990973459334,0.9999909572205672,0.9999920216692747,0.9999920104308514,-13.389105361208687,-52.64548238071693,,785.7158812841473,False,False,False,,[]
661,661,662,True,1.0,1.0,661.0,662.0,661.0,662.0,662.0,0.0,82.23747840000001,82.7202816,213.6131118742846,0.5060767531394958,0.5060767531394958,0.0,1.0,0.48305856859818774,0.48279731577961976,0.9997441260967341,0.9797441363334656,0.9997435995471119,0.9999909572205672,0.9999909407689807,0.9999920104308514,0.9999919939327538,-17.218689307156573,-67.71673057281834,,742.4690630393674,False,False,False,,[]
662,662,663,True,1.0,1.0,662.0,663.0,662.0,663.0,663.0,0.0,82.7202816,83.20308480000001,214.27368530668542,0.5060769319534302,0.5060769319534302,0.0,1.0,0.48279731577961976,0.4825338295071255,0.9997435995471119,0.9797435998916626,0.9997430691306339,0.9999909407689807,0.9999909242341768,0.9999919939327538,0.9999919773265834,-17.36506223549895,-68.29564183052544,,740.9224618048103,False,False,False,,[]
663,663,664,True,1.0,1.0,663.0,664.0,663.0,664.0,664.0,0.0,83.20308480000001,83.685888,214.93812551039397,0.5060770511627197,0.5060770511627197,0.0,1.0,0.4825338295071255,0.48226844809416997,0.9997430691306339,0.9797430634498596,0.999742535443508,0.9999909242341768,0.9999909076167864,0.9999919773265834,0.9999919609531844,-17.489145014958776,-68.78686223806363,,739.7867364951784,False,False,False,,[]
664,664,665,True,1.0,1.0,664.0,665.0,664.0,665.0,665.0,0.0,83.685888,84.00775680000001,190.90166096541637,0.506077229976654,0.506077229976654,0.0,1.0,0.48226844809416997,0.48202872076879016,0.999742535443508,0.9797425270080566,0.9997420468332165,0.9999909076167864,0.9999908906812706,0.9999919609531844,0.9999919461252263,-15.799132313813775,-62.137322738438584,,757.3738896139466,False,False,False,,[]
665,665,666,True,1.0,1.0,665.0,666.0,665.0,666.0,666.0,0.0,84.00775680000001,84.49056,216.0541186750483,0.5060774087905884,0.5060774087905884,0.0,1.0,0.48202872076879016,0.48175962114043075,0.9997420468332165,0.9797420501708984,0.9997415067572697,0.9999908906812706,0.9999908739276825,0.9999919461252263,0.9999919296211646,-17.732759391773005,-69.75062367076139,,737.2647434175842,False,False,False,,[]
666,666,667,True,1.0,1.0,666.0,667.0,666.0,667.0,667.0,0.0,84.49056,84.9733632,216.7288702689231,0.5060775279998779,0.5060775279998779,0.0,1.0,0.48175962114043075,0.4814885951290311,0.9997415067572697,0.9797415137290955,0.9997409633860401,0.9999908739276825,0.9999908570932675,0.9999919296211646,0.9999919133530075,-17.85887051370491,-70.24994215479484,,736.1245818047248,False,False,False,,[]
667,667,668,True,1.0,1.0,667.0,668.0,667.0,668.0,668.0,0.0,84.9733632,84.8124288,118.58840255411266,0.5060777068138123,0.5060777068138123,0.0,1.0,0.4814885951290311,0.4813312130016443,0.9997409633860401,0.9797409772872925,0.9997406302403171,0.9999908570932675,0.9999908427089513,0.9999919133530075,0.9999919026353997,-10.373777027880937,-40.79344741865593,,822.504632370927,False,False,False,,[]
668,668,669,True,1.0,1.0,668.0,669.0,668.0,669.0,669.0,0.0,84.8124288,84.6514944,118.36176679112312,0.5060778260231018,0.5060778260231018,0.0,1.0,0.4813312130016443,0.4811743514134754,0.9997406302403171,0.9797406196594238,0.9997402981250015,0.9999908427089513,0.9999908283555845,0.9999919026353997,0.9999918919164743,-10.33960303808767,-40.65852365336069,,822.946776698324,False,False,False,,[]
669,669,670,True,1.0,1.0,669.0,670.0,669.0,670.0,670.0,0.0,84.6514944,84.1686912,68.72601762939497,0.5060778856277466,0.5060778856277466,0.0,1.0,0.4811743514134754,0.4810847978406248,0.9997402981250015,0.9797403216362,0.9997401161357653,0.9999908283555845,0.9999908234764522,0.9999918919164743,0.9999918827590455,-5.904287819532073,-23.21228608287866,,891.4331916649413,False,False,False,,[]
670,670,671,True,1.0,1.0,670.0,671.0,670.0,671.0,671.0,0.0,84.1686912,84.1686912,142.16429167175068,0.5060779452323914,0.5060779452323914,0.0,1.0,0.4810847978406248,0.4809022795053866,0.9997401161357653,0.9797401428222656,0.9997397339092052,0.9999908234764522,0.9999908076250201,0.9999918827590455,0.9999918726656642,-12.030438843115201,-47.308752493740535,,802.1267237952159,False,False,False,,[]
671,671,672,True,1.0,1.0,671.0,672.0,671.0,672.0,672.0,0.0,84.1686912,84.3296256,166.86906319175233,0.5060780644416809,0.5060780644416809,0.0,1.0,0.4809022795053866,0.4806903209980018,0.9997397339092052,0.9797397255897522,0.9997392959692571,0.9999908076250201,0.9999907909016934,0.9999918726656642,0.9999918606670276,-13.969625994848725,-54.93964511413746,,778.5285163818513,False,False,False,,[]
672,672,673,True,1.0,1.0,672.0,673.0,672.0,673.0,673.0,0.0,84.3296256,84.49056,167.0939803897086,0.5060781836509705,0.5060781836509705,0.0,1.0,0.4806903209980018,0.4804776799997948,0.9997392959692571,0.9797393083572388,0.9997388567615249,0.9999907909016934,0.9999907741411956,0.9999918606670276,0.999991848617978,-14.01437141465585,-55.11654673524948,,777.9853069181988,False,False,False,,[]
673,673,674,True,1.0,1.0,673.0,674.0,673.0,674.0,674.0,0.0,84.49056,84.8124288,192.02409874892535,0.5060783624649048,0.5060783624649048,0.0,1.0,0.4804776799997948,0.48023405836282135,0.9997388567615249,0.9797388911247253,0.9997383611986013,0.9999907741411956,0.999990757042458,0.999991848617978,0.9999918332888532,-16.05438246092697,-63.146728303514294,,754.3720812330868,False,False,False,,[]
674,674,675,True,1.0,1.0,674.0,675.0,674.0,675.0,675.0,0.0,84.8124288,84.8124288,143.06653831112476,0.5060784816741943,0.5060784816741943,0.0,1.0,0.48023405836282135,0.4800492517137894,0.9997383611986013,0.9797383546829224,0.9997379745714076,0.999990757042458,0.9999907410283194,0.9999918332888532,0.9999918232553618,-12.180464039404217,-47.90188342907744,,800.3092405506411,False,False,False,,[]
675,675,676,True,1.0,1.0,675.0,676.0,675.0,676.0,676.0,0.0,84.8124288,84.3296256,68.95222375112377,0.5060786008834839,0.5060786008834839,0.0,1.0,0.4800492517137894,0.4799602161638191,0.9997379745714076,0.9797379970550537,0.9997377937265576,0.9999907410283194,0.9999907369412098,0.9999918232553618,0.9999918140659362,-5.870034031384159,-23.078014552297535,,892.541111355118,False,False,False,,[]
676,676,677,True,1.0,1.0,676.0,677.0,676.0,677.0,677.0,0.0,84.3296256,83.84682240000001,68.27489430970991,0.5060786604881287,0.5060786604881287,0.0,1.0,0.4799602161638191,0.47987155360228706,0.9997377937265576,0.9797378182411194,0.999737613705003,0.9999907369412098,0.9999907321125798,0.9999918140659362,0.9999918049725771,-5.845694260536251,-22.98133594911453,,892.3896693148274,False,False,False,,[]
677,677,678,True,1.0,1.0,677.0,678.0,677.0,678.0,678.0,0.0,83.84682240000001,83.20308480000001,42.896660119606004,0.5060787200927734,0.5060787200927734,0.0,1.0,0.47987155360228706,0.4798155382412604,0.999737613705003,0.9797376394271851,0.999737503545744,0.9999907321125798,0.9999907296013514,0.9999918049725771,0.9999917983134903,-3.6937326239470485,-14.51918157811857,,929.1939334977272,False,False,False,,[]
678,678,679,True,1.0,1.0,678.0,679.0,678.0,679.0,679.0,0.0,83.20308480000001,82.23747840000001,-7.404818169605097,0.5060787200927734,0.5060787200927734,0.0,1.0,0.4798155382412604,0.47982188991296226,0.999737503545744,0.9797375202178955,0.9997374916469765,0.9999907296013514,0.9999907290861771,0.9999917983134903,0.9999917969374137,0.41894350239510403,1.6463533051267538,,1003.2812756834911,False,False,False,,[]
679,679,680,True,1.0,1.0,679.0,680.0,679.0,680.0,680.0,0.0,82.23747840000001,81.271872,-8.729831805716417,0.5060787200927734,0.5060787200927734,0.0,1.0,0.47982188991296226,0.47982937656048624,0.9997374916469765,0.9797375202178955,0.9997374776064456,0.9999907290861771,0.9999907285859526,0.9999917969374137,0.9999917953252645,0.4938535008953568,1.9405390382220753,,1003.9860462019018,False,False,False,,[]
680,680,681,True,1.0,1.0,680.0,681.0,680.0,681.0,681.0,0.0,81.271872,80.62813440000001,39.37016468342387,0.5060787200927734,0.5060787200927734,0.0,1.0,0.47982937656048624,0.47977881301119524,0.9997374776064456,0.9797375202178955,0.9997373786975888,0.9999907285859526,0.999990725905477,0.9999917953252645,0.9999917892395409,-3.3351035092473866,-13.106071976229641,,935.2606637335643,False,False,False,,[]
681,681,682,True,1.0,1.0,681.0,682.0,681.0,682.0,682.0,0.0,80.62813440000001,80.1453312,63.21049799464988,0.5060787796974182,0.5060787796974182,0.0,1.0,0.47977881301119524,0.4797008260345847,0.9997373786975888,0.979737401008606,0.9997372219969638,0.999990725905477,0.9999907223440819,0.9999917892395409,0.9999917808858886,-5.143727806028901,-20.214224337459267,,904.5090882853066,False,False,False,,[]
682,682,683,True,1.0,1.0,682.0,683.0,682.0,683.0,683.0,0.0,80.1453312,79.98439680000001,111.97622361126925,0.506078839302063,0.506078839302063,0.0,1.0,0.4797008260345847,0.47955881484425766,0.9997372219969638,0.9797372221946716,0.9997369195084251,0.9999907223440819,0.9999907089864092,0.9999917808858886,0.9999917703253528,-9.364971614584455,-36.80930053276242,,835.99580390942,False,False,False,,[]
683,683,684,True,1.0,1.0,683.0,684.0,683.0,684.0,684.0,0.0,79.98439680000001,79.82346240000001,111.76247708598896,0.5060788989067078,0.5060788989067078,0.0,1.0,0.47955881484425766,0.4794172996856348,0.9997369195084251,0.9797369241714478,0.9997366180170449,0.9999907089864092,0.9999906956705867,0.9999917703253528,0.9999917597651047,-9.33233817293587,-36.6807291150539,,836.4418529303418,False,False,False,,[]
684,684,685,True,1.0,1.0,684.0,685.0,684.0,685.0,685.0,0.0,79.82346240000001,79.66252800000001,111.54916020196553,0.5060790181159973,0.5060790181159973,0.0,1.0,0.4794172996856348,0.4792762793981373,0.9997366180170449,0.9797366261482239,0.9997363175209703,0.9999906956705867,0.9999906823965629,0.9999917597651047,0.9999917492053784,-9.299780784804609,-36.55245851936042,,836.8875633183644,False,False,False,,[]
685,685,686,True,1.0,1.0,685.0,686.0,685.0,686.0,686.0,0.0,79.66252800000001,79.66252800000001,136.0410444791986,0.5060790777206421,0.5060790777206421,0.0,1.0,0.4792762793981373,0.47910918278477643,0.9997363175209703,0.979736328125,0.9997359652481962,0.9999906823965629,0.9999906676768329,0.9999917492053784,0.999991738750293,-11.0185876860202,-43.31144218312488,,814.6648098461926,False,False,False,,[]
686,686,687,True,1.0,1.0,686.0,687.0,686.0,687.0,687.0,0.0,79.66252800000001,79.98439680000001,185.45058751919797,0.5060791969299316,0.5060791969299316,0.0,1.0,0.47910918278477643,0.4788878222052481,0.9997359652481962,0.9797359704971313,0.9997355099410806,0.9999906676768329,0.9999906515727812,0.999991738750293,0.999991725859694,-14.594253925585337,-57.376662213738065,,771.6728515765724,False,False,False,,[]
687,687,688,True,1.0,1.0,687.0,688.0,687.0,688.0,688.0,0.0,79.98439680000001,80.4672,210.5815631659877,0.5060793161392212,0.5060793161392212,0.0,1.0,0.4788878222052481,0.47863700286663724,0.9997355099410806,0.9797355532646179,0.9997350016302939,0.9999906515727812,0.999990635517473,0.999991725859694,0.9999917100294043,-16.534439290288,-65.01237256793227,,749.8860088296719,False,False,False,,[]
688,688,689,True,1.0,1.0,688.0,689.0,688.0,689.0,689.0,0.0,80.4672,80.78906880000001,186.51932014560137,0.5060794949531555,0.5060794949531555,0.0,1.0,0.47863700286663724,0.4784120688326407,0.9997350016302939,0.9797350168228149,0.9997345397783993,0.999990635517473,0.9999906192452881,0.9999917100294043,0.9999916967854903,-14.82862862482825,-58.30290161190804,,768.8550224076102,False,False,False,,[]
689,689,690,True,1.0,1.0,689.0,690.0,689.0,690.0,690.0,0.0,80.78906880000001,81.4328064,236.35936372495723,0.5060796141624451,0.5060796141624451,0.0,1.0,0.4784120688326407,0.47813175118202295,0.9997345397783993,0.9797345399856567,0.9997339806555321,0.9999906192452881,0.9999906037300315,0.9999916967854903,0.999991679844501,-18.475985606104864,-72.6583350401249,,730.6276721686779,False,False,False,,[]
690,690,691,True,1.0,1.0,690.0,691.0,690.0,691.0,691.0,0.0,81.4328064,82.23747840000001,261.9302920187599,0.5060797929763794,0.5060797929763794,0.0,1.0,0.47813175118202295,0.4778226260863465,0.9997339806555321,0.9797340035438538,0.9997333742434633,0.9999906037300315,0.9999905883349129,0.999991679844501,0.9999916629349891,-20.371770870068445,-80.12522479933548,,713.230676483575,False,False,False,,[]
691,691,692,True,1.0,1.0,691.0,692.0,691.0,692.0,692.0,0.0,82.23747840000001,83.04215040000001,263.022654914284,0.5060799717903137,0.5060799717903137,0.0,1.0,0.4778226260863465,0.4775094807268064,0.9997333742434633,0.979733407497406,0.9997327614234284,0.9999905883349129,0.9999905726521099,0.9999916629349891,0.9999916462227818,-20.63511290620549,-81.1672771928054,,710.8217916672434,False,False,False,,[]
692,692,693,True,1.0,1.0,692.0,693.0,692.0,693.0,693.0,0.0,83.04215040000001,83.5249536,214.7162158012336,0.506080150604248,0.506080150604248,0.0,1.0,0.4775094807268064,0.4772447130965721,0.9997327614234284,0.9797327518463135,0.9997322287945177,0.9999905726521099,0.9999905560622047,0.9999916462227818,0.999991629756165,-17.448736081864915,-68.6277697567237,,740.1447633624824,False,False,False,,[]
693,693,694,True,1.0,1.0,693.0,694.0,693.0,694.0,694.0,0.0,83.5249536,83.685888,165.97369081248777,0.5060803294181824,0.5060803294181824,0.0,1.0,0.4772447130965721,0.47703554709483736,0.9997322287945177,0.9797322750091553,0.999731796053364,0.9999905560622047,0.9999905394877017,0.999991629756165,0.9999916180379492,-13.786323383274787,-54.21582764964778,,780.8029684459966,False,False,False,,[]
694,694,695,True,1.0,1.0,694.0,695.0,694.0,695.0,695.0,0.0,83.685888,83.84682240000001,166.19688944541667,0.5060804486274719,0.5060804486274719,0.0,1.0,0.47703554709483736,0.4768257061998655,0.999731796053364,0.9797317981719971,0.9997313620540781,0.9999905394877017,0.9999905228759642,0.9999916180379492,0.9999916062715589,-13.830562310334765,-54.39075997671697,,780.263118755112,False,False,False,,[]
695,695,696,True,1.0,1.0,695.0,696.0,695.0,696.0,696.0,0.0,83.84682240000001,84.3296256,215.83006075960375,0.5060805678367615,0.5060805678367615,0.0,1.0,0.4768257061998655,0.47655735152411294,0.9997313620540781,0.9797313809394836,0.9997308232551523,0.9999905228759642,0.9999905061494986,0.9999916062715589,0.9999915897968128,-17.68364797638979,-69.55753195505336,,737.7701066120853,False,False,False,,[]
696,696,697,True,1.0,1.0,696.0,697.0,696.0,697.0,697.0,0.0,84.3296256,85.1342976,265.9130664697073,0.5060807466506958,0.5060807466506958,0.0,1.0,0.47655735152411294,0.4762337016803492,0.9997308232551523,0.9797308444976807,0.9997301939199134,0.9999905061494986,0.9999904898290374,0.9999915897968128,0.9999915735943681,-21.32280011000614,-83.89003950356259,,704.6688599842263,False,False,False,,[]
697,697,698,True,1.0,1.0,697.0,698.0,697.0,698.0,698.0,0.0,85.1342976,85.7780352,242.33932555835548,0.5060809254646301,0.5060809254646301,0.0,1.0,0.4762337016803492,0.4759334523161473,0.9997301939199134,0.9797301888465881,0.999729601823435,0.9999904898290374,0.9999904737467283,0.9999915735943681,0.9999915571684386,-19.781297688138622,-77.82463520112148,,718.4077064872497,False,False,False,,[]
698,698,699,True,1.0,1.0,698.0,699.0,698.0,699.0,699.0,0.0,85.7780352,86.42177280000001,243.2518835878919,0.5060811042785645,0.5060811042785645,0.0,1.0,0.4759334523161473,0.4756303865633268,0.999729601823435,0.9797295928001404,0.9997290051594909,0.9999904737467283,0.999990457586845,0.9999915571684386,0.9999915410423579,-19.965615033032933,-78.5546431310853,,716.8365714716929,False,False,False,,[]
699,699,700,True,1.0,1.0,699.0,700.0,699.0,700.0,700.0,0.0,86.42177280000001,87.22644480000001,268.8760873975375,0.5060812830924988,0.5060812830924988,0.0,1.0,0.4756303865633268,0.47529483886950263,0.9997290051594909,0.9797289967536926,0.9997283575238689,0.999990457586845,0.9999904395642641,0.9999915410423579,0.9999915254650206,-22.102049126795247,-86.97396223922738,,697.393268138024,False,False,False,,[]
700,700,701,True,1.0,1.0,700.0,701.0,700.0,701.0,701.0,0.0,87.22644480000001,87.709248,220.62550164787697,0.5060814619064331,0.5060814619064331,0.0,1.0,0.47529483886950263,0.47501153639790344,0.9997283575238689,0.9797284007072449,0.9997277933916746,0.9999904395642641,0.9999904222853602,0.9999915254650206,0.9999915094370231,-18.662580195188596,-73.43200063851621,,728.3201350593519,False,False,False,,[]
701,701,702,True,1.0,1.0,701.0,702.0,701.0,702.0,702.0,0.0,87.709248,88.1920512,221.32603171716238,0.5060816407203674,0.5060816407203674,0.0,1.0,0.47501153639790344,0.4747262797741252,0.9997277933916746,0.9797278046607971,0.9997272259933789,0.9999904222853602,0.9999904049305348,0.9999915094370231,0.9999914937062976,-18.790425553668367,-73.93851688332215,,727.2293557365672,False,False,False,,[]
702,702,703,True,1.0,1.0,702.0,703.0,702.0,703.0,703.0,0.0,88.1920512,88.51392000000001,197.3256570377637,0.5060818195343018,0.5060818195343018,0.0,1.0,0.4747262797741252,0.47446648615052,0.9997272259933789,0.9797272682189941,0.9997267019772942,0.9999904049305348,0.9999903870971932,0.9999914937062976,0.9999914781863284,-17.113807206962665,-67.33850723846551,,743.1913217152858,False,False,False,,[]
703,703,704,True,1.0,1.0,703.0,704.0,703.0,704.0,704.0,0.0,88.51392000000001,89.31859200000001,271.9117176977764,0.5060819983482361,0.5060819983482361,0.0,1.0,0.47446648615052,0.4741212200516151,0.9997267019772942,0.9797267317771912,0.9997260397198788,0.9999903870971932,0.9999903692986432,0.9999914781863284,0.9999914634218057,-22.737485208600525,-89.49297283614274,,692.4944410601505,False,False,False,,[]
704,704,705,True,1.0,1.0,704.0,705.0,704.0,705.0,705.0,0.0,89.31859200000001,89.9623296,248.3938301498085,0.5060821771621704,0.5060821771621704,0.0,1.0,0.4741212200516151,0.47380150000036153,0.9997260397198788,0.9797260761260986,0.9997254165241841,0.9999903692986432,0.999990352745132,0.9999914634218057,0.9999914481821611,-21.055462439393672,-82.87143728493206,,707.297225457002,False,False,False,,[]
705,705,706,True,1.0,1.0,705.0,706.0,705.0,706.0,706.0,0.0,89.9623296,90.28419840000001,199.94152783005936,0.5060823559761047,0.5060823559761047,0.0,1.0,0.47380150000036153,0.4735335300947309,0.9997254165241841,0.9797254204750061,0.9997248783854318,0.999990352745132,0.9999903345712624,0.9999914481821611,0.9999914323953644,-17.649364271058147,-69.45779953945193,,737.6021358782511,False,False,False,,[]
706,706,707,True,1.0,1.0,706.0,707.0,706.0,707.0,707.0,0.0,90.28419840000001,90.6060672,200.4227260377255,0.5060825347900391,0.5060825347900391,0.0,1.0,0.4735335300947309,0.47326413315908905,0.9997248783854318,0.9797248840332031,0.9997243378002515,0.9999903345712624,0.9999903163363233,0.9999914323953644,0.9999914166375589,-17.742772723655108,-69.82768571836849,,736.6763617646538,False,False,False,,[]
707,707,708,True,1.0,1.0,707.0,708.0,707.0,708.0,708.0,0.0,90.6060672,90.7670016,176.20087129041943,0.5060827136039734,0.5060827136039734,0.0,1.0,0.47326413315908905,0.47302246326409825,0.9997243378002515,0.9797243475914001,0.999723845717003,0.9999903163363233,0.9999902981444316,0.9999914166375589,0.9999914013350883,-15.917587529192723,-62.640836781620315,,755.07452629455,False,False,False,,[]
708,708,709,True,1.0,1.0,708.0,709.0,708.0,709.0,709.0,0.0,90.7670016,90.927936,176.44297413865343,0.5060828328132629,0.5060828328132629,0.0,1.0,0.47302246326409825,0.4727800560134924,0.999723845717003,0.9797238707542419,0.9997233523180128,0.9999902981444316,0.9999902799164512,0.9999914013350883,0.9999913859844023,-15.965877099322878,-62.83195935704696,,754.5314426237354,False,False,False,,[]
709,709,710,True,1.0,1.0,709.0,710.0,709.0,710.0,710.0,0.0,90.927936,91.2498048,201.39027814814006,0.5060830116271973,0.5060830116271973,0.0,1.0,0.4727800560134924,0.4725076125447396,0.9997233523180128,0.9797233939170837,0.9997228065285233,0.9999902799164512,0.999990261560196,0.9999913859844023,0.9999913701121718,-17.942205440294565,-70.61734710071454,,734.6184288963143,False,False,False,,[]
710,710,711,True,1.0,1.0,710.0,711.0,710.0,711.0,711.0,0.0,91.2498048,91.5716736,201.87663205088836,0.5060831308364868,0.5060831308364868,0.0,1.0,0.4725076125447396,0.47223374767513965,0.9997228065285233,0.979722797870636,0.9997222583195577,0.999990261560196,0.9999902431437037,0.9999913701121718,0.9999913542919269,-18.035225346969895,-70.98577420031178,,733.717432591405,False,False,False,,[]
711,711,712,True,1.0,1.0,711.0,712.0,711.0,712.0,712.0,0.0,91.5716736,91.732608,177.65993299866432,0.5060833096504211,0.5060833096504211,0.0,1.0,0.47223374767513965,0.4719877149440951,0.9997222583195577,0.979722261428833,0.9997217584714642,0.9999902431437037,0.999990224735866,0.9999913542919269,0.9999913387795992,-16.20332556534996,-63.77168388675797,,751.9149172773147,False,False,False,,[]
712,712,713,True,1.0,1.0,712.0,713.0,712.0,713.0,713.0,0.0,91.732608,92.2154112,227.31415673443877,0.5060834884643555,0.5060834884643555,0.0,1.0,0.4719877149440951,0.47168359478454286,0.9997217584714642,0.9797217845916748,0.9997211601034841,0.999990224735866,0.9999902067812035,0.9999913387795992,0.9999913234509953,-20.024894265741693,-78.82794535593835,,715.6965444298995,False,False,False,,[]
713,713,714,True,1.0,1.0,713.0,714.0,713.0,714.0,714.0,0.0,92.2154112,92.85914880000001,252.7555481893008,0.5060836672782898,0.5060836672782898,0.0,1.0,0.47168359478454286,0.4713500467204155,0.9997211601034841,0.979721188545227,0.9997205155130288,0.9999902067812035,0.999990189950975,0.9999913234509953,0.9999913092787239,-21.95964621431724,-86.45565822180306,,699.7853571510705,False,False,False,,[]
714,714,715,True,1.0,1.0,714.0,715.0,714.0,715.0,715.0,0.0,92.85914880000001,93.66382080000001,278.4484946000396,0.5060838460922241,0.5060838460922241,0.0,1.0,0.4713500467204155,0.4709797399787392,0.9997205155130288,0.9797205328941345,0.9997198169733691,0.999990189950975,0.99999017035681,0.9999913092787239,0.9999912947718549,-24.375584007427932,-95.98350744249912,,678.3056032421619,False,False,False,,[]
715,715,716,True,1.0,1.0,715.0,716.0,715.0,716.0,716.0,0.0,93.66382080000001,94.6294272,304.39815166174714,0.5060840845108032,0.5060840845108032,0.0,1.0,0.4709797399787392,0.4705690777787015,0.9997198169733691,0.9797198176383972,0.9997190643801838,0.99999017035681,0.9999901471150652,0.9999912947718549,0.999991278762529,-27.026702938063913,-106.4436422497799,,655.6635013094909,False,False,False,,[]
716,716,717,True,1.0,1.0,716.0,717.0,716.0,717.0,717.0,0.0,94.6294272,95.11223040000002,231.79187791327723,0.5060842633247375,0.5060842633247375,0.0,1.0,0.4705690777787015,0.47025126446087384,0.9997190643801838,0.9797191023826599,0.9997184441801983,0.9999901471150652,0.999990128768917,0.999991278762529,0.9999912641982412,-20.92046193917918,-82.37721198093317,,707.8424508100524,False,False,False,,[]
717,717,718,True,1.0,1.0,717.0,718.0,717.0,718.0,718.0,0.0,95.11223040000002,95.27316480000002,183.142155436004,0.5060844421386719,0.5060844421386719,0.0,1.0,0.47025126446087384,0.4699892134251012,0.9997184441801983,0.9797184467315674,0.9997179162470653,0.999990128768917,0.9999901095830034,0.9999912641982412,0.9999912483380266,-17.252182709693553,-67.92362847226555,,740.8008403192965,False,False,False,,[]
718,718,719,True,1.0,1.0,718.0,719.0,718.0,719.0,719.0,0.0,95.27316480000002,95.11223040000002,133.98674519942836,0.5060846209526062,0.5060846209526062,0.0,1.0,0.4699892134251012,0.4697959329828878,0.9997179162470653,0.9797179102897644,0.9997175134253176,0.9999901095830034,0.9999900933657664,0.9999912483380266,0.9999912380825506,-12.72724156386,-50.098290621706056,,793.6285406229226,False,False,False,,[]
719,719,720,True,1.0,1.0,719.0,720.0,719.0,720.0,720.0,0.0,95.11223040000002,94.6294272,84.32306935600138,0.5060847401618958,0.5060847401618958,0.0,1.0,0.4697959329828878,0.46967560835432554,0.9997175134253176,0.9797175526618958,0.9997172614310915,0.9999900933657664,0.9999900877587635,0.9999912380825506,0.9999912270793626,-7.925167410935206,-31.188143723343753,,860.4857888285032,False,False,False,,[]
720,720,721,True,1.0,1.0,720.0,721.0,720.0,721.0,721.0,0.0,94.6294272,94.146624,83.56324879327525,0.5060847997665405,0.5060847997665405,0.0,1.0,0.46967560835432554,0.469555573592155,0.9997172614310915,0.9797172546386719,0.9997170101152038,0.9999900877587635,0.9999900811249205,0.9999912270793626,0.9999912161463722,-7.90647214871108,-31.113010354606597,,860.0425389368896,False,False,False,,[]
721,721,722,True,1.0,1.0,721.0,722.0,721.0,722.0,722.0,0.0,94.146624,93.50288640000001,58.10252348185716,0.5060849189758301,0.5060849189758301,0.0,1.0,0.469555573592155,0.46947179701349456,0.9997170101152038,0.9797170162200928,0.9997168408253174,0.9999900811249205,0.9999900773040329,0.9999912161463722,0.9999912071763251,-5.51910896927926,-21.714889188789613,,898.0719725293234,False,False,False,,[]
722,722,723,True,1.0,1.0,722.0,723.0,722.0,723.0,723.0,0.0,93.50288640000001,92.85914880000001,57.1006000708951,0.5060849189758301,0.5060849189758301,0.0,1.0,0.46947179701349456,0.4693899415369478,0.9997168408253174,0.9797168374061584,0.9997166757280284,0.9999900773040329,0.9999900735747962,0.9999912071763251,0.9999911983477653,-5.392921438653886,-21.216939520916224,,900.1523942429893,False,False,False,,[]
723,723,724,True,1.0,1.0,723.0,724.0,723.0,724.0,724.0,0.0,92.85914880000001,92.2154112,56.10555092003863,0.5060849785804749,0.5060849785804749,0.0,1.0,0.4693899415369478,0.46930912091445987,0.9997166757280284,0.9797167181968689,0.9997165128829161,0.9999900735747962,0.9999900692080728,0.9999911983477653,0.9999911896614583,-5.325089967047268,-20.948705348872416,,900.7725496169352,False,False,False,,[]
724,724,725,True,1.0,1.0,724.0,725.0,724.0,725.0,725.0,0.0,92.2154112,91.89354240000002,104.5269190693008,0.5060850381851196,0.5060850381851196,0.0,1.0,0.46930912091445987,0.4691594426732901,0.9997165128829161,0.9797165393829346,0.9997161950433069,0.9999900692080728,0.9999900566763434,0.9999911896614583,0.9999911785606006,-9.860418278966158,-38.79660011121693,,829.8102431906075,False,False,False,,[]
725,725,726,True,1.0,1.0,725.0,726.0,725.0,726.0,726.0,0.0,91.89354240000002,91.4107392,79.33063795146481,0.5060851573944092,0.5060851573944092,0.0,1.0,0.4691594426732901,0.46904951155829006,0.9997161950433069,0.9797162413597107,0.9997159671450812,0.9999900566763434,0.999990051580271,0.9999911785606006,0.9999911680463273,-7.243093695904421,-28.494145008002008,,870.8288404959507,False,False,False,,[]
726,726,727,True,1.0,1.0,726.0,727.0,726.0,727.0,727.0,0.0,91.4107392,90.927936,78.59659586414936,0.506085216999054,0.506085216999054,0.0,1.0,0.46904951155829006,0.4689398986576254,0.9997159671450812,0.9797160029411316,0.9997157399772737,0.999990051580271,0.9999900455534837,0.9999911680463273,0.9999911576093089,-7.222461609361277,-28.4116638522804,,870.4784726429258,False,False,False,,[]
727,727,728,True,1.0,1.0,727.0,728.0,727.0,728.0,728.0,0.0,90.927936,90.44513280000001,77.86642054814165,0.5060852766036987,0.5060852766036987,0.0,1.0,0.4689398986576254,0.468832966898173,0.9997157399772737,0.9797157645225525,0.9997155189465077,0.9999900455534837,0.9999900406041681,0.9999911576093089,0.9999911472504583,-7.046170418758262,-27.716712050061776,,873.863866033087,False,False,False,,[]
728,728,729,True,1.0,1.0,728.0,729.0,728.0,729.0,729.0,0.0,90.44513280000001,89.31859200000001,-21.678974076555164,0.5060853362083435,0.5060853362083435,0.0,1.0,0.468832966898173,0.46885364683541125,0.9997155189465077,0.9797155261039734,0.9997154796593501,0.9999900406041681,0.999990039238444,0.9999911472504583,0.9999911431322576,1.3632953128868073,5.360239732149533,,1011.3956952947983,False,False,False,,[]
729,729,730,True,1.0,1.0,729.0,730.0,729.0,730.0,730.0,0.0,89.31859200000001,87.8701824,-72.76819961019122,0.5060853362083435,0.5060853362083435,0.0,1.0,0.46885364683541125,0.4689250627860888,0.9997154796593501,0.9797155261039734,0.9997153370814792,0.999990039238444,0.9999900347198843,0.9999911431322576,0.9999911332649142,4.709309657552634,18.511014415626306,,1044.683473739164,False,False,False,,[]
730,730,731,True,1.0,1.0,730.0,731.0,730.0,731.0,731.0,0.0,87.8701824,87.06551040000001,23.922228862771888,0.5060853958129883,0.5060853958129883,0.0,1.0,0.4689250627860888,0.4688916747734895,0.9997153370814792,0.9797153472900391,0.9997152728584087,0.9999900347198843,0.999990033253316,0.9999911332649142,0.9999911289033965,-2.2012435728420576,-8.654172865751589,,956.3535487806677,False,False,False,,[]
731,731,732,True,1.0,1.0,731.0,732.0,731.0,732.0,732.0,0.0,87.06551040000001,86.42177280000001,47.45945026729777,0.5060853958129883,0.5060853958129883,0.0,1.0,0.4688916747734895,0.46882765843922375,0.9997152728584087,0.9797152876853943,0.9997151459752646,0.999990033253316,0.9999900303678725,0.9999911289033965,0.999991121518341,-4.220426211095948,-16.593033841679297,,919.9842352714207,False,False,False,,[]
732,732,733,True,1.0,1.0,732.0,733.0,732.0,733.0,733.0,0.0,86.42177280000001,85.61710080000002,21.828372197538766,0.5060854554176331,0.5060854554176331,0.0,1.0,0.46882765843922375,0.468797626124757,0.9997151459752646,0.9797151684761047,0.9997150883963319,0.9999900303678725,0.999990029051829,0.999991121518341,0.9999911175535806,-1.9802686792855175,-7.784375909775206,,960.5492697662122,False,False,False,,[]
733,733,734,True,1.0,1.0,733.0,734.0,733.0,734.0,734.0,0.0,85.61710080000002,85.1342976,70.08969897861842,0.5060854554176331,0.5060854554176331,0.0,1.0,0.468797626124757,0.4687063617722663,0.9997150883963319,0.97971510887146,0.999714902619823,0.999990029051829,0.9999900248577099,0.9999911175535806,0.9999911082045227,-6.017023233708522,-23.65572016559224,,890.1666298762439,False,False,False,,[]
734,734,735,True,1.0,1.0,734.0,735.0,734.0,735.0,735.0,0.0,85.1342976,84.49056,44.70115339835413,0.5060855150222778,0.5060855150222778,0.0,1.0,0.4687063617722663,0.4686465918473393,0.999714902619823,0.9797149300575256,0.99971478464435,0.9999900248577099,0.9999900216690235,0.9999911082045227,0.9999911012556705,-3.9411489210027995,-15.492364541075638,,924.4664579582438,False,False,False,,[]
735,735,736,True,1.0,1.0,735.0,736.0,735.0,736.0,736.0,0.0,84.49056,83.685888,19.09069810892564,0.5060855746269226,0.5060855746269226,0.0,1.0,0.4686465918473393,0.46862056937016106,0.99971478464435,0.9797148108482361,0.9997147349485325,0.9999900216690235,0.9999900203188468,0.9999911012556705,0.9999910978091164,-1.7161576657977449,-6.745026084597465,,965.447791981515,False,False,False,,[]
736,736,737,True,1.0,1.0,736.0,737.0,736.0,737.0,737.0,0.0,83.685888,82.5593472,-31.441282714584673,0.5060855746269226,0.5060855746269226,0.0,1.0,0.46862056937016106,0.4686482111871125,0.9997147349485325,0.9797147512435913,0.9997146820765279,0.9999900203188468,0.9999900181207181,0.9999910978091164,0.9999910926158998,1.8233785602239974,7.16475895380368,,1015.1905718282966,False,False,False,,[]
737,737,738,True,1.0,1.0,737.0,738.0,737.0,738.0,738.0,0.0,82.5593472,81.271872,-57.69942219870478,0.5060855746269226,0.5060855746269226,0.0,1.0,0.4686482111871125,0.4686998646305604,0.9997146820765279,0.9797146916389465,0.9997145809279089,0.9999900181207181,0.9999900148079539,0.9999910926158998,0.9999910845364807,3.4078996970731934,13.388572541708937,,1031.0834523702263,False,False,False,,[]
738,738,739,True,1.0,1.0,738.0,739.0,738.0,739.0,739.0,0.0,81.271872,79.66252800000001,-108.85846443657616,0.5060856342315674,0.5060856342315674,0.0,1.0,0.4686998646305604,0.46879266394173613,0.9997145809279089,0.979714572429657,0.9997143917429914,0.9999900148079539,0.9999900017481609,0.9999910845364807,0.9999910740106277,6.124010824988472,24.05358145675186,,1052.9587425756,False,False,False,,[]
739,739,740,True,1.0,1.0,739.0,740.0,739.0,740.0,740.0,0.0,79.66252800000001,78.053184,-111.00667072080405,0.5060856938362122,0.5060856938362122,0.0,1.0,0.46879266394173613,0.46888531882385426,0.9997143917429914,0.9797143936157227,0.9997142028792,0.9999900017481609,0.9999899886592274,0.9999910740106277,0.9999910634462245,6.115226392347897,24.016145445024737,,1052.7592024477092,False,False,False,,[]
740,740,741,True,1.0,1.0,740.0,741.0,740.0,741.0,741.0,0.0,78.053184,76.60477440000001,-88.40714135933806,0.5060857534408569,0.5060857534408569,0.0,1.0,0.46888531882385426,0.4689562691727296,0.9997142028792,0.9797142148017883,0.9997140612953802,0.9999899886592274,0.9999899782464479,0.9999910634462245,0.9999910536627007,4.682960286332664,18.390330428490547,,1037.9857783677476,False,False,False,,[]
741,741,742,True,1.0,1.0,741.0,742.0,741.0,742.0,742.0,0.0,76.60477440000001,75.3172992,-65.56035345456955,0.5060857534408569,0.5060857534408569,0.0,1.0,0.4689562691727296,0.4690070003835489,0.9997140612953802,0.9797140955924988,0.9997139620422778,0.9999899782464479,0.9999899706517956,0.9999910536627007,0.9999910453604814,3.348568978175178,13.14952984437186,,1025.5453386774445,False,False,False,,[]
742,742,743,True,1.0,1.0,742.0,743.0,742.0,743.0,743.0,0.0,75.3172992,73.38608640000001,-166.00176492041035,0.5060858130455017,0.5060858130455017,0.0,1.0,0.4690070003835489,0.46914502963146143,0.9997139620422778,0.9797139763832092,0.9997136679192015,0.9999899706517956,0.9999899559111788,0.9999910453604814,0.9999910354297245,9.114132334195315,35.7771810589171,,1091.638185866499,False,False,False,,[]
743,743,744,True,1.0,1.0,743.0,744.0,743.0,744.0,744.0,0.0,73.38608640000001,71.13300480000001,-217.79323908835923,0.5060858726501465,0.5060858726501465,0.0,1.0,0.46914502963146143,0.46932411788672557,0.9997136679192015,0.9797136783599854,0.9997132923105124,0.9999899559111788,0.9999899415759909,0.9999910354297245,0.9999910214787608,11.828311395952914,46.41967576445943,,1127.702413864436,False,False,False,,[]
744,744,745,True,1.0,1.0,744.0,745.0,744.0,745.0,745.0,0.0,71.13300480000001,68.39712,-294.6082785888886,0.506085991859436,0.506085991859436,0.0,1.0,0.46932411788672557,0.4695600009637099,0.9997132923105124,0.9797133207321167,0.9997128106011911,0.9999899415759909,0.9999899255126288,0.9999910214787608,0.99999100274072,15.584435540018774,61.14089355434768,,1180.5131400300893,False,False,False,,[]
745,745,746,True,1.0,1.0,745.0,746.0,745.0,746.0,746.0,0.0,68.39712,63.08628480000001,-693.050864151201,0.5060861706733704,0.5060861706733704,0.0,1.0,0.4695600009637099,0.47011124836856627,0.9997128106011911,0.9797128438949585,0.999711917331697,0.9999899255126288,0.999989907142535,0.99999100274072,0.9999909772882166,36.462091370533834,142.88332733877218,,1718.5020098705359,False,False,False,,[]
746,746,747,True,1.0,1.0,746.0,747.0,746.0,747.0,747.0,0.0,63.08628480000001,57.7754496,-698.8426431141014,0.5060864090919495,0.5060864090919495,0.0,1.0,0.47011124836856627,0.47061639908367964,0.999711917331697,0.9797119498252869,0.9997110614872586,0.999989907142535,0.9999898891181785,0.9999909772882166,0.9999909476970331,33.41776834506004,130.93506535738237,,1592.2317720574554,False,False,False,,[]
747,747,748,True,1.0,1.0,747.0,748.0,747.0,748.0,748.0,0.0,57.7754496,52.46461440000001,-704.1665427482926,0.5060867071151733,0.5060867071151733,0.0,1.0,0.47061639908367964,0.47107159834425427,0.9997110614872586,0.9797110557556152,0.9997102559767818,0.9999898891181785,0.9999898714307857,0.9999909476970331,0.9999909105270787,30.116307942478567,117.9876483409485,,1470.136093977907,False,False,False,,[]
748,748,749,True,1.0,1.0,748.0,749.0,748.0,749.0,749.0,0.0,52.46461440000001,47.1537792,-709.022563053782,0.5060869455337524,0.5060869455337524,0.0,1.0,0.47107159834425427,0.4714848155037159,0.9997102559767818,0.9797102808952332,0.9997095001522931,0.9999898714307857,0.9999898543507054,0.9999909105270787,0.9999908767068479,27.341376236632073,107.1058877324511,,1402.0022828525287,False,False,False,,[]
749,749,750,True,1.0,1.0,749.0,750.0,749.0,750.0,750.0,0.0,47.1537792,43.130419200000006,-515.7725318705642,0.5060871243476868,0.5060871243476868,0.0,1.0,0.4714848155037159,0.4717531587968707,0.9997095001522931,0.9797095060348511,0.9997089613728913,0.9999898543507054,0.9999898376024691,0.9999908767068479,0.999990855620366,17.75100953714129,69.55458158572473,,1214.5217470824518,False,False,False,,[]
750,750,751,True,1.0,1.0,750.0,751.0,750.0,751.0,751.0,0.0,43.130419200000006,39.428928,-469.3758481441909,0.5060873031616211,0.5060873031616211,0.0,1.0,0.4717531587968707,0.47197642339308565,0.9997089613728913,0.9797089695930481,0.9997085025746977,0.9999898376024691,0.9999898218277915,0.999990855620366,0.9999908401577702,14.768949076764954,57.8701833389199,,1171.1624712686967,False,False,False,,[]
751,751,752,True,1.0,1.0,751.0,752.0,751.0,752.0,752.0,0.0,39.428928,34.600896000000006,-644.8439173789445,0.5060874223709106,0.5060874223709106,0.0,1.0,0.47197642339308565,0.47225179187830374,0.9997085025746977,0.9797084927558899,0.9997079518123384,0.9999898218277915,0.999989802829906,0.9999908401577702,0.999990821109452,18.22066059191987,71.37551136852399,,1222.8617112654117,False,False,False,,[]
752,752,753,True,1.0,1.0,752.0,753.0,752.0,753.0,753.0,0.0,34.600896000000006,31.382208000000002,-400.76072685117504,0.506087601184845,0.506087601184845,0.0,1.0,0.47225179187830374,0.4723981492308724,0.9997079518123384,0.9797079563140869,0.9997076406075408,0.999989802829906,0.9999897916430673,0.999990821109452,0.9999908035534608,9.681550114633744,37.93582578579951,,1094.68361124965,False,False,False,,[]
753,753,754,True,1.0,1.0,753.0,754.0,753.0,754.0,754.0,0.0,31.382208000000002,28.0025856,-427.22702752423874,0.5060877203941345,0.5060877203941345,0.0,1.0,0.4723981492308724,0.4725395290428783,0.9997076406075408,0.979707658290863,0.9997073393883278,0.9999897916430673,0.9999897761865101,0.9999908035534608,0.9999907934299996,9.352816631279278,36.64564727193278,,1093.7064407266441,False,False,False,,[]
754,754,755,True,1.0,1.0,754.0,755.0,754.0,755.0,755.0,0.0,28.0025856,24.3010944,-478.3012156138833,0.5060877799987793,0.5060877799987793,0.0,1.0,0.4725395290428783,0.47267564960035585,0.9997073393883278,0.9797073602676392,0.9997070498735222,0.9999897761865101,0.9999897633455982,0.9999907934299996,0.9999907765454065,9.005360548521413,35.28244849817035,,1083.9445366166929,False,False,False,,[]
755,755,756,True,1.0,1.0,755.0,756.0,755.0,756.0,756.0,0.0,24.3010944,19.955865600000003,-578.7260858913404,0.5060878992080688,0.5060878992080688,0.0,1.0,0.47267564960035585,0.47282085841708893,0.9997070498735222,0.9797070622444153,0.9997067409684944,0.9999897633455982,0.9999897543696771,0.9999907765454065,0.9999907617218444,9.607501272608372,37.63812529721768,,1099.5279878879517,False,False,False,,[]
756,756,757,True,1.0,1.0,756.0,757.0,756.0,757.0,757.0,0.0,19.955865600000003,15.6106368,-580.3211290573778,0.5060879588127136,0.5060879588127136,0.0,1.0,0.47282085841708893,0.47293685060689267,0.9997067409684944,0.9797067642211914,0.9997064990750247,0.9999897543696771,0.9999897428549022,0.9999907617218444,0.9999907534860711,7.67422805264584,30.065175597125137,,1077.6469344344384,False,False,False,,[]
757,757,758,True,1.0,1.0,757.0,758.0,757.0,758.0,758.0,0.0,15.6106368,11.265408,-581.6029637471735,0.5060880184173584,0.5060880184173584,0.0,1.0,0.47293685060689267,0.4730062384533837,0.9997064990750247,0.9797065258026123,0.999706360820721,0.9999897428549022,0.9999897351913342,0.9999907534860711,0.9999907229239964,4.590371566780607,17.985329810469906,,1017.6426397979549,False,False,False,,[]
758,758,759,True,1.0,1.0,758.0,759.0,758.0,759.0,759.0,0.0,11.265408,8.04672,-409.63818932073013,0.5060880780220032,0.5060880780220032,0.0,1.0,0.4730062384533837,0.47303926689050274,0.999706360820721,0.9797064065933228,0.9997062973116511,0.9999897351913342,0.999989729070531,0.9999907229239964,0.9999907074564516,2.1848203312432073,8.560970901260502,,1005.1152143893826,False,False,False,,[]
759,759,760,True,1.0,1.0,759.0,760.0,759.0,760.0,760.0,0.0,8.04672,5.3108352,-336.03944426894435,0.506088137626648,0.506088137626648,0.0,1.0,0.47303926689050274,0.4730540567088801,0.9997062973116511,0.9797062873840332,0.9997062693758082,0.999989729070531,0.9999897213625983,0.9999907074564516,0.9999906986802215,0.9782988749409706,3.833520923421929,,995.532122903208,False,False,False,,[]
760,760,761,True,1.0,1.0,760.0,761.0,760.0,761.0,761.0,0.0,5.3108352,3.218688,-237.52347009564798,0.506088137626648,0.506088137626648,0.0,1.0,0.4730540567088801,0.4730607322356368,0.9997062693758082,0.9797062873840332,0.9997062568663911,0.9999897213625983,0.9999897178836181,0.9999906986802215,0.9999906947190645,0.44155580933757305,1.730296535343666,,997.9885021566546,False,False,False,,[]
761,761,762,True,1.0,1.0,761.0,762.0,761.0,762.0,762.0,0.0,3.218688,1.1265408,-237.67148150863108,0.506088137626648,0.506088137626648,0.0,1.0,0.4730607322356368,0.47306413512282247,0.9997062568663911,0.9797062873840332,0.9997062505100283,0.9999897178836181,0.999989716110203,0.9999906947190645,0.9999906926998592,0.2250836978029425,0.8820283585235288,,998.9756807634178,False,False,False,,[]
762,762,763,True,1.0,1.0,762.0,763.0,762.0,763.0,763.0,0.0,1.1265408,0.0,-89.5182544292073,0.506088137626648,0.506088137626648,0.0,1.0,0.47306413512282247,0.4730644674151103,0.9997062505100283,0.9797062873840332,0.9997062498911905,0.999989716110203,0.9999897159370305,0.9999906926998592,0.9999906925026854,0.021979248991125723,0.0861301610105021,,999.9000720783607,False,False,False,,[]
763,763,764,True,1.0,1.0,763.0,764.0,763.0,764.0,764.0,0.0,0.0,0.0,83.40462000000002,0.506088137626648,0.506088137626648,0.0,1.0,0.4730644674151103,0.4730644674151103,0.9997062498911905,0.9797062873840332,0.9997062498911905,0.9999897159370305,0.9999897159370305,0.9999906925026854,0.9999906925026854,-0.0,0.0,,1000.0,False,False,False,,[]
764,764,765,True,1.0,1.0,764.0,765.0,764.0,765.0,765.0,0.0,0.0,0.0,83.40462000000002,0.506088137626648,0.506088137626648,0.0,1.0,0.4730644674151103,0.4730644674151103,0.9997062498911905,0.9797062873840332,0.9997062498911905,0.9999897159370305,0.9999897159370305,0.9999906925026854,0.9999906925026854,-0.0,0.0,,1000.0,True,False,False,,[]
