attempt,cycle_index_before,cycle_index_after,completed_step,dt_requested_s,dt_completed_s,time_before_s,time_after_s,original_cycle_time_before_s,original_cycle_time_after_s,original_cycle_time_target_s,slope_rad,velocity_before_kmh,target_velocity_kmh,wheel_torque_nm,normalized_action,sigma_tor,sigma_min,sigma_max,soc_before,soc_after,battery_soh_before,observed_battery_soh,battery_soh_after,motor1_soh_before,motor1_soh_after,motor2_soh_before,motor2_soh_after,battery_power_kw,battery_current_a,predicted_motor_power_kw,reward,terminated,truncated,constraint_violation,constraint_stage,violated_constraints
0,0,1,True,1.0,1.0,0.0,1.0,0.0,1.0,1.0,0.0,0.0,0.0,83.40462000000002,0.5,0.5,0.0,1.0,0.6,0.6,1.0,1.0,1.0,1.0,1.0,1.0,1.0,-0.0,0.0,,1000.0,False,False,False,,[]
1,1,2,True,1.0,1.0,1.0,2.0,1.0,2.0,2.0,0.0,0.0,0.0,83.40462000000002,0.5,0.5,0.0,1.0,0.6,0.6,1.0,1.0,1.0,1.0,1.0,1.0,1.0,-0.0,0.0,,1000.0,False,False,False,,[]
2,2,3,True,1.0,1.0,2.0,3.0,2.0,3.0,3.0,0.0,0.0,3.218688,577.5000504000001,0.5,0.5,0.0,1.0,0.6,0.5999764792536644,1.0,1.0,0.9999999551916011,1.0,0.9999999968464812,1.0,0.9999999963208948,-1.5575603169280001,-6.096577450188263,,966.3383661838194,False,False,False,,[]
3,3,4,True,1.0,1.0,3.0,4.0,3.0,4.0,4.0,0.0,3.218688,7.885785600000001,799.9289223313693,0.5,0.5,0.0,1.0,0.5999764792536644,0.5998640458617576,0.9999999551916011,0.9999999403953552,0.9999997215346359,0.9999999968464812,0.9999999817764589,0.9999999963208948,0.9999999787392021,-7.443262610947832,-29.14273518224454,,855.8340642727877,False,False,False,,[]
4,4,5,True,1.0,1.0,4.0,5.0,4.0,5.0,5.0,0.0,7.885785600000001,13.0356864,874.473092968842,0.5,0.5,0.0,1.0,0.5998640458617576,0.5996826004873137,0.9999997215346359,0.9999997019767761,0.999999341375441,0.9999999817764589,0.9999999754420349,0.9999999787392021,0.9999999425274116,-12.008790339606003,-47.030641055845344,,792.3883125608794,False,False,False,,[]
5,5,6,True,1.0,1.0,5.0,6.0,5.0,6.0,6.0,0.0,13.0356864,18.185587200000004,875.3667467830801,0.5,0.5,0.0,1.0,0.5996826004873137,0.5994297979724867,0.999999341375441,0.9999993443489075,0.9999988295758402,0.9999999754420349,0.9999999598028562,0.9999999425274116,0.9999998983854822,-16.726489483443043,-65.52641184314673,,733.2649239243026,False,False,False,,[]
6,6,7,True,1.0,1.0,6.0,7.0,6.0,7.0,7.0,0.0,18.185587200000004,23.335488,876.7003532443251,0.5,0.5,0.0,1.0,0.5994297979724867,0.5991576573049803,0.9999988295758402,0.9999988079071045,0.9999982843024857,0.9999999598028562,0.9999999471994419,0.9999998983854822,0.999999873525805,-18.003039482336206,-70.53886101767793,,733.06737457491,False,False,False,,[]
7,7,8,True,1.0,1.0,7.0,8.0,7.0,8.0,8.0,0.0,23.335488,27.841651200000005,779.6548262725818,0.5,0.5,0.0,1.0,0.5991576573049803,0.5988631981572337,0.9999982843024857,0.9999982714653015,0.9999977016683519,0.9999999471994419,0.9999999324926043,0.999999873525805,0.9999998506707113,-19.476008499999402,-76.32381109593028,,719.2772454085741,False,False,False,,[]
8,8,9,True,1.0,1.0,8.0,9.0,8.0,9.0,9.0,0.0,27.841651200000005,31.543142400000004,658.0437315480544,0.5,0.5,0.0,1.0,0.5988631981572337,0.5985768618553688,0.9999977016683519,0.9999976754188538,0.9999971324701176,0.9999999324926043,0.9999999141518833,0.9999998506707113,0.9999998348856877,-18.937061835170773,-74.21836944337018,,726.0150738157565,False,False,False,,[]
9,9,10,True,1.0,1.0,9.0,10.0,9.0,10.0,10.0,0.0,31.543142400000004,35.083699200000005,635.1621427014746,0.5,0.5,0.0,1.0,0.5985768618553688,0.5982588613916101,0.9999971324701176,0.9999971389770508,0.999996511975619,0.9999999141518833,0.999999897024576,0.9999998348856877,0.9999998072347531,-21.02681821049344,-82.42572020627163,,701.8390226308641,False,False,False,,[]
10,10,11,True,1.0,1.0,10.0,11.0,10.0,11.0,11.0,0.0,35.083699200000005,38.624256,637.1187289851459,0.5,0.5,0.0,1.0,0.5982588613916101,0.5979185840519977,0.999996511975619,0.9999964833259583,0.99999585718698,0.999999897024576,0.9999998782242621,0.9999998072347531,0.9999997882655116,-22.49555523152848,-88.19988642754183,,692.7482892286298,False,False,False,,[]
11,11,12,True,1.0,1.0,11.0,12.0,11.0,12.0,12.0,0.0,38.624256,41.521075200000006,540.4641755571303,0.5,0.5,0.0,1.0,0.5979185840519977,0.597604227887378,0.99999585718698,0.9999958276748657,0.9999952424464313,0.9999998782242621,0.9999998604847052,0.9999997882655116,0.9999997707686414,-20.781014801449597,-81.48111786942808,,708.6837482054104,False,False,False,,[]
12,12,13,True,1.0,1.0,12.0,13.0,12.0,13.0,13.0,0.0,41.521075200000006,43.613222400000005,418.8659700703084,0.5,0.5,0.0,1.0,0.597604227887378,0.5973464334550886,0.9999952424464313,0.999995231628418,0.999994721910634,0.9999998604847052,0.9999998467058504,0.9999997707686414,0.9999997563642516,-17.04305472603988,-66.82031684938978,,747.3666964270732,False,False,False,,[]
13,13,14,True,1.0,1.0,13.0,14.0,13.0,14.0,14.0,0.0,43.613222400000005,45.061632,321.5242054519695,0.5,0.5,0.0,1.0,0.5973464334550886,0.597141673033105,0.999994721910634,0.999994695186615,0.9999942974085948,0.9999998467058504,0.999999836834363,0.9999997563642516,0.9999997448475163,-13.538039935673828,-53.07390137816477,,788.2712498624098,False,False,False,,[]
14,14,15,True,1.0,1.0,14.0,15.0,14.0,15.0,15.0,0.0,45.061632,46.670976,347.2942724683159,0.5,0.5,0.0,1.0,0.597141673033105,0.5969116006080887,0.9999942974085948,0.9999942779541016,0.9999938262005879,0.999999836834363,0.9999998251235941,0.9999997448475163,0.9999997315226916,-15.209454861859646,-59.63477256420718,,767.9141984666578,False,False,False,,[]
15,15,16,True,1.0,1.0,15.0,16.0,15.0,16.0,16.0,0.0,46.670976,48.28032,348.51875005032457,0.5,0.5,0.0,1.0,0.5969116006080887,0.5966718610343231,0.9999938262005879,0.9999938011169434,0.9999933375683685,0.9999998251235941,0.9999998124968441,0.9999997315226916,0.9999997174929627,-15.846945099915695,-62.14049752003806,,760.3063664337304,False,False,False,,[]
16,16,17,True,1.0,1.0,16.0,17.0,16.0,17.0,17.0,0.0,48.28032,49.406860800000004,275.6718771980157,0.5,0.5,0.0,1.0,0.5966718610343231,0.5964760350959126,0.9999933375683685,0.9999933242797852,0.9999929299133645,0.9999998124968441,0.9999998020936789,0.9999997174929627,0.9999997054843831,-12.945090906923516,-50.75808323601263,,794.2791670625403,False,False,False,,[]
17,17,18,True,1.0,1.0,17.0,18.0,17.0,18.0,18.0,0.0,49.406860800000004,50.69433600000001,301.2894215681831,0.5,0.5,0.0,1.0,0.5964760350959126,0.5962584888337019,0.9999929299133645,0.9999929070472717,0.9999924816263434,0.9999998020936789,0.9999997914551927,0.9999997054843831,0.9999996926399048,-14.37919518553653,-56.38799116501369,,777.6908922910892,False,False,False,,[]
18,18,19,True,1.0,1.0,18.0,19.0,18.0,19.0,19.0,0.0,50.69433600000001,51.82087680000001,277.6535974952133,0.5,0.5,0.0,1.0,0.5962584888337019,0.59604817579949,0.9999924816263434,0.9999924898147583,0.9999920467475364,0.9999997914551927,0.9999997812052175,0.9999996926399048,0.9999996759799167,-13.90059598765114,-54.513138467727586,,780.8163551676845,False,False,False,,[]
19,19,20,True,1.0,1.0,19.0,20.0,19.0,20.0,20.0,0.0,51.82087680000001,52.9474176,278.6114826773469,0.5,0.5,0.0,1.0,0.59604817579949,0.5958377168256155,0.9999920467475364,0.9999920725822449,0.9999916115969733,0.9999997812052175,0.999999770795405,0.9999996759799167,0.9999996637916603,-13.90947801534079,-54.55096602827875,,783.3478428245379,False,False,False,,[]
20,20,21,True,1.0,1.0,20.0,21.0,20.0,21.0,21.0,0.0,52.9474176,53.91302400000001,254.88564876107,0.5,0.5,0.0,1.0,0.5958377168256155,0.5956380825004607,0.9999916115969733,0.9999915957450867,0.9999911967383532,0.999999770795405,0.9999997594998595,0.9999996637916603,0.9999996510537961,-13.193813407657945,-51.745217080120796,,790.4178611037075,False,False,False,,[]
21,21,22,True,1.0,1.0,21.0,22.0,21.0,22.0,22.0,0.0,53.91302400000001,54.878630400000006,255.7414941447039,0.5,0.5,0.0,1.0,0.5956380825004607,0.595429480569813,0.9999911967383532,0.9999911785125732,0.9999907650495603,0.9999997594998595,0.9999997480198585,0.9999996510537961,0.9999996336254594,-13.785440760615872,-54.069620423855405,,780.835700982147,False,False,False,,[]
22,22,23,True,1.0,1.0,22.0,23.0,22.0,23.0,23.0,0.0,54.878630400000006,55.68330240000001,231.90803509358548,0.5,0.5,0.0,1.0,0.595429480569813,0.5952345958736897,0.9999907650495603,0.9999907612800598,0.9999903591800262,0.9999997480198585,0.9999997360310906,0.9999996336254594,0.9999996167544188,-12.878853584293823,-50.51411323517271,,790.9318349239628,False,False,False,,[]
23,23,24,True,1.0,1.0,23.0,24.0,23.0,24.0,24.0,0.0,55.68330240000001,56.1661056,183.23640091221512,0.5,0.5,0.0,1.0,0.5952345958736897,0.5950746783679811,0.9999903591800262,0.9999903440475464,0.9999900210234762,0.9999997360310906,0.9999997244758315,0.9999996167544188,0.9999996018891533,-10.56877741700306,-41.4506174796442,,819.5688887353377,False,False,False,,[]
24,24,25,True,1.0,1.0,24.0,25.0,24.0,25.0,25.0,0.0,56.1661056,56.487974400000006,158.97953040247708,0.5,0.5,0.0,1.0,0.5950746783679811,0.5949359845784166,0.9999900210234762,0.9999900460243225,0.9999897252921524,0.9999997244758315,0.9999997134771764,0.9999996018891533,0.9999995908697261,-9.166490256808927,-35.94943025513159,,840.1349227058149,False,False,False,,[]
25,25,26,True,1.0,1.0,25.0,26.0,25.0,26.0,26.0,0.0,56.487974400000006,57.45358080000001,258.0993653622691,0.5,0.5,0.0,1.0,0.5949359845784166,0.5947181697682418,0.9999897252921524,0.9999897480010986,0.9999892765097316,0.9999997134771764,0.9999997015487196,0.9999995908697261,0.9999995746958176,-14.391882932757712,-56.45759879730265,,774.7161063504943,False,False,False,,[]
26,26,27,True,1.0,1.0,26.0,27.0,26.0,27.0,27.0,0.0,57.45358080000001,57.7754496,160.19283731180585,0.5,0.5,0.0,1.0,0.5947181697682418,0.5945735237847387,0.9999892765097316,0.9999892711639404,0.9999889687326461,0.9999997015487196,0.999999690272621,0.9999995746958176,0.9999995617889893,-9.559053667801033,-37.492238923979286,,833.6066042116715,False,False,False,,[]
27,27,28,True,1.0,1.0,27.0,28.0,27.0,28.0,28.0,0.0,57.7754496,57.6145152,86.38614589170571,0.5,0.5,0.0,1.0,0.5945735237847387,0.5944910943112323,0.9999889687326461,0.9999889731407166,0.9999888023842595,0.999999690272621,0.9999996822184978,0.9999995617889893,0.9999995536433616,-5.448391190405298,-21.365719532875648,,896.6486350974867,False,False,False,,[]
28,28,29,True,1.0,1.0,28.0,29.0,28.0,29.0,29.0,0.0,57.6145152,56.809843199999996,-12.586966578871854,0.5,0.5,0.0,1.0,0.5944910943112323,0.5944985416534717,0.9999888023842595,0.9999887943267822,0.9999887884179792,0.9999996822184978,0.9999996817198338,0.9999995536433616,0.9999995518980376,0.49239506837253155,1.930351108463187,,1003.8212727588945,False,False,False,,[]
29,29,30,True,1.0,1.0,29.0,30.0,29.0,30.0,30.0,0.0,56.809843199999996,56.1661056,11.354117607088142,0.5,0.5,0.0,1.0,0.5944985416534717,0.5944880132231832,0.9999887884179792,0.9999887943267822,0.9999887686140171,0.9999996817198338,0.9999996812757062,0.9999995518980376,0.9999995503435908,-0.6961021350956821,-2.72896913076139,,985.70005412864,False,False,False,,[]
30,30,31,True,1.0,1.0,30.0,31.0,30.0,31.0,31.0,0.0,56.1661056,55.522368,10.750901282476095,0.5,0.5,0.0,1.0,0.5944880132231832,0.5944781581366024,0.9999887686140171,0.9999887943267822,0.9999887500888203,0.9999996812757062,0.9999996808599663,0.9999995503435908,0.9999995488885013,-0.6516086034806878,-2.554438441755506,,986.6034683003239,False,False,False,,[]
31,31,32,True,1.0,1.0,31.0,32.0,31.0,32.0,32.0,0.0,55.522368,55.68330240000001,133.67841681797782,0.5,0.5,0.0,1.0,0.5944781581366024,0.5943602766157289,0.9999887500888203,0.9999887347221375,0.9999885038004976,0.9999996808599663,0.9999996707261253,0.9999995488885013,0.9999995385553365,-7.791841101754017,-30.55489021043682,,859.8619675209607,False,False,False,,[]
32,32,33,True,1.0,1.0,32.0,33.0,32.0,33.0,33.0,0.0,55.68330240000001,56.0051712,158.53162939221443,0.5,0.5,0.0,1.0,0.5943602766157289,0.5942213326665474,0.9999885038004976,0.9999884963035583,0.9999882074856513,0.9999996707261253,0.9999996598117749,0.9999995385553365,0.9999995261083918,-9.183342676731831,-36.01427162783741,,838.9707068543482,False,False,False,,[]
33,33,34,True,1.0,1.0,33.0,34.0,33.0,34.0,34.0,0.0,56.0051712,56.487974400000006,183.53457194446736,0.5,0.5,0.0,1.0,0.5942213326665474,0.5940644946091731,0.9999882074856513,0.9999881982803345,0.999987875416928,0.9999996598117749,0.9999996482134741,0.9999995261083918,0.9999995148624645,-10.365254765274436,-40.652424471431,,824.4776479325011,False,False,False,,[]
34,34,35,True,1.0,1.0,34.0,35.0,34.0,35.0,35.0,0.0,56.487974400000006,57.45358080000001,258.0993653622691,0.5,0.5,0.0,1.0,0.5940644946091731,0.5938466816242001,0.999987875416928,0.9999879002571106,0.9999874266378737,0.9999996482134741,0.9999996362850173,0.9999995148624645,0.999999498688556,-14.391882932757712,-56.457125705012714,,774.7174038588626,False,False,False,,[]
35,35,36,True,1.0,1.0,35.0,36.0,35.0,36.0,36.0,0.0,57.45358080000001,58.097318400000006,209.60238035180518,0.5,0.5,0.0,1.0,0.5938466816242001,0.5936659056529647,0.9999874266378737,0.9999874234199524,0.9999870477697527,0.9999996362850173,0.9999996241781737,0.999999498688556,0.9999994867120009,-11.945467718456158,-46.857131744200935,,804.6695410863289,False,False,False,,[]
36,36,37,True,1.0,1.0,36.0,37.0,36.0,37.0,37.0,0.0,58.097318400000006,58.25825280000001,136.10503063663728,0.5,0.5,0.0,1.0,0.5936659056529647,0.5935388193558262,0.9999870477697527,0.9999870657920837,0.9999867798482791,0.9999996241781737,0.9999996134851946,0.9999994867120009,0.9999994743408901,-8.398851627570412,-32.94076821831027,,849.6591556596788,False,False,False,,[]
37,37,38,True,1.0,1.0,37.0,38.0,37.0,38.0,38.0,0.0,58.25825280000001,58.741056,185.6698889909821,0.5,0.5,0.0,1.0,0.5935388193558262,0.5933749149667379,0.9999867798482791,0.9999867677688599,0.9999864338390773,0.9999996134851946,0.9999996015962598,0.9999994743408901,0.9999994631890322,-10.83070686829737,-42.48401765167845,,818.6346781099929,False,False,False,,[]
38,38,39,True,1.0,1.0,38.0,39.0,38.0,39.0,39.0,0.0,58.741056,59.06292480000001,161.43364126157752,0.5,0.5,0.0,1.0,0.5933749149667379,0.5932260050480526,0.9999864338390773,0.9999864101409912,0.9999861175325432,0.9999996015962598,0.9999995900419082,0.9999994631890322,0.9999994499244291,-9.840092118418495,-38.597450923249205,,829.6279888260484,False,False,False,,[]
39,39,40,True,1.0,1.0,39.0,40.0,39.0,40.0,40.0,0.0,59.06292480000001,59.3847936,161.74813866158206,0.5,0.5,0.0,1.0,0.5932260050480526,0.5930786543717165,0.9999861175325432,0.9999861121177673,0.9999858043408765,0.9999995900419082,0.9999995784178771,0.9999994499244291,0.9999994389054038,-9.736920366515701,-38.19329530632705,,832.4225940373514,False,False,False,,[]
40,40,41,True,1.0,1.0,40.0,41.0,40.0,41.0,41.0,0.0,59.3847936,59.545728000000004,137.35958310662406,0.5,0.5,0.0,1.0,0.5930786543717165,0.5929478148146554,0.9999858043408765,0.9999858140945435,0.9999855274921957,0.9999995784178771,0.9999995674422527,0.9999994389054038,0.9999994262978855,-8.646163498769482,-33.913613190216275,,845.9467033638465,False,False,False,,[]
41,41,42,True,1.0,1.0,41.0,42.0,41.0,42.0,42.0,0.0,59.545728000000004,59.545728000000004,112.81356403102659,0.5,0.5,0.0,1.0,0.5929478148146554,0.5928388664528684,0.9999855274921957,0.9999855160713196,0.9999853018483533,0.9999995674422527,0.9999995575350332,0.9999994262978855,0.999999415885249,-7.199967645854852,-28.239415375199336,,868.181711668699,False,False,False,,[]
42,42,43,True,1.0,1.0,42.0,43.0,42.0,43.0,43.0,0.0,59.545728000000004,59.545728000000004,112.81356403102659,0.5,0.5,0.0,1.0,0.5928388664528684,0.5927299179920079,0.9999853018483533,0.9999852776527405,0.9999850762042839,0.9999995575350332,0.9999995476278137,0.999999415885249,0.9999994054726125,-7.199967645854852,-28.23944105503437,,868.1816198801322,False,False,False,,[]
43,43,44,True,1.0,1.0,43.0,44.0,43.0,44.0,44.0,0.0,59.545728000000004,59.545728000000004,112.81356403102659,0.5,0.5,0.0,1.0,0.5927299179920079,0.5926209694303316,0.9999850762042839,0.9999850988388062,0.9999848505599833,0.9999995476278137,0.9999995377205942,0.9999994054726125,0.9999993950599759,-7.199967645854852,-28.2394671865087,,868.1815264687427,False,False,False,,[]
44,44,45,True,1.0,1.0,44.0,45.0,44.0,45.0,45.0,0.0,59.545728000000004,59.545728000000004,112.81356403102659,0.5,0.5,0.0,1.0,0.5926209694303316,0.5925120207661486,0.9999848505599833,0.999984860420227,0.9999846249154478,0.9999995377205942,0.9999995278133748,0.9999993950599759,0.9999993846473394,-7.199967645854852,-28.23949375624121,,868.1814314983806,False,False,False,,[]
45,45,46,True,1.0,1.0,45.0,46.0,45.0,46.0,46.0,0.0,59.545728000000004,59.545728000000004,112.81356403102659,0.5,0.5,0.0,1.0,0.5925120207661486,0.5924030719978183,0.9999846249154478,0.999984622001648,0.9999843992706736,0.9999995278133748,0.9999995179061553,0.9999993846473394,0.9999993742347029,-7.199967645854852,-28.239520751226667,,868.1813350068711,False,False,False,,[]
46,46,47,True,1.0,1.0,46.0,47.0,46.0,47.0,47.0,0.0,59.545728000000004,59.706662400000006,137.51833555102627,0.5,0.5,0.0,1.0,0.5924030719978183,0.5922737279383063,0.9999843992706736,0.9999843835830688,0.9999841259864828,0.9999995179061553,0.9999995068950605,0.9999993742347029,0.9999993632584205,-8.547249273972211,-33.5259802255034,,848.4211921981732,False,False,False,,[]
47,47,48,True,1.0,1.0,47.0,48.0,47.0,48.0,48.0,0.0,59.706662400000006,60.028531199999996,162.38228915668498,0.5,0.5,0.0,1.0,0.5922737279383063,0.5921234869803607,0.9999841259864828,0.9999841451644897,0.9999838070248052,0.9999995068950605,0.9999994951315412,0.9999993632584205,0.9999993514009468,-9.927398615554859,-38.94245629951346,,829.3537355813136,False,False,False,,[]
48,48,49,True,1.0,1.0,48.0,49.0,48.0,49.0,49.0,0.0,60.028531199999996,60.8332032,236.81625681178238,0.5,0.5,0.0,1.0,0.5921234869803607,0.5919143316377835,0.9999838070248052,0.9999837875366211,0.9999833743035308,0.9999994951315412,0.9999994828071758,0.9999993514009468,0.9999993392659979,-13.817438022220154,-54.213064796003565,,783.1547889218184,False,False,False,,[]
49,49,50,True,1.0,1.0,49.0,50.0,49.0,50.0,50.0,0.0,60.8332032,62.12067840000001,311.7372228315076,0.5,0.5,0.0,1.0,0.5919143316377835,0.5916341144336471,0.9999833743035308,0.9999833703041077,0.999982815349671,0.9999994828071758,0.9999994682355333,0.9999993392659979,0.999999320686782,-18.507064785705598,-72.63229931215076,,730.3196481969845,False,False,False,,[]
50,50,51,True,1.0,1.0,50.0,51.0,50.0,51.0,51.0,0.0,62.12067840000001,63.247219199999996,288.3454349924217,0.5,0.5,0.0,1.0,0.5916341144336471,0.5913714533868116,0.999982815349671,0.9999828338623047,0.9999822863603822,0.9999994682355333,0.9999994554863308,0.999999320686782,0.9999993036118491,-17.347280435133577,-68.08174333976298,,743.2821539581263,False,False,False,,[]
51,51,52,True,1.0,1.0,51.0,52.0,51.0,52.0,52.0,0.0,63.247219199999996,64.37376,289.516851879213,0.5,0.5,0.0,1.0,0.5913714533868116,0.5911011026707979,0.9999822863603822,0.9999822974205017,0.9999817441431689,0.9999994554863308,0.9999994420796073,0.9999993036118491,0.9999992847884798,-17.85359414002658,-70.07490559077166,,737.0269274762411,False,False,False,,[]
52,52,53,True,1.0,1.0,52.0,53.0,52.0,53.0,53.0,0.0,64.37376,65.5003008,290.7093211875837,0.5,0.5,0.0,1.0,0.5911011026707979,0.5908255874821866,0.9999817441431689,0.9999817609786987,0.999981193132015,0.9999994420796073,0.9999994281361112,0.9999992847884798,0.9999992665612837,-18.19318824610531,-71.41353688803248,,733.7903889382127,False,False,False,,[]
53,53,54,True,1.0,1.0,53.0,54.0,53.0,54.0,54.0,0.0,65.5003008,66.6268416,291.92284291754186,0.5,0.5,0.0,1.0,0.5908255874821866,0.5905439760589084,0.999981193132015,0.999981164932251,0.999980631834802,0.9999994281361112,0.9999994138365035,0.9999992665612837,0.9999992478839261,-18.594184820820384,-72.99368091371471,,729.5446035334471,False,False,False,,[]
54,54,55,True,1.0,1.0,54.0,55.0,54.0,55.0,55.0,0.0,66.6268416,67.91431680000001,317.86218858908705,0.5,0.5,0.0,1.0,0.5905439760589084,0.5902317456926932,0.999980631834802,0.999980628490448,0.9999800204689756,0.9999994138365035,0.9999993966782597,0.9999992478839261,0.9999992287387438,-20.612544683691105,-80.93011092296457,,709.3856959239785,False,False,False,,[]
55,55,56,True,1.0,1.0,55.0,56.0,55.0,56.0,56.0,0.0,67.91431680000001,69.0408576,294.5941374319725,0.5,0.5,0.0,1.0,0.5902317456926932,0.5899374390819788,0.9999800204689756,0.9999800324440002,0.9999794380854204,0.9999993966782597,0.9999993813150464,0.9999992287387438,0.9999992099762637,-19.428876535132115,-76.2842734971789,,721.1517695769518,False,False,False,,[]
56,56,57,True,1.0,1.0,56.0,57.0,56.0,57.0,57.0,0.0,69.0408576,70.00646400000001,271.1690523954889,0.5,0.5,0.0,1.0,0.5899374390819788,0.5896625433153471,0.9999794380854204,0.9999794363975525,0.9999788881251483,0.9999993813150464,0.9999993677336987,0.9999992099762637,0.9999991917019775,-18.14734477050873,-71.25298271093943,,734.3505701729624,False,False,False,,[]
57,57,58,True,1.0,1.0,57.0,58.0,57.0,58.0,58.0,0.0,70.00646400000001,70.811136,247.57791101322707,0.5,0.5,0.0,1.0,0.5896625433153471,0.5894082198326756,0.9999788881251483,0.9999788999557495,0.9999783736568159,0.9999993677336987,0.9999993545727704,0.9999991917019775,0.9999991753456127,-16.78938373857663,-65.92064670847031,,748.9023288157001,False,False,False,,[]
58,58,59,True,1.0,1.0,58.0,59.0,58.0,59.0,59.0,0.0,70.811136,71.2939392,199.1082082225757,0.5,0.5,0.0,1.0,0.5894082198326756,0.5891983927994227,0.9999783736568159,0.9999783635139465,0.9999779396833601,0.9999993545727704,0.9999993402290637,0.9999991753456127,0.9999991631140093,-13.853201924277682,-54.38716701914909,,781.3722792675162,False,False,False,,[]
59,59,60,True,1.0,1.0,59.0,60.0,59.0,60.0,60.0,0.0,71.2939392,71.615808,174.97249654726892,0.5,0.5,0.0,1.0,0.5891983927994227,0.5890113686777044,0.9999779396833601,0.9999779462814331,0.9999775488028053,0.9999993402290637,0.9999993259409101,0.9999991631140093,0.9999991528223446,-12.348259025629782,-48.47665234935005,,799.5573679960474,False,False,False,,[]
60,60,61,True,1.0,1.0,60.0,61.0,60.0,61.0,61.0,0.0,71.615808,72.0986112,200.05878950334483,0.5,0.5,0.0,1.0,0.5890113686777044,0.5887982105440738,0.9999775488028053,0.9999775290489197,0.9999771086351867,0.9999993259409101,0.9999993114384959,0.9999991528223446,0.9999991403696984,-14.072356324145119,-55.25058823705866,,778.7373819320187,False,False,False,,[]
61,61,62,True,1.0,1.0,61.0,62.0,61.0,62.0,62.0,0.0,72.0986112,72.2595456,151.22475092688907,0.5,0.5,0.0,1.0,0.5887982105440738,0.5886316212303285,0.9999771086351867,0.9999771118164062,0.9999767573563731,0.9999993114384959,0.9999992975798686,0.9999991403696984,0.9999991299845941,-10.999269322691918,-43.179950122770784,,815.6866815536683,False,False,False,,[]
62,62,63,True,1.0,1.0,62.0,63.0,62.0,63.0,63.0,0.0,72.2595456,72.42048,151.41744503058393,0.5,0.5,0.0,1.0,0.5886316212303285,0.5884645616777494,0.9999767573563731,0.9999767541885376,0.9999764051561945,0.9999992975798686,0.9999992836839169,0.9999991299845941,0.9999991196599697,-11.030220283958773,-43.30183602851706,,815.3280721688618,False,False,False,,[]
63,63,64,True,1.0,1.0,63.0,64.0,63.0,64.0,64.0,0.0,72.42048,72.58141440000001,151.6105687755396,0.5,0.5,0.0,1.0,0.5884645616777494,0.5882970310739698,0.9999764051561945,0.999976396560669,0.9999760520335259,0.9999992836839169,0.9999992697506266,0.9999991196599697,0.9999991093964532,-11.061223595740561,-43.423932499674464,,814.9695714050649,False,False,False,,[]
64,64,65,True,1.0,1.0,64.0,65.0,64.0,65.0,65.0,0.0,72.58141440000001,73.0642176,201.21366520174368,0.5,0.5,0.0,1.0,0.5882970310739698,0.5880797787147648,0.9999760520335259,0.9999760389328003,0.9999756042888763,0.9999992697506266,0.9999992550588761,0.9999991093964532,0.9999990966193075,-14.341750411660792,-56.31181150592984,,775.496951437273,False,False,False,,[]
65,65,66,True,1.0,1.0,65.0,66.0,65.0,66.0,66.0,0.0,73.0642176,73.54702080000001,201.79690320791244,0.5,0.5,0.0,1.0,0.5880797787147648,0.5878604616340917,0.9999756042888763,0.9999756217002869,0.999975152738368,0.9999992550588761,0.9999992402729376,0.9999990966193075,0.9999990836787722,-14.47754682935404,-56.846987310477964,,773.874848577732,False,False,False,,[]
66,66,67,True,1.0,1.0,66.0,67.0,66.0,67.0,67.0,0.0,73.54702080000001,74.029824,202.38400798538888,0.5,0.5,0.0,1.0,0.5878604616340917,0.5876389675613062,0.999975152738368,0.9999751448631287,0.9999746971862009,0.9999992402729376,0.9999992253931458,0.9999990836787722,0.9999990704742139,-14.620736673013004,-57.41126366600721,,772.1210918832361,False,False,False,,[]
67,67,68,True,1.0,1.0,67.0,68.0,67.0,68.0,68.0,0.0,74.029824,74.5126272,202.97497953417692,0.5,0.5,0.0,1.0,0.5876389675613062,0.5874153728217641,0.9999746971862009,0.9999746680259705,0.9999742377835762,0.9999992253931458,0.9999992104198463,0.9999990704742139,0.9999990570918598,-14.758878364750737,-57.955756489293215,,770.4809304792145,False,False,False,,[]
68,68,69,True,1.0,1.0,68.0,69.0,68.0,69.0,69.0,0.0,74.5126272,74.834496,178.8650463342828,0.5,0.5,0.0,1.0,0.5874153728217641,0.5872156316599243,0.9999742377835762,0.999974250793457,0.999973822723352,0.9999992104198463,0.999999195433601,0.9999990570918598,0.9999990458250838,-13.18497914446793,-51.77290914889821,,788.9545072198634,False,False,False,,[]
69,69,70,True,1.0,1.0,69.0,70.0,69.0,70.0,70.0,0.0,74.834496,75.3172992,203.9685249406325,0.5,0.5,0.0,1.0,0.5872156316599243,0.5869884866547115,0.999973822723352,0.9999738335609436,0.9999733568376978,0.999999195433601,0.9999991803052548,0.9999990458250838,0.9999990321212447,-14.992346647761602,-58.87598535117201,,767.7155609560147,False,False,False,,[]
70,70,71,True,1.0,1.0,70.0,71.0,70.0,71.0,71.0,0.0,75.3172992,75.4782336,155.16026483958743,0.5,0.5,0.0,1.0,0.5869884866547115,0.586811543449678,0.9999733568376978,0.9999733567237854,0.999972985380618,0.9999991803052548,0.9999991656978029,0.9999990321212447,0.99999902227163,-11.680363298961733,-45.86367874467104,,807.3983658008973,False,False,False,,[]
71,71,72,True,1.0,1.0,71.0,72.0,71.0,72.0,72.0,0.0,75.4782336,75.63916800000001,155.36155176842314,0.5,0.5,0.0,1.0,0.586811543449678,0.586634083258387,0.999972985380618,0.9999729990959167,0.9999726129220311,0.9999991656978029,0.9999991510528023,0.99999902227163,0.999999012463132,-11.714384498181824,-45.99768158265482,,806.9985832498821,False,False,False,,[]
72,72,73,True,1.0,1.0,72.0,73.0,72.0,73.0,73.0,0.0,75.63916800000001,75.80010240000001,155.56326833850787,0.5,0.5,0.0,1.0,0.586634083258387,0.5864561051589086,0.9999726129220311,0.9999726414680481,0.999972239460732,0.9999991510528023,0.9999991363702452,0.999999012463132,0.9999990026962264,-11.748464900830124,-46.13192338479716,,806.5988222771037,False,False,False,,[]
73,73,74,True,1.0,1.0,73.0,74.0,73.0,74.0,74.0,0.0,75.80010240000001,75.96103680000002,155.76541454985335,0.5,0.5,0.0,1.0,0.5864561051589086,0.5862776082281081,0.999972239460732,0.9999722242355347,0.9999718649955168,0.9999991363702452,0.999999121650124,0.9999990026962264,0.9999989929713905,-11.782604596232414,-46.266404463452666,,806.1990843768372,False,False,False,,[]
74,74,75,True,1.0,1.0,74.0,75.0,74.0,75.0,75.0,0.0,75.96103680000002,76.1219712,155.96799040245568,0.5,0.5,0.0,1.0,0.5862776082281081,0.586098591541645,0.9999718649955168,0.999971866607666,0.9999714895251836,0.999999121650124,0.9999991068924314,0.9999989929713905,0.9999989832891037,-11.816803673412458,-46.401125131241784,,805.7993709151397,False,False,False,,[]
75,75,76,True,1.0,1.0,75.0,76.0,75.0,76.0,76.0,0.0,76.1219712,75.96103680000002,106.76145285631549,0.5,0.5,0.0,1.0,0.586098591541645,0.5859688622621904,0.9999714895251836,0.9999715089797974,0.9999712153237692,0.9999991068924314,0.9999990946569399,0.9999989832891037,0.9999989727965968,-8.564631407568875,-33.6258292346537,,847.5456717625273,False,False,False,,[]
76,76,77,True,1.0,1.0,76.0,77.0,76.0,77.0,77.0,0.0,75.96103680000002,75.80010240000001,106.55844736245632,0.5,0.5,0.0,1.0,0.5859688622621904,0.5858395947413958,0.9999712153237692,0.9999712109565735,0.9999709422217423,0.9999990946569399,0.9999990824617926,0.9999989727965968,0.9999989623044362,-8.534271952567101,-33.506141389940396,,847.9857990950936,False,False,False,,[]
77,77,78,True,1.0,1.0,77.0,78.0,77.0,78.0,78.0,0.0,75.80010240000001,75.63916800000001,106.35587150985398,0.5,0.5,0.0,1.0,0.5858395947413958,0.5857107878484169,0.9999709422217423,0.9999709129333496,0.999970670215477,0.9999990824617926,0.9999990703069307,0.9999989623044362,0.999998951812861,-8.503984459330573,-33.386746660140936,,848.4254385509511,False,False,False,,[]
78,78,79,True,1.0,1.0,78.0,79.0,78.0,79.0,79.0,0.0,75.63916800000001,75.4782336,106.1537252985046,0.5,0.5,0.0,1.0,0.5857107878484169,0.5855824404547549,0.999970670215477,0.9999706745147705,0.9999703993013602,0.9999990703069307,0.9999990581922956,0.999998951812861,0.9999989413221089,-8.473768841185269,-33.267644437172855,,848.8645895509545,False,False,False,,[]
79,79,80,True,1.0,1.0,79.0,80.0,79.0,80.0,80.0,0.0,75.4782336,75.4782336,130.65678024841952,0.5,0.5,0.0,1.0,0.5855824404547549,0.5854292255692165,0.9999703993013602,0.9999703764915466,0.9999700744201971,0.9999990581922956,0.999999044587861,0.9999989413221089,0.9999989308525273,-10.114908063506675,-39.713298331551435,,826.5986087962884,False,False,False,,[]
80,80,81,True,1.0,1.0,80.0,81.0,80.0,81.0,81.0,0.0,75.4782336,75.4782336,130.65678024841952,0.5,0.5,0.0,1.0,0.5854292255692165,0.5852760109483925,0.9999700744201971,0.9999700784683228,0.9999697495395602,0.999999044587861,0.9999990309834265,0.9999989308525273,0.9999989203829458,-10.114908063506675,-39.71322971758417,,826.598825615504,False,False,False,,[]
81,81,82,True,1.0,1.0,81.0,82.0,81.0,82.0,82.0,0.0,75.4782336,75.63916800000001,155.36155176842314,0.5,0.5,0.0,1.0,0.5852760109483925,0.5850985551255408,0.9999697495395602,0.9999697208404541,0.9999693770894335,0.9999990309834265,0.9999990163384259,0.9999989203829458,0.9999989105744479,-11.714384498181824,-45.99654928318658,,807.0019791585257,False,False,False,,[]
82,82,83,True,1.0,1.0,82.0,83.0,82.0,83.0,83.0,0.0,75.63916800000001,75.80010240000001,155.56326833850787,0.5,0.5,0.0,1.0,0.5850985551255408,0.5849205811878267,0.9999693770894335,0.9999693632125854,0.9999690036361895,0.9999990163384259,0.9999990016558687,0.9999989105744479,0.9999989008075423,-11.748464900830124,-46.130844655469936,,806.6020540077976,False,False,False,,[]
83,83,84,True,1.0,1.0,83.0,84.0,83.0,84.0,84.0,0.0,75.80010240000001,75.80010240000001,131.06064302985365,0.5,0.5,0.0,1.0,0.5849205811878267,0.5847663102436481,0.9999690036361895,0.9999690055847168,0.9999686766572853,0.9999990016558687,0.9999989879726188,0.9999989008075423,0.999998890302638,-10.184448387728327,-39.987028731098185,,825.6567969332119,False,False,False,,[]
84,84,85,True,1.0,1.0,84.0,85.0,84.0,85.0,85.0,0.0,75.80010240000001,75.96103680000002,155.76541454985335,0.5,0.5,0.0,1.0,0.5847663102436481,0.5845878175261967,0.9999686766572853,0.9999686479568481,0.9999683022002205,0.9999989879726188,0.9999989732524975,0.999998890302638,0.9999988805778021,-11.782604596232414,-46.26531236340728,,806.2023526245373,False,False,False,,[]
85,85,86,True,1.0,1.0,85.0,86.0,85.0,86.0,86.0,0.0,75.96103680000002,75.80010240000001,106.55844736245632,0.5,0.5,0.0,1.0,0.5845878175261967,0.5844585521818018,0.9999683022002205,0.9999682903289795,0.9999680291033731,0.9999989732524975,0.9999989610573502,0.9999988805778021,0.9999988700856415,-8.534271952567101,-33.50557726717842,,847.9877365539026,False,False,False,,[]
86,86,87,True,1.0,1.0,86.0,87.0,86.0,87.0,87.0,0.0,75.80010240000001,75.63916800000001,106.35587150985398,0.5,0.5,0.0,1.0,0.5844585521818018,0.5843297473350147,0.9999680291033731,0.9999680519104004,0.9999677571019733,0.9999989610573502,0.9999989489024883,0.9999988700856415,0.9999988595940663,-8.503984459330573,-33.386216287196234,,848.4272616834106,False,False,False,,[]
87,87,88,True,1.0,1.0,87.0,88.0,87.0,88.0,88.0,0.0,75.63916800000001,75.4782336,106.1537252985046,0.5,0.5,0.0,1.0,0.5843297473350147,0.5842014018615874,0.9999677571019733,0.9999677538871765,0.9999674861924186,0.9999989489024883,0.9999989367878532,0.9999988595940663,0.9999988491033142,-8.473768841185269,-33.26714671236038,,848.8663019537656,False,False,False,,[]
88,88,89,True,1.0,1.0,88.0,89.0,88.0,89.0,89.0,0.0,75.4782336,74.834496,31.83769416842082,0.5,0.5,0.0,1.0,0.5842014018615874,0.5841634963381214,0.9999674861924186,0.9999675154685974,0.9999674129568112,0.9999989367878532,0.999998935130917,0.9999988491033142,0.9999988442305241,-2.5033843781544256,-9.82511168240491,,950.7883271341917,False,False,False,,[]
89,89,90,True,1.0,1.0,89.0,90.0,89.0,90.0,90.0,0.0,74.834496,74.5126272,80.44466734063214,0.5,0.5,0.0,1.0,0.5841634963381214,0.5840653759578113,0.9999674129568112,0.9999673962593079,0.999967211880148,0.999998935130917,0.9999989258862827,0.9999988442305241,0.9999988348955076,-6.47922949640517,-25.432802576380983,,879.656253422761,False,False,False,,[]
90,90,91,True,1.0,1.0,90.0,91.0,90.0,91.0,91.0,0.0,74.5126272,74.35169280000001,104.75073177428378,0.5,0.5,0.0,1.0,0.5840653759578113,0.5839403254747748,0.999967211880148,0.9999672174453735,0.9999669487750625,0.9999989258862827,0.9999989140515695,0.9999988348955076,0.9999988245125846,-8.257004849347446,-32.41308520305467,,852.0945902939125,False,False,False,,[]
91,91,92,True,1.0,1.0,91.0,92.0,91.0,92.0,92.0,0.0,74.35169280000001,74.5126272,153.96156573298848,0.5,0.5,0.0,1.0,0.5839403254747748,0.583766547617112,0.9999669487750625,0.9999669194221497,0.9999665834624801,0.9999989140515695,0.9999988996692257,0.9999988245125846,0.9999988144963072,-11.472802829789472,-45.043220706208245,,809.9082641272709,False,False,False,,[]
92,92,93,True,1.0,1.0,92.0,93.0,92.0,93.0,93.0,0.0,74.5126272,74.834496,178.8650463342828,0.5,0.5,0.0,1.0,0.583766547617112,0.5835668171368821,0.9999665834624801,0.999966561794281,0.9999661684224114,0.9999988996692257,0.9999988846829805,0.9999988144963072,0.9999988032295313,-13.18497914446793,-51.77014047560643,,788.962410632082,False,False,False,,[]
93,93,94,True,1.0,1.0,93.0,94.0,93.0,94.0,94.0,0.0,74.834496,75.4782336,228.67329646063217,0.5,0.5,0.0,1.0,0.5835668171368821,0.5833138112605919,0.9999661684224114,0.9999661445617676,0.9999656562656363,0.9999988846829805,0.9999988699719399,0.9999988032295313,0.999998786977154,-16.69873556353916,-65.57912313441204,,748.9598978778237,False,False,False,,[]
94,94,95,True,1.0,1.0,94.0,95.0,94.0,95.0,95.0,0.0,75.4782336,75.80010240000001,180.06632328842284,0.5,0.5,0.0,1.0,0.5833138112605919,0.5831101711715431,0.9999656562656363,0.9999656677246094,0.9999652338660174,0.9999988699719399,0.9999988547773483,0.999998786977154,0.9999987754192302,-13.44204036729929,-52.78351108145326,,785.7727567525246,False,False,False,,[]
95,95,96,True,1.0,1.0,95.0,96.0,95.0,96.0,96.0,0.0,75.80010240000001,76.2829056,205.1749575898527,0.5,0.5,0.0,1.0,0.5831101711715431,0.5828787699008234,0.9999652338660174,0.999965250492096,0.9999647602490298,0.9999988547773483,0.9999988394643307,0.9999987754192302,0.9999987613628895,-15.272862858455134,-59.97920937054166,,764.4486560672353,False,False,False,,[]
96,96,97,True,1.0,1.0,96.0,97.0,96.0,97.0,97.0,0.0,76.2829056,76.76570880000001,205.7839740714322,0.5,0.5,0.0,1.0,0.5828787699008234,0.5826451116824131,0.9999647602490298,0.9999647736549377,0.9999642825506304,0.9999988394643307,0.9999988240595716,0.9999987613628895,0.9999987470255357,-15.421216000084344,-60.5642102119609,,762.6775090102008,False,False,False,,[]
97,97,98,True,1.0,1.0,97.0,98.0,97.0,98.0,98.0,0.0,76.76570880000001,77.248512,206.3968573243193,0.5,0.5,0.0,1.0,0.5826451116824131,0.582409329346507,0.9999642825506304,0.9999642968177795,0.9999638010226544,0.9999988240595716,0.9999988085634833,0.9999987470255357,0.9999987325485395,-15.56079489099901,-61.114781466857856,,761.088169115204,False,False,False,,[]
98,98,99,True,1.0,1.0,98.0,99.0,98.0,99.0,99.0,0.0,77.248512,77.57038080000001,182.30883582852232,0.5,0.5,0.0,1.0,0.582409329346507,0.5821982441092517,0.9999638010226544,0.9999638199806213,0.999963364706489,0.9999988085634833,0.999998792988653,0.9999987325485395,0.9999987202959468,-13.931505039981513,-54.713293496567694,,779.700177276091,False,False,False,,[]
99,99,100,True,1.0,1.0,99.0,100.0,99.0,100.0,100.0,0.0,77.57038080000001,78.053184,207.42692223760275,0.5,0.5,0.0,1.0,0.5821982441092517,0.5819587231336575,0.999963364706489,0.9999633431434631,0.9999628764656759,0.999998792988653,0.9999987773412992,0.9999987202959468,0.9999987054157375,-15.80649076493274,-62.083836874020996,,758.2233377189085,False,False,False,,[]
100,100,101,True,1.0,1.0,100.0,101.0,100.0,101.0,101.0,0.0,78.053184,78.5359872,208.05011688065807,0.5,0.5,0.0,1.0,0.5819587231336575,0.581716966594383,0.9999628764656759,0.9999628663063049,0.9999623842277471,0.9999987773412992,0.9999987616037763,0.9999987054157375,0.9999986903158801,-15.953381826645327,-62.66329497993554,,756.5339687621081,False,False,False,,[]
101,101,102,True,1.0,1.0,101.0,102.0,101.0,102.0,102.0,0.0,78.5359872,79.01879040000001,208.677178295027,0.5,0.5,0.0,1.0,0.581716966594383,0.581472852865441,0.9999623842277471,0.9999623894691467,0.9999618877890313,0.9999987616037763,0.9999987457765428,0.9999986903158801,0.9999986748888751,-16.108278166796055,-63.274278541763536,,754.710237694852,False,False,False,,[]
102,102,103,True,1.0,1.0,102.0,103.0,102.0,103.0,103.0,0.0,79.01879040000001,79.17972480000002,159.89856344070228,0.5,0.5,0.0,1.0,0.581472852865441,0.5812822297113184,0.9999618877890313,0.9999619126319885,0.9999614900284233,0.9999987457765428,0.9999987303040888,0.9999986748888751,0.9999986645202648,-12.580312105285282,-49.4095215485906,,796.0260601001659,False,False,False,,[]
103,103,104,True,1.0,1.0,103.0,104.0,103.0,104.0,104.0,0.0,79.17972480000002,79.01879040000001,110.70018907843824,0.5,0.5,0.0,1.0,0.5812822297113184,0.5811433849045484,0.9999614900284233,0.9999614953994751,0.9999611939313506,0.9999987303040888,0.9999987172912502,0.9999986645202648,0.9999986539410424,-9.164570265188916,-35.988573914779415,,838.8933964225195,False,False,False,,[]
104,104,105,True,1.0,1.0,104.0,105.0,104.0,105.0,105.0,0.0,79.01879040000001,79.01879040000001,135.19379192070065,0.5,0.5,0.0,1.0,0.5811433849045484,0.5809786271649884,0.9999611939313506,0.9999611973762512,0.9999608462456697,0.9999987172912502,0.9999987028129703,0.9999986539410424,0.9999986434371577,-10.87422077232204,-42.70520609396507,,816.6542108073261,False,False,False,,[]
105,105,106,True,1.0,1.0,105.0,106.0,105.0,106.0,106.0,0.0,79.01879040000001,78.857856,110.489020400699,0.5,0.5,0.0,1.0,0.5809786271649884,0.5808402713008619,0.9999608462456697,0.9999608397483826,0.9999605513324,0.9999987028129703,0.9999986898415424,0.9999986434371577,0.9999986328590047,-9.13243308309104,-35.861839981567215,,839.3509395540465,False,False,False,,[]
106,106,107,True,1.0,1.0,106.0,107.0,106.0,107.0,107.0,0.0,78.857856,78.857856,134.98305288421827,0.5,0.5,0.0,1.0,0.5808402713008619,0.5806760325970963,0.9999605513324,0.9999605417251587,0.9999602046662275,0.9999986898415424,0.9999986754032908,0.9999986328590047,0.9999986223371532,-10.840123285030614,-42.570672016041506,,817.0833004148031,False,False,False,,[]
107,107,108,True,1.0,1.0,107.0,108.0,107.0,108.0,108.0,0.0,78.857856,79.01879040000001,159.68782440421992,0.5,0.5,0.0,1.0,0.5806760325970963,0.5804860383285089,0.9999602046662275,0.99996018409729,0.999959808105734,0.9999986754032908,0.9999986599684783,0.9999986223371532,0.9999986120097376,-12.539038506218308,-49.2465144178678,,796.5509052288484,False,False,False,,[]
108,108,109,True,1.0,1.0,108.0,109.0,108.0,109.0,109.0,0.0,79.01879040000001,79.17972480000002,159.89856344070228,0.5,0.5,0.0,1.0,0.5804860383285089,0.580295416337232,0.999959808105734,0.9999598264694214,0.9999594103473443,0.9999986599684783,0.9999986444960243,0.9999986120097376,0.9999986016411273,-12.580312105285282,-49.40922013897047,,796.0269375066208,False,False,False,,[]
109,109,110,True,1.0,1.0,109.0,110.0,109.0,110.0,110.0,0.0,79.17972480000002,79.3406592,160.1097321184376,0.5,0.5,0.0,1.0,0.580295416337232,0.5801041651670282,0.9999594103473443,0.999959409236908,0.9999590113891665,0.9999986444960243,0.9999986289859288,0.9999986016411273,0.999998591231182,-12.621679989880937,-49.57230331681312,,795.5025286040154,False,False,False,,[]
110,110,111,True,1.0,1.0,110.0,111.0,110.0,111.0,111.0,0.0,79.3406592,79.5015936,160.32133043743562,0.5,0.5,0.0,1.0,0.5801041651670282,0.5799122833589586,0.9999590113891665,0.9999589920043945,0.9999586112293117,0.9999986289859288,0.9999986134381922,0.999998591231182,0.9999985807797608,-12.663142336318304,-49.73576465163792,,794.9776799326096,False,False,False,,[]
111,111,112,True,1.0,1.0,111.0,112.0,111.0,112.0,112.0,0.0,79.5015936,79.66252800000001,160.53335839769048,0.5,0.5,0.0,1.0,0.5799122833589586,0.5797197694513806,0.9999586112293117,0.9999586343765259,0.9999582098658931,0.9999986134381922,0.9999985978528152,0.9999985807797608,0.9999985702867226,-12.704699320840849,-49.8996048442142,,794.4523931872249,False,False,False,,[]
112,112,113,True,1.0,1.0,112.0,113.0,112.0,113.0,113.0,0.0,79.66252800000001,79.66252800000001,136.0410444791986,0.5,0.5,0.0,1.0,0.5797197694513806,0.5795529273289569,0.9999582098658931,0.9999582171440125,0.9999578580916796,0.9999985978528152,0.9999985832141562,0.9999985702867226,0.999998559858143,-11.011300377291438,-43.24547813221289,,814.9382867105102,False,False,False,,[]
113,113,114,True,1.0,1.0,113.0,114.0,113.0,114.0,114.0,0.0,79.66252800000001,79.66252800000001,136.0410444791986,0.5,0.5,0.0,1.0,0.5795529273289569,0.57938608530845,0.9999578580916796,0.9999578595161438,0.9999575063176658,0.9999985832141562,0.9999985685754973,0.999998559858143,0.9999985494295635,-11.011300377291438,-43.2454517153846,,814.9383676604571,False,False,False,,[]
114,114,115,True,1.0,1.0,114.0,115.0,114.0,115.0,115.0,0.0,79.66252800000001,79.5015936,111.33627295919696,0.5,0.5,0.0,1.0,0.57938608530845,0.5792457688826183,0.9999575063176658,0.9999575018882751,0.9999572072380516,0.9999985685754973,0.9999985554381066,0.9999985494295635,0.9999985388485325,-9.261434662733471,-36.37001757558591,,837.5610561307536,False,False,False,,[]
115,115,116,True,1.0,1.0,115.0,116.0,115.0,116.0,116.0,0.0,79.5015936,79.01879040000001,61.714272317689804,0.5,0.5,0.0,1.0,0.5792457688826183,0.579170636635481,0.9999572072380516,0.9999572038650513,0.9999570566944945,0.9999985554381066,0.9999985520509196,0.9999985388485325,0.9999985306515965,-4.960101262096332,-19.47427845798467,,907.6298512464605,False,False,False,,[]
116,116,117,True,1.0,1.0,116.0,117.0,116.0,117.0,117.0,0.0,79.01879040000001,78.6969216,85.78424888069934,0.5,0.5,0.0,1.0,0.579170636635481,0.5790615759529376,0.9999570566944945,0.9999570846557617,0.9999568307932031,0.9999985520509196,0.9999985420554377,0.9999985306515965,0.9999985208287636,-7.199508444563222,-28.268528915231723,,868.4557640535838,False,False,False,,[]
117,117,118,True,1.0,1.0,117.0,118.0,117.0,118.0,118.0,0.0,78.6969216,78.2141184,60.65842892899371,0.5,0.5,0.0,1.0,0.5790615759529376,0.578987586079926,0.9999568307932031,0.9999568462371826,0.9999566827042263,0.9999985420554377,0.9999985381009125,0.9999985208287636,0.9999985127602928,-4.885007075422737,-19.178175084630862,,908.4122701095177,False,False,False,,[]
118,118,119,True,1.0,1.0,118.0,119.0,118.0,119.0,119.0,0.0,78.2141184,77.8922496,84.7348501108559,0.5,0.5,0.0,1.0,0.578987586079926,0.5788806874322354,0.9999566827042263,0.9999566674232483,0.9999564617490605,0.9999985381009125,0.9999985282505195,0.9999985127602928,0.9999985030221598,-7.0572653483746,-27.708129481379363,,870.6382294902221,False,False,False,,[]
119,119,120,True,1.0,1.0,119.0,120.0,119.0,120.0,120.0,0.0,77.8922496,77.40944640000001,59.61332657171872,0.5,0.5,0.0,1.0,0.5788806874322354,0.5788093631600099,0.9999564617490605,0.999956488609314,0.9999563193669907,0.9999985282505195,0.9999985250450769,0.9999985030221598,0.9999984950834987,-4.709341731319433,-18.48725136087542,,911.8209151306146,False,False,False,,[]
120,120,121,True,1.0,1.0,120.0,121.0,120.0,121.0,121.0,0.0,77.40944640000001,76.76570880000001,34.286649332436205,0.5,0.5,0.0,1.0,0.5788093631600099,0.5787671723159109,0.9999563193669907,0.9999563097953796,0.9999562375094583,0.9999985250450769,0.9999985228487898,0.9999984950834987,0.999998489782254,-2.786102829094216,-10.935866790439084,,945.2920460352753,False,False,False,,[]
121,121,122,True,1.0,1.0,121.0,122.0,121.0,122.0,122.0,0.0,76.76570880000001,76.2829056,58.1682282043193,0.5,0.5,0.0,1.0,0.5787671723159109,0.5786984361252641,0.9999562375094583,0.9999562501907349,0.9999561006408503,0.9999985228487898,0.9999985197664275,0.999998489782254,0.9999984820273117,-4.538884332452006,-17.816420615657176,,914.6951999679204,False,False,False,,[]
122,122,123,True,1.0,1.0,122.0,123.0,122.0,123.0,123.0,0.0,76.2829056,76.1219712,106.9648879914315,0.5,0.5,0.0,1.0,0.5786984361252641,0.5785682532202945,0.9999561006408503,0.9999560713768005,0.9999558253584993,0.9999985197664275,0.9999985074905335,0.9999984820273117,0.999998471534699,-8.595062910688766,-33.74340896811642,,847.113292286661,False,False,False,,[]
123,123,124,True,1.0,1.0,123.0,124.0,123.0,124.0,124.0,0.0,76.1219712,76.44384000000001,180.87576741631455,0.5,0.5,0.0,1.0,0.5785682532202945,0.5783619698096143,0.9999558253584993,0.9999558329582214,0.9999553980031013,0.9999985074905335,0.9999984921573961,0.999998471534699,0.9999984597633146,-13.61629626334011,-53.46866004830436,,783.6232321453365,False,False,False,,[]
124,124,125,True,1.0,1.0,124.0,125.0,124.0,125.0,125.0,0.0,76.44384000000001,76.9266432,205.98783884780306,0.5,0.5,0.0,1.0,0.5783619698096143,0.5781275939629238,0.9999553980031013,0.999955415725708,0.999954919009624,0.9999984921573961,0.9999984767221476,0.9999984597633146,0.9999984453613765,-15.468875215265557,-60.75021946217828,,762.1298407476124,False,False,False,,[]
125,125,126,True,1.0,1.0,125.0,126.0,125.0,126.0,126.0,0.0,76.9266432,77.0875776,157.1924679844653,0.5,0.5,0.0,1.0,0.5781275939629238,0.5779450905722952,0.999954919009624,0.9999549388885498,0.9999545368118417,0.9999984767221476,0.999998461738895,0.9999984453613765,0.9999984355820761,-12.046826519705787,-47.30487885094333,,802.8996097203532,False,False,False,,[]
126,126,127,True,1.0,1.0,126.0,127.0,126.0,127.0,127.0,0.0,77.0875776,77.248512,157.39805132586358,0.5,0.5,0.0,1.0,0.5779450905722952,0.5777619632547011,0.9999545368118417,0.9999545216560364,0.9999541534130276,0.999998461738895,0.9999984467180302,0.9999984355820761,0.9999984257500948,-12.087839856799627,-47.4666007203855,,802.3621251398093,False,False,False,,[]
127,127,128,True,1.0,1.0,127.0,128.0,127.0,128.0,128.0,0.0,77.248512,77.0875776,108.19452126852131,0.5,0.5,0.0,1.0,0.5777619632547011,0.5776289807607857,0.9999541534130276,0.9999541640281677,0.9999538714395202,0.9999984467180302,0.9999984341985095,0.9999984257500948,0.9999984152619946,-8.77916973531109,-34.46906242286772,,844.4608891427022,False,False,False,,[]
128,128,129,True,1.0,1.0,128.0,129.0,128.0,129.0,129.0,0.0,77.0875776,77.0875776,132.6932798058639,0.5,0.5,0.0,1.0,0.5776289807607857,0.577470439798162,0.9999538714395202,0.9999538660049438,0.9999535360018781,0.9999984341985095,0.9999984201987004,0.9999984152619946,0.9999984046196667,-10.465729698902473,-41.09381751206801,,821.8771441032884,False,False,False,,[]
129,129,130,True,1.0,1.0,129.0,130.0,129.0,130.0,130.0,0.0,77.0875776,77.0875776,132.6932798058639,0.5,0.5,0.0,1.0,0.577470439798162,0.577311898551633,0.9999535360018781,0.9999535083770752,0.9999532005636749,0.9999984201987004,0.9999984061988914,0.9999984046196667,0.9999983939773388,-10.465729698902473,-41.09389110032493,,821.8769144286408,False,False,False,,[]
130,130,131,True,1.0,1.0,130.0,131.0,130.0,131.0,131.0,0.0,77.0875776,77.248512,157.39805132586358,0.5,0.5,0.0,1.0,0.577311898551633,0.5771287700576274,0.9999532005636749,0.9999532103538513,0.9999528171625972,0.9999984061988914,0.9999983911780266,0.9999983939773388,0.9999983841453575,-12.087839856799627,-47.46690564625701,,802.3612220554176,False,False,False,,[]
131,131,132,True,1.0,1.0,131.0,132.0,131.0,132.0,132.0,0.0,77.248512,77.248512,132.899292788521,0.5,0.5,0.0,1.0,0.5771287700576274,0.5769696883342998,0.9999528171625972,0.9999527931213379,0.9999524806563947,0.9999983911780266,0.9999983771385064,0.9999983841453575,0.9999983734863016,-10.501242522766944,-41.23398268649592,,821.401842077609,False,False,False,,[]
132,132,133,True,1.0,1.0,132.0,133.0,132.0,133.0,133.0,0.0,77.248512,77.248512,132.899292788521,0.5,0.5,0.0,1.0,0.5769696883342998,0.5768106063296793,0.9999524806563947,0.999952495098114,0.9999521441496366,0.9999983771385064,0.9999983630989862,0.9999983734863016,0.9999983628272457,-10.501242522766944,-41.234055597637706,,821.4016147981329,False,False,False,,[]
133,133,134,True,1.0,1.0,133.0,134.0,133.0,134.0,134.0,0.0,77.248512,77.0875776,108.19452126852131,0.5,0.5,0.0,1.0,0.5768106063296793,0.5766776225036317,0.9999521441496366,0.9999521374702454,0.9999518621729371,0.9999983630989862,0.9999983505794655,0.9999983628272457,0.9999983523391456,-8.77916973531109,-34.4694077115319,,844.459711547852,False,False,False,,[]
134,134,135,True,1.0,1.0,134.0,135.0,134.0,135.0,135.0,0.0,77.0875776,76.1219712,-15.535349314136107,0.5,0.5,0.0,1.0,0.5766776225036317,0.5766901393052382,0.9999518621729371,0.9999518394470215,0.9999518385830098,0.9999983505794655,0.9999983497553743,0.9999983523391456,0.9999983497001145,0.8267064820059017,3.2443549763906008,,1006.7398074366965,False,False,False,,[]
135,135,136,True,1.0,1.0,135.0,136.0,135.0,136.0,136.0,0.0,76.1219712,74.029824,-189.69580538368453,0.5,0.5,0.0,1.0,0.5766901393052382,0.5768502959128032,0.9999518385830098,0.9999518394470215,0.9999514999545911,0.9999983497553743,0.9999983345999232,0.9999983497001145,0.9999983373507292,10.583727927068999,41.512592680877816,,1109.6179712959631,False,False,False,,[]
136,136,137,True,1.0,1.0,136.0,137.0,136.0,137.0,137.0,0.0,74.029824,69.6845952,-538.1681660658212,0.5,0.5,0.0,1.0,0.5768502959128032,0.5773140031595441,0.9999514999545911,0.9999514818191528,0.9999506851799275,0.9999983345999232,0.9999983165426424,0.9999983373507292,0.9999983135134318,30.67702472070697,120.192918355213,,1515.9214246279755,False,False,False,,[]
137,137,138,True,1.0,1.0,137.0,138.0,137.0,138.0,138.0,0.0,69.6845952,66.30497280000002,-395.1190771177117,0.5,0.5,0.0,1.0,0.5773140031595441,0.5776318259581927,0.9999506851799275,0.9999507069587708,0.9999500649650194,0.9999983165426424,0.9999983017573071,0.9999983135134318,0.9999982940770686,21.021813840834053,82.37966940973068,,1284.652884263202,False,False,False,,[]
138,138,139,True,1.0,1.0,138.0,139.0,138.0,139.0,139.0,0.0,66.30497280000002,63.56908800000001,-300.1119830890685,0.5,0.5,0.0,1.0,0.5776318259581927,0.5778549104115634,0.9999500649650194,0.9999500513076782,0.9999496064967458,0.9999983017573071,0.9999982869321699,0.9999982940770686,0.9999982754029648,14.75399113188755,57.82349031369724,,1167.8673695544512,False,False,False,,[]
139,139,140,True,1.0,1.0,139.0,140.0,139.0,140.0,140.0,0.0,63.56908800000001,63.08628480000001,42.80769398960596,0.5,0.5,0.0,1.0,0.5778549104115634,0.5778112249475037,0.9999496064967458,0.9999496340751648,0.9999495216153746,0.9999982869321699,0.9999982850549554,0.9999982754029648,0.9999982693601714,-2.887198624773915,-11.323272284274267,,943.312922053237,False,False,False,,[]
140,140,141,True,1.0,1.0,140.0,141.0,140.0,141.0,141.0,0.0,63.08628480000001,62.764416000000004,67.00527400589839,0.5,0.5,0.0,1.0,0.5778112249475037,0.5777387578988117,0.9999495216153746,0.9999495148658752,0.9999493767902058,0.9999982850549554,0.9999982778341007,0.9999982693601714,0.9999982609223153,-4.7890765623656915,-18.78345902095787,,906.9404078930354,False,False,False,,[]
141,141,142,True,1.0,1.0,141.0,142.0,141.0,142.0,142.0,0.0,62.764416000000004,62.764416000000004,116.07883758304708,0.5,0.5,0.0,1.0,0.5777387578988117,0.5776208694443601,0.9999493767902058,0.9999493956565857,0.9999491304857263,0.9999982778341007,0.9999982672161691,0.9999982609223153,0.9999982497084059,-7.789787172389622,-30.55668739385224,,858.8477361849558,False,False,False,,[]
142,142,143,True,1.0,1.0,142.0,143.0,142.0,143.0,143.0,0.0,62.764416000000004,62.925350400000006,140.78360910304676,0.5,0.5,0.0,1.0,0.5776208694443601,0.5774811578740833,0.9999491304857263,0.9999491572380066,0.9999488326241036,0.9999982672161691,0.9999982554894284,0.9999982497084059,0.9999982375615802,-9.231102540218387,-36.213239015744826,,837.9621672883767,False,False,False,,[]
143,143,144,True,1.0,1.0,143.0,144.0,143.0,144.0,144.0,0.0,62.925350400000006,63.56908800000001,215.06569857384562,0.5,0.5,0.0,1.0,0.5774811578740833,0.5772796860213675,0.9999488326241036,0.9999488592147827,0.9999484143016708,0.9999982554894284,0.999998242857511,0.9999982375615802,0.9999982245204896,-13.308951015943418,-52.221504223938055,,788.036282773898,False,False,False,,[]
144,144,145,True,1.0,1.0,144.0,145.0,144.0,145.0,145.0,0.0,63.56908800000001,64.5346944,265.150637669605,0.5,0.5,0.0,1.0,0.5772796860213675,0.5770309800598914,0.9999484143016708,0.9999484419822693,0.9999479097200109,0.999998242857511,0.9999982308104922,0.9999982245204896,0.999998206720076,-16.426027268072687,-64.46458521460107,,752.4389028564211,False,False,False,,[]
145,145,146,True,1.0,1.0,145.0,146.0,145.0,146.0,146.0,0.0,64.5346944,65.983104,340.2909355509494,0.5,0.5,0.0,1.0,0.5770309800598914,0.576706355694555,0.9999479097200109,0.9999479055404663,0.9999472788695196,0.9999982308104922,0.9999982123573722,0.999998206720076,0.9999981871913123,-21.433682472154885,-84.14263549521333,,701.4141148594005,False,False,False,,[]
146,146,147,True,1.0,1.0,146.0,147.0,146.0,147.0,147.0,0.0,65.983104,67.592448,366.5636828378062,0.5,0.5,0.0,1.0,0.576706355694555,0.5763543577033815,0.9999472788695196,0.9999472498893738,0.9999466066588193,0.9999982123573722,0.9999981955201405,0.9999981871913123,0.9999981674744732,-23.236908029628644,-91.23787931215126,,686.9202199400614,False,False,False,,[]
147,147,148,True,1.0,1.0,147.0,148.0,147.0,148.0,148.0,0.0,67.592448,69.36272640000001,393.05146557371177,0.5,0.5,0.0,1.0,0.5763543577033815,0.5759739497523924,0.9999466066588193,0.9999465942382812,0.9999458940669376,0.9999981955201405,0.9999981807388263,0.9999981674744732,0.9999981483009948,-25.10757383885335,-98.60174089639838,,673.1187650040198,False,False,False,,[]
148,148,149,True,1.0,1.0,148.0,149.0,148.0,149.0,149.0,0.0,69.36272640000001,70.32833280000001,271.53854387637347,0.5,0.5,0.0,1.0,0.5759739497523924,0.5756977296294501,0.9999458940669376,0.999945878982544,0.9999453418611094,0.9999981807388263,0.9999981673431748,0.9999981483009948,0.9999981299279112,-18.23497045950935,-71.5962558666294,,733.5629948240634,False,False,False,,[]
149,149,150,True,1.0,1.0,149.0,150.0,149.0,150.0,150.0,0.0,70.32833280000001,70.9720704,223.247786669198,0.5,0.5,0.0,1.0,0.5756977296294501,0.575465822507028,0.9999453418611094,0.999945342540741,0.9999448673282479,0.9999981673431748,0.9999981533851955,0.9999981299279112,0.9999981157725158,-15.310763754629937,-60.110326131785264,,764.8336913923699,False,False,False,,[]
150,150,151,True,1.0,1.0,150.0,151.0,150.0,151.0,151.0,0.0,70.9720704,71.2939392,174.5926936762142,0.5,0.5,0.0,1.0,0.575465822507028,0.5752800273640376,0.9999448673282479,0.9999448657035828,0.999944478803666,0.9999981533851955,0.9999981391670834,0.9999981157725158,0.9999981055575475,-12.267653278137411,-48.15810106311717,,800.5887967880377,False,False,False,,[]
151,151,152,True,1.0,1.0,151.0,152.0,151.0,152.0,152.0,0.0,71.2939392,71.4548736,150.2677250272673,0.5,0.5,0.0,1.0,0.5752800273640376,0.5751161595688873,0.999944478803666,0.9999445080757141,0.9999441328663901,0.9999981391670834,0.999998125494857,0.9999981055575475,0.9999980952437477,-10.820341588464373,-42.47453250295236,,818.031007459011,False,False,False,,[]
152,152,153,True,1.0,1.0,152.0,153.0,152.0,153.0,153.0,0.0,71.4548736,71.7767424,175.16304244467958,0.5,0.5,0.0,1.0,0.5751161595688873,0.5749285236357237,0.9999441328663901,0.9999441504478455,0.9999437408142334,0.999998125494857,0.9999981111716953,0.9999980952437477,0.9999980849135668,-12.388687189705848,-48.63523387602102,,799.0446676824943,False,False,False,,[]
153,153,154,True,1.0,1.0,153.0,154.0,153.0,154.0,154.0,0.0,71.7767424,71.9376768,150.8406516432698,0.5,0.5,0.0,1.0,0.5749285236357237,0.5747630205400526,0.9999437408142334,0.999943733215332,0.999943391665484,0.9999981111716953,0.9999980973876735,0.9999980849135668,0.9999980745508293,-10.92788018740205,-42.89840239793773,,816.6166929376909,False,False,False,,[]
154,154,155,True,1.0,1.0,154.0,155.0,154.0,155.0,155.0,0.0,71.9376768,72.2595456,175.73725798445068,0.5,0.5,0.0,1.0,0.5747630205400526,0.5745735192064805,0.999943391665484,0.9999433755874634,0.9999429960462874,0.9999980973876735,0.9999980829595421,0.9999980745508293,0.9999980640912806,-12.511337233195627,-49.11874566189564,,797.4793696512359,False,False,False,,[]
155,155,156,True,1.0,1.0,155.0,156.0,155.0,156.0,156.0,0.0,72.2595456,72.74234880000002,200.82698807058725,0.5,0.5,0.0,1.0,0.5745735192064805,0.574357618524025,0.9999429960462874,0.9999430179595947,0.9999425507987043,0.9999980829595421,0.9999980683307641,0.9999980640912806,0.9999980514053247,-14.252778134978994,-55.96145689245011,,776.5541681017366,False,False,False,,[]
156,156,157,True,1.0,1.0,156.0,157.0,156.0,157.0,157.0,0.0,72.74234880000002,73.54702080000001,250.8171912692104,0.5,0.5,0.0,1.0,0.574357618524025,0.5740897737648831,0.9999425507987043,0.9999425411224365,0.9999420128747598,0.9999980683307641,0.9999980547969758,0.9999980514053247,0.9999980337050247,-17.678404055301627,-69.42536156956642,,739.1686429744906,False,False,False,,[]
157,157,158,True,1.0,1.0,157.0,158.0,157.0,158.0,158.0,0.0,73.54702080000001,73.8688896,177.67923646538725,0.5,0.5,0.0,1.0,0.5740897737648831,0.5738938797745179,0.9999420128747598,0.9999420046806335,0.9999416050907441,0.9999980547969758,0.9999980400196369,0.9999980337050247,0.9999980227151922,-12.931709276955415,-50.7757223026684,,792.1171270674753,False,False,False,,[]
158,158,159,True,1.0,1.0,158.0,159.0,158.0,159.0,159.0,0.0,73.8688896,74.5126272,227.4823308966584,0.5,0.5,0.0,1.0,0.5738938797745179,0.57364551878298,0.9999416050907441,0.9999415874481201,0.999941101118895,0.9999980400196369,0.9999980254658752,0.9999980227151922,0.9999980069737127,-16.39217309779062,-64.37516900663718,,752.4152052241575,False,False,False,,[]
159,159,160,True,1.0,1.0,159.0,160.0,159.0,160.0,160.0,0.0,74.5126272,75.3172992,252.97936089428183,0.5,0.5,0.0,1.0,0.57364551878298,0.5733695339334097,0.999941101118895,0.9999411106109619,0.9999405493116399,0.9999980254658752,0.9999980117039183,0.9999980069737127,0.9999979891663782,-18.212991236746216,-71.535273008615,,733.8184591839481,False,False,False,,[]
160,160,161,True,1.0,1.0,160.0,161.0,160.0,161.0,161.0,0.0,75.3172992,75.4782336,155.16026483958743,0.5,0.5,0.0,1.0,0.5733695339334097,0.5731925847878312,0.9999405493116399,0.9999405741691589,0.9999401778430487,0.9999980117039183,0.9999979970964664,0.9999979891663782,0.9999979793167634,-11.680363298961733,-45.865218533948344,,807.3937428171813,False,False,False,,[]
161,161,162,True,1.0,1.0,161.0,162.0,161.0,162.0,162.0,0.0,75.4782336,75.63916800000001,155.36155176842314,0.5,0.5,0.0,1.0,0.5731925847878312,0.5730151179304058,0.9999401778430487,0.9999401569366455,0.9999398053715519,0.9999979970964664,0.9999979824514659,0.9999979793167634,0.9999979695082655,-11.714384498181824,-45.99940944464995,,806.9934012324036,False,False,False,,[]
162,162,163,True,1.0,1.0,162.0,163.0,162.0,163.0,163.0,0.0,75.63916800000001,75.80010240000001,155.56326833850787,0.5,0.5,0.0,1.0,0.5730151179304058,0.5728371324548605,0.9999398053715519,0.9999397993087769,0.9999394318959763,0.9999979824514659,0.9999979677689087,0.9999979695082655,0.9999979597413599,-11.748464900830124,-46.13383526134843,,806.5930946069182,False,False,False,,[]
163,163,164,True,1.0,1.0,163.0,164.0,163.0,164.0,164.0,0.0,75.80010240000001,76.60477440000001,254.58450062985403,0.5,0.5,0.0,1.0,0.5728371324548605,0.5725552837965782,0.9999394318959763,0.9999394416809082,0.9999388702005663,0.9999979677689087,0.9999979538479491,0.9999979597413599,0.9999979419988668,-18.597957393079188,-73.05517222677292,,730.096660485278,False,False,False,,[]
164,164,165,True,1.0,1.0,164.0,165.0,164.0,165.0,165.0,0.0,76.60477440000001,77.0875776,206.19213326543277,0.5,0.5,0.0,1.0,0.5725552837965782,0.5723201961747686,0.9999388702005663,0.9999388456344604,0.9999383899238475,0.9999979538479491,0.9999979383822574,0.9999979419988668,0.9999979275737384,-15.513831877589121,-60.934711573029546,,761.6110766456292,False,False,False,,[]
165,165,166,True,1.0,1.0,165.0,166.0,165.0,166.0,166.0,0.0,77.0875776,77.248512,157.39805132586358,0.5,0.5,0.0,1.0,0.5723201961747686,0.5721370478348149,0.9999383899238475,0.9999383687973022,0.9999380064845813,0.9999979383822574,0.9999979233613926,0.9999979275737384,0.9999979177417571,-12.087839856799627,-47.47204971600409,,802.3459873333294,False,False,False,,[]
166,166,167,True,1.0,1.0,166.0,167.0,166.0,167.0,167.0,0.0,77.248512,77.248512,132.899292788521,0.5,0.5,0.0,1.0,0.5721370478348149,0.5719779490604885,0.9999380064845813,0.9999380111694336,0.9999376699446954,0.9999979233613926,0.9999979093218724,0.9999979177417571,0.9999979070827012,-10.501242522766944,-41.2384023054125,,821.3880653538537,False,False,False,,[]
167,167,168,True,1.0,1.0,167.0,168.0,167.0,168.0,168.0,0.0,77.248512,77.0875776,108.19452126852131,0.5,0.5,0.0,1.0,0.5719779490604885,0.5718449513747037,0.9999376699446954,0.9999376535415649,0.9999373879347843,0.9999979093218724,0.9999978968023517,0.9999979070827012,0.999997896594601,-8.77916973531109,-34.473000155418646,,844.4474598220461,False,False,False,,[]
168,168,169,True,1.0,1.0,168.0,169.0,168.0,169.0,169.0,0.0,77.0875776,76.9266432,107.98850828586227,0.5,0.5,0.0,1.0,0.5718449513747037,0.5717124228652603,0.9999373879347843,0.9999374151229858,0.9999371070486711,0.9999978968023517,0.9999978843235786,0.999997896594601,0.999997886105128,-8.748304147995125,-34.35138964774861,,844.8904725607281,False,False,False,,[]
169,169,170,True,1.0,1.0,169.0,170.0,169.0,170.0,170.0,0.0,76.9266432,76.1219712,8.963838864465272,0.5,0.5,0.0,1.0,0.5717124228652603,0.5717012796431828,0.9999371070486711,0.999937117099762,0.9999370860756766,0.9999978843235786,0.9999978838485805,0.999997886105128,0.9999978845242113,-0.7358616023088039,-2.888323162460621,,984.9340195055238,False,False,False,,[]
170,170,171,True,1.0,1.0,170.0,171.0,170.0,171.0,171.0,0.0,76.1219712,75.1563648,-16.762404743684854,0.5,0.5,0.0,1.0,0.5717012796431828,0.5717144676806329,0.9999370860756766,0.9999370574951172,0.999937061204371,0.9999978838485805,0.999997882795012,0.9999978845242113,0.9999978817332704,0.8710150809529703,3.418339307073886,,1006.903732248154,False,False,False,,[]
171,171,172,True,1.0,1.0,171.0,172.0,171.0,172.0,172.0,0.0,75.1563648,74.35169280000001,6.730778432012474,0.5,0.5,0.0,1.0,0.5717144676806329,0.5717062717294306,0.999937061204371,0.9999370574951172,0.999937045822936,0.999997882795012,0.9999978824465958,0.9999978817332704,0.9999978805587445,-0.5413139545712677,-2.12439055165107,,988.8682734459753,False,False,False,,[]
172,172,173,True,1.0,1.0,172.0,173.0,172.0,173.0,173.0,0.0,74.35169280000001,73.8688896,55.14247965298978,0.5,0.5,0.0,1.0,0.5717062717294306,0.5716428479691033,0.999937045822936,0.9999370574951172,0.9999369201871506,0.9999978824465958,0.9999978796167469,0.9999978805587445,0.9999978731927389,-4.1884365958855545,-16.43943867683843,,920.6550111604561,False,False,False,,[]
173,173,174,True,1.0,1.0,173.0,174.0,173.0,174.0,174.0,0.0,73.8688896,73.54702080000001,79.25370177666228,0.5,0.5,0.0,1.0,0.5716428479691033,0.5715471157819503,0.9999369201871506,0.9999369382858276,0.9999367244623816,0.9999978796167469,0.9999978705438101,0.9999978731927389,0.9999978639628674,-6.321621831204612,-24.813782910041116,,882.1395626906001,False,False,False,,[]
174,174,175,True,1.0,1.0,174.0,175.0,174.0,175.0,175.0,0.0,73.54702080000001,73.22515200000001,78.86015038538855,0.5,0.5,0.0,1.0,0.5715471157819503,0.5714521610554817,0.9999367244623816,0.9999366998672485,0.9999365304747297,0.9999978705438101,0.9999978615279436,0.9999978639628674,0.9999978547597667,-6.270419867599071,-24.612265100656824,,882.9457154493494,False,False,False,,[]
175,175,176,True,1.0,1.0,175.0,176.0,175.0,176.0,176.0,0.0,73.22515200000001,73.0642176,103.17308907914772,0.5,0.5,0.0,1.0,0.5714521610554817,0.5713308847910256,0.9999365304747297,0.9999365210533142,0.999936276250945,0.9999978615279436,0.9999978500095047,0.9999978547597667,0.9999978445831395,-8.008075056917383,-31.43480774703507,,855.8758852391103,False,False,False,,[]
176,176,177,True,1.0,1.0,176.0,177.0,176.0,177.0,177.0,0.0,73.0642176,72.9032832,102.97781712790979,0.5,0.5,0.0,1.0,0.5713308847910256,0.571210038402133,0.999936276250945,0.9999362826347351,0.9999360230347896,0.9999978500095047,0.9999978385303225,0.9999978445831395,0.999997834400522,-7.979759883959029,-31.323384000954995,,856.2891583685737,False,False,False,,[]
177,177,178,True,1.0,1.0,177.0,178.0,177.0,178.0,178.0,0.0,72.9032832,72.42048,53.37343177793131,0.5,0.5,0.0,1.0,0.571210038402133,0.571149691407201,0.9999360230347896,0.999936044216156,0.9999359038530179,0.9999978385303225,0.9999978358447913,0.999997834400522,0.9999978272875089,-3.985638155142462,-15.641941086395338,,924.1599960640992,False,False,False,,[]
178,178,179,True,1.0,1.0,178.0,179.0,178.0,179.0,179.0,0.0,72.42048,70.811136,-120.1419179444627,0.5,0.5,0.0,1.0,0.571149691407201,0.5712410102500879,0.9999359038530179,0.9999359250068665,0.9999357179556798,0.9999978358447913,0.9999978234921167,0.9999978272875089,0.9999978167522512,6.034267768683056,23.669844076299608,,1052.4556270480655,False,False,False,,[]
179,179,180,True,1.0,1.0,179.0,180.0,179.0,180.0,180.0,0.0,70.811136,69.36272640000001,-97.3490500174224,0.5,0.5,0.0,1.0,0.5712410102500879,0.5713112759871497,0.9999357179556798,0.9999357461929321,0.9999355778319031,0.9999978234921167,0.9999978128659746,0.9999978167522512,0.999997806686041,4.64326843430209,18.212879046431805,,1036.8722202894312,False,False,False,,[]
180,180,181,True,1.0,1.0,180.0,181.0,180.0,181.0,181.0,0.0,69.36272640000001,67.91431680000001,-99.0330289236256,0.5,0.5,0.0,1.0,0.5713112759871497,0.5713812916121384,0.9999355778319031,0.9999355673789978,0.9999354382410581,0.9999978128659746,0.9999978023405564,0.999997806686041,0.9999977966084233,4.627158480232904,18.148049997044552,,1036.756656845809,False,False,False,,[]
181,181,182,True,1.0,1.0,181.0,182.0,181.0,182.0,182.0,0.0,67.91431680000001,66.78777600000001,-51.27266384802696,0.5,0.5,0.0,1.0,0.5713812916121384,0.5714153337055529,0.9999354382410581,0.9999354481697083,0.9999353727179264,0.9999978023405564,0.9999977967135232,0.9999977966084233,0.9999977899060555,2.2497008267265706,8.823710613031167,,1015.3937544564617,False,False,False,,[]
182,182,183,True,1.0,1.0,182.0,183.0,182.0,183.0,183.0,0.0,66.78777600000001,66.78777600000001,120.40210273004786,0.5,0.5,0.0,1.0,0.5714153337055529,0.5712874865425291,0.9999353727179264,0.9999353885650635,0.9999351029917157,0.9999977967135232,0.9999977851798406,0.9999977899060555,0.9999977792478361,-8.445171418207158,-33.13798465574146,,849.6092365348619,False,False,False,,[]
183,183,184,True,1.0,1.0,183.0,184.0,183.0,184.0,184.0,0.0,66.78777600000001,67.7533824,268.6307318500479,0.5,0.5,0.0,1.0,0.5712874865425291,0.5710250155403572,0.9999351029917157,0.9999350905418396,0.9999345743313582,0.9999977851798406,0.9999977726663262,0.9999977792478361,0.9999977621089778,-17.330522184221955,-68.03248376296405,,743.5002774942385,False,False,False,,[]
184,184,185,True,1.0,1.0,184.0,185.0,184.0,185.0,185.0,0.0,67.7533824,69.0408576,319.117815162214,0.5,0.5,0.0,1.0,0.5710250155403572,0.570705961708967,0.9999345743313582,0.9999345541000366,0.9999339521811313,0.9999977726663262,0.9999977545291969,0.9999977621089778,0.9999977429920782,-21.061495912366013,-82.69875309633882,,704.9586665296353,False,False,False,,[]
185,185,186,True,1.0,1.0,185.0,186.0,185.0,186.0,186.0,0.0,69.0408576,70.00646400000001,271.1690523954889,0.5,0.5,0.0,1.0,0.570705961708967,0.5704310680890073,0.9999339521811313,0.9999339580535889,0.999933402224503,0.9999977545291969,0.9999977409478492,0.9999977429920782,0.999997724717792,-18.14734477050873,-71.25242629354126,,734.351924309823,False,False,False,,[]
186,186,187,True,1.0,1.0,186.0,187.0,186.0,187.0,187.0,0.0,70.00646400000001,70.6502016,222.8731394932274,0.5,0.5,0.0,1.0,0.5704310680890073,0.5702005902602596,0.999933402224503,0.9999334216117859,0.9999329302811008,0.9999977409478492,0.9999977270454108,0.999997724717792,0.9999977106750026,-15.216341485730249,-59.73985321142275,,765.9211668542509,False,False,False,,[]
187,187,188,True,1.0,1.0,187.0,188.0,187.0,188.0,188.0,0.0,70.6502016,70.16739840000001,50.690751770194346,0.5,0.5,0.0,1.0,0.5702005902602596,0.5701441826561885,0.9999329302811008,0.9999329447746277,0.999932819307886,0.9999977270454108,0.9999977240796553,0.9999977106750026,0.9999977039108224,-3.725957767310876,-14.62085097523597,,928.3026719006491,False,False,False,,[]
188,188,189,True,1.0,1.0,188.0,189.0,188.0,189.0,189.0,0.0,70.16739840000001,69.6845952,50.12684762058359,0.5,0.5,0.0,1.0,0.5701441826561885,0.5700893314857657,0.999932819307886,0.9999328255653381,0.9999327115608947,0.9999977240796553,0.9999977216524445,0.9999977039108224,0.9999976972471524,-3.6232790540799824,-14.21742337357966,,930.4777278710048,False,False,False,,[]
189,189,190,True,1.0,1.0,189.0,190.0,189.0,190.0,190.0,0.0,69.6845952,69.20179200000001,49.56681024228835,0.5,0.5,0.0,1.0,0.5700893314857657,0.5700354231128272,0.9999327115608947,0.9999327063560486,0.999932605763512,0.9999977216524445,0.9999977192689229,0.9999976972471524,0.9999976906696484,-3.561121537079036,-13.973050265659118,,931.5765095121736,False,False,False,,[]
190,190,191,True,1.0,1.0,190.0,191.0,190.0,191.0,191.0,0.0,69.20179200000001,69.36272640000001,147.82972571530146,0.5,0.5,0.0,1.0,0.5700354231128272,0.5698780228793028,0.999932605763512,0.999932587146759,0.9999322725819578,0.9999977192689229,0.9999977060794091,0.9999976906696484,0.9999976801024737,-10.394591382166036,-40.798140529510135,,823.4010055654476,False,False,False,,[]
191,191,192,True,1.0,1.0,191.0,192.0,191.0,192.0,192.0,0.0,69.36272640000001,69.8455296,197.4242293163725,0.5,0.5,0.0,1.0,0.5698780228793028,0.5696742779710167,0.9999322725819578,0.9999322891235352,0.9999318499855112,0.9999977060794091,0.9999976920233389,0.9999976801024737,0.999997668425729,-13.45299584203334,-52.81068022775289,,786.3258761587628,False,False,False,,[]
192,192,193,True,1.0,1.0,192.0,193.0,192.0,193.0,193.0,0.0,69.8455296,70.6502016,247.39123188712995,0.5,0.5,0.0,1.0,0.5696742779710167,0.5694207129738291,0.9999318499855112,0.9999318718910217,0.9999313368472809,0.9999976920233389,0.9999976788850652,0.999997668425729,0.9999976521246252,-16.73934761256491,-65.7240472710071,,749.446422684803,False,False,False,,[]
193,193,194,True,1.0,1.0,193.0,194.0,193.0,194.0,194.0,0.0,70.6502016,71.2939392,223.6241524101921,0.5,0.5,0.0,1.0,0.5694207129738291,0.5691872945994499,0.9999313368472809,0.9999313354492188,0.9999308595820064,0.9999976788850652,0.999997664871763,0.9999976521246252,0.9999976377967258,-15.409489111445401,-60.50204263908837,,763.6583522207998,False,False,False,,[]
194,194,195,True,1.0,1.0,194.0,195.0,194.0,195.0,195.0,0.0,71.2939392,71.7767424,199.67726806726859,0.5,0.5,0.0,1.0,0.5691872945994499,0.5689754673563038,0.9999308595820064,0.9999308586120605,0.9999304218860194,0.999997664871763,0.9999976504327337,0.9999976377967258,0.9999976254328565,-13.984447068647977,-54.905621423488945,,779.7880555378341,False,False,False,,[]
195,195,196,True,1.0,1.0,195.0,196.0,195.0,196.0,196.0,0.0,71.7767424,72.2595456,200.25019468326917,0.5,0.5,0.0,1.0,0.5689754673563038,0.5687616119292374,0.9999304218860194,0.9999304413795471,0.9999299804251192,0.9999976504327337,0.9999976358986772,0.9999976254328565,0.9999976129155,-14.117772274362098,-55.43132669561513,,778.178063006062,False,False,False,,[]
196,196,197,True,1.0,1.0,196.0,197.0,196.0,197.0,197.0,0.0,72.2595456,72.0986112,102.00790199058459,0.5,0.5,0.0,1.0,0.5687616119292374,0.5686428958420506,0.9999299804251192,0.9999299645423889,0.9999297321905648,0.9999976358986772,0.9999976246148397,0.9999976129155,0.9999976027072449,-7.839186415948618,-30.771209798791507,,858.3457905472934,False,False,False,,[]
197,197,198,True,1.0,1.0,197.0,198.0,197.0,198.0,198.0,0.0,72.0986112,71.4548736,27.700893326888714,0.5,0.5,0.0,1.0,0.5686428958420506,0.5686109189936788,0.9999297321905648,0.9999297261238098,0.9999296707667744,0.9999976246148397,0.9999976229626603,0.9999976027072449,0.9999975985482142,-2.1121222941010958,-8.288399097983573,,957.918232956809,False,False,False,,[]
198,198,199,True,1.0,1.0,198.0,199.0,198.0,199.0,199.0,0.0,71.4548736,70.6502016,2.229641804679872,0.5,0.5,0.0,1.0,0.5686109189936788,0.5686083014481247,0.9999296707667744,0.999929666519165,0.9999296658811315,0.9999976229626603,0.9999976228310183,0.9999975985482142,0.9999975981711043,-0.17291672894326457,-0.6784678076094738,,996.3981584971989,False,False,False,,[]
199,199,200,True,1.0,1.0,199.0,200.0,199.0,200.0,200.0,0.0,70.6502016,69.8455296,1.2812087301930295,0.5,0.5,0.0,1.0,0.5686083014481247,0.5686070076813327,0.9999296658811315,0.999929666519165,0.9999296634694439,0.9999976228310183,0.9999976227686949,0.9999975981711043,0.9999975980983936,-0.08547215449586572,-0.33534435250577455,,998.3328143887474,False,False,False,,[]
200,200,201,True,1.0,1.0,200.0,201.0,200.0,201.0,201.0,0.0,69.8455296,69.52366080000002,74.4578312471322,0.5,0.5,0.0,1.0,0.5686070076813327,0.5685208907742755,0.9999296634694439,0.999929666519165,0.9999294890515171,0.9999976227686949,0.9999976144023812,0.9999975980983936,0.9999975894030897,-5.688065698915505,-22.32150230921643,,892.36290344251,False,False,False,,[]
201,201,202,True,1.0,1.0,201.0,202.0,201.0,202.0,202.0,0.0,69.52366080000002,69.52366080000002,123.49530495870201,0.5,0.5,0.0,1.0,0.5685208907742755,0.5683854937979073,0.9999294890515171,0.9999294877052307,0.9999292012794695,0.9999976144023812,0.9999976022296433,0.9999975894030897,0.9999975788442551,-8.941800553272126,-35.09489627464657,,842.5268787593235,False,False,False,,[]
202,202,203,True,1.0,1.0,202.0,203.0,202.0,203.0,203.0,0.0,69.52366080000002,69.36272640000001,98.79053343870038,0.5,0.5,0.0,1.0,0.5683854937979073,0.5682741038196006,0.9999292012794695,0.9999291896820068,0.9999289700270754,0.9999976022296433,0.9999975915980213,0.9999975788442551,0.999997568811221,-7.35686847980878,-28.87228237706689,,865.6660513798224,False,False,False,,[]
203,203,204,True,1.0,1.0,203.0,204.0,203.0,204.0,204.0,0.0,69.36272640000001,69.20179200000001,98.6051432363738,0.5,0.5,0.0,1.0,0.5682741038196006,0.5681631561099934,0.9999289700270754,0.9999289512634277,0.9999287397924923,0.9999975915980213,0.9999975810041782,0.999997568811221,0.9999975588079006,-7.327710217713935,-28.757646330223366,,866.1245704231077,False,False,False,,[]
204,204,205,True,1.0,1.0,204.0,205.0,204.0,205.0,205.0,0.0,69.20179200000001,69.20179200000001,123.12495419530178,0.5,0.5,0.0,1.0,0.5681631561099934,0.5680285314341911,0.9999287397924923,0.9999287128448486,0.9999284538779831,0.9999975810041782,0.9999975689072765,0.9999975588079006,0.9999975481193454,-8.890878113839856,-34.89471596793692,,843.1691945066289,False,False,False,,[]
205,205,206,True,1.0,1.0,205.0,206.0,205.0,206.0,206.0,0.0,69.20179200000001,69.36272640000001,147.82972571530146,0.5,0.5,0.0,1.0,0.5680285314341911,0.567871125667019,0.9999284538779831,0.9999284744262695,0.9999281206854783,0.9999975689072765,0.9999975557177627,0.9999975481193454,0.9999975375521707,-10.394591382166036,-40.7995748509809,,823.3965113919243,False,False,False,,[]
206,206,207,True,1.0,1.0,206.0,207.0,206.0,207.0,207.0,0.0,69.36272640000001,69.8455296,197.4242293163725,0.5,0.5,0.0,1.0,0.567871125667019,0.567667373655995,0.9999281206854783,0.9999281167984009,0.9999276980756953,0.9999975557177627,0.9999975416616925,0.9999975375521707,0.999997525875426,-13.45299584203334,-52.81252125743571,,786.3206599074884,False,False,False,,[]
207,207,208,True,1.0,1.0,207.0,208.0,207.0,208.0,208.0,0.0,69.8455296,70.6502016,247.39123188712995,0.5,0.5,0.0,1.0,0.567667373655995,0.567413799886841,0.9999276980756953,0.9999276995658875,0.9999271849220736,0.9999975416616925,0.9999975285234188,0.999997525875426,0.9999975095743222,-16.73934761256491,-65.72632096469347,,749.4406312935881,False,False,False,,[]
208,208,209,True,1.0,1.0,208.0,209.0,208.0,209.0,209.0,0.0,70.6502016,70.811136,149.50983785019304,0.5,0.5,0.0,1.0,0.567413799886841,0.5672520843192521,0.9999271849220736,0.9999271631240845,0.9999268432199377,0.9999975285234188,0.9999975150000309,0.9999975095743222,0.9999974993271172,-10.677961751594633,-41.916675119044875,,819.9030655098596,False,False,False,,[]
209,209,210,True,1.0,1.0,209.0,210.0,209.0,210.0,210.0,0.0,70.811136,70.00646400000001,1.4700360625782787,0.5,0.5,0.0,1.0,0.5672520843192521,0.5672505795017636,0.9999268432199377,0.9999268651008606,0.9999268404142551,0.9999975150000309,0.9999975149140237,0.9999974993271172,0.9999974992434991,-0.09941087462158633,-0.39004869301328243,,998.0488035397614,False,False,False,,[]
210,210,211,True,1.0,1.0,210.0,211.0,210.0,211.0,211.0,0.0,70.00646400000001,68.5580544,-98.28889026677236,0.5,0.5,0.0,1.0,0.5672505795017636,0.5673207859513547,0.9999268404142551,0.9999268651008606,0.9999267004168293,0.9999975149140237,0.9999975043426549,0.9999974992434991,0.9999974892513093,4.639265291591974,18.197511734006223,,1036.9605383331698,False,False,False,,[]
211,211,212,True,1.0,1.0,211.0,212.0,211.0,212.0,212.0,0.0,68.5580544,66.78777600000001,-149.36307835641685,0.5,0.5,0.0,1.0,0.5673207859513547,0.5674308747958426,0.9999267004168293,0.9999266862869263,0.9999264721563963,0.9999975043426549,0.9999974914086731,0.9999974892513093,0.9999974785763506,7.276280181501848,28.535028491260604,,1067.9811215621335,False,False,False,,[]
212,212,213,True,1.0,1.0,212.0,213.0,212.0,213.0,213.0,0.0,66.78777600000001,65.5003008,-77.23606942995153,0.5,0.5,0.0,1.0,0.5674308747958426,0.5674807295336515,0.9999264721563963,0.9999264478683472,0.9999263747016659,0.9999974914086731,0.9999974829034234,0.9999974785763506,0.9999974682419388,3.2948502880903026,12.922348040052063,,1021.7318306887618,False,False,False,,[]
213,213,214,True,1.0,1.0,213.0,214.0,213.0,214.0,214.0,0.0,65.5003008,64.37376,-53.94395836245754,0.5,0.5,0.0,1.0,0.5674807295336515,0.567514183352573,0.9999263747016659,0.9999263882637024,0.9999263103478718,0.9999974829034234,0.9999974770542361,0.9999974682419388,0.9999974602639109,2.210983494355755,8.671229864462255,,1013.3675588314587,False,False,False,,[]
214,214,215,True,1.0,1.0,214.0,215.0,214.0,215.0,215.0,0.0,64.37376,64.37376,117.77592054758404,0.5,0.5,0.0,1.0,0.567514183352573,0.5673920024900905,0.9999263103478718,0.9999263286590576,0.9999260540010844,0.9999974770542361,0.9999974660735601,0.9999974602639109,0.999997448943017,-8.071586367922192,-31.669279555454604,,854.6153119790101,False,False,False,,[]
215,215,216,True,1.0,1.0,215.0,216.0,215.0,216.0,216.0,0.0,64.37376,64.8565632,191.89023510758108,0.5,0.5,0.0,1.0,0.5673920024900905,0.5672000177235508,0.9999260540010844,0.9999260306358337,0.9999256536451276,0.9999974660735601,0.99999745302424,0.999997448943017,0.9999974312972251,-12.680136229830312,-49.7624514870845,,791.9440447327877,False,False,False,,[]
216,216,217,True,1.0,1.0,216.0,217.0,216.0,217.0,217.0,0.0,64.8565632,65.983104,291.2268240814553,0.5,0.5,0.0,1.0,0.5672000177235508,0.5669218923890994,0.9999256536451276,0.9999256730079651,0.9999250982173331,0.99999745302424,0.9999974389288973,0.9999974312972251,0.9999974128874338,-18.36385492241556,-72.0900866897932,,731.9715867020768,False,False,False,,[]
217,217,218,True,1.0,1.0,217.0,218.0,217.0,218.0,218.0,0.0,65.983104,67.592448,366.5636828378062,0.5,0.5,0.0,1.0,0.5669218923890994,0.566569855843075,0.9999250982173331,0.9999250769615173,0.9999244259500456,0.9999974389288973,0.9999974220916655,0.9999974128874338,0.9999973931705948,-23.236908029628644,-91.24787272952517,,686.8993579860685,False,False,False,,[]
218,218,219,True,1.0,1.0,218.0,219.0,218.0,219.0,219.0,0.0,67.592448,68.7189888,294.2323794937111,0.5,0.5,0.0,1.0,0.566569855843075,0.5662772220900577,0.9999244259500456,0.9999244213104248,0.999923846318927,0.9999974220916655,0.9999974068407539,0.9999973931705948,0.9999973744393175,-19.317549777507637,-75.8506687820762,,722.2411730340815,False,False,False,,[]
219,219,220,True,1.0,1.0,219.0,220.0,219.0,220.0,220.0,0.0,68.7189888,69.36272640000001,221.39173643962846,0.5,0.5,0.0,1.0,0.5662772220900577,0.5660524353973458,0.999923846318927,0.999923825263977,0.999923384736272,0.9999974068407539,0.9999973931625922,0.9999973744393175,0.9999973608569241,-14.840857165302591,-58.26471075092026,,770.2940634565186,False,False,False,,[]
220,220,221,True,1.0,1.0,220.0,221.0,220.0,221.0,221.0,0.0,69.36272640000001,69.52366080000002,148.01468627637513,0.5,0.5,0.0,1.0,0.5660524353973458,0.5658944904446995,0.999923384736272,0.9999234080314636,0.9999230504770611,0.9999973931625922,0.9999973799360546,0.9999973608569241,0.9999973502698511,-10.429582718969977,-40.93933172591568,,822.9203161759225,False,False,False,,[]
221,221,222,True,1.0,1.0,221.0,222.0,221.0,222.0,222.0,0.0,69.52366080000002,69.8455296,172.9048479986994,0.5,0.5,0.0,1.0,0.5658944904446995,0.5657142406942884,0.9999230504770611,0.999923050403595,0.9999226726245468,0.9999973799360546,0.9999973660334798,0.9999973502698511,0.9999973405105456,-11.901437103075175,-46.72073530654629,,805.3495295507898,False,False,False,,[]
222,222,223,True,1.0,1.0,222.0,223.0,222.0,223.0,223.0,0.0,69.8455296,70.6502016,247.39123188712995,0.5,0.5,0.0,1.0,0.5657142406942884,0.5654606553397037,0.9999226726245468,0.9999226927757263,0.9999221594505975,0.9999973660334798,0.9999973528952061,0.9999973405105456,0.9999973242094418,-16.73934761256491,-65.72932390837184,,749.4329825598302,False,False,False,,[]
223,223,224,True,1.0,1.0,223.0,224.0,223.0,224.0,224.0,0.0,70.6502016,71.2939392,223.6241524101921,0.5,0.5,0.0,1.0,0.5654606553397037,0.5652272184179531,0.9999221594505975,0.9999221563339233,0.999921682151824,0.9999973528952061,0.9999973388819039,0.9999973242094418,0.9999973098815423,-15.409489111445401,-60.50685011776446,,763.6455825078584,False,False,False,,[]
224,224,225,True,1.0,1.0,224.0,225.0,224.0,225.0,225.0,0.0,71.2939392,71.9376768,224.38203958726825,0.5,0.5,0.0,1.0,0.5652272184179531,0.5649908478539414,0.999921682151824,0.9999216794967651,0.9999211995653315,0.9999973388819039,0.9999973247586241,0.9999973098815423,0.9999972952907421,-15.602317786736393,-61.26725019183346,,761.4155454508191,False,False,False,,[]
225,225,226,True,1.0,1.0,225.0,226.0,225.0,226.0,226.0,0.0,71.9376768,72.58141440000001,225.14680102445396,0.5,0.5,0.0,1.0,0.5649908478539414,0.5647514816914144,0.9999211995653315,0.9999212026596069,0.999920711601789,0.9999973247586241,0.9999973105262808,0.9999972952907421,0.9999972803941163,-15.799209780778499,-62.043709326997586,,759.1334269569737,False,False,False,,[]
226,226,227,True,1.0,1.0,226.0,227.0,226.0,227.0,227.0,0.0,72.58141440000001,73.0642176,201.21366520174368,0.5,0.5,0.0,1.0,0.5647514816914144,0.5645342023789491,0.999920711601789,0.9999207258224487,0.999920263807391,0.9999973105262808,0.9999972958345303,0.9999972803941163,0.9999972676169706,-14.341750411660792,-56.31879779100803,,775.4777504945007,False,False,False,,[]
227,227,228,True,1.0,1.0,227.0,228.0,227.0,228.0,228.0,0.0,73.0642176,73.7079552,226.50167472791014,0.5,0.5,0.0,1.0,0.5645342023789491,0.5642895991162238,0.999920263807391,0.9999202489852905,0.9999197664980514,0.9999972958345303,0.9999972814136114,0.9999972676169706,0.9999972522338184,-16.14336516752254,-63.40116569840997,,755.2081412711601,False,False,False,,[]
228,228,229,True,1.0,1.0,228.0,229.0,228.0,229.0,229.0,0.0,73.7079552,74.834496,301.39965494039603,0.5,0.5,0.0,1.0,0.5642895991162238,0.5639640731108243,0.9999197664980514,0.9999197721481323,0.9999191342482046,0.9999972814136114,0.9999972631430354,0.9999972522338184,0.9999972340913579,-21.47767953235427,-84.37634059954884,,701.6736188177882,False,False,False,,[]
229,229,230,True,1.0,1.0,229.0,230.0,229.0,230.0,230.0,0.0,74.834496,75.4782336,228.67329646063217,0.5,0.5,0.0,1.0,0.5639640731108243,0.563711017266633,0.9999191342482046,0.9999191164970398,0.9999186220036849,0.9999972631430354,0.9999972484319948,0.9999972340913579,0.9999972178389807,-16.69873556353916,-65.59207481438715,,748.9269483334438,False,False,False,,[]
230,230,231,True,1.0,1.0,230.0,231.0,230.0,231.0,231.0,0.0,75.4782336,75.96103680000002,204.7710948084225,0.5,0.5,0.0,1.0,0.563711017266633,0.5634809798734904,0.9999186220036849,0.9999186396598816,0.9999181508592443,0.9999972484319948,0.9999972331803612,0.9999972178389807,0.999997203882744,-15.180208768089129,-59.62569230253086,,765.4859487091525,False,False,False,,[]
231,231,232,True,1.0,1.0,231.0,232.0,231.0,232.0,232.0,0.0,75.96103680000002,76.2829056,180.67276192245535,0.5,0.5,0.0,1.0,0.5634809798734904,0.5632753423241774,0.9999181508592443,0.9999181628227234,0.9999177247132237,0.9999972331803612,0.999997217881832,0.999997203882744,0.9999971921944837,-13.570644609284361,-53.3012527819485,,784.1667690452539,False,False,False,,[]
232,232,233,True,1.0,1.0,232.0,233.0,232.0,233.0,233.0,0.0,76.2829056,76.1219712,106.9648879914315,0.5,0.5,0.0,1.0,0.5632753423241774,0.5631451283998123,0.9999177247132237,0.99991774559021,0.999917449356924,0.999997217881832,0.9999972056059381,0.9999971921944837,0.999997181701871,-8.595062910688766,-33.751449195431036,,847.0857270684378,False,False,False,,[]
233,233,234,True,1.0,1.0,233.0,234.0,233.0,234.0,234.0,0.0,76.1219712,76.1219712,131.46622437631515,0.5,0.5,0.0,1.0,0.5631451283998123,0.5629897665521844,0.999917449356924,0.9999174475669861,0.9999171202134425,0.9999972056059381,0.9999971918437407,0.999997181701871,0.9999971711620237,-10.254299904617397,-40.26979090518753,,824.6890523122736,False,False,False,,[]
234,234,235,True,1.0,1.0,234.0,235.0,234.0,235.0,235.0,0.0,76.1219712,75.96103680000002,106.76145285631549,0.5,0.5,0.0,1.0,0.5629897665521844,0.5628600150810281,0.9999171202134425,0.9999171495437622,0.999916845959169,0.9999971918437407,0.9999971796082492,0.9999971711620237,0.9999971606695167,-8.564631407568875,-33.6315813237045,,847.5259341243138,False,False,False,,[]
235,235,236,True,1.0,1.0,235.0,236.0,235.0,236.0,236.0,0.0,75.96103680000002,75.96103680000002,131.263218882456,0.5,0.5,0.0,1.0,0.5628600150810281,0.5627051846862624,0.999916845959169,0.9999168515205383,0.9999165178698971,0.9999971796082492,0.9999971658855419,0.9999971606695167,0.999997150147093,-10.219335196247721,-40.132038323274486,,825.1611756819841,False,False,False,,[]
236,236,237,True,1.0,1.0,236.0,237.0,236.0,237.0,237.0,0.0,75.96103680000002,75.96103680000002,131.263218882456,0.5,0.5,0.0,1.0,0.5627051846862624,0.562550354150104,0.9999165178698971,0.9999164938926697,0.9999161897803447,0.9999971658855419,0.9999971521628346,0.999997150147093,0.9999971396246693,-10.219335196247721,-40.13207497224365,,825.1610603063803,False,False,False,,[]
237,237,238,True,1.0,1.0,237.0,238.0,237.0,238.0,238.0,0.0,75.96103680000002,75.80010240000001,106.55844736245632,0.5,0.5,0.0,1.0,0.562550354150104,0.562421063875124,0.9999161897803447,0.9999161958694458,0.999915916624165,0.9999971521628346,0.9999971399676872,0.9999971396246693,0.9999971291325087,-8.534271952567101,-33.51203927481049,,847.9655434826067,False,False,False,,[]
238,238,239,True,1.0,1.0,238.0,239.0,238.0,239.0,239.0,0.0,75.80010240000001,75.63916800000001,106.35587150985398,0.5,0.5,0.0,1.0,0.562421063875124,0.5622922339141994,0.999915916624165,0.9999158978462219,0.9999156445630468,0.9999971399676872,0.9999971278128253,0.9999971291325087,0.9999971186409335,-8.503984459330573,-33.39272587168345,,848.4048856952129,False,False,False,,[]
239,239,240,True,1.0,1.0,239.0,240.0,239.0,240.0,240.0,0.0,75.63916800000001,75.63916800000001,130.8584968185082,0.5,0.5,0.0,1.0,0.5622922339141994,0.5621384627431332,0.9999156445630468,0.9999156594276428,0.9999153185766035,0.9999971278128253,0.9999971141689997,0.9999971186409335,0.9999971081536436,-10.149639377459795,-39.85748754034959,,826.1042800021005,False,False,False,,[]
240,240,241,True,1.0,1.0,240.0,241.0,240.0,241.0,241.0,0.0,75.63916800000001,75.4782336,106.1537252985046,0.5,0.5,0.0,1.0,0.5621384627431332,0.5620100918379461,0.9999153185766035,0.9999153017997742,0.9999150476066265,0.9999971141689997,0.9999971020543647,0.9999971081536436,0.9999970976628915,-8.473768841185269,-33.27373862448219,,848.843623218634,False,False,False,,[]
241,241,242,True,1.0,1.0,241.0,242.0,241.0,242.0,242.0,0.0,75.4782336,75.3172992,105.95200872841986,0.5,0.5,0.0,1.0,0.5620100918379461,0.5618821790186991,0.9999150476066265,0.9999150633811951,0.9999147777245635,0.9999971020543647,0.9999970899798972,0.9999970976628915,0.9999970871731982,-8.443625011137028,-33.15500274882674,,849.2820099643412,False,False,False,,[]
242,242,243,True,1.0,1.0,242.0,243.0,242.0,243.0,243.0,0.0,75.3172992,75.4782336,155.16026483958743,0.5,0.5,0.0,1.0,0.5618821790186991,0.5617052070311329,0.9999147777245635,0.9999147653579712,0.9999144062117108,0.9999970899798972,0.9999970753724453,0.9999970871731982,0.9999970773235834,-11.680363298961733,-45.87113917715387,,807.3759675290884,False,False,False,,[]
243,243,244,True,1.0,1.0,243.0,244.0,243.0,244.0,244.0,0.0,75.4782336,75.63916800000001,155.36155176842314,0.5,0.5,0.0,1.0,0.5617052070311329,0.5615277172164205,0.9999144062117108,0.9999144077301025,0.9999140336957549,0.9999970753724453,0.9999970607274448,0.9999970773235834,0.9999970675150855,-11.714384498181824,-46.00535997347548,,806.9755556140101,False,False,False,,[]
244,244,245,True,1.0,1.0,244.0,245.0,244.0,245.0,245.0,0.0,75.63916800000001,75.96103680000002,180.26803985850756,0.5,0.5,0.0,1.0,0.5615277172164205,0.5613233830704496,0.9999140336957549,0.9999140501022339,0.9999136099933228,0.9999970607274448,0.999997045498189,0.9999970675150855,0.9999970559138487,-13.484819441600607,-52.963410635652146,,785.2160269016346,False,False,False,,[]
245,245,246,True,1.0,1.0,245.0,246.0,245.0,246.0,246.0,0.0,75.96103680000002,76.44384000000001,205.37753344245505,0.5,0.5,0.0,1.0,0.5613233830704496,0.5610911664229331,0.9999136099933228,0.9999136328697205,0.9999131349003622,0.999997045498189,0.9999970301545459,0.9999970559138487,0.9999970417494578,-15.323196719655087,-60.19055503627204,,763.8054137853215,False,False,False,,[]
246,246,247,True,1.0,1.0,246.0,247.0,246.0,247.0,247.0,0.0,76.44384000000001,77.0875776,230.6926103678047,0.5,0.5,0.0,1.0,0.5610911664229331,0.5608302418752871,0.9999131349003622,0.9999131560325623,0.9999126089202087,0.9999970301545459,0.9999970151868146,0.9999970417494578,0.9999970246530168,-17.21538395850487,-67.63164274985911,,743.1702273523266,False,False,False,,[]
247,247,248,True,1.0,1.0,247.0,248.0,247.0,248.0,248.0,0.0,77.0875776,77.248512,157.39805132586358,0.5,0.5,0.0,1.0,0.5608302418752871,0.5606470693987885,0.9999126089202087,0.9999126195907593,0.9999122254344991,0.9999970151868146,0.9999970001659498,0.9999970246530168,0.9999970148210354,-12.087839856799627,-47.478305908418676,,802.3274598048047,False,False,False,,[]
248,248,249,True,1.0,1.0,248.0,249.0,248.0,249.0,249.0,0.0,77.248512,77.248512,132.899292788521,0.5,0.5,0.0,1.0,0.5606470693987885,0.5604879496300351,0.9999122254344991,0.9999122023582458,0.9999118888531403,0.9999970001659498,0.9999969861264296,0.9999970148210354,0.9999970041619796,-10.501242522766944,-41.24384406088941,,821.3711031369677,False,False,False,,[]
249,249,250,True,1.0,1.0,249.0,250.0,249.0,250.0,250.0,0.0,77.248512,77.248512,132.899292788521,0.5,0.5,0.0,1.0,0.5604879496300351,0.5603288297467768,0.9999118888531403,0.999911904335022,0.9999115522715554,0.9999969861264296,0.9999969720869094,0.9999970041619796,0.9999969935029237,-10.501242522766944,-41.24387374056662,,821.3710106287654,False,False,False,,[]
250,250,251,True,1.0,1.0,250.0,251.0,250.0,251.0,251.0,0.0,77.248512,77.248512,132.899292788521,0.5,0.5,0.0,1.0,0.5603288297467768,0.560169709744103,0.9999115522715554,0.9999115467071533,0.9999112156897345,0.9999969720869094,0.9999969580473892,0.9999969935029237,0.9999969828438678,-10.501242522766944,-41.243904693050496,,821.3709141485723,False,False,False,,[]
251,251,252,True,1.0,1.0,251.0,252.0,251.0,252.0,252.0,0.0,77.248512,77.248512,132.899292788521,0.5,0.5,0.0,1.0,0.560169709744103,0.5600105896172435,0.9999112156897345,0.9999111890792847,0.9999108791076684,0.9999969580473892,0.999996944007869,0.9999969828438678,0.999996972184812,-10.501242522766944,-41.243936881974996,,821.370813821027,False,False,False,,[]
252,252,253,True,1.0,1.0,252.0,253.0,252.0,253.0,253.0,0.0,77.248512,77.40944640000001,157.60406430852066,0.5,0.5,0.0,1.0,0.5600105896172435,0.5598267863503938,0.9999108791076684,0.9999108910560608,0.9999104944086487,0.999996944007869,0.9999969289493875,0.999996972184812,0.9999969622950765,-12.129268657017889,-47.64180676742153,,801.7822749162085,False,False,False,,[]
253,253,254,True,1.0,1.0,253.0,254.0,253.0,254.0,254.0,0.0,77.40944640000001,77.57038080000001,157.81050693243657,0.5,0.5,0.0,1.0,0.5598267863503938,0.5596424191028339,0.9999104944086487,0.9999104738235474,0.9999101086255681,0.9999969289493875,0.9999969138532854,0.9999969622950765,0.9999969524157732,-12.166325362528168,-47.78799056755966,,801.3328016983558,False,False,False,,[]
254,254,255,True,1.0,1.0,254.0,255.0,254.0,255.0,255.0,0.0,77.57038080000001,77.57038080000001,133.3126076776057,0.5,0.5,0.0,1.0,0.5596424191028339,0.5594822556421803,0.9999101086255681,0.9999101161956787,0.9999097699836265,0.9999969138532854,0.9999968997342521,0.9999969524157732,0.999996941762277,-10.569813262088632,-41.514369001387855,,820.4790357708224,False,False,False,,[]
255,255,256,True,1.0,1.0,255.0,256.0,255.0,256.0,256.0,0.0,77.57038080000001,77.40944640000001,108.60783615760407,0.5,0.5,0.0,1.0,0.5594822556421803,0.5593482624595054,0.9999097699836265,0.9999097585678101,0.9999094855860223,0.9999968997342521,0.9999968871330667,0.999996941762277,0.9999969312460706,-8.843457641992362,-34.731032949329965,,843.4901247939255,False,False,False,,[]
256,256,257,True,1.0,1.0,256.0,257.0,256.0,257.0,257.0,0.0,77.40944640000001,78.2141184,256.6295930124353,0.5,0.5,0.0,1.0,0.5593482624595054,0.5590592046551889,0.9999094855860223,0.9999094605445862,0.999908911865332,0.9999968871330667,0.9999968730220459,0.9999969312460706,0.9999969138520711,-19.06847905466059,-74.9237828788391,,725.7236932174446,False,False,False,,[]
257,257,258,True,1.0,1.0,257.0,258.0,257.0,258.0,258.0,0.0,78.2141184,78.6969216,208.25870771085624,0.5,0.5,0.0,1.0,0.5590592046551889,0.5588165689287659,0.999908911865332,0.9999089241027832,0.9999084180589296,0.9999968730220459,0.9999968572545679,0.9999969138520711,0.9999968986041866,-16.007563398779777,-62.8911802888361,,755.839771605167,False,False,False,,[]
258,258,259,True,1.0,1.0,258.0,259.0,258.0,259.0,259.0,0.0,78.6969216,79.01879040000001,184.18228652899407,0.5,0.5,0.0,1.0,0.5588165689287659,0.5585992854061411,0.9999084180589296,0.999908447265625,0.9999079702567609,0.9999968572545679,0.9999968413706111,0.9999968986041866,0.9999968858394659,-14.335630090022187,-56.319889064330056,,774.7659252383432,False,False,False,,[]
259,259,260,True,1.0,1.0,259.0,260.0,259.0,260.0,260.0,0.0,79.01879040000001,79.01879040000001,135.19379192070065,0.5,0.5,0.0,1.0,0.5585992854061411,0.5584344895284259,0.9999079702567609,0.9999079704284668,0.9999076224961899,0.9999968413706111,0.9999968268923312,0.9999968858394659,0.9999968753355812,-10.87422077232204,-42.71509150377766,,816.6237820854603,False,False,False,,[]
260,260,261,True,1.0,1.0,260.0,261.0,260.0,261.0,261.0,0.0,79.01879040000001,79.01879040000001,135.19379192070065,0.5,0.5,0.0,1.0,0.5584344895284259,0.5582696936068935,0.9999076224961899,0.9999076128005981,0.9999072747355329,0.9999968268923312,0.9999968124140513,0.9999968753355812,0.9999968648316966,-10.87422077232204,-42.71510286118901,,816.6237471269717,False,False,False,,[]
261,261,262,True,1.0,1.0,261.0,262.0,261.0,262.0,262.0,0.0,79.01879040000001,79.01879040000001,135.19379192070065,0.5,0.5,0.0,1.0,0.5582696936068935,0.5581048976341366,0.9999072747355329,0.9999072551727295,0.9999069269747752,0.9999968124140513,0.9999967979357713,0.9999968648316966,0.9999968543278119,-10.87422077232204,-42.71511613857852,,816.6237062588535,False,False,False,,[]
262,262,263,True,1.0,1.0,262.0,263.0,262.0,263.0,263.0,0.0,79.01879040000001,79.01879040000001,135.19379192070065,0.5,0.5,0.0,1.0,0.5581048976341366,0.5579401016029562,0.9999069269747752,0.9999068975448608,0.9999065792139029,0.9999967979357713,0.9999967834574914,0.9999968543278119,0.9999968438239273,-10.87422077232204,-42.71513128198161,,816.6236596495437,False,False,False,,[]
263,263,264,True,1.0,1.0,263.0,264.0,263.0,264.0,264.0,0.0,79.01879040000001,78.857856,110.489020400699,0.5,0.5,0.0,1.0,0.5579401016029562,0.55780171339812,0.9999065792139029,0.999906599521637,0.9999062842223644,0.9999967834574914,0.9999967704860635,0.9999968438239273,0.9999968332457743,-9.13243308309104,-35.87022269351517,,839.3226420369782,False,False,False,,[]
264,264,265,True,1.0,1.0,264.0,265.0,264.0,265.0,265.0,0.0,78.857856,78.6969216,110.27828136421859,0.5,0.5,0.0,1.0,0.55780171339812,0.5576638127575044,0.9999062842223644,0.9999063014984131,0.9999059904103017,0.9999967704860635,0.9999967575559924,0.9999968332457743,0.9999968226689212,-9.100371239532418,-35.74384604755393,,839.7795010299844,False,False,False,,[]
265,265,266,True,1.0,1.0,265.0,266.0,265.0,266.0,266.0,0.0,78.6969216,77.57038080000001,-38.16065715100502,0.5,0.5,0.0,1.0,0.5576638127575044,0.5576954119053184,0.9999059904103017,0.9999060034751892,0.9999059297344534,0.9999967575559924,0.9999967550783784,0.9999968226689212,0.9999968168263049,2.086436316987686,8.19049911337475,,1017.5127504716354,False,False,False,,[]
266,266,267,True,1.0,1.0,266.0,267.0,266.0,267.0,267.0,0.0,77.57038080000001,76.76570880000001,9.788750077605354,0.5,0.5,0.0,1.0,0.5576954119053184,0.5576831516433643,0.9999059297344534,0.9999059438705444,0.9999059066338145,0.9999967550783784,0.9999967545553043,0.9999968168263049,0.9999968150936461,-0.8094858222901957,-3.1778598984724415,,983.4523726865046,False,False,False,,[]
267,267,268,True,1.0,1.0,267.0,268.0,267.0,268.0,268.0,0.0,76.76570880000001,76.44384000000001,82.87299972431897,0.5,0.5,0.0,1.0,0.5576831516433643,0.5575801039471401,0.9999059066338145,0.9999058842658997,0.9999056944393088,0.9999967545553043,0.9999967449653279,0.9999968150936461,0.999996805563194,-6.802213848800273,-26.709962861344234,,874.5940760063295,False,False,False,,[]
268,268,269,True,1.0,1.0,268.0,269.0,268.0,269.0,269.0,0.0,76.44384000000001,75.96103680000002,57.759209727805,0.5,0.5,0.0,1.0,0.5575801039471401,0.5575120784958556,0.9999056944393088,0.9999057054519653,0.9999055590800835,0.9999967449653279,0.9999967419175132,0.999996805563194,0.999996797860749,-4.490975101821142,-17.632196972945096,,915.4896545421603,False,False,False,,[]
269,269,270,True,1.0,1.0,269.0,270.0,269.0,270.0,270.0,0.0,75.96103680000002,75.1563648,7.73936128245565,0.5,0.5,0.0,1.0,0.5575120784958556,0.5575025634725095,0.9999055590800835,0.9999055862426758,0.9999055412000731,0.9999967419175132,0.9999967415125757,0.999996797860749,0.9999967965035121,-0.6283110960245437,-2.4662940513240432,,987.103299171412,False,False,False,,[]
270,270,271,True,1.0,1.0,270.0,271.0,270.0,271.0,271.0,0.0,75.1563648,74.35169280000001,6.730778432012474,0.5,0.5,0.0,1.0,0.5575025634725095,0.5574943664416898,0.9999055412000731,0.999905526638031,0.9999055258165956,0.9999967415125757,0.9999967411641595,0.9999967965035121,0.9999967953289862,-0.5413139545712677,-2.1246703884511104,,988.8670180067329,False,False,False,,[]
271,271,272,True,1.0,1.0,271.0,272.0,271.0,272.0,272.0,0.0,74.35169280000001,74.029824,79.8472511729914,0.5,0.5,0.0,1.0,0.5574943664416898,0.557397446691558,0.9999055258165956,0.999905526638031,0.9999053274335117,0.9999967411641595,0.9999967320054626,0.9999967953289862,0.9999967860600917,-6.398953143160128,-25.121599234157916,,880.9131792822465,False,False,False,,[]
272,272,273,True,1.0,1.0,272.0,273.0,272.0,273.0,273.0,0.0,74.029824,73.7079552,79.45112193417856,0.5,0.5,0.0,1.0,0.557397446691558,0.5573013109343823,0.9999053274335117,0.9999053478240967,0.9999051308060293,0.9999967320054626,0.9999967229039592,0.9999967860600917,0.9999967768170599,-6.347328403959346,-24.918388259937185,,881.7229963629896,False,False,False,,[]
273,273,274,True,1.0,1.0,273.0,274.0,273.0,274.0,274.0,0.0,73.7079552,73.38608640000001,79.05671126039698,0.5,0.5,0.0,1.0,0.5573013109343823,0.5572059548441587,0.9999051308060293,0.9999051094055176,0.9999049359219073,0.9999967229039592,0.9999967138595681,0.9999967768170599,0.9999967676004992,-6.295985679955922,-24.71629858595106,,882.5303913438561,False,False,False,,[]
274,274,275,True,1.0,1.0,274.0,275.0,274.0,275.0,275.0,0.0,73.38608640000001,73.0642176,78.66401915164084,0.5,0.5,0.0,1.0,0.5572059548441587,0.557111374106055,0.9999049359219073,0.9999049305915833,0.9999047427689746,0.9999967138595681,0.999996704872205,0.9999967676004992,0.9999967584110061,-6.24492431126125,-24.515327316458247,,883.3353497217636,False,False,False,,[]
275,275,276,True,1.0,1.0,275.0,276.0,275.0,276.0,276.0,0.0,73.0642176,72.74234880000002,78.27304560791208,0.5,0.5,0.0,1.0,0.557111374106055,0.5570175644164443,0.9999047427689746,0.9999047517776489,0.9999045513351297,0.999996704872205,0.9999966959417834,0.9999967584110061,0.9999967492491662,-6.194143633852182,-24.315471547094692,,884.1378576582501,False,False,False,,[]
276,276,277,True,1.0,1.0,276.0,277.0,276.0,277.0,277.0,0.0,72.74234880000002,72.42048,77.88379062920676,0.5,0.5,0.0,1.0,0.5570175644164443,0.5569245496477426,0.9999045513351297,0.9999045729637146,0.9999043616709983,0.9999966959417834,0.9999966870682141,0.9999967492491662,0.9999967401380612,-6.141783797721597,-24.109428047498135,,884.982492665524,False,False,False,,[]
277,277,278,True,1.0,1.0,277.0,278.0,277.0,278.0,278.0,0.0,72.42048,71.9376768,52.791482695536985,0.5,0.5,0.0,1.0,0.5569245496477426,0.5568645590987316,0.9999043616709983,0.9999043345451355,0.9999042432344923,0.9999966870682141,0.9999966839018936,0.9999967401380612,0.9999967330979126,-3.9616724043984264,-15.549550303657703,,924.1796809577386,False,False,False,,[]
278,278,279,True,1.0,1.0,278.0,279.0,278.0,279.0,279.0,0.0,71.9376768,71.615808,76.91817190445198,0.5,0.5,0.0,1.0,0.5568645590987316,0.55677354898364,0.9999042432344923,0.999904215335846,0.9999040580215761,0.9999966839018936,0.9999966751700488,0.9999967330979126,0.9999967241439538,-6.009754170750241,-23.589821831751028,,887.1404648992021,False,False,False,,[]
279,279,280,True,1.0,1.0,279.0,280.0,279.0,280.0,280.0,0.0,71.615808,71.13300480000001,51.83016038334675,0.5,0.5,0.0,1.0,0.55677354898364,0.556715214420223,0.9999040580215761,0.9999040365219116,0.9999039430408238,0.9999966751700488,0.9999966720960425,0.9999967241439538,0.999996717237814,-3.852524393250635,-15.120318837681856,,926.0864607018752,False,False,False,,[]
280,280,281,True,1.0,1.0,280.0,281.0,280.0,281.0,281.0,0.0,71.13300480000001,70.00646400000001,-47.560563388885924,0.5,0.5,0.0,1.0,0.556715214420223,0.5567513038019374,0.9999039430408238,0.9999039173126221,0.9999038734378761,0.9999966720960425,0.9999966697718938,0.999996717237814,0.9999967107907657,2.3841946479695686,9.35436774037799,,1020.7809461762216,False,False,False,,[]
281,281,282,True,1.0,1.0,281.0,282.0,281.0,282.0,282.0,0.0,70.00646400000001,68.8799232,-48.879347226774954,0.5,0.5,0.0,1.0,0.5567513038019374,0.5567878101049493,0.9999038734378761,0.9999038577079773,0.9999038030021208,0.9999966697718938,0.9999966674214303,0.9999967107907657,0.9999967042846887,2.4119281938292776,9.462433740681732,,1021.0397357048481,False,False,False,,[]
282,282,283,True,1.0,1.0,282.0,283.0,282.0,283.0,283.0,0.0,68.8799232,67.592448,-74.88185016306849,0.5,0.5,0.0,1.0,0.5567878101049493,0.556839142530696,0.9999038030021208,0.9999037981033325,0.9999037025136863,0.9999966674214303,0.9999966590639239,0.9999967042846887,0.9999966955970285,3.391886750038678,13.305364753547668,,1024.8405103036598,False,False,False,,[]
283,283,284,True,1.0,1.0,283.0,284.0,283.0,284.0,284.0,0.0,67.592448,64.5346944,-348.0916800262883,0.5,0.5,0.0,1.0,0.556839142530696,0.5571040649351876,0.9999037025136863,0.999903678894043,0.9999031696178359,0.9999966590639239,0.9999966413518534,0.9999966955970285,0.9999966758733267,17.51842290785177,68.66788724422688,,1210.942630555681,False,False,False,,[]
284,284,285,True,1.0,1.0,284.0,285.0,284.0,285.0,285.0,0.0,64.5346944,62.12067840000001,-252.62358092904873,0.5,0.5,0.0,1.0,0.5571040649351876,0.5572879433657405,0.9999031696178359,0.99990314245224,0.9999027847742991,0.9999966413518534,0.999996629053723,0.9999966758733267,0.9999966615743102,12.158202334936151,47.661289199318674,,1134.8122061514928,False,False,False,,[]
285,285,286,True,1.0,1.0,285.0,286.0,285.0,286.0,286.0,0.0,62.12067840000001,60.35040000000001,-156.3404523675764,0.5,0.5,0.0,1.0,0.5572879433657405,0.5573903090540596,0.9999027847742991,0.9999027848243713,0.9999025741247647,0.999996629053723,0.9999966171601518,0.9999966615743102,0.9999966487021282,6.76764176433482,26.53318641231023,,1059.9227110245859,False,False,False,,[]
286,286,287,True,1.0,1.0,286.0,287.0,286.0,287.0,287.0,0.0,60.35040000000001,57.6145152,-306.3673449681024,0.5,0.5,0.0,1.0,0.5573903090540596,0.5575977874072674,0.9999025741247647,0.9999025464057922,0.9999021445344042,0.9999966171601518,0.9999966038150471,0.9999966487021282,0.9999966317175907,13.72266896417506,53.778389151444216,,1154.987381216301,False,False,False,,[]
287,287,288,True,1.0,1.0,287.0,288.0,287.0,288.0,288.0,0.0,57.6145152,55.84423680000001,-160.8155956988689,0.5,0.5,0.0,1.0,0.5575977874072674,0.5576942711701519,0.9999021445344042,0.9999021291732788,0.9999019471279479,0.9999966038150471,0.9999965926993679,0.9999966317175907,0.9999966178921073,6.380072827247903,25.0085913396588,,1054.6319990122474,False,False,False,,[]
288,288,289,True,1.0,1.0,288.0,289.0,288.0,289.0,289.0,0.0,55.84423680000001,54.717696000000004,-63.662443592288874,0.5,0.5,0.0,1.0,0.5576942711701519,0.5577289442015031,0.9999019471279479,0.9999019503593445,0.9999018803492022,0.9999965926993679,0.9999965865850556,0.9999966178921073,0.9999966115004933,2.292523270342194,8.987249726233827,,1015.7329214516658,False,False,False,,[]
289,289,290,True,1.0,1.0,289.0,290.0,289.0,290.0,290.0,0.0,54.717696000000004,53.591155199999996,-64.69551599437122,0.5,0.5,0.0,1.0,0.5577289442015031,0.5577635801687879,0.9999018803492022,0.9999018907546997,0.999901813644259,0.9999965865850556,0.9999965805174791,0.9999966115004933,0.999996605265122,2.290191334229973,8.977642720230778,,1015.9117431547688,False,False,False,,[]
290,290,291,True,1.0,1.0,290.0,291.0,290.0,291.0,291.0,0.0,53.591155199999996,52.30368,-90.41230749486785,0.5,0.5,0.0,1.0,0.5577635801687879,0.5578116521550841,0.999901813644259,0.9999018311500549,0.9999017198381458,0.9999965805174791,0.9999965728845684,0.999996605265122,0.999996596917389,3.178899253737146,12.460258847961505,,1023.2384944813782,False,False,False,,[]
291,291,292,True,1.0,1.0,291.0,292.0,291.0,292.0,292.0,0.0,52.30368,51.016204800000004,-91.54312328288336,0.5,0.5,0.0,1.0,0.5578116521550841,0.5578590546541627,0.9999017198381458,0.9999017119407654,0.9999016273990099,0.9999965728845684,0.9999965653726788,0.999996596917389,0.9999965885315539,3.1347920134036285,12.286727761175687,,1022.7676891552003,False,False,False,,[]
292,292,293,True,1.0,1.0,292.0,293.0,292.0,293.0,293.0,0.0,51.016204800000004,49.24592640000001,-166.7607565904608,0.5,0.5,0.0,1.0,0.5578590546541627,0.55794653373194,0.9999016273990099,0.9999016523361206,0.9999014499859367,0.9999965653726788,0.9999965548926649,0.9999965885315539,0.9999965750660719,5.786145824874938,22.674576959883186,,1047.989838388986,False,False,False,,[]
293,293,294,True,1.0,1.0,293.0,294.0,293.0,294.0,294.0,0.0,49.24592640000001,47.63658240000001,-143.5281508370408,0.5,0.5,0.0,1.0,0.55794653373194,0.5580174469852722,0.9999014499859367,0.9999014735221863,0.9999013084812776,0.9999965548926649,0.9999965453981614,0.9999965750660719,0.9999965624755384,4.6905046433440525,18.380715263691993,,1035.9234964438688,False,False,False,,[]
294,294,295,True,1.0,1.0,294.0,295.0,294.0,295.0,295.0,0.0,47.63658240000001,46.349107200000006,-95.41182798014333,0.5,0.5,0.0,1.0,0.5580174469852722,0.5580616267646843,0.9999013084812776,0.999901294708252,0.999901222597925,0.9999965453981614,0.9999965383228557,0.9999965624755384,0.9999965535264912,2.922165568972529,11.451398823612086,,1019.9576035646896,False,False,False,,[]
295,295,296,True,1.0,1.0,295.0,296.0,295.0,296.0,296.0,0.0,46.349107200000006,45.7053696,2.4036161238668936,0.5,0.5,0.0,1.0,0.5580616267646843,0.5580597980242799,0.999901222597925,0.9999012351036072,0.9999012191872181,0.9999965383228557,0.9999965382309253,0.9999965535264912,0.9999965532613457,-0.12094567970875461,-0.474009512830222,,997.4794820413845,False,False,False,,[]
296,296,297,True,1.0,1.0,296.0,297.0,296.0,297.0,297.0,0.0,45.7053696,46.02723840000001,150.14073564603842,0.5,0.5,0.0,1.0,0.5580597980242799,0.5579473459383695,0.9999012191872181,0.9999012351036072,0.9999009854871295,0.9999965382309253,0.9999965289874803,0.9999965532613457,0.9999965408931505,-7.434711402172701,-29.147580667970747,,863.9803469843566,False,False,False,,[]
297,297,298,True,1.0,1.0,297.0,298.0,297.0,298.0,298.0,0.0,46.02723840000001,47.47564800000001,323.31903180243864,0.5,0.5,0.0,1.0,0.5579473459383695,0.5577294952490226,0.9999009854871295,0.9999009966850281,0.9999005366385343,0.9999965289874803,0.9999965181797913,0.9999965408931505,0.9999965284209892,-14.397931068066798,-56.46689867870783,,777.5956653963073,False,False,False,,[]
298,298,299,True,1.0,1.0,298.0,299.0,298.0,299.0,299.0,0.0,47.47564800000001,50.5334016,571.4900440684581,0.5,0.5,0.0,1.0,0.5577294952490226,0.5573278538053462,0.9999005366385343,0.9999005198478699,0.9998997956390827,0.9999965181797913,0.999996503791354,0.9999965284209892,0.9999965012708961,-26.52757083848412,-104.10546220090428,,659.0741677444627,False,False,False,,[]
299,299,300,True,1.0,1.0,299.0,300.0,299.0,300.0,300.0,0.0,50.5334016,53.7520896,598.6805050799344,0.5,0.5,0.0,1.0,0.5573278538053462,0.5568810127219631,0.9998997956390827,0.9998998045921326,0.9998989994983448,0.999996503791354,0.9999964886597318,0.9999965012708961,0.9999964710076519,-29.504353889616375,-115.82120881290658,,636.1930114132449,False,False,False,,[]
300,300,301,True,1.0,1.0,300.0,301.0,300.0,301.0,301.0,0.0,53.7520896,57.29264640000001,650.874123464291,0.5,0.5,0.0,1.0,0.5568810127219631,0.5563639304331632,0.9998989994983448,0.9998989701271057,0.9998981331137884,0.9999964886597318,0.999996471513971,0.9999964710076519,0.9999964359735122,-34.12916062692971,-134.02772925694023,,603.9009665507426,False,False,False,,[]
301,301,302,True,1.0,1.0,301.0,302.0,301.0,302.0,302.0,0.0,57.29264640000001,60.35040000000001,580.0207860437421,0.5,0.5,0.0,1.0,0.5563639304331632,0.5558753297698793,0.9998981331137884,0.9998981356620789,0.9998972928501431,0.999996471513971,0.9999964549762257,0.9999964359735122,0.9999964028980215,-32.24607953093023,-126.64529192320626,,616.4315005160488,False,False,False,,[]
302,302,303,True,1.0,1.0,302.0,303.0,302.0,303.0,303.0,0.0,60.35040000000001,62.925350400000006,508.89011519189876,0.5,0.5,0.0,1.0,0.5558753297698793,0.5554315332109747,0.9998972928501431,0.999897301197052,0.9998965001879135,0.9999964549762257,0.9999964366107461,0.9999964028980215,0.9999963814282229,-29.28825743357831,-115.03206806806124,,639.8369961326533,False,False,False,,[]
303,303,304,True,1.0,1.0,303.0,304.0,303.0,304.0,304.0,0.0,62.925350400000006,64.69562880000001,387.99909921384534,0.5,0.5,0.0,1.0,0.5554315332109747,0.5550732578375914,0.9998965001879135,0.9998965263366699,0.9998958188269523,0.9999964366107461,0.9999964179048874,0.9999963814282229,0.9999963612011763,-23.64718195518149,-92.86497678094325,,682.43343828555,False,False,False,,[]
304,304,305,True,1.0,1.0,304.0,305.0,304.0,305.0,305.0,0.0,64.69562880000001,66.14403840000001,340.46343651557464,0.5,0.5,0.0,1.0,0.5550732578375914,0.5547476138650428,0.9998958188269523,0.9998958110809326,0.9998951863942026,0.9999964179048874,0.9999963993968829,0.9999963612011763,0.9999963416761176,-21.493317722601752,-84.40691768459745,,700.8099839396901,False,False,False,,[]
305,305,306,True,1.0,1.0,305.0,306.0,305.0,306.0,306.0,0.0,66.14403840000001,67.2705792,292.62573601373805,0.5,0.5,0.0,1.0,0.5547476138650428,0.5544626179431272,0.9998951863942026,0.9998952150344849,0.9998946194310159,0.9999963993968829,0.9999963848909245,0.9999963416761176,0.9999963229462068,-18.81114902457872,-73.87094296051043,,727.3107537936705,False,False,False,,[]
306,306,307,True,1.0,1.0,306.0,307.0,306.0,307.0,307.0,0.0,67.2705792,68.2361856,269.1675686004755,0.5,0.5,0.0,1.0,0.5544626179431272,0.554197546373309,0.9998946194310159,0.9998946189880371,0.9998940862779602,0.9999963848909245,0.9999963722624134,0.9999963229462068,0.9999963055598673,-17.49590045024132,-68.70655089688542,,741.6187481853498,False,False,False,,[]
307,307,308,True,1.0,1.0,307.0,308.0,307.0,308.0,308.0,0.0,68.2361856,68.8799232,220.8432993752641,0.5,0.5,0.0,1.0,0.554197546373309,0.5539748649864804,0.9998940862779602,0.9998940825462341,0.9998936285481634,0.9999963722624134,0.9999963586691976,0.9999963055598673,0.999996292182953,-14.699035352933915,-57.7190154659628,,771.9477303391203,False,False,False,,[]
308,308,309,True,1.0,1.0,308.0,309.0,308.0,309.0,309.0,0.0,68.8799232,69.6845952,246.28017959693125,0.5,0.5,0.0,1.0,0.5539748649864804,0.5537258907599291,0.9998936285481634,0.9998936057090759,0.9998931234924986,0.9999963586691976,0.999996345668453,0.999996292182953,0.999996276332205,-16.432572140981065,-64.53411952212069,,752.824247071463,False,False,False,,[]
309,309,310,True,1.0,1.0,309.0,310.0,309.0,310.0,310.0,0.0,69.6845952,70.4892672,247.20498240228773,0.5,0.5,0.0,1.0,0.5537258907599291,0.5534730429582758,0.9998931234924986,0.9998931288719177,0.9998926116133487,0.999996345668453,0.9999963325529108,0.999996276332205,0.99999626011896,-16.68717546222439,-65.53815018850999,,749.982467014294,False,False,False,,[]
310,310,311,True,1.0,1.0,310.0,311.0,310.0,311.0,311.0,0.0,70.4892672,71.2939392,248.1405262390653,0.5,0.5,0.0,1.0,0.5534730429582758,0.553216199871865,0.9998926116133487,0.9998925924301147,0.9998920927374131,0.9999963325529108,0.9999963193244864,0.99999626011896,0.999996243451551,-16.949765604344197,-66.5737279976818,,747.0343594971781,False,False,False,,[]
311,311,312,True,1.0,1.0,311.0,312.0,311.0,312.0,312.0,0.0,71.2939392,71.9376768,224.38203958726825,0.5,0.5,0.0,1.0,0.553216199871865,0.5529797778916973,0.9998920927374131,0.9998921155929565,0.9998916100584386,0.9999963193244864,0.9999963052012066,0.999996243451551,0.9999962288607508,-15.602317786736393,-61.28057725947102,,761.3803766932384,False,False,False,,[]
312,312,313,True,1.0,1.0,312.0,313.0,312.0,313.0,313.0,0.0,71.9376768,72.42048,200.44202950445037,0.5,0.5,0.0,1.0,0.5529797778916973,0.5527651544056716,0.9998916100584386,0.9998916387557983,0.9998911671743468,0.9999963052012066,0.9999962906355417,0.9999962288607508,0.9999962162654837,-14.164141025734516,-55.63040757784903,,777.5609428042718,False,False,False,,[]
313,313,314,True,1.0,1.0,313.0,314.0,313.0,314.0,314.0,0.0,72.42048,72.74234880000002,176.3153402955393,0.5,0.5,0.0,1.0,0.5527651544056716,0.552573725378598,0.9998911671743468,0.9998911619186401,0.9998907678771732,0.9999962906355417,0.999996276102529,0.9999962162654837,0.9999962056877612,-12.6339444440187,-49.618403817491654,,795.880851918897,False,False,False,,[]
314,314,315,True,1.0,1.0,314.0,315.0,314.0,315.0,315.0,0.0,72.74234880000002,73.0642176,176.7028767092094,0.5,0.5,0.0,1.0,0.552573725378598,0.5523810466994457,0.9998907678771732,0.9998907446861267,0.9998903662001655,0.999996276102529,0.999996261499649,0.9999962056877612,0.9999961950306709,-12.716107102596409,-49.94231363628299,,794.8453641972368,False,False,False,,[]
315,315,316,True,1.0,1.0,315.0,316.0,315.0,316.0,316.0,0.0,73.0642176,73.22515200000001,152.3873601679111,0.5,0.5,0.0,1.0,0.5523810466994457,0.5522115652234866,0.9998903662001655,0.9998903870582581,0.9998900092619665,0.999996261499649,0.9999962474168697,0.9999961950306709,0.9999961850179174,-11.185762322028197,-43.929598568600035,,813.4903851967413,False,False,False,,[]
316,316,317,True,1.0,1.0,316.0,317.0,316.0,317.0,317.0,0.0,73.22515200000001,73.7079552,201.99217515914643,0.5,0.5,0.0,1.0,0.5522115652234866,0.5519914514698137,0.9998900092619665,0.9998900294303894,0.9998895562457156,0.9999962474168697,0.999996232599609,0.9999961850179174,0.9999961719920493,-14.525019609511734,-57.053484952029244,,773.2406121083227,False,False,False,,[]
317,317,318,True,1.0,1.0,317.0,318.0,317.0,318.0,318.0,0.0,73.7079552,74.029824,177.87579734039767,0.5,0.5,0.0,1.0,0.5519914514698137,0.5517948598354683,0.9998895562457156,0.9998895525932312,0.999889147139727,0.999996232599609,0.9999962177874169,0.9999961719920493,0.9999961609613258,-12.97337713004341,-50.956551622331034,,791.5493251816346,False,False,False,,[]
318,318,319,True,1.0,1.0,318.0,319.0,318.0,319.0,319.0,0.0,74.029824,74.1907584,153.56543649417955,0.5,0.5,0.0,1.0,0.5517948598354683,0.5516221343254797,0.999889147139727,0.9998891353607178,0.9998887838747066,0.9999962177874169,0.9999962034800314,0.9999961609613258,0.999996150968647,-11.399037115607898,-44.770452189046566,,810.7984890914013,False,False,False,,[]
319,319,320,True,1.0,1.0,319.0,320.0,319.0,320.0,320.0,0.0,74.1907584,74.834496,227.87760085295562,0.5,0.5,0.0,1.0,0.5516221343254797,0.551372110829174,0.9998887838747066,0.9998887777328491,0.99988827696685,0.9999962034800314,0.9999961888735804,0.999996150968647,0.9999961350261061,-16.496134762706617,-64.80609024243043,,751.1662190635457,False,False,False,,[]
320,320,321,True,1.0,1.0,320.0,321.0,320.0,321.0,321.0,0.0,74.834496,75.3172992,203.9685249406325,0.5,0.5,0.0,1.0,0.551372110829174,0.5511448860378554,0.99988827696685,0.9998883008956909,0.9998878109358562,0.9999961888735804,0.9999961737452342,0.9999961350261061,0.999996121322267,-14.992346647761602,-58.896665909797306,,767.659973941545,False,False,False,,[]
321,321,322,True,1.0,1.0,321.0,322.0,321.0,322.0,322.0,0.0,75.3172992,75.80010240000001,204.5698078795907,0.5,0.5,0.0,1.0,0.5511448860378554,0.5509155051854997,0.9998878109358562,0.9998878240585327,0.9998873409832899,0.9999961737452342,0.9999961585243582,0.999996121322267,0.9999961074158691,-15.134013609028445,-59.45551693059311,,765.9880572420174,False,False,False,,[]
322,322,323,True,1.0,1.0,322.0,323.0,322.0,323.0,323.0,0.0,75.80010240000001,76.76570880000001,279.28927214985373,0.5,0.5,0.0,1.0,0.5509155051854997,0.5506067753856811,0.9998873409832899,0.9998873472213745,0.9998867352038728,0.9999961585243582,0.9999961425193815,0.9999961074158691,0.9999960896768452,-20.363511166816632,-80.02276411296576,,712.7320896157905,False,False,False,,[]
323,323,324,True,1.0,1.0,323.0,324.0,323.0,324.0,324.0,0.0,76.76570880000001,77.7313152,280.51117188431834,0.5,0.5,0.0,1.0,0.5506067753856811,0.5502931353758299,0.9998867352038728,0.9998867511749268,0.9998861215987225,0.9999961425193815,0.9999961261631178,0.9999960896768452,0.999996072120368,-20.68570257068595,-81.29549055343344,,709.7668993028109,False,False,False,,[]
324,324,325,True,1.0,1.0,324.0,325.0,324.0,325.0,325.0,0.0,77.7313152,78.857856,306.453310224033,0.5,0.5,0.0,1.0,0.5502931353758299,0.5499461372739789,0.9998861215987225,0.9998860955238342,0.9998854567666977,0.9999961261631178,0.999996106225387,0.999996072120368,0.9999960552693441,-22.881864245129844,-89.94190799977413,,689.5267497035069,False,False,False,,[]
325,325,326,True,1.0,1.0,325.0,326.0,325.0,326.0,326.0,0.0,78.857856,79.98439680000001,307.91645352421995,0.5,0.5,0.0,1.0,0.5499461372739789,0.5495931837347442,0.9998854567666977,0.9998854398727417,0.99988478315494,0.999996106225387,0.9999960859042212,0.9999960552693441,0.9999960388796029,-23.272304704073605,-91.48555736963486,,686.3297287528206,False,False,False,,[]
326,326,327,True,1.0,1.0,326.0,327.0,326.0,327.0,327.0,0.0,79.98439680000001,80.9500032,284.6958777259867,0.5,0.5,0.0,1.0,0.5495931837347442,0.5492629697470452,0.99988478315494,0.9998847842216492,0.9998841436693663,0.9999960859042212,0.9999960683306455,0.9999960388796029,0.9999960221475662,-21.772785072651452,-85.59146561157058,,700.0506065218104,False,False,False,,[]
327,327,328,True,1.0,1.0,327.0,328.0,327.0,328.0,328.0,0.0,80.9500032,82.07654400000001,310.6895730165247,0.5,0.5,0.0,1.0,0.5492629697470452,0.5488985742726127,0.9998841436693663,0.9998841285705566,0.9998834535105787,0.9999960683306455,0.9999960472863353,0.9999960221475662,0.9999960064250152,-24.022334420448004,-94.45130697292184,,680.189646532408,False,False,False,,[]
328,328,329,True,1.0,1.0,328.0,329.0,328.0,329.0,329.0,0.0,82.07654400000001,83.20308480000001,312.2128660926679,0.5,0.5,0.0,1.0,0.5488985742726127,0.548527888058894,0.9998834535105787,0.9998834729194641,0.9998827544368596,0.9999960472863353,0.9999960258465806,0.9999960064250152,0.9999959910398788,-24.434585499946614,-96.08186659588206,,676.8562975212806,False,False,False,,[]
329,329,330,True,1.0,1.0,329.0,330.0,329.0,330.0,330.0,0.0,83.20308480000001,84.3296256,313.7572115903927,0.5,0.5,0.0,1.0,0.548527888058894,0.5481508547345846,0.9998827544368596,0.9998827576637268,0.99988204650152,0.9999960258465806,0.9999960040070642,0.9999959910398788,0.9999959760144543,-24.850447602412853,-97.72703766098479,,673.5404617822496,False,False,False,,[]
330,330,331,True,1.0,1.0,330.0,331.0,330.0,331.0,331.0,0.0,84.3296256,85.45616640000001,315.3226095097106,0.5,0.5,0.0,1.0,0.5481508547345846,0.5477671782420925,0.99988204650152,0.9998820424079895,0.999881329436158,0.9999960040070642,0.9999959819453289,0.9999959760144543,0.9999959608764116,-25.285695361089292,-99.44894685393395,,669.9795786833826,False,False,False,,[]
331,331,332,True,1.0,1.0,331.0,332.0,331.0,332.0,332.0,0.0,85.45616640000001,86.5827072,316.9090598506061,0.5,0.5,0.0,1.0,0.5477671782420925,0.5473762903265621,0.999881329436158,0.9998813271522522,0.9998806026295946,0.9999959819453289,0.9999959593767223,0.9999959608764116,0.9999959454603118,-25.758232477915634,-101.31814770550173,,665.9770348509453,False,False,False,,[]
332,332,333,True,1.0,1.0,332.0,333.0,332.0,333.0,333.0,0.0,86.5827072,87.709248,318.51656261309284,0.5,0.5,0.0,1.0,0.5473762903265621,0.5469781886811983,0.9998806026295946,0.9998806118965149,0.9998798662577186,0.9999959593767223,0.9999959363607231,0.9999959454603118,0.9999959297630959,-26.230794257635534,-103.18794647830948,,662.0534570264332,False,False,False,,[]
333,333,334,True,1.0,1.0,333.0,334.0,333.0,334.0,334.0,0.0,87.709248,88.83578880000002,320.145117797167,0.5,0.5,0.0,1.0,0.5469781886811983,0.5465730846664479,0.9998798662577186,0.9998798370361328,0.9998791207741231,0.9999959363607231,0.9999959131342816,0.9999959297630959,0.9999959137816649,-26.689320869743167,-105.00296062330548,,658.3884212055312,False,False,False,,[]
334,334,335,True,1.0,1.0,334.0,335.0,334.0,335.0,335.0,0.0,88.83578880000002,89.8013952,297.0899538828151,0.5,0.5,0.0,1.0,0.5465730846664479,0.5461943792261686,0.9998791207741231,0.9998791217803955,0.999878410526688,0.9999959131342816,0.9999958927309759,0.9999959137816649,0.999995898775383,-24.950054506685586,-98.16045012038165,,673.3372974507904,False,False,False,,[]
335,335,336,True,1.0,1.0,335.0,336.0,335.0,336.0,336.0,0.0,89.8013952,90.7670016,298.5206592681122,0.5,0.5,0.0,1.0,0.5461943792261686,0.5458095666265331,0.999878410526688,0.9998784065246582,0.9998776919148874,0.9999958927309759,0.999995871894496,0.999995898775383,0.9999958835338235,-25.350089013039426,-99.74342582553629,,669.9037222737138,False,False,False,,[]
336,336,337,True,1.0,1.0,336.0,337.0,336.0,337.0,337.0,0.0,90.7670016,91.5716736,275.2620602186521,0.5,0.5,0.0,1.0,0.5458095666265331,0.5454525372009267,0.9998776919148874,0.9998776912689209,0.9998770123599579,0.999995871894496,0.9999958535744746,0.9999958835338235,0.9999958693419928,-23.52017983475203,-92.54202711719384,,686.1078666723713,False,False,False,,[]
337,337,338,True,1.0,1.0,337.0,338.0,337.0,338.0,338.0,0.0,91.5716736,91.732608,177.65993299866432,0.5,0.5,0.0,1.0,0.5454525372009267,0.545206625605257,0.9998770123599579,0.9998770356178284,0.9998765127267986,0.9999958535744746,0.9999958351999132,0.9999958693419928,0.9999958537896801,-16.20475527184412,-63.74028559757185,,751.9917710771698,False,False,False,,[]
338,338,339,True,1.0,1.0,338.0,339.0,338.0,339.0,339.0,0.0,91.732608,91.89354240000002,177.9046136944414,0.5,0.5,0.0,1.0,0.545206625605257,0.5449601826203431,0.9998765127267986,0.9998764991760254,0.9998760121510591,0.9999958351999132,0.9999958167890839,0.9999958537896801,0.9999958383961949,-16.239588544715257,-63.878021689695,,751.7073867625797,False,False,False,,[]
339,339,340,True,1.0,1.0,339.0,340.0,339.0,340.0,340.0,0.0,91.89354240000002,92.2154112,202.85449555146513,0.5,0.5,0.0,1.0,0.5449601826203431,0.5446836871531275,0.9998760121510591,0.9998760223388672,0.9998754594789682,0.9999958167890839,0.999995798229627,0.9999958383961949,0.9999958227975498,-18.21801781214383,-71.66762510226386,,732.1068805366212,False,False,False,,[]
340,340,341,True,1.0,1.0,340.0,341.0,340.0,341.0,341.0,0.0,92.2154112,92.69821440000001,228.05077666929918,0.5,0.5,0.0,1.0,0.5446836871531275,0.5443775500490432,0.9998754594789682,0.9998754858970642,0.9998748578604439,0.999995798229627,0.9999957801113698,0.9999958227975498,0.9999958077843841,-20.168732561716237,-79.35073737864822,,714.5764553122411,False,False,False,,[]
341,341,342,True,1.0,1.0,341.0,342.0,341.0,342.0,342.0,0.0,92.69821440000001,93.0200832,204.0864918554696,0.5,0.5,0.0,1.0,0.5443775500490432,0.5440973479405993,0.9998748578604439,0.9998748302459717,0.9998742989319861,0.9999957801113698,0.9999957614006866,0.9999958077843841,0.9999957922191681,-18.460970007200856,-72.62838650868001,,729.7294724825193,False,False,False,,[]
342,342,343,True,1.0,1.0,342.0,343.0,342.0,343.0,343.0,0.0,93.0200832,93.341952,204.5822978658685,0.5,0.5,0.0,1.0,0.5440973479405993,0.5438157050797224,0.9998742989319861,0.9998742938041687,0.9998737375819964,0.9999957614006866,0.9999957426300196,0.9999957922191681,0.9999957767200041,-18.555386331137758,-73.00182953926996,,728.8376392518446,False,False,False,,[]
343,343,344,True,1.0,1.0,343.0,344.0,343.0,344.0,344.0,0.0,93.341952,93.50288640000001,180.37505092129703,0.5,0.5,0.0,1.0,0.5438157050797224,0.5435619923981583,0.9998737375819964,0.9998737573623657,0.9998732241846643,0.9999957426300196,0.999995723858694,0.9999957767200041,0.9999957611024344,-16.716364889120083,-65.76232706141955,,746.5799303703853,False,False,False,,[]
344,344,345,True,1.0,1.0,344.0,345.0,344.0,345.0,345.0,0.0,93.50288640000001,93.9856896,230.03400071089283,0.5,0.5,0.0,1.0,0.5435619923981583,0.5432496931599073,0.9998732241846643,0.9998732209205627,0.9998726127092923,0.999995723858694,0.999995705556812,0.9999957611024344,0.9999957463259435,-20.572435231673946,-80.94796255465,,710.9720016240461,False,False,False,,[]
345,345,346,True,1.0,1.0,345.0,346.0,345.0,346.0,346.0,0.0,93.9856896,94.4684928,230.78479880723108,0.5,0.5,0.0,1.0,0.5432496931599073,0.5429351954619092,0.9998726127092923,0.999872624874115,0.9998719977445364,0.999995705556812,0.9999956871878372,0.9999957463259435,0.9999957317821495,-20.716378496001106,-81.5178033211339,,709.7700847965356,False,False,False,,[]
346,346,347,True,1.0,1.0,346.0,347.0,346.0,347.0,347.0,0.0,94.4684928,94.6294272,182.1299206348757,0.5,0.5,0.0,1.0,0.5429351954619092,0.5426763290845957,0.9998719977445364,0.9998719692230225,0.9998714753413291,0.9999956871878372,0.9999956681667386,0.9999957317821495,0.9999957160324479,-17.054263115423485,-67.09816499963495,,743.009673079445,False,False,False,,[]
347,347,348,True,1.0,1.0,347.0,348.0,347.0,348.0,348.0,0.0,94.6294272,94.7903616,182.38233487327398,0.5,0.5,0.0,1.0,0.5426763290845957,0.5424167134207858,0.9998714753413291,0.9998714923858643,0.9998709516346156,0.9999956681667386,0.9999956491101458,0.9999957160324479,0.9999957002567985,-17.103404992404357,-67.29238005953856,,742.4905008643452,False,False,False,,[]
348,348,349,True,1.0,1.0,348.0,349.0,348.0,349.0,349.0,0.0,94.7903616,94.95129600000001,182.63517875293107,0.5,0.5,0.0,1.0,0.5424167134207858,0.5421563469860995,0.9998709516346156,0.9998709559440613,0.9998704266233084,0.9999956491101458,0.9999956300181079,0.9999957002567985,0.9999956844552691,-17.152641126547213,-67.48697987070096,,741.9712408091498,False,False,False,,[]
349,349,350,True,1.0,1.0,349.0,350.0,349.0,350.0,350.0,0.0,94.95129600000001,94.95129600000001,158.18368075383748,0.5,0.5,0.0,1.0,0.5421563469860995,0.5419285908056065,0.9998704266233084,0.9998704195022583,0.9998699596247276,0.9999956300181079,0.9999956120555037,0.9999956844552691,0.9999956705859289,-15.005699406427167,-59.03440198378099,,765.5279792999139,False,False,False,,[]
350,350,351,True,1.0,1.0,350.0,351.0,350.0,351.0,351.0,0.0,94.95129600000001,94.7903616,133.47890923383386,0.5,0.5,0.0,1.0,0.5419285908056065,0.5417367981579044,0.9998699596247276,0.9998699426651001,0.999869559634713,0.9999956120555037,0.9999955960249278,0.9999956705859289,0.9999956603172749,-12.63772556151619,-49.712654284381905,,794.8551386315119,False,False,False,,[]
351,351,352,True,1.0,1.0,351.0,352.0,351.0,352.0,352.0,0.0,94.7903616,94.6294272,133.22563571292778,0.5,0.5,0.0,1.0,0.5417367981579044,0.5415456763912245,0.999869559634713,0.9998695850372314,0.9998691609232236,0.9999955960249278,0.9999955800226417,0.9999956603172749,0.9999956501049255,-12.593784524537332,-49.53876192343482,,795.413612535517,False,False,False,,[]
352,352,353,True,1.0,1.0,352.0,353.0,352.0,353.0,353.0,0.0,94.6294272,94.3075584,108.26802031327492,0.5,0.5,0.0,1.0,0.5415456763912245,0.5413878768941885,0.9998691609232236,0.999869167804718,0.9998688269517184,0.9999955800226417,0.9999955672296341,0.9999956501049255,0.9999956387834424,-10.399334718809834,-40.901629631730984,,822.8345553494332,False,False,False,,[]
353,353,354,True,1.0,1.0,353.0,354.0,353.0,354.0,354.0,0.0,94.3075584,93.9856896,107.76362147773914,0.5,0.5,0.0,1.0,0.5413878768941885,0.5412312204856844,0.9998688269517184,0.9998688101768494,0.9998684952427085,0.9999955672296341,0.9999955544925228,0.9999956387834424,0.9999956274908622,-10.324375743160122,-40.605341084279466,,823.8202680556624,False,False,False,,[]
354,354,355,True,1.0,1.0,354.0,355.0,354.0,355.0,355.0,0.0,93.9856896,93.66382080000001,107.26094120723073,0.5,0.5,0.0,1.0,0.5412312204856844,0.5410757016425088,0.9998684952427085,0.9998685121536255,0.9998681657879149,0.9999955544925228,0.9999955418114447,0.9999956274908622,0.9999956162278615,-10.24977071328877,-40.31048415111257,,824.8045781244779,False,False,False,,[]
355,355,356,True,1.0,1.0,355.0,356.0,355.0,356.0,356.0,0.0,93.66382080000001,93.50288640000001,131.4647510217494,0.5,0.5,0.0,1.0,0.5410757016425088,0.5408887817034298,0.9998681657879149,0.9998681545257568,0.9998677751069499,0.9999955418114447,0.9999955260085892,0.9999956162278615,0.9999956059586476,-12.31848841300797,-48.4496482092819,,798.6837021861738,False,False,False,,[]
356,356,357,True,1.0,1.0,356.0,357.0,356.0,357.0,357.0,0.0,93.50288640000001,93.341952,131.21491463089217,0.5,0.5,0.0,1.0,0.5408887817034298,0.5407024484426798,0.9998677751069499,0.9998677968978882,0.9998673855503747,0.9999955260085892,0.9999955102344179,0.9999956059586476,0.9999955956738048,-12.280058134320965,-48.29758118640554,,799.1382525707511,False,False,False,,[]
357,357,358,True,1.0,1.0,357.0,358.0,357.0,358.0,358.0,0.0,93.341952,93.1810176,130.9655078812957,0.5,0.5,0.0,1.0,0.5407024484426798,0.5405167005782961,0.9998673855503747,0.9998673796653748,0.9998669971164935,0.9999955102344179,0.9999954944889776,0.9999955956738048,0.9999955853736653,-12.241707531301952,-48.14584644823446,,799.592634863582,False,False,False,,[]
358,358,359,True,1.0,1.0,358.0,359.0,358.0,359.0,359.0,0.0,93.1810176,92.69821440000001,81.3069877329548,0.5,0.5,0.0,1.0,0.5405167005782961,0.5404015474720906,0.9998669971164935,0.9998670220375061,0.9998667571699137,0.9999954944889776,0.9999954882097182,0.9999955853736653,0.999995574601058,-7.590981228125662,-29.84768512848654,,864.9025421628716,False,False,False,,[]
359,359,360,True,1.0,1.0,359.0,360.0,359.0,360.0,360.0,0.0,92.69821440000001,92.37634560000001,105.26740577547086,0.5,0.5,0.0,1.0,0.5404015474720906,0.5402505246075733,0.9998667571699137,0.999866783618927,0.9998664366501548,0.9999954882097182,0.9999954757540601,0.999995574601058,0.9999955634628994,-9.954880078996954,-39.14512648288524,,828.7279147698365,False,False,False,,[]
360,360,361,True,1.0,1.0,360.0,361.0,360.0,361.0,361.0,0.0,92.37634560000001,92.05447680000002,104.77331833009936,0.5,0.5,0.0,1.0,0.5402505246075733,0.5401006118246977,0.9998664366501548,0.9998664259910583,0.9998661183427876,0.9999954757540601,0.9999954633550575,0.9999955634628994,0.9999955523575228,-9.882037261040868,-38.85739332135029,,829.7048275119598,False,False,False,,[]
361,361,362,True,1.0,1.0,361.0,362.0,361.0,362.0,362.0,0.0,92.05447680000002,91.89354240000002,128.9857209697549,0.5,0.5,0.0,1.0,0.5401006118246977,0.5399195006936622,0.9998661183427876,0.9998661279678345,0.9998657388281234,0.9999954633550575,0.9999954478410922,0.9999955523575228,0.9999955419467341,-11.937763190867521,-46.94400516439237,,803.2210116983841,False,False,False,,[]
362,362,363,True,1.0,1.0,362.0,363.0,362.0,363.0,363.0,0.0,91.89354240000002,91.732608,128.74018099146417,0.5,0.5,0.0,1.0,0.5399195006936622,0.53973896361172,0.9998657388281234,0.999865710735321,0.999865360420984,0.9999954478410922,0.9999954323562568,0.9999955419467341,0.9999955315235515,-11.900126720025714,-46.795211639413715,,803.6738736321965,False,False,False,,[]
363,363,364,True,1.0,1.0,363.0,364.0,363.0,364.0,364.0,0.0,91.732608,91.732608,153.19984217443778,0.5,0.5,0.0,1.0,0.53973896361172,0.539525422576481,0.999865360420984,0.9998653531074524,0.9998649195430481,0.9999954323562568,0.9999954147258092,0.9999955315235515,0.9999955191578401,-14.074328681191055,-55.349836333978295,,776.6236361855038,False,False,False,,[]
364,364,365,True,1.0,1.0,364.0,365.0,364.0,365.0,365.0,0.0,91.732608,91.5716736,128.4950706544381,0.5,0.5,0.0,1.0,0.539525422576481,0.539345458306602,0.9998649195430481,0.999864935874939,0.9998645422417646,0.9999954147258092,0.9999953992701456,0.9999955191578401,0.9999955087225765,-11.862569265672336,-46.646738752643515,,804.126568137083,False,False,False,,[]
365,365,366,True,1.0,1.0,365.0,366.0,365.0,366.0,366.0,0.0,91.5716736,91.5716736,152.95516147866465,0.5,0.5,0.0,1.0,0.539345458306602,0.5391325957101886,0.9998645422417646,0.9998645186424255,0.9998641026226327,0.9999953992701456,0.9999953816578783,0.9999955087225765,0.999995496414946,-14.029850040618214,-55.17398499036165,,777.1551166359342,False,False,False,,[]
366,366,367,True,1.0,1.0,366.0,367.0,366.0,367.0,367.0,0.0,91.5716736,91.5716736,152.95516147866465,0.5,0.5,0.0,1.0,0.5391325957101886,0.5389197330894362,0.9998641026226327,0.9998641014099121,0.9998636630034556,0.9999953816578783,0.999995364045611,0.999995496414946,0.9999954841073155,-14.029850040618214,-55.17399129902306,,777.155099206818,False,False,False,,[]
367,367,368,True,1.0,1.0,367.0,368.0,367.0,368.0,368.0,0.0,91.5716736,91.732608,177.65993299866432,0.5,0.5,0.0,1.0,0.5389197330894362,0.5386738468345089,0.9998636630034556,0.9998636841773987,0.9998631634152639,0.999995364045611,0.9999953456710495,0.9999954841073155,0.9999954685550029,-16.20475527184412,-63.73371727713749,,752.0086443126053,False,False,False,,[]
368,368,369,True,1.0,1.0,368.0,369.0,368.0,369.0,369.0,0.0,91.732608,91.732608,153.19984217443778,0.5,0.5,0.0,1.0,0.5386738468345089,0.5384603057692662,0.9998631634152639,0.9998631477355957,0.9998627225372725,0.9999953456710495,0.999995328040602,0.9999954685550029,0.9999954561892915,-14.074328681191055,-55.34984411092355,,776.6236147341455,False,False,False,,[]
369,369,370,True,1.0,1.0,369.0,370.0,369.0,370.0,370.0,0.0,91.732608,91.732608,153.19984217443778,0.5,0.5,0.0,1.0,0.5384603057692662,0.5382467646568044,0.9998627225372725,0.9998627305030823,0.9998622816591934,0.999995328040602,0.9999953104101544,0.9999954561892915,0.9999954438235802,-14.074328681191055,-55.349856350095514,,776.6235809709369,False,False,False,,[]
370,370,371,True,1.0,1.0,370.0,371.0,370.0,371.0,371.0,0.0,91.732608,91.732608,153.19984217443778,0.5,0.5,0.0,1.0,0.5382467646568044,0.5380332234838467,0.9998622816591934,0.9998622536659241,0.9998618407810023,0.9999953104101544,0.9999952927797069,0.9999954438235802,0.9999954314578688,-14.074328681191055,-55.349872030646,,776.6235377199557,False,False,False,,[]
371,371,372,True,1.0,1.0,371.0,372.0,371.0,372.0,372.0,0.0,91.732608,91.732608,153.19984217443778,0.5,0.5,0.0,1.0,0.5380332234838467,0.5378196822374877,0.9998618407810023,0.9998618364334106,0.999861399902675,0.9999952927797069,0.9999952751492593,0.9999954314578688,0.9999954190921575,-14.074328681191055,-55.34989105626664,,776.6234852387427,False,False,False,,[]
372,372,373,True,1.0,1.0,372.0,373.0,372.0,373.0,373.0,0.0,91.732608,91.732608,153.19984217443778,0.5,0.5,0.0,1.0,0.5378196822374877,0.5376061409051834,0.999861399902675,0.9998614192008972,0.9998609590241883,0.9999952751492593,0.9999952575188118,0.9999954190921575,0.9999954067264462,-14.074328681191055,-55.34991333326668,,776.6234237856424,False,False,False,,[]
373,373,374,True,1.0,1.0,373.0,374.0,373.0,374.0,374.0,0.0,91.732608,91.732608,153.19984217443778,0.5,0.5,0.0,1.0,0.5376061409051834,0.5373925994747417,0.9998609590241883,0.999860942363739,0.9998605181455196,0.9999952575188118,0.9999952398883643,0.9999954067264462,0.9999953943607348,-14.074328681191055,-55.3499387704995,,776.6233536194692,False,False,False,,[]
374,374,375,True,1.0,1.0,374.0,375.0,374.0,375.0,375.0,0.0,91.732608,91.732608,153.19984217443778,0.5,0.5,0.0,1.0,0.5373925994747417,0.5371790579343124,0.9998605181455196,0.9998605251312256,0.9998600772666468,0.9999952398883643,0.9999952222579167,0.9999953943607348,0.9999953819950235,-14.074328681191055,-55.34996727928479,,776.6232749734575,False,False,False,,[]
375,375,376,True,1.0,1.0,375.0,376.0,375.0,376.0,376.0,0.0,91.732608,91.732608,153.19984217443778,0.5,0.5,0.0,1.0,0.5371790579343124,0.5369655162723782,0.9998600772666468,0.9998600482940674,0.9998596363875487,0.9999952222579167,0.9999952046274692,0.9999953819950235,0.9999953696293121,-14.074328681191055,-55.34999877335809,,776.6231880951725,False,False,False,,[]
376,376,377,True,1.0,1.0,376.0,377.0,376.0,377.0,377.0,0.0,91.732608,91.5716736,128.4950706544381,0.5,0.5,0.0,1.0,0.5369655162723782,0.5367855513418327,0.9998596363875487,0.999859631061554,0.9998592590849893,0.9999952046274692,0.9999951891718055,0.9999953696293121,0.9999953591940485,-11.862569265672336,-46.64690999739895,,804.1260584373885,False,False,False,,[]
377,377,378,True,1.0,1.0,377.0,378.0,377.0,378.0,378.0,0.0,91.5716736,91.4107392,128.25038995866498,0.5,0.5,0.0,1.0,0.5367855513418327,0.5366061578116248,0.9998592590849893,0.9998592734336853,0.9998588828862724,0.9999951891718055,0.9999951737453548,0.9999953591940485,0.999995348747015,-11.825090760717227,-46.49880302988751,,804.5784465534978,False,False,False,,[]
378,378,379,True,1.0,1.0,378.0,379.0,378.0,379.0,379.0,0.0,91.4107392,90.927936,78.59659586414936,0.5,0.5,0.0,1.0,0.5366061578116248,0.5364966477856182,0.9998588828862724,0.9998588562011719,0.9998586559545075,0.9999951737453548,0.9999951677910343,0.999995348747015,0.9999953382501111,-7.220269954256768,-28.384998740889497,,870.5838557703566,False,False,False,,[]
379,379,380,True,1.0,1.0,379.0,380.0,379.0,380.0,380.0,0.0,90.927936,90.44513280000001,77.86642054814165,0.5,0.5,0.0,1.0,0.5364966477856182,0.536389801002277,0.9998586559545075,0.9998586773872375,0.9998584351177481,0.9999951677910343,0.9999951629012303,0.9999953382501111,0.9999953278307098,-7.045042586924177,-27.69468624205362,,873.9427856847382,False,False,False,,[]
380,380,381,True,1.0,1.0,380.0,381.0,380.0,381.0,381.0,0.0,90.44513280000001,90.123264,101.84488352344324,0.5,0.5,0.0,1.0,0.536389801002277,0.536246434426421,0.9998584351177481,0.9998584389686584,0.9998581299069782,0.9999951629012303,0.9999951508443631,0.9999953278307098,0.9999953169343294,-9.452331040764758,-37.16061646188458,,835.532943177159,False,False,False,,[]
381,381,382,True,1.0,1.0,381.0,382.0,381.0,382.0,382.0,0.0,90.123264,90.123264,150.77236907326466,0.5,0.5,0.0,1.0,0.536246434426421,0.5360399060677601,0.9998581299069782,0.9998581409454346,0.9998577020931693,0.9999951508443631,0.9999951335593222,0.9999953169343294,0.9999953052190131,-13.614307899114573,-53.53215056490879,,782.2827986769365,False,False,False,,[]
382,382,383,True,1.0,1.0,382.0,383.0,382.0,383.0,383.0,0.0,90.123264,90.123264,150.77236907326466,0.5,0.5,0.0,1.0,0.5360399060677601,0.5358333773628068,0.9998577020931693,0.9998577237129211,0.9998572742787123,0.9999951335593222,0.9999951162742814,0.9999953052190131,0.9999952935036969,-13.614307899114573,-53.53224032388525,,782.2825470999915,False,False,False,,[]
383,383,384,True,1.0,1.0,383.0,384.0,383.0,384.0,384.0,0.0,90.123264,90.28419840000001,175.47714059326435,0.5,0.5,0.0,1.0,0.5358333773628068,0.5355939022137383,0.9998572742787123,0.9998572468757629,0.9998567861199683,0.9999951162742814,0.9999950982277408,0.9999952935036969,0.9999952781585333,-15.784457243238588,-62.071958638567125,,756.6112343624399,False,False,False,,[]
384,384,385,True,1.0,1.0,384.0,385.0,384.0,385.0,385.0,0.0,90.28419840000001,90.7670016,225.12749755772518,0.5,0.5,0.0,1.0,0.5355939022137383,0.5352966750602106,0.9998567861199683,0.9998567700386047,0.9998561989503204,0.9999950982277408,0.9999950803971168,0.9999952781585333,0.9999952625988263,-19.587159368556094,-77.0412781943719,,719.769095577213,False,False,False,,[]
385,385,386,True,1.0,1.0,385.0,386.0,385.0,386.0,386.0,0.0,90.7670016,91.2498048,225.85251717865276,0.5,0.5,0.0,1.0,0.5352966750602106,0.53499704607224,0.9998561989503204,0.999856173992157,0.9998556078630295,0.9999950803971168,0.9999950624932653,0.9999952625988263,0.9999952469697232,-19.74448385707056,-77.66383368198882,,718.2511420588645,False,False,False,,[]
386,386,387,True,1.0,1.0,386.0,387.0,386.0,387.0,387.0,0.0,91.2498048,91.5716736,201.87663205088836,0.5,0.5,0.0,1.0,0.53499704607224,0.5347233323918996,0.9998556078630295,0.999855637550354,0.999855059911152,0.9999950624932653,0.9999950440560499,0.9999952469697232,0.9999952311613381,-18.037498011785324,-70.94658594420554,,733.8079038230281,False,False,False,,[]
387,387,388,True,1.0,1.0,387.0,388.0,387.0,388.0,388.0,0.0,91.5716736,91.89354240000002,202.36470451866796,0.5,0.5,0.0,1.0,0.5347233323918996,0.5344482945113591,0.999855059911152,0.9998550415039062,0.9998545097096829,0.9999950440560499,0.9999950255575767,0.9999952311613381,0.9999952155090979,-18.124168160204636,-71.28981863610949,,733.0256506947288,False,False,False,,[]
388,388,389,True,1.0,1.0,388.0,389.0,388.0,389.0,389.0,0.0,91.89354240000002,92.2154112,202.85449555146513,0.5,0.5,0.0,1.0,0.5344482945113591,0.5341718233241358,0.9998545097096829,0.9998545050621033,0.9998539570786987,0.9999950255575767,0.9999950069981198,0.9999952155090979,0.9999951999104528,-18.21801781214383,-71.66133172828019,,732.1220976983496,False,False,False,,[]
389,389,390,True,1.0,1.0,389.0,390.0,389.0,390.0,390.0,0.0,92.2154112,92.37634560000001,178.64123362929985,0.5,0.5,0.0,1.0,0.5341718233241358,0.5339232414974392,0.9998539570786987,0.9998539686203003,0.9998534527164391,0.9999950069981198,0.9999949884787168,0.9999951999104528,0.9999951844551925,-16.381232260794082,-64.43240947976759,,750.1916462288457,False,False,False,,[]
390,390,391,True,1.0,1.0,390.0,391.0,390.0,391.0,391.0,0.0,92.37634560000001,92.37634560000001,154.1828613700987,0.5,0.5,0.0,1.0,0.5339232414974392,0.5337069693589075,0.9998534527164391,0.9998534321784973,0.9998530067821975,0.9999949884787168,0.9999949707769943,0.9999951844551925,0.9999951718546922,-14.253297386116197,-56.057738307428494,,774.4926811221443,False,False,False,,[]
391,391,392,True,1.0,1.0,391.0,392.0,391.0,392.0,392.0,0.0,92.37634560000001,92.05447680000002,104.77331833009936,0.5,0.5,0.0,1.0,0.5337069693589075,0.5335570557150044,0.9998530067821975,0.9998530149459839,0.9998526884731133,0.9999949707769943,0.9999949583779917,0.9999951718546922,0.9999951607493156,-9.882037261040868,-38.85761649965594,,829.7041165753062,False,False,False,,[]
392,392,393,True,1.0,1.0,392.0,393.0,392.0,393.0,393.0,0.0,92.05447680000002,91.732608,104.28094944975128,0.5,0.5,0.0,1.0,0.5335570557150044,0.5334082464330763,0.9998526884731133,0.99985271692276,0.9998523723674727,0.9999949583779917,0.9999949460357562,0.9999951607493156,0.999995149677326,-9.809545351948437,-38.5713658757795,,830.6792638691193,False,False,False,,[]
393,393,394,True,1.0,1.0,393.0,394.0,393.0,394.0,394.0,0.0,91.732608,91.5716736,128.4950706544381,0.5,0.5,0.0,1.0,0.5334082464330763,0.5332282803041799,0.9998523723674727,0.9998523592948914,0.999851995062599,0.9999949460357562,0.9999949305800926,0.999995149677326,0.9999951392420623,-11.862569265672336,-46.64722060994567,,804.1251339179763,False,False,False,,[]
394,394,395,True,1.0,1.0,394.0,395.0,394.0,395.0,395.0,0.0,91.5716736,91.0888704,78.84084691866563,0.5,0.5,0.0,1.0,0.5332282803041799,0.5331194431421047,0.999851995062599,0.9998520016670227,0.9998517696735831,0.9999949305800926,0.9999949255939526,0.9999951392420623,0.9999951287195349,-7.175768824424119,-28.210592409895103,,871.9272067689928,False,False,False,,[]
395,395,396,True,1.0,1.0,395.0,396.0,395.0,396.0,396.0,0.0,91.0888704,90.6060672,78.10938267888541,0.5,0.5,0.0,1.0,0.5331194431421047,0.5330109386248254,0.9998517696735831,0.9998517632484436,0.9998515450465446,0.9999949255939526,0.9999949196974334,0.9999951287195349,0.9999951182741954,-7.154156276033647,-28.124370878800626,,871.6047118694167,False,False,False,,[]
396,396,397,True,1.0,1.0,396.0,397.0,396.0,397.0,397.0,0.0,90.6060672,90.28419840000001,102.08655673042036,0.5,0.5,0.0,1.0,0.5330109386248254,0.5328670327150474,0.9998515450465446,0.9998515248298645,0.9998512387535516,0.9999949196974334,0.9999949076119229,0.9999951182741954,0.9999951073596269,-9.487660178247566,-37.30041181445046,,835.048461617576,False,False,False,,[]
397,397,398,True,1.0,1.0,397.0,398.0,397.0,398.0,398.0,0.0,90.28419840000001,90.7670016,225.12749755772518,0.5,0.5,0.0,1.0,0.5328670327150474,0.5325698044476977,0.9998512387535516,0.9998512268066406,0.9998506515820831,0.9999949076119229,0.9999948897812989,0.9999951073596269,0.99999509179992,-19.587159368556094,-77.04156689703998,,719.7684242205713,False,False,False,,[]
398,398,399,True,1.0,1.0,398.0,399.0,398.0,399.0,399.0,0.0,90.7670016,91.2498048,225.85251717865276,0.5,0.5,0.0,1.0,0.5325698044476977,0.5322701740959234,0.9998506515820831,0.9998506307601929,0.9998500604925724,0.9999948897812989,0.9999948718774474,0.99999509179992,0.9999950761708168,-19.74448385707056,-77.66418717992455,,718.2503239792603,False,False,False,,[]
399,399,400,True,1.0,1.0,399.0,400.0,399.0,400.0,400.0,0.0,91.2498048,91.89354240000002,251.28617509089162,0.5,0.5,0.0,1.0,0.5322701740959234,0.5319412958204067,0.9998500604925724,0.9998500347137451,0.9998494230617543,0.9999948718774474,0.9999948549601176,0.9999950761708168,0.9999950616438275,-21.66890370864859,-85.24524901390816,,702.2148040764461,False,False,False,,[]
400,400,401,True,1.0,1.0,400.0,401.0,400.0,401.0,401.0,0.0,91.89354240000002,92.53728000000001,252.2640385914665,0.5,0.5,0.0,1.0,0.5319412958204067,0.5316092462183419,0.9998494230617543,0.9998494386672974,0.99984878076138,0.9999948549601176,0.9999948379790686,0.9999950616438275,0.9999950472845931,-21.876467431367338,-86.06725685520327,,700.4665485419639,False,False,False,,[]
401,401,402,True,1.0,1.0,401.0,402.0,401.0,402.0,402.0,0.0,92.53728000000001,93.0200832,228.54400483215505,0.5,0.5,0.0,1.0,0.5316092462183419,0.5313015085978827,0.99984878076138,0.9998487830162048,0.9998481765719273,0.9999948379790686,0.9999948198142758,0.9999950472845931,0.9999950322342753,-20.275193527445268,-79.76559122302125,,713.5865644545671,False,False,False,,[]
402,402,403,True,1.0,1.0,402.0,403.0,402.0,403.0,403.0,0.0,93.0200832,93.341952,204.5822978658685,0.5,0.5,0.0,1.0,0.5313015085978827,0.5310198858438896,0.9998481765719273,0.9998481869697571,0.9998476152556922,0.9999948198142758,0.9999948010436088,0.9999950322342753,0.9999950167351113,-18.555386331137758,-72.9966178350319,,728.8501133908866,False,False,False,,[]
403,403,404,True,1.0,1.0,403.0,404.0,403.0,404.0,404.0,0.0,93.341952,93.341952,155.67027940129537,0.5,0.5,0.0,1.0,0.5310198858438896,0.5307994711741821,0.9998476152556922,0.9998475909233093,0.9998471616862064,0.9999948010436088,0.9999947832394174,0.9999950167351113,0.9999950037749299,-14.524933619945195,-57.13148238817487,,771.2859549204633,False,False,False,,[]
404,404,405,True,1.0,1.0,404.0,405.0,404.0,405.0,405.0,0.0,93.341952,93.341952,155.67027940129537,0.5,0.5,0.0,1.0,0.5307994711741821,0.53057905613452,0.9998471616862064,0.9998471736907959,0.9998467081160405,0.9999947832394174,0.9999947654352259,0.9999950037749299,0.9999949908147485,-14.524933619945195,-57.13157828040952,,771.2856943885287,False,False,False,,[]
405,405,406,True,1.0,1.0,405.0,406.0,405.0,406.0,406.0,0.0,93.341952,93.341952,155.67027940129537,0.5,0.5,0.0,1.0,0.53057905613452,0.5303586407196463,0.9998467081160405,0.9998466968536377,0.9998462545451849,0.9999947654352259,0.9999947476310345,0.9999949908147485,0.9999949778545671,-14.524933619945195,-57.13167553525886,,771.2854301548772,False,False,False,,[]
406,406,407,True,1.0,1.0,406.0,407.0,406.0,407.0,407.0,0.0,93.341952,93.341952,155.67027940129537,0.5,0.5,0.0,1.0,0.5303586407196463,0.5301382249244583,0.9998462545451849,0.9998462796211243,0.9998458009736303,0.9999947476310345,0.999994729826843,0.9999949778545671,0.9999949648943858,-14.524933619945195,-57.13177411274453,,771.285162324528,False,False,False,,[]
407,407,408,True,1.0,1.0,407.0,408.0,407.0,408.0,408.0,0.0,93.341952,93.341952,155.67027940129537,0.5,0.5,0.0,1.0,0.5301382249244583,0.5299178087440032,0.9998458009736303,0.9998458027839661,0.9998453474013674,0.999994729826843,0.9999947120226516,0.9999949648943858,0.9999949519342044,-14.524933619945195,-57.1318739739563,,771.2848910065289,False,False,False,,[]
408,408,409,True,1.0,1.0,408.0,409.0,408.0,409.0,409.0,0.0,93.341952,93.1810176,130.9655078812957,0.5,0.5,0.0,1.0,0.5299178087440032,0.5297320605924718,0.9998453474013674,0.9998453259468079,0.9998449589669354,0.9999947120226516,0.9999946962772113,0.9999949519342044,0.9999949416340649,-12.241707531301952,-48.14592087693966,,799.5924160549592,False,False,False,,[]
409,409,410,True,1.0,1.0,409.0,410.0,409.0,410.0,410.0,0.0,93.1810176,93.0200832,130.71653077295414,0.5,0.5,0.0,1.0,0.5297320605924718,0.5295468959515219,0.9998449589669354,0.9998449683189392,0.9998445716523359,0.9999946962772113,0.9999946805605484,0.9999949416340649,0.9999949313189588,-12.20343653898256,-47.994674934213414,,800.0461659517174,False,False,False,,[]
410,410,411,True,1.0,1.0,410.0,411.0,410.0,411.0,411.0,0.0,93.0200832,92.85914880000001,130.4679833058714,0.5,0.5,0.0,1.0,0.5295468959515219,0.529362313565722,0.9998445716523359,0.9998445510864258,0.9998441854559103,0.9999946805605484,0.9999946648727088,0.9999949313189588,0.9999949209892144,-12.165245092185573,-47.84375439933522,,800.4997601091685,False,False,False,,[]
411,411,412,True,1.0,1.0,411.0,412.0,411.0,412.0,412.0,0.0,92.85914880000001,92.85914880000001,154.92463700004126,0.5,0.5,0.0,1.0,0.529362313565722,0.5291439753795646,0.9998441854559103,0.9998441934585571,0.9998437357084984,0.9999946648727088,0.9999946471190753,0.9999949209892144,0.9999949082100077,-14.388636043948605,-56.59325785201979,,772.889648087373,False,False,False,,[]
412,412,413,True,1.0,1.0,412.0,413.0,412.0,413.0,413.0,0.0,92.85914880000001,93.0200832,179.629408520039,0.5,0.5,0.0,1.0,0.5291439753795646,0.5288924502785141,0.9998437357084984,0.9998437166213989,0.9998432261549554,0.9999946471190753,0.9999946284554654,0.9999949082100077,0.9999948926360999,-16.573902723281915,-65.19530619230761,,748.1009608246403,False,False,False,,[]
413,413,414,True,1.0,1.0,413.0,414.0,413.0,414.0,414.0,0.0,93.0200832,93.1810176,179.87752634586877,0.5,0.5,0.0,1.0,0.5288924502785141,0.5286401858215997,0.9998432261549554,0.9998432397842407,0.9998427153008946,0.9999946284554654,0.9999946097559075,0.9999948926360999,0.9999948770326251,-16.622306469827276,-65.38694723221192,,747.5780923976004,False,False,False,,[]
414,414,415,True,1.0,1.0,414.0,415.0,414.0,415.0,415.0,0.0,93.1810176,93.341952,180.1260738129535,0.5,0.5,0.0,1.0,0.5286401858215997,0.5283872251922428,0.9998427153008946,0.9998427033424377,0.9998422032235798,0.9999946097559075,0.9999945910204441,0.9999948770326251,0.9999948614431329,-16.667866028515043,-65.56739512931135,,747.108698767495,False,False,False,,[]
415,415,416,True,1.0,1.0,415.0,416.0,415.0,416.0,416.0,0.0,93.341952,93.50288640000001,180.37505092129703,0.5,0.5,0.0,1.0,0.5283872251922428,0.5281335237355904,0.9998422032235798,0.9998422265052795,0.9998416898459389,0.9999945910204441,0.9999945722491185,0.9999948614431329,0.9999948458255632,-16.716364889120083,-65.75941756428774,,746.5872845559805,False,False,False,,[]
416,416,417,True,1.0,1.0,416.0,417.0,416.0,417.0,417.0,0.0,93.50288640000001,93.9856896,230.03400071089283,0.5,0.5,0.0,1.0,0.5281335237355904,0.527821236375526,0.9998416898459389,0.9998416900634766,0.9998410783894589,0.9999945722491185,0.9999945539472366,0.9999948458255632,0.9999948310490723,-20.572435231673946,-80.94488372869768,,710.978960847012,False,False,False,,[]
417,417,418,True,1.0,1.0,417.0,418.0,417.0,418.0,418.0,0.0,93.9856896,94.7903616,280.1943418472285,0.5,0.5,0.0,1.0,0.527821236375526,0.5274445223117827,0.9998410783894589,0.9998410940170288,0.999840370896641,0.9999945539472366,0.9999945343340116,0.9999948310490723,0.9999948160929321,-24.81055909478754,-97.64428532225482,,674.7489396108346,False,False,False,,[]
418,418,419,True,1.0,1.0,418.0,419.0,418.0,419.0,419.0,0.0,94.7903616,95.11223040000002,207.33995027293074,0.5,0.5,0.0,1.0,0.5274445223117827,0.5271545708418243,0.999840370896641,0.9998403787612915,0.9998397956954704,0.9999945343340116,0.999994515238893,0.9999948160929321,0.9999948006737411,-19.100260469287473,-75.15542101324694,,723.5963858277435,False,False,False,,[]
419,419,420,True,1.0,1.0,419.0,420.0,419.0,420.0,420.0,0.0,95.11223040000002,95.59503360000001,232.5516984760034,0.5,0.5,0.0,1.0,0.5271545708418243,0.5268344625057313,0.9998397956954704,0.9998397827148438,0.9998391718910756,0.999994515238893,0.9999944967172666,0.9999948006737411,0.9999947862202458,-21.084187931517572,-82.9720807153108,,706.4821659491995,False,False,False,,[]
420,420,421,True,1.0,1.0,420.0,421.0,420.0,421.0,421.0,0.0,95.59503360000001,96.2387712,258.0201573300447,0.5,0.5,0.0,1.0,0.5268344625057313,0.5264831454783824,0.9998391718910756,0.999839186668396,0.9998385006806166,0.9999944967172666,0.9999944794124825,0.9999947862202458,0.999994772224629,-23.13652546695976,-91.06137348883551,,689.779582873797,False,False,False,,[]
421,421,422,True,1.0,1.0,421.0,422.0,421.0,422.0,422.0,0.0,96.2387712,96.3997056,184.93010752636366,0.5,0.5,0.0,1.0,0.5264831454783824,0.5262159541568977,0.9998385006806166,0.9998384714126587,0.9998379638789532,0.9999944794124825,0.9999944600037399,0.999994772224629,0.9999947561933278,-17.600023368863308,-69.25599052882417,,737.2937387081504,False,False,False,,[]
422,422,423,True,1.0,1.0,422.0,423.0,422.0,423.0,423.0,0.0,96.3997056,96.3997056,160.48247629858557,0.5,0.5,0.0,1.0,0.5262159541568977,0.5259816611842311,0.9998379638789532,0.9998379349708557,0.9998374850349697,0.9999944600037399,0.9999944419124945,0.9999947561933278,0.99999474168302,-15.434349103429627,-60.72873851520039,,760.5841420499381,False,False,False,,[]
423,423,424,True,1.0,1.0,423.0,424.0,423.0,424.0,424.0,0.0,96.3997056,96.2387712,135.7777047785859,0.5,0.5,0.0,1.0,0.5259816611842311,0.5257838853462576,0.9998374850349697,0.9998374581336975,0.9998370736875617,0.9999944419124945,0.9999944256937588,0.99999474168302,0.9999947309317956,-13.030221938317027,-51.26349720272068,,789.9639572982921,False,False,False,,[]
424,424,425,True,1.0,1.0,424.0,425.0,424.0,425.0,425.0,0.0,96.2387712,95.91690240000001,110.81579296636659,0.5,0.5,0.0,1.0,0.5257838853462576,0.5256202922292605,0.9998370736875617,0.9998371005058289,0.9998367282902587,0.9999944256937588,0.9999944126234821,0.9999947309317956,0.9999947194763805,-10.779455826900127,-42.403335925636235,,817.8898425158172,False,False,False,,[]
425,425,426,True,1.0,1.0,425.0,426.0,425.0,426.0,426.0,0.0,95.91690240000001,95.59503360000001,110.30280130568998,0.5,0.5,0.0,1.0,0.5256202922292605,0.525457868998408,0.9998367282902587,0.9998367428779602,0.9998363851945242,0.9999944126234821,0.9999943996083497,0.9999947194763805,0.9999947080462991,-10.702719839209642,-42.10010143699877,,818.8814285333201,False,False,False,,[]
426,426,427,True,1.0,1.0,426.0,427.0,426.0,427.0,427.0,0.0,95.59503360000001,95.27316480000002,109.7915282100466,0.5,0.5,0.0,1.0,0.525457868998408,0.5252966101143248,0.9998363851945242,0.9998363852500916,0.9998360443922854,0.9999943996083497,0.9999943866485208,0.9999947080462991,0.9999946966422902,-10.626340210988124,-41.79830275434839,,819.8717593730822,False,False,False,,[]
427,427,428,True,1.0,1.0,427.0,428.0,427.0,428.0,428.0,0.0,95.27316480000002,95.11223040000002,133.98674519942836,0.5,0.5,0.0,1.0,0.5252966101143248,0.5251034911123292,0.9998360443922854,0.9998360276222229,0.9998356418775668,0.9999943866485208,0.9999943705676442,0.9999946966422902,0.9999946862680876,-12.724878922514527,-50.05644531725158,,793.7606897618678,False,False,False,,[]
428,428,429,True,1.0,1.0,428.0,429.0,428.0,429.0,429.0,0.0,95.11223040000002,94.95129600000001,133.73261239600467,0.5,0.5,0.0,1.0,0.5251034911123292,0.5249110330590332,0.9998356418775668,0.9998356699943542,0.9998352406204626,0.9999943705676442,0.9999943545088303,0.9999946862680876,0.9999946759467788,-12.681527254683083,-49.885127414328174,,794.3039596569486,False,False,False,,[]
429,429,430,True,1.0,1.0,429.0,430.0,429.0,430.0,430.0,0.0,94.95129600000001,94.7903616,133.47890923383386,0.5,0.5,0.0,1.0,0.5249110330590332,0.5247192427408164,0.9998352406204626,0.9998352527618408,0.9998348406348857,0.9999943545088303,0.9999943384782545,0.9999946759467788,0.9999946656781249,-12.63772556151619,-49.712050481791756,,794.856890761592,False,False,False,,[]
430,430,431,True,1.0,1.0,430.0,431.0,430.0,431.0,431.0,0.0,94.7903616,94.4684928,108.52086419293006,0.5,0.5,0.0,1.0,0.5247192427408164,0.5245608703123534,0.9998348406348857,0.9998348355293274,0.9998345055303954,0.9999943384782545,0.9999943256573517,0.9999946656781249,0.9999946543424479,-10.436947089958345,-41.050133457603934,,822.3417373980312,False,False,False,,[]
431,431,432,True,1.0,1.0,431.0,432.0,431.0,432.0,432.0,0.0,94.4684928,94.3075584,132.72037759487634,0.5,0.5,0.0,1.0,0.5245608703123534,0.5243709993934234,0.9998345055303954,0.9998344779014587,0.9998341092053965,0.9999943256573517,0.9999943097117979,0.9999946543424479,0.9999946441564272,-12.511837200719778,-49.214542186686664,,796.4097889510216,False,False,False,,[]
432,432,433,True,1.0,1.0,432.0,433.0,432.0,433.0,433.0,0.0,94.3075584,94.146624,132.46839299773882,0.5,0.5,0.0,1.0,0.5243709993934234,0.5241817205351188,0.9998341092053965,0.9998341202735901,0.9998337140112116,0.9999943097117979,0.9999942937946857,0.9999946441564272,0.9999946339530882,-12.473007576479228,-49.061080072536264,,796.8643527685084,False,False,False,,[]
433,433,434,True,1.0,1.0,433.0,434.0,433.0,434.0,434.0,0.0,94.146624,93.9856896,132.2168380418562,0.5,0.5,0.0,1.0,0.5241817205351188,0.5239930324769715,0.9998337140112116,0.9998337030410767,0.9998333199462146,0.9999942937946857,0.9999942779060648,0.9999946339530882,0.9999946237327726,-12.43425794961859,-48.90794467177597,,797.3187799708583,False,False,False,,[]
434,434,435,True,1.0,1.0,434.0,435.0,434.0,435.0,435.0,0.0,93.9856896,93.9856896,156.6704842472301,0.5,0.5,0.0,1.0,0.5239930324769715,0.5237696820447183,0.9998333199462146,0.999833345413208,0.9998328609908456,0.9999942779060648,0.9999942600366135,0.9999946237327726,0.9999946103954253,-14.717030182964484,-57.89243204003561,,768.962952597162,False,False,False,,[]
435,435,436,True,1.0,1.0,435.0,436.0,435.0,436.0,436.0,0.0,93.9856896,93.8247552,131.96571272722844,0.5,0.5,0.0,1.0,0.5237696820447183,0.5235815829841131,0.9998328609908456,0.9998328685760498,0.9998324680523669,0.9999942600366135,0.9999942441765327,0.9999946103954253,0.999994600158473,-12.395588256210521,-48.75527650886438,,797.7726560419801,False,False,False,,[]
436,436,437,True,1.0,1.0,436.0,437.0,436.0,437.0,437.0,0.0,93.8247552,93.66382080000001,131.71501705386342,0.5,0.5,0.0,1.0,0.5235815829841131,0.5233940722126051,0.9998324680523669,0.9998324513435364,0.9998320762398236,0.9999942441765327,0.9999942283450406,0.999994600158473,0.9999945899052218,-12.356998432121308,-48.602791974844656,,798.2268067795732,False,False,False,,[]
437,437,438,True,1.0,1.0,437.0,438.0,437.0,438.0,438.0,0.0,93.66382080000001,93.50288640000001,131.4647510217494,0.5,0.5,0.0,1.0,0.5233940722126051,0.5232071484756478,0.9998320762398236,0.9998320937156677,0.9998316855515823,0.9999942283450406,0.9999942125421851,0.9999945899052218,0.9999945796360079,-12.31848841300797,-48.450632619351055,,798.6808153950873,False,False,False,,[]
438,438,439,True,1.0,1.0,438.0,439.0,438.0,439.0,439.0,0.0,93.50288640000001,93.341952,131.21491463089217,0.5,0.5,0.0,1.0,0.5232071484756478,0.5230208105206393,0.9998316855515823,0.9998316764831543,0.9998312959860073,0.9999942125421851,0.9999941967680138,0.9999945796360079,0.9999945693511652,-12.280058134320965,-48.298797938191605,,799.1346799832305,False,False,False,,[]
439,439,440,True,1.0,1.0,439.0,440.0,439.0,440.0,440.0,0.0,93.341952,93.1810176,130.9655078812957,0.5,0.5,0.0,1.0,0.5230208105206393,0.5228350570968991,0.9998312959860073,0.9998313188552856,0.9998309075414605,0.9999941967680138,0.9999941810225735,0.9999945693511652,0.9999945590510256,-12.241707531301952,-48.147287433454636,,799.5883986183231,False,False,False,,[]
440,440,441,True,1.0,1.0,440.0,441.0,440.0,441.0,441.0,0.0,93.1810176,93.1810176,155.42130229295384,0.5,0.5,0.0,1.0,0.5228350570968991,0.522615328472425,0.9998309075414605,0.9998309016227722,0.9998304552335903,0.9999941810225735,0.9999941632350827,0.9999945590510256,0.9999945461514227,-14.479394233072595,-56.953659463700085,,771.8154573360138,False,False,False,,[]
441,441,442,True,1.0,1.0,441.0,442.0,441.0,442.0,442.0,0.0,93.1810176,93.1810176,155.42130229295384,0.5,0.5,0.0,1.0,0.522615328472425,0.5223955991347431,0.9998304552335903,0.9998304843902588,0.9998300029244078,0.9999941632350827,0.9999941454475919,0.9999945461514227,0.9999945332518198,-14.479394233072595,-56.95384432713016,,771.8149543131442,False,False,False,,[]
442,442,443,True,1.0,1.0,442.0,443.0,442.0,443.0,443.0,0.0,93.1810176,93.1810176,155.42130229295384,0.5,0.5,0.0,1.0,0.5223955991347431,0.5221758690884609,0.9998300029244078,0.9998300075531006,0.9998295506139216,0.9999941454475919,0.9999941276601011,0.9999945332518198,0.9999945203522168,-14.479394233072595,-56.95402799632586,,771.8144545381938,False,False,False,,[]
443,443,444,True,1.0,1.0,443.0,444.0,443.0,444.0,444.0,0.0,93.1810176,93.1810176,155.42130229295384,0.5,0.5,0.0,1.0,0.5221758690884609,0.5219561383380713,0.9998295506139216,0.9998295307159424,0.9998290983021401,0.9999941276601011,0.9999941098726103,0.9999945203522168,0.9999945074526139,-14.479394233072595,-56.954210500987855,,771.8139579362845,False,False,False,,[]
444,444,445,True,1.0,1.0,444.0,445.0,444.0,445.0,445.0,0.0,93.1810176,93.341952,180.1260738129535,0.5,0.5,0.0,1.0,0.5219561383380713,0.5217031692495979,0.9998290983021401,0.999829113483429,0.9998285862099693,0.9999941098726103,0.9999940911371469,0.9999945074526139,0.9999944918631216,-16.667866028515043,-65.56958773228966,,747.1031479582175,False,False,False,,[]
445,445,446,True,1.0,1.0,445.0,446.0,445.0,446.0,446.0,0.0,93.341952,93.50288640000001,180.37505092129703,0.5,0.5,0.0,1.0,0.5217031692495979,0.521449459000074,0.9998285862099693,0.999828577041626,0.9998280728169036,0.9999940911371469,0.9999940723658213,0.9999944918631216,0.9999944762455519,-16.716364889120083,-65.76169667660052,,746.5815237475795,False,False,False,,[]
446,446,447,True,1.0,1.0,446.0,447.0,446.0,447.0,447.0,0.0,93.50288640000001,93.50288640000001,155.91968615089382,0.5,0.5,0.0,1.0,0.521449459000074,0.5212283349682427,0.9998280728169036,0.9998281002044678,0.9998276179441211,0.9999940723658213,0.9999940545450825,0.9999944762455519,0.9999944632245372,-14.570580120659281,-57.31534905067755,,770.7407906196921,False,False,False,,[]
447,447,448,True,1.0,1.0,447.0,448.0,447.0,448.0,448.0,0.0,93.50288640000001,93.66382080000001,180.6244576708935,0.5,0.5,0.0,1.0,0.5212283349682427,0.5209738813603144,0.9998276179441211,0.9998276233673096,0.9998271032477488,0.9999940545450825,0.9999940357379385,0.9999944632245372,0.9999944475789406,-16.764957970259072,-65.95437517501618,,746.0593226549223,False,False,False,,[]
448,448,449,True,1.0,1.0,448.0,449.0,448.0,449.0,449.0,0.0,93.66382080000001,93.66382080000001,156.16952254174907,0.5,0.5,0.0,1.0,0.5209738813603144,0.5207520579216377,0.9998271032477488,0.9998270869255066,0.9998266470911548,0.9999940357379385,0.9999940179008067,0.9999944475789406,0.9999944344968369,-14.616333924570402,-57.49663530499832,,770.20339766416,False,False,False,,[]
449,449,450,True,1.0,1.0,449.0,450.0,449.0,450.0,450.0,0.0,93.66382080000001,93.66382080000001,156.16952254174907,0.5,0.5,0.0,1.0,0.5207520579216377,0.5205302338474902,0.9998266470911548,0.9998266696929932,0.9998261909333949,0.9999940179008067,0.9999940000636748,0.9999944344968369,0.9999944214147332,-14.616333924570402,-57.4968000190317,,770.2029515352277,False,False,False,,[]
450,450,451,True,1.0,1.0,450.0,451.0,450.0,451.0,451.0,0.0,93.66382080000001,93.50288640000001,131.4647510217494,0.5,0.5,0.0,1.0,0.5205302338474902,0.5203433029966009,0.9998261909333949,0.999826192855835,0.9998258002315242,0.9999940000636748,0.9999939842608193,0.9999944214147332,0.9999944111455192,-12.31848841300797,-48.45247655051451,,798.67540811614,False,False,False,,[]
451,451,452,True,1.0,1.0,451.0,452.0,451.0,452.0,452.0,0.0,93.50288640000001,93.341952,131.21491463089217,0.5,0.5,0.0,1.0,0.5203433029966009,0.520156957983985,0.9998258002315242,0.9998257756233215,0.9998254106524186,0.9999939842608193,0.999993968486648,0.9999944111455192,0.9999944008606765,-12.280058134320965,-48.30062727004893,,799.1293088291596,False,False,False,,[]
452,452,453,True,1.0,1.0,452.0,453.0,452.0,453.0,453.0,0.0,93.341952,93.341952,155.67027940129537,0.5,0.5,0.0,1.0,0.520156957983985,0.5199365268447955,0.9998254106524186,0.9998254179954529,0.9998249570526598,0.999993968486648,0.9999939506824566,0.9999944008606765,0.9999943879004951,-14.524933619945195,-57.13575127790976,,771.2743568159561,False,False,False,,[]
453,453,454,True,1.0,1.0,453.0,454.0,453.0,454.0,454.0,0.0,93.341952,93.341952,155.67027940129537,0.5,0.5,0.0,1.0,0.5199365268447955,0.519716095040393,0.9998249570526598,0.9998249411582947,0.9998245034516784,0.9999939506824566,0.9999939328782651,0.9999943879004951,0.9999943749403137,-14.524933619945195,-57.135923701143874,,771.2738883714618,False,False,False,,[]
454,454,455,True,1.0,1.0,454.0,455.0,454.0,455.0,455.0,0.0,93.341952,93.341952,155.67027940129537,0.5,0.5,0.0,1.0,0.519716095040393,0.519495662574092,0.9998245034516784,0.9998245239257812,0.9998240498494804,0.9999939328782651,0.9999939150740736,0.9999943749403137,0.9999943619801324,-14.524933619945195,-57.13609526523097,,771.2734222625537,False,False,False,,[]
455,455,456,True,1.0,1.0,455.0,456.0,455.0,456.0,456.0,0.0,93.341952,93.341952,155.67027940129537,0.5,0.5,0.0,1.0,0.519495662574092,0.5192752294491273,0.9998240498494804,0.999824047088623,0.9998235962460716,0.9999939150740736,0.9999938972698822,0.9999943619801324,0.999994349019951,-14.524933619945195,-57.136265990850134,,771.2729584284639,False,False,False,,[]
456,456,457,True,1.0,1.0,456.0,457.0,456.0,457.0,457.0,0.0,93.341952,93.341952,155.67027940129537,0.5,0.5,0.0,1.0,0.5192752294491273,0.5190547956686561,0.9998235962460716,0.9998235702514648,0.999823142641458,0.9999938972698822,0.9999938794656907,0.999994349019951,0.9999943360597696,-14.524933619945195,-57.13643589813035,,771.2724968164159,False,False,False,,[]
457,457,458,True,1.0,1.0,457.0,458.0,457.0,458.0,458.0,0.0,93.341952,93.1810176,130.9655078812957,0.5,0.5,0.0,1.0,0.5190547956686561,0.5188690324675567,0.999823142641458,0.9998231530189514,0.9998227541781538,0.9999938794656907,0.9999938637202505,0.9999943360597696,0.9999943257596301,-12.241707531301952,-48.14982172496963,,799.5809483739749,False,False,False,,[]
458,458,459,True,1.0,1.0,458.0,459.0,458.0,459.0,459.0,0.0,93.1810176,93.1810176,155.42130229295384,0.5,0.5,0.0,1.0,0.5188690324675567,0.5186492923310176,0.9998227541781538,0.999822735786438,0.9998223018491038,0.9999938637202505,0.9999938459327596,0.9999943257596301,0.9999943128600272,-14.479394233072595,-56.956643390912355,,771.8073380204603,False,False,False,,[]
459,459,460,True,1.0,1.0,459.0,460.0,459.0,460.0,460.0,0.0,93.1810176,93.341952,180.1260738129535,0.5,0.5,0.0,1.0,0.5186492923310176,0.5183963124734906,0.9998223018491038,0.9998223185539246,0.9998217897380208,0.9999938459327596,0.9999938271972962,0.9999943128600272,0.9999942972705349,-16.667866028515043,-65.57237907099622,,747.096081527009,False,False,False,,[]
460,460,461,True,1.0,1.0,460.0,461.0,460.0,461.0,461.0,0.0,93.341952,93.50288640000001,180.37505092129703,0.5,0.5,0.0,1.0,0.5183963124734906,0.5181425914549772,0.9998217897380208,0.9998217821121216,0.9998212763260638,0.9999938271972962,0.9999938084259706,0.9999942972705349,0.9999942816529652,-16.716364889120083,-65.76448799867121,,746.5744683795111,False,False,False,,[]
461,461,462,True,1.0,1.0,461.0,462.0,461.0,462.0,462.0,0.0,93.50288640000001,93.50288640000001,155.91968615089382,0.5,0.5,0.0,1.0,0.5181425914549772,0.5179214580661674,0.9998212763260638,0.9998213052749634,0.9998208214360981,0.9999938084259706,0.9999937906052319,0.9999942816529652,0.9999942686319505,-14.570580120659281,-57.31777437949217,,770.7342114871278,False,False,False,,[]
462,462,463,True,1.0,1.0,462.0,463.0,462.0,463.0,463.0,0.0,93.50288640000001,93.66382080000001,180.6244576708935,0.5,0.5,0.0,1.0,0.5179214580661674,0.5176669937256625,0.9998208214360981,0.9998208284378052,0.9998203067209193,0.9999937906052319,0.9999937717980879,0.9999942686319505,0.9999942529863539,-16.764957970259072,-65.95715705886519,,746.0523021414733,False,False,False,,[]
463,463,464,True,1.0,1.0,463.0,464.0,463.0,464.0,464.0,0.0,93.66382080000001,93.8247552,180.87429406174678,0.5,0.5,0.0,1.0,0.5176669937256625,0.5174117853378863,0.9998203067209193,0.9998202919960022,0.999819790702699,0.9999937717980879,0.99999375295517,0.9999942529863539,0.9999942373127814,-16.813645371171113,-66.15001411157738,,745.5305257223552,False,False,False,,[]
464,464,465,True,1.0,1.0,464.0,465.0,464.0,465.0,465.0,0.0,93.8247552,93.8247552,156.41978857386115,0.5,0.5,0.0,1.0,0.5174117853378863,0.5171892521716047,0.999819790702699,0.999819815158844,0.9998193332445635,0.99999375295517,0.9999937351018003,0.9999942373127814,0.9999942241693319,-14.662195221138955,-57.680596700207836,,769.6595294199745,False,False,False,,[]
465,465,466,True,1.0,1.0,465.0,466.0,465.0,466.0,466.0,0.0,93.8247552,93.8247552,156.41978857386115,0.5,0.5,0.0,1.0,0.5171892521716047,0.5169667184181768,0.9998193332445635,0.9998193383216858,0.9998188757853518,0.9999937351018003,0.9999937172484307,0.9999942241693319,0.9999942110258825,-14.662195221138955,-57.68074888851424,,769.6591178544655,False,False,False,,[]
466,466,467,True,1.0,1.0,466.0,467.0,466.0,467.0,467.0,0.0,93.8247552,93.66382080000001,131.71501705386342,0.5,0.5,0.0,1.0,0.5169667184181768,0.5167791917772558,0.9998188757853518,0.9998188614845276,0.9998184839424257,0.9999937172484307,0.9999937014169386,0.9999942110258825,0.9999942007726313,-12.356998432121308,-48.6069053267151,,798.2147596211414,False,False,False,,[]
467,467,468,True,1.0,1.0,467.0,468.0,467.0,468.0,468.0,0.0,93.66382080000001,93.50288640000001,131.4647510217494,0.5,0.5,0.0,1.0,0.5167791917772558,0.5165922522845654,0.9998184839424257,0.9998185038566589,0.9998180932239986,0.9999937014169386,0.9999936856140831,0.9999942007726313,0.9999941905034174,-12.31848841300797,-48.454716505348884,,798.66883961214,False,False,False,,[]
468,468,469,True,1.0,1.0,468.0,469.0,468.0,469.0,469.0,0.0,93.50288640000001,93.341952,131.21491463089217,0.5,0.5,0.0,1.0,0.5165922522845654,0.5164058986856084,0.9998180932239986,0.9998180866241455,0.9998177036284317,0.9999936856140831,0.9999936698399118,0.9999941905034174,0.9999941802185747,-12.280058134320965,-48.30285284965025,,799.1227743497403,False,False,False,,[]
469,469,470,True,1.0,1.0,469.0,470.0,469.0,470.0,470.0,0.0,93.341952,93.0200832,106.26073636129603,0.5,0.5,0.0,1.0,0.5164058986856084,0.5162526214716564,0.9998177036284317,0.9998177289962769,0.9998173786233975,0.9999936698399118,0.999993657271295,0.9999941802185747,0.9999941690167142,-10.101620504921613,-39.72945385634093,,826.7549854087014,False,False,False,,[]
470,470,471,True,1.0,1.0,470.0,471.0,470.0,471.0,471.0,0.0,93.0200832,92.53728000000001,81.05844026587009,0.5,0.5,0.0,1.0,0.5162526214716564,0.5161392071959924,0.9998173786233975,0.9998173713684082,0.999817142701704,0.999993657271295,0.9999936520636079,0.9999941690167142,0.9999941582685898,-7.475623727534162,-29.396980252117498,,867.3310807811968,False,False,False,,[]
471,471,472,True,1.0,1.0,471.0,472.0,471.0,472.0,472.0,0.0,92.53728000000001,91.89354240000002,55.610604192157325,0.5,0.5,0.0,1.0,0.5161392071959924,0.5160593711958429,0.999817142701704,0.9998171329498291,0.9998169819953736,0.9999936520636079,0.9999936478023207,0.9999941582685898,0.9999941495839977,-5.263121286497099,-20.693491238735223,,901.8331912304784,False,False,False,,[]
472,472,473,True,1.0,1.0,472.0,473.0,472.0,473.0,473.0,0.0,91.89354240000002,91.732608,128.74018099146417,0.5,0.5,0.0,1.0,0.5160593711958429,0.515878811635684,0.9998169819953736,0.9998169541358948,0.999816603544853,0.9999936478023207,0.9999936323174853,0.9999941495839977,0.999994139160815,-11.900126720025714,-46.801037993158126,,803.6565535571586,False,False,False,,[]
473,473,474,True,1.0,1.0,473.0,474.0,473.0,474.0,474.0,0.0,91.732608,91.0888704,54.380756094439064,0.5,0.5,0.0,1.0,0.515878811635684,0.5158021305024486,0.999816603544853,0.9998165965080261,0.9998164496647843,0.9999936323174853,0.9999936288752472,0.999994139160815,0.9999941306556723,-5.055533260456961,-19.875749734616708,,905.7835468123637,False,False,False,,[]
474,474,475,True,1.0,1.0,474.0,475.0,474.0,475.0,475.0,0.0,91.0888704,90.28419840000001,28.69983963888605,0.5,0.5,0.0,1.0,0.5158021305024486,0.5157608120889526,0.9998164496647843,0.9998164772987366,0.9998163695683073,0.9999936288752472,0.9999936270729737,0.9999941306556723,0.9999941253387308,-2.7245518074692554,-10.709732778149917,,946.5687710412975,False,False,False,,[]
475,475,476,True,1.0,1.0,475.0,476.0,475.0,476.0,476.0,0.0,90.28419840000001,90.123264,126.3084114777265,0.5,0.5,0.0,1.0,0.5157608120889526,0.5155859245429811,0.9998163695683073,0.999816358089447,0.9998160020991681,0.9999936270729737,0.999993611881652,0.9999941253387308,0.9999941148085211,-11.528096777492749,-45.330851915807564,,808.1748559643886,False,False,False,,[]
476,476,477,True,1.0,1.0,476.0,477.0,476.0,477.0,477.0,0.0,90.123264,89.8013952,101.36282603326335,0.5,0.5,0.0,1.0,0.5155859245429811,0.5154436115057114,0.9998160020991681,0.9998160004615784,0.9998156990040711,0.999993611881652,0.9999935998821365,0.9999941148085211,0.9999941039489185,-9.38193348405915,-36.88753926030494,,836.4829250540597,False,False,False,,[]
477,477,478,True,1.0,1.0,477.0,478.0,477.0,478.0,478.0,0.0,89.8013952,89.31859200000001,76.1777155881151,0.5,0.5,0.0,1.0,0.5154436115057114,0.5153401998729709,0.9998156990040711,0.9998157024383545,0.9998154859843246,0.9999935998821365,0.9999935951578043,0.9999941039489185,0.999994093734384,-6.818372786515816,-26.804295206333915,,877.4604738172527,False,False,False,,[]
478,478,479,True,1.0,1.0,478.0,479.0,478.0,479.0,479.0,0.0,89.31859200000001,88.83578880000002,75.46042950981077,0.5,0.5,0.0,1.0,0.5153401998729709,0.5152371472871381,0.9998154859843246,0.9998154640197754,0.9998152737787352,0.9999935951578043,0.9999935895722605,0.999994093734384,0.9999940836119389,-6.794979837198244,-26.711230247858825,,877.2074997211399,False,False,False,,[]
479,479,480,True,1.0,1.0,479.0,480.0,479.0,480.0,480.0,0.0,88.83578880000002,88.67485440000002,124.1565532428174,0.5,0.5,0.0,1.0,0.5152371472871381,0.51506725947513,0.9998152737787352,0.9998152852058411,0.999814916046835,0.9999935895722605,0.9999935746482604,0.9999940836119389,0.9999940730106587,-11.199969374463201,-44.03492087249564,,812.2247741183807,False,False,False,,[]
480,480,481,True,1.0,1.0,480.0,481.0,480.0,481.0,481.0,0.0,88.67485440000002,88.51392000000001,123.91960608966943,0.5,0.5,0.0,1.0,0.51506725947513,0.5148979205564594,0.999814916046835,0.9998149275779724,0.9998145593871779,0.9999935746482604,0.9999935597541314,0.9999940730106587,0.999994062402899,-11.163900238580947,-43.89264771941817,,812.6733000286672,False,False,False,,[]
481,481,482,True,1.0,1.0,481.0,482.0,481.0,482.0,482.0,0.0,88.51392000000001,88.3529856,123.6830885777744,0.5,0.5,0.0,1.0,0.5148979205564594,0.5147291293343793,0.9998145593871779,0.9998145699501038,0.9998142037980625,0.9999935597541314,0.9999935448899052,0.999994062402899,0.9999940517889367,-11.127908735911719,-43.75068476316492,,813.1216219841759,False,False,False,,[]
482,482,483,True,1.0,1.0,482.0,483.0,482.0,483.0,483.0,0.0,88.3529856,88.3529856,148.15177222713982,0.5,0.5,0.0,1.0,0.5147291293343793,0.5145303659477837,0.9998142037980625,0.9998142123222351,0.9998137905839082,0.9999935448899052,0.9999935280557022,0.9999940517889367,0.9999940409451907,-13.102758179169927,-51.519469805584556,,788.7911197528581,False,False,False,,[]
483,483,484,True,1.0,1.0,483.0,484.0,483.0,484.0,484.0,0.0,88.3529856,88.3529856,148.15177222713982,0.5,0.5,0.0,1.0,0.5145303659477837,0.5143316016089968,0.9998137905839082,0.9998137950897217,0.999813377367955,0.9999935280557022,0.9999935112214992,0.9999940409451907,0.9999940301014447,-13.102758179169927,-51.51971661355733,,788.7904153826071,False,False,False,,[]
484,484,485,True,1.0,1.0,484.0,485.0,484.0,485.0,485.0,0.0,88.3529856,88.3529856,148.15177222713982,0.5,0.5,0.0,1.0,0.5143316016089968,0.5141328363327801,0.999813377367955,0.9998133778572083,0.9998129641502308,0.9999935112214992,0.9999934943872961,0.9999940301014447,0.9999940192576987,-13.102758179169927,-51.51995959538582,,788.789721938675,False,False,False,,[]
485,485,486,True,1.0,1.0,485.0,486.0,485.0,486.0,486.0,0.0,88.3529856,88.3529856,148.15177222713982,0.5,0.5,0.0,1.0,0.5141328363327801,0.5139340701335005,0.9998129641502308,0.9998129606246948,0.9998125509307628,0.9999934943872961,0.9999934775530931,0.9999940192576987,0.9999940084139527,-13.102758179169927,-51.520198853269,,788.7890391204514,False,False,False,,[]
486,486,487,True,1.0,1.0,486.0,487.0,486.0,487.0,487.0,0.0,88.3529856,88.3529856,148.15177222713982,0.5,0.5,0.0,1.0,0.5139340701335005,0.5137353030251416,0.9998125509307628,0.9998125433921814,0.9998121377095774,0.9999934775530931,0.9999934607188901,0.9999940084139527,0.9999939975702067,-13.102758179169927,-51.52043448662785,,788.7883666478444,False,False,False,,[]
487,487,488,True,1.0,1.0,487.0,488.0,487.0,488.0,488.0,0.0,88.3529856,88.51392000000001,172.85654374714147,0.5,0.5,0.0,1.0,0.5137353030251416,0.5135040767216283,0.9998121377095774,0.999812126159668,0.9998116644095263,0.9999934607188901,0.9999934430767691,0.9999939975702067,0.9999939830696062,-15.240841490174732,-59.93385787064195,,762.9516594011051,False,False,False,,[]
488,488,489,True,1.0,1.0,488.0,489.0,488.0,489.0,489.0,0.0,88.51392000000001,88.51392000000001,148.38786009777604,0.5,0.5,0.0,1.0,0.5135040767216283,0.5133046335310062,0.9998116644095263,0.9998116493225098,0.9998112499116485,0.9999934430767691,0.9999934262015904,0.9999939830696062,0.9999939721737122,-13.146992354638241,-51.69567500924784,,788.2307370181677,False,False,False,,[]
489,489,490,True,1.0,1.0,489.0,490.0,489.0,490.0,490.0,0.0,88.51392000000001,88.51392000000001,148.38786009777604,0.5,0.5,0.0,1.0,0.5133046335310062,0.5131051894842392,0.9998112499116485,0.9998112320899963,0.9998108354121547,0.9999934262015904,0.9999934093264117,0.9999939721737122,0.9999939612778183,-13.146992354638241,-51.695896922008124,,788.2301046834613,False,False,False,,[]
490,490,491,True,1.0,1.0,490.0,491.0,490.0,491.0,491.0,0.0,88.51392000000001,88.51392000000001,148.38786009777604,0.5,0.5,0.0,1.0,0.5131051894842392,0.5129057445934214,0.9998108354121547,0.9998108148574829,0.9998104209110676,0.9999934093264117,0.999993392451233,0.9999939612778183,0.9999939503819243,-13.146992354638241,-51.696115699963876,,788.229481284799,False,False,False,,[]
491,491,492,True,1.0,1.0,491.0,492.0,491.0,492.0,492.0,0.0,88.51392000000001,88.51392000000001,148.38786009777604,0.5,0.5,0.0,1.0,0.5129057445934214,0.5127062988703253,0.9998104209110676,0.9998103976249695,0.9998100064084096,0.999993392451233,0.9999933755760543,0.9999939503819243,0.9999939394860303,-13.146992354638241,-51.69633142652365,,788.2288665740912,False,False,False,,[]
492,492,493,True,1.0,1.0,492.0,493.0,492.0,493.0,493.0,0.0,88.51392000000001,88.51392000000001,148.38786009777604,0.5,0.5,0.0,1.0,0.5127062988703253,0.5125068523264099,0.9998100064084096,0.999809980392456,0.9998095919042022,0.9999933755760543,0.9999933587008756,0.9999939394860303,0.9999939285901364,-13.146992354638241,-51.69654418285434,,788.228260335946,False,False,False,,[]
493,493,494,True,1.0,1.0,493.0,494.0,493.0,494.0,494.0,0.0,88.51392000000001,88.67485440000002,173.0926316177757,0.5,0.5,0.0,1.0,0.5125068523264099,0.5122748870420197,0.9998095919042022,0.9998095631599426,0.9998091172660759,0.9999933587008756,0.9999933410218471,0.9999939285901364,0.9999939140256942,-15.28890924289446,-60.125401713947674,,762.3853884236687,False,False,False,,[]
494,494,495,True,1.0,1.0,494.0,495.0,494.0,495.0,495.0,0.0,88.67485440000002,88.67485440000002,148.6243776096691,0.5,0.5,0.0,1.0,0.5122748870420197,0.5120747628622969,0.9998091172660759,0.9998091459274292,0.9998087014833007,0.9999933410218471,0.9999933241056894,0.9999939140256942,0.9999939030774271,-13.191336976997485,-51.87218738416644,,787.6702001045915,False,False,False,,[]
495,495,496,True,1.0,1.0,495.0,496.0,495.0,496.0,496.0,0.0,88.67485440000002,88.51392000000001,123.91960608966943,0.5,0.5,0.0,1.0,0.5120747628622969,0.5119054124920797,0.9998087014833007,0.9998087286949158,0.9998083448012669,0.9999933241056894,0.9999933092115604,0.9999939030774271,0.9999938924696674,-11.163900238580947,-43.895615960326865,,812.6642592547092,False,False,False,,[]
496,496,497,True,1.0,1.0,496.0,497.0,496.0,497.0,497.0,0.0,88.51392000000001,88.3529856,123.6830885777744,0.5,0.5,0.0,1.0,0.5119054124920797,0.5117366100277497,0.9998083448012669,0.9998083710670471,0.9998079891901708,0.9999933092115604,0.9999932943473342,0.9999938924696674,0.9999938818557051,-11.127908735911719,-43.753598754305344,,813.1127357850903,False,False,False,,[]
497,497,498,True,1.0,1.0,497.0,498.0,497.0,498.0,498.0,0.0,88.3529856,88.3529856,148.15177222713982,0.5,0.5,0.0,1.0,0.5117366100277497,0.5115378335975772,0.9998079891901708,0.9998080134391785,0.9998075759513753,0.9999932943473342,0.9999932775131312,0.9999938818557051,0.9999938710119591,-13.102758179169927,-51.52285070071945,,788.7814711161427,False,False,False,,[]
498,498,499,True,1.0,1.0,498.0,499.0,498.0,499.0,499.0,0.0,88.3529856,88.1920512,123.44700070713817,0.5,0.5,0.0,1.0,0.5115378335975772,0.5113695771909031,0.9998075759513753,0.999807596206665,0.9998072214082362,0.9999932775131312,0.9999932626788394,0.9999938710119591,0.9999938603920696,-11.09199479496097,-43.61206060992121,,813.5604900976424,False,False,False,,[]
499,499,500,True,1.0,1.0,499.0,500.0,499.0,500.0,500.0,0.0,88.1920512,88.0311168,123.21134247776271,0.5,0.5,0.0,1.0,0.5113695771909031,0.5112018662999367,0.9998072214082362,0.9998072385787964,0.9998068679326234,0.9999932626788394,0.9999932478745129,0.9999938603920696,0.9999938497665264,-11.056158344007766,-43.4706629385157,,814.0085519529077,False,False,False,,[]
500,500,501,True,1.0,1.0,500.0,501.0,500.0,501.0,501.0,0.0,88.0311168,87.8701824,122.97611388963824,0.5,0.5,0.0,1.0,0.5112018662999367,0.5110346997262752,0.9998068679326234,0.9998068809509277,0.9998065155228174,0.9999932478745129,0.9999932331001825,0.9999938497665264,0.9999938391356012,-11.020399311103557,-43.32957589303346,,814.4563992130743,False,False,False,,[]
501,501,502,True,1.0,1.0,501.0,502.0,501.0,502.0,502.0,0.0,87.8701824,87.5483136,98.0365434227709,0.5,0.5,0.0,1.0,0.5110346997262752,0.5108997297392315,0.9998065155228174,0.9998065233230591,0.9998062287780918,0.9999932331001825,0.9999932215042402,0.9999938391356012,0.9999938285475711,-8.898840032869279,-34.9842206417445,,843.2923119212356,False,False,False,,[]
502,502,503,True,1.0,1.0,502.0,503.0,502.0,503.0,503.0,0.0,87.5483136,87.3873792,122.2730059728117,0.5,0.5,0.0,1.0,0.5108997297392315,0.5107341896959875,0.9998062287780918,0.9998062252998352,0.9998058795568477,0.9999932215042402,0.9999932068200761,0.9999938285475711,0.999993817902114,-10.913585997800007,-42.90797920883587,,815.7992319947457,False,False,False,,[]
503,503,504,True,1.0,1.0,503.0,504.0,503.0,504.0,504.0,0.0,87.3873792,87.3873792,146.74426746971625,0.5,0.5,0.0,1.0,0.5107341896959875,0.510539443229797,0.9998058795568477,0.9998058676719666,0.9998054739496954,0.9999932068200761,0.9999931902316305,0.999993817902114,0.999993807391669,-12.838016942158758,-50.478284036559685,,792.1381417453313,False,False,False,,[]
504,504,505,True,1.0,1.0,504.0,505.0,504.0,505.0,505.0,0.0,87.3873792,87.22644480000001,122.03949594971657,0.5,0.5,0.0,1.0,0.510539443229797,0.5103744410027582,0.9998054739496954,0.9998054504394531,0.9998051257839788,0.9999931902316305,0.9999931755775798,0.999993807391669,0.9999937967408818,-10.87820605051581,-42.76857724847567,,816.2441489369093,False,False,False,,[]
505,505,506,True,1.0,1.0,505.0,506.0,505.0,506.0,506.0,0.0,87.22644480000001,87.06551040000001,121.80641556787825,0.5,0.5,0.0,1.0,0.5103744410027582,0.5102099750109722,0.9998051257839788,0.9998051524162292,0.9998047786712898,0.9999931755775798,0.9999931609536709,0.9999937967408818,0.9999937860840319,-10.842972040855729,-42.62958507091929,,816.6878602420853,False,False,False,,[]
506,506,507,True,1.0,1.0,506.0,507.0,506.0,507.0,507.0,0.0,87.06551040000001,87.06551040000001,146.2785363472965,0.5,0.5,0.0,1.0,0.5102099750109722,0.5100164911013759,0.9998047786712898,0.9998047947883606,0.9998043754626691,0.9999931609536709,0.9999931444091243,0.9999937860840319,0.9999937756702666,-12.755023548011195,-50.15102936736625,,793.1704323428414,False,False,False,,[]
507,507,508,True,1.0,1.0,507.0,508.0,507.0,508.0,508.0,0.0,87.06551040000001,87.06551040000001,146.2785363472965,0.5,0.5,0.0,1.0,0.5100164911013759,0.5098230064405367,0.9998043754626691,0.9998043775558472,0.9998039722526202,0.9999931444091243,0.9999931278645778,0.9999937756702666,0.9999937652565013,-12.755023548011195,-50.1512240895447,,793.1698698715204,False,False,False,,[]
508,508,509,True,1.0,1.0,508.0,509.0,508.0,509.0,509.0,0.0,87.06551040000001,86.904576,121.57376482729681,0.5,0.5,0.0,1.0,0.5098230064405367,0.5096590742399454,0.9998039722526202,0.9998039603233337,0.9998036261887563,0.9999931278645778,0.9999931132708383,0.9999937652565013,0.9999937545938639,-10.807814385824214,-42.49122639327465,,817.1303440857525,False,False,False,,[]
509,509,510,True,1.0,1.0,509.0,510.0,509.0,510.0,510.0,0.0,86.904576,86.904576,146.04631524797188,0.5,0.5,0.0,1.0,0.5096590742399454,0.5094662988346835,0.9998036261887563,0.9998036026954651,0.9998032243276903,0.9999931132708383,0.9999930968051883,0.9999937545938639,0.9999937442281388,-12.708364890737988,-49.96738504386698,,793.7812718439271,False,False,False,,[]
510,510,511,True,1.0,1.0,510.0,511.0,510.0,511.0,511.0,0.0,86.904576,86.904576,146.04631524797188,0.5,0.5,0.0,1.0,0.5094662988346835,0.5092735227045985,0.9998032243276903,0.9998032450675964,0.9998028224652452,0.9999930968051883,0.9999930803395384,0.9999937442281388,0.9999937338624137,-12.708364890737988,-49.96757291803625,,793.7807282446518,False,False,False,,[]
511,511,512,True,1.0,1.0,511.0,512.0,511.0,512.0,512.0,0.0,86.904576,86.904576,146.04631524797188,0.5,0.5,0.0,1.0,0.5092735227045985,0.5090807458593003,0.9998028224652452,0.999802827835083,0.9998024206014392,0.9999930803395384,0.9999930638738884,0.9999937338624137,0.9999937234966887,-12.708364890737988,-49.967758301294815,,793.7801918485548,False,False,False,,[]
512,512,513,True,1.0,1.0,512.0,513.0,512.0,513.0,513.0,0.0,86.904576,86.904576,146.04631524797188,0.5,0.5,0.0,1.0,0.5090807458593003,0.5088879683081435,0.9998024206014392,0.9998024106025696,0.9998020187362902,0.9999930638738884,0.9999930474082385,0.9999937234966887,0.9999937131309636,-12.708364890737988,-49.967941259846924,,793.7796624735876,False,False,False,,[]
513,513,514,True,1.0,1.0,513.0,514.0,513.0,514.0,514.0,0.0,86.904576,86.904576,146.04631524797188,0.5,0.5,0.0,1.0,0.5088879683081435,0.5086951900602342,0.9998020187362902,0.9998019933700562,0.9998016168698153,0.9999930474082385,0.9999930309425885,0.9999937131309636,0.9999937027652386,-12.708364890737988,-49.96812185808608,,793.779139921194,False,False,False,,[]
514,514,515,True,1.0,1.0,514.0,515.0,514.0,515.0,515.0,0.0,86.904576,86.904576,146.04631524797188,0.5,0.5,0.0,1.0,0.5086951900602342,0.508502411124437,0.9998016168698153,0.9998016357421875,0.9998012150020316,0.9999930309425885,0.9999930144769386,0.9999937027652386,0.9999936923995135,-12.708364890737988,-49.96830015865466,,793.7786240252076,False,False,False,,[]
515,515,516,True,1.0,1.0,515.0,516.0,515.0,516.0,516.0,0.0,86.904576,86.904576,146.04631524797188,0.5,0.5,0.0,1.0,0.508502411124437,0.5083096315093809,0.9998012150020316,0.9998012185096741,0.9998008131329553,0.9999930144769386,0.9999929980112886,0.9999936923995135,0.9999936820337885,-12.708364890737988,-49.96847622251263,,793.7781145953295,False,False,False,,[]
516,516,517,True,1.0,1.0,516.0,517.0,516.0,517.0,517.0,0.0,86.904576,87.06551040000001,170.75108676797154,0.5,0.5,0.0,1.0,0.5083096315093809,0.5080851833406664,0.9998008131329553,0.9998008012771606,0.999800352169093,0.9999929980112886,0.9999929807024538,0.9999936820337885,0.9999936683734025,-14.794478749213216,-58.17696533078502,,768.3360857792092,False,False,False,,[]
517,517,518,True,1.0,1.0,517.0,518.0,517.0,518.0,518.0,0.0,87.06551040000001,87.22644480000001,170.98330786729613,0.5,0.5,0.0,1.0,0.5080851833406664,0.5078580461202896,0.999800352169093,0.9998003244400024,0.9997998862976206,0.9999929807024538,0.9999929619229895,0.9999936683734025,0.9999936546547025,-14.971339538095643,-58.87396752167855,,765.5663376668275,False,False,False,,[]
518,518,519,True,1.0,1.0,518.0,519.0,518.0,519.0,519.0,0.0,87.22644480000001,87.709248,220.62550164787697,0.5,0.5,0.0,1.0,0.5078580461202896,0.5075747454766187,0.9997998862976206,0.999799907207489,0.9997993221684864,0.9999929619229895,0.9999929445751249,0.9999936546547025,0.999993638618291,-18.669596763596033,-73.43152683949755,,728.2802258471551,False,False,False,,[]
519,519,520,True,1.0,1.0,519.0,520.0,519.0,520.0,520.0,0.0,87.709248,88.1920512,221.32603171716238,0.5,0.5,0.0,1.0,0.5075747454766187,0.5072894930348476,0.9997993221684864,0.9997993111610413,0.9997987547771691,0.9999929445751249,0.9999929271489533,0.999993638618291,0.9999936228850629,-18.7973052007745,-73.93743290709065,,727.1928823985473,False,False,False,,[]
520,520,521,True,1.0,1.0,520.0,521.0,520.0,521.0,521.0,0.0,88.1920512,88.3529856,172.62088551776208,0.5,0.5,0.0,1.0,0.5072894930348476,0.5070589684367954,0.9997987547771691,0.9997987747192383,0.9997982827489543,0.9999929271489533,0.999992909543766,0.9999936228850629,0.9999936084480524,-15.192884182224617,-59.7519758151161,,763.4930500631737,False,False,False,,[]
521,521,522,True,1.0,1.0,521.0,522.0,521.0,522.0,522.0,0.0,88.3529856,88.51392000000001,172.85654374714147,0.5,0.5,0.0,1.0,0.5070589684367954,0.5068277116819164,0.9997982827489543,0.9997982978820801,0.999797809393738,0.999992909543766,0.999992891901645,0.9999936084480524,0.9999935939474519,-15.240841490174732,-59.94175086463598,,762.930723240396,False,False,False,,[]
522,522,523,True,1.0,1.0,522.0,523.0,522.0,523.0,523.0,0.0,88.51392000000001,88.67485440000002,173.0926316177757,0.5,0.5,0.0,1.0,0.5068277116819164,0.5065957210822685,0.999797809393738,0.9997978210449219,0.9997973347097974,0.999992891901645,0.9999928742226165,0.9999935939474519,0.9999935793830097,-15.28890924289446,-60.131963428764195,,762.3680119205881,False,False,False,,[]
523,523,524,True,1.0,1.0,523.0,524.0,523.0,524.0,524.0,0.0,88.67485440000002,88.83578880000002,173.32914912967075,0.5,0.5,0.0,1.0,0.5065957210822685,0.5063629949461546,0.9997973347097974,0.9997973442077637,0.9997968586954147,0.9999928742226165,0.9999928565067074,0.9999935793830097,0.9999935647544731,-15.337087643218947,-60.32261448073802,,761.8049175407804,False,False,False,,[]
524,524,525,True,1.0,1.0,524.0,525.0,524.0,525.0,525.0,0.0,88.83578880000002,88.83578880000002,148.861324762819,0.5,0.5,0.0,1.0,0.5063629949461546,0.5061621708819259,0.9997968586954147,0.9997968673706055,0.9997964415932016,0.9999928565067074,0.9999928395495679,0.9999935647544731,0.999993553753607,-13.235792244768174,-52.053597448042225,,787.0964718992091,False,False,False,,[]
525,525,526,True,1.0,1.0,525.0,526.0,525.0,526.0,526.0,0.0,88.83578880000002,88.9967232,173.56609628281674,0.5,0.5,0.0,1.0,0.5061621708819259,0.5059287069512453,0.9997964415932016,0.999796450138092,0.9997959642456478,0.9999928395495679,0.9999928217968055,0.999993553753607,0.9999935390607226,-15.385376894045807,-60.51385083244367,,761.2410566855268,False,False,False,,[]
526,526,527,True,1.0,1.0,526.0,527.0,526.0,527.0,527.0,0.0,88.9967232,89.15765760000001,173.80347307722542,0.5,0.5,0.0,1.0,0.5059287069512453,0.5056945040896536,0.9997959642456478,0.9997959733009338,0.9997954855642325,0.9999928217968055,0.9999928040072177,0.9999935390607226,0.999993524303236,-15.433777198338936,-60.70538172457693,,760.6772012641156,False,False,False,,[]
527,527,528,True,1.0,1.0,527.0,528.0,527.0,528.0,528.0,0.0,89.15765760000001,89.31859200000001,174.04127951289098,0.5,0.5,0.0,1.0,0.5056945040896536,0.5054595605942033,0.9997954855642325,0.9997954964637756,0.999795005547253,0.9999928040072177,0.9999927861808329,0.999993524303236,0.9999935094808917,-15.482288759125728,-60.897354020714864,,760.112967179789,False,False,False,,[]
528,528,529,True,1.0,1.0,528.0,529.0,528.0,529.0,529.0,0.0,89.31859200000001,89.47952640000001,174.2795155898095,0.5,0.5,0.0,1.0,0.5054595605942033,0.5052238747582295,0.999795005547253,0.9997950196266174,0.9997945241930116,0.9999927861808329,0.9999927683176799,0.9999935094808917,0.9999934945934337,-15.53091177949936,-61.08976868440843,,759.5483558043275,False,False,False,,[]
529,529,530,True,1.0,1.0,529.0,530.0,529.0,530.0,530.0,0.0,89.47952640000001,89.64046080000001,174.51818130798674,0.5,0.5,0.0,1.0,0.5052238747582295,0.5049874448713583,0.9997945241930116,0.9997945427894592,0.999794041499816,0.9999927683176799,0.9999927504177883,0.9999934945934337,0.9999934796406048,-15.579646462620069,-61.282626677012786,,758.983368782516,False,False,False,,[]
530,530,531,True,1.0,1.0,530.0,531.0,530.0,531.0,531.0,0.0,89.64046080000001,89.8013952,174.75727666741892,0.5,0.5,0.0,1.0,0.5049874448713583,0.504750269219515,0.999794041499816,0.999794065952301,0.9997935574659793,0.9999927504177883,0.999992732481188,0.9999934796406048,0.999993464622147,-15.628493011714086,-61.47592895777437,,758.4180074107464,False,False,False,,[]
531,531,532,True,1.0,1.0,531.0,532.0,531.0,532.0,532.0,0.0,89.8013952,89.9623296,174.99680166811385,0.5,0.5,0.0,1.0,0.504750269219515,0.5045123262846235,0.9997935574659793,0.999793529510498,0.9997930720542821,0.999992732481188,0.9999927145079097,0.999993464622147,0.9999934495186626,-15.67875534911427,-61.67480872387578,,757.8278689548125,False,False,False,,[]
532,532,533,True,1.0,1.0,532.0,533.0,532.0,533.0,533.0,0.0,89.9623296,90.123264,175.2367563100597,0.5,0.5,0.0,1.0,0.5045123262846235,0.5042735023521296,0.9997930720542821,0.9997930526733398,0.9997925850623531,0.9999927145079097,0.9999926964979844,0.9999934495186626,0.9999934342218604,-15.736503608509114,-61.903163302405936,,757.0997867245007,False,False,False,,[]
533,533,534,True,1.0,1.0,533.0,534.0,533.0,534.0,534.0,0.0,90.123264,90.123264,150.77236907326466,0.5,0.5,0.0,1.0,0.5042735023521296,0.5040669034081783,0.9997925850623531,0.9997925758361816,0.9997921571164725,0.9999926964979844,0.9999926792129435,0.9999934342218604,0.9999934225065441,-13.614307899114573,-53.55044627218457,,782.2315238702879,False,False,False,,[]
534,534,535,True,1.0,1.0,534.0,535.0,534.0,535.0,535.0,0.0,90.123264,90.123264,150.77236907326466,0.5,0.5,0.0,1.0,0.5040669034081783,0.503860304078383,0.9997921571164725,0.9997921586036682,0.9997917291698699,0.9999926792129435,0.9999926619279027,0.9999934225065441,0.9999934107912278,-13.614307899114573,-53.55054628292204,,782.2312436010031,False,False,False,,[]
535,535,536,True,1.0,1.0,535.0,536.0,535.0,536.0,536.0,0.0,90.123264,90.123264,150.77236907326466,0.5,0.5,0.0,1.0,0.503860304078383,0.5036537043612832,0.9997917291698699,0.9997917413711548,0.9997913012225427,0.9999926619279027,0.9999926446428619,0.9999934107912278,0.9999933990759116,-13.614307899114573,-53.55064667226877,,782.230962275155,False,False,False,,[]
536,536,537,True,1.0,1.0,536.0,537.0,536.0,537.0,537.0,0.0,90.123264,90.123264,150.77236907326466,0.5,0.5,0.0,1.0,0.5036537043612832,0.5034471042554653,0.9997913012225427,0.9997913241386414,0.9997908732744881,0.9999926446428619,0.999992627357821,0.9999933990759116,0.9999933873605953,-13.614307899114573,-53.550747427998836,,782.2306799215489,False,False,False,,[]
537,537,538,True,1.0,1.0,537.0,538.0,537.0,538.0,538.0,0.0,90.123264,90.123264,150.77236907326466,0.5,0.5,0.0,1.0,0.5034471042554653,0.5032405037595618,0.9997908732744881,0.9997908473014832,0.9997904453257037,0.999992627357821,0.9999926100727802,0.9999933873605953,0.999993375645279,-13.614307899114573,-53.55084853822555,,782.2303965750369,False,False,False,,[]
538,538,539,True,1.0,1.0,538.0,539.0,538.0,539.0,539.0,0.0,90.123264,90.123264,150.77236907326466,0.5,0.5,0.0,1.0,0.5032405037595618,0.5030339028722493,0.9997904453257037,0.9997904300689697,0.999790017376187,0.9999926100727802,0.9999925927877393,0.999993375645279,0.9999933639299627,-13.614307899114573,-53.550949991401446,,782.2301122696555,False,False,False,,[]
539,539,540,True,1.0,1.0,539.0,540.0,539.0,540.0,540.0,0.0,90.123264,90.123264,150.77236907326466,0.5,0.5,0.0,1.0,0.5030339028722493,0.5028273015922482,0.999790017376187,0.9997900128364563,0.9997895894259355,0.9999925927877393,0.9999925755026985,0.9999933639299627,0.9999933522146465,-13.614307899114573,-53.55105177628161,,782.2298270320363,False,False,False,,[]
540,540,541,True,1.0,1.0,540.0,541.0,540.0,541.0,541.0,0.0,90.123264,90.123264,150.77236907326466,0.5,0.5,0.0,1.0,0.5028273015922482,0.5026206999183209,0.9997895894259355,0.9997895956039429,0.9997891614749471,0.9999925755026985,0.9999925582176576,0.9999933522146465,0.9999933404993302,-13.614307899114573,-53.551153881937445,,782.2295409014464,False,False,False,,[]
541,541,542,True,1.0,1.0,541.0,542.0,541.0,542.0,542.0,0.0,90.123264,90.123264,150.77236907326466,0.5,0.5,0.0,1.0,0.5026206999183209,0.5024140978492709,0.9997891614749471,0.9997891783714294,0.9997887335232194,0.9999925582176576,0.9999925409326168,0.9999933404993302,0.9999933287840139,-13.614307899114573,-53.551256297752055,,782.2292538962975,False,False,False,,[]
542,542,543,True,1.0,1.0,542.0,543.0,542.0,543.0,543.0,0.0,90.123264,90.123264,150.77236907326466,0.5,0.5,0.0,1.0,0.5024140978492709,0.5022074953839415,0.9997887335232194,0.999788761138916,0.9997883055707502,0.9999925409326168,0.999992523647576,0.9999933287840139,0.9999933170686977,-13.614307899114573,-53.55135901340194,,782.2289660477047,False,False,False,,[]
543,543,544,True,1.0,1.0,543.0,544.0,543.0,544.0,544.0,0.0,90.123264,90.123264,150.77236907326466,0.5,0.5,0.0,1.0,0.5022074953839415,0.5020008925212145,0.9997883055707502,0.9997882843017578,0.9997878776175374,0.999992523647576,0.9999925063625351,0.9999933170686977,0.9999933053533814,-13.614307899114573,-53.55146201883867,,782.2286773928968,False,False,False,,[]
544,544,545,True,1.0,1.0,544.0,545.0,544.0,545.0,545.0,0.0,90.123264,90.123264,150.77236907326466,0.5,0.5,0.0,1.0,0.5020008925212145,0.5017942892600097,0.9997878776175374,0.9997878670692444,0.9997874496635791,0.9999925063625351,0.9999924890774943,0.9999933053533814,0.9999932936380651,-13.614307899114573,-53.551565304297995,,782.2283879550407,False,False,False,,[]
545,545,546,True,1.0,1.0,545.0,546.0,545.0,546.0,546.0,0.0,90.123264,90.123264,150.77236907326466,0.5,0.5,0.0,1.0,0.5017942892600097,0.5015876855992832,0.9997874496635791,0.999787449836731,0.9997870217088733,0.9999924890774943,0.9999924717924534,0.9999932936380651,0.9999932819227488,-13.614307899114573,-53.551668860299905,,782.2280977564199,False,False,False,,[]
546,546,547,True,1.0,1.0,546.0,547.0,546.0,547.0,547.0,0.0,90.123264,89.9623296,126.06759755326499,0.5,0.5,0.0,1.0,0.5015876855992832,0.5014133166393107,0.9997870217088733,0.9997870326042175,0.9997866552472194,0.9999924717924534,0.9999924566306936,0.9999932819227488,0.9999932713834874,-11.491325762441779,-45.19643442489588,,808.5929844845004,False,False,False,,[]
547,547,548,True,1.0,1.0,547.0,548.0,547.0,548.0,548.0,0.0,89.9623296,89.9623296,150.53198479006002,0.5,0.5,0.0,1.0,0.5014133166393107,0.5012075074485824,0.9997866552472194,0.9997866749763489,0.9997862287797048,0.9999924566306936,0.9999924393866403,0.9999932713834874,0.9999932598256811,-13.562130714831378,-53.34574223674109,,782.9272983303241,False,False,False,,[]
548,548,549,True,1.0,1.0,548.0,549.0,548.0,549.0,549.0,0.0,89.9623296,89.9623296,150.53198479006002,0.5,0.5,0.0,1.0,0.5012075074485824,0.5010016978515754,0.9997862287797048,0.9997862577438354,0.9997858023114293,0.9999924393866403,0.999992422142587,0.9999932598256811,0.9999932482678748,-13.562130714831378,-53.34584754420792,,782.9270026542861,False,False,False,,[]
549,549,550,True,1.0,1.0,549.0,550.0,549.0,550.0,550.0,0.0,89.9623296,89.8013952,125.82721327005837,0.5,0.5,0.0,1.0,0.5010016978515754,0.5008278874298189,0.9997858023114293,0.9997857809066772,0.9997854369355245,0.999992422142587,0.9999924070104251,0.9999932482678748,0.9999932377198546,-11.454633013977272,-45.05166131929356,,809.0430336324329,False,False,False,,[]
550,550,551,True,1.0,1.0,550.0,551.0,550.0,551.0,551.0,0.0,89.8013952,89.47952640000001,100.88248710811477,0.5,0.5,0.0,1.0,0.5008278874298189,0.5006866069345562,0.9997854369355245,0.9997854232788086,0.9997851359160493,0.9999924070104251,0.9999923950683445,0.9999932377198546,0.999993226897556,-9.311883094751892,-36.61990437206078,,837.4179636361805,False,False,False,,[]
551,551,552,True,1.0,1.0,551.0,552.0,551.0,552.0,552.0,0.0,89.47952640000001,89.15765760000001,100.40386674798576,0.5,0.5,0.0,1.0,0.5006866069345562,0.5005463881368386,0.9997851359160493,0.9997851252555847,0.9997848370329796,0.9999923950683445,0.999992383183778,0.999993226897556,0.9999932161130765,-9.24217932058866,-36.344712368398014,,838.3802773406805,False,False,False,,[]
552,552,553,True,1.0,1.0,552.0,553.0,552.0,553.0,553.0,0.0,89.15765760000001,88.83578880000002,99.92696495289196,0.5,0.5,0.0,1.0,0.5005463881368386,0.5004072256827509,0.9997848370329796,0.9997848272323608,0.9997845402777236,0.999992383183778,0.9999923713568012,0.9999932161130765,0.9999932053669204,-9.172821604827735,-36.07090809954031,,839.3408366064289,False,False,False,,[]
553,553,554,True,1.0,1.0,553.0,554.0,553.0,554.0,554.0,0.0,88.83578880000002,88.67485440000002,124.1565532428174,0.5,0.5,0.0,1.0,0.5004072256827509,0.5002372968641788,0.9997845402777236,0.999784529209137,0.9997841824657442,0.9999923713568012,0.9999923564328012,0.9999932053669204,0.9999931947656402,-11.199969374463201,-44.04554977388249,,812.1924401076213,False,False,False,,[]
554,554,555,True,1.0,1.0,554.0,555.0,554.0,555.0,555.0,0.0,88.67485440000002,88.51392000000001,123.91960608966943,0.5,0.5,0.0,1.0,0.5002372968641788,0.5000679175058707,0.9997841824657442,0.9997841715812683,0.9997838257270679,0.9999923564328012,0.9999923415386721,0.9999931947656402,0.9999931841578805,-11.163900238580947,-43.90312967347559,,812.6413746914127,False,False,False,,[]
555,555,556,True,1.0,1.0,555.0,556.0,555.0,556.0,556.0,0.0,88.51392000000001,88.3529856,123.6830885777744,0.5,0.5,0.0,1.0,0.5000679175058707,0.4998990863967863,0.9997838257270679,0.9997838139533997,0.9997834700599669,0.9999923415386721,0.9999923266744459,0.9999931841578805,0.9999931735439183,-11.127908735911719,-43.761023474658145,,813.0900950948577,False,False,False,,[]
556,556,557,True,1.0,1.0,556.0,557.0,556.0,557.0,557.0,0.0,88.3529856,87.8701824,74.03745766714079,0.5,0.5,0.0,1.0,0.4998990863967863,0.49979998818632265,0.9997834700599669,0.999783456325531,0.9997832667850951,0.9999923266744459,0.9999923221571042,0.9999931735439183,0.9999931636071192,-6.533221727954169,-25.686256152177354,,881.9276665101727,False,False,False,,[]
557,557,558,True,1.0,1.0,557.0,558.0,557.0,558.0,558.0,0.0,87.8701824,87.5483136,98.0365434227709,0.5,0.5,0.0,1.0,0.49979998818632265,0.49966499775848466,0.9997832667850951,0.9997832775115967,0.999782979991208,0.9999923221571042,0.9999923105611619,0.9999931636071192,0.9999931530190891,-8.898840032869279,-34.98951889560709,,843.2742799240986,False,False,False,,[]
558,558,559,True,1.0,1.0,558.0,559.0,558.0,559.0,559.0,0.0,87.5483136,87.22644480000001,97.56823445281204,0.5,0.5,0.0,1.0,0.49966499775848466,0.4995310370598733,0.999782979991208,0.9997829794883728,0.9997826956715858,0.9999923105611619,0.999992299023128,0.9999931530190891,0.9999931424717462,-8.831204099671872,-34.722613080072236,,844.2537288779108,False,False,False,,[]
559,559,560,True,1.0,1.0,559.0,560.0,559.0,560.0,560.0,0.0,87.22644480000001,87.06551040000001,121.80641556787825,0.5,0.5,0.0,1.0,0.4995310370598733,0.4993665479559794,0.9997826956715858,0.9997826814651489,0.9997823485134982,0.999992299023128,0.9999922843992191,0.9999931424717462,0.9999931318148962,-10.842972040855729,-42.6355757293007,,816.6694173767465,False,False,False,,[]
560,560,561,True,1.0,1.0,560.0,561.0,560.0,561.0,561.0,0.0,87.06551040000001,86.5827072,72.16422178729549,0.5,0.5,0.0,1.0,0.4993665479559794,0.49927120460983715,0.9997823485134982,0.9997823238372803,0.9997821536578513,0.9999922843992191,0.9999922800605082,0.9999931318148962,0.9999931221282918,-6.286383301917564,-24.71299532006715,,885.8539720160735,False,False,False,,[]
561,561,562,True,1.0,1.0,561.0,562.0,561.0,562.0,562.0,0.0,86.5827072,85.93896960000001,46.76407589309445,0.5,0.5,0.0,1.0,0.49927120460983715,0.4992077543269903,0.9997821536578513,0.999782145023346,0.9997820279662665,0.9999922800605082,0.9999922767084951,0.9999931221282918,0.9999931147868466,-4.184131675192971,-16.446313313901058,,920.2062479473665,False,False,False,,[]
562,562,563,True,1.0,1.0,562.0,563.0,562.0,563.0,563.0,0.0,85.93896960000001,85.7780352,119.95723959841825,0.5,0.5,0.0,1.0,0.4992077543269903,0.4990475184742346,0.9997820279662665,0.9997820258140564,0.999781689181483,0.9999922767084951,0.9999922623266805,0.9999931147868466,0.9999931040912667,-10.563842559114205,-41.533133034284496,,820.2155403507461,False,False,False,,[]
563,563,564,True,1.0,1.0,563.0,564.0,563.0,564.0,564.0,0.0,85.7780352,85.45616640000001,95.02325446789186,0.5,0.5,0.0,1.0,0.4990475184742346,0.49891901917573983,0.999781689181483,0.9997816681861877,0.999781417906418,0.9999922623266805,0.9999922511079786,0.9999931040912667,0.9999930936792483,-8.472478503085476,-33.30701816984339,,849.4318180050508,False,False,False,,[]
564,564,565,True,1.0,1.0,564.0,565.0,564.0,565.0,565.0,0.0,85.45616640000001,85.1342976,94.56611617060508,0.5,0.5,0.0,1.0,0.49891901917573983,0.4987914919640523,0.999781417906418,0.9997814297676086,0.9997811489394256,0.9999922511079786,0.9999922399474591,0.9999930936792483,0.9999930832901347,-8.408603122440642,-33.05505326941036,,850.3592662455283,False,False,False,,[]
565,565,566,True,1.0,1.0,565.0,566.0,565.0,566.0,566.0,0.0,85.1342976,84.6514944,69.4059249183538,0.5,0.5,0.0,1.0,0.4987914919640523,0.4987016036689244,0.9997811489394256,0.9997811317443848,0.9997809662101479,0.9999922399474591,0.9999922358674012,0.9999930832901347,0.9999930739833475,-5.9276916698108995,-23.29904609715347,,891.6247358937713,False,False,False,,[]
566,566,567,True,1.0,1.0,566.0,567.0,566.0,567.0,567.0,0.0,84.6514944,84.3296256,93.4307891493966,0.5,0.5,0.0,1.0,0.4987016036689244,0.4985764857155419,0.9997809662101479,0.9997809529304504,0.9997807029457295,0.9999922358674012,0.9999922248524542,0.9999930739833475,0.9999930636545443,-8.25031587492682,-32.43057351674162,,852.6689189260794,False,False,False,,[]
567,567,568,True,1.0,1.0,567.0,568.0,567.0,568.0,568.0,0.0,84.3296256,84.00775680000001,92.97966582970957,0.5,0.5,0.0,1.0,0.4985764857155419,0.49845232257824584,0.9997807029457295,0.9997807145118713,0.9997804419342838,0.9999922248524542,0.9999922138957736,0.9999930636545443,0.999993053351053,-8.187559950080207,-32.18308518714619,,853.5886697318658,False,False,False,,[]
568,568,569,True,1.0,1.0,568.0,569.0,568.0,569.0,569.0,0.0,84.00775680000001,83.84682240000001,117.2350325950496,0.5,0.5,0.0,1.0,0.49845232257824584,0.4982983240624285,0.9997804419342838,0.9997804164886475,0.9997801154963113,0.9999922138957736,0.9999921998799287,0.999993053351053,0.9999930426285347,-10.15422769723874,-39.91641529984969,,825.5043353004809,False,False,False,,[]
569,569,570,True,1.0,1.0,569.0,570.0,569.0,570.0,570.0,0.0,83.84682240000001,83.685888,117.01097467960504,0.5,0.5,0.0,1.0,0.4982983240624285,0.4981448372947256,0.9997801154963113,0.9997801184654236,0.9997797900748688,0.9999921998799287,0.9999921858947145,0.9999930426285347,0.9999930319053838,-10.12058147409856,-39.78377018860384,,825.9430174738325,False,False,False,,[]
570,570,571,True,1.0,1.0,570.0,571.0,570.0,571.0,571.0,0.0,83.685888,83.685888,141.492117925417,0.5,0.5,0.0,1.0,0.4981448372947256,0.4979641815136869,0.9997797900748688,0.9997797608375549,0.9997794114386618,0.9999921858947145,0.9999921702453034,0.9999930319053838,0.9999930218090735,-11.911119103966943,-46.82597844523131,,803.6872378436472,False,False,False,,[]
571,571,572,True,1.0,1.0,571.0,572.0,571.0,572.0,572.0,0.0,83.685888,83.685888,141.492117925417,0.5,0.5,0.0,1.0,0.4979641815136869,0.4977835249454934,0.9997794114386618,0.9997794032096863,0.9997790328009357,0.9999921702453034,0.9999921545958923,0.9999930218090735,0.9999930117127631,-11.911119103966943,-46.82618247575339,,803.6866312957842,False,False,False,,[]
572,572,573,True,1.0,1.0,572.0,573.0,572.0,573.0,573.0,0.0,83.685888,83.685888,141.492117925417,0.5,0.5,0.0,1.0,0.4977835249454934,0.49760286760345723,0.9997790328009357,0.9997790455818176,0.9997786541617164,0.9999921545958923,0.9999921389464812,0.9999930117127631,0.9999930016164528,-11.911119103966943,-46.82638305576993,,803.6860350109753,False,False,False,,[]
573,573,574,True,1.0,1.0,573.0,574.0,573.0,574.0,574.0,0.0,83.685888,83.84682240000001,166.19688944541667,0.5,0.5,0.0,1.0,0.49760286760345723,0.4973928762910285,0.9997786541617164,0.9997786283493042,0.9997782198821694,0.9999921389464812,0.99999212238404,0.9999930016164528,0.9999929896139595,-13.843828350141768,-54.42974818152383,,780.0408139151727,False,False,False,,[]
574,574,575,True,1.0,1.0,574.0,575.0,574.0,575.0,575.0,0.0,83.84682240000001,83.685888,117.01097467960504,0.5,0.5,0.0,1.0,0.4973928762910285,0.4972393861373073,0.9997782198821694,0.9997782111167908,0.9997778944539993,0.99999212238404,0.9999921083988258,0.9999929896139595,0.9999929788908086,-10.12058147409856,-39.78464784454574,,825.9402486568927,False,False,False,,[]
575,575,576,True,1.0,1.0,575.0,576.0,575.0,576.0,576.0,0.0,83.685888,83.685888,141.492117925417,0.5,0.5,0.0,1.0,0.4972393861373073,0.4970587264391913,0.9997778944539993,0.9997779130935669,0.9997775158102336,0.9999921083988258,0.9999920927494147,0.9999929788908086,0.9999929687944983,-11.911119103966943,-46.82699375166521,,803.6842195347372,False,False,False,,[]
576,576,577,True,1.0,1.0,576.0,577.0,576.0,577.0,577.0,0.0,83.685888,83.5249536,116.78734640541536,0.5,0.5,0.0,1.0,0.4970587264391913,0.49690574634444135,0.9997775158102336,0.9997774958610535,0.999777191395763,0.9999920927494147,0.9999920787948497,0.9999929687944983,0.9999929580709551,-10.087010021672832,-39.65244055919012,,826.3782243648297,False,False,False,,[]
577,577,578,True,1.0,1.0,577.0,578.0,577.0,578.0,578.0,0.0,83.5249536,83.04215040000001,67.15460473248707,0.5,0.5,0.0,1.0,0.49690574634444135,0.496820240047358,0.999777191395763,0.9997771978378296,0.9997770183179598,0.9999920787948497,0.9999920749219748,0.9999929580709551,0.9999929490836305,-5.63925591404548,-22.163232204010704,,896.3189531545521,False,False,False,,[]
578,578,579,True,1.0,1.0,578.0,579.0,578.0,579.0,579.0,0.0,83.04215040000001,82.7202816,91.19235820123521,0.5,0.5,0.0,1.0,0.496820240047358,0.4966998438985661,0.9997770183179598,0.9997770190238953,0.9997767661563078,0.9999920749219748,0.999992064198486,0.9999929490836305,0.9999929388878788,-7.939715824037852,-31.206681766853478,,857.2421346819942,False,False,False,,[]
579,579,580,True,1.0,1.0,579.0,580.0,579.0,580.0,580.0,0.0,82.7202816,82.23747840000001,66.04505618668539,0.5,0.5,0.0,1.0,0.4966998438985661,0.49661647632366485,0.9997767661563078,0.9997767806053162,0.9997765977602991,0.999992064198486,0.9999920604264007,0.9999929388878788,0.9999929300609393,-5.498568642127155,-21.60887541440425,,898.6290689845708,False,False,False,,[]
580,580,581,True,1.0,1.0,580.0,581.0,580.0,581.0,581.0,0.0,82.23747840000001,81.5937408,40.679711234282934,0.5,0.5,0.0,1.0,0.49661647632366485,0.4965642238413732,0.9997765977602991,0.9997766017913818,0.9997764953786523,0.9999920604264007,0.999992058118894,0.9999929300609393,0.9999929237012878,-3.446817421843527,-13.543843409986458,,933.5692605334021,False,False,False,,[]
581,581,582,True,1.0,1.0,581.0,582.0,581.0,582.0,582.0,0.0,81.5937408,80.9500032,39.80496163534885,0.5,0.5,0.0,1.0,0.4965642238413732,0.4965129114669992,0.9997764953786523,0.9997764825820923,0.9997763949314409,0.999992058118894,0.9999920554307213,0.9999929237012878,0.9999929174846314,-3.384983064745421,-13.300167437744992,,934.3507201385268,False,False,False,,[]
582,582,583,True,1.0,1.0,582.0,583.0,582.0,583.0,583.0,0.0,80.9500032,80.1453312,14.23231477652463,0.5,0.5,0.0,1.0,0.4965129114669992,0.49649420887017315,0.9997763949314409,0.9997764229774475,0.9997763594694414,0.9999920554307213,0.9999920544781266,0.9999929174846314,0.9999929149226926,-1.2339635827471056,-4.847713097314183,,974.883747973511,False,False,False,,[]
583,583,584,True,1.0,1.0,583.0,584.0,583.0,584.0,584.0,0.0,80.1453312,79.3406592,13.157137531268576,0.5,0.5,0.0,1.0,0.49649420887017315,0.4964772416531194,0.9997763594694414,0.9997763633728027,0.9997763273524664,0.9999920544781266,0.9999920537515985,0.9999929149226926,0.9999929125629891,-1.119542164390324,-4.397902660332787,,977.2638145132929,False,False,False,,[]
584,584,585,True,1.0,1.0,584.0,585.0,584.0,585.0,585.0,0.0,79.3406592,78.3750528,-12.612070202564095,0.5,0.5,0.0,1.0,0.4964772416531194,0.49648755108672915,0.9997763273524664,0.999776303768158,0.9997763079645907,0.9999920537515985,0.999992052925159,0.9999929125629891,0.9999929103189573,0.6803441612822086,2.67220519164781,,1005.3284163736745,False,False,False,,[]
585,585,586,True,1.0,1.0,585.0,586.0,585.0,586.0,586.0,0.0,78.3750528,77.57038080000001,10.82955602231383,0.5,0.5,0.0,1.0,0.49648755108672915,0.4964738572835853,0.9997763079645907,0.999776303768158,0.9997762821266815,0.999992052925159,0.9999920523404339,0.9999929103189573,0.9999929083937423,-0.9036942311287671,-3.54943377489246,,981.5589280559566,False,False,False,,[]
586,586,587,True,1.0,1.0,586.0,587.0,586.0,587.0,587.0,0.0,77.57038080000001,77.40944640000001,108.60783615760407,0.5,0.5,0.0,1.0,0.4964738572835853,0.4963398081202078,0.9997762821266815,0.999776303768158,0.9997759975946778,0.9999920523404339,0.9999920397392484,0.9999929083937423,0.9999928978775359,-8.843457641992362,-34.74554314744369,,843.4407365866941,False,False,False,,[]
587,587,588,True,1.0,1.0,587.0,588.0,587.0,588.0,588.0,0.0,77.40944640000001,77.248512,108.40096389243523,0.5,0.5,0.0,1.0,0.4963398081202078,0.496206257734801,0.9997759975946778,0.9997760057449341,0.9997757142596613,0.9999920397392484,0.9999920271789237,0.9999928978775359,0.9999928873844129,-8.810600350414152,-34.616259897442276,,843.9264851038033,False,False,False,,[]
588,588,589,True,1.0,1.0,588.0,589.0,588.0,589.0,589.0,0.0,77.248512,77.248512,132.899292788521,0.5,0.5,0.0,1.0,0.496206257734801,0.49604706847393665,0.9997757142596613,0.9997757077217102,0.999775377541033,0.9999920271789237,0.9999920131394034,0.9999928873844129,0.9999928767253571,-10.501242522766944,-41.261856416030604,,821.3149631922081,False,False,False,,[]
589,589,590,True,1.0,1.0,589.0,590.0,589.0,590.0,590.0,0.0,77.248512,77.40944640000001,157.60406430852066,0.5,0.5,0.0,1.0,0.49604706847393665,0.4958631840964017,0.999775377541033,0.9997753500938416,0.9997749926860624,0.9999920131394034,0.999991998080922,0.9999928767253571,0.9999928668356216,-12.129268657017889,-47.66283065706034,,801.7201119686159,False,False,False,,[]
590,590,591,True,1.0,1.0,590.0,591.0,590.0,591.0,591.0,0.0,77.40944640000001,77.8922496,207.22004997243397,0.5,0.5,0.0,1.0,0.4958631840964017,0.4956242255770366,0.9997749926860624,0.9997749924659729,0.9997745054528998,0.999991998080922,0.9999919824637241,0.9999928668356216,0.9999928520090947,-15.759005516618625,-61.9380482194284,,758.6530676984966,False,False,False,,[]
591,591,592,True,1.0,1.0,591.0,592.0,591.0,592.0,592.0,0.0,77.8922496,78.6969216,257.2514987317181,0.5,0.5,0.0,1.0,0.4956242255770366,0.4953327149552055,0.9997745054528998,0.9997745156288147,0.9997739276742068,0.9999919824637241,0.9999919682976455,0.9999928520090947,0.9999928345766192,-19.22074443813841,-75.55955317862357,,724.1721931193762,False,False,False,,[]
592,592,593,True,1.0,1.0,592.0,593.0,592.0,593.0,593.0,0.0,78.6969216,78.857856,159.4775150089924,0.5,0.5,0.0,1.0,0.4953327149552055,0.4951432155206941,0.9997739276742068,0.9997739195823669,0.9997735320586378,0.9999919682976455,0.999991952900474,0.9999928345766192,0.9999928242902586,-12.497859016299332,-49.11825342534276,,796.9749867651774,False,False,False,,[]
593,593,594,True,1.0,1.0,593.0,594.0,593.0,594.0,594.0,0.0,78.857856,79.01879040000001,159.68782440421992,0.5,0.5,0.0,1.0,0.4951432155206941,0.4949530879770334,0.9997735320586378,0.9997735023498535,0.9997731352437389,0.999991952900474,0.9999919374656615,0.9999928242902586,0.999992813962843,-12.539038506218308,-49.28105931685331,,796.4502139523189,False,False,False,,[]
594,594,595,True,1.0,1.0,594.0,595.0,594.0,595.0,595.0,0.0,79.01879040000001,79.01879040000001,135.19379192070065,0.5,0.5,0.0,1.0,0.4949530879770334,0.4947882140857158,0.9997731352437389,0.9997731447219849,0.9997727873299858,0.9999919374656615,0.9999919229873816,0.999992813962843,0.9999928034589584,-10.87422077232204,-42.73531262951323,,816.5615462301429,False,False,False,,[]
595,595,596,True,1.0,1.0,595.0,596.0,595.0,596.0,596.0,0.0,79.01879040000001,78.857856,110.489020400699,0.5,0.5,0.0,1.0,0.4947882140857158,0.4946497597600652,0.9997727873299858,0.9997727870941162,0.9997724921784117,0.9999919229873816,0.9999919100159537,0.9999928034589584,0.9999927928808053,-9.13243308309104,-35.88736120864067,,839.2647924867272,False,False,False,,[]
596,596,597,True,1.0,1.0,596.0,597.0,596.0,597.0,597.0,0.0,78.857856,78.857856,134.98305288421827,0.5,0.5,0.0,1.0,0.4946497597600652,0.49448540316169626,0.9997724921784117,0.9997724890708923,0.999772145280617,0.9999919100159537,0.9999918955777021,0.9999927928808053,0.9999927823589538,-10.840123285030614,-42.601230297236725,,816.9891381911685,False,False,False,,[]
597,597,598,True,1.0,1.0,597.0,598.0,597.0,598.0,598.0,0.0,78.857856,78.6969216,110.27828136421859,0.5,0.5,0.0,1.0,0.49448540316169626,0.494347435185414,0.999772145280617,0.9997721314430237,0.9997718513057243,0.9999918955777021,0.999991882647631,0.9999927823589538,0.9999927717821008,-9.100371239532418,-35.761299452358784,,839.720534812957,False,False,False,,[]
598,598,599,True,1.0,1.0,598.0,599.0,598.0,599.0,599.0,0.0,78.6969216,78.2141184,60.65842892899371,0.5,0.5,0.0,1.0,0.494347435185414,0.49427339047433616,0.9997718513057243,0.9997718334197998,0.99977170309904,0.999991882647631,0.9999918786931058,0.9999927717821008,0.99999276371363,-4.885007075422737,-19.19238911137845,,908.3573069740056,False,False,False,,[]
599,599,600,True,1.0,1.0,599.0,600.0,599.0,600.0,600.0,0.0,78.2141184,77.7313152,60.03007859085623,0.5,0.5,0.0,1.0,0.49427339047433616,0.4942012615388326,0.99977170309904,0.9997717142105103,0.999771558997261,0.9999918786931058,0.9999918754518746,0.99999276371363,0.999992755722893,-4.758808562483215,-18.695820082527806,,910.9367306380187,False,False,False,,[]
600,600,601,True,1.0,1.0,600.0,601.0,600.0,601.0,601.0,0.0,77.7313152,77.248512,59.40559502403427,0.5,0.5,0.0,1.0,0.4942012615388326,0.4941302580008499,0.999771558997261,0.9997715353965759,0.9997714172999278,0.9999918754518746,0.9999918722642221,0.999992755722893,0.9999927478103425,-4.684736122679889,-18.40411704510218,,912.1811513821541,False,False,False,,[]
601,601,602,True,1.0,1.0,601.0,602.0,601.0,602.0,602.0,0.0,77.248512,77.0875776,108.19452126852131,0.5,0.5,0.0,1.0,0.4941302580008499,0.49399717618632305,0.9997714172999278,0.9997714161872864,0.9997711350884039,0.9999918722642221,0.9999918597447015,0.9999927478103425,0.9999927373222424,-8.77916973531109,-34.49480632536594,,844.3730980386458,False,False,False,,[]
602,602,603,True,1.0,1.0,602.0,603.0,602.0,603.0,603.0,0.0,77.0875776,76.9266432,107.98850828586227,0.5,0.5,0.0,1.0,0.49399717618632305,0.4938645631632911,0.9997711350884039,0.9997711181640625,0.9997708539999307,0.9999918597447015,0.9999918472659284,0.9999927373222424,0.9999927268327693,-8.748304147995125,-34.3732955698875,,844.8157047396617,False,False,False,,[]
603,603,604,True,1.0,1.0,603.0,604.0,603.0,604.0,604.0,0.0,76.9266432,76.76570880000001,107.78292494446595,0.5,0.5,0.0,1.0,0.4938645631632911,0.49373241782988614,0.9997708539999307,0.9997708797454834,0.9997705740309015,0.9999918472659284,0.9999918348278459,0.9999927268327693,0.9999927163421738,-8.71751112019694,-34.252070418556144,,845.2578691016686,False,False,False,,[]
604,604,605,True,1.0,1.0,604.0,605.0,604.0,605.0,605.0,0.0,76.76570880000001,77.0875776,181.69208580431965,0.5,0.5,0.0,1.0,0.49373241782988614,0.49352333234087875,0.9997705740309015,0.9997705817222595,0.9997701414399108,0.9999918348278459,0.9999918193564731,0.9999927163421738,0.9999927043865934,-13.789909644514724,-54.19495875071884,,781.3894649916558,False,False,False,,[]
605,605,606,True,1.0,1.0,605.0,606.0,605.0,606.0,606.0,0.0,77.0875776,77.7313152,231.51236588586264,0.5,0.5,0.0,1.0,0.49352333234087875,0.4932592445276088,0.9997701414399108,0.9997701644897461,0.9997696099842452,0.9999918193564731,0.9999918042880628,0.9999927043865934,0.9999926871028656,-17.413973551972006,-68.45156119957834,,740.9682356031167,False,False,False,,[]
606,606,607,True,1.0,1.0,606.0,607.0,606.0,607.0,607.0,0.0,77.7313152,78.857856,306.453310224033,0.5,0.5,0.0,1.0,0.4932592445276088,0.4929121253024392,0.9997696099842452,0.9997696280479431,0.9997689449725281,0.9999918042880628,0.999991784350332,0.9999926871028656,0.9999926702518417,-22.881864245129844,-89.97330316395205,,689.4606248877818,False,False,False,,[]
607,607,608,True,1.0,1.0,607.0,608.0,607.0,608.0,608.0,0.0,78.857856,79.01879040000001,159.68782440421992,0.5,0.5,0.0,1.0,0.4929121253024392,0.4927219848813792,0.9997689449725281,0.9997689723968506,0.9997685481330499,0.999991784350332,0.9999917689155194,0.9999926702518417,0.9999926599244261,-12.539038506218308,-49.28439713876379,,796.4404863711461,False,False,False,,[]
608,608,609,True,1.0,1.0,608.0,609.0,608.0,609.0,609.0,0.0,79.01879040000001,78.857856,110.489020400699,0.5,0.5,0.0,1.0,0.4927219848813792,0.4925835221698168,0.9997685481330499,0.9997685551643372,0.9997682529611777,0.9999917689155194,0.9999917559440915,0.9999926599244261,0.9999926493462731,-9.13243308309104,-35.8895348369603,,839.2574560693555,False,False,False,,[]
609,609,610,True,1.0,1.0,609.0,610.0,609.0,610.0,610.0,0.0,78.857856,78.6969216,110.27828136421859,0.5,0.5,0.0,1.0,0.4925835221698168,0.4924455467829545,0.9997682529611777,0.9997682571411133,0.9997679589683636,0.9999917559440915,0.9999917430140204,0.9999926493462731,0.99999263876942,-9.100371239532418,-35.763220274711855,,839.7140457408075,False,False,False,,[]
610,610,611,True,1.0,1.0,610.0,611.0,610.0,611.0,611.0,0.0,78.6969216,77.248512,-87.57020019100634,0.5,0.5,0.0,1.0,0.4924455467829545,0.49251655379910386,0.9997679589683636,0.9997679591178894,0.9997678172636071,0.9999917430140204,0.9999917328193803,0.99999263876942,0.9999926289331473,4.686497613474021,18.405018585910636,,1038.2120460225344,False,False,False,,[]
611,611,612,True,1.0,1.0,611.0,612.0,611.0,612.0,612.0,0.0,77.248512,75.80010240000001,-89.44365089147807,0.5,0.5,0.0,1.0,0.49251655379910386,0.49258755249177083,0.9997678172636071,0.9997678399085999,0.9997676755766151,0.9999917328193803,0.9999917224329719,0.9999926289331473,0.9999926190530364,4.686469456723904,18.4028611392804,,1037.9510981057035,False,False,False,,[]
612,612,613,True,1.0,1.0,612.0,613.0,612.0,613.0,613.0,0.0,75.80010240000001,74.35169280000001,-91.28230065014735,0.5,0.5,0.0,1.0,0.49258755249177083,0.4926584565832753,0.9997676755766151,0.9997676610946655,0.9997675340915061,0.9999917224329719,0.9999917118665875,0.9999926190530364,0.9999926091372163,4.680727482549302,18.37834051795631,,1037.6386574124028,False,False,False,,[]
613,613,614,True,1.0,1.0,613.0,614.0,613.0,614.0,614.0,0.0,74.35169280000001,74.1907584,104.55202269299109,0.5,0.5,0.0,1.0,0.4926584565832753,0.49253379084460175,0.9997675340915061,0.999767541885376,0.9997672718946243,0.9999917118665875,0.9999917000716226,0.9999926091372163,0.9999925987803117,-8.225577147560198,-32.313359464184956,,852.487813524698,False,False,False,,[]
614,614,615,True,1.0,1.0,614.0,615.0,614.0,615.0,615.0,0.0,74.1907584,74.1907584,129.0585147729569,0.5,0.5,0.0,1.0,0.49253379084460175,0.49238444156990624,0.9997672718946243,0.9997672438621521,0.9997669547112749,0.9999917000716226,0.9999916867810847,0.9999925987803117,0.9999925882624131,-9.853496797152458,-38.71133200107124,,829.9608936929505,False,False,False,,[]
615,615,616,True,1.0,1.0,615.0,616.0,615.0,616.0,616.0,0.0,74.1907584,74.35169280000001,153.76328629295656,0.5,0.5,0.0,1.0,0.49238444156990624,0.4922110937649975,0.9997669547112749,0.9997669458389282,0.9997665902351631,0.9999916867810847,0.9999916724362253,0.9999925882624131,0.9999925782578736,-11.435883378172353,-44.93175103235103,,810.2776820243829,False,False,False,,[]
616,616,617,True,1.0,1.0,616.0,617.0,616.0,617.0,617.0,0.0,74.35169280000001,75.4782336,302.19019485298855,0.5,0.5,0.0,1.0,0.4922110937649975,0.49188221942071597,0.9997665902351631,0.9997665882110596,0.9997659528104006,0.9999916724362253,0.9999916539063782,0.9999925782578736,0.9999925605210283,-21.68505447618044,-85.24423003777774,,699.8471120487078,False,False,False,,[]
617,617,618,True,1.0,1.0,617.0,618.0,617.0,618.0,618.0,0.0,75.4782336,76.9266432,352.99972392842056,0.5,0.5,0.0,1.0,0.49188221942071597,0.4915024125539361,0.9997659528104006,0.999765932559967,0.9997652410451265,0.9999916539063782,0.9999916370517702,0.9999925605210283,0.9999925447003895,-25.037216398344857,-98.44593986934291,,674.0094873224845,False,False,False,,[]
618,618,619,True,1.0,1.0,618.0,619.0,618.0,619.0,619.0,0.0,76.9266432,78.857856,428.9449547044637,0.5,0.5,0.0,1.0,0.4915024125539361,0.491035174930387,0.9997652410451265,0.9997652173042297,0.999764422508113,0.9999916370517702,0.9999916199296941,0.9999925447003895,0.999992525540006,-30.788941221854447,-121.10799202392653,,630.7660753458354,False,False,False,,[]
619,619,620,True,1.0,1.0,619.0,620.0,619.0,620.0,620.0,0.0,78.857856,79.98439680000001,307.91645352421995,0.5,0.5,0.0,1.0,0.491035174930387,0.49068208301470945,0.999764422508113,0.9997644424438477,0.9997637486937062,0.9999916199296941,0.9999915996085282,0.999992525540006,0.9999925091502647,-23.272304704073605,-91.52142454361697,,686.2550091166287,False,False,False,,[]
620,620,621,True,1.0,1.0,620.0,621.0,620.0,621.0,621.0,0.0,79.98439680000001,81.4328064,358.8101922859877,0.5,0.5,0.0,1.0,0.49068208301470945,0.49027474491081374,0.9997637486937062,0.9997637271881104,0.9997630003393001,0.9999915996085282,0.9999915824520412,0.9999925091502647,0.9999924927735094,-26.840704120138085,-105.58203652976314,,659.758212279765,False,False,False,,[]
621,621,622,True,1.0,1.0,621.0,622.0,621.0,622.0,622.0,0.0,81.4328064,82.88121600000001,360.74937809875865,0.5,0.5,0.0,1.0,0.49027474491081374,0.48985817522343833,0.9997630003393001,0.999763011932373,0.9997622403101876,0.9999915824520412,0.9999915652309603,0.9999924927735094,0.9999924760127579,-27.445178076095516,-107.97486296770704,,655.0699926810663,False,False,False,,[]
622,622,623,True,1.0,1.0,622.0,623.0,622.0,623.0,623.0,0.0,82.88121600000001,84.00775680000001,313.3138218133308,0.5,0.5,0.0,1.0,0.48985817522343833,0.4894829390885227,0.9997622403101876,0.999762237071991,0.9997615348703569,0.9999915652309603,0.9999915435061055,0.9999924760127579,0.9999924610259402,-24.72244609741751,-97.26120617013261,,674.5399916775661,False,False,False,,[]
623,623,624,True,1.0,1.0,623.0,624.0,623.0,624.0,624.0,0.0,84.00775680000001,84.8124288,265.4636617150496,0.5,0.5,0.0,1.0,0.4894829390885227,0.4891613559036906,0.9997615348703569,0.9997615218162537,0.9997609087580456,0.9999915435061055,0.9999915276641115,0.9999924610259402,0.9999924447129707,-21.189205986053246,-83.35436150848673,,706.0404829779134,False,False,False,,[]
624,624,625,True,1.0,1.0,624.0,625.0,624.0,625.0,625.0,0.0,84.8124288,85.295232,217.1808528711238,0.5,0.5,0.0,1.0,0.4891613559036906,0.4888887540681324,0.9997609087580456,0.9997609257698059,0.9997603626987142,0.9999915276641115,0.9999915107185396,0.9999924447129707,0.999992428384305,-17.963446993742377,-70.65839577667394,,735.0336097501221,False,False,False,,[]
625,625,626,True,1.0,1.0,625.0,626.0,625.0,626.0,626.0,0.0,85.295232,86.26083840000001,291.9763636438542,0.5,0.5,0.0,1.0,0.4888887540681324,0.48853041059254626,0.9997603626987142,0.9997603893280029,0.9997596812391822,0.9999915107185396,0.9999914914514211,0.999992428384305,0.9999924132973886,-23.60615203334668,-92.88262887193905,,684.536040191609,False,False,False,,[]
626,626,627,True,1.0,1.0,626.0,627.0,626.0,627.0,627.0,0.0,86.26083840000001,86.904576,243.9408133432406,0.5,0.5,0.0,1.0,0.48853041059254626,0.48822479604269237,0.9997596812391822,0.9997596740722656,0.9997590804616721,0.9999914914514211,0.999991475094679,0.9999924132973886,0.9999923971157995,-20.134389347605435,-79.21529132212594,,715.1895953537817,False,False,False,,[]
627,627,628,True,1.0,1.0,627.0,628.0,627.0,628.0,628.0,0.0,86.904576,87.06551040000001,170.75108676797154,0.5,0.5,0.0,1.0,0.48822479604269237,0.4880002804686561,0.9997590804616721,0.9997590780258179,0.9997586193745763,0.999991475094679,0.9999914577858442,0.9999923971157995,0.9999923834554135,-14.794478749213216,-58.19443679020116,,768.2890216155469,False,False,False,,[]
628,628,629,True,1.0,1.0,628.0,629.0,628.0,629.0,629.0,0.0,87.06551040000001,87.5483136,220.39285090729553,0.5,0.5,0.0,1.0,0.4880002804686561,0.48771610154109984,0.9997586193745763,0.9997586011886597,0.9997580537761807,0.9999914577858442,0.9999914392076295,0.9999923834554135,0.9999923674490544,-18.722199807833846,-73.65917802259091,,727.1017441443684,False,False,False,,[]
629,629,630,True,1.0,1.0,629.0,630.0,629.0,630.0,630.0,0.0,87.5483136,88.0311168,221.0920920528124,0.5,0.5,0.0,1.0,0.48771610154109984,0.48743137660641356,0.9997580537761807,0.9997580647468567,0.9997574872654712,0.9999914392076295,0.999991421807477,0.9999923674490544,0.9999923515727919,-18.75737470335275,-73.80070307068682,,727.4566174130205,False,False,False,,[]
630,630,631,True,1.0,1.0,630.0,631.0,630.0,631.0,631.0,0.0,88.0311168,88.67485440000002,246.49997148963857,0.5,0.5,0.0,1.0,0.48743137660641356,0.48711772370952705,0.9997574872654712,0.9997574687004089,0.9997568736398761,0.999991421807477,0.9999914052389023,0.9999923515727919,0.9999923361039236,-20.660402131870423,-81.29883087297956,,710.70533339955,False,False,False,,[]
631,631,632,True,1.0,1.0,631.0,632.0,631.0,632.0,632.0,0.0,88.67485440000002,89.15765760000001,222.73869216966816,0.5,0.5,0.0,1.0,0.48711772370952705,0.4868278444940565,0.9997568736398761,0.9997568726539612,0.9997562985583209,0.9999914052389023,0.9999913876584012,0.9999923361039236,0.9999923203719187,-19.09486767749512,-75.13669264995777,,724.2703622168946,False,False,False,,[]
632,632,633,True,1.0,1.0,632.0,633.0,632.0,633.0,633.0,0.0,89.15765760000001,89.15765760000001,149.33650799288935,0.5,0.5,0.0,1.0,0.4868278444940565,0.4866256050685143,0.9997562985583209,0.9997562766075134,0.9997558787912881,0.9999913876584012,0.999991370619291,0.9999923203719187,0.9999923092651734,-13.325035510844366,-52.42045910053563,,785.9398601138736,False,False,False,,[]
633,633,634,True,1.0,1.0,633.0,634.0,633.0,634.0,634.0,0.0,89.15765760000001,88.51392000000001,50.51742191289064,0.5,0.5,0.0,1.0,0.4866256050685143,0.4865560411830648,0.9997558787912881,0.999755859375,0.9997557401623575,0.999991370619291,0.9999913675116734,0.9999923092651734,0.9999923013396941,-4.58530852299596,-18.030959108526282,,913.6927012855027,False,False,False,,[]
634,634,635,True,1.0,1.0,634.0,635.0,634.0,635.0,635.0,0.0,88.51392000000001,87.709248,24.864002497773743,0.5,0.5,0.0,1.0,0.4865560411830648,0.4865210924086129,0.9997557401623575,0.9997557401657104,0.9997556728343833,0.9999913675116734,0.9999913659946144,0.9999923013396941,0.9999922967526806,-2.304039628480021,-9.058722337924095,,954.3936829071506,False,False,False,,[]
635,635,636,True,1.0,1.0,635.0,636.0,635.0,636.0,636.0,0.0,87.709248,86.26083840000001,-75.13122652283373,0.5,0.5,0.0,1.0,0.4865210924086129,0.4865936353088154,0.9997556728343833,0.9997556805610657,0.9997555278468674,0.9999913659946144,0.9999913614691464,0.9999922967526806,0.9999922868849384,4.784451047699063,18.803119732487794,,1045.6433117082597,False,False,False,,[]
636,636,637,True,1.0,1.0,636.0,637.0,636.0,637.0,637.0,0.0,86.26083840000001,84.49056,-126.63075945676046,0.5,0.5,0.0,1.0,0.4865936353088154,0.4867110150073776,0.9997555278468674,0.9997555017471313,0.9997552827273584,0.9999913614691464,0.9999913463224473,0.9999922868849384,0.9999922762637499,7.743726111504191,30.42481786733315,,1071.9260908050014,False,False,False,,[]
637,637,638,True,1.0,1.0,637.0,638.0,637.0,638.0,638.0,0.0,84.49056,80.78906880000001,-425.5951892510745,0.5,0.5,0.0,1.0,0.4867110150073776,0.48713308511705466,0.9997552827273584,0.9997552633285522,0.9997545158873313,0.9999913463224473,0.999991328083411,0.9999922762637499,0.9999922562327328,27.875566569154298,109.40057242829158,,1443.2431362737575,False,False,False,,[]
638,638,639,True,1.0,1.0,638.0,639.0,638.0,639.0,639.0,0.0,80.78906880000001,77.57038080000001,-356.5551527550409,0.5,0.5,0.0,1.0,0.48713308511705466,0.48746964215805527,0.9997545158873313,0.9997544884681702,0.999753866719331,0.999991328083411,0.9999913109836476,0.9999922562327328,0.9999922402276356,22.227925618792998,87.23558502736289,,1313.2586520425846,False,False,False,,[]
639,639,640,True,1.0,1.0,639.0,640.0,639.0,640.0,640.0,0.0,77.57038080000001,74.834496,-286.6685081623967,0.5,0.5,0.0,1.0,0.48746964215805527,0.4877224328633859,0.999753866719331,0.9997538924217224,0.999753354940475,0.9999913109836476,0.9999912940995671,0.9999922402276356,0.9999922225737886,16.694961404993673,65.52335082169465,,1200.5881330610187,False,False,False,,[]
640,640,641,True,1.0,1.0,640.0,641.0,640.0,641.0,641.0,0.0,74.834496,74.35169280000001,55.73989582063443,0.5,0.5,0.0,1.0,0.4877224328633859,0.4876572415390453,0.999753354940475,0.9997533559799194,0.9997532255798409,0.9999912940995671,0.9999912906445957,0.9999922225737886,0.9999922151295613,-4.301884358278826,-16.897591269084035,,918.2512276394447,False,False,False,,[]
641,641,642,True,1.0,1.0,641.0,642.0,641.0,642.0,642.0,0.0,74.35169280000001,74.029824,79.8472511729914,0.5,0.5,0.0,1.0,0.4876572415390453,0.4875602642855282,0.9997532255798409,0.9997532367706299,0.9997530270678877,0.9999912906445957,0.9999912814858988,0.9999922151295613,0.9999922058606667,-6.398953143160128,-25.136504111641546,,880.8585592232105,False,False,False,,[]
642,642,643,True,1.0,1.0,642.0,643.0,642.0,643.0,643.0,0.0,74.029824,74.029824,128.86066497417985,0.5,0.5,0.0,1.0,0.4875602642855282,0.48741138333235945,0.9997530270678877,0.9997529983520508,0.9997527108191733,0.9999912814858988,0.9999912682344401,0.9999922058606667,0.9999921953210471,-9.822322810634311,-38.58994306133281,,830.3600196570708,False,False,False,,[]
643,643,644,True,1.0,1.0,643.0,644.0,643.0,644.0,644.0,0.0,74.029824,74.5126272,202.97497953417692,0.5,0.5,0.0,1.0,0.48741138333235945,0.48718762251332814,0.9997527108191733,0.9997527003288269,0.9997522511125884,0.9999912682344401,0.9999912532611406,0.9999921953210471,0.999992181938693,-14.758878364750737,-57.99880429291747,,770.364312242405,False,False,False,,[]
644,644,645,True,1.0,1.0,644.0,645.0,644.0,645.0,645.0,0.0,74.5126272,75.3172992,252.97936089428183,0.5,0.5,0.0,1.0,0.48718762251332814,0.4869114366946045,0.9997522511125884,0.9997522234916687,0.999751698964865,0.9999912532611406,0.9999912394991837,0.999992181938693,0.9999921641313585,-18.212991236746216,-71.58736421316341,,733.6919273637235,False,False,False,,[]
645,645,646,True,1.0,1.0,645.0,646.0,645.0,646.0,646.0,0.0,75.3172992,76.44384000000001,303.38889395958944,0.5,0.5,0.0,1.0,0.4869114366946045,0.4865775549908174,0.999751698964865,0.9997516870498657,0.9997510538654588,0.9999912394991837,0.9999912205749801,0.9999921641313585,0.9999921468034595,-22.012337631842783,-86.54213762161861,,697.0371579178718,False,False,False,,[]
646,646,647,True,1.0,1.0,646.0,647.0,646.0,647.0,647.0,0.0,76.44384000000001,77.57038080000001,304.8069249278057,0.5,0.5,0.0,1.0,0.4865775549908174,0.48623750516681824,0.9997510538654588,0.9997510313987732,0.9997503994193068,0.9999912205749801,0.9999912011822781,0.9999921468034595,0.9999921296774829,-22.416610678168304,-88.14091438058229,,693.4749674798095,False,False,False,,[]
647,647,648,True,1.0,1.0,647.0,648.0,647.0,648.0,648.0,0.0,77.57038080000001,78.5359872,281.5412367976018,0.5,0.5,0.0,1.0,0.48623750516681824,0.48591966857253954,0.9997503994193068,0.9997503757476807,0.9997497791826851,0.9999912011822781,0.999991184528451,0.9999921296774829,0.9999921123515466,-20.951922196811125,-82.3832452370438,,707.2936018304224,False,False,False,,[]
648,648,649,True,1.0,1.0,648.0,649.0,648.0,649.0,649.0,0.0,78.5359872,79.66252800000001,307.49626437502764,0.5,0.5,0.0,1.0,0.48591966857253954,0.48556802676738847,0.9997497791826851,0.9997497797012329,0.9997491074949871,0.999991184528451,0.9999911643172588,0.9999921123515466,0.9999920955779938,-23.17615985794067,-91.14555589515443,,686.9097504736982,False,False,False,,[]
649,649,650,True,1.0,1.0,649.0,650.0,649.0,650.0,650.0,0.0,79.66252800000001,80.78906880000001,308.9744451191983,0.5,0.5,0.0,1.0,0.48556802676738847,0.48521037977390136,0.9997491074949871,0.9997491240501404,0.9997484270442486,0.9999911643172588,0.9999911437196743,0.9999920955779938,0.9999920792748991,-23.569425354361684,-92.70210071185426,,683.7173248532746,False,False,False,,[]
650,650,651,True,1.0,1.0,650.0,651.0,650.0,651.0,651.0,0.0,80.78906880000001,81.5937408,261.0641352449569,0.5,0.5,0.0,1.0,0.48521037977390136,0.484905025794029,0.9997484270442486,0.9997484087944031,0.9997478266864065,0.9999911437196743,0.9999911289313121,0.9999920792748991,0.9999920623498383,-20.124786637540623,-79.14775158292012,,715.7667445371358,False,False,False,,[]
651,651,652,True,1.0,1.0,651.0,652.0,651.0,652.0,652.0,0.0,81.5937408,82.23747840000001,237.44313379535214,0.5,0.5,0.0,1.0,0.484905025794029,0.4846208677211961,0.9997478266864065,0.9997478127479553,0.9997472611228732,0.9999911289313121,0.9999911131934038,0.9999920623498383,0.9999920454158292,-18.727915864787605,-73.6537724782834,,728.127234327575,False,False,False,,[]
652,652,653,True,1.0,1.0,652.0,653.0,652.0,653.0,653.0,0.0,82.23747840000001,83.20308480000001,287.7274264342856,0.5,0.5,0.0,1.0,0.4846208677211961,0.4842784354276561,0.9997472611228732,0.9997472763061523,0.9997466030983778,0.9999911131934038,0.9999910947234303,0.9999920454158292,0.999992029198481,-22.56325012706573,-88.75845048557326,,693.0381233671053,False,False,False,,[]
653,653,654,True,1.0,1.0,653.0,654.0,653.0,654.0,654.0,0.0,83.20308480000001,84.00775680000001,264.34766855039334,0.5,0.5,0.0,1.0,0.4842784354276561,0.48396092244314515,0.9997466030983778,0.9997466206550598,0.9997459833712492,0.9999910947234303,0.9999910790906551,0.999992029198481,0.9999920127691373,-20.921334561225756,-82.29936558524196,,708.4421714292972,False,False,False,,[]
654,654,655,True,1.0,1.0,654.0,655.0,654.0,655.0,655.0,0.0,84.00775680000001,84.49056,216.0541186750483,0.5,0.5,0.0,1.0,0.48396092244314515,0.48369171826813406,0.9997459833712492,0.9997459650039673,0.9997454431162055,0.9999910790906551,0.999991062282936,0.9999920127691373,0.999991996236405,-17.73978866433393,-69.77772216286883,,737.1531904689115,False,False,False,,[]
655,655,656,True,1.0,1.0,655.0,656.0,655.0,656.0,656.0,0.0,84.49056,83.84682240000001,43.79546962892531,0.5,0.5,0.0,1.0,0.48369171826813406,0.48363351955930445,0.9997454431162055,0.9997454285621643,0.9997453284184749,0.999991062282936,0.9999910592198482,0.999991996236405,0.9999919893694251,-3.837532620919325,-15.085105328640134,,926.2702329635498,False,False,False,,[]
656,656,657,True,1.0,1.0,656.0,657.0,656.0,657.0,657.0,0.0,83.84682240000001,83.04215040000001,18.191888599604372,0.5,0.5,0.0,1.0,0.48363351955930445,0.4836088641727184,0.9997453284184749,0.9997453093528748,0.9997452813963552,0.9999910592198482,0.9999910579584416,0.9999919893694251,0.9999919860567027,-1.6259998208396578,-6.390676203097663,,967.1818489372624,False,False,False,,[]
657,657,658,True,1.0,1.0,657.0,658.0,657.0,658.0,658.0,0.0,83.04215040000001,82.23747840000001,17.07804364123617,0.5,0.5,0.0,1.0,0.4836088641727184,0.4835859117912631,0.9997452813963552,0.9997453093528748,0.99974523769503,0.9999910579584416,0.999991056785687,0.9999919860567027,0.9999919829559435,-1.513800181221713,-5.949257273226382,,969.3717047243081,False,False,False,,[]
658,658,659,True,1.0,1.0,658.0,659.0,658.0,659.0,659.0,0.0,82.23747840000001,82.07654400000001,114.79402579428393,0.5,0.5,0.0,1.0,0.4835859117912631,0.4834374668829202,0.99974523769503,0.99974524974823,0.9997449223169299,0.999991056785687,0.9999910431077291,0.9999919829559435,0.9999919722521368,-9.78730862668786,-38.47692024247489,,830.3134260019232,False,False,False,,[]
659,659,660,True,1.0,1.0,659.0,660.0,659.0,660.0,660.0,0.0,82.07654400000001,82.07654400000001,139.27946545266627,0.5,0.5,0.0,1.0,0.4834374668829202,0.48326230067181836,0.9997449223169299,0.9997449517250061,0.9997445543066515,0.9999910431077291,0.999991027864183,0.9999919722521368,0.9999919619623844,-11.548240344384666,-45.403081917604304,,808.0804571527758,False,False,False,,[]
660,660,661,True,1.0,1.0,660.0,661.0,660.0,661.0,661.0,0.0,82.07654400000001,82.23747840000001,163.9842369726679,0.5,0.5,0.0,1.0,0.48326230067181836,0.4830590151180706,0.9997445543066515,0.9997445344924927,0.9997441325729619,0.999991027864183,0.9999910116769867,0.9999919619623844,0.9999919505073283,-13.400847328602786,-52.69161553141635,,785.4835259610135,False,False,False,,[]
661,661,662,True,1.0,1.0,661.0,662.0,661.0,662.0,662.0,0.0,82.23747840000001,82.7202816,213.6131118742846,0.5,0.5,0.0,1.0,0.4830590151180706,0.48279764966123806,0.9997441325729619,0.9997441172599792,0.9997436058280064,0.9999910116769867,0.9999909951786289,0.9999919505073283,0.9999919339651901,-17.22612641865587,-67.74592641099551,,742.3461614899569,False,False,False,,[]
662,662,663,True,1.0,1.0,662.0,663.0,662.0,663.0,663.0,0.0,82.7202816,83.20308480000001,214.27368530668542,0.5,0.5,0.0,1.0,0.48279764966123806,0.482534049070125,0.9997436058280064,0.9997435808181763,0.9997430752139634,0.9999909951786289,0.9999909785950991,0.9999919339651901,0.9999919173155688,-17.37260835592678,-68.32527321651033,,740.7982779801966,False,False,False,,[]
663,663,664,True,1.0,1.0,663.0,664.0,663.0,664.0,664.0,0.0,83.20308480000001,83.685888,214.93812551039397,0.5,0.5,0.0,1.0,0.482534049070125,0.48226855504746113,0.9997430752139634,0.9997431039810181,0.9997425413327984,0.9999909785950991,0.9999909619269896,0.9999919173155688,0.9999919009035231,-17.496576956402713,-68.81605067446671,,739.665598740736,False,False,False,,[]
664,664,665,True,1.0,1.0,664.0,665.0,664.0,665.0,665.0,0.0,83.685888,84.00775680000001,190.90166096541637,0.5,0.5,0.0,1.0,0.48226855504746113,0.48202848870522275,0.9997425413327984,0.9997425675392151,0.9997420521157167,0.9999909619269896,0.9999909449964667,0.9999919009035231,0.9999918857576173,-15.821472270028968,-62.22519590819374,,756.9653229414049,False,False,False,,[]
665,665,666,True,1.0,1.0,665.0,666.0,665.0,666.0,666.0,0.0,84.00775680000001,84.49056,216.0541186750483,0.5,0.5,0.0,1.0,0.48202848870522275,0.48175928250829403,0.9997420521157167,0.9997420310974121,0.9997415118572096,0.9999909449964667,0.9999909281887476,0.9999918857576173,0.999991869224885,-17.73978866433393,-69.77824624392552,,737.151903575434,False,False,False,,[]
666,666,667,True,1.0,1.0,666.0,667.0,666.0,667.0,667.0,0.0,84.49056,84.9733632,216.7288702689231,0.5,0.5,0.0,1.0,0.48175928250829403,0.48148814311098026,0.9997415118572096,0.9997414946556091,0.9997409682923358,0.9999909281887476,0.9999909112981015,0.999991869224885,0.9999918529246515,-17.866347145779386,-70.2793317837252,,736.0048145616269,False,False,False,,[]
667,667,668,True,1.0,1.0,667.0,668.0,667.0,668.0,668.0,0.0,84.9733632,84.8124288,118.58840255411266,0.5,0.5,0.0,1.0,0.48148814311098026,0.4813310054136318,0.9997409682923358,0.9997409582138062,0.999740635630393,0.9999909112981015,0.9999908970988844,0.9999918529246515,0.9999918422110691,-10.357679559093867,-40.730091152724874,,822.8307957105249,False,False,False,,[]
668,668,669,True,1.0,1.0,668.0,669.0,668.0,669.0,669.0,0.0,84.8124288,84.6514944,118.36176679112312,0.5,0.5,0.0,1.0,0.4813310054136318,0.48117438708964794,0.999740635630393,0.9997406601905823,0.999740303996809,0.9999908970988844,0.9999908829301782,0.9999918422110691,0.9999918314953773,-10.323583086980934,-40.59546957661141,,823.2715280078866,False,False,False,,[]
669,669,670,True,1.0,1.0,669.0,670.0,669.0,670.0,670.0,0.0,84.6514944,84.1686912,68.72601762939497,0.5,0.5,0.0,1.0,0.48117438708964794,0.48108485658779626,0.999740303996809,0.9997403025627136,0.9997401220585636,0.9999908829301782,0.9999908781096433,0.9999918314953773,0.9999918222842029,-5.902771701135784,-23.2063060799474,,891.4594333630255,False,False,False,,[]
670,670,671,True,1.0,1.0,670.0,671.0,670.0,671.0,671.0,0.0,84.1686912,84.1686912,142.16429167175068,0.5,0.5,0.0,1.0,0.48108485658779626,0.480902475574275,0.9997401220585636,0.9997401237487793,0.9997397400964521,0.9999908781096433,0.9999908623381347,0.9999918222842029,0.9999918122526463,-12.021401792707133,-47.27315870470666,,802.3233423890525,False,False,False,,[]
671,671,672,True,1.0,1.0,671.0,672.0,671.0,672.0,672.0,0.0,84.1686912,84.3296256,166.86906319175233,0.5,0.5,0.0,1.0,0.480902475574275,0.48069029880046765,0.9997397400964521,0.9997397661209106,0.9997393017509356,0.9999908623381347,0.9999908456633354,0.9999918122526463,0.9999918000023121,-13.984012878196335,-54.996219770873175,,778.2485997851034,False,False,False,,[]
672,672,673,True,1.0,1.0,672.0,673.0,672.0,673.0,673.0,0.0,84.3296256,84.49056,167.0939803897086,0.5,0.5,0.0,1.0,0.48069029880046765,0.4804774380084838,0.9997393017509356,0.9997392892837524,0.9997388621351532,0.9999908456633354,0.9999908289511097,0.9999918000023121,0.9999917877004597,-14.028856985469249,-55.173517282216174,,777.7038839340744,False,False,False,,[]
673,673,674,True,1.0,1.0,673.0,674.0,673.0,674.0,674.0,0.0,84.49056,84.8124288,192.02409874892535,0.5,0.5,0.0,1.0,0.4804774380084838,0.4802334644038751,0.9997388621351532,0.999738872051239,0.9997383659457582,0.9999908289511097,0.9999908118550593,0.9999917877004597,0.9999917720442456,-16.077567883884907,-63.237958314579885,,753.9517578998589,False,False,False,,[]
674,674,675,True,1.0,1.0,674.0,675.0,674.0,675.0,675.0,0.0,84.8124288,84.8124288,143.06653831112476,0.5,0.5,0.0,1.0,0.4802334644038751,0.48004882472863886,0.9997383659457582,0.9997383952140808,0.9997379796392796,0.9999908118550593,0.9999907959205432,0.9999917720442456,0.9999917621039993,-12.16947009412333,-47.85860382123206,,800.5475197214716,False,False,False,,[]
675,675,676,True,1.0,1.0,675.0,676.0,675.0,676.0,676.0,0.0,84.8124288,84.3296256,68.95222375112377,0.5,0.5,0.0,1.0,0.48004882472863886,0.4799598011573162,0.9997379796392796,0.9997379779815674,0.999737798820879,0.9999907959205432,0.9999907918825246,0.9999917621039993,0.9999917528609298,-5.869247179120117,-23.07490968683345,,892.5491341129132,False,False,False,,[]
676,676,677,True,1.0,1.0,676.0,677.0,676.0,677.0,677.0,0.0,84.3296256,83.84682240000001,68.27489430970991,0.5,0.5,0.0,1.0,0.4799598011573162,0.47987116057436296,0.999737798820879,0.9997377991676331,0.9997376188478196,0.9999907918825246,0.9999907871118928,0.9999917528609298,0.9999917437136135,-5.844248192473369,-22.975639101470016,,892.414252879136,False,False,False,,[]
677,677,678,True,1.0,1.0,677.0,678.0,677.0,678.0,678.0,0.0,83.84682240000001,83.20308480000001,42.896660119606004,0.5,0.5,0.0,1.0,0.47987116057436296,0.47981511763632195,0.9997376188478196,0.9997376203536987,0.9997375086313546,0.9999907871118928,0.9999907846308277,0.9999917437136135,0.9999917369922044,-3.695552416292987,-14.526329540223793,,929.1374216530417,False,False,False,,[]
678,678,679,True,1.0,1.0,678.0,679.0,678.0,679.0,679.0,0.0,83.20308480000001,82.23747840000001,-7.404818169605097,0.5,0.5,0.0,1.0,0.47981511763632195,0.47982146141970516,0.9997375086313546,0.9997375011444092,0.9997374967474562,0.9999907846308277,0.9999907841218414,0.9999917369922044,0.9999917355990758,0.41842337060740115,1.644308652929237,,1003.2638969974549,False,False,False,,[]
679,679,680,True,1.0,1.0,679.0,680.0,679.0,680.0,680.0,0.0,82.23747840000001,81.271872,-8.729831805716417,0.5,0.5,0.0,1.0,0.47982146141970516,0.47982893764665235,0.9997374967474562,0.9997375011444092,0.9997374827266111,0.9999907841218414,0.9999907836276253,0.9999917355990758,0.9999917339669258,0.49316629528348377,1.9378380247074334,,1003.9634229559123,False,False,False,,[]
680,680,681,True,1.0,1.0,680.0,681.0,680.0,681.0,681.0,0.0,81.271872,80.62813440000001,39.37016468342387,0.5,0.5,0.0,1.0,0.47982893764665235,0.47977835055854556,0.9997374827266111,0.9997375011444092,0.9997373837694307,0.9999907836276253,0.999990780979346,0.9999917339669258,0.9999917278215946,-3.3366571422000195,-13.112173237276135,,935.2118727439126,False,False,False,,[]
681,681,682,True,1.0,1.0,681.0,682.0,681.0,682.0,682.0,0.0,80.62813440000001,80.1453312,63.21049799464988,0.5,0.5,0.0,1.0,0.47977835055854556,0.47970036456351617,0.9997373837694307,0.9997373819351196,0.9997372270709285,0.999990780979346,0.9999907774607287,0.9999917278215946,0.9999917194126221,-5.143664966140302,-20.213969911620303,,904.4998037198384,False,False,False,,[]
682,682,683,True,1.0,1.0,682.0,683.0,682.0,683.0,683.0,0.0,80.1453312,79.98439680000001,111.97622361126925,0.5,0.5,0.0,1.0,0.47970036456351617,0.4795584443213148,0.9997372270709285,0.9997372031211853,0.9997369247651842,0.9999907774607287,0.9999907641983117,0.9999917194126221,0.9999917088319153,-9.358980045676471,-36.785726778593045,,836.1246375795764,False,False,False,,[]
683,683,684,True,1.0,1.0,683.0,684.0,683.0,684.0,684.0,0.0,79.98439680000001,79.82346240000001,111.76247708598896,0.5,0.5,0.0,1.0,0.4795584443213148,0.47941701946919946,0.9997369247651842,0.9997369050979614,0.9997366234553965,0.9999907641983117,0.9999907509776224,0.9999917088319153,0.9999916982508609,-9.326389118190786,-36.65732166828478,,836.5697605311439,False,False,False,,[]
684,684,685,True,1.0,1.0,684.0,685.0,684.0,685.0,685.0,0.0,79.82346240000001,79.66252800000001,111.54916020196553,0.5,0.5,0.0,1.0,0.47941701946919946,0.4792760888498579,0.9997366234553965,0.9997366070747375,0.9997363231397174,0.9999907509776224,0.9999907377986086,0.9999916982508609,0.9999916876696989,-9.293874017394948,-36.529216533327165,,837.014549151022,False,False,False,,[]
685,685,686,True,1.0,1.0,685.0,686.0,685.0,686.0,686.0,0.0,79.66252800000001,79.66252800000001,136.0410444791986,0.5,0.5,0.0,1.0,0.4792760888498579,0.4791091028815262,0.9997363231397174,0.9997363090515137,0.9997359710836857,0.9999907377986086,0.9999907231599496,0.9999916876696989,0.9999916772411194,-11.011300377291438,-43.282762991582004,,814.8240549163413,False,False,False,,[]
686,686,687,True,1.0,1.0,686.0,687.0,686.0,687.0,687.0,0.0,79.66252800000001,79.98439680000001,185.45058751919797,0.5,0.5,0.0,1.0,0.4791091028815262,0.47888748975989215,0.9997359710836857,0.999735951423645,0.999735515313019,0.9999907231599496,0.9999907070710611,0.9999916772411194,0.9999916641032953,-14.610899413089152,-57.442121127547445,,771.3568060501655,False,False,False,,[]
687,687,688,True,1.0,1.0,687.0,688.0,687.0,688.0,688.0,0.0,79.98439680000001,80.4672,210.5815631659877,0.5,0.5,0.0,1.0,0.47888748975989215,0.4786362934567323,0.999735515313019,0.9997355341911316,0.999735006338285,0.9999907070710611,0.9999906909775774,0.9999916641032953,0.9999916479633868,-16.559275675812984,-65.1100817790274,,749.4413839692576,False,False,False,,[]
688,688,689,True,1.0,1.0,688.0,689.0,688.0,689.0,689.0,0.0,80.4672,80.78906880000001,186.51932014560137,0.5,0.5,0.0,1.0,0.4786362934567323,0.47841109784101654,0.999735006338285,0.9997349977493286,0.999734544008528,0.9999906909775774,0.9999906747186971,0.9999916479633868,0.9999916344659597,-14.84586365430706,-58.3707035935326,,768.5302841230472,False,False,False,,[]
689,689,690,True,1.0,1.0,689.0,690.0,689.0,690.0,690.0,0.0,80.78906880000001,81.4328064,236.35936372495723,0.5,0.5,0.0,1.0,0.47841109784101654,0.4781306213149182,0.999734544008528,0.9997345209121704,0.9997339846183999,0.9999906747186971,0.999990659095534,0.9999916344659597,0.9999916174991925,-18.486449051320907,-72.69951556470149,,730.4572717086546,False,False,False,,[]
690,690,691,True,1.0,1.0,690.0,691.0,690.0,691.0,691.0,0.0,81.4328064,82.23747840000001,261.9302920187599,0.5,0.5,0.0,1.0,0.4781306213149182,0.47782197117474245,0.9997339846183999,0.9997339844703674,0.99973337896653,0.999990659095534,0.999990644085924,0.9999916174991925,0.9999916006187576,-20.340500911722337,-80.0021163335426,,713.7221938561358,False,False,False,,[]
691,691,692,True,1.0,1.0,691.0,692.0,691.0,692.0,692.0,0.0,82.23747840000001,83.04215040000001,263.022654914284,0.5,0.5,0.0,1.0,0.47782197117474245,0.47750931474707037,0.99973337896653,0.9997333884239197,0.99973276692325,0.999990644085924,0.999990628795762,0.9999916006187576,0.9999915839423917,-20.602930083786422,-81.04054605260374,,711.3249342244507,False,False,False,,[]
692,692,693,True,1.0,1.0,692.0,693.0,692.0,693.0,693.0,0.0,83.04215040000001,83.5249536,214.7162158012336,0.5,0.5,0.0,1.0,0.47750931474707037,0.47724443356910906,0.99973276692325,0.9997327923774719,0.9997322340984968,0.999990628795762,0.9999906121557789,0.9999915839423917,0.99999156743531,-17.456220083585098,-68.65720132757525,,740.0222514694199,False,False,False,,[]
693,693,694,True,1.0,1.0,693.0,694.0,693.0,694.0,694.0,0.0,83.5249536,83.685888,165.97369081248777,0.5,0.5,0.0,1.0,0.47724443356910906,0.47703506762501213,0.9997322340984968,0.999732255935669,0.9997318009844998,0.9999906121557789,0.9999905956308152,0.99999156743531,0.9999915554820089,-13.799497915157847,-54.267652709916824,,780.5453086610734,False,False,False,,[]
694,694,695,True,1.0,1.0,694.0,695.0,694.0,695.0,695.0,0.0,83.685888,83.84682240000001,166.19688944541667,0.5,0.5,0.0,1.0,0.47703506762501213,0.47682502537386207,0.9997318009844998,0.9997317790985107,0.9997313666100547,0.9999905956308152,0.999990579068374,0.9999915554820089,0.9999915434795157,-13.843828350141768,-54.44295149809092,,780.0040470828442,False,False,False,,[]
695,695,696,True,1.0,1.0,695.0,696.0,695.0,696.0,696.0,0.0,83.84682240000001,84.3296256,215.83006075960375,0.5,0.5,0.0,1.0,0.47682502537386207,0.4765565559515848,0.9997313666100547,0.9997313618659973,0.9997308276143289,0.999990579068374,0.9999905622884385,0.9999915434795157,0.9999915269674733,-17.691205733935792,-69.58727425426093,,737.647553582161,False,False,False,,[]
696,696,697,True,1.0,1.0,696.0,697.0,696.0,697.0,697.0,0.0,84.3296256,85.1342976,265.9130664697073,0.5,0.5,0.0,1.0,0.4765565559515848,0.4762333799092655,0.9997308276143289,0.9997308254241943,0.999730199016832,0.9999905622884385,0.999990546335318,0.9999915269674733,0.9999915108187405,-21.291619022154556,-83.7672301691652,,705.1501688300744,False,False,False,,[]
697,697,698,True,1.0,1.0,697.0,698.0,697.0,698.0,698.0,0.0,85.1342976,85.7780352,242.33932555835548,0.5,0.5,0.0,1.0,0.4762333799092655,0.4759329866699744,0.999730199016832,0.9997301697731018,0.9997296066864663,0.999990546335318,0.9999905301202321,0.9999915108187405,0.9999914944132726,-19.790773758173234,-77.86192762425928,,718.2634420001102,False,False,False,,[]
698,698,699,True,1.0,1.0,698.0,699.0,698.0,699.0,699.0,0.0,85.7780352,86.42177280000001,243.2518835878919,0.5,0.5,0.0,1.0,0.4759329866699744,0.4756297783476877,0.9997296066864663,0.9997296333312988,0.9997290097919247,0.9999905301202321,0.9999905138235655,0.9999914944132726,0.9999914783147165,-19.975003106949007,-78.59159713671346,,716.6953468515696,False,False,False,,[]
699,699,700,True,1.0,1.0,699.0,700.0,699.0,700.0,700.0,0.0,86.42177280000001,87.22644480000001,268.8760873975375,0.5,0.5,0.0,1.0,0.4756297783476877,0.47529440500473746,0.9997290097919247,0.9997290372848511,0.9997283624213212,0.9999905138235655,0.9999904958893939,0.9999914783147165,0.9999914628241221,-22.090580783937455,-86.92877049270923,,697.576188885895,False,False,False,,[]
700,700,701,True,1.0,1.0,700.0,701.0,700.0,701.0,701.0,0.0,87.22644480000001,87.709248,220.62550164787697,0.5,0.5,0.0,1.0,0.47529440500473746,0.475010995993207,0.9997283624213212,0.9997283816337585,0.9997277981107842,0.9999904958893939,0.9999904785415293,0.9999914628241221,0.9999914467877107,-18.669596763596033,-73.45961578869998,,728.2131331075019,False,False,False,,[]
701,701,702,True,1.0,1.0,701.0,702.0,701.0,702.0,702.0,0.0,87.709248,88.1920512,221.32603171716238,0.5,0.5,0.0,1.0,0.475010995993207,0.47472563488929925,0.9997277981107842,0.9997277855873108,0.9997272305381658,0.9999904785415293,0.9999904611153577,0.9999914467877107,0.9999914310544825,-18.7973052007745,-73.96559813288616,,727.1258396436563,False,False,False,,[]
702,702,703,True,1.0,1.0,702.0,703.0,702.0,703.0,703.0,0.0,88.1920512,88.51392000000001,197.3256570377637,0.5,0.5,0.0,1.0,0.47472563488929925,0.4744657791929211,0.9997272305381658,0.9997272491455078,0.9997267064141915,0.9999904611153577,0.9999904432728152,0.9999914310544825,0.9999914155041183,-17.11789520623469,-67.35459650121628,,743.1292127554118,False,False,False,,[]
703,703,704,True,1.0,1.0,703.0,704.0,703.0,704.0,704.0,0.0,88.51392000000001,89.31859200000001,271.9117176977764,0.5,0.5,0.0,1.0,0.4744657791929211,0.4741210146698394,0.9997267064141915,0.9997267127037048,0.9997260449041416,0.9999904432728152,0.9999904258133813,0.9999914155041183,0.9999914008649037,-22.7044923585616,-89.36296438276813,,692.9938847639189,False,False,False,,[]
704,704,705,True,1.0,1.0,704.0,705.0,704.0,705.0,705.0,0.0,89.31859200000001,89.9623296,248.3938301498085,0.5,0.5,0.0,1.0,0.4741210146698394,0.47380117743130723,0.9997260449041416,0.9997260570526123,0.9997254215246887,0.9999904258133813,0.9999904090994571,0.9999914008649037,0.9999913857103327,-21.06317902396388,-82.90181222754023,,707.1917331320533,False,False,False,,[]
705,705,706,True,1.0,1.0,705.0,706.0,705.0,706.0,706.0,0.0,89.9623296,90.28419840000001,199.94152783005936,0.5,0.5,0.0,1.0,0.47380117743130723,0.47353315109089994,0.9997254215246887,0.9997254014015198,0.9997248832890827,0.9999904090994571,0.9999903909099139,0.9999913857103327,0.999991369906799,-17.6530828097032,-69.47242743356513,,737.5485334879103,False,False,False,,[]
706,706,707,True,1.0,1.0,706.0,707.0,706.0,707.0,707.0,0.0,90.28419840000001,90.6060672,200.4227260377255,0.5,0.5,0.0,1.0,0.47353315109089994,0.473263708442545,0.9997248832890827,0.9997248649597168,0.999724342625626,0.9999903909099139,0.9999903726580666,0.999991369906799,0.9999913541446463,-17.745785011038404,-69.83953445360531,,736.6357729177374,False,False,False,,[]
707,707,708,True,1.0,1.0,707.0,708.0,707.0,708.0,708.0,0.0,90.6060672,90.7670016,176.20087129041943,0.5,0.5,0.0,1.0,0.473263708442545,0.47302186623733966,0.999724342625626,0.9997243285179138,0.999723850234782,0.9999903726580666,0.9999903545018755,0.9999913541446463,0.9999913386537221,-15.928931376113415,-62.68549958922486,,754.8717127872224,False,False,False,,[]
708,708,709,True,1.0,1.0,708.0,709.0,708.0,709.0,709.0,0.0,90.7670016,90.927936,176.44297413865343,0.5,0.5,0.0,1.0,0.47302186623733966,0.47277928553824977,0.999723850234782,0.9997238516807556,0.9997233565264908,0.9999903545018755,0.9999903363092013,0.9999913386537221,0.9999913231139849,-15.977294323015348,-62.87691720409557,,754.3276116596124,False,False,False,,[]
709,709,710,True,1.0,1.0,709.0,710.0,709.0,710.0,710.0,0.0,90.927936,91.2498048,201.39027814814006,0.5,0.5,0.0,1.0,0.47277928553824977,0.472506794959751,0.9997233565264908,0.9997233748435974,0.9997228106567236,0.9999903363092013,0.9999903179335128,0.9999913231139849,0.999991307239197,-17.94530604548568,-70.62955794687986,,734.5768079531653,False,False,False,,[]
710,710,711,True,1.0,1.0,710.0,711.0,710.0,711.0,711.0,0.0,91.2498048,91.5716736,201.87663205088836,0.5,0.5,0.0,1.0,0.472506794959751,0.4722328955558177,0.9997228106567236,0.9997228384017944,0.9997222623890433,0.9999903179335128,0.9999902994962974,0.999991307239197,0.999991291430812,-18.037498011785324,-70.99472549951759,,733.6909099829463,False,False,False,,[]
711,711,712,True,1.0,1.0,711.0,712.0,711.0,712.0,712.0,0.0,91.5716736,91.732608,177.65993299866432,0.5,0.5,0.0,1.0,0.4722328955558177,0.4719868411005489,0.9997222623890433,0.9997222423553467,0.9997217625024076,0.9999902994962974,0.9999902811217359,0.999991291430812,0.9999912758784993,-16.20475527184412,-63.777314805681655,,751.8966633253659,False,False,False,,[]
712,712,713,True,1.0,1.0,712.0,713.0,712.0,713.0,713.0,0.0,91.732608,92.2154112,227.31415673443877,0.5,0.5,0.0,1.0,0.4719868411005489,0.471682648891002,0.9997217625024076,0.9997217655181885,0.9997211640181055,0.9999902811217359,0.9999902630740494,0.9999912758784993,0.9999912606092908,-20.029633782318175,-78.84662071455476,,715.6364602696726,False,False,False,,[]
713,713,714,True,1.0,1.0,713.0,714.0,713.0,714.0,714.0,0.0,92.2154112,92.85914880000001,252.7555481893008,0.5,0.5,0.0,1.0,0.471682648891002,0.4713490199284832,0.9997211640181055,0.9997211694717407,0.9997205193042119,0.9999902630740494,0.9999902460619329,0.9999912606092908,0.999991246590503,-21.96496587414976,-86.47662708486703,,699.7257919332515,False,False,False,,[]
714,714,715,True,1.0,1.0,714.0,715.0,714.0,715.0,715.0,0.0,92.85914880000001,93.66382080000001,278.4484946000396,0.5,0.5,0.0,1.0,0.4713490199284832,0.47097904977721666,0.9997205193042119,0.9997205138206482,0.9997198212386612,0.9999902460619329,0.9999902269100949,0.999991246590503,0.9999912319049445,-24.353452016494643,-95.8962632082942,,678.6037118644341,False,False,False,,[]
715,715,716,True,1.0,1.0,715.0,716.0,715.0,716.0,716.0,0.0,93.66382080000001,94.6294272,304.39815166174714,0.5,0.5,0.0,1.0,0.47097904977721666,0.47056888740545333,0.9997198212386612,0.9997197985649109,0.9997190692803357,0.9999902269100949,0.9999902042595957,0.9999912319049445,0.9999912156984149,-26.993852922175655,-106.31408676105946,,656.0753220834149,False,False,False,,[]
716,716,717,True,1.0,1.0,716.0,717.0,716.0,717.0,717.0,0.0,94.6294272,95.11223040000002,231.79187791327723,0.5,0.5,0.0,1.0,0.47056888740545333,0.470251058803063,0.9997190692803357,0.9997190833091736,0.9997184490562928,0.9999902042595957,0.9999901858027126,0.9999912156984149,0.9999912012779995,-20.921473453325397,-82.38117373957904,,707.8501905124767,False,False,False,,[]
717,717,718,True,1.0,1.0,717.0,718.0,717.0,718.0,718.0,0.0,95.11223040000002,95.27316480000002,183.142155436004,0.5,0.5,0.0,1.0,0.470251058803063,0.4699890197949623,0.9997184490562928,0.999718427658081,0.9997179211439943,0.9999901858027126,0.9999901666399331,0.9999912012779995,0.9999911854249153,-17.25139654311479,-67.92051089969354,,740.825193930451,False,False,False,,[]
718,718,719,True,1.0,1.0,718.0,719.0,718.0,719.0,719.0,0.0,95.27316480000002,95.11223040000002,133.98674519942836,0.5,0.5,0.0,1.0,0.4699890197949623,0.46979577531047206,0.9997179211439943,0.9997179508209229,0.9997175183906264,0.9999901666399331,0.9999901505590565,0.9999911854249153,0.9999911750507127,-12.724878922514527,-50.08897037988215,,793.6666036681195,False,False,False,,[]
719,719,720,True,1.0,1.0,719.0,720.0,719.0,720.0,720.0,0.0,95.11223040000002,94.6294272,84.32306935600138,0.5,0.5,0.0,1.0,0.46979577531047206,0.4696754857020049,0.9997175183906264,0.9997175335884094,0.9997172664783729,0.9999901505590565,0.9999901450194676,0.9999911750507127,0.9999911639942545,-7.922864051600247,-31.179066514681608,,860.5282631708304,False,False,False,,[]
720,720,721,True,1.0,1.0,720.0,721.0,720.0,721.0,721.0,0.0,94.6294272,94.146624,83.56324879327525,0.5,0.5,0.0,1.0,0.4696754857020049,0.4695554994287112,0.9997172664783729,0.9997172951698303,0.9997170152759219,0.9999901450194676,0.9999901384653852,0.9999911639942545,0.9999911530069707,-7.903281901900298,-31.100442037728175,,860.1056375787228,False,False,False,,[]
721,721,722,True,1.0,1.0,721.0,722.0,721.0,722.0,722.0,0.0,94.146624,93.50288640000001,58.10252348185716,0.5,0.5,0.0,1.0,0.4695554994287112,0.4694717104558185,0.9997170152759219,0.9997169971466064,0.9997168459589372,0.9999901384653852,0.9999901346904381,0.9999911530069707,0.9999911439669135,-5.519927035552509,-21.71810177380225,,898.0403787397192,False,False,False,,[]
722,722,723,True,1.0,1.0,722.0,723.0,722.0,723.0,723.0,0.0,93.50288640000001,92.85914880000001,57.1006000708951,0.5,0.5,0.0,1.0,0.4694717104558185,0.4693898410728596,0.9997168459589372,0.9997168183326721,0.9997166808313533,0.9999901346904381,0.99999013100604,0.9999911439669135,0.9999911350684337,-5.393839053075552,-21.220544062948246,,900.1183500150132,False,False,False,,[]
723,723,724,True,1.0,1.0,723.0,724.0,723.0,724.0,724.0,0.0,92.85914880000001,92.2154112,56.10555092003863,0.5,0.5,0.0,1.0,0.4693898410728596,0.46930901546638604,0.9997166808313533,0.9997166991233826,0.9997165179754048,0.99999013100604,0.9999901266918204,0.9999911350684337,0.9999911263123573,-5.325419819554173,-20.949997197947727,,900.7536177187839,False,False,False,,[]
724,724,725,True,1.0,1.0,724.0,725.0,724.0,725.0,725.0,0.0,92.2154112,91.89354240000002,104.5269190693008,0.5,0.5,0.0,1.0,0.46930901546638604,0.4691595600711119,0.9997165179754048,0.9997165203094482,0.9997162005803303,0.9999901266918204,0.9999901143211877,0.9999911263123573,0.9999911152235993,-9.845747475365627,-38.73883845504485,,830.1136727785901,False,False,False,,[]
725,725,726,True,1.0,1.0,725.0,726.0,725.0,726.0,726.0,0.0,91.89354240000002,91.4107392,79.33063795146481,0.5,0.5,0.0,1.0,0.4691595600711119,0.4690496498963106,0.9997162005803303,0.9997162222862244,0.9997159727301833,0.9999901143211877,0.9999901092863903,0.9999911152235993,0.9999911046501492,-7.241717192609537,-28.488717308509,,870.8499581242835,False,False,False,,[]
726,726,727,True,1.0,1.0,726.0,727.0,726.0,727.0,727.0,0.0,91.4107392,90.927936,78.59659586414936,0.5,0.5,0.0,1.0,0.4690496498963106,0.4689400703102742,0.9997159727301833,0.9997159838676453,0.9997157456388202,0.9999901092863903,0.9999901033320697,0.9999911046501492,0.9999910941532453,-7.220269954256768,-28.40302870063921,,870.5190437100837,False,False,False,,[]
727,727,728,True,1.0,1.0,727.0,728.0,727.0,728.0,728.0,0.0,90.927936,90.44513280000001,77.86642054814165,0.5,0.5,0.0,1.0,0.4689400703102742,0.4688331557130854,0.9997157456388202,0.9997157454490662,0.9997155246472392,0.9999901033320697,0.9999900984422657,0.9999910941532453,0.9999910837338439,-7.045042586924177,-27.71226359132492,,873.8791708333232,False,False,False,,[]
728,728,729,True,1.0,1.0,728.0,729.0,728.0,729.0,729.0,0.0,90.44513280000001,89.31859200000001,-21.678974076555164,0.5,0.5,0.0,1.0,0.4688331557130854,0.46885381577687973,0.9997155246472392,0.9997155070304871,0.9997154853985998,0.9999900984422657,0.9999900970929635,0.9999910837338439,0.9999910795717253,1.361985613559321,5.3550885354846125,,1011.351182133473,False,False,False,,[]
729,729,730,True,1.0,1.0,729.0,730.0,729.0,730.0,730.0,0.0,89.31859200000001,87.8701824,-72.76819961019122,0.5,0.5,0.0,1.0,0.46885381577687973,0.46892524072768516,0.9997154853985998,0.9997155070304871,0.9997153428015051,0.9999900970929635,0.9999900926287364,0.9999910795717253,0.9999910696522476,4.7099049614343915,18.51334724877017,,1044.693597321376,False,False,False,,[]
730,730,731,True,1.0,1.0,730.0,731.0,730.0,731.0,731.0,0.0,87.8701824,87.06551040000001,23.922228862771888,0.5,0.5,0.0,1.0,0.46892524072768516,0.4688918245798524,0.9997153428015051,0.9997153282165527,0.9997152785225463,0.9999900926287364,0.9999900911798028,0.9999910696522476,0.9999910652450753,-2.203099080727359,-8.661465518254971,,956.2970803209129,False,False,False,,[]
731,731,732,True,1.0,1.0,731.0,732.0,731.0,732.0,732.0,0.0,87.06551040000001,86.42177280000001,47.45945026729777,0.5,0.5,0.0,1.0,0.4688918245798524,0.46882778349686544,0.9997152785225463,0.999715268611908,0.9997151515872759,0.9999900911798028,0.999990088329055,0.9999910652450753,0.9999910577940139,-4.222058885080682,-16.59944871022848,,919.9323797502482,False,False,False,,[]
732,732,733,True,1.0,1.0,732.0,733.0,732.0,733.0,733.0,0.0,86.42177280000001,85.61710080000002,21.828372197538766,0.5,0.5,0.0,1.0,0.46882778349686544,0.46879772416901805,0.9997151515872759,0.9997151494026184,0.9997150939550292,0.999990088329055,0.9999900870288364,0.9999910577940139,0.9999910537870224,-1.9820503287878648,-7.7913777780365985,,960.4950659333911,False,False,False,,[]
733,733,734,True,1.0,1.0,733.0,734.0,733.0,734.0,734.0,0.0,85.61710080000002,85.1342976,70.08969897861842,0.5,0.5,0.0,1.0,0.46879772416901805,0.4687064742711148,0.9997150939550292,0.9997150897979736,0.9997149082105704,0.9999900870288364,0.9999900828851498,0.9999910537870224,0.9999910443848566,-6.016072260818844,-23.651973536526466,,890.178503453095,False,False,False,,[]
734,734,735,True,1.0,1.0,734.0,735.0,734.0,735.0,735.0,0.0,85.1342976,84.49056,44.70115339835413,0.5,0.5,0.0,1.0,0.4687064742711148,0.46864668524749253,0.9997149082105704,0.9997149109840393,0.999714790195195,0.9999900828851498,0.9999900797348062,0.9999910443848566,0.9999910373720584,-3.942409160936898,-15.497314922891938,,924.4248457764035,False,False,False,,[]
735,735,736,True,1.0,1.0,735.0,736.0,735.0,736.0,736.0,0.0,84.49056,83.685888,19.09069810892564,0.5,0.5,0.0,1.0,0.46864668524749253,0.46862064086754696,0.999714790195195,0.9997147917747498,0.9997147404564835,0.9999900797348062,0.9999900784008651,0.9999910373720584,0.9999910338879876,-1.7176024809185273,-6.7507032818938235,,965.4035445840809,False,False,False,,[]
736,736,737,True,1.0,1.0,736.0,737.0,736.0,737.0,737.0,0.0,83.685888,82.5593472,-31.441282714584673,0.5,0.5,0.0,1.0,0.46862064086754696,0.46864826673670795,0.9997147404564835,0.999714732170105,0.9997146876158075,0.9999900784008651,0.9999900762291685,0.9999910338879876,0.9999910286440535,1.822326945558175,7.160625286526247,,1015.1523372770713,False,False,False,,[]
737,737,738,True,1.0,1.0,737.0,738.0,737.0,738.0,738.0,0.0,82.5593472,81.271872,-57.69942219870478,0.5,0.5,0.0,1.0,0.46864826673670795,0.46869990998251937,0.9997146876158075,0.9997146725654602,0.9997145864881666,0.9999900762291685,0.9999900729562395,0.9999910286440535,0.9999910205054545,3.4072276056595574,13.385929314320002,,1031.0542760795238,False,False,False,,[]
738,738,739,True,1.0,1.0,738.0,739.0,738.0,739.0,739.0,0.0,81.271872,79.66252800000001,-108.85846443657616,0.5,0.5,0.0,1.0,0.46869990998251937,0.4687928658063352,0.9997145864881666,0.9997146129608154,0.9997143969551578,0.9999900729562395,0.9999900600633675,0.9999910205054545,0.999991009980199,6.134343839633495,24.094149533074336,,1053.2795070451973,False,False,False,,[]
739,739,740,True,1.0,1.0,739.0,740.0,739.0,740.0,740.0,0.0,79.66252800000001,78.053184,-111.00667072080405,0.5,0.5,0.0,1.0,0.4687928658063352,0.46888558969583377,0.9997143969551578,0.9997143745422363,0.9997142079379451,0.9999900600633675,0.9999900470686556,0.999991009980199,0.9999909993920286,6.119783977418063,24.034032158029518,,1052.8967824868218,False,False,False,,[]
740,740,741,True,1.0,1.0,740.0,741.0,740.0,741.0,741.0,0.0,78.053184,76.60477440000001,-88.40714135933806,0.5,0.5,0.0,1.0,0.46888558969583377,0.46895661936481775,0.9997142079379451,0.999714195728302,0.9997140661848403,0.9999900470686556,0.9999900367873524,0.9999909993920286,0.9999909895541368,4.6881982968639155,18.410890200645127,,1038.1360993730377,False,False,False,,[]
741,741,742,True,1.0,1.0,741.0,742.0,741.0,742.0,742.0,0.0,76.60477440000001,75.3172992,-65.56035345456955,0.5,0.5,0.0,1.0,0.46895661936481775,0.46900738694844224,0.9997140661848403,0.9997140765190125,0.9997139668570421,0.9999900367873524,0.9999900292874093,0.9999909895541368,0.9999909811868379,3.3509713021851795,13.158957675467455,,1025.6069037927878,False,False,False,,[]
742,742,743,True,1.0,1.0,742.0,743.0,742.0,743.0,743.0,0.0,75.3172992,73.38608640000001,-166.00176492041035,0.5,0.5,0.0,1.0,0.46900738694844224,0.46914532046663365,0.9997139668570421,0.9997139573097229,0.9997136729654779,0.9999900292874093,0.9999900145908489,0.9999909811868379,0.9999909710851921,9.107811577326737,35.75236791521221,,1091.4006047656112,False,False,False,,[]
743,743,744,True,1.0,1.0,743.0,744.0,743.0,744.0,744.0,0.0,73.38608640000001,71.13300480000001,-217.79323908835923,0.5,0.5,0.0,1.0,0.46914532046663365,0.4693241630383232,0.9997136729654779,0.999713659286499,0.9997132978317872,0.9999900145908489,0.9999900002052103,0.9999909710851921,0.9999909568862227,11.812078866696407,46.35599458193581,,1127.0711838429575,False,False,False,,[]
744,744,745,True,1.0,1.0,744.0,745.0,744.0,745.0,745.0,0.0,71.13300480000001,68.39712,-294.6082785888886,0.5,0.5,0.0,1.0,0.4693241630383232,0.4695603825579004,0.9997132978317872,0.9997133016586304,0.9997128155170162,0.9999900002052103,0.9999899845515419,0.9999909568862227,0.9999909380907802,15.606683056346093,61.22809947441507,,1181.3892418396858,False,False,False,,[]
745,745,746,True,1.0,1.0,745.0,746.0,745.0,746.0,746.0,0.0,68.39712,63.08628480000001,-693.050864151201,0.5,0.5,0.0,1.0,0.4695603825579004,0.4701114022614427,0.9997128155170162,0.9997128248214722,0.9997119224102311,0.9999899845515419,0.9999899662059893,0.9999909380907802,0.9999909123246427,36.44701530633791,142.8243071581762,,1717.0251099791624,False,False,False,,[]
746,746,747,True,1.0,1.0,746.0,747.0,746.0,747.0,747.0,0.0,63.08628480000001,57.7754496,-698.8426431141014,0.5,0.5,0.0,1.0,0.4701114022614427,0.47061628492737895,0.9997119224102311,0.9997119307518005,0.9997110668092948,0.9999899662059893,0.9999899482065087,0.9999909123246427,0.9999908823688123,33.40001445950891,130.86558701067293,,1590.7539304841523,False,False,False,,[]
747,747,748,True,1.0,1.0,747.0,748.0,747.0,748.0,748.0,0.0,57.7754496,52.46461440000001,-704.1665427482926,0.5,0.5,0.0,1.0,0.47061628492737895,0.4710711951899835,0.9997110668092948,0.9997110962867737,0.999710261618367,0.9999899482065087,0.9999899306015183,0.9999908823688123,0.9999908447407964,30.09716283961616,117.91274006710289,,1468.7699058027345,False,False,False,,[]
748,748,749,True,1.0,1.0,748.0,749.0,748.0,749.0,749.0,0.0,52.46461440000001,47.1537792,-709.022563053782,0.5,0.5,0.0,1.0,0.4710711951899835,0.47148421341243685,0.999710261618367,0.9997102618217468,0.9997095060446418,0.9999899306015183,0.9999899136651087,0.9999908447407964,0.9999908105037677,27.32819501385747,107.0543232599072,,1401.1242289366626,False,False,False,,[]
749,749,750,True,1.0,1.0,749.0,750.0,749.0,750.0,750.0,0.0,47.1537792,43.130419200000006,-515.7725318705642,0.5,0.5,0.0,1.0,0.47148421341243685,0.4717523288392476,0.9997095060446418,0.9997094869613647,0.9997089676561628,0.9999899136651087,0.9999898969137981,0.9999908105037677,0.9999907891356387,17.73592125056779,69.49551862935587,,1213.8237128800715,False,False,False,,[]
750,750,751,True,1.0,1.0,750.0,751.0,750.0,751.0,751.0,0.0,43.130419200000006,39.428928,-469.3758481441909,0.5,0.5,0.0,1.0,0.4717523288392476,0.4719757047310041,0.9997089676561628,0.9997089505195618,0.999708508654178,0.9999898969137981,0.9999898814217956,0.9999907891356387,0.9999907734824717,14.776313338528576,57.89903114327624,,1171.4135596898439,False,False,False,,[]
751,751,752,True,1.0,1.0,751.0,752.0,751.0,752.0,752.0,0.0,39.428928,34.600896000000006,-644.8439173789445,0.5,0.5,0.0,1.0,0.4719757047310041,0.4722509478007906,0.999708508654178,0.9997085332870483,0.999707958104558,0.9999898814217956,0.9999898624905108,0.9999907734824717,0.999990754199385,18.212352028083114,71.34300368866134,,1222.454637980808,False,False,False,,[]
752,752,753,True,1.0,1.0,752.0,753.0,752.0,753.0,753.0,0.0,34.600896000000006,31.382208000000002,-400.76072685117504,0.5,0.5,0.0,1.0,0.4722509478007906,0.4723971133277883,0.999707958104558,0.9997079372406006,0.9997076472836802,0.9999898624905108,0.9999898512683186,0.999990754199385,0.9999907364446097,9.668853030029203,37.88610459780227,,1094.2193691716386,False,False,False,,[]
753,753,754,True,1.0,1.0,753.0,754.0,753.0,754.0,754.0,0.0,31.382208000000002,28.0025856,-427.22702752423874,0.5,0.5,0.0,1.0,0.4723971133277883,0.4725384945181293,0.9997076472836802,0.9997076392173767,0.9997073460616954,0.9999898512683186,0.9999898359201491,0.9999907364446097,0.9999907261963717,9.352905262535627,36.646004536391374,,1093.6881538080097,False,False,False,,[]
754,754,755,True,1.0,1.0,754.0,755.0,754.0,755.0,755.0,0.0,28.0025856,24.3010944,-478.3012156138833,0.5,0.5,0.0,1.0,0.4725384945181293,0.4726744674856781,0.9997073460616954,0.9997073411941528,0.9997070569025513,0.9999898359201491,0.9999898230572098,0.9999907261963717,0.9999907091527683,8.995589825033104,35.244193188650605,,1083.6003176343715,False,False,False,,[]
755,755,756,True,1.0,1.0,755.0,756.0,755.0,756.0,756.0,0.0,24.3010944,19.955865600000003,-578.7260858913404,0.5,0.5,0.0,1.0,0.4726744674856781,0.4728196310029233,0.9997070569025513,0.999707043170929,0.9997067480882825,0.9999898230572098,0.999989814189263,0.9999907091527683,0.9999906941464929,9.604499666206639,37.62638366995838,,1099.3938545927306,False,False,False,,[]
756,756,757,True,1.0,1.0,756.0,757.0,756.0,757.0,757.0,0.0,19.955865600000003,15.6106368,-580.3211290573778,0.5,0.5,0.0,1.0,0.4728196310029233,0.47293566378821006,0.9997067480882825,0.9997067451477051,0.9997065061005439,0.999989814189263,0.9999898028049963,0.9999906941464929,0.9999906858092055,7.676912378175708,30.075697946325555,,1077.7168071936267,False,False,False,,[]
757,757,758,True,1.0,1.0,757.0,758.0,757.0,758.0,758.0,0.0,15.6106368,11.265408,-581.6029637471735,0.5,0.5,0.0,1.0,0.47293566378821006,0.47300482560452933,0.9997065061005439,0.999706506729126,0.9997063683270696,0.9999898028049963,0.9999897952219537,0.9999906858092055,0.9999906548704188,4.575413853009619,17.9267427899555,,1017.151865446253,False,False,False,,[]
758,758,759,True,1.0,1.0,758.0,759.0,758.0,759.0,759.0,0.0,11.265408,8.04672,-409.63818932073013,0.5,0.5,0.0,1.0,0.47300482560452933,0.47303770880604423,0.9997063683270696,0.9997063875198364,0.9997063051062505,0.9999897952219537,0.9999897891088673,0.9999906548704188,0.9999906392122173,2.1752112122816594,8.523325832668654,,1004.8128845130933,False,False,False,,[]
759,759,760,True,1.0,1.0,759.0,760.0,759.0,760.0,760.0,0.0,8.04672,5.3108352,-336.03944426894435,0.5,0.5,0.0,1.0,0.47303770880604423,0.4730524986308206,0.9997063051062505,0.9997063279151917,0.9997062771703954,0.9999897891088673,0.9999897814936595,0.9999906392122173,0.9999906303278083,0.9782988749409706,3.8335225820395453,,995.5168119732024,False,False,False,,[]
760,760,761,True,1.0,1.0,760.0,761.0,760.0,761.0,761.0,0.0,5.3108352,3.218688,-237.52347009564798,0.5,0.5,0.0,1.0,0.4730524986308206,0.47305917416036886,0.9997062771703954,0.9997062683105469,0.9997062646609731,0.9999897814936595,0.9999897780565307,0.9999906303278083,0.9999906263178248,0.4415558093375731,1.7302972589099623,,997.9815573003741,False,False,False,,[]
761,761,762,True,1.0,1.0,761.0,762.0,761.0,762.0,762.0,0.0,3.218688,1.1265408,-237.67148150863108,0.5,0.5,0.0,1.0,0.47305917416036886,0.47306257704892984,0.9997062646609731,0.9997062683105469,0.9997062583046077,0.9999897780565307,0.9999897763044494,0.9999906263178248,0.99999062427373,0.2250836978029425,0.8820287150051114,,998.9721335738632,False,False,False,,[]
762,762,763,True,1.0,1.0,762.0,763.0,762.0,763.0,763.0,0.0,1.1265408,0.0,-89.5182544292073,0.5,0.5,0.0,1.0,0.47306257704892984,0.4730629093413475,0.9997062583046077,0.9997062683105469,0.9997062576857697,0.9999897763044494,0.99998977613336,0.99999062427373,0.9999906240741258,0.021979248991125723,0.0861301946535546,,999.8997250886803,False,False,False,,[]
763,763,764,True,1.0,1.0,763.0,764.0,763.0,764.0,764.0,0.0,0.0,0.0,83.40462000000002,0.5,0.5,0.0,1.0,0.4730629093413475,0.4730629093413475,0.9997062576857697,0.9997062683105469,0.9997062576857697,0.99998977613336,0.99998977613336,0.9999906240741258,0.9999906240741258,-0.0,0.0,,1000.0,False,False,False,,[]
764,764,765,True,1.0,1.0,764.0,765.0,764.0,765.0,765.0,0.0,0.0,0.0,83.40462000000002,0.5,0.5,0.0,1.0,0.4730629093413475,0.4730629093413475,0.9997062576857697,0.9997062683105469,0.9997062576857697,0.99998977613336,0.99998977613336,0.9999906240741258,0.9999906240741258,-0.0,0.0,,1000.0,True,False,False,,[]
