attempt,cycle_index_before,cycle_index_after,completed_step,dt_requested_s,dt_completed_s,time_before_s,time_after_s,original_cycle_time_before_s,original_cycle_time_after_s,original_cycle_time_target_s,slope_rad,velocity_before_kmh,target_velocity_kmh,wheel_torque_nm,normalized_action,sigma_tor,sigma_min,sigma_max,soc_before,soc_after,battery_soh_before,observed_battery_soh,battery_soh_after,motor1_soh_before,motor1_soh_after,motor2_soh_before,motor2_soh_after,battery_power_kw,battery_current_a,predicted_motor_power_kw,reward,terminated,truncated,constraint_violation,constraint_stage,violated_constraints
0,0,1,True,1.0,1.0,0.0,1.0,0.0,1.0,1.0,0.0,0.0,0.0,83.40462000000002,0.5149999856948853,0.5149999856948853,0.0,1.0,0.6,0.6,1.0,0.949999988079071,1.0,1.0,1.0,1.0,1.0,-0.0,0.0,,1000.0,False,False,False,,[]
1,1,2,True,1.0,1.0,1.0,2.0,1.0,2.0,2.0,0.0,0.0,0.0,83.40462000000002,0.5149999856948853,0.5149999856948853,0.0,1.0,0.6,0.6,1.0,0.949999988079071,1.0,1.0,1.0,1.0,1.0,-0.0,0.0,,1000.0,False,False,False,,[]
2,2,3,True,1.0,1.0,2.0,3.0,2.0,3.0,3.0,0.0,0.0,3.218688,577.5000504000001,0.5149999856948853,0.5149999856948853,0.0,1.0,0.6,0.5999764792536644,1.0,0.949999988079071,0.9999999551916011,1.0,0.9999999967518757,1.0,0.9999999964312678,-1.5575603169280001,-6.096577450188263,,966.3530902533089,False,False,False,,[]
3,3,4,True,1.0,1.0,3.0,4.0,3.0,4.0,4.0,0.0,3.218688,7.885785600000001,799.9289223313693,0.51500004529953,0.51500004529953,0.0,1.0,0.5999764792536644,0.5998640458617576,0.9999999551916011,0.9499999284744263,0.9999997215346359,0.9999999967518757,0.9999999812297513,0.9999999964312678,0.9999999793770274,-7.443262610947832,-29.14273518224454,,855.8892582924381,False,False,False,,[]
4,4,5,True,1.0,1.0,4.0,5.0,4.0,5.0,5.0,0.0,7.885785600000001,13.0356864,874.473092968842,0.5150001049041748,0.5150001049041748,0.0,1.0,0.5998640458617576,0.5996841069614287,0.9999997215346359,0.9499996900558472,0.9999993442823467,0.9999999812297513,0.9999999747052932,0.9999999793770274,0.9999999442515983,-11.909142233509733,-46.64016296522556,,794.0831174232999,False,False,False,,[]
5,5,6,True,1.0,1.0,5.0,6.0,5.0,6.0,6.0,0.0,13.0356864,18.185587200000004,875.3667467830801,0.5150002241134644,0.5150002241134644,0.0,1.0,0.5996841069614287,0.5994331569245275,0.9999993442823467,0.9499993324279785,0.9999988357413194,0.9999999747052932,0.9999999587174171,0.9999999442515983,0.9999999016372905,-16.604028981141088,-65.04624956478676,,735.0745013708598,False,False,False,,[]
6,6,7,True,1.0,1.0,6.0,7.0,6.0,7.0,7.0,0.0,18.185587200000004,23.335488,876.7003532443251,0.5150003433227539,0.5150003433227539,0.0,1.0,0.5994331569245275,0.599161860920378,0.9999988357413194,0.9499987959861755,0.999998291909045,0.9999999587174171,0.9999999457358917,0.9999999016372905,0.9999998779722056,-17.94723483020232,-70.31992427552922,,734.0387807729477,False,False,False,,[]
7,7,8,True,1.0,1.0,7.0,8.0,7.0,8.0,8.0,0.0,23.335488,27.841651200000005,779.6548262725818,0.5150005221366882,0.5150005221366882,0.0,1.0,0.599161860920378,0.5988670687706602,0.999998291909045,0.9499982595443726,0.9999977087281072,0.9999999457358917,0.9999999304392012,0.9999998779722056,0.9999998554926538,-19.498046726789422,-76.41012520685587,,718.9659330597758,False,False,False,,[]
8,8,9,True,1.0,1.0,8.0,9.0,8.0,9.0,9.0,0.0,27.841651200000005,31.543142400000004,658.0437315480544,0.5150007009506226,0.5150007009506226,0.0,1.0,0.5988670687706602,0.5985811409319064,0.9999977087281072,0.9499977231025696,0.9999971402104391,0.9999999304392012,0.9999999120151143,0.9999998554926538,0.9999998401812029,-18.91010104589294,-74.11249580499657,,726.4722112289869,False,False,False,,[]
9,9,10,True,1.0,1.0,9.0,10.0,9.0,10.0,10.0,0.0,31.543142400000004,35.083699200000005,635.1621427014746,0.5150008797645569,0.5150008797645569,0.0,1.0,0.5985811409319064,0.5982628566314403,0.9999971402104391,0.9499971270561218,0.9999965192694652,0.9999999120151143,0.9999998941299432,0.9999998401812029,0.9999998131492208,-21.045602182894786,-82.4992906808254,,701.6088692961765,False,False,False,,[]
10,10,11,True,1.0,1.0,10.0,11.0,10.0,11.0,11.0,0.0,35.083699200000005,38.624256,637.1187289851459,0.5150010585784912,0.5150010585784912,0.0,1.0,0.5982628566314403,0.5979229527181488,0.9999965192694652,0.9499965310096741,0.999995865043043,0.9999998941299432,0.9999998751536049,0.9999998131492208,0.9999997947490967,-22.4709283272059,-88.10309432515022,,693.1433480137417,False,False,False,,[]
11,11,12,True,1.0,1.0,11.0,12.0,11.0,12.0,12.0,0.0,38.624256,41.521075200000006,540.4641755571303,0.5150012373924255,0.5150012373924255,0.0,1.0,0.5979229527181488,0.597609009518946,0.999995865043043,0.9499958753585815,0.9999952509570269,0.9999998751536049,0.9999998573068771,0.9999997947490967,0.999999777777176,-20.753775628041957,-81.37407723335485,,709.1341337281337,False,False,False,,[]
12,12,13,True,1.0,1.0,12.0,13.0,12.0,13.0,13.0,0.0,41.521075200000006,43.613222400000005,418.8659700703084,0.5150014162063599,0.5150014162063599,0.0,1.0,0.597609009518946,0.5973509179250969,0.9999952509570269,0.949995219707489,0.9999947299032468,0.9999998573068771,0.9999998429059982,0.999999777777176,0.9999997638049587,-17.06271425026755,-66.89734112570943,,747.0658606940813,False,False,False,,[]
13,13,14,True,1.0,1.0,13.0,14.0,13.0,14.0,14.0,0.0,43.613222400000005,45.061632,321.5242054519695,0.5150015950202942,0.5150015950202942,0.0,1.0,0.5973509179250969,0.5971454552882457,0.9999947299032468,0.9499947428703308,0.9999943040849179,0.9999998429059982,0.9999998326383814,0.9999997638049587,0.9999997520431944,-13.584459315147404,-53.255915471825595,,787.3557898523609,False,False,False,,[]
14,14,15,True,1.0,1.0,14.0,15.0,14.0,15.0,15.0,0.0,45.061632,46.670976,347.2942724683159,0.5150017142295837,0.5150017142295837,0.0,1.0,0.5971454552882457,0.5969151941484416,0.9999943040849179,0.9499942660331726,0.9999938325345349,0.9999998326383814,0.9999998203251295,0.9999997520431944,0.9999997392341917,-15.221940151308122,-59.68368743721488,,767.7316652524357,False,False,False,,[]
15,15,16,True,1.0,1.0,15.0,16.0,15.0,16.0,16.0,0.0,46.670976,48.28032,348.51875005032457,0.5150018334388733,0.5150018334388733,0.0,1.0,0.5969151941484416,0.5966752193711236,0.9999938325345349,0.9499938488006592,0.9999933434813122,0.9999998203251295,0.9999998070203657,0.9999997392341917,0.9999997257653652,-15.862498413647026,-62.20146228083155,,760.0784368534798,False,False,False,,[]
16,16,17,True,1.0,1.0,16.0,17.0,16.0,17.0,17.0,0.0,48.28032,49.406860800000004,275.6718771980157,0.5150020122528076,0.5150020122528076,0.0,1.0,0.5966752193711236,0.5964791387633767,0.9999933434813122,0.9499933123588562,0.9999929353435647,0.9999998070203657,0.9999997967501514,0.9999997257653652,0.9999997133572982,-12.961928461537934,-50.824093527991515,,793.9200561369875,False,False,False,,[]
17,17,18,True,1.0,1.0,17.0,18.0,17.0,18.0,18.0,0.0,49.406860800000004,50.69433600000001,301.2894215681831,0.5150021314620972,0.5150021314620972,0.0,1.0,0.5964791387633767,0.596260779991665,0.9999929353435647,0.9499928951263428,0.9999924855582111,0.9999997967501514,0.9999997855174731,0.9999997133572982,0.9999997003947956,-14.432875402053066,-56.59859362765932,,776.6794309051825,False,False,False,,[]
18,18,19,True,1.0,1.0,18.0,19.0,18.0,19.0,19.0,0.0,50.69433600000001,51.82087680000001,277.6535974952133,0.5150022506713867,0.5150022506713867,0.0,1.0,0.596260779991665,0.5960505493660594,0.9999924855582111,0.9499924778938293,0.9999920508328805,0.9999997855174731,0.9999997753666985,0.9999997003947956,0.9999996837474078,-13.895159869167003,-54.4917781569796,,780.9441376552465,False,False,False,,[]
19,19,20,True,1.0,1.0,19.0,20.0,19.0,20.0,20.0,0.0,51.82087680000001,52.9474176,278.6114826773469,0.5150023698806763,0.5150023698806763,0.0,1.0,0.5960505493660594,0.595840485364794,0.9999920508328805,0.9499920606613159,0.9999916164179171,0.9999997753666985,0.9999997648359161,0.9999996837474078,0.9999996720975715,-13.883398448989192,-54.448589127999064,,783.8918894255488,False,False,False,,[]
20,20,21,True,1.0,1.0,20.0,21.0,20.0,21.0,21.0,0.0,52.9474176,53.91302400000001,254.88564876107,0.5150025486946106,0.5150025486946106,0.0,1.0,0.595840485364794,0.5956411695828782,0.9999916164179171,0.9499915838241577,0.9999912021605537,0.9999997648359161,0.9999997537267057,0.9999996720975715,0.9999996594522949,-13.172783128757303,-51.66265067257868,,790.8289119204333,False,False,False,,[]
21,21,22,True,1.0,1.0,21.0,22.0,21.0,22.0,22.0,0.0,53.91302400000001,54.878630400000006,255.7414941447039,0.5150026679039001,0.5150026679039001,0.0,1.0,0.5956411695828782,0.5954330023558811,0.9999912021605537,0.9499911665916443,0.999990771283277,0.9999997537267057,0.9999997424405964,0.9999996594522949,0.9999996422446714,-13.75674324976181,-53.95694523761838,,781.4034191733145,False,False,False,,[]
22,22,23,True,1.0,1.0,22.0,23.0,22.0,23.0,23.0,0.0,54.878630400000006,55.68330240000001,231.90803509358548,0.5150027871131897,0.5150027871131897,0.0,1.0,0.5954330023558811,0.5952383796073611,0.999990771283277,0.9499907493591309,0.9999903659109967,0.9999997424405964,0.9999997304628903,0.9999996422446714,0.9999996256226099,-12.86156590443321,-50.44621641639152,,791.28964550226,False,False,False,,[]
23,23,24,True,1.0,1.0,23.0,24.0,23.0,24.0,24.0,0.0,55.68330240000001,56.1661056,183.23640091221512,0.5150029063224792,0.5150029063224792,0.0,1.0,0.5952383796073611,0.5950786391829147,0.9999903659109967,0.9499903321266174,0.9999900281039935,0.9999997304628903,0.9999997188063732,0.9999996256226099,0.9999996110378536,-10.55709125766392,-41.40471801652589,,819.8317980016201,False,False,False,,[]
24,24,25,True,1.0,1.0,24.0,25.0,24.0,25.0,25.0,0.0,56.1661056,56.487974400000006,158.97953040247708,0.515002965927124,0.515002965927124,0.0,1.0,0.5950786391829147,0.5949398923485308,0.9999900281039935,0.9499900341033936,0.999989732244212,0.9999997188063732,0.999999707678225,0.9999996110378536,0.9999996001108555,-9.17000458530595,-35.963179472307985,,840.0622608816368,False,False,False,,[]
25,25,26,True,1.0,1.0,25.0,26.0,25.0,26.0,26.0,0.0,56.487974400000006,57.45358080000001,258.0993653622691,0.5150030851364136,0.5150030851364136,0.0,1.0,0.5949398923485308,0.5947224219685703,0.999989732244212,0.9499897360801697,0.9999892840972048,0.999999707678225,0.9999996959289819,0.9999996001108555,0.9999995840812546,-14.369155694770225,-56.368322485783,,775.1553863205972,False,False,False,,[]
26,26,27,True,1.0,1.0,26.0,27.0,26.0,27.0,27.0,0.0,57.45358080000001,57.7754496,160.19283731180585,0.5150032043457031,0.5150032043457031,0.0,1.0,0.5947224219685703,0.5945779430745921,0.9999892840972048,0.9499892592430115,0.9999889766550946,0.9999996959289819,0.9999996845586022,0.9999995840812546,0.9999995714262588,-9.548027553398454,-37.44892931915582,,833.8555490214966,False,False,False,,[]
27,27,28,True,1.0,1.0,27.0,28.0,27.0,28.0,28.0,0.0,57.7754496,57.6145152,86.38614589170571,0.5150033235549927,0.5150033235549927,0.0,1.0,0.5945779430745921,0.5944954804992089,0.9999889766550946,0.9499889612197876,0.999988810234517,0.9999996845586022,0.9999996763338795,0.9999995714262588,0.9999995634483593,-5.450585140858352,-21.37429953934554,,896.6139108080923,False,False,False,,[]
28,28,29,True,1.0,1.0,28.0,29.0,28.0,29.0,29.0,0.0,57.6145152,56.809843199999996,-12.586966578871854,0.5150033831596375,0.5150033831596375,0.0,1.0,0.5944954804992089,0.5945029557659572,0.999988810234517,0.9499887824058533,0.9999887962154859,0.9999996763338795,0.9999996758202523,0.9999995634483593,0.9999995617554068,0.4942419663417088,1.9375891411889077,,1003.8817939944842,False,False,False,,[]
29,29,30,True,1.0,1.0,29.0,30.0,29.0,30.0,30.0,0.0,56.809843199999996,56.1661056,11.354117607088142,0.5150033831596375,0.5150033831596375,0.0,1.0,0.5945029557659572,0.5944924668394406,0.9999887962154859,0.9499887824058533,0.9999887764865928,0.9999996758202523,0.9999996753627978,0.9999995617554068,0.999999560247604,-0.6934911633329116,-2.718729753133454,,985.7781070653626,False,False,False,,[]
30,30,31,True,1.0,1.0,30.0,31.0,30.0,31.0,31.0,0.0,56.1661056,55.522368,10.750901282476095,0.5150033831596375,0.5150033831596375,0.0,1.0,0.5944924668394406,0.5944826487299747,0.9999887764865928,0.9499887824058533,0.9999887580315717,0.9999996753627978,0.9999996749345829,0.999999560247604,0.999999558836177,-0.6491645200936537,-2.5448539735491744,,986.6766550479297,False,False,False,,[]
31,31,32,True,1.0,1.0,31.0,32.0,31.0,32.0,32.0,0.0,55.522368,55.68330240000001,133.67841681797782,0.5150033831596375,0.5150033831596375,0.0,1.0,0.5944826487299747,0.5943647610281542,0.9999887580315717,0.9499887228012085,0.9999885117288461,0.9999996749345829,0.9999996646606901,0.999999558836177,0.9999995486516994,-7.792258183077867,-30.55649231187328,,859.8627173649039,False,False,False,,[]
32,32,33,True,1.0,1.0,32.0,33.0,32.0,33.0,33.0,0.0,55.68330240000001,56.0051712,158.53162939221443,0.5150034427642822,0.5150034427642822,0.0,1.0,0.5943647610281542,0.594225914351514,0.9999885117288461,0.9499884843826294,0.9999882156272442,0.9999996646606901,0.9999996536023154,0.9999995486516994,0.999999536454515,-9.1769263104298,-35.98905858515236,,839.1286382325965,False,False,False,,[]
33,33,34,True,1.0,1.0,33.0,34.0,33.0,34.0,34.0,0.0,56.0051712,56.487974400000006,183.53457194446736,0.5150035619735718,0.5150035619735718,0.0,1.0,0.594225914351514,0.5940689883567687,0.9999882156272442,0.9499881863594055,0.9999878833844057,0.9999996536023154,0.999999641903678,0.999999536454515,0.9999995252289972,-10.37107494905251,-40.67521783795769,,824.3517232828038,False,False,False,,[]
34,34,35,True,1.0,1.0,34.0,35.0,34.0,35.0,35.0,0.0,56.487974400000006,57.45358080000001,258.0993653622691,0.5150036215782166,0.5150036215782166,0.0,1.0,0.5940689883567687,0.5938515198109837,0.9999878833844057,0.9499878883361816,0.999987435240783,0.999999641903678,0.9999996301544432,0.9999995252289972,0.9999995091994017,-14.369154718986444,-56.367847067478706,,775.1567001189791,False,False,False,,[]
35,35,36,True,1.0,1.0,35.0,36.0,35.0,36.0,36.0,0.0,57.45358080000001,58.097318400000006,209.60238035180518,0.5150038003921509,0.5150038003921509,0.0,1.0,0.5938515198109837,0.5936708544256349,0.999987435240783,0.9499874114990234,0.9999870565860427,0.9999996301544432,0.9999996180161418,0.9999995091994017,0.9999994973496773,-11.93817823486514,-46.82846788241129,,804.8167411657018,False,False,False,,[]
36,36,37,True,1.0,1.0,36.0,37.0,36.0,37.0,37.0,0.0,58.097318400000006,58.25825280000001,136.10503063663728,0.5150038599967957,0.5150038599967957,0.0,1.0,0.5936708544256349,0.5935438957248992,0.9999870565860427,0.9499870538711548,0.9999867889669732,0.9999996180161418,0.9999996071802125,0.9999994973496773,0.9999994852490788,-8.39043224274687,-32.90769523069747,,849.8652409910125,False,False,False,,[]
37,37,38,True,1.0,1.0,37.0,38.0,37.0,38.0,38.0,0.0,58.25825280000001,58.741056,185.6698889909821,0.5150039792060852,0.5150039792060852,0.0,1.0,0.5935438957248992,0.5933798693327207,0.9999867889669732,0.9499867558479309,0.9999864427179929,0.9999996071802125,0.9999995951981688,0.9999994852490788,0.9999994740726176,-10.838777523357367,-42.51564085266989,,818.4579989489132,False,False,False,,[]
38,38,39,True,1.0,1.0,38.0,39.0,38.0,39.0,39.0,0.0,58.741056,59.06292480000001,161.43364126157752,0.51500403881073,0.51500403881073,0.0,1.0,0.5933798693327207,0.5932311304734585,0.9999864427179929,0.949986457824707,0.9999861267529437,0.9999995951981688,0.9999995835505168,0.9999994740726176,0.9999994610626037,-9.828804590795515,-38.553112320750145,,829.8803188351546,False,False,False,,[]
39,39,40,True,1.0,1.0,39.0,40.0,39.0,40.0,40.0,0.0,59.06292480000001,59.3847936,161.74813866158206,0.5150041580200195,0.5150041580200195,0.0,1.0,0.5932311304734585,0.5930837314127413,0.9999861267529437,0.9499861001968384,0.9999858134645476,0.9999995835505168,0.9999995718334722,0.9999994610626037,0.9999994500890217,-9.740127371190207,-38.20583653790315,,832.3494082919689,False,False,False,,[]
40,40,41,True,1.0,1.0,40.0,41.0,40.0,41.0,41.0,0.0,59.3847936,59.545728000000004,137.35958310662406,0.5150042772293091,0.5150042772293091,0.0,1.0,0.5930837314127413,0.592953018898065,0.9999858134645476,0.9499858021736145,0.9999855369190526,0.9999995718334722,0.9999995607137175,0.9999994500890217,0.9999994377528422,-8.637781271777486,-33.88068380410177,,846.1503976256363,False,False,False,,[]
41,41,42,True,1.0,1.0,41.0,42.0,41.0,42.0,42.0,0.0,59.545728000000004,59.545728000000004,112.81356403102659,0.5150043368339539,0.5150043368339539,0.0,1.0,0.592953018898065,0.5928441266871718,0.9999855369190526,0.9499855041503906,0.9999853114038928,0.9999995607137175,0.999999550634311,0.9999994377528422,0.9999994275804054,-7.196266271033385,-28.22486106350744,,868.2850102833179,False,False,False,,[]
42,42,43,True,1.0,1.0,42.0,43.0,42.0,43.0,43.0,0.0,59.545728000000004,59.545728000000004,112.81356403102659,0.5150043964385986,0.5150043964385986,0.0,1.0,0.5928441266871718,0.5927352343769826,0.9999853114038928,0.9499853253364563,0.9999850858885054,0.999999550634311,0.9999995405549038,0.9999994275804054,0.9999994174079696,-7.196266254373927,-28.224886801038544,,868.2849185144235,False,False,False,,[]
43,43,44,True,1.0,1.0,43.0,44.0,43.0,44.0,44.0,0.0,59.545728000000004,59.545728000000004,112.81356403102659,0.5150044560432434,0.5150044560432434,0.0,1.0,0.5927352343769826,0.5926263419657724,0.9999850858885054,0.9499850869178772,0.9999848603728866,0.9999995405549038,0.999999530475496,0.9999994174079696,0.9999994072355348,-7.196266237714455,-28.224912985707313,,868.284825152034,False,False,False,,[]
44,44,45,True,1.0,1.0,44.0,45.0,44.0,45.0,45.0,0.0,59.545728000000004,59.545728000000004,112.81356403102659,0.5150045156478882,0.5150045156478882,0.0,1.0,0.5926263419657724,0.592517449451867,0.9999848603728866,0.9499848484992981,0.9999846348570324,0.999999530475496,0.9999995203960874,0.9999994072355348,0.9999993970631009,-7.196266221054966,-28.22493960427015,,868.2847301509519,False,False,False,,[]
45,45,46,True,1.0,1.0,45.0,46.0,45.0,46.0,46.0,0.0,59.545728000000004,59.545728000000004,112.81356403102659,0.5150046348571777,0.5150046348571777,0.0,1.0,0.592517449451867,0.5924085568338945,0.9999846348570324,0.949984610080719,0.9999844093409397,0.9999995203960874,0.9999995103166776,0.9999993970631009,0.999999386890669,-7.196266187735945,-28.224966578475673,,868.2846342158628,False,False,False,,[]
46,46,47,True,1.0,1.0,46.0,47.0,46.0,47.0,47.0,0.0,59.545728000000004,59.706662400000006,137.51833555102627,0.5150046944618225,0.5150046944618225,0.0,1.0,0.5924085568338945,0.5922792887662742,0.9999844093409397,0.9499843716621399,0.9999841362376115,0.9999995103166776,0.9999994991613151,0.999999386890669,0.9999993761362429,-8.542239134704742,-33.506283127157914,,848.5447791108675,False,False,False,,[]
47,47,48,True,1.0,1.0,47.0,48.0,47.0,48.0,48.0,0.0,59.706662400000006,60.028531199999996,162.38228915668498,0.5150047540664673,0.5150047540664673,0.0,1.0,0.5922792887662742,0.5921288989163008,0.9999841362376115,0.9499841332435608,0.9999838169791466,0.9999994991613151,0.9999994873054053,0.9999993761362429,0.9999993642401322,-9.937243281137583,-38.98104911309203,,829.1408400771361,False,False,False,,[]
48,48,49,True,1.0,1.0,48.0,49.0,48.0,49.0,49.0,0.0,60.028531199999996,60.8332032,236.81625681178238,0.5150048732757568,0.5150048732757568,0.0,1.0,0.5921288989163008,0.5919203638639066,0.9999838169791466,0.9499837756156921,0.9999833854151748,0.9999994873054053,0.9999994750542934,0.9999993642401322,0.9999993526209014,-13.776500798849945,-54.05228558059193,,783.9682922899409,False,False,False,,[]
49,49,50,True,1.0,1.0,49.0,50.0,49.0,50.0,50.0,0.0,60.8332032,62.12067840000001,311.7372228315076,0.5150049924850464,0.5150049924850464,0.0,1.0,0.5919203638639066,0.5916399062857393,0.9999833854151748,0.9499833583831787,0.9999828260569174,0.9999994750542934,0.9999994596113466,0.9999993526209014,0.9999993348167967,-18.522949679322576,-72.69460426096617,,730.1186205506318,False,False,False,,[]
50,50,51,True,1.0,1.0,50.0,51.0,50.0,51.0,51.0,0.0,62.12067840000001,63.247219199999996,288.3454349924217,0.5150051712989807,0.5150051712989807,0.0,1.0,0.5916399062857393,0.591377111026326,0.9999828260569174,0.9499828219413757,0.9999822968353901,0.9999994596113466,0.9999994461009215,0.9999993348167967,0.9999993184873488,-17.35615662699598,-68.11653123993584,,743.1864930843686,False,False,False,,[]
51,51,52,True,1.0,1.0,51.0,52.0,51.0,52.0,52.0,0.0,63.247219199999996,64.37376,289.516851879213,0.5150052905082703,0.5150052905082703,0.0,1.0,0.591377111026326,0.5911056151695488,0.9999822968353901,0.9499822854995728,0.9999817526619714,0.9999994461009215,0.9999994319680542,0.9999993184873488,0.9999992994108761,-17.929171613192434,-70.37172607662646,,735.7688299080268,False,False,False,,[]
52,52,53,True,1.0,1.0,52.0,53.0,52.0,53.0,53.0,0.0,64.37376,65.5003008,290.7093211875837,0.5150054693222046,0.5150054693222046,0.0,1.0,0.5911056151695488,0.5908299319072133,0.9999817526619714,0.9499817490577698,0.9999812013658536,0.9999994319680542,0.9999994172074116,0.9999992994108761,0.9999992819638414,-18.204286770042103,-71.4571015973549,,733.6646530783111,False,False,False,,[]
53,53,54,True,1.0,1.0,53.0,54.0,53.0,54.0,54.0,0.0,65.5003008,66.6268416,291.92284291754186,0.5150056481361389,0.5150056481361389,0.0,1.0,0.5908299319072133,0.5905480137257008,0.9999812013658536,0.9499812126159668,0.9999806395537789,0.9999994172074116,0.9999994020696502,0.9999992819638414,0.9999992639567856,-18.61442975336167,-73.07319264804568,,729.264703952076,False,False,False,,[]
54,54,55,True,1.0,1.0,54.0,55.0,54.0,55.0,55.0,0.0,66.6268416,67.91431680000001,317.86218858908705,0.5150058269500732,0.5150058269500732,0.0,1.0,0.5905480137257008,0.590234743801215,0.9999806395537789,0.949980616569519,0.9999800265359643,0.9999994020696502,0.9999993839026746,0.9999992639567856,0.9999992449736734,-20.681111892500063,-81.19956442671553,,708.3548645633754,False,False,False,,[]
55,55,56,True,1.0,1.0,55.0,56.0,55.0,56.0,56.0,0.0,67.91431680000001,69.0408576,294.5941374319725,0.5150060057640076,0.5150060057640076,0.0,1.0,0.590234743801215,0.5899394296504092,0.9999800265359643,0.9499800205230713,0.9999794424985174,0.9999993839026746,0.9999993675386877,0.9999992449736734,0.9999992263917453,-19.495325448142292,-76.54542788885472,,720.116699527319,False,False,False,,[]
56,56,57,True,1.0,1.0,56.0,57.0,56.0,57.0,57.0,0.0,69.0408576,70.00646400000001,271.1690523954889,0.5150061845779419,0.5150061845779419,0.0,1.0,0.5899394296504092,0.5896646283374919,0.9999794424985174,0.9499794244766235,0.9999788926985836,0.9999993675386877,0.9999993533535697,0.9999992263917453,0.9999992089072421,-18.141104682147024,-71.22850030818257,,734.5104989398577,False,False,False,,[]
57,57,58,True,1.0,1.0,57.0,58.0,57.0,58.0,58.0,0.0,70.00646400000001,70.811136,247.57791101322707,0.5150063037872314,0.5150063037872314,0.0,1.0,0.5896646283374919,0.5894113854074995,0.9999788926985836,0.9499788880348206,0.9999783801255955,0.9999993533535697,0.9999993405102494,0.9999992089072421,0.9999991932521338,-16.71809874039531,-65.64056745404405,,750.1883024631744,False,False,False,,[]
58,58,59,True,1.0,1.0,58.0,59.0,58.0,59.0,59.0,0.0,70.811136,71.2939392,199.1082082225757,0.5150064826011658,0.5150064826011658,0.0,1.0,0.5894113854074995,0.5892021514811195,0.9999783801255955,0.9499783515930176,0.9999779472577686,0.9999993405102494,0.9999993262011594,0.9999991932521338,0.9999991815284315,-13.814069249221468,-54.233433717681216,,782.133871500451,False,False,False,,[]
59,59,60,True,1.0,1.0,59.0,60.0,59.0,60.0,60.0,0.0,71.2939392,71.615808,174.97249654726892,0.5150066018104553,0.5150066018104553,0.0,1.0,0.5892021514811195,0.5890155135573969,0.9999779472577686,0.9499779343605042,0.9999775571172005,0.9999993262011594,0.9999993118453965,0.9999991815284315,0.9999991716549985,-12.322778075999766,-48.37654982892097,,800.0760543324233,False,False,False,,[]
60,60,61,True,1.0,1.0,60.0,61.0,60.0,61.0,61.0,0.0,71.615808,72.0986112,200.05878950334483,0.5150067210197449,0.5150067210197449,0.0,1.0,0.5890155135573969,0.5888029643445857,0.9999775571172005,0.9499775171279907,0.999977118079903,0.9999993118453965,0.9999992973826061,0.9999991716549985,0.999999159719853,-14.03218865946855,-55.0927559606541,,779.5138287316238,False,False,False,,[]
61,61,62,True,1.0,1.0,61.0,62.0,61.0,62.0,62.0,0.0,72.0986112,72.2595456,151.22475092688907,0.5150068998336792,0.5150068998336792,0.0,1.0,0.5888029643445857,0.5886361666164127,0.999977118079903,0.9499770998954773,0.999976766392674,0.9999992973826061,0.9999992833805943,0.999999159719853,0.9999991492639078,-11.013029845064775,-43.23397114244325,,815.3784231810189,False,False,False,,[]
62,62,63,True,1.0,1.0,62.0,63.0,62.0,63.0,63.0,0.0,72.2595456,72.42048,151.41744503058393,0.515006959438324,0.515006959438324,0.0,1.0,0.5886361666164127,0.5884688962063347,0.999976766392674,0.9499767422676086,0.9999764137795016,0.9999992833805943,0.9999992693414416,0.9999991492639078,0.9999991388647965,-11.044140764289288,-43.35649029223712,,815.0158578513852,False,False,False,,[]
63,63,64,True,1.0,1.0,63.0,64.0,63.0,64.0,64.0,0.0,72.42048,72.58141440000001,151.6105687755396,0.5150070786476135,0.5150070786476135,0.0,1.0,0.5884688962063347,0.5883011522934254,0.9999764137795016,0.94997638463974,0.9999760602392499,0.9999992693414416,0.9999992552651384,0.9999991388647965,0.9999991285231201,-11.075304606527533,-43.47922222607743,,814.6533870994721,False,False,False,,[]
64,64,65,True,1.0,1.0,64.0,65.0,64.0,65.0,65.0,0.0,72.58141440000001,73.0642176,201.21366520174368,0.5150071978569031,0.5150071978569031,0.0,1.0,0.5883011522934254,0.5880845392694455,0.9999760602392499,0.9499760270118713,0.9999756136751522,0.9999992552651384,0.9999992406192851,0.9999991285231201,0.999999116286061,-14.299578672664625,-56.1460958155956,,776.3056931493488,False,False,False,,[]
65,65,66,True,1.0,1.0,65.0,66.0,65.0,66.0,66.0,0.0,73.0642176,73.54702080000001,201.79690320791244,0.5150073170661926,0.5150073170661926,0.0,1.0,0.5880845392694455,0.5878658830932253,0.9999756136751522,0.9499756097793579,0.9999751633417582,0.9999992406192851,0.9999992258824904,0.999999116286061,0.9999991039030433,-14.433957831656254,-56.67568087628275,,774.7077575349571,False,False,False,,[]
66,66,67,True,1.0,1.0,66.0,67.0,66.0,67.0,67.0,0.0,73.54702080000001,74.029824,202.38400798538888,0.5150074362754822,0.5150074362754822,0.0,1.0,0.5878658830932253,0.5876450536974904,0.9999751633417582,0.9499751329421997,0.9999747090101566,0.9999992258824904,0.9999992110551638,0.9999991039030433,0.999999091255336,-14.57690461949599,-57.23897937449171,,772.954274472261,False,False,False,,[]
67,67,68,True,1.0,1.0,67.0,68.0,67.0,68.0,68.0,0.0,74.029824,74.5126272,202.97497953417692,0.5150076150894165,0.5150076150894165,0.0,1.0,0.5876450536974904,0.587422146195467,0.9999747090101566,0.9499747157096863,0.9999742508660351,0.9999992110551638,0.9999991961377274,0.999999091255336,0.9999990784480057,-14.713563990951865,-57.77762452448733,,771.3390876363937,False,False,False,,[]
68,68,69,True,1.0,1.0,68.0,69.0,68.0,69.0,69.0,0.0,74.5126272,74.834496,178.8650463342828,0.515007734298706,0.515007734298706,0.0,1.0,0.587422146195467,0.5872228640387979,0.9999742508660351,0.9499742388725281,0.9999738366721536,0.9999991961377274,0.9999991810961716,0.9999990784480057,0.999999067654751,-13.154717231077575,-51.65393500862039,,789.5549115411347,False,False,False,,[]
69,69,70,True,1.0,1.0,69.0,70.0,69.0,70.0,70.0,0.0,74.834496,75.3172992,203.9685249406325,0.5150078535079956,0.5150078535079956,0.0,1.0,0.5872228640387979,0.5869964269662064,0.9999738366721536,0.9499738216400146,0.9999733720767661,0.9999991810961716,0.9999991660295228,0.999999067654751,0.9999990545391922,-14.945677033813048,-58.692489215710644,,768.5929441529366,False,False,False,,[]
70,70,71,True,1.0,1.0,70.0,71.0,70.0,71.0,71.0,0.0,75.3172992,75.4782336,155.16026483958743,0.5150079727172852,0.5150079727172852,0.0,1.0,0.5869964269662064,0.5868192133312627,0.9999733720767661,0.9499733448028564,0.9999730000957365,0.9999991660295228,0.9999991512833686,0.9999990545391922,0.9999990445368089,-11.69822595013192,-45.93377417736996,,806.9981097780993,False,False,False,,[]
71,71,72,True,1.0,1.0,71.0,72.0,71.0,72.0,72.0,0.0,75.4782336,75.63916800000001,155.36155176842314,0.5150080919265747,0.5150080919265747,0.0,1.0,0.5868192133312627,0.5866414806201867,0.9999730000957365,0.9499729871749878,0.9999726271094568,0.9999991512833686,0.9999991364999574,0.9999990445368089,0.9999990345721833,-11.732383022976723,-46.06831871090696,,806.5951245310426,False,False,False,,[]
72,72,73,True,1.0,1.0,72.0,73.0,72.0,73.0,73.0,0.0,75.63916800000001,75.80010240000001,155.56326833850787,0.5150082111358643,0.5150082111358643,0.0,1.0,0.5866414806201867,0.5864632279046458,0.9999726271094568,0.9499726295471191,0.9999722531167147,0.9999991364999574,0.9999991216792871,0.9999990345721833,0.9999990246457676,-11.766599745098532,-46.203103868210306,,806.1921517927267,False,False,False,,[]
73,73,74,True,1.0,1.0,73.0,74.0,73.0,74.0,74.0,0.0,75.80010240000001,75.96103680000002,155.76541454985335,0.5150083303451538,0.5150083303451538,0.0,1.0,0.5864632279046458,0.5862844542550881,0.9999722531167147,0.9499722123146057,0.9999718781162998,0.9999991216792871,0.9999991068213558,0.9999990246457676,0.9999990147580158,-11.800876205964862,-46.33812996535235,,805.7891930381708,False,False,False,,[]
74,74,75,True,1.0,1.0,74.0,75.0,74.0,75.0,75.0,0.0,75.96103680000002,76.1219712,155.96799040245568,0.5150084495544434,0.5150084495544434,0.0,1.0,0.5862844542550881,0.5861051587407418,0.9999718781162998,0.9499718546867371,0.9999715021070036,0.9999991068213558,0.9999990919261623,0.9999990147580158,0.9999990049093839,-11.83521249473913,-46.47339731856586,,805.3862496577256,False,False,False,,[]
75,75,76,True,1.0,1.0,75.0,76.0,75.0,76.0,76.0,0.0,76.1219712,75.96103680000002,106.76145285631549,0.5150085687637329,0.5150085687637329,0.0,1.0,0.5861051587407418,0.5859752599231695,0.9999715021070036,0.9499714970588684,0.9999712275017056,0.9999990919261623,0.9999990794665305,0.9999990049093839,0.9999989945133575,-8.575828441191623,-33.66977351473202,,847.3032416388347,False,False,False,,[]
76,76,77,True,1.0,1.0,76.0,77.0,76.0,77.0,77.0,0.0,75.96103680000002,75.80010240000001,106.55844736245632,0.5150086283683777,0.5150086283683777,0.0,1.0,0.5859752599231695,0.5858458243281295,0.9999712275017056,0.9499711990356445,0.9999709539996243,0.9999990794665305,0.9999990670476074,0.9999989945133575,0.9999989841189582,-8.545371700171886,-33.54970623436679,,847.745626693491,False,False,False,,[]
77,77,78,True,1.0,1.0,77.0,78.0,77.0,78.0,78.0,0.0,75.80010240000001,75.63916800000001,106.35587150985398,0.5150086879730225,0.5150086879730225,0.0,1.0,0.5858458243281295,0.5857168508188584,0.9999709539996243,0.9499709606170654,0.9999706815971126,0.9999990670476074,0.9999990546693371,0.9999989841189582,0.999998973726411,-8.514987338986302,-33.42993360306426,,848.1875155479929,False,False,False,,[]
78,78,79,True,1.0,1.0,78.0,79.0,78.0,79.0,79.0,0.0,75.63916800000001,75.4782336,106.1537252985046,0.515008807182312,0.515008807182312,0.0,1.0,0.5857168508188584,0.5855883382603259,0.9999706815971126,0.9499706625938416,0.9999704102905348,0.9999990546693371,0.9999990423316626,0.999998973726411,0.9999989633359401,-8.484675310507418,-33.31045517164226,,848.6289063279744,False,False,False,,[]
79,79,80,True,1.0,1.0,79.0,80.0,79.0,80.0,80.0,0.0,75.4782336,75.4782336,130.65678024841952,0.5150088667869568,0.5150088667869568,0.0,1.0,0.5855883382603259,0.5854348277739457,0.9999704102905348,0.9499704241752625,0.9999700848219661,0.9999990423316626,0.9999990285316471,0.9999989633359401,0.9999989527895469,-10.134420224795484,-39.78991806971613,,826.1706049904603,False,False,False,,[]
80,80,81,True,1.0,1.0,80.0,81.0,80.0,81.0,81.0,0.0,75.4782336,75.4782336,130.65678024841952,0.5150089859962463,0.5150089859962463,0.0,1.0,0.5854348277739457,0.5852813175289698,0.9999700848219661,0.9499700665473938,0.9999697593538771,0.9999990285316471,0.9999990147316301,0.9999989527895469,0.9999989422431532,-10.134420370164289,-39.78985549774129,,826.17080113543,False,False,False,,[]
81,81,82,True,1.0,1.0,81.0,82.0,81.0,82.0,82.0,0.0,75.4782336,75.63916800000001,155.36155176842314,0.5150090456008911,0.5150090456008911,0.0,1.0,0.5852813175289698,0.5851035889539508,0.9999697593538771,0.9499697685241699,0.999969386375605,0.9999990147316301,0.9999989999482106,0.9999989422431532,0.9999989322785187,-11.732384075112892,-46.06724664495782,,806.5983251472608,False,False,False,,[]
82,82,83,True,1.0,1.0,82.0,83.0,82.0,83.0,83.0,0.0,75.63916800000001,75.80010240000001,155.56326833850787,0.5150091648101807,0.5150091648101807,0.0,1.0,0.5851035889539508,0.5849253401725544,0.999969386375605,0.9499693512916565,0.9999690123904752,0.9999989999482106,0.999998985127532,0.9999989322785187,0.9999989223520936,-11.766600805568459,-46.20208413794191,,806.195192145651,False,False,False,,[]
83,83,84,True,1.0,1.0,83.0,84.0,83.0,84.0,84.0,0.0,75.80010240000001,75.80010240000001,131.06064302985365,0.5150092840194702,0.5150092840194702,0.0,1.0,0.5849253401725544,0.5847707708743798,0.9999690123904752,0.9499689936637878,0.9999686848193348,0.999998985127532,0.9999989712485606,0.9999989223520936,0.9999989117673367,-10.204136515241846,-40.06436208684253,,825.2253971215084,False,False,False,,[]
84,84,85,True,1.0,1.0,84.0,85.0,84.0,85.0,85.0,0.0,75.80010240000001,75.96103680000002,155.76541454985335,0.5150094032287598,0.5150094032287598,0.0,1.0,0.5847707708743798,0.58459200119061,0.9999686848193348,0.949968695640564,0.999968309826589,0.9999989712485606,0.9999989563906202,0.9999989117673367,0.9999989018795742,-11.800877408398904,-46.33710203314705,,805.7922530683417,False,False,False,,[]
85,85,86,True,1.0,1.0,85.0,86.0,85.0,86.0,86.0,0.0,75.96103680000002,75.80010240000001,106.55844736245632,0.5150095224380493,0.5150095224380493,0.0,1.0,0.58459200119061,0.5844625676308527,0.999968309826589,0.9499682784080505,0.9999680363293528,0.9999989563906202,0.999998943971684,0.9999989018795742,0.9999988914851812,-8.545372313043034,-33.54917868907045,,847.7474327380804,False,False,False,,[]
86,86,87,True,1.0,1.0,86.0,87.0,86.0,87.0,87.0,0.0,75.80010240000001,75.63916800000001,106.35587150985398,0.5150095820426941,0.5150095820426941,0.0,1.0,0.5844625676308527,0.5843335960305335,0.9999680363293528,0.9499680399894714,0.9999677639313815,0.999998943971684,0.9999989315934006,0.9999988914851812,0.9999988810926403,-8.51498794631242,-33.429438802749424,,848.1892106733798,False,False,False,,[]
87,87,88,True,1.0,1.0,87.0,88.0,87.0,88.0,88.0,0.0,75.63916800000001,75.4782336,106.1537252985046,0.5150097012519836,0.5150097012519836,0.0,1.0,0.5843335960305335,0.5842050852587592,0.9999677639313815,0.9499677419662476,0.9999674926290502,0.9999989315934006,0.999998919255713,0.9999988810926403,0.9999988707021759,-8.484675912312163,-33.30999204387988,,848.6304941971998,False,False,False,,[]
88,88,89,True,1.0,1.0,88.0,89.0,88.0,89.0,89.0,0.0,75.4782336,74.834496,31.83769416842082,0.5150097608566284,0.5150097608566284,0.0,1.0,0.5842050852587592,0.5841672460365283,0.9999674926290502,0.9499675035476685,0.9999674195262821,0.999998919255713,0.9999989175490364,0.9999988707021759,0.9999988659486868,-2.499005436381157,-9.80792640227664,,950.9231737766972,False,False,False,,[]
89,89,90,True,1.0,1.0,89.0,90.0,89.0,90.0,90.0,0.0,74.834496,74.5126272,80.44466734063214,0.5150097608566284,0.5150097608566284,0.0,1.0,0.5841672460365283,0.5840688790929027,0.9999674195262821,0.9499673843383789,0.9999672178957119,0.9999989175490364,0.9999989080141649,0.9999988659486868,0.9999988567549473,-6.495504171790259,-25.4967117877417,,879.3074765585643,False,False,False,,[]
90,90,91,True,1.0,1.0,90.0,91.0,90.0,91.0,91.0,0.0,74.5126272,74.35169280000001,104.75073177428378,0.5150098204612732,0.5150098204612732,0.0,1.0,0.5840688790929027,0.5839436222236071,0.9999672178957119,0.9499672055244446,0.9999669543031774,0.9999989080141649,0.9999988959590665,0.9999988567549473,0.99999884643581,-8.270624054515736,-32.46658052143131,,851.7957519114593,False,False,False,,[]
91,91,92,True,1.0,1.0,91.0,92.0,91.0,92.0,92.0,0.0,74.35169280000001,74.5126272,153.96156573298848,0.515009880065918,0.515009880065918,0.0,1.0,0.5839436222236071,0.5837695149510196,0.9999669543031774,0.9499669671058655,0.9999665883501373,0.9999988959590665,0.9999988814363672,0.99999884643581,0.9999988362162372,-11.494533834477137,-45.12860505469102,,809.4250430917665,False,False,False,,[]
92,92,93,True,1.0,1.0,92.0,93.0,92.0,93.0,93.0,0.0,74.5126272,74.834496,178.8650463342828,0.5150100588798523,0.5150100588798523,0.0,1.0,0.5837695149510196,0.5835702431370807,0.9999665883501373,0.949966549873352,0.9999661741757826,0.9999988814363672,0.9999988663948046,0.9999988362162372,0.9999988254230552,-13.154712458990186,-51.651254172942494,,789.5626176505309,False,False,False,,[]
93,93,94,True,1.0,1.0,93.0,94.0,93.0,94.0,94.0,0.0,74.834496,75.4782336,228.67329646063217,0.5150101780891418,0.5150101780891418,0.0,1.0,0.5835702431370807,0.5833182236243689,0.9999661741757826,0.9499661326408386,0.9999656637524177,0.9999988663948046,0.9999988518912282,0.9999988254230552,0.9999988098812623,-16.63368014118991,-65.32345769489123,,750.1272111635033,False,False,False,,[]
94,94,95,True,1.0,1.0,94.0,95.0,94.0,95.0,95.0,0.0,75.4782336,75.80010240000001,180.06632328842284,0.5150102972984314,0.5150102972984314,0.0,1.0,0.5833182236243689,0.5831150703981997,0.9999656637524177,0.9499656558036804,0.9999652422673557,0.9999988518912282,0.9999988366455529,0.9999988098812623,0.9999987988192047,-13.40992476709612,-52.65731622306512,,786.404967350611,False,False,False,,[]
95,95,96,True,1.0,1.0,95.0,96.0,95.0,96.0,96.0,0.0,75.80010240000001,76.2829056,205.1749575898527,0.515010416507721,0.515010416507721,0.0,1.0,0.5831150703981997,0.5828844139510476,0.9999652422673557,0.949965238571167,0.9999647700000721,0.9999988366455529,0.9999988214015363,0.9999987988192047,0.9999987853791852,-15.223743380795003,-59.786151101808436,,765.3643770302087,False,False,False,,[]
96,96,97,True,1.0,1.0,96.0,97.0,96.0,97.0,97.0,0.0,76.2829056,76.76570880000001,205.7839740714322,0.5150105953216553,0.5150105953216553,0.0,1.0,0.5828844139510476,0.5826515165254311,0.9999647700000721,0.9499647617340088,0.9999642936760537,0.9999988214015363,0.9999988060695454,0.9999987853791852,0.999998771668993,-15.371050440358635,-60.36701271979027,,763.6082566922363,False,False,False,,[]
97,97,98,True,1.0,1.0,97.0,98.0,97.0,98.0,98.0,0.0,76.76570880000001,77.248512,206.3968573243193,0.5150107145309448,0.5150107145309448,0.0,1.0,0.5826515165254311,0.5824165217911004,0.9999642936760537,0.9499642848968506,0.9999638135667274,0.9999988060695454,0.9999987906500741,0.999998771668993,0.9999987578410978,-15.50886853361132,-60.91063513852554,,762.0481527300268,False,False,False,,[]
98,98,99,True,1.0,1.0,98.0,99.0,98.0,99.0,99.0,0.0,77.248512,77.57038080000001,182.30883582852232,0.5150108337402344,0.5150108337402344,0.0,1.0,0.5824165217911004,0.5822059899011223,0.9999638135667274,0.9499638080596924,0.9999633782804049,0.9999987906500741,0.999998775032614,0.9999987578410978,0.9999987461385812,-13.895025575166251,-54.56986588232242,,780.4083180773566,False,False,False,,[]
99,99,100,True,1.0,1.0,99.0,100.0,99.0,100.0,100.0,0.0,77.57038080000001,78.053184,207.42692223760275,0.5150109529495239,0.5150109529495239,0.0,1.0,0.5822059899011223,0.581967283563315,0.9999633782804049,0.949963390827179,0.9999628914992902,0.999998775032614,0.9999987594684777,0.9999987461385812,0.9999987319257908,-15.752793971385879,-61.87268275965149,,759.2084145745448,False,False,False,,[]
100,100,101,True,1.0,1.0,100.0,101.0,100.0,101.0,101.0,0.0,78.053184,78.5359872,208.05011688065807,0.5150111317634583,0.5150111317634583,0.0,1.0,0.581967283563315,0.5817263543567696,0.9999628914992902,0.949962854385376,0.9999624007391249,0.9999987594684777,0.999998743818246,0.9999987319257908,0.9999987175008455,-15.898855608724423,-62.44885033656407,,757.5296170842307,False,False,False,,[]
101,101,102,True,1.0,1.0,101.0,102.0,101.0,102.0,102.0,0.0,78.5359872,79.01879040000001,208.677178295027,0.5150113105773926,0.5150113105773926,0.0,1.0,0.5817263543567696,0.581483105449723,0.9999624007391249,0.9499623775482178,0.9999619058399736,0.999998743818246,0.9999987280824638,0.9999987175008455,0.9999987027799859,-16.051287877165915,-63.0501167064687,,755.7462425240227,False,False,False,,[]
102,102,103,True,1.0,1.0,102.0,103.0,102.0,103.0,103.0,0.0,79.01879040000001,79.17972480000002,159.89856344070228,0.5150114297866821,0.5150114297866821,0.0,1.0,0.581483105449723,0.5812928337896642,0.9999619058399736,0.9499619007110596,0.9999615087500192,0.9999987280824638,0.9999987124795316,0.9999987027799859,0.9999986928659211,-12.55715847806904,-49.31841428725281,,796.49690944835,False,False,False,,[]
103,103,104,True,1.0,1.0,103.0,104.0,103.0,104.0,104.0,0.0,79.17972480000002,79.01879040000001,110.70018907843824,0.5150115489959717,0.5150115489959717,0.0,1.0,0.5812928337896642,0.5811537827231854,0.9999615087500192,0.9499614834785461,0.99996121221926,0.9999987124795316,0.9999986992361184,0.9999986928659211,0.9999986823503704,-9.178201055656148,-36.04203643129905,,838.6003681129089,False,False,False,,[]
104,104,105,True,1.0,1.0,104.0,105.0,104.0,105.0,105.0,0.0,79.01879040000001,79.01879040000001,135.19379192070065,0.5150116682052612,0.5150116682052612,0.0,1.0,0.5811537827231854,0.580988770945137,0.99996121221926,0.9499611854553223,0.9999608640347932,0.9999986992361184,0.9999986845617134,0.9999986823503704,0.9999986717977214,-10.891003877765474,-42.77105287014692,,816.2883624802998,False,False,False,,[]
105,105,106,True,1.0,1.0,105.0,106.0,105.0,106.0,106.0,0.0,79.01879040000001,78.857856,110.489020400699,0.515011727809906,0.515011727809906,0.0,1.0,0.580988770945137,0.5808502102939732,0.9999608640347932,0.9499608278274536,0.9999605686258333,0.9999986845617134,0.9999986713600166,0.9999986717977214,0.9999986612846914,-9.14596397120937,-35.9149207816615,,839.0555003327586,False,False,False,,[]
106,106,107,True,1.0,1.0,106.0,107.0,106.0,107.0,107.0,0.0,78.857856,78.857856,134.98305288421827,0.5150118470191956,0.5150118470191956,0.0,1.0,0.5808502102939732,0.5806857192745288,0.9999605686258333,0.9499605298042297,0.999960221463983,0.9999986713600166,0.999998656725612,0.9999986612846914,0.9999986507164881,-10.856789610114967,-42.63607223999734,,816.7200146667994,False,False,False,,[]
107,107,108,True,1.0,1.0,107.0,108.0,107.0,108.0,108.0,0.0,78.857856,79.01879040000001,159.68782440421992,0.5150119066238403,0.5150119066238403,0.0,1.0,0.5806857192745288,0.5804960572245154,0.999960221463983,0.9499602317810059,0.9999598255378265,0.999998656725612,0.9999986411598897,0.9999986507164881,0.9999986408249683,-12.517149126390063,-49.160403363493565,,796.9957038079318,False,False,False,,[]
108,108,109,True,1.0,1.0,108.0,109.0,108.0,109.0,109.0,0.0,79.01879040000001,79.17972480000002,159.89856344070228,0.5150120258331299,0.5150120258331299,0.0,1.0,0.5804960572245154,0.5803057866578951,0.9999598255378265,0.9499598145484924,0.9999594284499589,0.9999986411598897,0.9999986255569526,0.9999986408249683,0.9999986309109213,-12.557157541183662,-49.31813086796964,,796.4977437619099,False,False,False,,[]
109,109,110,True,1.0,1.0,109.0,110.0,109.0,110.0,110.0,0.0,79.17972480000002,79.3406592,160.1097321184376,0.5150122046470642,0.5150122046470642,0.0,1.0,0.5803057866578951,0.5801148895402086,0.9999594284499589,0.949959397315979,0.9999590301668183,0.9999986255569526,0.999998609916807,0.9999986309109213,0.9999986209574567,-12.598353788296604,-49.48053290434935,,795.9761546139729,False,False,False,,[]
110,110,111,True,1.0,1.0,110.0,111.0,110.0,111.0,111.0,0.0,79.3406592,79.5015936,160.32133043743562,0.515012264251709,0.515012264251709,0.0,1.0,0.5801148895402086,0.5799233644243686,0.9999590301668183,0.9499590396881104,0.9999586306865287,0.999998609916807,0.9999985942394606,0.9999986209574567,0.9999986109644371,-12.639643712188246,-49.643310025732404,,795.4541318181116,False,False,False,,[]
111,111,112,True,1.0,1.0,111.0,112.0,111.0,112.0,112.0,0.0,79.5015936,79.66252800000001,160.53335839769048,0.5150123834609985,0.5150123834609985,0.0,1.0,0.5799233644243686,0.579731209864946,0.9999586306865287,0.9499586224555969,0.9999582300072248,0.9999985942394606,0.9999985785249202,0.9999986109644371,0.9999986009317301,-12.68102720191959,-49.8064618023688,,794.931682754373,False,False,False,,[]
112,112,113,True,1.0,1.0,112.0,113.0,112.0,113.0,113.0,0.0,79.66252800000001,79.66252800000001,136.0410444791986,0.5150125622749329,0.5150125622749329,0.0,1.0,0.579731209864946,0.5795641065304091,0.9999582300072248,0.9499582052230835,0.9999578777212854,0.9999985785249202,0.9999985636902772,0.9999986009317301,0.9999985904445405,-11.028556442171363,-43.31318431196091,,814.5619161352105,False,False,False,,[]
113,113,114,True,1.0,1.0,113.0,114.0,113.0,114.0,114.0,0.0,79.66252800000001,79.66252800000001,136.0410444791986,0.5150126218795776,0.5150126218795776,0.0,1.0,0.5795641065304091,0.5793970032686847,0.9999578777212854,0.9499578475952148,0.9999575254354887,0.9999985636902772,0.9999985488556333,0.9999985904445405,0.9999985799573508,-11.028556505741836,-43.313165438964845,,814.5619732499779,False,False,False,,[]
114,114,115,True,1.0,1.0,114.0,115.0,114.0,115.0,115.0,0.0,79.66252800000001,79.5015936,111.33627295919696,0.5150127410888672,0.5150127410888672,0.0,1.0,0.5793970032686847,0.5792564759130706,0.9999575254354887,0.9499574899673462,0.9999572259312951,0.9999985488556333,0.9999985354867444,0.9999985799573508,0.9999985694355564,-9.275369107729219,-36.424690575181046,,837.2625659625844,False,False,False,,[]
115,115,116,True,1.0,1.0,115.0,116.0,115.0,116.0,116.0,0.0,79.5015936,79.01879040000001,61.714272317689804,0.5150128602981567,0.5150128602981567,0.0,1.0,0.5792564759130706,0.5791813663837775,0.9999572259312951,0.9499571919441223,0.9999570754366027,0.9999985354867444,0.9999985319978547,0.9999985694355564,0.999998561390479,-4.958610982666532,-19.46838999276587,,907.693913988313,False,False,False,,[]
116,116,117,True,1.0,1.0,116.0,117.0,116.0,117.0,117.0,0.0,79.01879040000001,78.6969216,85.78424888069934,0.5150128602981567,0.5150128602981567,0.0,1.0,0.5791813663837775,0.5790720249617943,0.9999570754366027,0.9499570727348328,0.9999568488915962,0.9999985319978547,0.9999985216869756,0.999998561390479,0.9999985517043042,-7.218047793581303,-28.341296578023762,,868.0608478263874,False,False,False,,[]
117,117,118,True,1.0,1.0,117.0,118.0,117.0,118.0,118.0,0.0,78.6969216,78.2141184,60.65842892899371,0.5150129795074463,0.5150129795074463,0.0,1.0,0.5790720249617943,0.5789980504764328,0.9999568488915962,0.9499568343162537,0.9999567008356463,0.9999985216869756,0.999998517613712,0.9999985517043042,0.9999985437970705,-4.883999419174247,-19.174186605713686,,908.4627668670504,False,False,False,,[]
118,118,119,True,1.0,1.0,118.0,119.0,118.0,119.0,119.0,0.0,78.2141184,77.8922496,84.7348501108559,0.5150129795074463,0.5150129795074463,0.0,1.0,0.5789980504764328,0.5788908780213253,0.9999567008356463,0.9499567151069641,0.9999564792551877,0.999998517613712,0.9999985074527992,0.9999985437970705,0.9999985341968773,-7.075346939003399,-27.77910036386292,,870.2526360516468,False,False,False,,[]
119,119,120,True,1.0,1.0,119.0,120.0,119.0,120.0,120.0,0.0,77.8922496,77.40944640000001,59.61332657171872,0.5150130391120911,0.5150130391120911,0.0,1.0,0.5788908780213253,0.5788195960607952,0.9999564792551877,0.949956476688385,0.9999563369634731,0.9999985074527992,0.9999985041511098,0.9999985341968773,0.9999985264191271,-4.706555489145044,-18.476284169395285,,911.9173791161573,False,False,False,,[]
120,120,121,True,1.0,1.0,120.0,121.0,120.0,121.0,121.0,0.0,77.40944640000001,76.76570880000001,34.286649332436205,0.5150130987167358,0.5150130987167358,0.0,1.0,0.5788195960607952,0.5787774673057161,0.9999563369634731,0.9499562978744507,0.9999562552313687,0.9999985041511098,0.9999985018888765,0.9999985264191271,0.9999985212506038,-2.782007281198939,-10.919773316526143,,945.4184210424653,False,False,False,,[]
121,121,122,True,1.0,1.0,121.0,122.0,121.0,122.0,122.0,0.0,76.76570880000001,76.2829056,58.1682282043193,0.5150130987167358,0.5150130987167358,0.0,1.0,0.5787774673057161,0.5787087780454245,0.9999562552313687,0.9499562382698059,0.9999561184624883,0.9999985018888765,0.9999984987139626,0.9999985212506038,0.9999985136558363,-4.535792515358747,-17.8042562675781,,914.7993988803911,False,False,False,,[]
122,122,123,True,1.0,1.0,122.0,123.0,122.0,123.0,123.0,0.0,76.2829056,76.1219712,106.9648879914315,0.5150131583213806,0.5150131583213806,0.0,1.0,0.5787087780454245,0.5785784241325165,0.9999561184624883,0.9499561190605164,0.9999558427724103,0.9999984987139626,0.9999984862134984,0.9999985136558363,0.9999985032584411,-8.606360893879685,-33.78773422577025,,846.8685653728015,False,False,False,,[]
123,123,124,True,1.0,1.0,123.0,124.0,123.0,124.0,124.0,0.0,76.1219712,76.44384000000001,180.87576741631455,0.5150132775306702,0.5150132775306702,0.0,1.0,0.5785784241325165,0.578372652700606,0.9999558427724103,0.9499558210372925,0.9999554163756142,0.9999984862134984,0.9999984708322391,0.9999985032584411,0.9999984920037075,-13.58254141848713,-53.335955151199656,,784.284750397257,False,False,False,,[]
124,124,125,True,1.0,1.0,124.0,125.0,124.0,125.0,125.0,0.0,76.44384000000001,76.9266432,205.98783884780306,0.5150133967399597,0.5150133967399597,0.0,1.0,0.578372652700606,0.578139042307049,0.9999554163756142,0.949955403804779,0.9999549387635684,0.9999984708322391,0.999998455471049,0.9999984920037075,0.9999984782317908,-15.418415359357706,-60.551814009973135,,763.064791923722,False,False,False,,[]
125,125,126,True,1.0,1.0,125.0,126.0,125.0,126.0,126.0,0.0,76.9266432,77.0875776,157.1924679844653,0.5150135159492493,0.5150135159492493,0.0,1.0,0.578139042307049,0.5779564150971424,0.9999549387635684,0.9499549269676208,0.9999545563273714,0.999998455471049,0.9999984403522378,0.9999984782317908,0.9999984684367722,-12.055016462297237,-47.336972807827244,,802.7069465530261,False,False,False,,[]
126,126,127,True,1.0,1.0,126.0,127.0,126.0,127.0,127.0,0.0,77.0875776,77.248512,157.39805132586358,0.5150136351585388,0.5150136351585388,0.0,1.0,0.5779564150971424,0.5777732081201592,0.9999545563273714,0.9499545693397522,0.9999541727752782,0.9999984403522378,0.9999984251961654,0.9999984684367722,0.999998458632934,-12.093115356624242,-47.487248434021566,,802.2320683270653,False,False,False,,[]
127,127,128,True,1.0,1.0,127.0,128.0,127.0,128.0,128.0,0.0,77.248512,77.0875776,108.19452126852131,0.5150137543678284,0.5150137543678284,0.0,1.0,0.5777732081201592,0.5776400013000628,0.9999541727752782,0.9499541521072388,0.9999538902641233,0.9999984251961654,0.9999984124499482,0.999998458632934,0.9999984481929224,-8.793987130201415,-34.52720776900906,,844.1353361960378,False,False,False,,[]
128,128,129,True,1.0,1.0,128.0,129.0,128.0,129.0,129.0,0.0,77.0875776,77.0875776,132.6932798058639,0.5150138139724731,0.5150138139724731,0.0,1.0,0.5776400013000628,0.5774811687758601,0.9999538902641233,0.9499538540840149,0.9999535542502715,0.9999984124499482,0.9999983982539923,0.9999984481929224,0.9999984374744464,-10.484982325674258,-41.16939027333211,,821.4575615227308,False,False,False,,[]
129,129,130,True,1.0,1.0,129.0,130.0,129.0,130.0,130.0,0.0,77.0875776,77.0875776,132.6932798058639,0.5150139331817627,0.5150139331817627,0.0,1.0,0.5774811687758601,0.5773223359401386,0.9999535542502715,0.949953556060791,0.9999532182358042,0.9999983982539923,0.9999983840580349,0.9999984374744464,0.9999984267559704,-10.484982438750666,-41.169471018996035,,821.4573087968347,False,False,False,,[]
130,130,131,True,1.0,1.0,130.0,131.0,130.0,131.0,131.0,0.0,77.0875776,77.248512,157.39805132586358,0.5150140523910522,0.5150140523910522,0.0,1.0,0.5773223359401386,0.5771391276795843,0.9999532182358042,0.9499531984329224,0.9999528346812413,0.9999983840580349,0.999998368901959,0.9999984267559704,0.9999984169521244,-12.093116042435458,-47.48758113567331,,802.231076092291,False,False,False,,[]
131,131,132,True,1.0,1.0,131.0,132.0,131.0,132.0,132.0,0.0,77.248512,77.248512,132.899292788521,0.5150141716003418,0.5150141716003418,0.0,1.0,0.5771391276795843,0.5769797854729342,0.9999528346812413,0.9499528408050537,0.9999524976605304,0.999998368901959,0.9999983546662614,0.9999984169521244,0.9999984062457626,-10.51844037493907,-41.30149996373139,,821.0272722219845,False,False,False,,[]
132,132,133,True,1.0,1.0,132.0,133.0,132.0,133.0,133.0,0.0,77.248512,77.248512,132.899292788521,0.5150142312049866,0.5150142312049866,0.0,1.0,0.5769797854729342,0.5768204429618877,0.9999524976605304,0.9499524831771851,0.9999521606392183,0.9999983546662614,0.9999983404305631,0.9999984062457626,0.9999983955394007,-10.518440431904724,-41.30157886324942,,821.0270259839023,False,False,False,,[]
133,133,134,True,1.0,1.0,133.0,134.0,133.0,134.0,134.0,0.0,77.248512,77.0875776,108.19452126852131,0.5150143504142761,0.5150143504142761,0.0,1.0,0.5768204429618877,0.5766872346941886,0.9999521606392183,0.9499521255493164,0.9999518781245932,0.9999983404305631,0.999998327684337,0.9999983955394007,0.9999983850993907,-8.793987734692722,-34.52758298762195,,844.1340521906083,False,False,False,,[]
134,134,135,True,1.0,1.0,134.0,135.0,134.0,135.0,135.0,0.0,77.0875776,76.1219712,-15.535349314136107,0.5150144100189209,0.5150144100189209,0.0,1.0,0.5766872346941886,0.5766997861098053,0.9999518781245932,0.9499518871307373,0.9999518544686292,0.999998327684337,0.9999983268354993,0.9999983850993907,0.999998382532462,0.828993342987709,3.253326927869415,,1006.8161987982937,False,False,False,,[]
135,135,136,True,1.0,1.0,135.0,136.0,135.0,136.0,136.0,0.0,76.1219712,74.029824,-189.69580538368453,0.5150144696235657,0.5150144696235657,0.0,1.0,0.5766997861098053,0.5768603536137489,0.9999518544686292,0.9499518275260925,0.9999515150295802,0.9999983268354993,0.9999983116712752,0.999998382532462,0.9999983707070332,10.610902739766418,41.61909702216899,,1110.6593765714038,False,False,False,,[]
136,136,137,True,1.0,1.0,136.0,137.0,136.0,137.0,137.0,0.0,74.029824,69.6845952,-538.1681660658212,0.5150145292282104,0.5150145292282104,0.0,1.0,0.5768603536137489,0.5773246306713705,0.9999515150295802,0.9499515295028687,0.9999506996444031,0.9999983116712752,0.9999982933959366,0.9999983707070332,0.9999983478383085,30.71480295681566,120.34061333552366,,1518.8207943558298,False,False,False,,[]
137,137,138,True,1.0,1.0,137.0,138.0,137.0,138.0,138.0,0.0,69.6845952,66.30497280000002,-395.1190771177117,0.5150147676467896,0.5150147676467896,0.0,1.0,0.5773246306713705,0.5776421552323412,0.9999506996444031,0.9499506950378418,0.999950079899043,0.9999982933959366,0.9999982783595225,0.9999983478383085,0.999998328322018,21.00209069051996,82.30236620360276,,1283.6926316438119,False,False,False,,[]
138,138,139,True,1.0,1.0,138.0,139.0,138.0,139.0,139.0,0.0,66.30497280000002,63.56908800000001,-300.1119830890685,0.5150150060653687,0.5150150060653687,0.0,1.0,0.5776421552323412,0.5778647569043425,0.999950079899043,0.9499500393867493,0.9999496223153425,0.9999982783595225,0.9999982626640119,0.999998328322018,0.9999983100595836,14.722053138424577,57.69835338272302,,1166.705070570066,False,False,False,,[]
139,139,140,True,1.0,1.0,139.0,140.0,139.0,140.0,140.0,0.0,63.56908800000001,63.08628480000001,42.80769398960596,0.5150151252746582,0.5150151252746582,0.0,1.0,0.5778647569043425,0.5778173561182988,0.9999496223153425,0.9499496221542358,0.999949529879702,0.9999982626640119,0.999998257954056,0.9999983100595836,0.99999830416643,-3.1327120209936195,-12.28628374253419,,936.9898151620495,False,False,False,,[]
140,140,141,True,1.0,1.0,140.0,141.0,140.0,141.0,141.0,0.0,63.08628480000001,62.764416000000004,67.00527400589839,0.5150151252746582,0.5150151252746582,0.0,1.0,0.5778173561182988,0.5777448070972125,0.999949529879702,0.9499495029449463,0.9999493848790844,0.999998257954056,0.9999982505330329,0.99999830416643,0.9999982959044827,-4.794488315110079,-18.8047062655616,,906.8386079690044,False,False,False,,[]
141,141,142,True,1.0,1.0,141.0,142.0,141.0,142.0,142.0,0.0,62.764416000000004,62.764416000000004,116.07883758304708,0.515015184879303,0.515015184879303,0.0,1.0,0.5777448070972125,0.5776267981810617,0.9999493848790844,0.9499493837356567,0.9999491382938672,0.9999982505330329,0.9999982397359679,0.9999982959044827,0.9999982847953898,-7.797737038586787,-30.587911066312987,,858.683387252122,False,False,False,,[]
142,142,143,True,1.0,1.0,142.0,143.0,142.0,143.0,143.0,0.0,62.764416000000004,62.925350400000006,140.78360910304676,0.5150152444839478,0.5150152444839478,0.0,1.0,0.5776267981810617,0.5774871064809844,0.9999491382938672,0.9499491453170776,0.999948840472269,0.9999982397359679,0.9999982278628632,0.9999982847953898,0.9999982728264567,-9.22978173493966,-36.20808866000952,,838.001070741921,False,False,False,,[]
143,143,144,True,1.0,1.0,143.0,144.0,143.0,144.0,144.0,0.0,62.925350400000006,63.56908800000001,215.06569857384562,0.5150153636932373,0.5150153636932373,0.0,1.0,0.5774871064809844,0.5772856073551301,0.999948840472269,0.9499488472938538,0.9999484220984838,0.9999982278628632,0.9999982152394029,0.9999982728264567,0.9999982597380835,-13.31073969602994,-52.2285734214321,,787.9920490061372,False,False,False,,[]
144,144,145,True,1.0,1.0,144.0,145.0,144.0,145.0,145.0,0.0,63.56908800000001,64.5346944,265.150637669605,0.5150154829025269,0.5150154829025269,0.0,1.0,0.5772856073551301,0.5770366245963988,0.9999484220984838,0.9499484300613403,0.9999479170277462,0.9999982152394029,0.9999982031257996,0.9999982597380835,0.999998241783076,-16.44427991563357,-64.53633106314413,,752.1294042749254,False,False,False,,[]
145,145,146,True,1.0,1.0,145.0,146.0,145.0,146.0,146.0,0.0,64.5346944,65.983104,340.2909355509494,0.5150156021118164,0.5150156021118164,0.0,1.0,0.5770366245963988,0.576712316125747,0.9999479170277462,0.9499478936195374,0.9999472866681128,0.9999982031257996,0.9999981847885319,0.999998241783076,0.9999982224180877,-21.412825864267816,-84.06075559293417,,701.7313938103136,False,False,False,,[]
146,146,147,True,1.0,1.0,146.0,147.0,146.0,147.0,147.0,0.0,65.983104,67.592448,366.5636828378062,0.5150158405303955,0.5150158405303955,0.0,1.0,0.576712316125747,0.5763610247996709,0.9999472866681128,0.9499472975730896,0.9999466154954345,0.9999981847885319,0.9999981685330198,0.9999982224180877,0.9999982027483658,-23.19029111889552,-91.05471171894824,,687.6000412557721,False,False,False,,[]
147,147,148,True,1.0,1.0,147.0,148.0,147.0,148.0,148.0,0.0,67.592448,69.36272640000001,393.05146557371177,0.5150160193443298,0.5150160193443298,0.0,1.0,0.5763610247996709,0.5759802241462004,0.9999466154954345,0.9499465823173523,0.9999459023641698,0.9999981685330198,0.9999981535000687,0.9999982027483658,0.9999981834692825,-25.133449725526123,-98.70352937952937,,672.7547317382089,False,False,False,,[]
148,148,149,True,1.0,1.0,148.0,149.0,148.0,149.0,149.0,0.0,69.36272640000001,70.32833280000001,271.53854387637347,0.5150162577629089,0.5150162577629089,0.0,1.0,0.5759802241462004,0.575704055838876,0.9999459023641698,0.949945867061615,0.9999453502461086,0.9999981535000687,0.9999981394776893,0.9999981834692825,0.9999981658697354,-18.231541310949137,-71.58282525850268,,733.67461732432,False,False,False,,[]
149,149,150,True,1.0,1.0,149.0,150.0,149.0,150.0,150.0,0.0,70.32833280000001,70.9720704,223.247786669198,0.5150163769721985,0.5150163769721985,0.0,1.0,0.575704055838876,0.5754729832309675,0.9999453502461086,0.949945330619812,0.9999448772245251,0.9999981394776893,0.9999981256823268,0.9999981658697354,0.9999981523265863,-15.255699387782268,-59.894019969855286,,765.8649237113653,False,False,False,,[]
150,150,151,True,1.0,1.0,150.0,151.0,150.0,151.0,151.0,0.0,70.9720704,71.2939392,174.5926936762142,0.5150165557861328,0.5150165557861328,0.0,1.0,0.5754729832309675,0.5752875696615866,0.9999448772245251,0.9499448537826538,0.9999444894321075,0.9999981256823268,0.9999981113954822,0.9999981523265863,0.9999981425268561,-12.242470907557333,-48.05919718353288,,801.1027109101136,False,False,False,,[]
151,151,152,True,1.0,1.0,151.0,152.0,151.0,152.0,152.0,0.0,71.2939392,71.4548736,150.2677250272673,0.5150166749954224,0.5150166749954224,0.0,1.0,0.5752875696615866,0.575123410878056,0.9999444894321075,0.9499444961547852,0.9999441429229671,0.9999981113954822,0.9999980975789379,0.9999981425268561,0.9999981320660262,-10.839545399885418,-42.549956691128585,,817.6032785998663,False,False,False,,[]
152,152,153,True,1.0,1.0,152.0,153.0,152.0,153.0,153.0,0.0,71.4548736,71.7767424,175.16304244467958,0.5150167346000671,0.5150167346000671,0.0,1.0,0.575123410878056,0.5749361637485263,0.9999441429229671,0.9499441385269165,0.999943751615262,0.9999980975789379,0.9999980831886806,0.9999981320660262,0.9999981221559991,-12.363029521748558,-48.53445597409097,,799.566197360691,False,False,False,,[]
153,153,154,True,1.0,1.0,153.0,154.0,153.0,154.0,154.0,0.0,71.7767424,71.9376768,150.8406516432698,0.5150169134140015,0.5150169134140015,0.0,1.0,0.5749361637485263,0.5747703660325123,0.999943751615262,0.9499437212944031,0.9999434018885198,0.9999980831886806,0.9999980692608307,0.9999981221559991,0.9999981116410958,-10.947323380183343,-42.974767990813234,,816.1845188346771,False,False,False,,[]
154,154,155,True,1.0,1.0,154.0,155.0,154.0,155.0,155.0,0.0,71.9376768,72.2595456,175.73725798445068,0.5150169730186462,0.5150169730186462,0.0,1.0,0.5747703660325123,0.5745812681760425,0.9999434018885198,0.9499433636665344,0.9999430070401983,0.9999980692608307,0.9999980547672981,0.9999981116410958,0.9999981016140214,-12.484713167614728,-49.01416439697788,,798.0188093873264,False,False,False,,[]
155,155,156,True,1.0,1.0,155.0,156.0,155.0,156.0,156.0,0.0,72.2595456,72.74234880000002,200.82698807058725,0.5150170922279358,0.5150170922279358,0.0,1.0,0.5745812681760425,0.5743660005875468,0.9999430070401983,0.9499430060386658,0.9999425629636878,0.9999980547672981,0.9999980401823325,0.9999981016140214,0.9999980894644745,-14.211013449723119,-55.79735893806423,,777.3572910939184,False,False,False,,[]
156,156,157,True,1.0,1.0,156.0,157.0,156.0,157.0,157.0,0.0,72.74234880000002,73.54702080000001,250.8171912692104,0.5150172710418701,0.5150172710418701,0.0,1.0,0.5743660005875468,0.5740993693113918,0.9999425629636878,0.9499425292015076,0.9999420271248214,0.9999980401823325,0.9999980270024244,0.9999980894644745,0.9999980725566414,-17.598384505958386,-69.11082677938629,,740.5745755040056,False,False,False,,[]
157,157,158,True,1.0,1.0,157.0,158.0,157.0,158.0,158.0,0.0,73.54702080000001,73.8688896,177.67923646538725,0.5150173902511597,0.5150173902511597,0.0,1.0,0.5740993693113918,0.5739039089804858,0.9999420271248214,0.9499419927597046,0.9999416201631098,0.9999980270024244,0.9999980121657668,0.9999980725566414,0.999998062020552,-12.903110321558511,-50.66331777082346,,792.6887154876896,False,False,False,,[]
158,158,159,True,1.0,1.0,158.0,159.0,158.0,159.0,159.0,0.0,73.8688896,74.5126272,227.4823308966584,0.5150175094604492,0.5150175094604492,0.0,1.0,0.5739039089804858,0.5736565023696902,0.9999416201631098,0.9499416351318359,0.9999411178799436,0.9999980121657668,0.9999979978092998,0.999998062020552,0.9999980469695083,-16.32924831445577,-64.12779351820525,,753.5554035878607,False,False,False,,[]
159,159,160,True,1.0,1.0,159.0,160.0,159.0,160.0,160.0,0.0,74.5126272,75.3172992,252.97936089428183,0.5150176882743835,0.5150176882743835,0.0,1.0,0.5736565023696902,0.5733807927564154,0.9999411178799436,0.949941098690033,0.9999405665391555,0.9999979978092998,0.9999979842174628,0.9999980469695083,0.9999980292538834,-18.194868811486895,-71.46393176085091,,734.1329169225351,False,False,False,,[]
160,160,161,True,1.0,1.0,160.0,161.0,160.0,161.0,161.0,0.0,75.3172992,75.4782336,155.16026483958743,0.5150178074836731,0.5150178074836731,0.0,1.0,0.5733807927564154,0.5732035729518715,0.9999405665391555,0.94994056224823,0.9999401945461744,0.9999979842174628,0.9999979694712234,0.9999980292538834,0.999998019251409,-11.698236714068564,-45.93537333777836,,806.9931987963067,False,False,False,,[]
161,161,162,True,1.0,1.0,161.0,162.0,161.0,162.0,162.0,0.0,75.4782336,75.63916800000001,155.36155176842314,0.5150179266929626,0.5150179266929626,0.0,1.0,0.5732035729518715,0.5730258333445375,0.9999401945461744,0.9499402046203613,0.9999398215465433,0.9999979694712234,0.9999979546877272,0.999998019251409,0.9999980092866902,-11.732393872571778,-46.0701062209844,,806.5896533238608,False,False,False,,[]
162,162,163,True,1.0,1.0,162.0,163.0,162.0,163.0,163.0,0.0,75.63916800000001,75.80010240000001,155.56326833850787,0.5150180459022522,0.5150180459022522,0.0,1.0,0.5730258333445375,0.5728475730217139,0.9999398215465433,0.9499397873878479,0.9999394475390817,0.9999979546877272,0.9999979398669722,0.9999980092866902,0.9999979993601792,-11.766610680633537,-46.20507567588286,,806.1861337909612,False,False,False,,[]
163,163,164,True,1.0,1.0,163.0,164.0,163.0,164.0,164.0,0.0,75.80010240000001,76.60477440000001,254.58450062985403,0.5150181651115417,0.5150181651115417,0.0,1.0,0.5728475730217139,0.5725656636244028,0.9999394475390817,0.9499394297599792,0.9999388857417468,0.9999979398669722,0.9999979258567417,0.9999979993601792,0.9999979816733466,-18.601980958060746,-73.07091578304663,,730.0409396342433,False,False,False,,[]
164,164,165,True,1.0,1.0,164.0,165.0,164.0,165.0,165.0,0.0,76.60477440000001,77.0875776,206.19213326543277,0.5150183439254761,0.5150183439254761,0.0,1.0,0.5725656636244028,0.5723313601074397,0.9999388857417468,0.9499388933181763,0.9999384068787419,0.9999979258567417,0.9999979104664214,0.9999979816733466,0.9999979678952149,-15.462140941330341,-60.73147159684269,,762.568112176588,False,False,False,,[]
165,165,166,True,1.0,1.0,165.0,166.0,165.0,166.0,166.0,0.0,77.0875776,77.248512,157.39805132586358,0.5150184631347656,0.5150184631347656,0.0,1.0,0.5723313601074397,0.5721481319069088,0.9999384068787419,0.9499384164810181,0.9999380232858132,0.9999979104664214,0.9999978953103085,0.9999979678952149,0.9999979580912876,-12.09312329228574,-47.4927495775955,,802.2156981542128,False,False,False,,[]
166,166,167,True,1.0,1.0,166.0,167.0,166.0,167.0,167.0,0.0,77.248512,77.248512,132.899292788521,0.5150185823440552,0.5150185823440552,0.0,1.0,0.5721481319069088,0.5719887725781778,0.9999380232858132,0.9499379992485046,0.9999376862312875,0.9999978953103085,0.9999978810745552,0.9999979580912876,0.9999979473849221,-10.518444590297394,-41.30593800708528,,821.0134113381507,False,False,False,,[]
167,167,168,True,1.0,1.0,167.0,168.0,167.0,168.0,168.0,0.0,77.248512,77.0875776,108.19452126852131,0.5150187015533447,0.5150187015533447,0.0,1.0,0.5719887725781778,0.5718555503950461,0.9999376862312875,0.9499377012252808,0.9999374036833036,0.9999978810745552,0.9999978683282648,0.9999979473849221,0.9999979369449232,-8.79399214738984,-34.53118986772922,,844.121721844781,False,False,False,,[]
168,168,169,True,1.0,1.0,168.0,169.0,168.0,169.0,169.0,0.0,77.0875776,76.9266432,107.98850828586227,0.5150187611579895,0.5150187611579895,0.0,1.0,0.5718555503950461,0.5717228262986219,0.9999374036833036,0.9499374032020569,0.9999371223288276,0.9999978683282648,0.9999978556230668,0.9999979369449232,0.9999979265291105,-8.761218066866059,-34.40208579313494,,844.6084658606277,False,False,False,,[]
169,169,170,True,1.0,1.0,169.0,170.0,169.0,170.0,170.0,0.0,76.9266432,76.1219712,8.963838864465272,0.515018880367279,0.515018880367279,0.0,1.0,0.5717228262986219,0.5717117177647245,0.9999371223288276,0.949937105178833,0.9999371014218301,0.9999978556230668,0.9999978551338008,0.9999979265291105,0.9999979249933042,-0.7335716222803504,-2.879331986212074,,985.0039978582679,False,False,False,,[]
170,170,171,True,1.0,1.0,170.0,171.0,170.0,171.0,171.0,0.0,76.1219712,75.1563648,-16.762404743684854,0.515018880367279,0.515018880367279,0.0,1.0,0.5717117177647245,0.5717249367831064,0.9999371014218301,0.949937105178833,0.9999370764913421,0.9999978551338008,0.9999978540485855,0.9999979249933042,0.9999979222779817,0.8730620764234281,3.42636956459376,,1006.9737278847144,False,False,False,,[]
171,171,172,True,1.0,1.0,171.0,172.0,171.0,172.0,172.0,0.0,75.1563648,74.35169280000001,6.730778432012474,0.515018880367279,0.515018880367279,0.0,1.0,0.5717249367831064,0.5717167676380909,0.9999370764913421,0.9499370455741882,0.9999370611606165,0.9999978540485855,0.9999978536897037,0.9999979222779817,0.9999979211374268,-0.5395440026157007,-2.1174423880203848,,988.9224328183288,False,False,False,,[]
172,172,173,True,1.0,1.0,172.0,173.0,172.0,173.0,173.0,0.0,74.35169280000001,73.8688896,55.14247965298978,0.515018880367279,0.515018880367279,0.0,1.0,0.5717167676380909,0.5716534020040068,0.9999370611606165,0.9499370455741882,0.9999369356471105,0.9999978536897037,0.9999978507748525,0.9999979211374268,0.9999979139311924,-4.184602283393108,-16.42437235459731,,920.7780346982171,False,False,False,,[]
173,173,174,True,1.0,1.0,173.0,174.0,173.0,174.0,174.0,0.0,73.8688896,73.54702080000001,79.25370177666228,0.5150189399719238,0.5150189399719238,0.0,1.0,0.5716534020040068,0.5715574536043998,0.9999369356471105,0.9499369263648987,0.999936739438798,0.9999978507748525,0.9999978414171918,0.9999979139311924,0.9999979048617875,-6.3359003375851515,-24.869825178136985,,881.8370952165777,False,False,False,,[]
174,174,175,True,1.0,1.0,174.0,175.0,174.0,175.0,175.0,0.0,73.54702080000001,73.22515200000001,78.86015038538855,0.5150189995765686,0.5150189995765686,0.0,1.0,0.5715574536043998,0.5714622859210591,0.999936739438798,0.9499367475509644,0.999936544975578,0.9999978414171918,0.9999978321184883,0.9999979048617875,0.9999978958200118,-6.284483057585174,-24.667463521928592,,882.6479911670422,False,False,False,,[]
175,175,176,True,1.0,1.0,175.0,176.0,175.0,176.0,176.0,0.0,73.22515200000001,73.0642176,103.17308907914772,0.5150190591812134,0.5150190591812134,0.0,1.0,0.5714622859210591,0.5713408150458716,0.999936544975578,0.9499365091323853,0.9999362902953614,0.9999978321184883,0.9999978203827314,0.9999978958200118,0.9999978857153733,-8.020925637530897,-31.48525084859264,,855.5935297076063,False,False,False,,[]
176,176,177,True,1.0,1.0,176.0,177.0,176.0,177.0,177.0,0.0,73.0642176,72.9032832,102.97781712790979,0.5150191187858582,0.5150191187858582,0.0,1.0,0.5713408150458716,0.571219812405867,0.9999362902953614,0.9499362707138062,0.9999360367130458,0.9999978203827314,0.999997808686641,0.9999978857153733,0.9999978756376569,-7.990077801875271,-31.363884289208404,,856.0656733023364,False,False,False,,[]
177,177,178,True,1.0,1.0,177.0,178.0,177.0,178.0,178.0,0.0,72.9032832,72.42048,53.37343177793131,0.5150191783905029,0.5150191783905029,0.0,1.0,0.571219812405867,0.5711595301893789,0.9999360367130458,0.949936032295227,0.9999359176667519,0.999997808686641,0.9999978059204409,0.9999978756376569,0.9999978686840508,-3.981362458615343,-15.6251505137057,,924.2941598546867,False,False,False,,[]
178,178,179,True,1.0,1.0,178.0,179.0,178.0,179.0,179.0,0.0,72.42048,70.811136,-120.1419179444627,0.5150192379951477,0.5150192379951477,0.0,1.0,0.5711595301893789,0.5712507234410272,0.9999359176667519,0.9499359130859375,0.9999357320478862,0.9999978059204409,0.9999977933675467,0.9999978686840508,0.9999978582255051,6.0259692688994235,23.637290827236352,,1052.2106118674549,False,False,False,,[]
179,179,180,True,1.0,1.0,179.0,180.0,179.0,180.0,180.0,0.0,70.811136,69.36272640000001,-97.3490500174224,0.5150192975997925,0.5150192975997925,0.0,1.0,0.5712507234410272,0.5713209123152065,0.9999357320478862,0.9499357342720032,0.9999355920879136,0.9999977933675467,0.99999778253198,0.9999978582255051,0.9999978483076186,4.638189978725248,18.192956187278703,,1036.741522110897,False,False,False,,[]
180,180,181,True,1.0,1.0,180.0,181.0,180.0,181.0,181.0,0.0,69.36272640000001,67.91431680000001,-99.0330289236256,0.5150193572044373,0.5150193572044373,0.0,1.0,0.5713209123152065,0.5713908550306689,0.9999355920879136,0.9499355554580688,0.9999354526523747,0.99999778253198,0.999997771801645,0.9999978483076186,0.9999978383779935,4.62234069320202,18.129151847840458,,1036.6338110108345,False,False,False,,[]
181,181,182,True,1.0,1.0,181.0,182.0,181.0,182.0,182.0,0.0,67.91431680000001,66.78777600000001,-51.27266384802696,0.5150193572044373,0.5150193572044373,0.0,1.0,0.5713908550306689,0.5714248571892658,0.9999354526523747,0.9499354362487793,0.999935387208665,0.999997771801645,0.99999776600092,0.9999978383779935,0.9999978318283836,2.2470621479817257,8.813359508320307,,1015.3391889488776,False,False,False,,[]
182,182,183,True,1.0,1.0,182.0,183.0,182.0,183.0,183.0,0.0,66.78777600000001,66.78777600000001,120.40210273004786,0.515019416809082,0.515019416809082,0.0,1.0,0.5714248571892658,0.5712968491120172,0.999935387208665,0.9499353766441345,0.9999351171004485,0.99999776600092,0.9999977542807907,0.9999978318283836,0.9999978212330162,-8.455799151032963,-33.17969362285108,,849.3763570156287,False,False,False,,[]
183,183,184,True,1.0,1.0,183.0,184.0,183.0,184.0,184.0,0.0,66.78777600000001,67.7533824,268.6307318500479,0.5150194764137268,0.5150194764137268,0.0,1.0,0.5712968491120172,0.5710343934669891,0.9999351171004485,0.9499350786209106,0.9999345884666755,0.9999977542807907,0.9999977411451516,0.9999978212330162,0.9999978048262732,-17.329512969390457,-68.02850319125982,,743.5710450994503,False,False,False,,[]
184,184,185,True,1.0,1.0,184.0,185.0,184.0,185.0,185.0,0.0,67.7533824,69.0408576,319.117815162214,0.5150195956230164,0.5150195956230164,0.0,1.0,0.5710343934669891,0.570714822798615,0.9999345884666755,0.9499346017837524,0.999933965505284,0.9999977411451516,0.9999977224631977,0.9999978048262732,0.9999977858348741,-21.095584036558517,-82.83271724258432,,704.4534757211819,False,False,False,,[]
185,185,186,True,1.0,1.0,185.0,186.0,185.0,186.0,186.0,0.0,69.0408576,70.00646400000001,271.1690523954889,0.5150198340415955,0.5150198340415955,0.0,1.0,0.570714822798615,0.5704400240680493,0.999933965505284,0.9499339461326599,0.9999334157097342,0.9999977224631977,0.9999977082777038,0.9999977858348741,0.9999977683510826,-18.14108615836087,-71.22783096262296,,734.5123097826372,False,False,False,,[]
186,186,187,True,1.0,1.0,186.0,187.0,186.0,187.0,187.0,0.0,70.00646400000001,70.6502016,222.8731394932274,0.515019953250885,0.515019953250885,0.0,1.0,0.5704400240680493,0.5702103567982437,0.9999334157097342,0.9499334096908569,0.9999329452370787,0.9999977082777038,0.9999976945349995,0.9999977683510826,0.9999977548999075,-15.162867267451558,-59.52975633360416,,766.9250299377916,False,False,False,,[]
187,187,188,True,1.0,1.0,187.0,188.0,187.0,188.0,188.0,0.0,70.6502016,70.16739840000001,50.690751770194346,0.5150201320648193,0.5150201320648193,0.0,1.0,0.5702103567982437,0.570153995454974,0.9999329452370787,0.9499329328536987,0.9999328343598928,0.9999976945349995,0.9999976914801518,0.9999977548999075,0.9999977482865415,-3.7229040805186804,-14.608860175496464,,928.4040120018977,False,False,False,,[]
188,188,189,True,1.0,1.0,188.0,189.0,188.0,189.0,189.0,0.0,70.16739840000001,69.6845952,50.12684762058359,0.5150201320648193,0.5150201320648193,0.0,1.0,0.570153995454974,0.570099204987223,0.9999328343598928,0.9499328136444092,0.999932726738534,0.9999976914801518,0.9999976889800269,0.9999977482865415,0.9999977417696819,-3.6192714295514605,-14.20168924106923,,930.605156753079,False,False,False,,[]
189,189,190,True,1.0,1.0,189.0,190.0,189.0,190.0,190.0,0.0,69.6845952,69.20179200000001,49.56681024228835,0.5150201916694641,0.5150201916694641,0.0,1.0,0.570099204987223,0.5700453715029075,0.999932726738534,0.9499326944351196,0.999932621095863,0.9999976889800269,0.9999976865249034,0.9999977417696819,0.999997735347588,-3.5561768552101163,-13.953639134580126,,931.7276829814638,False,False,False,,[]
190,190,191,True,1.0,1.0,190.0,191.0,190.0,191.0,191.0,0.0,69.20179200000001,69.36272640000001,147.82972571530146,0.5150201916694641,0.5150201916694641,0.0,1.0,0.5700453715029075,0.5698877193929123,0.999932621095863,0.9499326348304749,0.999932287415928,0.9999976865249034,0.9999976731894107,0.999997735347588,0.9999977246824763,-10.411221567729605,-40.863426910758086,,823.031240131646,False,False,False,,[]
191,191,192,True,1.0,1.0,191.0,192.0,191.0,192.0,192.0,0.0,69.36272640000001,69.8455296,197.4242293163725,0.5150203108787537,0.5150203108787537,0.0,1.0,0.5698877193929123,0.5696845278420519,0.999932287415928,0.9499322772026062,0.9999318658588544,0.9999976731894107,0.9999976591594704,0.9999977246824763,0.9999977134846904,-13.416486362780368,-52.66724998300964,,787.0452450510528,False,False,False,,[]
192,192,193,True,1.0,1.0,192.0,193.0,192.0,193.0,193.0,0.0,69.8455296,70.6502016,247.39123188712995,0.5150204300880432,0.5150204300880432,0.0,1.0,0.5696845278420519,0.5694320455418065,0.9999318658588544,0.9499318599700928,0.999931354621882,0.9999976591594704,0.9999976463371004,0.9999977134846904,0.9999976978883757,-16.667938695370232,-65.44341222361676,,750.736839509494,False,False,False,,[]
193,193,194,True,1.0,1.0,193.0,194.0,193.0,194.0,194.0,0.0,70.6502016,71.2939392,223.6241524101921,0.5150206089019775,0.5150206089019775,0.0,1.0,0.5694320455418065,0.5691994025016683,0.999931354621882,0.9499313235282898,0.9999308787577361,0.9999976463371004,0.9999976324894281,0.9999976978883757,0.9999976841103564,-15.35835739080768,-60.301076003810294,,764.6106702201947,False,False,False,,[]
194,194,195,True,1.0,1.0,194.0,195.0,194.0,195.0,195.0,0.0,71.2939392,71.7767424,199.67726806726859,0.5150207281112671,0.5150207281112671,0.0,1.0,0.5691994025016683,0.5689881786363818,0.9999308787577361,0.9499308466911316,0.9999304421836814,0.9999976324894281,0.9999976180880443,0.9999976841103564,0.9999976722606094,-13.94465820625436,-54.7492258822505,,780.5594479178177,False,False,False,,[]
195,195,196,True,1.0,1.0,195.0,196.0,195.0,196.0,196.0,0.0,71.7767424,72.2595456,200.25019468326917,0.5150208473205566,0.5150208473205566,0.0,1.0,0.5689881786363818,0.5687749458983955,0.9999304421836814,0.9499304294586182,0.9999300018776377,0.9999976180880443,0.999997603594688,0.9999976722606094,0.9999976602728092,-14.07671465493425,-55.269925686066166,,778.9712056378455,False,False,False,,[]
196,196,197,True,1.0,1.0,196.0,197.0,196.0,197.0,197.0,0.0,72.2595456,72.0986112,102.00790199058459,0.5150209665298462,0.5150209665298462,0.0,1.0,0.5687749458983955,0.5686560928171238,0.9999300018776377,0.9499300122261047,0.9999297533233213,0.999997603594688,0.9999975920960021,0.9999976602728092,0.9999976501855337,-7.8482431386307745,-30.8067186656096,,858.15218555897,False,False,False,,[]
197,197,198,True,1.0,1.0,197.0,198.0,197.0,198.0,198.0,0.0,72.0986112,71.4548736,27.700893326888714,0.5150210857391357,0.5150210857391357,0.0,1.0,0.5686560928171238,0.5686241757684641,0.9999297533233213,0.9499297142028809,0.9999296920179858,0.9999975920960021,0.9999975903941877,0.9999976501855337,0.9999976461359819,-2.1081763625345817,-8.27289901257513,,958.0389034174384,False,False,False,,[]
198,198,199,True,1.0,1.0,198.0,199.0,198.0,199.0,199.0,0.0,71.4548736,70.6502016,2.229641804679872,0.5150210857391357,0.5150210857391357,0.0,1.0,0.5686241757684641,0.5686215669254133,0.9999296920179858,0.9499296545982361,0.9999296871486275,0.9999975903941877,0.9999975902585909,0.9999976461359819,0.9999976457702229,-0.17234212729597906,-0.6762121187826383,,996.41575838904,False,False,False,,[]
199,199,200,True,1.0,1.0,199.0,200.0,199.0,200.0,200.0,0.0,70.6502016,69.8455296,1.2812087301930295,0.5150210857391357,0.5150210857391357,0.0,1.0,0.5686215669254133,0.5686202731607244,0.9999296871486275,0.9499296545982361,0.9999296847369438,0.9999975902585909,0.9999975901943952,0.9999976457702229,0.9999976456996966,-0.08547215449586572,-0.3353438073682194,,998.3331280268274,False,False,False,,[]
200,200,201,True,1.0,1.0,200.0,201.0,200.0,201.0,201.0,0.0,69.8455296,69.52366080000002,74.4578312471322,0.5150210857391357,0.5150210857391357,0.0,1.0,0.5686202731607244,0.5685339635734403,0.9999296847369438,0.9499296545982361,0.9999295098958166,0.9999975901943952,0.9999975815665642,0.9999976456996966,0.9999976371605128,-5.700797906023096,-22.371445024030056,,892.0919232858469,False,False,False,,[]
201,201,202,True,1.0,1.0,201.0,202.0,201.0,202.0,202.0,0.0,69.52366080000002,69.52366080000002,123.49530495870201,0.5150211453437805,0.5150211453437805,0.0,1.0,0.5685339635734403,0.5683984219487311,0.9999295098958166,0.9499294757843018,0.9999292217755666,0.9999975815665642,0.9999975692033847,0.9999976371605128,0.9999976266751541,-8.951362365790558,-35.13238912463081,,842.3165070011598,False,False,False,,[]
202,202,203,True,1.0,1.0,202.0,203.0,202.0,203.0,203.0,0.0,69.52366080000002,69.36272640000001,98.79053343870038,0.5150212049484253,0.5150212049484253,0.0,1.0,0.5683984219487311,0.5682868851169066,0.9999292217755666,0.9499292373657227,0.9999289901850272,0.9999975692033847,0.9999975583643843,0.9999976266751541,0.999997616751392,-7.36657424976168,-28.910346808930303,,865.4571944161544,False,False,False,,[]
203,203,204,True,1.0,1.0,203.0,204.0,203.0,204.0,204.0,0.0,69.36272640000001,69.20179200000001,98.6051432363738,0.5150213241577148,0.5150213241577148,0.0,1.0,0.5682868851169066,0.5681757913335883,0.9999289901850272,0.9499289989471436,0.9999287596143713,0.9999975583643843,0.9999975475636176,0.999997616751392,0.9999976068576159,-7.3373638459188895,-28.795508636103442,,865.9167773715194,False,False,False,,[]
204,204,205,True,1.0,1.0,204.0,205.0,204.0,205.0,205.0,0.0,69.20179200000001,69.20179200000001,123.12495419530178,0.5150213837623596,0.5150213837623596,0.0,1.0,0.5681757913335883,0.5680410276614811,0.9999287596143713,0.9499287605285645,0.9999284733657431,0.9999975475636176,0.9999975352766937,0.9999976068576159,0.9999975962490162,-8.900064319064608,-34.930743810172494,,842.9684212799175,False,False,False,,[]
205,205,206,True,1.0,1.0,205.0,206.0,205.0,206.0,206.0,0.0,69.20179200000001,69.36272640000001,147.82972571530146,0.5150214433670044,0.5150214433670044,0.0,1.0,0.5680410276614811,0.5678833700907476,0.9999284733657431,0.9499284625053406,0.9999281396750045,0.9999975352766937,0.9999975219411894,0.9999975962490162,0.9999975855838974,-10.411222844759198,-40.86484233411625,,823.0267967107126,False,False,False,,[]
206,206,207,True,1.0,1.0,206.0,207.0,206.0,207.0,207.0,0.0,69.36272640000001,69.8455296,197.4242293163725,0.515021562576294,0.515021562576294,0.0,1.0,0.5678833700907476,0.5676801716303869,0.9999281396750045,0.9499281048774719,0.9999277181049484,0.9999975219411894,0.9999975079112523,0.9999975855838974,0.999997574386151,-13.416483267838075,-52.66904092552193,,787.0401873497008,False,False,False,,[]
207,207,208,True,1.0,1.0,207.0,208.0,207.0,208.0,208.0,0.0,69.8455296,70.6502016,247.39123188712995,0.5150216817855835,0.5150216817855835,0.0,1.0,0.5676801716303869,0.5674276808408231,0.9999277181049484,0.9499276876449585,0.9999272068530566,0.9999975079112523,0.9999974950889104,0.999997574386151,0.9999975587898945,-16.667932680135493,-65.44561265493779,,750.731262674927,False,False,False,,[]
208,208,209,True,1.0,1.0,208.0,209.0,208.0,209.0,209.0,0.0,70.6502016,70.811136,149.50983785019304,0.5150218605995178,0.5150218605995178,0.0,1.0,0.5674276808408231,0.5672656792334273,0.9999272068530566,0.9499272108078003,0.9999268645874985,0.9999974950889104,0.99999748142057,0.9999975587898945,0.9999975484022902,-10.696856353501072,-41.99081663697811,,819.4812941058365,False,False,False,,[]
209,209,210,True,1.0,1.0,209.0,210.0,209.0,210.0,210.0,0.0,70.811136,70.00646400000001,1.4700360625782787,0.5150219202041626,0.5150219202041626,0.0,1.0,0.5672656792334273,0.567264173910138,0.9999268645874985,0.9499268531799316,0.9999268617808713,0.99999748142057,0.9999974813319789,0.9999975484022902,0.9999975483211843,-0.09944443287385582,-0.3901797965920284,,998.0481341920091,False,False,False,,[]
210,210,211,True,1.0,1.0,210.0,211.0,210.0,211.0,211.0,0.0,70.00646400000001,68.5580544,-98.28889026677236,0.5150219202041626,0.5150219202041626,0.0,1.0,0.567264173910138,0.5673342753952357,0.9999268617808713,0.9499268531799316,0.9999267220071065,0.9999974813319789,0.9999974705536404,0.9999975483211843,0.9999975384394321,4.632334229520438,18.170304937335175,,1036.7679574864728,False,False,False,,[]
211,211,212,True,1.0,1.0,211.0,212.0,211.0,212.0,212.0,0.0,68.5580544,66.78777600000001,-149.36307835641685,0.5150219798088074,0.5150219798088074,0.0,1.0,0.5673342753952357,0.5674442132394384,0.9999267220071065,0.9499267339706421,0.9999264940934302,0.9999974705536404,0.9999974574806244,0.9999975384394321,0.9999975277381267,7.266306097385881,28.49588921733467,,1067.6599094443395,False,False,False,,[]
212,212,213,True,1.0,1.0,212.0,213.0,212.0,213.0,213.0,0.0,66.78777600000001,65.5003008,-77.23606942995153,0.5150220394134521,0.5150220394134521,0.0,1.0,0.5674442132394384,0.5674940267968295,0.9999264940934302,0.949926495552063,0.9999263967231209,0.9999974574806244,0.9999974487850646,0.9999975277381267,0.9999975175743625,3.2921323424939004,12.911674075779032,,1021.67713054147,False,False,False,,[]
213,213,214,True,1.0,1.0,213.0,214.0,213.0,214.0,214.0,0.0,65.5003008,64.37376,-53.94395836245754,0.5150220990180969,0.5150220990180969,0.0,1.0,0.5674940267968295,0.5675274522233204,0.9999263967231209,0.9499263763427734,0.99992633242573,0.9999974487850646,0.9999974427551659,0.9999975175743625,0.9999975097717368,2.2091094326099903,8.66387054642356,,1013.3387431076084,False,False,False,,[]
214,214,215,True,1.0,1.0,214.0,215.0,214.0,215.0,215.0,0.0,64.37376,64.37376,117.77592054758404,0.5150220990180969,0.5150220990180969,0.0,1.0,0.5675274522233204,0.56740512887711,0.99992633242573,0.9499263167381287,0.9999260757442229,0.9999974427551659,0.9999974315921848,0.9999975097717368,0.9999974985377986,-8.081004781085973,-31.70621133772641,,854.4172055358392,False,False,False,,[]
215,215,216,True,1.0,1.0,215.0,216.0,215.0,216.0,216.0,0.0,64.37376,64.8565632,191.89023510758108,0.5150221586227417,0.5150221586227417,0.0,1.0,0.56740512887711,0.5672132954781325,0.9999260757442229,0.9499260783195496,0.9999256756765796,0.9999974315921848,0.9999974185440926,0.9999974985377986,0.999997481050454,-12.670158131700006,-49.723217014968306,,792.1572628396908,False,False,False,,[]
216,216,217,True,1.0,1.0,216.0,217.0,216.0,217.0,217.0,0.0,64.8565632,65.983104,291.2268240814553,0.5150222778320312,0.5150222778320312,0.0,1.0,0.5672132954781325,0.5669349995230285,0.9999256756765796,0.9499256610870361,0.999925119960732,0.9999974185440926,0.9999974036217124,0.999997481050454,0.9999974634297492,-18.375130726570116,-72.13431156294574,,731.8444263485462,False,False,False,,[]
217,217,218,True,1.0,1.0,217.0,218.0,217.0,218.0,218.0,0.0,65.983104,67.592448,366.5636828378062,0.5150224566459656,0.5150224566459656,0.0,1.0,0.5669349995230285,0.5665836706823327,0.999925119960732,0.9499251246452332,0.9999244487329081,0.9999974036217124,0.9999973873664707,0.9999974634297492,0.9999974437600555,-23.190269334686956,-91.06443550833426,,687.579839068792,False,False,False,,[]
218,218,219,True,1.0,1.0,218.0,219.0,218.0,219.0,219.0,0.0,67.592448,68.7189888,294.2323794937111,0.5150226950645447,0.5150226950645447,0.0,1.0,0.5665836706823327,0.5662901606616763,0.9999244487329081,0.9499244093894958,0.9999238676590249,0.9999973873664707,0.9999973712135394,0.9999974437600555,0.9999974252225253,-19.37536575032553,-76.07779735415703,,721.3404910205963,False,False,False,,[]
219,219,220,True,1.0,1.0,219.0,220.0,219.0,220.0,220.0,0.0,68.7189888,69.36272640000001,221.39173643962846,0.5150228142738342,0.5150228142738342,0.0,1.0,0.5662901606616763,0.5660661480102839,0.9999238676590249,0.9499238729476929,0.9999234074916625,0.9999973712135394,0.9999973576838012,0.9999974252225253,0.9999974122081391,-14.789802461188396,-58.06407924091394,,771.2636350225397,False,False,False,,[]
220,220,221,True,1.0,1.0,220.0,221.0,220.0,221.0,221.0,0.0,69.36272640000001,69.52366080000002,148.01468627637513,0.5150229930877686,0.5150229930877686,0.0,1.0,0.5660661480102839,0.565907950171507,0.9999234074916625,0.9499233961105347,0.9999230727323559,0.9999973576838012,0.9999973443113559,0.9999974122081391,0.9999974015217032,-10.446285594621298,-41.00487981096348,,822.549266526496,False,False,False,,[]
221,221,222,True,1.0,1.0,221.0,222.0,221.0,222.0,222.0,0.0,69.52366080000002,69.8455296,172.9048479986994,0.5150231122970581,0.5150231122970581,0.0,1.0,0.565907950171507,0.5657275523975228,0.9999230727323559,0.949923038482666,0.9999226945940949,0.9999973443113559,0.9999973303354488,0.9999974015217032,0.9999973916513623,-11.91121766290833,-46.75910301667929,,805.1154794998095,False,False,False,,[]
222,222,223,True,1.0,1.0,222.0,223.0,222.0,223.0,223.0,0.0,69.8455296,70.6502016,247.39123188712995,0.5150231719017029,0.5150231719017029,0.0,1.0,0.5657275523975228,0.5654750501263512,0.9999226945940949,0.9499226808547974,0.9999221833220251,0.9999973303354488,0.9999973175131404,0.9999973916513623,0.999997376055175,-16.66792551912787,-65.44858868766269,,750.7237124000113,False,False,False,,[]
223,223,224,True,1.0,1.0,223.0,224.0,223.0,224.0,224.0,0.0,70.6502016,71.2939392,223.6241524101921,0.5150233507156372,0.5150233507156372,0.0,1.0,0.5654750501263512,0.5652423888121038,0.9999221833220251,0.9499221444129944,0.9999217074248383,0.9999973175131404,0.9999973036655013,0.999997376055175,0.9999973622772337,-15.358349362144724,-60.305812652955176,,764.5981202113244,False,False,False,,[]
224,224,225,True,1.0,1.0,224.0,225.0,224.0,225.0,225.0,0.0,71.2939392,71.9376768,224.38203958726825,0.5150234699249268,0.5150234699249268,0.0,1.0,0.5652423888121038,0.5650068706681491,0.9999217074248383,0.9499216675758362,0.9999212263725586,0.9999973036655013,0.9999972897139232,0.9999973622772337,0.999997348305264,-15.546119655095637,-61.04630291302314,,762.4584259677953,False,False,False,,[]
225,225,226,True,1.0,1.0,225.0,226.0,225.0,226.0,226.0,0.0,71.9376768,72.58141440000001,225.14680102445396,0.5150236487388611,0.5150236487388611,0.0,1.0,0.5650068706681491,0.5647683881008103,0.9999212263725586,0.949921190738678,0.9999207399926983,0.9999972897139232,0.9999972756594714,0.999997348305264,0.9999973340509857,-15.74096446124355,-61.814681454220114,,760.2081028085355,False,False,False,,[]
226,226,227,True,1.0,1.0,226.0,227.0,226.0,227.0,227.0,0.0,72.58141440000001,73.0642176,201.21366520174368,0.5150237679481506,0.5150237679481506,0.0,1.0,0.5647683881008103,0.5645517493600466,0.9999207399926983,0.9499207139015198,0.9999202933810948,0.9999972756594714,0.9999972610136845,0.9999973340509857,0.9999973218145175,-14.299531410661686,-56.15276160596288,,776.287728553726,False,False,False,,[]
227,227,228,True,1.0,1.0,227.0,228.0,227.0,228.0,228.0,0.0,73.0642176,73.7079552,226.50167472791014,0.5150238871574402,0.5150238871574402,0.0,1.0,0.5645517493600466,0.5643080766386313,0.9999202933810948,0.9499202966690063,0.9999197977272257,0.9999972610136845,0.9999972467818584,0.9999973218145175,0.9999973071071103,-16.082039776507624,-63.15996939086917,,756.328193330875,False,False,False,,[]
228,228,229,True,1.0,1.0,228.0,229.0,228.0,229.0,229.0,0.0,73.7079552,74.834496,301.39965494039603,0.5150240659713745,0.5150240659713745,0.0,1.0,0.5643080766386313,0.5639814492133862,0.9999197977272257,0.9499197602272034,0.9999191637713292,0.9999972467818584,0.9999972276216362,0.9999973071071103,0.9999972889119305,-21.550337222793036,-84.66182862350486,,700.5850643136597,False,False,False,,[]
229,229,230,True,1.0,1.0,229.0,230.0,229.0,230.0,230.0,0.0,74.834496,75.4782336,228.67329646063217,0.5150242447853088,0.5150242447853088,0.0,1.0,0.5639814492133862,0.5637293815482665,0.9999191637713292,0.9499191641807556,0.9999186532632834,0.9999972276216362,0.9999972131182719,0.9999972889119305,0.9999972733707971,-16.633618513919522,-65.3359387990529,,750.0958431063837,False,False,False,,[]
230,230,231,True,1.0,1.0,230.0,231.0,230.0,231.0,231.0,0.0,75.4782336,75.96103680000002,204.7710948084225,0.5150244235992432,0.5150244235992432,0.0,1.0,0.5637293815482665,0.5635000828253369,0.9999186532632834,0.9499186277389526,0.9999181834598887,0.9999972131182719,0.99999719793325,0.9999972733707971,0.9999972600268581,-15.131540411010244,-59.434228983328076,,766.3962683286345,False,False,False,,[]
231,231,232,True,1.0,1.0,231.0,232.0,231.0,232.0,232.0,0.0,75.96103680000002,76.2829056,180.67276192245535,0.5150245428085327,0.5150245428085327,0.0,1.0,0.5635000828253369,0.5632949421603184,0.9999181834598887,0.9499181509017944,0.9999177582449479,0.99999719793325,0.9999971825858179,0.9999972600268581,0.9999972488408099,-13.537915303184125,-53.17246037281067,,784.808838672192,False,False,False,,[]
232,232,233,True,1.0,1.0,232.0,233.0,232.0,233.0,233.0,0.0,76.2829056,76.1219712,106.9648879914315,0.5150246620178223,0.5150246620178223,0.0,1.0,0.5632949421603184,0.5631645572880352,0.9999177582449479,0.949917733669281,0.999917482481041,0.9999971825858179,0.9999971700851848,0.9999972488408099,0.9999972384434929,-8.606368922276316,-33.795758895802095,,846.8410026644109,False,False,False,,[]
233,233,234,True,1.0,1.0,233.0,234.0,233.0,234.0,234.0,0.0,76.1219712,76.1219712,131.46622437631515,0.5150247812271118,0.5150247812271118,0.0,1.0,0.5631645572880352,0.5630088944932501,0.999917482481041,0.9499174952507019,0.9999171527408448,0.9999971700851848,0.9999971561269521,0.9999972384434929,0.9999972278206306,-10.27418397947192,-40.34779640828528,,824.2542351314672,False,False,False,,[]
234,234,235,True,1.0,1.0,234.0,235.0,234.0,235.0,235.0,0.0,76.1219712,75.96103680000002,106.76145285631549,0.5150248408317566,0.5150248408317566,0.0,1.0,0.5630088944932501,0.5628789735100662,0.9999171527408448,0.9499171376228333,0.9999168780827332,0.9999971561269521,0.9999971436670818,0.9999972278206306,0.9999972174247161,-8.575839695897525,-33.67551884124964,,847.2834464278496,False,False,False,,[]
235,235,236,True,1.0,1.0,235.0,236.0,235.0,236.0,236.0,0.0,75.96103680000002,75.96103680000002,131.263218882456,0.5150249600410461,0.5150249600410461,0.0,1.0,0.5628789735100662,0.5627238434567803,0.9999168780827332,0.9499168395996094,0.9999165493989769,0.9999971436670818,0.9999971297483938,0.9999972174247161,0.9999972068208293,-10.239130894628946,-40.209709811701686,,824.727981523017,False,False,False,,[]
236,236,237,True,1.0,1.0,236.0,237.0,236.0,237.0,237.0,0.0,75.96103680000002,75.96103680000002,131.263218882456,0.5150250196456909,0.5150250196456909,0.0,1.0,0.5627238434567803,0.5625687132308175,0.9999165493989769,0.9499165415763855,0.9999162207148781,0.9999971297483938,0.9999971158297052,0.9999972068208293,0.999997196216942,-10.239130968285346,-40.209754569554164,,824.7278400964069,False,False,False,,[]
237,237,238,True,1.0,1.0,237.0,238.0,237.0,238.0,238.0,0.0,75.96103680000002,75.80010240000001,106.55844736245632,0.5150251388549805,0.5150251388549805,0.0,1.0,0.5625687132308175,0.5624392548504773,0.9999162207148781,0.9499161839485168,0.999915947158553,0.9999971158297052,0.9999971034105405,0.999997196216942,0.9999971858226577,-8.54538301692945,-33.555612184171984,,847.7252627037103,False,False,False,,[]
238,238,239,True,1.0,1.0,238.0,239.0,238.0,239.0,239.0,0.0,75.80010240000001,75.63916800000001,106.35587150985398,0.5150251984596252,0.5150251984596252,0.0,1.0,0.5624392548504773,0.5623102582386578,0.999915947158553,0.9499159455299377,0.9999156747010892,0.9999971034105405,0.9999970910320289,0.9999971858226577,0.9999971754302269,-8.514998553350079,-33.435921783608954,,848.1668523412956,False,False,False,,[]
239,239,240,True,1.0,1.0,239.0,240.0,239.0,240.0,240.0,0.0,75.63916800000001,75.63916800000001,130.8584968185082,0.5150253176689148,0.5150253176689148,0.0,1.0,0.5623102582386578,0.5621561899817527,0.9999156747010892,0.9499156475067139,0.9999153481246249,0.9999970910320289,0.999997077192345,0.9999971754302269,0.9999971648645396,-10.169259258553305,-39.9344921897919,,825.6743269361485,False,False,False,,[]
240,240,241,True,1.0,1.0,240.0,241.0,240.0,241.0,241.0,0.0,75.63916800000001,75.4782336,106.1537252985046,0.5150253772735596,0.5150253772735596,0.0,1.0,0.5621561899817527,0.562027653850486,0.9999153481246249,0.94991534948349,0.9999150767620244,0.999997077192345,0.9999970648544287,0.9999971648645396,0.9999971544741868,-8.484686463027659,-33.316565224316534,,848.6078068671147,False,False,False,,[]
241,241,242,True,1.0,1.0,241.0,242.0,241.0,242.0,242.0,0.0,75.4782336,75.3172992,105.95200872841986,0.5150254964828491,0.5150254964828491,0.0,1.0,0.562027653850486,0.5618995772481694,0.9999150767620244,0.9499150514602661,0.9999148064910967,0.9999970648544287,0.9999970525570524,0.9999971544741868,0.9999971440861335,-8.454446536950778,-33.197455320463995,,849.0484238619011,False,False,False,,[]
242,242,243,True,1.0,1.0,242.0,243.0,242.0,243.0,243.0,0.0,75.3172992,75.4782336,155.16026483958743,0.5150255560874939,0.5150255560874939,0.0,1.0,0.5618995772481694,0.5617223344596236,0.9999148064910967,0.949914813041687,0.9999144344535924,0.9999970525570524,0.999997037810746,0.9999971440861335,0.9999971340835874,-11.698245193876678,-45.941330791067465,,806.9752412448521,False,False,False,,[]
243,243,244,True,1.0,1.0,243.0,244.0,243.0,244.0,244.0,0.0,75.4782336,75.63916800000001,155.36155176842314,0.5150256752967834,0.5150256752967834,0.0,1.0,0.5617223344596236,0.561544571751334,0.9999144344535924,0.9499143958091736,0.9999140614092374,0.999997037810746,0.999997023027183,0.9999971340835874,0.9999971241187953,-11.732402419865316,-46.076093988676256,,806.5716236520547,False,False,False,,[]
244,244,245,True,1.0,1.0,244.0,245.0,244.0,245.0,245.0,0.0,75.63916800000001,75.96103680000002,180.26803985850756,0.515025794506073,0.515025794506073,0.0,1.0,0.561544571751334,0.5613407282694622,0.9999140614092374,0.9499140381813049,0.9999136386277143,0.999997023027183,0.9999970077475349,0.9999971241187953,0.9999971130158855,-13.452476839435633,-52.83623050115327,,785.8520279996319,False,False,False,,[]
245,245,246,True,1.0,1.0,245.0,246.0,245.0,246.0,246.0,0.0,75.96103680000002,76.44384000000001,205.37753344245505,0.5150259137153625,0.5150259137153625,0.0,1.0,0.5613407282694622,0.5611092786700939,0.9999136386277143,0.9499136209487915,0.9999131649231974,0.9999970077475349,0.9999969924742276,0.9999971130158855,0.9999970994875151,-15.272641328583452,-59.99173615627053,,764.7471574395593,False,False,False,,[]
246,246,247,True,1.0,1.0,246.0,247.0,246.0,247.0,247.0,0.0,76.44384000000001,77.0875776,230.6926103678047,0.5150260329246521,0.5150260329246521,0.0,1.0,0.5611092786700939,0.5608494347198555,0.9999131649231974,0.9499131441116333,0.9999126408196384,0.9999969924742276,0.9999969777321736,0.9999970994875151,0.9999970831722292,-17.144176747768324,-67.35155190178206,,744.4288917862146,False,False,False,,[]
247,247,248,True,1.0,1.0,247.0,248.0,247.0,248.0,248.0,0.0,77.0875776,77.248512,157.39805132586358,0.5150262117385864,0.5150262117385864,0.0,1.0,0.5608494347198555,0.5606661823440795,0.9999126408196384,0.9499126076698303,0.9999122571801959,0.9999969777321736,0.9999969625759956,0.9999970831722292,0.999997073368159,-12.093136027827855,-47.49901580113154,,802.1970133987926,False,False,False,,[]
248,248,249,True,1.0,1.0,248.0,249.0,248.0,249.0,249.0,0.0,77.248512,77.248512,132.899292788521,0.515026330947876,0.515026330947876,0.0,1.0,0.5606661823440795,0.5605068020142038,0.9999122571801959,0.9499122500419617,0.9999119200841955,0.9999969625759956,0.9999969483401444,0.999997073368159,0.999997062661787,-10.518451995166263,-41.31138150378613,,820.9963895108119,False,False,False,,[]
249,249,250,True,1.0,1.0,249.0,250.0,249.0,250.0,250.0,0.0,77.248512,77.248512,132.899292788521,0.5150264501571655,0.5150264501571655,0.0,1.0,0.5605068020142038,0.5603474215420818,0.9999119200841955,0.949911892414093,0.9999115829879142,0.9999969483401444,0.9999969341042918,0.999997062661787,0.9999970519554149,-10.518452109082443,-41.31141837400455,,820.9962736514996,False,False,False,,[]
250,250,251,True,1.0,1.0,250.0,251.0,250.0,251.0,251.0,0.0,77.248512,77.248512,132.899292788521,0.5150265097618103,0.5150265097618103,0.0,1.0,0.5603474215420818,0.560188040924338,0.9999115829879142,0.9499115943908691,0.9999112458913453,0.9999969341042918,0.9999969198684384,0.9999970519554149,0.9999970412490428,-10.518452166040474,-41.31145611918071,,820.996155591759,False,False,False,,[]
251,251,252,True,1.0,1.0,251.0,252.0,251.0,252.0,252.0,0.0,77.248512,77.248512,132.899292788521,0.5150266289710999,0.5150266289710999,0.0,1.0,0.560188040924338,0.5600286601559921,0.9999112458913453,0.9499112367630005,0.999910908794479,0.9999969198684384,0.9999969056325835,0.9999970412490428,0.9999970305426705,-10.518452279956431,-41.31149515527091,,820.9960329104497,False,False,False,,[]
252,252,253,True,1.0,1.0,252.0,253.0,252.0,253.0,253.0,0.0,77.248512,77.40944640000001,157.60406430852066,0.5150267481803894,0.5150267481803894,0.0,1.0,0.5600286601559921,0.5598448262045531,0.999910908794479,0.9499108791351318,0.9999105240364605,0.9999969056325835,0.999996890439143,0.9999970305426705,0.9999970207299081,-12.131310391884698,-47.64976021298418,,801.7214844832567,False,False,False,,[]
253,253,254,True,1.0,1.0,253.0,254.0,253.0,254.0,254.0,0.0,77.40944640000001,77.57038080000001,157.81050693243657,0.515026867389679,0.515026867389679,0.0,1.0,0.5598448262045531,0.5596604101937072,0.9999105240364605,0.9499105215072632,0.9999101381596821,0.999996890439143,0.9999968752084454,0.9999970207299081,0.9999970109085994,-12.16955886570289,-47.800630011269526,,801.246293710488,False,False,False,,[]
254,254,255,True,1.0,1.0,254.0,255.0,254.0,255.0,255.0,0.0,77.57038080000001,77.57038080000001,133.3126076776057,0.5150269865989685,0.5150269865989685,0.0,1.0,0.5596604101937072,0.5595000080219173,0.9999101381596821,0.9499101042747498,0.999909799046764,0.9999968752084454,0.9999968608930345,0.9999970109085994,0.9999970002273663,-10.585573429896879,-41.57624292792933,,820.1359061880296,False,False,False,,[]
255,255,256,True,1.0,1.0,255.0,256.0,255.0,256.0,256.0,0.0,77.57038080000001,77.40944640000001,108.60783615760407,0.5150270462036133,0.5150270462036133,0.0,1.0,0.5595000080219173,0.5593657757844338,0.999909799046764,0.9499098062515259,0.9999095140751357,0.9999968608930345,0.9999968480642724,0.9999970002273663,0.9999969897466439,-8.85923949735485,-34.7929959557249,,843.1426766442379,False,False,False,,[]
256,256,257,True,1.0,1.0,256.0,257.0,256.0,257.0,257.0,0.0,77.40944640000001,78.2141184,256.6295930124353,0.5150271654129028,0.5150271654129028,0.0,1.0,0.5593657757844338,0.5590762289913553,0.9999095140751357,0.949909508228302,0.9999089395440878,0.9999968480642724,0.9999968335154135,0.9999969897466439,0.9999969723799226,-19.100728455536917,-75.05052876595184,,725.207611283009,False,False,False,,[]
257,257,258,True,1.0,1.0,257.0,258.0,257.0,258.0,258.0,0.0,78.2141184,78.6969216,208.25870771085624,0.5150273442268372,0.5150273442268372,0.0,1.0,0.5590762289913553,0.5588344478844703,0.9999089395440878,0.9499089121818542,0.9999084472623034,0.9999968335154135,0.9999968178367168,0.9999969723799226,0.9999969578315819,-15.9512382323409,-62.6696629045948,,756.8668699666893,False,False,False,,[]
258,258,259,True,1.0,1.0,258.0,259.0,258.0,259.0,259.0,0.0,78.6969216,79.01879040000001,184.18228652899407,0.5150274634361267,0.5150274634361267,0.0,1.0,0.5588344478844703,0.5586177515767894,0.9999084472623034,0.949908435344696,0.9999080005443644,0.9999968178367168,0.9999968019177193,0.9999969578315819,0.9999969456401849,-14.296931827139728,-56.167682950897856,,775.5073101772246,False,False,False,,[]
259,259,260,True,1.0,1.0,259.0,260.0,259.0,260.0,260.0,0.0,79.01879040000001,79.01879040000001,135.19379192070065,0.5150275826454163,0.5150275826454163,0.0,1.0,0.5586177515767894,0.558452701214429,0.9999080005443644,0.9499080181121826,0.9999076522841519,0.9999968019177193,0.9999967872431138,0.9999969456401849,0.9999969350874962,-10.891020370390573,-42.781053923815286,,816.2574466742059,False,False,False,,[]
260,260,261,True,1.0,1.0,260.0,261.0,260.0,261.0,261.0,0.0,79.01879040000001,79.01879040000001,135.19379192070065,0.5150277018547058,0.5150277018547058,0.0,1.0,0.558452701214429,0.558287650782814,0.9999076522841519,0.949907660484314,0.9999073040238035,0.9999967872431138,0.9999967725685067,0.9999969350874962,0.9999969245348073,-10.891020493920442,-42.78107187463232,,816.2573902863859,False,False,False,,[]
261,261,262,True,1.0,1.0,261.0,262.0,261.0,262.0,262.0,0.0,79.01879040000001,79.01879040000001,135.19379192070065,0.5150278210639954,0.5150278210639954,0.0,1.0,0.558287650782814,0.5581226002751418,0.9999073040238035,0.9499073028564453,0.9999069557633057,0.9999967725685067,0.9999967578938982,0.9999969245348073,0.999996913982118,-10.89102061745015,-42.78109158862219,,816.257328478682,False,False,False,,[]
262,262,263,True,1.0,1.0,262.0,263.0,262.0,263.0,263.0,0.0,79.01879040000001,79.01879040000001,135.19379192070065,0.5150279402732849,0.5150279402732849,0.0,1.0,0.5581226002751418,0.5579575496848022,0.9999069557633057,0.9499069452285767,0.9999066075026456,0.9999967578938982,0.9999967432192881,0.999996913982118,0.9999969034294284,-10.89102074097971,-42.78111301604231,,816.2572613271392,False,False,False,,[]
263,263,264,True,1.0,1.0,263.0,264.0,263.0,264.0,264.0,0.0,79.01879040000001,78.857856,110.489020400699,0.5150279998779297,0.5150279998779297,0.0,1.0,0.5579575496848022,0.5578189562694746,0.9999066075026456,0.949906587600708,0.9999063120143621,0.9999967432192881,0.9999967300173468,0.9999969034294284,0.9999968929164774,-9.145977655999992,-35.923413252901575,,839.0267338564139,False,False,False,,[]
264,264,265,True,1.0,1.0,264.0,265.0,264.0,265.0,265.0,0.0,78.857856,78.6969216,110.27828136421859,0.5150281190872192,0.5150281190872192,0.0,1.0,0.5578189562694746,0.5576808519166873,0.9999063120143621,0.9499062895774841,0.9999060177096242,0.9999967300173468,0.9999967168570726,0.9999968929164774,0.9999968824062645,-9.113816164228405,-35.79664824249379,,839.4858455508418,False,False,False,,[]
265,265,266,True,1.0,1.0,265.0,266.0,265.0,266.0,266.0,0.0,78.6969216,77.57038080000001,-38.16065715100502,0.515028178691864,0.515028178691864,0.0,1.0,0.5576808519166873,0.5577124951091073,0.9999060177096242,0.9499059915542603,0.9999059569465846,0.9999967168570726,0.9999967143049905,0.9999968824062645,0.9999968767055383,2.089346266507981,8.201915475265857,,1017.6191393245539,False,False,False,,[]
266,266,267,True,1.0,1.0,266.0,267.0,266.0,267.0,267.0,0.0,77.57038080000001,76.76570880000001,9.788750077605354,0.5150282382965088,0.5150282382965088,0.0,1.0,0.5577124951091073,0.557700272324469,0.9999059569465846,0.9499059319496155,0.9999059339174045,0.9999967143049905,0.9999967137661947,0.9999968767055383,0.9999968750220972,-0.8070120418433497,-3.168145778261995,,983.5279336808376,False,False,False,,[]
267,267,268,True,1.0,1.0,267.0,268.0,267.0,268.0,268.0,0.0,76.76570880000001,76.44384000000001,82.87299972431897,0.5150282382965088,0.5150282382965088,0.0,1.0,0.557700272324469,0.5575969733007742,0.9999059339174045,0.9499059319496155,0.9999057211530634,0.9999967137661947,0.9999967038741135,0.9999968750220972,0.9999968656401133,-6.818803488878095,-26.77510694169424,,874.2408681933102,False,False,False,,[]
268,268,269,True,1.0,1.0,268.0,269.0,268.0,269.0,269.0,0.0,76.44384000000001,75.96103680000002,57.759209727805,0.5150282979011536,0.5150282979011536,0.0,1.0,0.5575969733007742,0.5575289965109029,0.9999057211530634,0.9499056935310364,0.999905585897105,0.9999967038741135,0.999996700734692,0.9999968656401133,0.9999968580981116,-4.487765847939752,-17.61958393463524,,915.5967995923774,False,False,False,,[]
269,269,270,True,1.0,1.0,269.0,270.0,269.0,270.0,270.0,0.0,75.96103680000002,75.1563648,7.73936128245565,0.5150283575057983,0.5150283575057983,0.0,1.0,0.5575289965109029,0.5575195119451777,0.999905585897105,0.9499055743217468,0.9999055680748596,0.999996700734692,0.9999967003175834,0.9999968580981116,0.9999968567799183,-0.6263003048573456,-2.458399435995269,,987.1647923902212,False,False,False,,[]
270,270,271,True,1.0,1.0,270.0,271.0,270.0,271.0,271.0,0.0,75.1563648,74.35169280000001,6.730778432012474,0.5150283575057983,0.5150283575057983,0.0,1.0,0.5575195119451777,0.5575113417390057,0.9999055680748596,0.9499055743217468,0.9999055527421268,0.9999967003175834,0.9999966999586949,0.9999968567799183,0.999996855639385,-0.5395428831105646,-2.1177174397780987,,988.9212132867136,False,False,False,,[]
271,271,272,True,1.0,1.0,271.0,272.0,271.0,272.0,272.0,0.0,74.35169280000001,74.029824,79.8472511729914,0.5150283575057983,0.5150283575057983,0.0,1.0,0.5575113417390057,0.5574141936898547,0.9999055527421268,0.949905514717102,0.9999053538473264,0.9999966999586949,0.9999966905122533,0.999996855639385,0.9999968465241174,-6.4140254131245555,-25.18077433994713,,880.5923481818284,False,False,False,,[]
272,272,273,True,1.0,1.0,272.0,273.0,272.0,273.0,273.0,0.0,74.029824,73.7079552,79.45112193417856,0.5150284171104431,0.5150284171104431,0.0,1.0,0.5574141936898547,0.5573178398734874,0.9999053538473264,0.9499053359031677,0.999905156731801,0.9999966905122533,0.9999966811249,0.9999968465241174,0.999996837441212,-6.36172443944002,-24.974909202410895,,881.417890992484,False,False,False,,[]
273,273,274,True,1.0,1.0,273.0,274.0,273.0,274.0,274.0,0.0,73.7079552,73.38608640000001,79.05671126039698,0.5150284767150879,0.5150284767150879,0.0,1.0,0.5573178398734874,0.5572222690016864,0.999905156731801,0.9499051570892334,0.9999049613676745,0.9999966811249,0.9999966717965492,0.999996837441212,0.9999968283856561,-6.310165051105147,-24.771969970822006,,882.23005849399,False,False,False,,[]
274,274,275,True,1.0,1.0,274.0,275.0,274.0,275.0,275.0,0.0,73.38608640000001,73.0642176,78.66401915164084,0.5150284767150879,0.5150284767150879,0.0,1.0,0.5572222690016864,0.557127476724095,0.9999049613676745,0.9499049782752991,0.9999047677426705,0.9999966717965492,0.999996662527113,0.9999968283856561,0.9999968193580067,-6.258889385445633,-24.570158351691003,,883.0397406954555,False,False,False,,[]
275,275,276,True,1.0,1.0,275.0,276.0,275.0,276.0,276.0,0.0,73.0642176,72.74234880000002,78.27304560791208,0.5150285959243774,0.5150285959243774,0.0,1.0,0.557127476724095,0.557033458699334,0.9999047677426705,0.94990473985672,0.9999045758445777,0.999996662527113,0.9999966533164978,0.9999968193580067,0.9999968103588123,-6.20789692437065,-24.36947201805919,,883.8469204274332,False,False,False,,[]
276,276,277,True,1.0,1.0,276.0,277.0,276.0,277.0,277.0,0.0,72.74234880000002,72.42048,77.88379062920676,0.5150286555290222,0.5150286555290222,0.0,1.0,0.557033458699334,0.5569402105999892,0.9999045758445777,0.9499045610427856,0.9999043856612613,0.9999966533164978,0.999996644164611,0.9999968103588123,0.9999968013886085,-6.157186818722005,-24.169907350160578,,884.6515873942911,False,False,False,,[]
277,277,278,True,1.0,1.0,277.0,278.0,277.0,278.0,278.0,0.0,72.42048,71.9376768,52.791482695536985,0.515028715133667,0.515028715133667,0.0,1.0,0.5569402105999892,0.5568802675531213,0.9999043856612613,0.9499043822288513,0.9999042673240358,0.999996644164611,0.999996640903119,0.9999968013886085,0.9999967945073095,-3.9585360897109787,-15.53723774817271,,924.2831321693749,False,False,False,,[]
278,278,279,True,1.0,1.0,278.0,279.0,278.0,279.0,279.0,0.0,71.9376768,71.615808,76.91817190445198,0.515028715133667,0.515028715133667,0.0,1.0,0.5568802675531213,0.5567890292065037,0.9999042673240358,0.9499042630195618,0.999904081605189,0.999996640903119,0.9999966318976268,0.9999967945073095,0.9999967856934263,-6.024821085273293,-23.64897944324463,,886.8160201169453,False,False,False,,[]
279,279,280,True,1.0,1.0,279.0,280.0,279.0,280.0,280.0,0.0,71.615808,71.13300480000001,51.83016038334675,0.5150287747383118,0.5150287747383118,0.0,1.0,0.5567890292065037,0.5567307470641902,0.999904081605189,0.9499040842056274,0.9999039667336524,0.9999966318976268,0.9999966287312234,0.9999967856934263,0.9999967789464738,-3.849062827315567,-15.106731287658242,,926.1980807607047,False,False,False,,[]
280,280,281,True,1.0,1.0,280.0,281.0,280.0,281.0,281.0,0.0,71.13300480000001,70.00646400000001,-47.560563388885924,0.5150288343429565,0.5150288343429565,0.0,1.0,0.5567307470641902,0.5567668940846353,0.9999039667336524,0.9499039649963379,0.9999038970156102,0.9999966287312234,0.9999966263372162,0.9999967789464738,0.9999967726529182,2.388002840851247,9.369307699359759,,1020.9161768240837,False,False,False,,[]
281,281,282,True,1.0,1.0,281.0,282.0,281.0,282.0,282.0,0.0,70.00646400000001,68.8799232,-48.879347226774954,0.5150288343429565,0.5150288343429565,0.0,1.0,0.5567668940846353,0.5568034575547085,0.9999038970156102,0.9499039053916931,0.9999038264656106,0.9999966263372162,0.9999966239161032,0.9999967726529182,0.9999967663006748,2.415705597769028,9.477251442979012,,1021.1741624021413,False,False,False,,[]
282,282,283,True,1.0,1.0,282.0,283.0,282.0,283.0,283.0,0.0,68.8799232,67.592448,-74.88185016306849,0.5150288343429565,0.5150288343429565,0.0,1.0,0.5568034575547085,0.5568546845593291,0.9999038264656106,0.9499037861824036,0.9999037261938903,0.9999966239161032,0.9999966152973068,0.9999967663006748,0.9999967577861483,3.384919835993972,13.27803959765656,,1024.659989485947,False,False,False,,[]
283,283,284,True,1.0,1.0,283.0,284.0,283.0,284.0,284.0,0.0,67.592448,64.5346944,-348.0916800262883,0.5150288939476013,0.5150288939476013,0.0,1.0,0.5568546845593291,0.5571199924297174,0.9999037261938903,0.9499037265777588,0.9999031926335048,0.9999966152973068,0.9999965978849447,0.9999967577861483,0.9999967381950492,17.543933609391406,68.76780000465125,,1212.0453610740958,False,False,False,,[]
284,284,285,True,1.0,1.0,284.0,285.0,284.0,285.0,285.0,0.0,64.5346944,62.12067840000001,-252.62358092904873,0.5150290727615356,0.5150290727615356,0.0,1.0,0.5571199924297174,0.5573045008670459,0.9999031926335048,0.9499031901359558,0.9999028065791449,0.9999965978849447,0.9999965857464359,0.9999967381950492,0.999996724497792,12.199885113835926,47.82458695551613,,1136.450465524771,False,False,False,,[]
285,285,286,True,1.0,1.0,285.0,286.0,285.0,286.0,286.0,0.0,62.12067840000001,60.35040000000001,-156.3404523675764,0.5150291919708252,0.5150291919708252,0.0,1.0,0.5573045008670459,0.557406897042048,0.9999028065791449,0.9499027729034424,0.9999025958605903,0.9999965857464359,0.9999965737428906,0.999996724497792,0.9999967117920829,6.769660883310742,26.541088560565544,,1060.0126874469345,False,False,False,,[]
286,286,287,True,1.0,1.0,286.0,287.0,286.0,287.0,287.0,0.0,60.35040000000001,57.6145152,-306.3673449681024,0.5150291919708252,0.5150291919708252,0.0,1.0,0.557406897042048,0.5576142845400605,0.9999025958605903,0.9499025940895081,0.9999021664400435,0.9999965737428906,0.9999965596609496,0.9999967117920829,0.9999966955536272,13.716661842735972,53.75483948481111,,1154.9011737268647,False,False,False,,[]
287,287,288,True,1.0,1.0,287.0,288.0,287.0,288.0,288.0,0.0,57.6145152,55.84423680000001,-160.8155956988689,0.5150293707847595,0.5150293707847595,0.0,1.0,0.5576142845400605,0.5577108895159647,0.9999021664400435,0.9499021768569946,0.9999019687621455,0.9999965596609496,0.9999965484322061,0.9999966955536272,0.9999966820116695,6.388093074489367,25.040009754376563,,1054.9263044399174,False,False,False,,[]
288,288,289,True,1.0,1.0,288.0,289.0,288.0,289.0,289.0,0.0,55.84423680000001,54.717696000000004,-63.662443592288874,0.5150294303894043,0.5150294303894043,0.0,1.0,0.5577108895159647,0.5577455637429463,0.9999019687621455,0.9499019384384155,0.999901901981019,0.9999965484322061,0.9999965421711579,0.9999966820116695,0.9999966757927611,2.2926033306113864,8.98755963361502,,1015.7607032635152,False,False,False,,[]
289,289,290,True,1.0,1.0,289.0,290.0,289.0,290.0,290.0,0.0,54.717696000000004,53.591155199999996,-64.69551599437122,0.5150294303894043,0.5150294303894043,0.0,1.0,0.5577455637429463,0.5577801865391193,0.999901901981019,0.9499018788337708,0.999901835302301,0.9999965421711579,0.9999965359586827,0.9999966757927611,0.9999966697099912,2.2893213222320568,8.974228768048606,,1015.9088061321397,False,False,False,,[]
290,290,291,True,1.0,1.0,290.0,291.0,290.0,291.0,291.0,0.0,53.591155199999996,52.30368,-90.41230749486785,0.5150294303894043,0.5150294303894043,0.0,1.0,0.5577801865391193,0.5578282834730134,0.999901835302301,0.949901819229126,0.9999017414452153,0.9999965359586827,0.9999965281679142,0.9999966697099912,0.9999966615776423,3.1805505551380957,12.466725265340983,,1023.3195155748324,False,False,False,,[]
291,291,292,True,1.0,1.0,291.0,292.0,291.0,292.0,292.0,0.0,52.30368,51.016204800000004,-91.54312328288336,0.5150294899940491,0.5150294899940491,0.0,1.0,0.5578282834730134,0.557875694561695,0.9999017414452153,0.9499017000198364,0.9999016489885519,0.9999965281679142,0.9999965205018213,0.9999966615776423,0.999996653382476,3.135361451869573,12.288954186249525,,1022.8129877549936,False,False,False,,[]
292,292,293,True,1.0,1.0,292.0,293.0,292.0,293.0,293.0,0.0,51.016204800000004,49.24592640000001,-166.7607565904608,0.5150294899940491,0.5150294899940491,0.0,1.0,0.557875694561695,0.557963128720887,0.9999016489885519,0.9499016404151917,0.9999014716743682,0.9999965205018213,0.9999965098809745,0.999996653382476,0.9999966400251631,5.783176345946099,22.66293406259662,,1047.9154971720777,False,False,False,,[]
293,293,294,True,1.0,1.0,293.0,294.0,293.0,294.0,294.0,0.0,49.24592640000001,47.63658240000001,-143.5281508370408,0.5150295495986938,0.5150295495986938,0.0,1.0,0.557963128720887,0.5580340329678847,0.9999014716743682,0.9499014616012573,0.9999013301889275,0.9999965098809745,0.9999965002257583,0.9999966400251631,0.999996627610898,4.689910614465127,18.378380821796863,,1035.932587257798,False,False,False,,[]
294,294,295,True,1.0,1.0,294.0,295.0,294.0,295.0,295.0,0.0,47.63658240000001,46.349107200000006,-95.41182798014333,0.5150296092033386,0.5150296092033386,0.0,1.0,0.5580340329678847,0.5580782234711428,0.9999013301889275,0.9499013423919678,0.9999012442838271,0.9999965002257583,0.9999964929938013,0.999996627610898,0.9999966188580423,2.9228760764271198,11.454178444492506,,1020.0076338761064,False,False,False,,[]
295,295,296,True,1.0,1.0,295.0,296.0,295.0,296.0,296.0,0.0,46.349107200000006,45.7053696,2.4036161238668936,0.5150296092033386,0.5150296092033386,0.0,1.0,0.5580782234711428,0.5580764007240099,0.9999012442838271,0.9499012231826782,0.9999012408843179,0.9999964929938013,0.9999964928991074,0.9999966188580423,0.9999966186007798,-0.12054935607246513,-0.47245605683641656,,997.491653216484,False,False,False,,[]
296,296,297,True,1.0,1.0,296.0,297.0,296.0,297.0,297.0,0.0,45.7053696,46.02723840000001,150.14073564603842,0.5150296092033386,0.5150296092033386,0.0,1.0,0.5580764007240099,0.5579639822536355,0.9999012408843179,0.9499012231826782,0.9999010072617726,0.9999964928991074,0.9999964835345561,0.9999966186007798,0.9999966064151449,-7.4324924998462425,-29.13886752102529,,864.057107881737,False,False,False,,[]
297,297,298,True,1.0,1.0,297.0,298.0,297.0,298.0,298.0,0.0,46.02723840000001,47.47564800000001,323.31903180243864,0.5150297284126282,0.5150297284126282,0.0,1.0,0.5579639822536355,0.5577459731876208,0.9999010072617726,0.9499009847640991,0.9999005581211096,0.9999964835345561,0.9999964721797224,0.9999966064151449,0.9999965944231802,-14.408396662837152,-56.50794991103039,,777.4417921313756,False,False,False,,[]
298,298,299,True,1.0,1.0,298.0,299.0,298.0,299.0,299.0,0.0,47.47564800000001,50.5334016,571.4900440684581,0.5150298476219177,0.5150298476219177,0.0,1.0,0.5577459731876208,0.5573455174877783,0.9999005581211096,0.9499005675315857,0.999899818666903,0.9999964721797224,0.999996458167572,0.9999965944231802,0.9999965680892107,-26.449362118258705,-103.79811739916764,,660.1761490401351,False,False,False,,[]
299,299,300,True,1.0,1.0,299.0,300.0,299.0,300.0,300.0,0.0,50.5334016,53.7520896,598.6805050799344,0.5150300860404968,0.5150300860404968,0.0,1.0,0.5573455174877783,0.5568990483471586,0.999899818666903,0.9498997926712036,0.999899022949259,0.999996458167572,0.9999964425810907,0.9999965680892107,0.9999965387356847,-29.479853725111944,-115.72480124860179,,636.544971473916,False,False,False,,[]
300,300,301,True,1.0,1.0,300.0,301.0,300.0,301.0,301.0,0.0,53.7520896,57.29264640000001,650.874123464291,0.5150302648544312,0.5150302648544312,0.0,1.0,0.5568990483471586,0.5563827166073765,0.999899022949259,0.9498990178108215,0.9998981572104125,0.9999964425810907,0.9999964252052,0.9999965387356847,0.9999965047546898,-34.07973546976034,-133.83318695153253,,604.498980048607,False,False,False,,[]
301,301,302,True,1.0,1.0,301.0,302.0,301.0,302.0,302.0,0.0,57.29264640000001,60.35040000000001,580.0207860437421,0.515030562877655,0.515030562877655,0.0,1.0,0.5563827166073765,0.5558945229332145,0.9998981572104125,0.9498981237411499,0.9998973173438105,0.9999964252052,0.9999964081703114,0.9999965047546898,0.9999964726734857,-32.21930181126462,-126.53980034279067,,616.7903557152773,False,False,False,,[]
302,302,303,True,1.0,1.0,302.0,303.0,302.0,303.0,303.0,0.0,60.35040000000001,62.925350400000006,508.89011519189876,0.5150308012962341,0.5150308012962341,0.0,1.0,0.5558945229332145,0.5554509572764995,0.9998973173438105,0.949897289276123,0.9998965249468162,0.9999964081703114,0.9999963899787644,0.9999964726734857,0.9999964512460249,-29.27308190998889,-114.97221822052997,,640.030982008848,False,False,False,,[]
303,303,304,True,1.0,1.0,303.0,304.0,303.0,304.0,304.0,0.0,62.925350400000006,64.69562880000001,387.99909921384534,0.5150310397148132,0.5150310397148132,0.0,1.0,0.5554509572764995,0.5550927087096809,0.9998965249468162,0.949896514415741,0.9998958436246588,0.9999963899787644,0.9999963711960538,0.9999964512460249,0.999996431128535,-23.645449776532377,-92.85802851939061,,682.462962089532,False,False,False,,[]
304,304,305,True,1.0,1.0,304.0,305.0,304.0,305.0,305.0,0.0,64.69562880000001,66.14403840000001,340.46343651557464,0.5150312185287476,0.5150312185287476,0.0,1.0,0.5550927087096809,0.5547673859552533,0.9998958436246588,0.9498958587646484,0.9998952116900434,0.9999963711960538,0.9999963528181941,0.999996431128535,0.9999964117543751,-21.47216973341451,-84.32365794760699,,701.130387064859,False,False,False,,[]
305,305,306,True,1.0,1.0,305.0,306.0,305.0,306.0,306.0,0.0,66.14403840000001,67.2705792,292.62573601373805,0.5150314569473267,0.5150314569473267,0.0,1.0,0.5547673859552533,0.5544818216080611,0.9998952116900434,0.9498952031135559,0.999894643778406,0.9999963528181941,0.9999963374604292,0.9999964117543751,0.9999963934575471,-18.8486637130166,-74.01827879220946,,726.738849622234,False,False,False,,[]
306,306,307,True,1.0,1.0,306.0,307.0,306.0,307.0,307.0,0.0,67.2705792,68.2361856,269.1675686004755,0.515031635761261,0.515031635761261,0.0,1.0,0.5544818216080611,0.5542167534926062,0.999894643778406,0.9498946070671082,0.999894110631306,0.9999963374604292,0.9999963241790615,0.9999963934575471,0.9999963768260032,-17.495695220326024,-68.70565552591206,,741.6770464530115,False,False,False,,[]
307,307,308,True,1.0,1.0,307.0,308.0,307.0,308.0,308.0,0.0,68.2361856,68.8799232,220.8432993752641,0.5150317549705505,0.5150317549705505,0.0,1.0,0.5542167534926062,0.5539948255041641,0.999894110631306,0.9498940706253052,0.9998936542829053,0.9999963241790615,0.9999963107302563,0.9999963768260032,0.9999963640010273,-14.649357420150102,-57.52373460418605,,772.8951187679698,False,False,False,,[]
308,308,309,True,1.0,1.0,308.0,309.0,308.0,309.0,309.0,0.0,68.8799232,69.6845952,246.28017959693125,0.5150319337844849,0.5150319337844849,0.0,1.0,0.5539948255041641,0.5537468917182943,0.9998936542829053,0.9498936533927917,0.9998931510666635,0.9999963107302563,0.9999962980337471,0.9999963640010273,0.9999963488255141,-16.36398118530965,-64.26443729745027,,754.0753441667291,False,False,False,,[]
309,309,310,True,1.0,1.0,309.0,310.0,309.0,310.0,310.0,0.0,69.6845952,70.4892672,247.20498240228773,0.5150320529937744,0.5150320529937744,0.0,1.0,0.5537468917182943,0.5534951223807537,0.9998931510666635,0.9498931169509888,0.9998926410833539,0.9999962980337471,0.9999962852323555,0.9999963488255141,0.9999963333141408,-16.616089501676527,-65.25861229050176,,751.2694010763028,False,False,False,,[]
310,310,311,True,1.0,1.0,310.0,311.0,310.0,311.0,311.0,0.0,70.4892672,71.2939392,248.1405262390653,0.5150322318077087,0.5150322318077087,0.0,1.0,0.5534951223807537,0.5532394013462294,0.9998926410833539,0.9498926401138306,0.9998921241681877,0.9999962852323555,0.99999627232826,0.9999963333141408,0.9999963173800317,-16.87581851295578,-66.28289214870712,,748.3625327850554,False,False,False,,[]
311,311,312,True,1.0,1.0,311.0,312.0,311.0,312.0,312.0,0.0,71.2939392,71.9376768,224.38203958726825,0.5150323510169983,0.5150323510169983,0.0,1.0,0.5532394013462294,0.5530038327447537,0.9998921241681877,0.9498921036720276,0.9998916430250422,0.99999627232826,0.9999962583767937,0.9999963173800317,0.9999963034084245,-15.546086007116847,-61.05938150248159,,762.4240876962734,False,False,False,,[]
312,312,313,True,1.0,1.0,312.0,313.0,312.0,313.0,313.0,0.0,71.9376768,72.42048,200.44202950445037,0.5150325298309326,0.5150325298309326,0.0,1.0,0.5530038327447537,0.5527898373094207,0.9998916430250422,0.9498916268348694,0.9998912013046057,0.9999962583767937,0.9999962438529066,0.9999963034084245,0.9999962913461027,-14.12276465214705,-55.4676168383185,,778.3593146564682,False,False,False,,[]
313,313,314,True,1.0,1.0,313.0,314.0,313.0,314.0,314.0,0.0,72.42048,72.74234880000002,176.3153402955393,0.5150326490402222,0.5150326490402222,0.0,1.0,0.5527898373094207,0.5525988205541117,0.9998912013046057,0.949891209602356,0.9998908027933323,0.9999962438529066,0.9999962292561924,0.9999962913461027,0.999996281206434,-12.606793460772964,-49.51154297609792,,796.4292790351058,False,False,False,,[]
314,314,315,True,1.0,1.0,314.0,315.0,314.0,315.0,315.0,0.0,72.74234880000002,73.0642176,176.7028767092094,0.5150327682495117,0.5150327682495117,0.0,1.0,0.5525988205541117,0.5524065592885493,0.9998908027933323,0.9498907923698425,0.9998904019108547,0.9999962292561924,0.999996214590815,0.999996281206434,0.9999962709908502,-12.688619253611243,-49.83412003375799,,795.3991096111431,False,False,False,,[]
315,315,316,True,1.0,1.0,315.0,316.0,315.0,316.0,316.0,0.0,73.0642176,73.22515200000001,152.3873601679111,0.5150328874588013,0.5150328874588013,0.0,1.0,0.5524065592885493,0.5522368411573221,0.9998904019108547,0.9498903751373291,0.9998900445103514,0.999996214590815,0.999996200365601,0.9999962709908502,0.9999962608715497,-11.201412438650546,-43.99093961410472,,813.1385653920038,False,False,False,,[]
316,316,317,True,1.0,1.0,316.0,317.0,316.0,317.0,317.0,0.0,73.22515200000001,73.7079552,201.99217515914643,0.5150330066680908,0.5150330066680908,0.0,1.0,0.5522368411573221,0.5520173950193006,0.9998900445103514,0.9498900175094604,0.9998895927222954,0.999996200365601,0.9999961855986934,0.9999962608715497,0.9999962484074106,-14.481043071536176,-56.88043897516269,,774.0800890665334,False,False,False,,[]
317,317,318,True,1.0,1.0,317.0,318.0,317.0,318.0,318.0,0.0,73.7079552,74.029824,177.87579734039767,0.5150331258773804,0.5150331258773804,0.0,1.0,0.5520173950193006,0.5518212408345254,0.9998895927222954,0.949889600276947,0.999889184445105,0.9999961855986934,0.9999961707277788,0.9999962484074106,0.999996237832676,-12.94457266027993,-50.84316469371915,,792.124662971322,False,False,False,,[]
318,318,319,True,1.0,1.0,318.0,319.0,318.0,319.0,319.0,0.0,74.029824,74.1907584,153.56543649417955,0.5150332450866699,0.5150332450866699,0.0,1.0,0.5518212408345254,0.5516481753833752,0.999889184445105,0.9498891830444336,0.9998888205183988,0.9999961707277788,0.9999961562793305,0.999996237832676,0.9999962276274699,-11.42150072357262,-44.8585649381436,,810.2993742272611,False,False,False,,[]
319,319,320,True,1.0,1.0,319.0,320.0,319.0,320.0,320.0,0.0,74.1907584,74.834496,227.87760085295562,0.5150333642959595,0.5150333642959595,0.0,1.0,0.5516481753833752,0.5513991201784187,0.9998888205183988,0.9498888254165649,0.9998883153196876,0.9999961562793305,0.9999961418737918,0.9999962276274699,0.9999962123838382,-16.432354459009865,-64.55510912471233,,752.31850659909,False,False,False,,[]
320,320,321,True,1.0,1.0,320.0,321.0,320.0,321.0,321.0,0.0,74.834496,75.3172992,203.9685249406325,0.515033483505249,0.515033483505249,0.0,1.0,0.5513991201784187,0.5511726052901574,0.9998883153196876,0.949888288974762,0.9998878505824143,0.9999961418737918,0.9999961268072741,0.9999962123838382,0.9999961992692747,-14.945596248366652,-58.712659037345176,,768.5392631824245,False,False,False,,[]
321,321,322,True,1.0,1.0,321.0,322.0,321.0,322.0,322.0,0.0,75.3172992,75.80010240000001,204.5698078795907,0.5150336623191833,0.5150336623191833,0.0,1.0,0.5511726052901574,0.5509439602298973,0.9998878505824143,0.9498878121376038,0.9998873819668609,0.9999961268072741,0.9999961116518388,0.9999961992692747,0.99999618597326,-15.085562249359468,-59.264799619418156,,766.8958276489469,False,False,False,,[]
322,322,323,True,1.0,1.0,322.0,323.0,322.0,323.0,323.0,0.0,75.80010240000001,76.76570880000001,279.28927214985373,0.5150337815284729,0.5150337815284729,0.0,1.0,0.5509439602298973,0.5506339864808952,0.9998873819668609,0.9498873949050903,0.9998867741981228,0.9999961116518388,0.999996094624239,0.99999618597326,0.9999961681920403,-20.445565612413183,-80.3451957413549,,711.4604832070592,False,False,False,,[]
323,323,324,True,1.0,1.0,323.0,324.0,323.0,324.0,324.0,0.0,76.76570880000001,77.7313152,280.51117188431834,0.5150339603424072,0.5150339603424072,0.0,1.0,0.5506339864808952,0.5503190610707582,0.9998867741981228,0.9498867392539978,0.9998861585561787,0.999996094624239,0.9999960772231166,0.9999961681920403,0.9999961505754814,-20.770468299724,-81.62866630750577,,708.4625138108099,False,False,False,,[]
324,324,325,True,1.0,1.0,324.0,325.0,324.0,325.0,325.0,0.0,77.7313152,78.857856,306.453310224033,0.5150341391563416,0.5150341391563416,0.0,1.0,0.5503190610707582,0.5499711833647956,0.9998861585561787,0.94988614320755,0.9998854924202792,0.9999960772231166,0.9999960566858925,0.9999961505754814,0.9999961335198778,-22.939869851743335,-90.16990138551162,,688.6653354251368,False,False,False,,[]
325,325,326,True,1.0,1.0,325.0,326.0,325.0,326.0,326.0,0.0,78.857856,79.98439680000001,307.91645352421995,0.5150343775749207,0.5150343775749207,0.0,1.0,0.5499711833647956,0.5496173086944113,0.9998854924202792,0.9498854875564575,0.9998848174607063,0.9999960566858925,0.9999960357536946,0.9999961335198778,0.9999961168899473,-23.333029300151434,-91.72431456361191,,685.4325504415324,False,False,False,,[]
326,326,327,True,1.0,1.0,326.0,327.0,326.0,327.0,327.0,0.0,79.98439680000001,80.9500032,284.6958777259867,0.515034556388855,0.515034556388855,0.0,1.0,0.5496173086944113,0.5492856325173574,0.9998848174607063,0.949884831905365,0.9998841757321136,0.9999960357536946,0.9999960170582516,0.9999961168899473,0.9999961000000838,-21.86913747078771,-85.97046509237775,,698.5999777265628,False,False,False,,[]
327,327,328,True,1.0,1.0,327.0,328.0,327.0,328.0,328.0,0.0,80.9500032,82.07654400000001,310.6895730165247,0.5150347352027893,0.5150347352027893,0.0,1.0,0.5492856325173574,0.5489205566102404,0.9998841757321136,0.9498841762542725,0.999883484602756,0.9999960170582516,0.9999959956597317,0.9999961000000838,0.9999960839529123,-24.06717089080595,-94.62767512473644,,679.5165353602666,False,False,False,,[]
328,328,329,True,1.0,1.0,328.0,329.0,328.0,329.0,329.0,0.0,82.07654400000001,83.20308480000001,312.2128660926679,0.5150349736213684,0.5150349736213684,0.0,1.0,0.5489205566102404,0.548549455477374,0.999883484602756,0.9498834609985352,0.9998827849456373,0.9999959956597317,0.9999959741041433,0.9999960839529123,0.9999960682140375,-24.46192790486705,-96.18941363897197,,676.4246295159131,False,False,False,,[]
329,329,330,True,1.0,1.0,329.0,330.0,329.0,330.0,330.0,0.0,83.20308480000001,84.3296256,313.7572115903927,0.5150351524353027,0.5150351524353027,0.0,1.0,0.548549455477374,0.548172286355909,0.9998827849456373,0.9498827457427979,0.9998820768221754,0.9999959741041433,0.9999959523996805,0.9999960682140375,0.9999960528047187,-24.85940705561101,-97.76223628373904,,673.3574836371131,False,False,False,,[]
330,330,331,True,1.0,1.0,330.0,331.0,330.0,331.0,331.0,0.0,84.3296256,85.45616640000001,315.3226095097106,0.5150353908538818,0.5150353908538818,0.0,1.0,0.548172286355909,0.5477892854461556,0.9998820768221754,0.9498820900917053,0.9998813606784785,0.9999959523996805,0.9999959305548256,0.9999960528047187,0.9999960380467005,-25.24124401582161,-99.27383580808447,,670.5926951351192,False,False,False,,[]
331,331,332,True,1.0,1.0,331.0,332.0,331.0,332.0,332.0,0.0,85.45616640000001,86.5827072,316.9090598506061,0.5150355696678162,0.5150355696678162,0.0,1.0,0.5477892854461556,0.5473996016342042,0.9998813606784785,0.949881374835968,0.9998806354860367,0.9999959305548256,0.9999959085783422,0.9999960380467005,0.9999960230941802,-25.67900940821916,-101.00604405780605,,667.0526412144688,False,False,False,,[]
332,332,333,True,1.0,1.0,332.0,333.0,332.0,333.0,333.0,0.0,86.5827072,87.709248,318.51656261309284,0.5150358080863953,0.5150358080863953,0.0,1.0,0.5473996016342042,0.5470031008714372,0.9998806354860367,0.9498805999755859,0.9998799012213403,0.9999959085783422,0.9999958864792965,0.9999960230941802,0.999996007869005,-26.125484048041333,-102.77299770920429,,663.4593038762096,False,False,False,,[]
333,333,334,True,1.0,1.0,333.0,334.0,333.0,334.0,334.0,0.0,87.709248,88.83578880000002,320.145117797167,0.5150360465049744,0.5150360465049744,0.0,1.0,0.5470031008714372,0.5465992488574546,0.9998799012213403,0.9498798847198486,0.9998791573542635,0.9999958864792965,0.9999958638716824,0.999996007869005,0.999995992368169,-26.606998617841473,-104.67844202430166,,659.4795826742388,False,False,False,,[]
334,334,335,True,1.0,1.0,334.0,335.0,334.0,335.0,335.0,0.0,88.83578880000002,89.8013952,297.0899538828151,0.5150362253189087,0.5150362253189087,0.0,1.0,0.5465992488574546,0.5462194321217919,0.9998791573542635,0.9498791694641113,0.999878445575408,0.9999958638716824,0.9999958421373901,0.999995992368169,0.9999959778131629,-25.02324795155008,-98.44849788375281,,672.3665782804086,False,False,False,,[]
335,335,336,True,1.0,1.0,335.0,336.0,335.0,336.0,336.0,0.0,89.8013952,90.7670016,298.5206592681122,0.5150364637374878,0.5150364637374878,0.0,1.0,0.5462194321217919,0.5458334810077201,0.999878445575408,0.949878454208374,0.9998777254183006,0.9999958421373901,0.9999958199421182,0.9999959778131629,0.9999959630299617,-25.425052521223844,-100.03852876742081,,668.9207969169065,False,False,False,,[]
336,336,337,True,1.0,1.0,336.0,337.0,336.0,337.0,337.0,0.0,90.7670016,91.5716736,275.2620602186521,0.5150367021560669,0.5150367021560669,0.0,1.0,0.5458334810077201,0.5454752455078157,0.9998777254183006,0.9498777389526367,0.9998770441150588,0.9999958199421182,0.9999958005682362,0.9999959630299617,0.9999959488283936,-23.599580045929308,-92.85464157523121,,684.9590580783191,False,False,False,,[]
337,337,338,True,1.0,1.0,337.0,338.0,337.0,338.0,338.0,0.0,91.5716736,91.732608,177.65993299866432,0.5150368809700012,0.5150368809700012,0.0,1.0,0.5454752455078157,0.5452295445448907,0.9998770441150588,0.9498770236968994,0.9998765448557217,0.9999958005682362,0.9999957821197429,0.9999959488283936,0.9999959335176146,-16.190902525735506,-63.68568959014591,,752.2268723667434,False,False,False,,[]
338,338,339,True,1.0,1.0,338.0,339.0,338.0,339.0,339.0,0.0,91.732608,91.89354240000002,177.9046136944414,0.5150370597839355,0.5150370597839355,0.0,1.0,0.5452295445448907,0.5449831669922487,0.9998765448557217,0.9498765468597412,0.9998760443960071,0.9999957821197429,0.9999957636360527,0.9999959335176146,0.9999959182232411,-16.235297862110468,-63.86106164481567,,751.7657542261243,False,False,False,,[]
339,339,340,True,1.0,1.0,339.0,340.0,339.0,340.0,340.0,0.0,91.89354240000002,92.2154112,202.85449555146513,0.5150371789932251,0.5150371789932251,0.0,1.0,0.5449831669922487,0.5447068021791449,0.9998760443960071,0.9498760104179382,0.9998754919451373,0.9999957636360527,0.999995745145232,0.9999959182232411,0.9999959026194277,-18.20943661791792,-71.63375955648858,,732.2228015191971,False,False,False,,[]
340,340,341,True,1.0,1.0,340.0,341.0,340.0,341.0,341.0,0.0,92.2154112,92.69821440000001,228.05077666929918,0.5150373578071594,0.5150373578071594,0.0,1.0,0.5447068021791449,0.544400825701487,0.9998754919451373,0.9498754739761353,0.9998748905850446,0.999995745145232,0.9999957272777236,0.9999959026194277,0.9999958874180978,-20.158183313498647,-79.30910300893123,,714.703649821471,False,False,False,,[]
341,341,342,True,1.0,1.0,341.0,342.0,341.0,342.0,342.0,0.0,92.69821440000001,93.0200832,204.0864918554696,0.5150375366210938,0.5150375366210938,0.0,1.0,0.544400825701487,0.5441207247063871,0.9998748905850446,0.9498748779296875,0.999874331826749,0.9999957272777236,0.9999957086443132,0.9999958874180978,0.9999958718064662,-18.454335856679762,-72.60217792989465,,729.808817384118,False,False,False,,[]
342,342,343,True,1.0,1.0,342.0,343.0,342.0,343.0,343.0,0.0,93.0200832,93.341952,204.5822978658685,0.5150377154350281,0.5150377154350281,0.0,1.0,0.5441207247063871,0.543839181944247,0.999874331826749,0.9498743414878845,0.9998737706448125,0.9999957086443132,0.9999956899544588,0.9999958718064662,0.9999958562546044,-18.54881966611147,-72.97588394672242,,728.9146820611003,False,False,False,,[]
343,343,344,True,1.0,1.0,343.0,344.0,343.0,344.0,344.0,0.0,93.341952,93.50288640000001,180.37505092129703,0.5150378942489624,0.5150378942489624,0.0,1.0,0.543839181944247,0.5435854876233189,0.9998737706448125,0.9498737454414368,0.9998732572796898,0.9999956899544588,0.9999956711215384,0.9999958562546044,0.9999958406754159,-16.71517649362692,-65.75756798455707,,746.5790207406498,False,False,False,,[]
344,344,345,True,1.0,1.0,344.0,345.0,344.0,345.0,345.0,0.0,93.50288640000001,93.9856896,230.03400071089283,0.515038013458252,0.515038013458252,0.0,1.0,0.5435854876233189,0.5432733059359212,0.9998732572796898,0.9498732686042786,0.9998726459912989,0.9999956711215384,0.9999956530900674,0.9999958406754159,0.9999958256394005,-20.56472402794591,-80.91749337351057,,711.0463835644338,False,False,False,,[]
345,345,346,True,1.0,1.0,345.0,346.0,345.0,346.0,346.0,0.0,93.9856896,94.4684928,230.78479880723108,0.5150381922721863,0.5150381922721863,0.0,1.0,0.5432733059359212,0.5429589224320522,0.9998726459912989,0.949872612953186,0.9998720312074366,0.9999956530900674,0.9999956349991115,0.9999958256394005,0.9999958108208284,-20.708889300052864,-81.4882042028154,,709.8383649478426,False,False,False,,[]
346,346,347,True,1.0,1.0,346.0,347.0,346.0,347.0,347.0,0.0,94.4684928,94.6294272,182.1299206348757,0.5150383710861206,0.5150383710861206,0.0,1.0,0.5429589224320522,0.5427000435958171,0.9998720312074366,0.9498720169067383,0.9998715087825428,0.9999956349991115,0.9999956159249228,0.9999958108208284,0.9999957950679553,-17.0551046212535,-67.10139435213591,,742.9705398501067,False,False,False,,[]
347,347,348,True,1.0,1.0,347.0,348.0,347.0,348.0,348.0,0.0,94.6294272,94.7903616,182.38233487327398,0.5150385499000549,0.5150385499000549,0.0,1.0,0.5427000435958171,0.5424404157854557,0.9998715087825428,0.9498714804649353,0.9998709850547107,0.9999956159249228,0.9999955968164975,0.9999957950679553,0.9999957792877785,-17.1042254562173,-67.29552844569936,,742.451571517432,False,False,False,,[]
348,348,349,True,1.0,1.0,348.0,349.0,348.0,349.0,349.0,0.0,94.7903616,94.95129600000001,182.63517875293107,0.5150387287139893,0.5150387287139893,0.0,1.0,0.5424404157854557,0.5421800375191062,0.9998709850547107,0.9498709440231323,0.999870460022856,0.9999955968164975,0.9999955776738952,0.9999957792877785,0.9999957634803548,-17.15344039675363,-67.4900466377804,,741.9325163885827,False,False,False,,[]
349,349,350,True,1.0,1.0,349.0,350.0,349.0,350.0,350.0,0.0,94.95129600000001,94.95129600000001,158.18368075383748,0.5150388479232788,0.5150388479232788,0.0,1.0,0.5421800375191062,0.5419525617078638,0.999870460022856,0.9498704671859741,0.9998699935347025,0.9999955776738952,0.9999955593784999,0.9999957634803548,0.9999957502535503,-14.987258017238448,-58.961730274036896,,765.9039027645752,False,False,False,,[]
350,350,351,True,1.0,1.0,350.0,351.0,350.0,351.0,351.0,0.0,94.95129600000001,94.7903616,133.47890923383386,0.5150390267372131,0.5150390267372131,0.0,1.0,0.5419525617078638,0.5417602162332816,0.9998699935347025,0.9498699903488159,0.9998695924919047,0.9999955593784999,0.9999955430033493,0.9999957502535503,0.9999957398240816,-12.67414663047404,-49.85594701169259,,794.1207280349214,False,False,False,,[]
351,351,352,True,1.0,1.0,351.0,352.0,351.0,352.0,352.0,0.0,94.7903616,94.6294272,133.22563571292778,0.5150391459465027,0.5150391459465027,0.0,1.0,0.5417602162332816,0.5415684748322965,0.9998695924919047,0.9498695731163025,0.9998691925995173,0.9999955430033493,0.9999955266484833,0.9999957398240816,0.9999957293954964,-12.634602565198268,-49.69937113534959,,794.587845522157,False,False,False,,[]
352,352,353,True,1.0,1.0,352.0,353.0,352.0,353.0,353.0,0.0,94.6294272,94.3075584,108.26802031327492,0.5150392651557922,0.5150392651557922,0.0,1.0,0.5415684748322965,0.5414100854848518,0.9998691925995173,0.9498691558837891,0.9998688574615796,0.9999955266484833,0.9999955134414789,0.9999957293954964,0.999995718021657,-10.438195092251345,-41.054518857676264,,822.0412370572925,False,False,False,,[]
353,353,354,True,1.0,1.0,353.0,354.0,353.0,354.0,354.0,0.0,94.3075584,93.9856896,107.76362147773914,0.515039324760437,0.515039324760437,0.0,1.0,0.5414100854848518,0.5412528453548826,0.9998688574615796,0.9498688578605652,0.9998685245968855,0.9999955134414789,0.9999955002924201,0.999995718021657,0.9999957066808294,-10.362831113410397,-40.75664168801778,,823.0341001536121,False,False,False,,[]
354,354,355,True,1.0,1.0,354.0,355.0,354.0,355.0,355.0,0.0,93.9856896,93.66382080000001,107.26094120723073,0.5150394439697266,0.5150394439697266,0.0,1.0,0.5412528453548826,0.541096748861056,0.9998685245968855,0.9498685002326965,0.9998681939970805,0.9999955002924201,0.9999954872014429,0.9999957066808294,0.9999956953736157,-10.287824999738005,-40.46021119987223,,824.025508406142,False,False,False,,[]
355,355,356,True,1.0,1.0,355.0,356.0,355.0,356.0,356.0,0.0,93.66382080000001,93.50288640000001,131.4647510217494,0.5150395631790161,0.5150395631790161,0.0,1.0,0.541096748861056,0.540909198394305,0.9998681939970805,0.9498682022094727,0.9998678021085395,0.9999954872014429,0.9999954709923029,0.9999956953736157,0.9999956849574084,-12.360016314381228,-48.613080981847325,,797.8523931991665,False,False,False,,[]
356,356,357,True,1.0,1.0,356.0,357.0,356.0,357.0,357.0,0.0,93.50288640000001,93.341952,131.21491463089217,0.5150396823883057,0.5150396823883057,0.0,1.0,0.540909198394305,0.5407222275299433,0.9998678021085395,0.9498677849769592,0.9998674113300104,0.9999954709923029,0.9999954548044993,0.9999956849574084,0.9999956745296694,-12.322049698891563,-48.46284804256679,,798.2985002352118,False,False,False,,[]
357,357,358,True,1.0,1.0,357.0,358.0,357.0,358.0,358.0,0.0,93.341952,93.1810176,130.9655078812957,0.5150398015975952,0.5150398015975952,0.0,1.0,0.5407222275299433,0.5405358339311421,0.9998674113300104,0.9498674273490906,0.99986702165776,0.9999954548044993,0.9999954386381589,0.9999956745296694,0.9999956640895865,-12.28423231396424,-48.31322080925079,,798.7429401916942,False,False,False,,[]
358,358,359,True,1.0,1.0,358.0,359.0,358.0,359.0,359.0,0.0,93.1810176,92.69821440000001,81.3069877329548,0.5150399208068848,0.5150399208068848,0.0,1.0,0.5405358339311421,0.5404205821233428,0.99986702165776,0.9498670101165771,0.9998667814823244,0.9999954386381589,0.9999954321700203,0.9999956640895865,0.9999956534613464,-7.5974789010457355,-29.87326858158304,,864.7783085032129,False,False,False,,[]
359,359,360,True,1.0,1.0,359.0,360.0,359.0,360.0,360.0,0.0,92.69821440000001,92.37634560000001,105.26740577547086,0.5150399804115295,0.5150399804115295,0.0,1.0,0.5404205821233428,0.5402690053242553,0.9998667814823244,0.949866771697998,0.9998664598595016,0.9999954321700203,0.9999954193126537,0.9999956534613464,0.9999956422943852,-9.991367341207203,-39.28870632348534,,827.9767315005155,False,False,False,,[]
360,360,361,True,1.0,1.0,360.0,361.0,360.0,361.0,361.0,0.0,92.37634560000001,92.05447680000002,104.77331833009936,0.5150400400161743,0.5150400400161743,0.0,1.0,0.5402690053242553,0.5401185444059555,0.9998664598595016,0.9498664736747742,0.9998661404593916,0.9999954193126537,0.9999954065139915,0.9999956422943852,0.9999956311638809,-9.918141754528195,-38.99947002329712,,828.9605005635257,False,False,False,,[]
361,361,362,True,1.0,1.0,361.0,362.0,361.0,362.0,362.0,0.0,92.05447680000002,91.89354240000002,128.9857209697549,0.5150401592254639,0.5150401592254639,0.0,1.0,0.5401185444059555,0.5399367254997269,0.9998661404593916,0.9498661160469055,0.9998657595801946,0.9999954065139915,0.9999953905238214,0.9999956311638809,0.9999956206359928,-11.984373416593563,-47.12746049443878,,802.2946369674811,False,False,False,,[]
362,362,363,True,1.0,1.0,362.0,363.0,362.0,363.0,363.0,0.0,91.89354240000002,91.732608,128.74018099146417,0.5150402784347534,0.5150402784347534,0.0,1.0,0.5399367254997269,0.539755473188369,0.9998657595801946,0.9498657584190369,0.9998653797932587,0.9999953905238214,0.9999953745562125,0.9999956206359928,0.9999956100984692,-11.947225747039557,-46.980599103979024,,802.7382123007123,False,False,False,,[]
363,363,364,True,1.0,1.0,363.0,364.0,363.0,364.0,364.0,0.0,91.732608,91.732608,153.19984217443778,0.515040397644043,0.515040397644043,0.0,1.0,0.539755473188369,0.5395423722444253,0.9998653797932587,0.9498653411865234,0.9998649397317622,0.9999953745562125,0.9999953566855196,0.9999956100984692,0.9999955984103017,-14.045316781079807,-55.23576467021668,,777.202503111217,False,False,False,,[]
364,364,365,True,1.0,1.0,364.0,365.0,364.0,365.0,365.0,0.0,91.732608,91.5716736,128.4950706544381,0.5150405168533325,0.5150405168533325,0.0,1.0,0.5395423722444253,0.5393616854058259,0.9998649397317622,0.94986492395401,0.9998645610356247,0.9999953566855196,0.9999953407405865,0.9999955984103017,0.9999955878634338,-11.910152523554306,-46.83402856495109,,803.181721868815,False,False,False,,[]
365,365,366,True,1.0,1.0,365.0,366.0,365.0,366.0,366.0,0.0,91.5716736,91.5716736,152.95516147866465,0.5150406360626221,0.5150406360626221,0.0,1.0,0.5393616854058259,0.5391492904949492,0.9998645610356247,0.9498645663261414,0.999864122284893,0.9999953407405865,0.9999953229103119,0.9999955878634338,0.9999955762301008,-13.999019860729794,-55.05276089921964,,777.7660990809825,False,False,False,,[]
366,366,367,True,1.0,1.0,366.0,367.0,366.0,367.0,367.0,0.0,91.5716736,91.5716736,152.95516147866465,0.5150407552719116,0.5150407552719116,0.0,1.0,0.5391492904949492,0.5389368956187839,0.999864122284893,0.9498640894889832,0.9998636835342257,0.9999953229103119,0.999995305080036,0.9999955762301008,0.9999955645967732,-13.999019585065543,-55.052751902057054,,777.7661263982944,False,False,False,,[]
367,367,368,True,1.0,1.0,367.0,368.0,367.0,368.0,368.0,0.0,91.5716736,91.732608,177.65993299866432,0.5150408744812012,0.5150408744812012,0.0,1.0,0.5389368956187839,0.5386912195252487,0.9998636835342257,0.9498636722564697,0.9998631843190333,0.999995305080036,0.9999952866315268,0.9999955645967732,0.9999955492861203,-16.190894353918694,-63.67924344431689,,752.2435052489888,False,False,False,,[]
368,368,369,True,1.0,1.0,368.0,369.0,368.0,369.0,369.0,0.0,91.732608,91.732608,153.19984217443778,0.5150410532951355,0.5150410532951355,0.0,1.0,0.5386912195252487,0.5384781187070976,0.9998631843190333,0.9498631954193115,0.9998627442577701,0.9999952866315268,0.9999952687608268,0.9999955492861203,0.999995537597982,-14.045315252869338,-55.235732064744525,,777.2026064033073,False,False,False,,[]
369,369,370,True,1.0,1.0,369.0,370.0,369.0,370.0,370.0,0.0,91.732608,91.732608,153.19984217443778,0.515041172504425,0.515041172504425,0.0,1.0,0.5384781187070976,0.5382650178948825,0.9998627442577701,0.9498627185821533,0.999862304196518,0.9999952687608268,0.9999952508901254,0.999995537597982,0.999995525909849,-14.045314975012843,-55.23573052616279,,777.2026130737305,False,False,False,,[]
370,370,371,True,1.0,1.0,370.0,371.0,370.0,371.0,371.0,0.0,91.732608,91.732608,153.19984217443778,0.5150412917137146,0.5150412917137146,0.0,1.0,0.5382650178948825,0.53805191707407,0.999862304196518,0.9498623013496399,0.9998618641352499,0.9999952508901254,0.9999952330194228,0.999995525909849,0.9999955142217212,-14.04531469715633,-55.23573275458984,,777.2026093291032,False,False,False,,[]
371,371,372,True,1.0,1.0,371.0,372.0,371.0,372.0,372.0,0.0,91.732608,91.732608,153.19984217443778,0.5150414705276489,0.5150414705276489,0.0,1.0,0.53805191707407,0.5378388162326418,0.9998618641352499,0.9498618245124817,0.9998614240739435,0.9999952330194228,0.9999952151487183,0.9999955142217212,0.9999955025336014,-14.045314280371533,-55.23573809817835,,777.2025981840795,False,False,False,,[]
372,372,373,True,1.0,1.0,372.0,373.0,372.0,373.0,373.0,0.0,91.732608,91.732608,153.19984217443778,0.5150415897369385,0.5150415897369385,0.0,1.0,0.5378388162326418,0.5376257153547558,0.9998614240739435,0.9498614072799683,0.9998609840125695,0.9999952151487183,0.9999951972780123,0.9999955025336014,0.9999954908454869,-14.045314002514985,-55.23574754805751,,777.2025744920277,False,False,False,,[]
373,373,374,True,1.0,1.0,373.0,374.0,373.0,374.0,374.0,0.0,91.732608,91.732608,153.19984217443778,0.515041708946228,0.515041708946228,0.0,1.0,0.5376257153547558,0.5374126144270627,0.9998609840125695,0.9498609900474548,0.9998605439511031,0.9999951972780123,0.9999951794073051,0.9999954908454869,0.9999954791573776,-14.045313724658415,-55.235760458064334,,777.2025411739842,False,False,False,,[]
374,374,375,True,1.0,1.0,374.0,375.0,374.0,375.0,375.0,0.0,91.732608,91.732608,153.19984217443778,0.5150418281555176,0.5150418281555176,0.0,1.0,0.5374126144270627,0.5371995134365866,0.9998605439511031,0.9498605132102966,0.9998601038895202,0.9999951794073051,0.9999951615365965,0.9999954791573776,0.9999954674692737,-14.045313446801837,-55.23577673140458,,777.2024986230037,False,False,False,,[]
375,375,376,True,1.0,1.0,375.0,376.0,375.0,376.0,376.0,0.0,91.732608,91.732608,153.19984217443778,0.5150419473648071,0.5150419473648071,0.0,1.0,0.5371995134365866,0.536986412370715,0.9998601038895202,0.9498600959777832,0.9998596638277973,0.9999951615365965,0.9999951436658867,0.9999954674692737,0.9999954557811751,-14.045313168945238,-55.2357962739061,,777.2024471123012,False,False,False,,[]
376,376,377,True,1.0,1.0,376.0,377.0,376.0,377.0,377.0,0.0,91.732608,91.5716736,128.4950706544381,0.5150420665740967,0.5150420665740967,0.0,1.0,0.536986412370715,0.536805725188753,0.9998596638277973,0.9498596787452698,0.9998592851309973,0.9999951436658867,0.9999951277209191,0.9999954557811751,0.9999954452342971,-11.910155841212843,-46.834117564540726,,803.1814289024128,False,False,False,,[]
377,377,378,True,1.0,1.0,377.0,378.0,377.0,378.0,378.0,0.0,91.5716736,91.4107392,128.25038995866498,0.515042245388031,0.515042245388031,0.0,1.0,0.536805725188753,0.5366256020866178,0.9998592851309973,0.9498592615127563,0.9998589075230047,0.9999951277209191,0.9999951117987448,0.9999954452342971,0.9999954346783657,-11.873156620785398,-46.68790807343726,,803.6246641150212,False,False,False,,[]
378,378,379,True,1.0,1.0,378.0,379.0,378.0,379.0,379.0,0.0,91.4107392,90.927936,78.59659586414936,0.5150423049926758,0.5150423049926758,0.0,1.0,0.5366256020866178,0.5365160130720096,0.9998589075230047,0.9498589038848877,0.999858680410007,0.9999951117987448,0.9999951056652907,0.9999954346783657,0.9999954243325377,-7.225475012693151,-28.405472586441757,,870.4889981639474,False,False,False,,[]
379,379,380,True,1.0,1.0,379.0,380.0,379.0,380.0,380.0,0.0,90.927936,90.44513280000001,77.86642054814165,0.5150424242019653,0.5150424242019653,0.0,1.0,0.5365160130720096,0.5364091271359449,0.999858680410007,0.9498586654663086,0.9998584594838629,0.9999951056652907,0.9999951006283777,0.9999954243325377,0.9999954140657844,-7.047622086418579,-27.7048346279593,,873.9102865583594,False,False,False,,[]
380,380,381,True,1.0,1.0,380.0,381.0,380.0,381.0,381.0,0.0,90.44513280000001,90.123264,101.84488352344324,0.5150424838066101,0.5150424838066101,0.0,1.0,0.5364091271359449,0.5362652463165481,0.9998584594838629,0.9498584270477295,0.9998581532412033,0.9999951006283777,0.9999950881840792,0.9999954140657844,0.9999954031648958,-9.48621865013097,-37.29390838763662,,834.8288788530979,False,False,False,,[]
381,381,382,True,1.0,1.0,381.0,382.0,381.0,382.0,382.0,0.0,90.123264,90.123264,150.77236907326466,0.5150425434112549,0.5150425434112549,0.0,1.0,0.5362652463165481,0.5360592010454013,0.9998581532412033,0.9498581290245056,0.9998577263316091,0.9999950881840792,0.9999950707181374,0.9999954031648958,0.9999953920894926,-13.582478309805063,-53.406934281278225,,782.9151776892971,False,False,False,,[]
382,382,383,True,1.0,1.0,382.0,383.0,382.0,383.0,383.0,0.0,90.123264,90.123264,150.77236907326466,0.5150426626205444,0.5150426626205444,0.0,1.0,0.5360592010454013,0.5358531554792163,0.9998577263316091,0.9498577117919922,0.9998572994214624,0.9999950707181374,0.9999950532521943,0.9999953920894926,0.9999953810140944,-13.582478066433142,-53.407010755140874,,782.9149651590055,False,False,False,,[]
383,383,384,True,1.0,1.0,383.0,384.0,383.0,384.0,384.0,0.0,90.123264,90.28419840000001,175.47714059326435,0.515042781829834,0.515042781829834,0.0,1.0,0.5358531554792163,0.5356142161225187,0.9998572994214624,0.9498572945594788,0.9998568122226442,0.9999950532521943,0.99999503512249,0.9999953810140944,0.9999953662358534,-15.749169293131425,-61.93308125602009,,757.250378691722,False,False,False,,[]
384,384,385,True,1.0,1.0,384.0,385.0,384.0,385.0,385.0,0.0,90.28419840000001,90.7670016,225.12749755772518,0.5150429606437683,0.5150429606437683,0.0,1.0,0.5356142161225187,0.5353171906508181,0.9998568122226442,0.9498568177223206,0.9998562253827179,0.99999503512249,0.9999950175148931,0.9999953662358534,0.9999953505696056,-19.573886886908195,-76.98900226480254,,719.9510559354363,False,False,False,,[]
385,385,386,True,1.0,1.0,385.0,386.0,385.0,386.0,386.0,0.0,90.7670016,91.2498048,225.85251717865276,0.5150431394577026,0.5150431394577026,0.0,1.0,0.5353171906508181,0.5350177666086877,0.9998562253827179,0.9498562216758728,0.9998556346290645,0.9999950175148931,0.9999949998408448,0.9999953505696056,0.9999953348292564,-19.730998995740265,-77.61071172018595,,718.4352913570965,False,False,False,,[]
386,386,387,True,1.0,1.0,386.0,387.0,386.0,387.0,387.0,0.0,91.2498048,91.5716736,201.87663205088836,0.515043318271637,0.515043318271637,0.0,1.0,0.5350177666086877,0.5347441576419029,0.9998556346290645,0.949855625629425,0.9998550868552827,0.9999949998408448,0.9999949814656052,0.9999953348292564,0.9999953190007028,-18.030611902484665,-70.91944419063944,,733.8964021253427,False,False,False,,[]
387,387,388,True,1.0,1.0,387.0,388.0,387.0,388.0,388.0,0.0,91.5716736,91.89354240000002,202.36470451866796,0.5150434970855713,0.5150434970855713,0.0,1.0,0.5347441576419029,0.5344692509652856,0.9998550868552827,0.9498550891876221,0.9998545368764921,0.9999949814656052,0.9999949630324331,0.9999953190007028,0.9999953033488503,-18.11553895087024,-71.25581057917063,,733.1434304721691,False,False,False,,[]
388,388,389,True,1.0,1.0,388.0,389.0,388.0,389.0,389.0,0.0,91.89354240000002,92.2154112,202.85449555146513,0.5150436162948608,0.5150436162948608,0.0,1.0,0.5344692509652856,0.5341929103417752,0.9998545368764921,0.9498545527458191,0.9998539844665848,0.9999949630324331,0.9999949445416496,0.9999953033488503,0.9999952877450411,-18.20943204405548,-71.62748961392144,,732.2379894423963,False,False,False,,[]
389,389,390,True,1.0,1.0,389.0,390.0,389.0,390.0,390.0,0.0,92.2154112,92.37634560000001,178.64123362929985,0.5150437951087952,0.5150437951087952,0.0,1.0,0.5341929103417752,0.5339443713965766,0.9998539844665848,0.9498539566993713,0.9998534801801247,0.9999949445416496,0.9999949259526351,0.9999952877450411,0.9999952723627913,-16.378418607858972,-64.42129459546575,,750.2219594102528,False,False,False,,[]
390,390,391,True,1.0,1.0,390.0,391.0,390.0,391.0,391.0,0.0,92.37634560000001,92.37634560000001,154.1828613700987,0.5150439739227295,0.5150439739227295,0.0,1.0,0.5339443713965766,0.5337284284396839,0.9998534801801247,0.9498534798622131,0.999853034854378,0.9999949259526351,0.9999949079203725,0.9999952723627913,0.9999952604531653,-14.231626444674422,-55.97241442657719,,774.9430412521754,False,False,False,,[]
391,391,392,True,1.0,1.0,391.0,392.0,391.0,392.0,392.0,0.0,92.37634560000001,92.05447680000002,104.77331833009936,0.515044093132019,0.515044093132019,0.0,1.0,0.5337284284396839,0.5335779667864248,0.999853034854378,0.9498530030250549,0.9998527154528032,0.9999949079203725,0.9999948951216024,0.9999952604531653,0.9999952493226573,-9.918151325971898,-38.99966052478296,,828.9598181089984,False,False,False,,[]
392,392,393,True,1.0,1.0,392.0,393.0,392.0,393.0,393.0,0.0,92.05447680000002,91.732608,104.28094944975128,0.5150442123413086,0.5150442123413086,0.0,1.0,0.5335779667864248,0.5334286152294245,0.9998527154528032,0.949852705001831,0.9998523982649,0.9999948951216024,0.9999948823816471,0.9999952493226573,0.9999952382291426,-9.845280305248705,-38.71192357446911,,829.9417643537707,False,False,False,,[]
393,393,394,True,1.0,1.0,393.0,394.0,393.0,394.0,394.0,0.0,91.732608,91.5716736,128.4950706544381,0.5150442719459534,0.5150442719459534,0.0,1.0,0.5334286152294245,0.5332479267304482,0.9998523982649,0.9498524069786072,0.9998520195655587,0.9999948823816471,0.9999948664366307,0.9999952382291426,0.9999952276822501,-11.91016056245664,-46.83445893466716,,803.1803745341766,False,False,False,,[]
394,394,395,True,1.0,1.0,394.0,395.0,394.0,395.0,395.0,0.0,91.5716736,91.0888704,78.84084691866563,0.5150443911552429,0.5150443911552429,0.0,1.0,0.5332479267304482,0.5331390443399282,0.9998520195655587,0.9498519897460938,0.9998517940729031,0.9999948664366307,0.9999948613004639,0.9999952276822501,0.9999952173102731,-7.178749343580049,-28.222315622765528,,871.8853422291911,False,False,False,,[]
395,395,396,True,1.0,1.0,395.0,396.0,395.0,396.0,396.0,0.0,91.0888704,90.6060672,78.10938267888541,0.5150444507598877,0.5150444507598877,0.0,1.0,0.5331390443399282,0.5330304642166417,0.9998517940729031,0.9498518109321594,0.9998515692727181,0.9999948613004639,0.9999948552265249,0.9999952173102731,0.9999952070170908,-7.159139078335049,-28.143967955869694,,871.5149379372297,False,False,False,,[]
396,396,397,True,1.0,1.0,396.0,397.0,396.0,397.0,397.0,0.0,90.6060672,90.28419840000001,102.08655673042036,0.5150445103645325,0.5150445103645325,0.0,1.0,0.5330304642166417,0.5328860412559417,0.9998515692727181,0.9498515725135803,0.9998512619427533,0.9999948552265249,0.9999948427525073,0.9999952070170908,0.9999951960963875,-9.521732676414704,-37.434431413436,,834.3410239955977,False,False,False,,[]
397,397,398,True,1.0,1.0,397.0,398.0,397.0,398.0,398.0,0.0,90.28419840000001,90.7670016,225.12749755772518,0.515044629573822,0.515044629573822,0.0,1.0,0.5328860412559417,0.5325890145166418,0.9998512619427533,0.9498512744903564,0.9998506751007543,0.9999948427525073,0.9999948251449375,0.9999951960963875,0.9999951804301299,-19.573885145207647,-76.989330826571,,719.9503004463722,False,False,False,,[]
398,398,399,True,1.0,1.0,398.0,399.0,398.0,399.0,399.0,0.0,90.7670016,91.2498048,225.85251717865276,0.5150448083877563,0.5150448083877563,0.0,1.0,0.5325890145166418,0.5322895889608426,0.9998506751007543,0.9498506784439087,0.9998500843446363,0.9999948251449375,0.9999948074709173,0.9999951804301299,0.9999951646897703,-19.730997227762497,-77.6111040631584,,718.4343919811714,False,False,False,,[]
399,399,400,True,1.0,1.0,399.0,400.0,399.0,400.0,400.0,0.0,91.2498048,91.89354240000002,251.28617509089162,0.5150449872016907,0.5150449872016907,0.0,1.0,0.5322895889608426,0.5319609427295253,0.9998500843446363,0.9498500823974609,0.9998494472713358,0.9999948074709173,0.9999947910018392,0.9999951646897703,0.9999951498302833,-21.65362848389564,-85.18510315743625,,702.4039856596388,False,False,False,,[]
400,400,401,True,1.0,1.0,400.0,401.0,400.0,401.0,401.0,0.0,91.89354240000002,92.53728000000001,252.2640385914665,0.515045166015625,0.515045166015625,0.0,1.0,0.5319609427295253,0.5316290474460003,0.9998494472713358,0.9498494267463684,0.999848805207199,0.9999947910018392,0.9999947743764995,0.9999951498302833,0.9999951351679914,-21.866311171698882,-86.02725748968598,,700.5797086301844,False,False,False,,[]
401,401,402,True,1.0,1.0,401.0,402.0,401.0,402.0,402.0,0.0,92.53728000000001,93.0200832,228.54400483215505,0.5150453448295593,0.5150453448295593,0.0,1.0,0.5316290474460003,0.5313214720739803,0.999848805207199,0.9498487710952759,0.9998482012780248,0.9999947743764995,0.9999947564674314,0.9999951351679914,0.9999951199255287,-20.264515794510064,-79.72353642756961,,713.7148340307543,False,False,False,,[]
402,402,403,True,1.0,1.0,402.0,403.0,402.0,403.0,403.0,0.0,93.0200832,93.341952,204.5822978658685,0.5150455236434937,0.5150455236434937,0.0,1.0,0.5313214720739803,0.5310399491858614,0.9998482012780248,0.9498481750488281,0.9998476401294576,0.9999947564674314,0.9999947377776287,0.9999951199255287,0.9999951043736479,-18.54881511369932,-72.97073260042636,,728.9270320361852,False,False,False,,[]
403,403,404,True,1.0,1.0,403.0,404.0,403.0,404.0,404.0,0.0,93.341952,93.341952,155.67027940129537,0.515045702457428,0.515045702457428,0.0,1.0,0.5310399491858614,0.5308198744056463,0.9998476401294576,0.9498476386070251,0.9998471871848755,0.9999947377776287,0.9999947196353125,0.9999951043736479,0.9999950921246095,-14.50255396870815,-57.04338303175405,,771.7475013078364,False,False,False,,[]
404,404,405,True,1.0,1.0,404.0,405.0,404.0,405.0,405.0,0.0,93.341952,93.341952,155.67027940129537,0.5150458812713623,0.5150458812713623,0.0,1.0,0.5308198744056463,0.5305997992929344,0.9998471871848755,0.9498471617698669,0.9998467342396821,0.9999947196353125,0.9999947014929924,0.9999950921246095,0.9999950798755793,-14.502553705683505,-57.043469214912726,,771.7472695051505,False,False,False,,[]
405,405,406,True,1.0,1.0,405.0,406.0,405.0,406.0,406.0,0.0,93.341952,93.341952,155.67027940129537,0.5150460004806519,0.5150460004806519,0.0,1.0,0.5305997992929344,0.5303797238402852,0.9998467342396821,0.9498467445373535,0.9998462812938634,0.9999947014929924,0.9999946833506697,0.9999950798755793,0.9999950676265548,-14.502553530333778,-57.04355732667692,,771.7470315252848,False,False,False,,[]
406,406,407,True,1.0,1.0,406.0,407.0,406.0,407.0,407.0,0.0,93.341952,93.341952,155.67027940129537,0.5150461196899414,0.5150461196899414,0.0,1.0,0.5303797238402852,0.5301596480417666,0.9998462812938634,0.9498462677001953,0.9998458283474088,0.9999946833506697,0.9999946652083442,0.9999950676265548,0.9999950553775359,-14.502553354984087,-57.0436469760235,,771.746789430662,False,False,False,,[]
407,407,408,True,1.0,1.0,407.0,408.0,407.0,408.0,408.0,0.0,93.341952,93.341952,155.67027940129537,0.515046238899231,0.515046238899231,0.0,1.0,0.5301596480417666,0.5299395718916191,0.9998458283474088,0.9498457908630371,0.9998453754003075,0.9999946652083442,0.9999946470660162,0.9999950553775359,0.9999950431285225,-14.502553179634422,-57.04373811822496,,771.7465432115035,False,False,False,,[]
408,408,409,True,1.0,1.0,408.0,409.0,408.0,409.0,409.0,0.0,93.341952,93.1810176,130.9655078812957,0.5150463581085205,0.5150463581085205,0.0,1.0,0.5299395718916191,0.5297531780621865,0.9998453754003075,0.9498453736305237,0.9998449857276148,0.9999946470660162,0.9999946308995309,0.9999950431285225,0.9999950326883846,-12.284246928607436,-48.31328058895312,,798.7426373430261,False,False,False,,[]
409,409,410,True,1.0,1.0,409.0,410.0,409.0,410.0,410.0,0.0,93.1810176,93.0200832,130.71653077295414,0.5150465369224548,0.5150465369224548,0.0,1.0,0.5297531780621865,0.5295673596779576,0.9998449857276148,0.9498449563980103,0.9998445971584479,0.9999946308995309,0.9999946147546335,0.9999950326883846,0.9999950222362118,-12.246504203481692,-48.16412519210006,,799.1865105206894,False,False,False,,[]
410,410,411,True,1.0,1.0,410.0,411.0,410.0,411.0,411.0,0.0,93.0200832,92.85914880000001,130.4679833058714,0.5150465965270996,0.5150465965270996,0.0,1.0,0.5295673596779576,0.5293821155647722,0.9998445971584479,0.9498445987701416,0.9998442096912865,0.9999946147546335,0.9999945986314516,0.9999950222362118,0.9999950117723114,-12.208835757230341,-48.01527413766207,,799.6303074735971,False,False,False,,[]
411,411,412,True,1.0,1.0,411.0,412.0,411.0,412.0,412.0,0.0,92.85914880000001,92.85914880000001,154.92463700004126,0.5150467157363892,0.5150467157363892,0.0,1.0,0.5293821155647722,0.5291641046777137,0.9998442096912865,0.9498441815376282,0.9998437605472655,0.9999945986314516,0.9999945805382909,0.9999950117723114,0.9999949996941341,-14.36708199272462,-56.50842192557827,,773.3374126974919,False,False,False,,[]
412,412,413,True,1.0,1.0,412.0,413.0,412.0,413.0,413.0,0.0,92.85914880000001,93.0200832,179.629408520039,0.5150468945503235,0.5150468945503235,0.0,1.0,0.5291641046777137,0.5289126247782703,0.9998437605472655,0.9498437643051147,0.9998432510732778,0.9999945805382909,0.999994561809568,0.9999949996941341,0.9999949841897102,-16.57092942792778,-65.18358993573308,,748.1331580908255,False,False,False,,[]
413,413,414,True,1.0,1.0,413.0,414.0,413.0,414.0,414.0,0.0,93.0200832,93.1810176,179.87752634586877,0.515047013759613,0.515047013759613,0.0,1.0,0.5289126247782703,0.5286604061414489,0.9998432510732778,0.9498432278633118,0.9998427402997725,0.999994561809568,0.9999945430460497,0.9999949841897102,0.9999949686548131,-16.619292887256147,-65.3750706640993,,747.6107838928219,False,False,False,,[]
414,414,415,True,1.0,1.0,414.0,415.0,414.0,415.0,415.0,0.0,93.1810176,93.341952,180.1260738129535,0.5150471925735474,0.5150471925735474,0.0,1.0,0.5286604061414489,0.5284074631753976,0.9998427402997725,0.9498427510261536,0.9998422282534783,0.9999945430460497,0.9999945242477888,0.9999949686548131,0.9999949531048212,-16.666706676429033,-65.56281680050711,,747.10728561281,False,False,False,,[]
415,415,416,True,1.0,1.0,415.0,416.0,415.0,416.0,416.0,0.0,93.341952,93.50288640000001,180.37505092129703,0.5150473117828369,0.5150473117828369,0.0,1.0,0.5284074631753976,0.5281537798549302,0.9998422282534783,0.9498422145843506,0.9998417149076536,0.9999945242477888,0.999994505414839,0.9999949531048212,0.9999949375256652,-16.71517458324484,-65.75471666513336,,746.5862295531972,False,False,False,,[]
416,416,417,True,1.0,1.0,416.0,417.0,416.0,417.0,417.0,0.0,93.50288640000001,93.9856896,230.03400071089283,0.5150474905967712,0.5150474905967712,0.0,1.0,0.5281537798549302,0.5278416098377994,0.9998417149076536,0.9498416781425476,0.9998411036378282,0.999994505414839,0.9999944873835537,0.9999949375256652,0.9999949224894998,-20.564717468819683,-80.91446844030858,,711.0532406862627,False,False,False,,[]
417,417,418,True,1.0,1.0,417.0,418.0,417.0,418.0,418.0,0.0,93.9856896,94.7903616,280.1943418472285,0.5150476694107056,0.5150476694107056,0.0,1.0,0.5278416098377994,0.5274640275372015,0.9998411036378282,0.9498410820960999,0.9998403949423624,0.9999944873835537,0.9999944666401602,0.9999949224894998,0.9999949079834697,-24.867680344043894,-97.86933231498001,,673.9901216618374,False,False,False,,[]
418,418,419,True,1.0,1.0,418.0,419.0,418.0,419.0,419.0,0.0,94.7903616,95.11223040000002,207.33995027293074,0.5150479078292847,0.5150479078292847,0.0,1.0,0.5274640275372015,0.527174099926977,0.9998403949423624,0.9498403668403625,0.9998398197806894,0.9999944666401602,0.9999944476462865,0.9999949079834697,0.9999948924072979,-19.098688340007058,-75.14923657019091,,723.581764046217,False,False,False,,[]
419,419,420,True,1.0,1.0,419.0,420.0,419.0,420.0,420.0,0.0,95.11223040000002,95.59503360000001,232.5516984760034,0.5150480270385742,0.5150480270385742,0.0,1.0,0.527174099926977,0.5268540568042717,0.9998398197806894,0.9498398303985596,0.9998391960784955,0.9999944476462865,0.9999944294211447,0.9999948924072979,0.9999948776042322,-21.07989533669744,-82.95517740520147,,706.4933202539632,False,False,False,,[]
420,420,421,True,1.0,1.0,420.0,421.0,420.0,421.0,421.0,0.0,95.59503360000001,96.2387712,258.0201573300447,0.5150482654571533,0.5150482654571533,0.0,1.0,0.5268540568042717,0.5265025675674261,0.9998391960784955,0.949839174747467,0.9998385246149442,0.9999944294211447,0.9999944116016415,0.9999948776042322,0.9999948640298348,-23.147853078010073,-91.10601019037566,,689.6411453186246,False,False,False,,[]
421,421,422,True,1.0,1.0,421.0,422.0,421.0,422.0,422.0,0.0,96.2387712,96.3997056,184.93010752636366,0.5150484442710876,0.5150484442710876,0.0,1.0,0.5265025675674261,0.5262353670881392,0.9998385246149442,0.9498385190963745,0.9998379877975442,0.9999944116016415,0.9999943921542348,0.9999948640298348,0.9999948479798483,-17.600624215720607,-69.25836423114846,,737.2567316413748,False,False,False,,[]
422,422,423,True,1.0,1.0,422.0,423.0,422.0,423.0,423.0,0.0,96.3997056,96.3997056,160.48247629858557,0.515048623085022,0.515048623085022,0.0,1.0,0.5262353670881392,0.526001445737419,0.9998379877975442,0.9498379826545715,0.9998375096241298,0.9999943921542348,0.9999943737354522,0.9999948479798483,0.9999948341938834,-15.409884580819552,-60.63241410667007,,761.0677672930509,False,False,False,,[]
423,423,424,True,1.0,1.0,423.0,424.0,423.0,424.0,424.0,0.0,96.3997056,96.2387712,135.7777047785859,0.5150487422943115,0.5150487422943115,0.0,1.0,0.526001445737419,0.5258036177119443,0.9998375096241298,0.9498375058174133,0.9998370981780168,0.9999943737354522,0.9999943571837482,0.9999948341938834,0.9999948237665861,-13.033659016941915,-51.277024203042835,,789.9195908932752,False,False,False,,[]
424,424,425,True,1.0,1.0,424.0,425.0,424.0,425.0,425.0,0.0,96.2387712,95.91690240000001,110.81579296636659,0.5150488615036011,0.5150488615036011,0.0,1.0,0.5258036177119443,0.5256394025140959,0.9998370981780168,0.9498370885848999,0.9998367515580288,0.9999943571837482,0.9999943436889516,0.9999948237665861,0.9999948122370838,-10.820425181696127,-42.56457928229173,,817.0592188826809,False,False,False,,[]
425,425,426,True,1.0,1.0,425.0,426.0,425.0,426.0,426.0,0.0,95.91690240000001,95.59503360000001,110.30280130568998,0.5150489807128906,0.5150489807128906,0.0,1.0,0.5256394025140959,0.5254763636247676,0.9998367515580288,0.9498367309570312,0.999836407250727,0.9999943436889516,0.9999943302513467,0.9999948122370838,0.9999948007374114,-10.743264833126156,-42.25968011389392,,818.0582117615987,False,False,False,,[]
426,426,427,True,1.0,1.0,426.0,427.0,426.0,427.0,427.0,0.0,95.59503360000001,95.27316480000002,109.7915282100466,0.5150490999221802,0.5150490999221802,0.0,1.0,0.5254763636247676,0.5253144954469174,0.999836407250727,0.9498363733291626,0.9998360652479684,0.9999943302513467,0.9999943168710932,0.9999948007374114,0.9999947892682295,-10.666464743017038,-41.95623169874899,,819.0558996016823,False,False,False,,[]
427,427,428,True,1.0,1.0,427.0,428.0,427.0,428.0,428.0,0.0,95.27316480000002,95.11223040000002,133.98674519942836,0.515049159526825,0.515049159526825,0.0,1.0,0.5253144954469174,0.5251209416227782,0.9998360652479684,0.9498360753059387,0.9998356619064338,0.9999943168710932,0.9999943004555544,0.9999947892682295,0.9999947788374773,-12.753503236274796,-50.16915121687714,,793.1885607703459,False,False,False,,[]
428,428,429,True,1.0,1.0,428.0,429.0,428.0,429.0,429.0,0.0,95.11223040000002,94.95129600000001,133.73261239600467,0.5150492787361145,0.5150492787361145,0.0,1.0,0.5251209416227782,0.5249279933209847,0.9998356619064338,0.9498356580734253,0.9998352597164191,0.9999943004555544,0.9999942840600271,0.9999947788374773,0.9999947684071581,-12.713799953609566,-50.0121998248823,,793.6551084819564,False,False,False,,[]
429,429,430,True,1.0,1.0,429.0,430.0,429.0,430.0,430.0,0.0,94.95129600000001,94.7903616,133.47890923383386,0.5150494575500488,0.5150494575500488,0.0,1.0,0.5249279933209847,0.5247356492814595,0.9998352597164191,0.9498352408409119,0.9998348586763532,0.9999942840600271,0.9999942676846472,0.9999947684071581,0.9999947579774978,-12.674176416852626,-49.855575044922084,,794.1215398901865,False,False,False,,[]
430,430,431,True,1.0,1.0,430.0,431.0,430.0,431.0,431.0,0.0,94.7903616,94.4684928,108.52086419293006,0.5150495767593384,0.5150495767593384,0.0,1.0,0.5247356492814595,0.5245766831806813,0.9998348586763532,0.9498348236083984,0.9998345223985741,0.9999942676846472,0.9999942544484367,0.9999947579774978,0.9999947465873529,-10.476037812988565,-41.20401332173632,,821.5440164311317,False,False,False,,[]
431,431,432,True,1.0,1.0,431.0,432.0,431.0,432.0,432.0,0.0,94.4684928,94.3075584,132.72037759487634,0.5150496363639832,0.5150496363639832,0.0,1.0,0.5245766831806813,0.5243861447012602,0.9998345223985741,0.9498345255851746,0.9998341247995007,0.9999942544484367,0.9999942381343186,0.9999947465873529,0.9999947361610235,-12.555781823608449,-49.387573865957286,,795.5203712249116,False,False,False,,[]
432,432,433,True,1.0,1.0,432.0,433.0,432.0,433.0,433.0,0.0,94.3075584,94.146624,132.46839299773882,0.5150497555732727,0.5150497555732727,0.0,1.0,0.5243861447012602,0.5241962054784087,0.9998341247995007,0.9498341083526611,0.9998337283440943,0.9999942381343186,0.9999942218408872,0.9999947361610235,0.9999947257362473,-12.516475999533647,-49.23224656311178,,795.9863368041792,False,False,False,,[]
433,433,434,True,1.0,1.0,433.0,434.0,433.0,434.0,434.0,0.0,94.146624,93.9856896,132.2168380418562,0.5150498747825623,0.5150498747825623,0.0,1.0,0.5241962054784087,0.5240068642630452,0.9998337283440943,0.9498336911201477,0.9998333330307728,0.9999942218408872,0.9999942055682742,0.9999947257362473,0.9999947153132436,-12.477249539099667,-49.07724302221313,,796.4521788423899,False,False,False,,[]
434,434,435,True,1.0,1.0,434.0,435.0,434.0,435.0,435.0,0.0,93.9856896,93.9856896,156.6704842472301,0.5150499939918518,0.5150499939918518,0.0,1.0,0.5240068642630452,0.523783941608103,0.9998333330307728,0.949833333492279,0.9998328748588902,0.9999942055682742,0.9999941873625685,0.9999947153132436,0.9999947027705026,-14.688830440595087,-57.78155216102362,,769.5336755117199,False,False,False,,[]
435,435,436,True,1.0,1.0,435.0,436.0,435.0,436.0,436.0,0.0,93.9856896,93.8247552,131.96571272722844,0.5150501728057861,0.5150501728057861,0.0,1.0,0.523783941608103,0.5235951966466551,0.9998328748588902,0.9498328566551208,0.9998324806851008,0.9999941873625685,0.9999941711109012,0.9999947027705026,0.9999946923494862,-12.438102898562247,-48.922694007296926,,796.9175077060978,False,False,False,,[]
436,436,437,True,1.0,1.0,436.0,437.0,436.0,437.0,437.0,0.0,93.8247552,93.66382080000001,131.71501705386342,0.5150502920150757,0.5150502920150757,0.0,1.0,0.5235951966466551,0.5234070472019321,0.9998324806851008,0.9498324394226074,0.9998320876502271,0.9999941711109012,0.9999941548803133,0.9999946923494862,0.9999946819306765,-12.399035033387012,-48.768336072193335,,797.3830973321813,False,False,False,,[]
437,437,438,True,1.0,1.0,437.0,438.0,437.0,438.0,438.0,0.0,93.66382080000001,93.50288640000001,131.4647510217494,0.5150503516197205,0.5150503516197205,0.0,1.0,0.5234070472019321,0.523219492032215,0.9998320876502271,0.9498320817947388,0.9998316957526825,0.9999941548803133,0.999994138670935,0.9999946819306765,0.9999946715142893,-12.360046235751211,-48.61429999069302,,797.8485600851859,False,False,False,,[]
438,438,439,True,1.0,1.0,438.0,439.0,438.0,439.0,439.0,0.0,93.50288640000001,93.341952,131.21491463089217,0.5150505304336548,0.5150505304336548,0.0,1.0,0.523219492032215,0.5230325156630036,0.9998316957526825,0.9498316645622253,0.9998313049636074,0.999994138670935,0.9999941224828918,0.9999946715142893,0.9999946610864573,-12.322073976764935,-48.464274899579834,,798.2941080754537,False,False,False,,[]
439,439,440,True,1.0,1.0,439.0,440.0,439.0,440.0,440.0,0.0,93.341952,93.1810176,130.9655078812957,0.5150505900382996,0.5150505900382996,0.0,1.0,0.5230325156630036,0.5228461157061938,0.9998313049636074,0.9498313069343567,0.9998309152791682,0.9999941224828918,0.999994106316313,0.9999946610864573,0.999994650646284,-12.284256361468152,-48.314868805087215,,798.737896517876,False,False,False,,[]
440,440,441,True,1.0,1.0,440.0,441.0,440.0,441.0,441.0,0.0,93.1810176,93.1810176,155.42130229295384,0.5150507092475891,0.5150507092475891,0.0,1.0,0.5228461157061938,0.5226267221716588,0.9998309152791682,0.9498308897018433,0.9998304635879313,0.999994106316313,0.9999940881901179,0.999994650646284,0.999994638454655,-14.45728462841271,-56.866804151447305,,772.2720464271995,False,False,False,,[]
441,441,442,True,1.0,1.0,441.0,442.0,441.0,442.0,442.0,0.0,93.1810176,93.1810176,155.42130229295384,0.5150508880615234,0.5150508880615234,0.0,1.0,0.5226267221716588,0.5224073279798485,0.9998304635879313,0.9498304724693298,0.9998300118954846,0.9999940881901179,0.9999940700639188,0.999994638454655,0.9999946262630343,-14.457284368660662,-56.866974517238454,,772.2715848610951,False,False,False,,[]
442,442,443,True,1.0,1.0,442.0,443.0,442.0,443.0,443.0,0.0,93.1810176,93.1810176,155.42130229295384,0.515051007270813,0.515051007270813,0.0,1.0,0.5224073279798485,0.5221879331326971,0.9998300118954846,0.9498299956321716,0.9998295602018317,0.9999940700639188,0.9999940519377172,0.9999946262630343,0.9999946140714191,-14.457284195492669,-56.86714438163856,,772.2711238599506,False,False,False,,[]
443,443,444,True,1.0,1.0,443.0,444.0,443.0,444.0,444.0,0.0,93.1810176,93.1810176,155.42130229295384,0.5150511264801025,0.5150511264801025,0.0,1.0,0.5221879331326971,0.521968537633376,0.9998295602018317,0.9498295187950134,0.9998291085069784,0.9999940519377172,0.9999940338115129,0.9999946140714191,0.9999946018798095,-14.457284022324703,-56.86731342402324,,772.270665035477,False,False,False,,[]
444,444,445,True,1.0,1.0,444.0,445.0,444.0,445.0,445.0,0.0,93.1810176,93.341952,180.1260738129535,0.5150512456893921,0.5150512456893921,0.0,1.0,0.521968537633376,0.5217155856291028,0.9998291085069784,0.9498291015625,0.9998285964448109,0.9999940338115129,0.9999940150132389,0.9999946018798095,0.9999945863298318,-16.66670586407069,-65.56515950760954,,747.1013554846018,False,False,False,,[]
445,445,446,True,1.0,1.0,445.0,446.0,445.0,446.0,446.0,0.0,93.341952,93.50288640000001,180.37505092129703,0.5150514245033264,0.5150514245033264,0.0,1.0,0.5217155856291028,0.5214618929505973,0.9998285964448109,0.949828565120697,0.9998280830825694,0.9999940150132389,0.9999939961802764,0.9999945863298318,0.99999457075069,-16.715173748506707,-65.75714226863921,,746.5800992665527,False,False,False,,[]
446,446,447,True,1.0,1.0,446.0,447.0,446.0,447.0,447.0,0.0,93.50288640000001,93.50288640000001,155.91968615089382,0.5150516033172607,0.5150516033172607,0.0,1.0,0.5214618929505973,0.5212411127217931,0.9998280830825694,0.9498280882835388,0.9998276288412971,0.9999939961802764,0.9999939780217604,0.99999457075069,0.9999945584445106,-14.547912711291202,-57.22623530605031,,771.2068078302291,False,False,False,,[]
447,447,448,True,1.0,1.0,447.0,448.0,447.0,448.0,448.0,0.0,93.50288640000001,93.66382080000001,180.6244576708935,0.5150517225265503,0.5150517225265503,0.0,1.0,0.5212411127217931,0.5209866772277973,0.9998276288412971,0.9498276114463806,0.9998271141766661,0.9999939780217604,0.9999939591541631,0.9999945584445106,0.999994542836246,-16.76373563570883,-65.94968004369933,,746.0583022826014,False,False,False,,[]
448,448,449,True,1.0,1.0,448.0,449.0,448.0,449.0,449.0,0.0,93.66382080000001,93.66382080000001,156.16952254174907,0.5150519013404846,0.5150519013404846,0.0,1.0,0.5209866772277973,0.5207652019291947,0.9998271141766661,0.9498270750045776,0.9998266586589599,0.9999939591541631,0.9999939409797343,0.999994542836246,0.9999945304724235,-14.59338533004361,-57.40639739779531,,770.6741110651743,False,False,False,,[]
449,449,450,True,1.0,1.0,449.0,450.0,449.0,450.0,450.0,0.0,93.66382080000001,93.66382080000001,156.16952254174907,0.5150520205497742,0.5150520205497742,0.0,1.0,0.5207652019291947,0.5205437260438449,0.9998266586589599,0.9498266577720642,0.9998262031401767,0.9999939409797343,0.9999939228053029,0.9999945304724235,0.9999945181086066,-14.593385150295674,-57.40654948266044,,770.6737004511089,False,False,False,,[]
450,450,451,True,1.0,1.0,450.0,451.0,450.0,451.0,451.0,0.0,93.66382080000001,93.50288640000001,131.4647510217494,0.5150521397590637,0.5150521397590637,0.0,1.0,0.5205437260438449,0.5203561638635892,0.9998262031401767,0.949826180934906,0.9998258112292107,0.9999939228053029,0.9999939065958852,0.9999945181086066,0.9999945076921897,-12.360051194966468,-48.61611712228861,,797.8431990932484,False,False,False,,[]
451,451,452,True,1.0,1.0,451.0,452.0,451.0,452.0,452.0,0.0,93.50288640000001,93.341952,131.21491463089217,0.5150522589683533,0.5150522589683533,0.0,1.0,0.5203561638635892,0.5201691805503897,0.9998258112292107,0.9498258233070374,0.9998254204268326,0.9999939065958852,0.9999938904078037,0.9999945076921897,0.9999944972643429,-12.322077845108666,-48.46607478128359,,798.2888013833259,False,False,False,,[]
452,452,453,True,1.0,1.0,452.0,453.0,452.0,453.0,453.0,0.0,93.341952,93.341952,155.67027940129537,0.5150523781776428,0.5150523781776428,0.0,1.0,0.5201691805503897,0.5199490890372491,0.9998254204268326,0.9498254060745239,0.9998249674514798,0.9999938904078037,0.9999938722653401,0.9999944972643429,0.9999944850156156,-14.502544149168735,-57.04772020605777,,771.7358002922083,False,False,False,,[]
453,453,454,True,1.0,1.0,453.0,454.0,453.0,454.0,454.0,0.0,93.341952,93.341952,155.67027940129537,0.5150524973869324,0.5150524973869324,0.0,1.0,0.5199490890372491,0.5197289969068598,0.9998249674514798,0.9498249292373657,0.9998245144749918,0.9999938722653401,0.9999938541228738,0.9999944850156156,0.9999944727668939,-14.502543973820702,-57.04788019691188,,771.7353667896573,False,False,False,,[]
454,454,455,True,1.0,1.0,454.0,455.0,454.0,455.0,455.0,0.0,93.341952,93.341952,155.67027940129537,0.5150526762008667,0.5150526762008667,0.0,1.0,0.5197289969068598,0.5195089041626917,0.9998245144749918,0.9498245120048523,0.9998240614973751,0.9999938541228738,0.9999938359804036,0.9999944727668939,0.9999944605181805,-14.50254371079871,-57.0480392883885,,771.7349366633905,False,False,False,,[]
455,455,456,True,1.0,1.0,455.0,456.0,455.0,456.0,456.0,0.0,93.341952,93.341952,155.67027940129537,0.5150527954101562,0.5150527954101562,0.0,1.0,0.5195089041626917,0.5192888108055038,0.9998240614973751,0.9498240351676941,0.9998236085186312,0.9999938359804036,0.9999938178379307,0.9999944605181805,0.9999944482694727,-14.502543535450753,-57.04819818309063,,771.7345061433175,False,False,False,,[]
456,456,457,True,1.0,1.0,456.0,457.0,456.0,457.0,457.0,0.0,93.341952,93.341952,155.67027940129537,0.5150529146194458,0.5150529146194458,0.0,1.0,0.5192888108055038,0.5190687168373402,0.9998236085186312,0.9498236179351807,0.9998231555387637,0.9999938178379307,0.9999937996954552,0.9999944482694727,0.9999944360207704,-14.502543360102827,-57.048356548012094,,771.7340770659105,False,False,False,,[]
457,457,458,True,1.0,1.0,457.0,458.0,457.0,458.0,458.0,0.0,93.341952,93.1810176,130.9655078812957,0.5150530338287354,0.5150530338287354,0.0,1.0,0.5190687168373402,0.5188823073547636,0.9998231555387637,0.9498231410980225,0.9998227658360634,0.9999937996954552,0.9999937835288225,0.9999944360207704,0.9999944255805767,-12.284261808531905,-48.317337883851735,,798.7306068350571,False,False,False,,[]
458,458,459,True,1.0,1.0,458.0,459.0,458.0,459.0,459.0,0.0,93.1810176,93.1810176,155.42130229295384,0.5150531530380249,0.5150531530380249,0.0,1.0,0.5188823073547636,0.5186629028015409,0.9998227658360634,0.9498227834701538,0.9998223141245456,0.9999937835288225,0.9999937654025733,0.9999944255805767,0.999994413389061,-14.457281078474045,-56.8696601953201,,772.2643007120447,False,False,False,,[]
459,459,460,True,1.0,1.0,459.0,460.0,459.0,460.0,460.0,0.0,93.1810176,93.341952,180.1260738129535,0.5150533318519592,0.5150533318519592,0.0,1.0,0.5186629028015409,0.5184099403419599,0.9998223141245456,0.9498223066329956,0.9998218020440164,0.9999937654025733,0.9999937466042927,0.999994413389061,0.9999943978390907,-16.666705445840215,-65.56786952340725,,747.0944952996246,False,False,False,,[]
460,460,461,True,1.0,1.0,460.0,461.0,460.0,461.0,461.0,0.0,93.341952,93.50288640000001,180.37505092129703,0.5150534510612488,0.5150534510612488,0.0,1.0,0.5184099403419599,0.518156237200783,0.9998218020440164,0.9498217701911926,0.9998212886634205,0.9999937466042927,0.9999937277713239,0.9999943978390907,0.9999943822599558,-16.715173337084213,-65.75985419304182,,746.5732449551367,False,False,False,,[]
461,461,462,True,1.0,1.0,461.0,462.0,461.0,462.0,462.0,0.0,93.50288640000001,93.50288640000001,155.91968615089382,0.5150536298751831,0.5150536298751831,0.0,1.0,0.518156237200783,0.5179354479288659,0.9998212886634205,0.9498212933540344,0.9998208344055337,0.9999937277713239,0.9999937096127632,0.9999943822599558,0.9999943699538713,-14.547909693087902,-57.2285792809031,,771.2004710907886,False,False,False,,[]
462,462,463,True,1.0,1.0,462.0,463.0,462.0,463.0,463.0,0.0,93.50288640000001,93.66382080000001,180.6244576708935,0.5150537490844727,0.5150537490844727,0.0,1.0,0.5179354479288659,0.5176810019937815,0.9998208344055337,0.9498208165168762,0.9998203197226065,0.9999937096127632,0.9999936907451599,0.9999943699538713,0.9999943543456136,-16.763735219110924,-65.95238637387979,,746.0514728615789,False,False,False,,[]
463,463,464,True,1.0,1.0,463.0,464.0,463.0,464.0,464.0,0.0,93.66382080000001,93.8247552,180.87429406174678,0.515053927898407,0.515053927898407,0.0,1.0,0.5176810019937815,0.5174258124955726,0.9998203197226065,0.9498202800750732,0.9998198037374494,0.9999936907451599,0.9999936718429774,0.9999943543456136,0.9999943387082743,-16.812391251210187,-66.14511793573698,,745.5300613515918,False,False,False,,[]
464,464,465,True,1.0,1.0,464.0,465.0,464.0,465.0,465.0,0.0,93.8247552,93.8247552,156.41978857386115,0.5150540471076965,0.5150540471076965,0.0,1.0,0.5174258124955726,0.517203632077562,0.9998198037374494,0.949819803237915,0.999819346926052,0.9999936718429774,0.9999936536527594,0.9999943387082743,0.9999943262866543,-14.63896094573834,-57.58916434833205,,770.1351474049362,False,False,False,,[]
465,465,466,True,1.0,1.0,465.0,466.0,465.0,466.0,466.0,0.0,93.8247552,93.8247552,156.41978857386115,0.5150542259216309,0.5150542259216309,0.0,1.0,0.517203632077562,0.5169814511164567,0.999819346926052,0.9498193264007568,0.9998188901136587,0.9999936536527594,0.9999936354625374,0.9999943262866543,0.9999943138650428,-14.638960672788118,-57.58930511851465,,770.1347688526582,False,False,False,,[]
466,466,467,True,1.0,1.0,466.0,467.0,466.0,467.0,467.0,0.0,93.8247552,93.66382080000001,131.71501705386342,0.5150543451309204,0.5150543451309204,0.0,1.0,0.5169814511164567,0.516793285939468,0.9998188901136587,0.9498188495635986,0.9998184970486871,0.9999936354625374,0.99999361923186,0.9999943138650428,0.9999943034461647,-12.399046315334662,-48.77241387545485,,797.3710805623929,False,False,False,,[]
467,467,468,True,1.0,1.0,467.0,468.0,467.0,468.0,468.0,0.0,93.66382080000001,93.50288640000001,131.4647510217494,0.51505446434021,0.51505446434021,0.0,1.0,0.516793285939468,0.5166057151389771,0.9998184970486871,0.94981849193573,0.999818105121218,0.99999361923186,0.999993603022391,0.9999943034461647,0.999994293029709,-12.360057641891963,-48.61835148723744,,797.8366040837952,False,False,False,,[]
468,468,469,True,1.0,1.0,468.0,469.0,468.0,469.0,469.0,0.0,93.50288640000001,93.341952,131.21491463089217,0.5150545835494995,0.5150545835494995,0.0,1.0,0.5166057151389771,0.5164187232751,0.999818105121218,0.9498180747032166,0.9998177143024591,0.999993603022391,0.9999935868342582,0.999994293029709,0.9999942826018423,-12.322083047316958,-48.468291116957715,,798.2822630700202,False,False,False,,[]
469,469,470,True,1.0,1.0,469.0,470.0,469.0,470.0,470.0,0.0,93.341952,93.0200832,106.26073636129603,0.5150547027587891,0.5150547027587891,0.0,1.0,0.5164187232751,0.5162648796541109,0.9998177143024591,0.9498177170753479,0.9998173881721116,0.9999935868342582,0.9999935738594324,0.9999942826018423,0.9999942713635931,-10.138920435492599,-39.87626656035284,,825.9890989409882,False,False,False,,[]
470,470,471,True,1.0,1.0,470.0,471.0,470.0,471.0,471.0,0.0,93.0200832,92.53728000000001,81.05844026587009,0.5150548219680786,0.5150548219680786,0.0,1.0,0.5162648796541109,0.516151405476616,0.9998173881721116,0.9498173594474792,0.999817152111979,0.9999935738594324,0.9999935684949438,0.9999942713635931,0.9999942607606546,-7.479561290763699,-29.412506806686856,,867.2668712540176,False,False,False,,[]
471,471,472,True,1.0,1.0,471.0,472.0,471.0,472.0,472.0,0.0,92.53728000000001,91.89354240000002,55.610604192157325,0.5150548815727234,0.5150548815727234,0.0,1.0,0.516151405476616,0.5160715856605503,0.999817152111979,0.9498171210289001,0.9998169914407703,0.9999935684949438,0.9999935641053503,0.9999942607606546,0.9999942522500554,-5.262048072515162,-20.689296324218827,,901.886370595507,False,False,False,,[]
472,472,473,True,1.0,1.0,472.0,473.0,472.0,473.0,473.0,0.0,91.89354240000002,91.732608,128.74018099146417,0.5150548815727234,0.5150548815727234,0.0,1.0,0.5160715856605503,0.5158903103666844,0.9998169914407703,0.9498170018196106,0.9998166116095158,0.9999935641053503,0.9999935481374177,0.9999942522500554,0.9999942417124337,-11.947257135610315,-46.986556170049845,,802.720275339828,False,False,False,,[]
473,473,474,True,1.0,1.0,473.0,474.0,473.0,474.0,474.0,0.0,91.732608,91.0888704,54.380756094439064,0.5150550007820129,0.5150550007820129,0.0,1.0,0.5158903103666844,0.5158136746086645,0.9998166116095158,0.9498165845870972,0.9998164578273304,0.9999935481374177,0.9999935445915339,0.9999942417124337,0.9999942333804395,-5.052534944580801,-19.863988478774782,,905.8858400424999,False,False,False,,[]
474,474,475,True,1.0,1.0,474.0,475.0,474.0,475.0,475.0,0.0,91.0888704,90.28419840000001,28.69983963888605,0.5150550603866577,0.5150550603866577,0.0,1.0,0.5158136746086645,0.5157724299388784,0.9998164578273304,0.9498164653778076,0.9998163778795746,0.9999935445915339,0.9999935427349936,0.9999942333804395,0.9999942281946506,-2.7196858960108483,-10.690618408558851,,946.7170826070327,False,False,False,,[]
475,475,476,True,1.0,1.0,475.0,476.0,475.0,476.0,476.0,0.0,90.28419840000001,90.123264,126.3084114777265,0.5150551199913025,0.5150551199913025,0.0,1.0,0.5157724299388784,0.5155968275444307,0.9998163778795746,0.9498163461685181,0.9998160090226087,0.9999935427349936,0.999993527048266,0.9999942281946506,0.9999942175764759,-11.575175871779738,-45.516140640842195,,807.2373717130129,False,False,False,,[]
476,476,477,True,1.0,1.0,476.0,477.0,476.0,477.0,477.0,0.0,90.123264,89.8013952,101.36282603326335,0.5150551795959473,0.5150551795959473,0.0,1.0,0.5155968275444307,0.515454005020731,0.9998160090226087,0.9498159885406494,0.9998157049041096,0.999993527048266,0.9999935146630392,0.9999942175764759,0.9999942067155781,-9.415490783043396,-37.01959814296999,,835.7846212424621,False,False,False,,[]
477,477,478,True,1.0,1.0,477.0,478.0,477.0,478.0,478.0,0.0,89.8013952,89.31859200000001,76.1777155881151,0.5150552988052368,0.5150552988052368,0.0,1.0,0.515454005020731,0.515350539349251,0.9998157049041096,0.9498156905174255,0.9998154917617803,0.9999935146630392,0.9999935097964545,0.9999942067155781,0.999994196636576,-6.821922374120595,-26.818302047630485,,877.4042588669205,False,False,False,,[]
478,478,479,True,1.0,1.0,478.0,479.0,478.0,479.0,479.0,0.0,89.31859200000001,88.83578880000002,75.46042950981077,0.5150553584098816,0.5150553584098816,0.0,1.0,0.515350539349251,0.5152473895121401,0.9998154917617803,0.9498154520988464,0.9998152793357226,0.9999935097964545,0.9999935040427259,0.999994196636576,0.9999941866392306,-6.8013781772670105,-26.736437779148094,,877.0825647733105,False,False,False,,[]
479,479,480,True,1.0,1.0,479.0,480.0,479.0,480.0,480.0,0.0,88.83578880000002,88.67485440000002,124.1565532428174,0.5150554180145264,0.5150554180145264,0.0,1.0,0.5152473895121401,0.515076816375648,0.9998152793357226,0.9498152732849121,0.9998149202659636,0.9999935040427259,0.9999934886332325,0.9999941866392306,0.9999941759720914,-11.245105704136767,-44.2125569787731,,811.32167264819,False,False,False,,[]
480,480,481,True,1.0,1.0,480.0,481.0,480.0,481.0,481.0,0.0,88.67485440000002,88.51392000000001,123.91960608966943,0.5150555372238159,0.5150555372238159,0.0,1.0,0.515076816375648,0.5149067953061095,0.9998149202659636,0.9498149156570435,0.9998145622738461,0.9999934886332325,0.9999934732547084,0.9999941759720914,0.9999941653008314,-11.208825261413784,-44.06946122436062,,811.7739266341987,False,False,False,,[]
481,481,482,True,1.0,1.0,481.0,482.0,481.0,482.0,482.0,0.0,88.51392000000001,88.3529856,123.6830885777744,0.5150556564331055,0.5150556564331055,0.0,1.0,0.5149067953061095,0.5147373250954039,0.9998145622738461,0.9498145580291748,0.9998142053576566,0.9999934732547084,0.9999934579071859,0.9999941653008314,0.9999941546257084,-11.172623300954148,-43.926678614892104,,812.2259662167843,False,False,False,,[]
482,482,483,True,1.0,1.0,482.0,483.0,482.0,483.0,483.0,0.0,88.3529856,88.3529856,148.15177222713982,0.5150557160377502,0.5150557160377502,0.0,1.0,0.5147373250954039,0.5145389814938309,0.9998142053576566,0.9498142004013062,0.999813792936742,0.9999934579071859,0.9999934408873733,0.9999941546257084,0.9999941443693038,-13.075070151190655,-51.410661527721544,,789.3520137751011,False,False,False,,[]
483,483,484,True,1.0,1.0,483.0,484.0,483.0,484.0,484.0,0.0,88.3529856,88.3529856,148.15177222713982,0.5150558948516846,0.5150558948516846,0.0,1.0,0.5145389814938309,0.5143406369944534,0.999813792936742,0.9498137831687927,0.9998133805141304,0.9999934408873733,0.9999934238675586,0.9999941443693038,0.9999941341129029,-13.075070022666468,-51.410894238659374,,789.3513496777184,False,False,False,,[]
484,484,485,True,1.0,1.0,484.0,485.0,484.0,485.0,485.0,0.0,88.3529856,88.3529856,148.15177222713982,0.5150560140609741,0.5150560140609741,0.0,1.0,0.5143406369944534,0.5141422916100147,0.9998133805141304,0.9498133659362793,0.9998129680898459,0.9999934238675586,0.9999934068477425,0.9999941341129029,0.9999941238565047,-13.075069936983562,-51.411123646517815,,789.3506946766732,False,False,False,,[]
485,485,486,True,1.0,1.0,485.0,486.0,485.0,486.0,486.0,0.0,88.3529856,88.3529856,148.15177222713982,0.5150561332702637,0.5150561332702637,0.0,1.0,0.5141422916100147,0.5139439453535513,0.9998129680898459,0.9498129487037659,0.9998125556639131,0.9999934068477425,0.9999933898279251,0.9999941238565047,0.9999941136001088,-13.07506985130056,-51.411349675314646,,789.3500493351436,False,False,False,,[]
486,486,487,True,1.0,1.0,486.0,487.0,486.0,487.0,487.0,0.0,88.3529856,88.3529856,148.15177222713982,0.5150562524795532,0.5150562524795532,0.0,1.0,0.5139439453535513,0.5137455982377522,0.9998125556639131,0.9498125314712524,0.9998121432363561,0.9999933898279251,0.9999933728081062,0.9999941136001088,0.9999941033437155,-13.075069765617464,-51.41157241510541,,789.3494133950596,False,False,False,,[]
487,487,488,True,1.0,1.0,487.0,488.0,487.0,488.0,488.0,0.0,88.3529856,88.51392000000001,172.85654374714147,0.5150563716888428,0.5150563716888428,0.0,1.0,0.5137455982377522,0.5135151452152367,0.9998121432363561,0.949812114238739,0.9998116713379402,0.9999933728081062,0.9999933550725298,0.9999941033437155,0.9999940896551816,-15.189889734424892,-59.73342343602619,,763.9028556530212,False,False,False,,[]
488,488,489,True,1.0,1.0,488.0,489.0,488.0,489.0,489.0,0.0,88.51392000000001,88.51392000000001,148.38786009777604,0.5150564908981323,0.5150564908981323,0.0,1.0,0.5135151452152367,0.5133161398502655,0.9998116713379402,0.9498116374015808,0.999811257666719,0.9999933550725298,0.9999933380121105,0.9999940896551816,0.9999940793637375,-13.118137790628941,-51.58219060052624,,788.8150130284889,False,False,False,,[]
489,489,490,True,1.0,1.0,489.0,490.0,489.0,490.0,490.0,0.0,88.51392000000001,88.51392000000001,148.38786009777604,0.5150566101074219,0.5150566101074219,0.0,1.0,0.5133161398502655,0.5131171336761526,0.999811257666719,0.9498112201690674,0.9998108439939696,0.9999933380121105,0.9999933209516899,0.9999940793637375,0.9999940690722959,-13.118137704010149,-51.582400330054895,,788.8144151647439,False,False,False,,[]
490,490,491,True,1.0,1.0,490.0,491.0,490.0,491.0,491.0,0.0,88.51392000000001,88.51392000000001,148.38786009777604,0.5150567293167114,0.5150567293167114,0.0,1.0,0.5131171336761526,0.5129181267038107,0.9998108439939696,0.949810802936554,0.9998104303197126,0.9999933209516899,0.9999933038912678,0.9999940690722959,0.9999940587808569,-13.11813761739126,-51.582607231045856,,788.813825369956,False,False,False,,[]
491,491,492,True,1.0,1.0,491.0,492.0,491.0,492.0,492.0,0.0,88.51392000000001,88.51392000000001,148.38786009777604,0.515056848526001,0.515056848526001,0.0,1.0,0.5129181267038107,0.5127191189438625,0.9998104303197126,0.9498104453086853,0.9998100166439682,0.9999933038912678,0.9999932868308444,0.9999940587808569,0.9999940484894204,-13.118137530772282,-51.58281137856912,,788.8132435053744,False,False,False,,[]
492,492,493,True,1.0,1.0,492.0,493.0,492.0,493.0,493.0,0.0,88.51392000000001,88.51392000000001,148.38786009777604,0.5150569677352905,0.5150569677352905,0.0,1.0,0.5127191189438625,0.5125201104066491,0.9998100166439682,0.9498100280761719,0.9998096029667558,0.9999932868308444,0.9999932697704196,0.9999940484894204,0.9999940381979865,-13.11813744415321,-51.58301284569597,,788.8126692228656,False,False,False,,[]
493,493,494,True,1.0,1.0,493.0,494.0,493.0,494.0,494.0,0.0,88.51392000000001,88.67485440000002,173.0926316177757,0.5150570869445801,0.5150570869445801,0.0,1.0,0.5125201104066491,0.5122889237967087,0.9998096029667558,0.9498096108436584,0.9998091297386164,0.9999932697704196,0.9999932519988163,0.9999940381979865,0.9999940244492828,-15.237626111121674,-59.92356929656151,,763.3414543196005,False,False,False,,[]
494,494,495,True,1.0,1.0,494.0,495.0,494.0,495.0,495.0,0.0,88.67485440000002,88.67485440000002,148.6243776096691,0.5150572657585144,0.5150572657585144,0.0,1.0,0.5122889237967087,0.5120892420279316,0.9998091297386164,0.9498091340065002,0.9998087147904655,0.9999932519988163,0.9999932348977942,0.9999940244492828,0.9999940141090268,-13.16219981778419,-51.75751446700364,,788.2594357541332,False,False,False,,[]
495,495,496,True,1.0,1.0,495.0,496.0,495.0,496.0,496.0,0.0,88.67485440000002,88.51392000000001,123.91960608966943,0.515057384967804,0.515057384967804,0.0,1.0,0.5120892420279316,0.5119192098332433,0.9998087147904655,0.9498087167739868,0.9998083567766252,0.9999932348977942,0.9999932195192107,0.9999940141090268,0.9999940034377605,-11.208830703838284,-44.07234486320576,,811.7651206429846,False,False,False,,[]
496,496,497,True,1.0,1.0,496.0,497.0,496.0,497.0,497.0,0.0,88.51392000000001,88.3529856,123.6830885777744,0.5150575041770935,0.5150575041770935,0.0,1.0,0.5119192098332433,0.511749728694353,0.9998083567766252,0.9498083591461182,0.9998079998390847,0.9999932195192107,0.9999932041716287,0.9999940034377605,0.9999939927626315,-11.172628717796737,-43.929511200389015,,812.2173051814941,False,False,False,,[]
497,497,498,True,1.0,1.0,497.0,498.0,497.0,498.0,498.0,0.0,88.3529856,88.3529856,148.15177222713982,0.5150576233863831,0.5150576233863831,0.0,1.0,0.511749728694353,0.5115513726006342,0.9998079998390847,0.9498080015182495,0.9998075873945587,0.9999932041716287,0.9999931871517939,0.9999939927626315,0.9999939825062671,-13.075068780255195,-51.41389949189503,,789.3427703520683,False,False,False,,[]
498,498,499,True,1.0,1.0,498.0,499.0,498.0,499.0,499.0,0.0,88.3529856,88.1920512,123.44700070713817,0.5150577425956726,0.5150577425956726,0.0,1.0,0.5115513726006342,0.5113824406820731,0.9998075873945587,0.9498075842857361,0.9998072315303738,0.9999931871517939,0.9999931718352411,0.9999939825062671,0.9999939718275314,-11.136505488015526,-43.78715329105104,,812.6687743749737,False,False,False,,[]
499,499,500,True,1.0,1.0,499.0,500.0,499.0,500.0,500.0,0.0,88.1920512,88.0311168,123.21134247776271,0.5150578022003174,0.5150578022003174,0.0,1.0,0.5113824406820731,0.5112140574088627,0.9998072315303738,0.9498072266578674,0.9998068767390581,0.9999931718352411,0.9999931565497542,0.9999939718275314,0.999993961145444,-11.100460069942205,-43.644944416126556,,813.120526489945,False,False,False,,[]
500,500,501,True,1.0,1.0,500.0,501.0,500.0,501.0,501.0,0.0,88.0311168,87.8701824,122.97611388963824,0.5150579214096069,0.5150579214096069,0.0,1.0,0.5112140574088627,0.5110462215689444,0.9998068767390581,0.9498068690299988,0.9998065230188757,0.9999931565497542,0.9999931412953618,0.999993961145444,0.9999939504602581,-11.064493085671154,-43.50304970682003,,813.5720502528173,False,False,False,,[]
501,501,502,True,1.0,1.0,501.0,502.0,501.0,502.0,502.0,0.0,87.8701824,87.5483136,98.0365434227709,0.5150580406188965,0.5150580406188965,0.0,1.0,0.5110462215689444,0.5109107788484925,0.9998065230188757,0.9498065114021301,0.9998062351367214,0.9999931412953618,0.9999931293279362,0.9999939504602581,0.9999939398916441,-8.92998922278977,-35.10675314116028,,842.6254021764962,False,False,False,,[]
502,502,503,True,1.0,1.0,502.0,503.0,502.0,503.0,503.0,0.0,87.5483136,87.3873792,122.2730059728117,0.515058159828186,0.515058159828186,0.0,1.0,0.5109107788484925,0.5107445788869739,0.9998062351367214,0.9498062133789062,0.9998058846211392,0.9999931293279362,0.999993114167009,0.9999939398916441,0.9999939291986643,-10.95706060524289,-43.079030025607366,,814.9259046496786,False,False,False,,[]
503,503,504,True,1.0,1.0,503.0,504.0,503.0,504.0,504.0,0.0,87.3873792,87.3873792,146.74426746971625,0.5150582194328308,0.5150582194328308,0.0,1.0,0.5107445788869739,0.5105501159367085,0.9998058846211392,0.9498058557510376,0.9998054795522795,0.999993114167009,0.9999930973908033,0.9999939291986643,0.999993919142214,-12.819324533801824,-50.404796708781696,,792.5170589331545,False,False,False,,[]
504,504,505,True,1.0,1.0,504.0,505.0,504.0,505.0,505.0,0.0,87.3873792,87.22644480000001,122.03949594971657,0.5150583982467651,0.5150583982467651,0.0,1.0,0.5105501159367085,0.5103844579440852,0.9998054795522795,0.9498054385185242,0.999805130099627,0.9999930973908033,0.9999930822610841,0.999993919142214,0.9999939084471311,-10.921406251869394,-42.93855168796309,,815.3759951916138,False,False,False,,[]
505,505,506,True,1.0,1.0,505.0,506.0,505.0,506.0,506.0,0.0,87.22644480000001,87.06551040000001,121.80641556787825,0.5150584578514099,0.5150584578514099,0.0,1.0,0.5103844579440852,0.5102193413572634,0.999805130099627,0.9498051404953003,0.9998047817094152,0.9999930822610841,0.9999930671626064,0.9999939084471311,0.9999938977501905,-10.885829275104703,-42.79821930417656,,815.8263616242422,False,False,False,,[]
506,506,507,True,1.0,1.0,506.0,507.0,506.0,507.0,507.0,0.0,87.06551040000001,87.06551040000001,146.2785363472965,0.5150585770606995,0.5150585770606995,0.0,1.0,0.5102193413572634,0.5100257074278791,0.9998047817094152,0.9498047828674316,0.9998043782156067,0.9999930671626064,0.99999305021681,0.9999938977501905,0.9999938876571903,-12.764888720073603,-50.189914496410985,,793.0075091829441,False,False,False,,[]
507,507,508,True,1.0,1.0,507.0,508.0,507.0,508.0,508.0,0.0,87.06551040000001,87.06551040000001,146.2785363472965,0.515058696269989,0.515058696269989,0.0,1.0,0.5100257074278791,0.5098320727366902,0.9998043782156067,0.9498043656349182,0.9998039747203502,0.99999305021681,0.9999930332710104,0.9999938876571903,0.9999938775641886,-12.76488906411868,-50.1901119561639,,793.0069361187961,False,False,False,,[]
508,508,509,True,1.0,1.0,508.0,509.0,508.0,509.0,509.0,0.0,87.06551040000001,86.904576,121.57376482729681,0.5150588154792786,0.5150588154792786,0.0,1.0,0.5098320727366902,0.5096674950654567,0.9998039747203502,0.9498039484024048,0.999803627388302,0.9999930332710104,0.9999930182037926,0.9999938775641886,0.9999938668656331,-10.850330946052313,-42.65853238372357,,816.2754555243007,False,False,False,,[]
509,509,510,True,1.0,1.0,509.0,510.0,509.0,510.0,510.0,0.0,86.904576,86.904576,146.04631524797188,0.5150589346885681,0.5150589346885681,0.0,1.0,0.5096674950654567,0.5094748035047746,0.999803627388302,0.9498035907745361,0.999803225686781,0.9999930182037926,0.9999930015494066,0.9999938668656331,0.9999938567548384,-12.70281883904316,-49.94565252879801,,793.8858762362065,False,False,False,,[]
510,510,511,True,1.0,1.0,510.0,511.0,510.0,511.0,511.0,0.0,86.904576,86.904576,146.04631524797188,0.5150590538978577,0.5150590538978577,0.0,1.0,0.5094748035047746,0.5092821112334024,0.999803225686781,0.9498032331466675,0.9998028239839076,0.9999930015494066,0.9999929848950192,0.9999938567548384,0.9999938466440422,-12.70281902197115,-49.94583673967939,,793.8853411912005,False,False,False,,[]
511,511,512,True,1.0,1.0,511.0,512.0,511.0,512.0,512.0,0.0,86.904576,86.904576,146.04631524797188,0.5150591731071472,0.5150591731071472,0.0,1.0,0.5092821112334024,0.5090894182604999,0.9998028239839076,0.949802815914154,0.9998024222796993,0.9999929848950192,0.9999929682406303,0.9999938466440422,0.9999938365332445,-12.702819204898951,-49.94601857631661,,793.884813025458,False,False,False,,[]
512,512,513,True,1.0,1.0,512.0,513.0,512.0,513.0,513.0,0.0,86.904576,86.904576,146.04631524797188,0.5150592923164368,0.5150592923164368,0.0,1.0,0.5090894182604999,0.5088967245949839,0.9998024222796993,0.9498023986816406,0.9998020205741729,0.9999929682406303,0.99999295158624,0.9999938365332445,0.9999938264224452,-12.702819387826551,-49.94619810173709,,793.8842915437992,False,False,False,,[]
513,513,514,True,1.0,1.0,513.0,514.0,513.0,514.0,514.0,0.0,86.904576,86.904576,146.04631524797188,0.5150594115257263,0.5150594115257263,0.0,1.0,0.5088967245949839,0.5087040302455347,0.9998020205741729,0.9498019814491272,0.999801618867345,0.99999295158624,0.9999929349318483,0.9999938264224452,0.9999938163116444,-12.70281957075396,-49.94637537724463,,793.8837766461381,False,False,False,,[]
514,514,515,True,1.0,1.0,514.0,515.0,514.0,515.0,515.0,0.0,86.904576,86.904576,146.04631524797188,0.5150595307350159,0.5150595307350159,0.0,1.0,0.5087040302455347,0.5085113352206023,0.999801618867345,0.9498016238212585,0.9998012171592316,0.9999929349318483,0.9999929182774552,0.9999938163116444,0.9999938062008421,-12.702819753681174,-49.946550462474384,,793.8832680894366,False,False,False,,[]
515,515,516,True,1.0,1.0,515.0,516.0,515.0,516.0,516.0,0.0,86.904576,86.904576,146.04631524797188,0.5150596499443054,0.5150596499443054,0.0,1.0,0.5085113352206023,0.508318639528413,0.9998012171592316,0.9498012065887451,0.9998008154498486,0.9999929182774552,0.9999929016230606,0.9999938062008421,0.9999937960900382,-12.70281993660819,-49.94672341545707,,793.8827656345767,False,False,False,,[]
516,516,517,True,1.0,1.0,516.0,517.0,516.0,517.0,517.0,0.0,86.904576,87.06551040000001,170.75108676797154,0.515059769153595,0.515059769153595,0.0,1.0,0.508318639528413,0.5080947943569916,0.9998008154498486,0.9498007893562317,0.999800355588907,0.9999929016230606,0.9999928841656041,0.9999937960900382,0.9999937831500136,-14.75474286787932,-58.02066843244802,,769.0954399217933,False,False,False,,[]
517,517,518,True,1.0,1.0,517.0,518.0,517.0,518.0,518.0,0.0,87.06551040000001,87.22644480000001,170.98330786729613,0.5150598883628845,0.5150598883628845,0.0,1.0,0.5080947943569916,0.5078682884762425,0.999800355588907,0.9498003721237183,0.9997998908680569,0.9999928841656041,0.9999928652427317,0.9999937831500136,0.9999937701548509,-14.929742497395935,-58.710324290136704,,766.3445970683247,False,False,False,,[]
518,518,519,True,1.0,1.0,518.0,519.0,518.0,519.0,519.0,0.0,87.22644480000001,87.709248,220.62550164787697,0.5150600075721741,0.5150600075721741,0.0,1.0,0.5078682884762425,0.5075852712080049,0.9997998908680569,0.9497998952865601,0.9997993272134358,0.9999928652427317,0.9999928480779396,0.9999937701548509,0.9999937541476772,-18.65092811690351,-73.35807592720897,,728.5684154217388,False,False,False,,[]
519,519,520,True,1.0,1.0,519.0,520.0,519.0,520.0,520.0,0.0,87.709248,88.1920512,221.32603171716238,0.5150601863861084,0.5150601863861084,0.0,1.0,0.5075852712080049,0.5073002972060802,0.9997993272134358,0.9497992992401123,0.999798760286842,0.9999928480779396,0.9999928308408919,0.9999937541476772,0.9999937384291483,-18.778965143841575,-73.86526129888782,,727.4725901743906,False,False,False,,[]
520,520,521,True,1.0,1.0,520.0,521.0,520.0,521.0,521.0,0.0,88.1920512,88.3529856,172.62088551776208,0.5150603652000427,0.5150603652000427,0.0,1.0,0.5073002972060802,0.5070705414373827,0.999798760286842,0.9497987627983093,0.9997982896535275,0.9999928308408919,0.9999928131413524,0.9999937384291483,0.9999937248007966,-15.142246200289424,-59.55269524637545,,764.4400871110032,False,False,False,,[]
521,521,522,True,1.0,1.0,521.0,522.0,521.0,522.0,522.0,0.0,88.3529856,88.51392000000001,172.85654374714147,0.515060544013977,0.515060544013977,0.0,1.0,0.5070705414373827,0.5068400585882855,0.9997982896535275,0.9497982859611511,0.9997978177010209,0.9999928131413524,0.9999927954057537,0.9999937248007966,0.9999937111124845,-15.189875596265832,-59.741154485994144,,763.8824109476974,False,False,False,,[]
522,522,523,True,1.0,1.0,522.0,523.0,522.0,523.0,523.0,0.0,88.51392000000001,88.67485440000002,173.0926316177757,0.5150606632232666,0.5150606632232666,0.0,1.0,0.5068400585882855,0.5066088469930241,0.9997978177010209,0.9497978091239929,0.9997973444276158,0.9999927954057537,0.9999927776341315,0.9999937111124845,0.9999936973639717,-15.237613914744127,-59.9300454917425,,763.324358686714,False,False,False,,[]
523,523,524,True,1.0,1.0,523.0,524.0,523.0,524.0,524.0,0.0,88.67485440000002,88.83578880000002,173.32914912967075,0.5150607824325562,0.5150607824325562,0.0,1.0,0.5066088469930241,0.5063769049852713,0.9997973444276158,0.9497973322868347,0.9997968698316159,0.9999927776341315,0.9999927598265216,0.9999936973639717,0.9999936835550203,-15.285461150774635,-60.11936840952474,,762.7659353296085,False,False,False,,[]
524,524,525,True,1.0,1.0,524.0,525.0,524.0,525.0,525.0,0.0,88.83578880000002,88.83578880000002,148.861324762819,0.5150609612464905,0.5150609612464905,0.0,1.0,0.5063769049852713,0.5061765273463638,0.9997968698316159,0.9497968554496765,0.9997964535708835,0.9999927598265216,0.9999927426848672,0.9999936835550203,0.9999936731652919,-13.206402132527773,-51.93788400484506,,787.6899220461104,False,False,False,,[]
525,525,526,True,1.0,1.0,525.0,526.0,525.0,526.0,526.0,0.0,88.83578880000002,88.9967232,173.56609628281674,0.51506108045578,0.51506108045578,0.0,1.0,0.5061765273463638,0.5059438527448163,0.9997964535708835,0.9497964382171631,0.9997959776496729,0.9999927426848672,0.9999927248413049,0.9999936731652919,0.9999936592956727,-15.33341688245377,-60.309256721096965,,762.2067967122401,False,False,False,,[]
526,526,527,True,1.0,1.0,526.0,527.0,526.0,527.0,527.0,0.0,88.9967232,89.15765760000001,173.80347307722542,0.5150611996650696,0.5150611996650696,0.0,1.0,0.5059438527448163,0.5057104443866555,0.9997959776496729,0.9497959613800049,0.9997955004024895,0.9999927248413049,0.9999927069618282,0.9999936592956727,0.9999936453651367,-15.381482536990285,-60.499446435289336,,761.6476359135006,False,False,False,,[]
527,527,528,True,1.0,1.0,527.0,528.0,527.0,528.0,528.0,0.0,89.15765760000001,89.31859200000001,174.04127951289098,0.5150613784790039,0.5150613784790039,0.0,1.0,0.5057104443866555,0.5054763005979255,0.9997955004024895,0.9497954845428467,0.9997950218276579,0.9999927069618282,0.9999926890464743,0.9999936453651367,0.9999936313734464,-15.429657487966619,-60.69007003881391,,761.0881123230228,False,False,False,,[]
528,528,529,True,1.0,1.0,528.0,529.0,528.0,529.0,529.0,0.0,89.31859200000001,89.47952640000001,174.2795155898095,0.5150614976882935,0.5150614976882935,0.0,1.0,0.5054763005979255,0.505241419694783,0.9997950218276579,0.9497950077056885,0.9997945419234961,0.9999926890464743,0.9999926710952817,0.9999936313734464,0.9999936173203574,-15.477942347027064,-60.881130094529574,,760.5282197418929,False,False,False,,[]
529,529,530,True,1.0,1.0,529.0,530.0,529.0,530.0,530.0,0.0,89.47952640000001,89.64046080000001,174.51818130798674,0.515061616897583,0.515061616897583,0.0,1.0,0.505241419694783,0.5050057999929647,0.9997945419234961,0.9497945308685303,0.9997940606883335,0.9999926710952817,0.999992653108289,0.9999936173203574,0.9999936032056276,-15.526337102906334,-61.07262671129606,,759.9679636705735,False,False,False,,[]
530,530,531,True,1.0,1.0,530.0,531.0,530.0,531.0,531.0,0.0,89.64046080000001,89.8013952,174.75727666741892,0.5150617957115173,0.5150617957115173,0.0,1.0,0.5050057999929647,0.5047694398078769,0.9997940606883335,0.9497940540313721,0.9997935781205105,0.999992653108289,0.9999926350855353,0.9999936032056276,0.999993589029017,-15.574841739035188,-61.26455997474064,,759.407349334962,False,False,False,,[]
531,531,532,True,1.0,1.0,531.0,532.0,531.0,532.0,532.0,0.0,89.8013952,89.9623296,174.99680166811385,0.5150619149208069,0.5150619149208069,0.0,1.0,0.5047694398078769,0.5045322874549667,0.9997935781205105,0.9497935771942139,0.9997930941285365,0.9999926350855353,0.9999926170270608,0.999993589029017,0.9999935747416236,-15.626748410340403,-61.46988987432858,,758.7843986935001,False,False,False,,[]
532,532,533,True,1.0,1.0,532.0,533.0,532.0,533.0,533.0,0.0,89.9623296,90.123264,175.2367563100597,0.5150620937347412,0.5150620937347412,0.0,1.0,0.5045322874549667,0.504294215910308,0.9997930941285365,0.9497931003570557,0.9997926084860316,0.9999926170270608,0.9999925989329056,0.9999935747416236,0.9999935602216408,-15.687017053084398,-61.708144375525045,,758.0064814343915,False,False,False,,[]
533,533,534,True,1.0,1.0,533.0,534.0,533.0,534.0,534.0,0.0,90.123264,90.123264,150.77236907326466,0.5150622129440308,0.5150622129440308,0.0,1.0,0.504294215910308,0.5040881016468264,0.9997926084860316,0.9497926235198975,0.9997921814472681,0.9999925989329056,0.9999925814667402,0.9999935602216408,0.9999935491470379,-13.582438153135595,-53.42481709443023,,782.8653275392535,False,False,False,,[]
534,534,535,True,1.0,1.0,534.0,535.0,534.0,535.0,535.0,0.0,90.123264,90.123264,150.77236907326466,0.5150623321533203,0.5150623321533203,0.0,1.0,0.5040881016468264,0.5038819870274105,0.9997921814472681,0.9497921466827393,0.9997917544078383,0.9999925814667402,0.9999925640005735,0.9999935491470379,0.9999935380724397,-13.582437909759982,-53.424909352591776,,782.8650706648484,False,False,False,,[]
535,535,536,True,1.0,1.0,535.0,536.0,535.0,536.0,536.0,0.0,90.123264,90.123264,150.77236907326466,0.5150624513626099,0.5150624513626099,0.0,1.0,0.5038819870274105,0.503675872049957,0.9997917544078383,0.9497917294502258,0.9997913273677382,0.9999925640005735,0.9999925465344054,0.9999935380724397,0.9999935269978465,-13.58243766638435,-53.42500215593671,,782.8648123314287,False,False,False,,[]
536,536,537,True,1.0,1.0,536.0,537.0,536.0,537.0,537.0,0.0,90.123264,90.123264,150.77236907326466,0.5150626301765442,0.5150626301765442,0.0,1.0,0.503675872049957,0.5034697567142751,0.9997913273677382,0.9497913122177124,0.9997909003269675,0.9999925465344054,0.9999925290682352,0.9999935269978465,0.9999935159232606,-13.582437301320853,-53.42509500876293,,782.8645548746414,False,False,False,,[]
537,537,538,True,1.0,1.0,537.0,538.0,537.0,538.0,538.0,0.0,90.123264,90.123264,150.77236907326466,0.5150627493858337,0.5150627493858337,0.0,1.0,0.5034697567142751,0.5032636410165411,0.9997909003269675,0.949790894985199,0.999790473285519,0.9999925290682352,0.9999925116020637,0.9999935159232606,0.9999935048486794,-13.582437057945164,-53.42518885263582,,782.8642935504615,False,False,False,,[]
538,538,539,True,1.0,1.0,538.0,539.0,538.0,539.0,539.0,0.0,90.123264,90.123264,150.77236907326466,0.5150628685951233,0.5150628685951233,0.0,1.0,0.5032636410165411,0.5030575249548405,0.999790473285519,0.9497904777526855,0.999790046243389,0.9999925116020637,0.9999924941358909,0.9999935048486794,0.9999934937741032,-13.582436814569453,-53.42528319279759,,782.8640308965574,False,False,False,,[]
539,539,540,True,1.0,1.0,539.0,540.0,539.0,540.0,540.0,0.0,90.123264,90.123264,150.77236907326466,0.5150629878044128,0.5150629878044128,0.0,1.0,0.5030575249548405,0.5028514085273179,0.999790046243389,0.9497900605201721,0.9997896192005742,0.9999924941358909,0.9999924766697167,0.9999934937741032,0.9999934826995318,-13.58243657119372,-53.42537801384094,,782.8637669016365,False,False,False,,[]
540,540,541,True,1.0,1.0,540.0,541.0,540.0,541.0,541.0,0.0,90.123264,90.123264,150.77236907326466,0.5150631070137024,0.5150631070137024,0.0,1.0,0.5028514085273179,0.5026452917321761,0.9997896192005742,0.9497895836830139,0.9997891921570712,0.9999924766697167,0.9999924592035412,0.9999934826995318,0.9999934716249652,-13.582436327817959,-53.42547330077112,,782.8635015263728,False,False,False,,[]
541,541,542,True,1.0,1.0,541.0,542.0,541.0,542.0,542.0,0.0,90.123264,90.123264,150.77236907326466,0.5150632262229919,0.5150632262229919,0.0,1.0,0.5026452917321761,0.5024391745676737,0.9997891921570712,0.9497891664505005,0.9997887651128766,0.9999924592035412,0.9999924417373642,0.9999934716249652,0.9999934605504035,-13.582436084442183,-53.4255690390197,,782.8632348799779,False,False,False,,[]
542,542,543,True,1.0,1.0,542.0,543.0,542.0,543.0,543.0,0.0,90.123264,90.123264,150.77236907326466,0.5150634050369263,0.5150634050369263,0.0,1.0,0.5024391745676737,0.5022330570339721,0.9997887651128766,0.9497887492179871,0.9997883380679908,0.9999924417373642,0.9999924242711853,0.9999934605504035,0.999993449475849,-13.58243571937847,-53.42566473545628,,782.862969441727,False,False,False,,[]
543,543,544,True,1.0,1.0,543.0,544.0,543.0,544.0,544.0,0.0,90.123264,90.123264,150.77236907326466,0.5150635242462158,0.5150635242462158,0.0,1.0,0.5022330570339721,0.5020269391275903,0.9997883380679908,0.9497883319854736,0.9997879110224074,0.9999924242711853,0.999992406805005,0.999993449475849,0.9999934384012994,-13.582435476002637,-53.4257613341767,,782.8627004549583,False,False,False,,[]
544,544,545,True,1.0,1.0,544.0,545.0,544.0,545.0,545.0,0.0,90.123264,90.123264,150.77236907326466,0.5150636434555054,0.5150636434555054,0.0,1.0,0.5020269391275903,0.5018208208469466,0.9997879110224074,0.9497879147529602,0.9997874839761233,0.999992406805005,0.9999923893388234,0.9999934384012994,0.9999934273267547,-13.582435232626777,-53.42585834287569,,782.8624303152556,False,False,False,,[]
545,545,546,True,1.0,1.0,545.0,546.0,545.0,546.0,546.0,0.0,90.123264,90.123264,150.77236907326466,0.5150637626647949,0.5150637626647949,0.0,1.0,0.5018208208469466,0.5016147021905094,0.9997874839761233,0.9497874975204468,0.9997870569291356,0.9999923893388234,0.9999923718726403,0.9999934273267547,0.9999934162522148,-13.582434989250897,-53.42595574851595,,782.8621589922066,False,False,False,,[]
546,546,547,True,1.0,1.0,546.0,547.0,546.0,547.0,547.0,0.0,90.123264,89.9623296,126.06759755326499,0.5150638818740845,0.5150638818740845,0.0,1.0,0.5016147021905094,0.5014396222483802,0.9997870569291356,0.9497870206832886,0.9997866890863649,0.9999923718726403,0.9999923562162886,0.9999934162522148,0.9999934056274814,-11.538212342321565,-45.38072099987381,,807.6596474181177,False,False,False,,[]
547,547,548,True,1.0,1.0,547.0,548.0,547.0,548.0,548.0,0.0,89.9623296,89.9623296,150.53198479006002,0.515064001083374,0.515064001083374,0.0,1.0,0.5014396222483802,0.5012342714671982,0.9997866890863649,0.9497866630554199,0.9997862634776307,0.9999923562162886,0.9999923387906386,0.9999934056274814,0.9999933946853687,-13.53200367811804,-53.22692248238208,,783.5274835043043,False,False,False,,[]
548,548,549,True,1.0,1.0,548.0,549.0,548.0,549.0,549.0,0.0,89.9623296,89.9623296,150.53198479006002,0.5150641202926636,0.5150641202926636,0.0,1.0,0.5012342714671982,0.501028920302381,0.9997862634776307,0.9497862458229065,0.9997858378681774,0.9999923387906386,0.9999923213649874,0.9999933946853687,0.9999933837432609,-13.532003438272591,-53.227021920637554,,783.5272059584529,False,False,False,,[]
549,549,550,True,1.0,1.0,549.0,550.0,549.0,550.0,550.0,0.0,89.9623296,89.8013952,125.82721327005837,0.5150642395019531,0.5150642395019531,0.0,1.0,0.501028920302381,0.5008544021609357,0.9997858378681774,0.9497858285903931,0.9997854711166413,0.9999923213649874,0.9999923057393251,0.9999933837432609,0.9999933731122838,-11.501302000423316,-45.23510226263738,,808.1135019188899,False,False,False,,[]
550,550,551,True,1.0,1.0,550.0,551.0,550.0,551.0,551.0,0.0,89.8013952,89.47952640000001,100.88248710811477,0.5150643587112427,0.5150643587112427,0.0,1.0,0.5008544021609357,0.5007126179926543,0.9997854711166413,0.9497854709625244,0.9997851690844188,0.9999923057393251,0.9999922934133454,0.9999933731122838,0.9999933622918413,-9.345105310748584,-36.75045641853653,,836.7263894841739,False,False,False,,[]
551,551,552,True,1.0,1.0,551.0,552.0,551.0,552.0,552.0,0.0,89.47952640000001,89.15765760000001,100.40386674798576,0.5150644779205322,0.5150644779205322,0.0,1.0,0.5007126179926543,0.500571900822959,0.9997851690844188,0.9497851729393005,0.9997848691982237,0.9999922934133454,0.9999922811469236,0.9999933622918413,0.9999933515123007,-9.275050009773903,-36.473890385039915,,837.6951059449889,False,False,False,,[]
552,552,553,True,1.0,1.0,552.0,553.0,552.0,553.0,553.0,0.0,89.15765760000001,88.83578880000002,99.92696495289196,0.515064537525177,0.515064537525177,0.0,1.0,0.500571900822959,0.5004322452501021,0.9997848691982237,0.9497848749160767,0.9997845714493985,0.9999922811469236,0.9999922689401354,0.9999933515123007,0.9999933407741038,-9.205344036575475,-36.19872448451687,,838.6620237382979,False,False,False,,[]
553,553,554,True,1.0,1.0,553.0,554.0,553.0,554.0,554.0,0.0,88.83578880000002,88.67485440000002,124.1565532428174,0.5150645971298218,0.5150645971298218,0.0,1.0,0.5004322452501021,0.5002616313909205,0.9997845714493985,0.9497845768928528,0.999784212300174,0.9999922689401354,0.9999922535303453,0.9999933407741038,0.9999933301069318,-11.245132868123147,-44.22311229987027,,811.2894208477821,False,False,False,,[]
554,554,555,True,1.0,1.0,554.0,555.0,554.0,555.0,555.0,0.0,88.67485440000002,88.51392000000001,123.91960608966943,0.5150647163391113,0.5150647163391113,0.0,1.0,0.5002616313909205,0.5000915701443174,0.999784212300174,0.9497842192649841,0.9997838542296085,0.9999922535303453,0.9999922381515253,0.9999933301069318,0.9999933194356403,-11.20885229780108,-44.07987511952676,,811.7420667577135,False,False,False,,[]
555,555,556,True,1.0,1.0,555.0,556.0,555.0,556.0,556.0,0.0,88.51392000000001,88.3529856,123.6830885777744,0.5150648355484009,0.5150648355484009,0.0,1.0,0.5000915701443174,0.49992206028859326,0.9997838542296085,0.9497838616371155,0.9997834972359636,0.9999922381515253,0.9999922228037075,0.9999933194356403,0.9999933087604873,-11.172650210257823,-43.93695460369292,,812.1944888369322,False,False,False,,[]
556,556,557,True,1.0,1.0,556.0,557.0,556.0,557.0,557.0,0.0,88.3529856,87.8701824,74.03745766714079,0.5150649547576904,0.5150649547576904,0.0,1.0,0.49992206028859326,0.4998229067199991,0.9997834972359636,0.9497835040092468,0.9997832938365238,0.9999922228037075,0.9999922181502587,0.9999933087604873,0.9999932989514355,-6.5368843139553645,-25.700604979604233,,881.8684220898677,False,False,False,,[]
557,557,558,True,1.0,1.0,557.0,558.0,557.0,558.0,558.0,0.0,87.8701824,87.5483136,98.0365434227709,0.5150650143623352,0.5150650143623352,0.0,1.0,0.4998229067199991,0.49968744364158246,0.9997832938365238,0.9497832655906677,0.9997830059053645,0.9999922181502587,0.9999922061826607,0.9999932989514355,0.9999932883828349,-8.930003413118337,-35.112029925598215,,842.6073556554032,False,False,False,,[]
558,558,559,True,1.0,1.0,558.0,559.0,558.0,559.0,559.0,0.0,87.5483136,87.22644480000001,97.56823445281204,0.5150651335716248,0.5150651335716248,0.0,1.0,0.49968744364158246,0.4995530153009617,0.9997830059053645,0.9497829675674438,0.9997827204626598,0.9999922061826607,0.9999921942750062,0.9999932883828349,0.99999327785764,-8.86203596103776,-34.843825888904966,,843.5932120842672,False,False,False,,[]
559,559,560,True,1.0,1.0,559.0,560.0,559.0,560.0,560.0,0.0,87.22644480000001,87.06551040000001,121.80641556787825,0.5150651931762695,0.5150651931762695,0.0,1.0,0.4995530153009617,0.4993878756806033,0.9997827204626598,0.9497827291488647,0.9997823720272351,0.9999921942750062,0.9999921791763158,0.99999327785764,0.9999932671606853,-10.885848287709493,-42.804189596904145,,815.8078712631559,False,False,False,,[]
560,560,561,True,1.0,1.0,560.0,561.0,560.0,561.0,561.0,0.0,87.06551040000001,86.5827072,72.16422178729549,0.5150653123855591,0.5150653123855591,0.0,1.0,0.4993878756806033,0.4992924880932962,0.9997823720272351,0.9497823715209961,0.999782177072734,0.9999921791763158,0.999992174706877,0.9999932671606853,0.9999932576052517,-6.289307300592079,-24.724462629999454,,885.8118464106724,False,False,False,,[]
561,561,562,True,1.0,1.0,561.0,562.0,561.0,562.0,562.0,0.0,86.5827072,85.93896960000001,46.76407589309445,0.5150653123855591,0.5150653123855591,0.0,1.0,0.4992924880932962,0.49922908193354465,0.999782177072734,0.9497821927070618,0.9997820514739761,0.999992174706877,0.9999921712538655,0.9999932576052517,0.9999932504270913,-4.181227661623123,-16.434876607599065,,920.3042242516227,False,False,False,,[]
562,562,563,True,1.0,1.0,562.0,563.0,562.0,563.0,563.0,0.0,85.93896960000001,85.7780352,119.95723959841825,0.5150653719902039,0.5150653719902039,0.0,1.0,0.49922908193354465,0.4990682276437193,0.9997820514739761,0.9497820138931274,0.9997817114693531,0.9999921712538655,0.999992156406077,0.9999932504270913,0.9999932397156575,-10.604606128425027,-41.69343192274258,,819.3940915693547,False,False,False,,[]
563,563,564,True,1.0,1.0,563.0,564.0,563.0,564.0,564.0,0.0,85.7780352,85.45616640000001,95.02325446789186,0.5150654911994934,0.5150654911994934,0.0,1.0,0.4990682276437193,0.4989393548612399,0.9997817114693531,0.9497817158699036,0.9997814393064042,0.999992156406077,0.9999921448289213,0.9999932397156575,0.9999932293996373,-8.497101401858904,-33.40382521864813,,848.9092236162275,False,False,False,,[]
564,564,565,True,1.0,1.0,564.0,565.0,564.0,565.0,565.0,0.0,85.45616640000001,85.1342976,94.56611617060508,0.5150655508041382,0.5150655508041382,0.0,1.0,0.4989393548612399,0.49881145863116705,0.9997814393064042,0.9497814178466797,0.9997811694637218,0.9999921448289213,0.9999921333119717,0.9999932293996373,0.9999932191087328,-8.432930802576948,-33.15070283488441,,849.8426945131611,False,False,False,,[]
565,565,566,True,1.0,1.0,565.0,566.0,565.0,566.0,566.0,0.0,85.1342976,84.6514944,69.4059249183538,0.5150656700134277,0.5150656700134277,0.0,1.0,0.49881145863116705,0.49872154130815444,0.9997811694637218,0.9497811794281006,0.9997809866702441,0.9999921333119717,0.9999921291089762,0.9999932191087328,0.9999932099370313,-5.9296085427811995,-23.306570124875194,,891.6062131323531,False,False,False,,[]
566,566,567,True,1.0,1.0,566.0,567.0,566.0,567.0,567.0,0.0,84.6514944,84.3296256,93.4307891493966,0.5150656700134277,0.5150656700134277,0.0,1.0,0.49872154130815444,0.4985960653414302,0.9997809866702441,0.9497810006141663,0.9997807225600353,0.9999921291089762,0.9999921177426492,0.9999932099370313,0.9999931997117264,-8.27391826926328,-32.52337057492494,,852.1672089759935,False,False,False,,[]
567,567,568,True,1.0,1.0,567.0,568.0,567.0,568.0,568.0,0.0,84.3296256,84.00775680000001,92.97966582970957,0.5150657892227173,0.5150657892227173,0.0,1.0,0.4985960653414302,0.4984715485022361,0.9997807225600353,0.9497807025909424,0.9997804607144628,0.9999921177426492,0.9999921064366026,0.9999931997117264,0.9999931895137564,-8.210877409669148,-32.27476471911744,,853.0928017431811,False,False,False,,[]
568,568,569,True,1.0,1.0,568.0,569.0,568.0,569.0,569.0,0.0,84.00775680000001,83.84682240000001,117.2350325950496,0.5150658488273621,0.5150658488273621,0.0,1.0,0.4984715485022361,0.49831696644865875,0.9997804607144628,0.9497804641723633,0.9997801331180067,0.9999921064366026,0.9999920919679621,0.9999931895137564,0.9999931787986323,-10.192687628772957,-40.06766828723585,,824.7249479236383,False,False,False,,[]
569,569,570,True,1.0,1.0,569.0,570.0,569.0,570.0,570.0,0.0,83.84682240000001,83.685888,117.01097467960504,0.5150659680366516,0.5150659680366516,0.0,1.0,0.49831696644865875,0.49816289894182225,0.9997801331180067,0.9497801065444946,0.9997798065430319,0.9999920919679621,0.9999920775310464,0.9999931787986323,0.9999931680847033,-10.15885476220476,-39.93429777201454,,825.1670340448219,False,False,False,,[]
570,570,571,True,1.0,1.0,570.0,571.0,570.0,571.0,571.0,0.0,83.685888,83.685888,141.492117925417,0.5150660276412964,0.5150660276412964,0.0,1.0,0.49816289894182225,0.49798192175321065,0.9997798065430319,0.9497798085212708,0.9997794272867211,0.9999920775310464,0.9999920616878581,0.9999931680847033,0.9999931578521425,-11.932294391514064,-46.909287288119025,,803.22667806827,False,False,False,,[]
571,571,572,True,1.0,1.0,571.0,572.0,571.0,572.0,572.0,0.0,83.685888,83.685888,141.492117925417,0.5150662064552307,0.5150662064552307,0.0,1.0,0.49798192175321065,0.4978009437492246,0.9997794272867211,0.9497793912887573,0.9997790480288374,0.9999920616878581,0.9999920458446677,0.9999931578521425,0.9999931476195802,-11.93229462609442,-46.909498633178906,,803.22604817113,False,False,False,,[]
572,572,573,True,1.0,1.0,572.0,573.0,572.0,573.0,573.0,0.0,83.685888,83.685888,141.492117925417,0.5150662660598755,0.5150662660598755,0.0,1.0,0.4978009437492246,0.4976199649461822,0.9997790480288374,0.9497790336608887,0.9997786687694125,0.9999920458446677,0.9999920300014765,0.9999931476195802,0.9999931373870176,-11.932294704287784,-46.909705748593325,,803.2254324129874,False,False,False,,[]
573,573,574,True,1.0,1.0,573.0,574.0,573.0,574.0,574.0,0.0,83.685888,83.84682240000001,166.19688944541667,0.515066385269165,0.515066385269165,0.0,1.0,0.4976199649461822,0.49741047572078056,0.9997786687694125,0.94977867603302,0.9997782354255731,0.9999920300014765,0.9999920133235798,0.9999931373870176,0.9999931259654863,-13.810740157188674,-54.2996072241045,,780.6870286857181,False,False,False,,[]
574,574,575,True,1.0,1.0,574.0,575.0,574.0,575.0,575.0,0.0,83.84682240000001,83.685888,117.01097467960504,0.5150665640830994,0.5150665640830994,0.0,1.0,0.49741047572078056,0.49725640473405813,0.9997782354255731,0.9497781991958618,0.9997779088436881,0.9999920133235798,0.9999919988866461,0.9999931259654863,0.9999931152515581,-10.158856256649411,-39.93519975845707,,825.1641824446715,False,False,False,,[]
575,575,576,True,1.0,1.0,575.0,576.0,575.0,576.0,576.0,0.0,83.685888,83.685888,141.492117925417,0.5150666236877441,0.5150666236877441,0.0,1.0,0.49725640473405813,0.4970754235427246,0.9997779088436881,0.9497779011726379,0.9997775295796562,0.9999919988866461,0.9999919830434506,0.9999931152515581,0.9999931050189924,-11.932295173447038,-46.910324793645394,,803.2235896042165,False,False,False,,[]
576,576,577,True,1.0,1.0,576.0,577.0,576.0,577.0,577.0,0.0,83.685888,83.5249536,116.78734640541536,0.5150667428970337,0.5150667428970337,0.0,1.0,0.4970754235427246,0.496921865382517,0.9997775295796562,0.9497775435447693,0.9997772040163687,0.9999919830434506,0.9999919686382581,0.9999931050189924,0.9999930943064835,-10.125099078088992,-39.80227512580963,,825.6055345920363,False,False,False,,[]
577,577,578,True,1.0,1.0,577.0,578.0,577.0,578.0,578.0,0.0,83.5249536,83.04215040000001,67.15460473248707,0.5150668621063232,0.5150668621063232,0.0,1.0,0.496921865382517,0.49683634132219434,0.9997772040163687,0.9497771859169006,0.9997770308996018,0.9999919686382581,0.999991964648679,0.9999930943064835,0.9999930854564851,-5.6404212381575,-22.167836435622878,,896.3181195990353,False,False,False,,[]
578,578,579,True,1.0,1.0,578.0,579.0,578.0,579.0,579.0,0.0,83.04215040000001,82.7202816,91.19235820123521,0.515066921710968,0.515066921710968,0.0,1.0,0.49683634132219434,0.49671560817825505,0.9997770308996018,0.9497770071029663,0.9997767779487592,0.999991964648679,0.9999919535838397,0.9999930854564851,0.999993075373836,-7.961922943311158,-31.294030909067267,,856.7690243676227,False,False,False,,[]
579,579,580,True,1.0,1.0,579.0,580.0,579.0,580.0,580.0,0.0,82.7202816,82.23747840000001,66.04505618668539,0.5150669813156128,0.5150669813156128,0.0,1.0,0.49671560817825505,0.49663222810385127,0.9997767779487592,0.9497767686843872,0.999776609525443,0.9999919535838397,0.9999919496980866,0.999993075373836,0.9999930666850133,-5.499386606725377,-21.612115285454404,,898.6365134996607,False,False,False,,[]
580,580,581,True,1.0,1.0,580.0,581.0,580.0,581.0,581.0,0.0,82.23747840000001,81.5937408,40.679711234282934,0.5150670409202576,0.5150670409202576,0.0,1.0,0.49663222810385127,0.49658004805193723,0.999776609525443,0.9497765898704529,0.9997765072929578,0.9999919496980866,0.9999919473210453,0.9999930666850133,0.9999930604760208,-3.4420365647129647,-13.525069456125406,,933.7161146757765,False,False,False,,[]
581,581,582,True,1.0,1.0,581.0,582.0,581.0,582.0,582.0,0.0,81.5937408,80.9500032,39.80496163534885,0.5150670409202576,0.5150670409202576,0.0,1.0,0.49658004805193723,0.4965287944264346,0.9997765072929578,0.9497764706611633,0.999776406966517,0.9999919473210453,0.9999919445518671,0.9999930604760208,0.9999930544089651,-3.3811046291374987,-13.28493973028069,,934.4724522615926,False,False,False,,[]
582,582,583,True,1.0,1.0,582.0,583.0,582.0,583.0,583.0,0.0,80.9500032,80.1453312,14.23231477652463,0.5150671005249023,0.5150671005249023,0.0,1.0,0.4965287944264346,0.4965101371660527,0.999776406966517,0.9497764110565186,0.999776371592049,0.9999919445518671,0.9999919435705666,0.9999930544089651,0.999993051917902,-1.2309713370806907,-4.835961890999061,,974.9752414466878,False,False,False,,[]
583,583,584,True,1.0,1.0,583.0,584.0,583.0,584.0,584.0,0.0,80.1453312,79.3406592,13.157137531268576,0.5150671005249023,0.5150671005249023,0.0,1.0,0.4965101371660527,0.49649321793493767,0.999776371592049,0.9497763514518738,0.9997763395674091,0.9999919435705666,0.9999919428221452,0.999993051917902,0.9999930496239536,-1.1163750571812825,-4.385464705015627,,977.3603611542103,False,False,False,,[]
584,584,585,True,1.0,1.0,584.0,585.0,584.0,585.0,585.0,0.0,79.3406592,78.3750528,-12.612070202564095,0.5150671005249023,0.5150671005249023,0.0,1.0,0.49649321793493767,0.49650355439277066,0.9997763395674091,0.9497763514518738,0.999776320128198,0.9999919428221452,0.9999919419708017,0.9999930496239536,0.9999930474426802,0.682127013840813,2.6792098703120084,,1005.3888033383041,False,False,False,,[]
585,585,586,True,1.0,1.0,585.0,586.0,585.0,586.0,586.0,0.0,78.3750528,77.57038080000001,10.82955602231383,0.5150671005249023,0.5150671005249023,0.0,1.0,0.49650355439277066,0.4964899015374041,0.999776320128198,0.949776291847229,0.9997762943685822,0.9999919419708017,0.9999919413684563,0.9999930474426802,0.9999930455719342,-0.9009913318994633,-3.538820111021235,,981.6414319153155,False,False,False,,[]
586,586,587,True,1.0,1.0,586.0,587.0,586.0,587.0,587.0,0.0,77.57038080000001,77.40944640000001,108.60783615760407,0.5150671005249023,0.5150671005249023,0.0,1.0,0.4964899015374041,0.4963556124684946,0.9997762943685822,0.949776291847229,0.9997760092604517,0.9999919413684563,0.9999919285390994,0.9999930455719342,0.9999930350914386,-8.859270921909127,-34.80772666133791,,843.0923133545675,False,False,False,,[]
587,587,588,True,1.0,1.0,587.0,588.0,587.0,588.0,588.0,0.0,77.40944640000001,77.248512,108.40096389243523,0.5150672197341919,0.5150672197341919,0.0,1.0,0.4963556124684946,0.49622181481163136,0.9997760092604517,0.9497759938240051,0.9997757253321609,0.9999919285390994,0.9999919157509423,0.9999930350914386,0.999993024627428,-8.826898795955954,-34.68035265895299,,843.5667444344679,False,False,False,,[]
588,588,589,True,1.0,1.0,588.0,589.0,588.0,589.0,589.0,0.0,77.248512,77.248512,132.899292788521,0.5150672793388367,0.5150672793388367,0.0,1.0,0.49622181481163136,0.4960623637942111,0.9997757253321609,0.9497756958007812,0.9997753880965675,0.9999919157509423,0.9999919015145741,0.999993024627428,0.9999930139210218,-10.5184911166723,-41.32970371533739,,820.938967047189,False,False,False,,[]
589,589,590,True,1.0,1.0,589.0,590.0,589.0,590.0,590.0,0.0,77.248512,77.40944640000001,157.60406430852066,0.5150673985481262,0.5150673985481262,0.0,1.0,0.4960623637942111,0.49587844723684793,0.9997753880965675,0.9497753977775574,0.9997750031797291,0.9999919015145741,0.9999918863207936,0.9999930139210218,0.999993004107503,-12.13137745584162,-47.67117166852494,,801.6574810759612,False,False,False,,[]
590,590,591,True,1.0,1.0,590.0,591.0,590.0,591.0,591.0,0.0,77.40944640000001,77.8922496,207.22004997243397,0.5150675177574158,0.5150675177574158,0.0,1.0,0.49587844723684793,0.49564031903510697,0.9997750031797291,0.949774980545044,0.9997745174355588,0.9999918863207936,0.999991870785844,0.999993004107503,0.9999929899648093,-15.704272302440152,-61.72282989125268,,759.658913748742,False,False,False,,[]
591,591,592,True,1.0,1.0,591.0,592.0,591.0,592.0,592.0,0.0,77.8922496,78.6969216,257.2514987317181,0.5150676369667053,0.5150676369667053,0.0,1.0,0.49564031903510697,0.495348184778901,0.9997745174355588,0.9497745037078857,0.9997739386278365,0.999991870785844,0.9999918560697683,0.9999929899648093,0.9999929725553784,-19.261813876318772,-75.72119920858482,,723.5154274539765,False,False,False,,[]
592,592,593,True,1.0,1.0,592.0,593.0,592.0,593.0,593.0,0.0,78.6969216,78.857856,159.4775150089924,0.5150678157806396,0.5150678157806396,0.0,1.0,0.495348184778901,0.4951589816308086,0.9997739386278365,0.949773907661438,0.9997735435783118,0.9999918560697683,0.9999918405408128,0.9999929725553784,0.9999929626699864,-12.478319111522607,-49.04145598555576,,797.3703058555802,False,False,False,,[]
593,593,594,True,1.0,1.0,593.0,594.0,593.0,594.0,594.0,0.0,78.857856,79.01879040000001,159.68782440421992,0.5150679349899292,0.5150679349899292,0.0,1.0,0.4951589816308086,0.49496918459679057,0.9997735435783118,0.9497735500335693,0.9997731473943875,0.9999918405408128,0.9999918249746382,0.9999929626699864,0.9999929527773288,-12.51724529342629,-49.195391217483945,,796.892591542738,False,False,False,,[]
594,594,595,True,1.0,1.0,594.0,595.0,594.0,595.0,595.0,0.0,79.01879040000001,79.01879040000001,135.19379192070065,0.5150680541992188,0.5150680541992188,0.0,1.0,0.49496918459679057,0.49480405513274306,0.9997731473943875,0.9497731328010559,0.9997727989788986,0.9999918249746382,0.9999918102995228,0.9999929527773288,0.9999929422245392,-10.891062299896879,-42.80155708111656,,816.1939953414332,False,False,False,,[]
595,595,596,True,1.0,1.0,595.0,596.0,595.0,596.0,596.0,0.0,79.01879040000001,78.857856,110.489020400699,0.5150681734085083,0.5150681734085083,0.0,1.0,0.49480405513274306,0.49466539477072846,0.9997727989788986,0.9497727751731873,0.9997725033285193,0.9999918102995228,0.9999917970969777,0.9999929422245392,0.9999929317117835,-9.146011432777799,-35.94076583418142,,838.9679112732869,False,False,False,,[]
596,596,597,True,1.0,1.0,596.0,597.0,596.0,597.0,597.0,0.0,78.857856,78.857856,134.98305288421827,0.5150682330131531,0.5150682330131531,0.0,1.0,0.49466539477072846,0.49450078435169426,0.9997725033285193,0.9497724771499634,0.9997721559321533,0.9999917970969777,0.9999917824618623,0.9999929317117835,0.9999929211434484,-10.856847611248238,-42.6670206136607,,816.6241776698388,False,False,False,,[]
597,597,598,True,1.0,1.0,597.0,598.0,597.0,598.0,598.0,0.0,78.857856,78.6969216,110.27828136421859,0.5150683522224426,0.5150683522224426,0.0,1.0,0.49450078435169426,0.4943626118326023,0.9997721559321533,0.9497721195220947,0.9997718614625147,0.9999917824618623,0.9999917693009842,0.9999929211434484,0.9999929106334348,-9.113849735502889,-35.81431694863755,,839.4259042869452,False,False,False,,[]
598,598,599,True,1.0,1.0,598.0,599.0,598.0,599.0,599.0,0.0,78.6969216,78.2141184,60.65842892899371,0.5150684714317322,0.5150684714317322,0.0,1.0,0.4943626118326023,0.4942885824022322,0.9997718614625147,0.9497718214988708,0.999771713288631,0.9999917693009842,0.9999917652272817,0.9999929106334348,0.9999929027268064,-4.883994974429015,-19.18842835192069,,908.4078280420244,False,False,False,,[]
599,599,600,True,1.0,1.0,599.0,600.0,599.0,600.0,600.0,0.0,78.2141184,77.7313152,60.03007859085623,0.5150684714317322,0.5150684714317322,0.0,1.0,0.4942885824022322,0.4942164944028268,0.999771713288631,0.9497717022895813,0.999771569274403,0.9999917652272817,0.9999917618883697,0.9999929027268064,0.9999928948977352,-4.756104421312086,-18.685209445884944,,911.0310695050847,False,False,False,,[]
600,600,601,True,1.0,1.0,600.0,601.0,600.0,601.0,601.0,0.0,77.7313152,77.248512,59.40559502403427,0.515068531036377,0.515068531036377,0.0,1.0,0.4942164944028268,0.49414553390618715,0.999771569274403,0.9497715830802917,0.9997714276689273,0.9999917618883697,0.9999917586046507,0.9999928948977352,0.999992887146613,-4.681893268885674,-18.39296072898466,,912.2790046162926,False,False,False,,[]
601,601,602,True,1.0,1.0,601.0,602.0,601.0,602.0,602.0,0.0,77.248512,77.0875776,108.19452126852131,0.5150685906410217,0.5150685906410217,0.0,1.0,0.49414553390618715,0.4940122264411013,0.9997714276689273,0.9497714042663574,0.9997711449164821,0.9999917586046507,0.9999917458576214,0.999992887146613,0.9999928767067432,-8.794042731046572,-34.553294950247775,,844.0459584569609,False,False,False,,[]
602,602,603,True,1.0,1.0,602.0,603.0,602.0,603.0,603.0,0.0,77.0875776,76.9266432,107.98850828586227,0.5150686502456665,0.5150686502456665,0.0,1.0,0.4940122264411013,0.4938794167060112,0.9997711449164821,0.9497711062431335,0.9997708633568779,0.9999917458576214,0.9999917331516857,0.9999928767067432,0.9999928662910624,-8.761268392593133,-34.42428333535704,,844.5323160289402,False,False,False,,[]
603,603,604,True,1.0,1.0,603.0,604.0,603.0,604.0,604.0,0.0,76.9266432,76.76570880000001,107.78292494446595,0.515068769454956,0.515068769454956,0.0,1.0,0.4938794167060112,0.4937470933186959,0.9997708633568779,0.9497708678245544,0.9997705829617796,0.9999917331516857,0.9999917204867886,0.9999928662910624,0.9999928558907217,-8.729244617951741,-34.29822199212969,,845.0027260072986,False,False,False,,[]
604,604,605,True,1.0,1.0,604.0,605.0,604.0,605.0,605.0,0.0,76.76570880000001,77.0875776,181.69208580431965,0.5150688290596008,0.5150688290596008,0.0,1.0,0.4937470933186959,0.49353853426613703,0.9997705829617796,0.9497705698013306,0.9997701513530128,0.9999917204867886,0.9999917049702625,0.9999928558907217,0.9999928444621127,-13.755199439149848,-54.058506423253284,,782.0656306253929,False,False,False,,[]
605,605,606,True,1.0,1.0,605.0,606.0,605.0,606.0,606.0,0.0,77.0875776,77.7313152,231.51236588586264,0.5150689482688904,0.5150689482688904,0.0,1.0,0.49353853426613703,0.4932753812238084,0.9997701513530128,0.9497701525688171,0.9997696215126215,0.9999917049702625,0.9999916901357411,0.9999928444621127,0.99999282780986,-17.35237436073255,-68.20926857158376,,742.0468225532204,False,False,False,,[]
606,606,607,True,1.0,1.0,606.0,607.0,606.0,607.0,607.0,0.0,77.7313152,78.857856,306.453310224033,0.5150691270828247,0.5150691270828247,0.0,1.0,0.4932753812238084,0.49292737899534217,0.9997696215126215,0.9497696161270142,0.9997689551923361,0.9999916901357411,0.9999916695971218,0.99999282780986,0.9999928107538317,-22.940002006969372,-90.20217761844613,,688.5966784529243,False,False,False,,[]
607,607,608,True,1.0,1.0,607.0,608.0,607.0,608.0,608.0,0.0,78.857856,79.01879040000001,159.68782440421992,0.515069305896759,0.515069305896759,0.0,1.0,0.49292737899534217,0.49273756909078664,0.9997689551923361,0.9497689604759216,0.9997685589838361,0.9999916695971218,0.9999916540309362,0.9999928107538317,0.9999928008611463,-12.517247645855283,-49.198727260795934,,796.8828329894769,False,False,False,,[]
608,608,609,True,1.0,1.0,608.0,609.0,608.0,609.0,609.0,0.0,79.01879040000001,78.857856,110.489020400699,0.5150694251060486,0.5150694251060486,0.0,1.0,0.49273756909078664,0.4925989003417858,0.9997685589838361,0.9497685432434082,0.9997682633131483,0.9999916540309362,0.9999916408283722,0.9999928008611463,0.9999927903483967,-9.146012484961549,-35.942939741029214,,838.9605695757772,False,False,False,,[]
609,609,610,True,1.0,1.0,609.0,610.0,609.0,610.0,610.0,0.0,78.857856,78.6969216,110.27828136421859,0.5150695443153381,0.5150695443153381,0.0,1.0,0.4925989003417858,0.4924607204248569,0.9997682633131483,0.9497682452201843,0.9997679688256125,0.9999916408283722,0.9999916276674763,0.9999927903483967,0.999992779838389,-9.11385073000974,-35.81623446797083,,839.4194220034128,False,False,False,,[]
610,610,611,True,1.0,1.0,610.0,611.0,610.0,611.0,611.0,0.0,78.6969216,77.248512,-87.57020019100634,0.5150696039199829,0.5150696039199829,0.0,1.0,0.4924607204248569,0.49253150579784033,0.9997679688256125,0.9497679471969604,0.999767827593803,0.9999916276674763,0.9999916171497768,0.999992779838389,0.9999927701023621,4.671863037367237,18.347568677301656,,1037.7841277935497,False,False,False,,[]
611,611,612,True,1.0,1.0,611.0,612.0,611.0,612.0,612.0,0.0,77.248512,75.80010240000001,-89.44365089147807,0.5150696635246277,0.5150696635246277,0.0,1.0,0.49253150579784033,0.4926023063991583,0.999767827593803,0.9497678279876709,0.9997676863295054,0.9999916171497768,0.9999916064341509,0.9999927701023621,0.9999927603590397,4.673387870279901,18.351515861624993,,1037.5760482204114,False,False,False,,[]
612,612,613,True,1.0,1.0,612.0,613.0,612.0,613.0,613.0,0.0,75.80010240000001,74.35169280000001,-91.28230065014735,0.5150697231292725,0.5150697231292725,0.0,1.0,0.4926023063991583,0.49267301003555986,0.9997676863295054,0.9497676491737366,0.9997675452720572,0.9999916064341509,0.9999915955327703,0.9999927603590397,0.9999927505837679,4.667488146901479,18.326382555280194,,1037.2596520689365,False,False,False,,[]
613,613,614,True,1.0,1.0,613.0,614.0,613.0,614.0,614.0,0.0,74.35169280000001,74.1907584,104.55202269299109,0.5150697231292725,0.5150697231292725,0.0,1.0,0.49267301003555986,0.4925481380119839,0.9997675452720572,0.949767529964447,0.9997672825883125,0.9999915955327703,0.9999915835169494,0.9999927505837679,0.9999927402916295,-8.239176268918696,-32.36682851089489,,852.1891856349506,False,False,False,,[]
614,614,615,True,1.0,1.0,614.0,615.0,614.0,615.0,615.0,0.0,74.1907584,74.1907584,129.0585147729569,0.515069842338562,0.515069842338562,0.0,1.0,0.4925481380119839,0.49239858205524456,0.9997672825883125,0.9497672915458679,0.9997669649926249,0.9999915835169494,0.99999157003077,0.9999927402916295,0.9999927297842487,-9.86711811833725,-38.76490398683946,,829.6627079479782,False,False,False,,[]
615,615,616,True,1.0,1.0,615.0,616.0,615.0,616.0,616.0,0.0,74.1907584,74.35169280000001,153.76328629295656,0.5150699019432068,0.5150699019432068,0.0,1.0,0.49239858205524456,0.4922248912349005,0.9997669649926249,0.9497669339179993,0.9997665998493017,0.99999157003077,0.9999915555447734,0.9999927297842487,0.9999927195646148,-11.45848952492829,-45.02066063319108,,809.7750976064224,False,False,False,,[]
616,616,617,True,1.0,1.0,616.0,617.0,616.0,617.0,617.0,0.0,74.35169280000001,75.4782336,302.19019485298855,0.5150700211524963,0.5150700211524963,0.0,1.0,0.4922248912349005,0.4918949206496851,0.9997665998493017,0.9497665762901306,0.9997659607377506,0.9999915555447734,0.9999915361660622,0.9999927195646148,0.9999927017279109,-21.75723969080233,-85.52837568783484,,698.7645780854343,False,False,False,,[]
617,617,618,True,1.0,1.0,617.0,618.0,617.0,618.0,618.0,0.0,75.4782336,76.9266432,352.99972392842056,0.5150701999664307,0.5150701999664307,0.0,1.0,0.4918949206496851,0.4915160819014169,0.9997659607377506,0.9497659206390381,0.9997652503063907,0.9999915361660622,0.9999915205356795,0.9999927017279109,0.9999926854634629,-24.973436310167177,-98.19500355111968,,674.8655110664058,False,False,False,,[]
618,618,619,True,1.0,1.0,618.0,619.0,618.0,619.0,619.0,0.0,76.9266432,78.857856,428.9449547044637,0.5150704383850098,0.5150704383850098,0.0,1.0,0.4915160819014169,0.4910491797444859,0.9997652503063907,0.9497652649879456,0.9997644321248117,0.9999915205356795,0.9999915031880316,0.9999926854634629,0.9999926669252187,-30.766836803876032,-121.02103907650985,,631.0716161932863,False,False,False,,[]
619,619,620,True,1.0,1.0,619.0,620.0,619.0,620.0,620.0,0.0,78.857856,79.98439680000001,307.91645352421995,0.5150706768035889,0.5150706768035889,0.0,1.0,0.4910491797444859,0.490695162924897,0.9997644321248117,0.9497644305229187,0.999763756957487,0.9999915031880316,0.9999914822543584,0.9999926669252187,0.9999926502946906,-23.333177517848053,-91.7611596374506,,685.3550406019317,False,False,False,,[]
620,620,621,True,1.0,1.0,620.0,621.0,620.0,621.0,621.0,0.0,79.98439680000001,81.4328064,358.8101922859877,0.515070915222168,0.515070915222168,0.0,1.0,0.490695162924897,0.49028909185999503,0.999763756957487,0.9497637152671814,0.9997630102290668,0.9999914822543584,0.9999914658113961,0.9999926502946906,0.9999926344115607,-26.757289744048233,-105.25362002259304,,660.9079557114558,False,False,False,,[]
621,621,622,True,1.0,1.0,621.0,622.0,621.0,622.0,622.0,0.0,81.4328064,82.88121600000001,360.74937809875865,0.5150710940361023,0.5150710940361023,0.0,1.0,0.49028909185999503,0.489873485379268,0.9997630102290668,0.9497630000114441,0.9997622514038523,0.9999914658113961,0.9999914490226984,0.9999926344115607,0.9999926181560149,-27.381784871586483,-107.72519980445021,,655.9384669835744,False,False,False,,[]
622,622,623,True,1.0,1.0,622.0,623.0,622.0,623.0,623.0,0.0,82.88121600000001,84.00775680000001,313.3138218133308,0.5150713324546814,0.5150713324546814,0.0,1.0,0.489873485379268,0.489498030751958,0.9997622514038523,0.949762225151062,0.9997615456600533,0.9999914490226984,0.9999914273619871,0.9999926181560149,0.9999926027888533,-24.736820267649044,-97.31783939873968,,674.2829714397808,False,False,False,,[]
623,623,624,True,1.0,1.0,623.0,624.0,623.0,624.0,624.0,0.0,84.00775680000001,84.8124288,265.4636617150496,0.5150715708732605,0.5150715708732605,0.0,1.0,0.489498030751958,0.48917525846554955,0.9997615456600533,0.9497615098953247,0.9997609176917707,0.9999914273619871,0.9999914106083623,0.9999926027888533,0.9999925863331363,-21.267470865191935,-83.66257663707283,,704.8316778553457,False,False,False,,[]
624,624,625,True,1.0,1.0,624.0,625.0,624.0,625.0,625.0,0.0,84.8124288,85.295232,217.1808528711238,0.5150717496871948,0.5150717496871948,0.0,1.0,0.48917525846554955,0.4889029375798829,0.9997609176917707,0.949760913848877,0.9997603721111981,0.9999914106083623,0.9999913938173844,0.9999925863331363,0.9999925700687664,-17.944935495860708,-70.58557356478721,,735.3296456348319,False,False,False,,[]
625,625,626,True,1.0,1.0,625.0,626.0,625.0,626.0,626.0,0.0,85.295232,86.26083840000001,291.9763636438542,0.5150718688964844,0.5150718688964844,0.0,1.0,0.4889029375798829,0.4885430404037491,0.9997603721111981,0.949760377407074,0.999759688406947,0.9999913938173844,0.9999913734358176,0.9999925700687664,0.999992554693781,-23.708372009700643,-93.28534805388337,,683.0488401414107,False,False,False,,[]
626,626,627,True,1.0,1.0,626.0,627.0,626.0,627.0,627.0,0.0,86.26083840000001,86.904576,243.9408133432406,0.5150721073150635,0.5150721073150635,0.0,1.0,0.4885430404037491,0.48823780630447056,0.999759688406947,0.9497596621513367,0.9997590882422487,0.9999913734358176,0.9999913574405929,0.999992554693781,0.9999925384504034,-20.109322779613674,-79.1166785329863,,715.5690508593667,False,False,False,,[]
627,627,628,True,1.0,1.0,627.0,628.0,627.0,628.0,628.0,0.0,86.904576,87.06551040000001,170.75108676797154,0.5150722861289978,0.5150722861289978,0.0,1.0,0.48823780630447056,0.4880138941656186,0.9997590882422487,0.9497590661048889,0.9997586282587755,0.9999913574405929,0.9999913399828219,0.9999925384504034,0.9999925255109695,-14.754727432209343,-58.03802639043225,,769.0487466109253,False,False,False,,[]
628,628,629,True,1.0,1.0,628.0,629.0,628.0,629.0,629.0,0.0,87.06551040000001,87.5483136,220.39285090729553,0.5150724053382874,0.5150724053382874,0.0,1.0,0.4880138941656186,0.4877293631963549,0.9997586282587755,0.9497585892677307,0.9997580620720637,0.9999913399828219,0.9999913210656399,0.9999925255109695,0.999992509534769,-18.74535735890962,-73.75042723314466,,726.7214639364197,False,False,False,,[]
629,629,630,True,1.0,1.0,629.0,630.0,629.0,630.0,630.0,0.0,87.5483136,88.0311168,221.0920920528124,0.5150725841522217,0.5150725841522217,0.0,1.0,0.4877293631963549,0.48744491953678565,0.9997580620720637,0.9497580528259277,0.9997574960312275,0.9999913210656399,0.9999913038527538,0.999992509534769,0.9999924936793515,-18.738844089683393,-73.72779656034915,,727.740573512207,False,False,False,,[]
630,630,631,True,1.0,1.0,630.0,631.0,630.0,631.0,631.0,0.0,88.0311168,88.67485440000002,246.49997148963857,0.515072762966156,0.515072762966156,0.0,1.0,0.48744491953678565,0.4871316430027711,0.9997574960312275,0.94975745677948,0.9997568830029198,0.9999913038527538,0.999991287675195,0.9999924936793515,0.9999924781041415,-20.635619830630777,-81.20127761656701,,711.0695802729747,False,False,False,,[]
631,631,632,True,1.0,1.0,631.0,632.0,631.0,632.0,632.0,0.0,88.67485440000002,89.15765760000001,222.73869216966816,0.5150729417800903,0.5150729417800903,0.0,1.0,0.4871316430027711,0.486842022349105,0.9997568830029198,0.9497568607330322,0.9997563083495281,0.999991287675195,0.9999912702964412,0.9999924781041415,0.9999924623510615,-19.077840470293427,-75.06967343025673,,724.5233185388637,False,False,False,,[]
632,632,633,True,1.0,1.0,632.0,633.0,632.0,633.0,633.0,0.0,89.15765760000001,89.15765760000001,149.33650799288935,0.5150731205940247,0.5150731205940247,0.0,1.0,0.486842022349105,0.48664023708719906,0.9997563083495281,0.9497563242912292,0.9997558894370834,0.9999912702964412,0.9999912530734825,0.9999924623510615,0.9999924518619435,-13.295125142002933,-52.3027398860257,,786.5415918263797,False,False,False,,[]
633,633,634,True,1.0,1.0,633.0,634.0,633.0,634.0,634.0,0.0,89.15765760000001,88.51392000000001,50.51742191289064,0.5150732398033142,0.5150732398033142,0.0,1.0,0.48664023708719906,0.48657072935802614,0.9997558894370834,0.9497559070587158,0.999755750927672,0.9999912530734825,0.9999912498721811,0.9999924518619435,0.9999924441057488,-4.581606798553259,-18.01640340161267,,913.8126903040398,False,False,False,,[]
634,634,635,True,1.0,1.0,634.0,635.0,634.0,635.0,635.0,0.0,88.51392000000001,87.709248,24.864002497773743,0.515073299407959,0.515073299407959,0.0,1.0,0.48657072935802614,0.48653585184444953,0.999755750927672,0.9497557282447815,0.999755683741664,0.9999912498721811,0.9999912483093879,0.9999924441057488,0.9999924396358882,-2.2993417686649353,-9.040251519059717,,954.5365976561397,False,False,False,,[]
635,635,636,True,1.0,1.0,635.0,636.0,635.0,636.0,636.0,0.0,87.709248,86.26083840000001,-75.13122652283373,0.515073299407959,0.515073299407959,0.0,1.0,0.48653585184444953,0.48660836566574883,0.999755683741664,0.9497556686401367,0.9997555388163892,0.9999912483093879,0.9999912436474925,0.9999924396358882,0.9999924298910345,4.782532075011546,18.795582480777284,,1045.6035215218308,False,False,False,,[]
636,636,637,True,1.0,1.0,636.0,637.0,636.0,637.0,637.0,0.0,86.26083840000001,84.49056,-126.63075945676046,0.5150733590126038,0.5150733590126038,0.0,1.0,0.48660836566574883,0.4867254869245907,0.9997555388163892,0.9497555494308472,0.9997552942983975,0.9999912436474925,0.9999912282712621,0.9999924298910345,0.9999924192151792,7.726668986878034,30.357830291817876,,1071.3719883977565,False,False,False,,[]
637,637,638,True,1.0,1.0,637.0,638.0,637.0,638.0,638.0,0.0,84.49056,80.78906880000001,-425.5951892510745,0.5150734186172485,0.5150734186172485,0.0,1.0,0.4867254869245907,0.4871478209271091,0.9997552942983975,0.9497553110122681,0.9997545271343519,0.9999912282712621,0.9999912097555044,0.9999924192151792,0.9999923998367902,27.89301160736397,109.46897345277304,,1444.5094258946854,False,False,False,,[]
638,638,639,True,1.0,1.0,638.0,639.0,638.0,639.0,639.0,0.0,80.78906880000001,77.57038080000001,-356.5551527550409,0.5150736570358276,0.5150736570358276,0.0,1.0,0.4871478209271091,0.4874857460304019,0.9997545271343519,0.949754536151886,0.9997538758944468,0.9999912097555044,0.999991193681253,0.9999923998367902,0.9999923843451051,22.31837281422161,87.5901867734839,,1317.9314178770937,False,False,False,,[]
639,639,640,True,1.0,1.0,639.0,640.0,639.0,640.0,640.0,0.0,77.57038080000001,74.834496,-286.6685081623967,0.515073835849762,0.515073835849762,0.0,1.0,0.4874857460304019,0.48773746777944377,0.9997538758944468,0.9497538805007935,0.9997533659948632,0.999991193681253,0.9999911757168168,0.9999923843451051,0.9999923666161751,16.624316287115214,65.24627735165537,,1197.6599036220944,False,False,False,,[]
640,640,641,True,1.0,1.0,640.0,641.0,640.0,641.0,641.0,0.0,74.834496,74.35169280000001,55.73989582063443,0.5150740146636963,0.5150740146636963,0.0,1.0,0.48773746777944377,0.4876723127204582,0.9997533659948632,0.9497533440589905,0.999753236710778,0.9999911757168168,0.9999911721576848,0.9999923666161751,0.9999923593329156,-4.299491727852429,-16.888191289063293,,918.3361675118176,False,False,False,,[]
641,641,642,True,1.0,1.0,641.0,642.0,641.0,642.0,642.0,0.0,74.35169280000001,74.029824,79.8472511729914,0.5150740146636963,0.5150740146636963,0.0,1.0,0.4876723127204582,0.4875751062015292,0.999753236710778,0.9497532248497009,0.9997530376848864,0.9999911721576848,0.9999911627103679,0.9999923593329156,0.9999923502180532,-6.414076457532258,-25.195929706390807,,880.5364818728989,False,False,False,,[]
642,642,643,True,1.0,1.0,642.0,643.0,642.0,643.0,643.0,0.0,74.029824,74.029824,128.86066497417985,0.5150740742683411,0.5150740742683411,0.0,1.0,0.4875751062015292,0.48742602047072053,0.9997530376848864,0.9497530460357666,0.9997527210274407,0.9999911627103679,0.9999911492633212,0.9999923502180532,0.9999923396912139,-9.835825689988868,-38.64302142560408,,830.064703597841,False,False,False,,[]
643,643,644,True,1.0,1.0,643.0,644.0,643.0,644.0,644.0,0.0,74.029824,74.5126272,202.97497953417692,0.5150741934776306,0.5150741934776306,0.0,1.0,0.48742602047072053,0.48720295020590565,0.9997527210274407,0.949752688407898,0.9997522625851559,0.9999911492633212,0.9999911343461982,0.9999923396912139,0.9999923268864107,-14.713360179498657,-57.8198126400214,,771.2262165135168,False,False,False,,[]
644,644,645,True,1.0,1.0,644.0,645.0,644.0,645.0,645.0,0.0,74.5126272,75.3172992,252.97936089428183,0.5150743126869202,0.5150743126869202,0.0,1.0,0.48720295020590565,0.48692703617732996,0.9997522625851559,0.9497522711753845,0.9997517108979075,0.9999911343461982,0.9999911207512238,0.9999923268864107,0.9999923091711834,-18.195086398646847,-71.5169162068165,,734.0026210460815,False,False,False,,[]
645,645,646,True,1.0,1.0,645.0,646.0,645.0,646.0,646.0,0.0,75.3172992,76.44384000000001,303.38889395958944,0.5150744915008545,0.5150744915008545,0.0,1.0,0.48692703617732996,0.4865920903859064,0.9997517108979075,0.9497516751289368,0.9997510641775952,0.9999911207512238,0.9999911010447018,0.9999923091711834,0.9999922916883321,-22.082423075313766,-86.81794913699498,,695.9876056109291,False,False,False,,[]
646,646,647,True,1.0,1.0,646.0,647.0,646.0,647.0,647.0,0.0,76.44384000000001,77.57038080000001,304.8069249278057,0.5150746703147888,0.5150746703147888,0.0,1.0,0.4865920903859064,0.486251058590842,0.9997510641775952,0.949751079082489,0.9997504082544121,0.9999911010447018,0.9999910809521301,0.9999922916883321,0.9999922743848162,-22.481269271306857,-88.39544128068981,,692.5110876398942,False,False,False,,[]
647,647,648,True,1.0,1.0,647.0,648.0,647.0,648.0,648.0,0.0,77.57038080000001,78.5359872,281.5412367976018,0.5150748491287231,0.5150748491287231,0.0,1.0,0.486251058590842,0.4859318944831159,0.9997504082544121,0.9497504234313965,0.9997497859310414,0.9999910809521301,0.9999910632316866,0.9999922743848162,0.9999922569812103,-21.039330777017845,-82.72733672260213,,705.9551938294901,False,False,False,,[]
648,648,649,True,1.0,1.0,648.0,649.0,648.0,649.0,649.0,0.0,78.5359872,79.66252800000001,307.49626437502764,0.5150750875473022,0.5150750875473022,0.0,1.0,0.4859318944831159,0.4855793421172071,0.9997497859310414,0.949749767780304,0.9997491129071405,0.9999910632316866,0.9999910424111234,0.9999922569812103,0.9999922399821565,-23.236078525138094,-91.38157324355784,,686.0242715768967,False,False,False,,[]
649,649,650,True,1.0,1.0,649.0,650.0,649.0,650.0,650.0,0.0,79.66252800000001,80.78906880000001,308.9744451191983,0.5150752663612366,0.5150752663612366,0.0,1.0,0.4855793421172071,0.4852207663590023,0.9997491129071405,0.9497491121292114,0.9997484311115179,0.9999910424111234,0.9999910212038987,0.9999922399821565,0.9999922234277994,-23.630525523239637,-92.94283652667812,,682.8190227683025,False,False,False,,[]
650,650,651,True,1.0,1.0,650.0,651.0,650.0,651.0,651.0,0.0,80.78906880000001,81.5937408,261.0641352449569,0.5150755047798157,0.5150755047798157,0.0,1.0,0.4852207663590023,0.48491428167937617,0.9997484311115179,0.9497483968734741,0.9997478289340391,0.9999910212038987,0.9999910054647357,0.9999922234277994,0.999992206476349,-20.199195476274596,-79.44082895909149,,714.5955216459175,False,False,False,,[]
651,651,652,True,1.0,1.0,651.0,652.0,651.0,652.0,652.0,0.0,81.5937408,82.23747840000001,237.44313379535214,0.51507568359375,0.51507568359375,0.0,1.0,0.48491428167937617,0.48463049501305966,0.9997478289340391,0.9497478008270264,0.9997472639915816,0.9999910054647357,0.9999909900185109,0.999992206476349,0.9999921895601941,-18.703414801222053,-73.55750390923464,,728.5213907679056,False,False,False,,[]
652,652,653,True,1.0,1.0,652.0,653.0,652.0,653.0,653.0,0.0,82.23747840000001,83.20308480000001,287.7274264342856,0.5150758028030396,0.5150758028030396,0.0,1.0,0.48463049501305966,0.4842864871248995,0.9997472639915816,0.9497472643852234,0.9997466036104511,0.9999909900185109,0.9999909703667551,0.9999921895601941,0.9999921731359822,-22.666905881090276,-89.1668446111053,,691.5046043999856,False,False,False,,[]
653,653,654,True,1.0,1.0,653.0,654.0,653.0,654.0,654.0,0.0,83.20308480000001,84.00775680000001,264.34766855039334,0.5150760412216187,0.5150760412216187,0.0,1.0,0.4842864871248995,0.48396771627069324,0.9997466036104511,0.9497466087341309,0.9997459819046919,0.9999909703667551,0.9999909537295095,0.9999921731359822,0.99999215660837,-21.004074718258547,-82.62540541026863,,707.1604225040464,False,False,False,,[]
654,654,655,True,1.0,1.0,654.0,655.0,654.0,655.0,655.0,0.0,84.00775680000001,84.49056,216.0541186750483,0.515076220035553,0.515076220035553,0.0,1.0,0.48396771627069324,0.4836987945503598,0.9997459819046919,0.9497459530830383,0.9997454421335839,0.9999909537295095,0.9999909370674726,0.99999215660837,0.999992140154547,-17.72113320555381,-69.70450991042024,,737.4551370987044,False,False,False,,[]
655,655,656,True,1.0,1.0,655.0,656.0,655.0,656.0,656.0,0.0,84.49056,83.84682240000001,43.79546962892531,0.5150763988494873,0.5150763988494873,0.0,1.0,0.4836987945503598,0.4836406459655099,0.9997454421335839,0.9497454166412354,0.9997453275402565,0.9999909370674726,0.9999909339120241,0.999992140154547,0.9999921334450248,-3.834216352939489,-15.072113193107564,,926.378060000731,False,False,False,,[]
656,656,657,True,1.0,1.0,656.0,657.0,656.0,657.0,657.0,0.0,83.84682240000001,83.04215040000001,18.191888599604372,0.5150763988494873,0.5150763988494873,0.0,1.0,0.4836406459655099,0.48361604368444455,0.9997453275402565,0.9497452974319458,0.9997452806218559,0.9999909339120241,0.9999909326125825,0.9999921334450248,0.9999921302214759,-1.6224930241519862,-6.376911252135092,,967.2890773668141,False,False,False,,[]
657,657,658,True,1.0,1.0,657.0,658.0,657.0,658.0,658.0,0.0,83.04215040000001,82.23747840000001,17.07804364123617,0.5150763988494873,0.5150763988494873,0.0,1.0,0.48361604368444455,0.48359314247346064,0.9997452806218559,0.9497452974319458,0.999745237020142,0.9999909326125825,0.9999909314044662,0.9999921302214759,0.9999921272048619,-1.5104212134607955,-5.9359938870325974,,969.475000741861,False,False,False,,[]
658,658,659,True,1.0,1.0,658.0,659.0,658.0,659.0,659.0,0.0,82.23747840000001,82.07654400000001,114.79402579428393,0.5150763988494873,0.5150763988494873,0.0,1.0,0.48359314247346064,0.4834442389005979,0.999745237020142,0.949745237827301,0.999744920726275,0.9999909314044662,0.9999909173582082,0.9999921272048619,0.9999921165149803,-9.817508120777608,-38.595806086027366,,829.6902333292957,False,False,False,,[]
659,659,660,True,1.0,1.0,659.0,660.0,659.0,660.0,660.0,0.0,82.07654400000001,82.07654400000001,139.27946545266627,0.5150765180587769,0.5150765180587769,0.0,1.0,0.4834442389005979,0.4832687691653016,0.999744920726275,0.9497448801994324,0.999744552126774,0.9999909173582082,0.9999909019191883,0.9999921165149803,0.999992106116616,-11.568206402443938,-45.48175538880353,,807.6454499039633,False,False,False,,[]
660,660,661,True,1.0,1.0,660.0,661.0,660.0,661.0,661.0,0.0,82.07654400000001,82.23747840000001,163.9842369726679,0.5150766372680664,0.5150766372680664,0.0,1.0,0.4832687691653016,0.4830659288899422,0.999744552126774,0.9497445225715637,0.9997441312298707,0.9999909019191883,0.9999908856104464,0.999992106116616,0.9999920951955441,-13.371473466631537,-52.576199373157074,,786.0647821778517,False,False,False,,[]
661,661,662,True,1.0,1.0,661.0,662.0,661.0,662.0,662.0,0.0,82.23747840000001,82.7202816,213.6131118742846,0.515076756477356,0.515076756477356,0.0,1.0,0.4830659288899422,0.48280486048063265,0.9997441312298707,0.9497441053390503,0.9997436050001176,0.9999908856104464,0.9999908692390416,0.9999920951955441,0.9999920787697709,-17.206518888482417,-67.66893169303822,,742.6724799457579,False,False,False,,[]
662,662,663,True,1.0,1.0,662.0,663.0,662.0,663.0,663.0,0.0,82.7202816,83.20308480000001,214.27368530668542,0.5150769352912903,0.5150769352912903,0.0,1.0,0.48280486048063265,0.48254156129016745,0.9997436050001176,0.9497435688972473,0.9997430749070295,0.9999908692390416,0.9999908527874442,0.9999920787697709,0.9999920622351355,-17.352718441848438,-68.24715016858451,,741.1279212666366,False,False,False,,[]
663,663,664,True,1.0,1.0,663.0,664.0,663.0,664.0,664.0,0.0,83.20308480000001,83.685888,214.93812551039397,0.5150770545005798,0.5150770545005798,0.0,1.0,0.48254156129016745,0.48227636458150264,0.9997430749070295,0.9497430920600891,0.9997425415382435,0.9999908527874442,0.9999908362563442,0.9999920622351355,0.9999920459262421,-17.47696042500801,-68.73898688592448,,739.987827492277,False,False,False,,[]
664,664,665,True,1.0,1.0,664.0,665.0,664.0,665.0,665.0,0.0,83.685888,84.00775680000001,190.90166096541637,0.5150772333145142,0.5150772333145142,0.0,1.0,0.48227636458150264,0.48203714202595954,0.9997425415382435,0.9497425556182861,0.9997420538319556,0.9999908362563442,0.9999908193222927,0.9999920459262421,0.9999920315630938,-15.76587246663839,-62.00648639676384,,757.9832400826895,False,False,False,,[]
665,665,666,True,1.0,1.0,665.0,666.0,665.0,666.0,666.0,0.0,84.00775680000001,84.49056,216.0541186750483,0.5150774121284485,0.5150774121284485,0.0,1.0,0.48203714202595954,0.48176821875980214,0.9997420538319556,0.9497420191764832,0.9997415140581984,0.9999908193222927,0.9999908026602689,0.9999920315630938,0.999992015109278,-17.721131569308266,-69.70491058800397,,737.4541634597344,False,False,False,,[]
666,666,667,True,1.0,1.0,666.0,667.0,666.0,667.0,667.0,0.0,84.49056,84.9733632,216.7288702689231,0.515077531337738,0.515077531337738,0.0,1.0,0.48176821875980214,0.4814973790644446,0.9997415140581984,0.9497414827346802,0.9997409710052414,0.9999908026602689,0.9999907859206636,0.999992015109278,0.9999919988961284,-17.846589740499027,-70.20164903666583,,736.324026016478,False,False,False,,[]
667,667,668,True,1.0,1.0,667.0,668.0,667.0,668.0,668.0,0.0,84.9733632,84.8124288,118.58840255411266,0.5150777101516724,0.5150777101516724,0.0,1.0,0.4814973790644446,0.48133963965194526,0.9997409710052414,0.9497409462928772,0.9997406371525938,0.9999907859206636,0.9999907712616969,0.9999919988961284,0.9999919881786286,-10.397308401508868,-40.88605571983209,,822.0296421824045,False,False,False,,[]
668,668,669,True,1.0,1.0,668.0,669.0,668.0,669.0,669.0,0.0,84.8124288,84.6514944,118.36176679112312,0.5150778293609619,0.5150778293609619,0.0,1.0,0.48133963965194526,0.48118242249263293,0.9997406371525938,0.9497406482696533,0.999740304333365,0.9999907712616969,0.9999907566343376,0.9999919881786286,0.9999919774609491,-10.363020423453614,-40.75068769375156,,822.4738540030575,False,False,False,,[]
669,669,670,True,1.0,1.0,669.0,670.0,669.0,670.0,670.0,0.0,84.6514944,84.1686912,68.72601762939497,0.5150778889656067,0.5150778889656067,0.0,1.0,0.48118242249263293,0.4810928376383076,0.999740304333365,0.9497402906417847,0.9997401222749879,0.9999907566343376,0.9999907516684357,0.9999919774609491,0.9999919683857373,-5.906343931439596,-23.2203942411181,,891.3992230105541,False,False,False,,[]
670,670,671,True,1.0,1.0,670.0,671.0,670.0,671.0,671.0,0.0,84.1686912,84.1686912,142.16429167175068,0.5150779485702515,0.5150779485702515,0.0,1.0,0.4810928376383076,0.4809101289404088,0.9997401222749879,0.9497401118278503,0.9997397396819038,0.9999907516684357,0.9999907357035879,0.9999919683857373,0.9999919582091151,-12.042967628599767,-47.35809449537633,,801.8542229096222,False,False,False,,[]
671,671,672,True,1.0,1.0,671.0,672.0,671.0,672.0,672.0,0.0,84.1686912,84.3296256,166.86906319175233,0.515078067779541,0.515078067779541,0.0,1.0,0.4809101289404088,0.4806984963858293,0.9997397396819038,0.9497397541999817,0.9997393023478301,0.9999907357035879,0.9999907189152065,0.9999919582091151,0.99999194657853,-13.948143598435493,-54.855158147010144,,778.9466738820457,False,False,False,,[]
672,672,673,True,1.0,1.0,672.0,673.0,672.0,673.0,673.0,0.0,84.3296256,84.49056,167.0939803897086,0.5150781869888306,0.5150781869888306,0.0,1.0,0.4806984963858293,0.4804861836013747,0.9997393023478301,0.9497392773628235,0.9997388637496447,0.9999907189152065,0.9999907020900649,0.99999194657853,0.9999919348991396,-13.992742920829784,-55.031473730636094,,778.4056964902446,False,False,False,,[]
673,673,674,True,1.0,1.0,673.0,674.0,673.0,674.0,674.0,0.0,84.49056,84.8124288,192.02409874892535,0.5150783658027649,0.5150783658027649,0.0,1.0,0.4804861836013747,0.4802430858090716,0.9997388637496447,0.9497388601303101,0.9997383691197057,0.9999907020900649,0.9999906849963984,0.9999919348991396,0.999991920048142,-16.019877616323388,-63.01094776496312,,754.9987806719321,False,False,False,,[]
674,674,675,True,1.0,1.0,674.0,675.0,674.0,675.0,675.0,0.0,84.8124288,84.8124288,143.06653831112476,0.5150784850120544,0.5150784850120544,0.0,1.0,0.4802430858090716,0.4800580166748816,0.9997383691197057,0.9497383832931519,0.9997379819884677,0.9999906849963984,0.9999906688694014,0.999991920048142,0.9999919098572733,-12.197749142778859,-47.96991958203894,,799.9359259251737,False,False,False,,[]
675,675,676,True,1.0,1.0,675.0,676.0,675.0,676.0,676.0,0.0,84.8124288,84.3296256,68.95222375112377,0.515078604221344,0.515078604221344,0.0,1.0,0.4800580166748816,0.47996896629084695,0.9997379819884677,0.9497379660606384,0.9997378011108626,0.9999906688694014,0.9999906647096074,0.9999919098572733,0.9999919007499275,-5.871008746161662,-23.081859541789637,,892.534169592687,False,False,False,,[]
676,676,677,True,1.0,1.0,676.0,677.0,676.0,677.0,677.0,0.0,84.3296256,83.84682240000001,68.27489430970991,0.5150786638259888,0.5150786638259888,0.0,1.0,0.47996896629084695,0.4798802740273494,0.9997378011108626,0.9497377872467041,0.9997376210237682,0.9999906647096074,0.9999906597951062,0.9999919007499275,0.9999918917390446,-5.847649077902774,-22.989034698566098,,892.3580938857276,False,False,False,,[]
677,677,678,True,1.0,1.0,677.0,678.0,677.0,678.0,678.0,0.0,83.84682240000001,83.20308480000001,42.896660119606004,0.5150787234306335,0.5150787234306335,0.0,1.0,0.4798802740273494,0.47982430061484665,0.9997376210237682,0.9497376084327698,0.9997375109515217,0.9999906597951062,0.9999906572392184,0.9999918917390446,0.999991885173107,-3.6909651185457353,-14.50830852071073,,929.2795388014349,False,False,False,,[]
678,678,679,True,1.0,1.0,678.0,679.0,678.0,679.0,679.0,0.0,83.20308480000001,82.23747840000001,-7.404818169605097,0.5150787830352783,0.5150787830352783,0.0,1.0,0.47982430061484665,0.47983066396071467,0.9997375109515217,0.9497374892234802,0.9997374990307485,0.9999906572392184,0.9999906567148823,0.999991885173107,0.9999918838222722,0.41971332646970994,1.6493792489863917,,1003.3069978225318,False,False,False,,[]
679,679,680,True,1.0,1.0,679.0,680.0,679.0,680.0,680.0,0.0,82.23747840000001,81.271872,-8.729831805716417,0.5150787830352783,0.5150787830352783,0.0,1.0,0.47983066396071467,0.4798381660299189,0.9997374990307485,0.9497374892234802,0.9997374849610835,0.9999906567148823,0.9999906562057618,0.9999918838222722,0.999991882239729,0.4948705891097247,1.9445363377342566,,1004.0195309210235,False,False,False,,[]
680,680,681,True,1.0,1.0,680.0,681.0,680.0,681.0,681.0,0.0,81.271872,80.62813440000001,39.37016468342387,0.5150787830352783,0.5150787830352783,0.0,1.0,0.4798381660299189,0.4797876382260517,0.9997374849610835,0.9497374892234802,0.9997373861256056,0.9999906562057618,0.9999906534776168,0.999991882239729,0.9999918762429422,-3.3327447551596627,-13.096806762387903,,935.334452205275,False,False,False,,[]
681,681,682,True,1.0,1.0,681.0,682.0,681.0,682.0,682.0,0.0,80.62813440000001,80.1453312,63.21049799464988,0.5150787830352783,0.5150787830352783,0.0,1.0,0.4797876382260517,0.4797096521881822,0.9997373861256056,0.9497373700141907,0.9997372294270107,0.9999906534776168,0.9999906498528867,0.9999918762429422,0.9999918679733152,-5.143663878464409,-20.213981015771306,,904.5269501849444,False,False,False,,[]
682,682,683,True,1.0,1.0,682.0,683.0,682.0,683.0,683.0,0.0,80.1453312,79.98439680000001,111.97622361126925,0.5150788426399231,0.5150788426399231,0.0,1.0,0.4797096521881822,0.47956751490700866,0.9997372294270107,0.9497371912002563,0.9997369266850721,0.9999906498528867,0.9999906363570944,0.9999918679733152,0.999991857447546,-9.373279407183272,-36.84198328017836,,835.8177762901814,False,False,False,,[]
683,683,684,True,1.0,1.0,683.0,684.0,683.0,684.0,684.0,0.0,79.98439680000001,79.82346240000001,111.76247708598896,0.5150789022445679,0.5150789022445679,0.0,1.0,0.47956751490700866,0.4794258745689406,0.9997369266850721,0.9497368931770325,0.9997366249420018,0.9999906363570944,0.9999906229033183,0.999991857447546,0.9999918469229764,-9.340585570208924,-36.71317562724004,,836.2651459323937,False,False,False,,[]
684,684,685,True,1.0,1.0,684.0,685.0,684.0,685.0,685.0,0.0,79.82346240000001,79.66252800000001,111.54916020196553,0.5150790214538574,0.5150790214538574,0.0,1.0,0.4794258745689406,0.479284730010019,0.9997366249420018,0.9497365951538086,0.9997363241959422,0.9999906229033183,0.9999906094915089,0.9999918469229764,0.9999918363998315,-9.30796802589653,-36.58466967248013,,836.7121728538423,False,False,False,,[]
685,685,686,True,1.0,1.0,685.0,686.0,685.0,686.0,686.0,0.0,79.66252800000001,79.66252800000001,136.0410444791986,0.515079140663147,0.515079140663147,0.0,1.0,0.479284730010019,0.4791174809785093,0.9997363241959422,0.9497362971305847,0.9997359716246385,0.9999906094915089,0.9999905946560282,0.9999918363998315,0.9999918259124332,-11.028627425911633,-43.35094896730187,,814.4456327245604,False,False,False,,[]
686,686,687,True,1.0,1.0,686.0,687.0,686.0,687.0,687.0,0.0,79.66252800000001,79.98439680000001,185.45058751919797,0.5150792002677917,0.5150792002677917,0.0,1.0,0.4791174809785093,0.47889649869170553,0.9997359716246385,0.9497359395027161,0.9997355170121838,0.9999905946560282,0.9999905785374883,0.9999918259124332,0.9999918133838863,-14.569322388123721,-57.27860873954404,,772.1467403616548,False,False,False,,[]
687,687,688,True,1.0,1.0,687.0,688.0,687.0,688.0,688.0,0.0,79.98439680000001,80.4672,210.5815631659877,0.5150793194770813,0.5150793194770813,0.0,1.0,0.47889649869170553,0.47864624223459634,0.9997355170121838,0.9497355222702026,0.9997350096934878,0.9999905785374883,0.9999905625490119,0.9999918133838863,0.9999917980068416,-16.497356319010677,-64.86647368270559,,750.5513656063831,False,False,False,,[]
688,688,689,True,1.0,1.0,688.0,689.0,688.0,689.0,689.0,0.0,80.4672,80.78906880000001,186.51932014560137,0.5150794982910156,0.5150794982910156,0.0,1.0,0.47864624223459634,0.47842169991297057,0.9997350096934878,0.9497349858283997,0.999734548557494,0.9999905625490119,0.9999905462652645,0.9999917980068416,0.9999917851341844,-14.802821914622623,-58.20136976540785,,769.341835251692,False,False,False,,[]
689,689,690,True,1.0,1.0,689.0,690.0,689.0,690.0,690.0,0.0,80.78906880000001,81.4328064,236.35936372495723,0.5150796175003052,0.5150796175003052,0.0,1.0,0.47842169991297057,0.47814163733778986,0.999734548557494,0.9497345089912415,0.9997339898638621,0.9999905462652645,0.9999905309228871,0.9999917851341844,0.9999917682395149,-18.459189515475686,-72.59221948684153,,730.903865494331,False,False,False,,[]
690,690,691,True,1.0,1.0,690.0,691.0,690.0,691.0,691.0,0.0,81.4328064,82.23747840000001,261.9302920187599,0.5150797963142395,0.5150797963142395,0.0,1.0,0.47814163733778986,0.4778318066649707,0.9997339898638621,0.9497339725494385,0.9997333823236983,0.9999905309228871,0.9999905149481407,0.9999917682395149,0.9999917512975508,-20.418227607752314,-80.30811039472589,,712.5037425980611,False,False,False,,[]
691,691,692,True,1.0,1.0,691.0,692.0,691.0,692.0,692.0,0.0,82.23747840000001,83.04215040000001,263.022654914284,0.5150799751281738,0.5150799751281738,0.0,1.0,0.4778318066649707,0.477517934940164,0.9997333823236983,0.9497333765029907,0.9997327683510177,0.9999905149481407,0.9999904986750049,0.9999917512975508,0.999991734543073,-20.682927398707783,-81.3555510699088,,710.0776891530057,False,False,False,,[]
692,692,693,True,1.0,1.0,692.0,693.0,692.0,693.0,693.0,0.0,83.04215040000001,83.5249536,214.7162158012336,0.5150801539421082,0.5150801539421082,0.0,1.0,0.477517934940164,0.47725335327252005,0.9997327683510177,0.949732780456543,0.9997322360429227,0.9999904986750049,0.9999904821703601,0.999991734543073,0.9999917181435963,-17.43648307876213,-68.57956825330707,,740.3477539717472,False,False,False,,[]
693,693,694,True,1.0,1.0,693.0,694.0,693.0,694.0,694.0,0.0,83.5249536,83.685888,165.97369081248777,0.5150803327560425,0.5150803327560425,0.0,1.0,0.47725335327252005,0.4770444865508777,0.9997322360429227,0.94973224401474,0.9997318038600286,0.9999904821703601,0.9999904655292083,0.9999917181435963,0.9999917067692952,-13.766605661261256,-54.138254249696985,,781.1886864445983,False,False,False,,[]
694,694,695,True,1.0,1.0,694.0,695.0,694.0,695.0,695.0,0.0,83.685888,83.84682240000001,166.19688944541667,0.515080451965332,0.515080451965332,0.0,1.0,0.4770444865508777,0.4768349470319206,0.9997318038600286,0.9497317671775818,0.9997313704224335,0.9999904655292083,0.9999904488512144,0.9999917067692952,0.9999916953482999,-13.810708925966082,-54.31264331369609,,780.6509310934667,False,False,False,,[]
695,695,696,True,1.0,1.0,695.0,696.0,695.0,696.0,696.0,0.0,83.84682240000001,84.3296256,215.83006075960375,0.5150805711746216,0.5150805711746216,0.0,1.0,0.4768349470319206,0.4765667730558246,0.9997313704224335,0.9497313499450684,0.9997308319334952,0.9999904488512144,0.9999904322152494,0.9999916953482999,0.9999916789290099,-17.671749376924566,-69.5106946040785,,737.9648314144341,False,False,False,,[]
696,696,697,True,1.0,1.0,696.0,697.0,696.0,697.0,697.0,0.0,84.3296256,85.1342976,265.9130664697073,0.5150807499885559,0.5150807499885559,0.0,1.0,0.4765667730558246,0.47624242178558657,0.9997308319334952,0.9497308135032654,0.9997302015073393,0.9999904322152494,0.9999904153434495,0.9999916789290099,0.9999916626583696,-21.368964682275415,-84.07184924570564,,703.9594705522849,False,False,False,,[]
697,697,698,True,1.0,1.0,697.0,698.0,697.0,698.0,698.0,0.0,85.1342976,85.7780352,242.33932555835548,0.5150809288024902,0.5150809288024902,0.0,1.0,0.47624242178558657,0.4759424076546959,0.9997302015073393,0.9497302174568176,0.9997296097933918,0.9999904153434495,0.9999903994722089,0.9999916626583696,0.999991646212097,-19.765808677356013,-77.76366272685485,,718.6473706139647,False,False,False,,[]
698,698,699,True,1.0,1.0,698.0,699.0,698.0,699.0,699.0,0.0,85.7780352,86.42177280000001,243.2518835878919,0.5150811076164246,0.5150811076164246,0.0,1.0,0.4759424076546959,0.47563957544769114,0.9997296097933918,0.9497296214103699,0.9997290135073219,0.9999903994722089,0.9999903835295381,0.999991646212097,0.9999916300553718,-19.950240436539,-78.49410805564064,,717.071943408931,False,False,False,,[]
699,699,700,True,1.0,1.0,699.0,700.0,699.0,700.0,700.0,0.0,86.42177280000001,87.22644480000001,268.8760873975375,0.5150812864303589,0.5150812864303589,0.0,1.0,0.47563957544769114,0.4753037864076878,0.9997290135073219,0.9497290253639221,0.9997283655050025,0.9999903835295381,0.9999903653818367,0.9999916300553718,0.9999916143620927,-22.11792785820566,-87.03651916886751,,697.1409019893136,False,False,False,,[]
700,700,701,True,1.0,1.0,700.0,701.0,700.0,701.0,701.0,0.0,87.22644480000001,87.709248,220.62550164787697,0.5150814652442932,0.5150814652442932,0.0,1.0,0.4753037864076878,0.475020661377995,0.9997283655050025,0.9497283697128296,0.999727801669908,0.9999903653818367,0.9999903482173349,0.9999916143620927,0.9999915983549807,-18.650898427505084,-73.38600769637725,,728.5018275116025,False,False,False,,[]
701,701,702,True,1.0,1.0,701.0,702.0,701.0,702.0,702.0,0.0,87.709248,88.1920512,221.32603171716238,0.5150816440582275,0.5150816440582275,0.0,1.0,0.475020661377995,0.4747355793108637,0.999727801669908,0.9497277736663818,0.9997272345629247,0.9999903482173349,0.9999903309805863,0.9999915983549807,0.9999915826364931,-18.77893589720809,-73.89327180042697,,727.4060400752808,False,False,False,,[]
702,702,703,True,1.0,1.0,702.0,703.0,702.0,703.0,703.0,0.0,88.1920512,88.51392000000001,197.3256570377637,0.5150818228721619,0.5150818228721619,0.0,1.0,0.4747355793108637,0.47447589464177725,0.9997272345629247,0.9497272372245789,0.9997267107362401,0.9999903309805863,0.9999903131708373,0.9999915826364931,0.9999915671686765,-17.106635700375787,-67.31026622720866,,743.3038157489234,False,False,False,,[]
703,703,704,True,1.0,1.0,703.0,704.0,703.0,704.0,704.0,0.0,88.51392000000001,89.31859200000001,271.9117176977764,0.5150820016860962,0.5150820016860962,0.0,1.0,0.47447589464177725,0.47413011438495295,0.9997267107362401,0.9497267007827759,0.9997260477135391,0.9999903131708373,0.9999902950557634,0.9999915671686765,0.9999915522324342,-22.771309113615317,-89.62624256886257,,691.9774280652475,False,False,False,,[]
704,704,705,True,1.0,1.0,704.0,705.0,704.0,705.0,705.0,0.0,89.31859200000001,89.9623296,248.3938301498085,0.5150821805000305,0.5150821805000305,0.0,1.0,0.47413011438495295,0.4738105927042641,0.9997260477135391,0.9497260451316833,0.9997254248289982,0.9999902950557634,0.9999902787556607,0.9999915522324342,0.999991536879077,-21.042407919158833,-82.82001963454289,,707.4819640169403,False,False,False,,[]
705,705,706,True,1.0,1.0,705.0,706.0,705.0,706.0,706.0,0.0,89.9623296,90.28419840000001,199.94152783005936,0.5150823593139648,0.5150823593139648,0.0,1.0,0.4738105927042641,0.4735427244608449,0.9997254248289982,0.9497253894805908,0.9997248868647408,0.9999902787556607,0.9999902606154317,0.999991536879077,0.9999915211249758,-17.642672618292657,-69.43144869426433,,737.7030438750775,False,False,False,,[]
706,706,707,True,1.0,1.0,706.0,707.0,706.0,707.0,707.0,0.0,90.28419840000001,90.6060672,200.4227260377255,0.5150825381278992,0.5150825381278992,0.0,1.0,0.4735427244608449,0.47327341381186455,0.9997248868647408,0.9497248530387878,0.9997243464273292,0.9999902606154317,0.9999902424160477,0.9999915211249758,0.9999915053820699,-17.737093989124652,-69.80532021570741,,736.75859871263,False,False,False,,[]
707,707,708,True,1.0,1.0,707.0,708.0,707.0,708.0,708.0,0.0,90.6060672,90.7670016,176.20087129041943,0.5150827169418335,0.5150827169418335,0.0,1.0,0.47327341381186455,0.47303206447747564,0.9997243464273292,0.9497243165969849,0.999723854916523,0.9999902424160477,0.999990224179499,0.9999915053820699,0.9999914904128242,-15.896490009190149,-62.55774747360431,,755.4546415652469,False,False,False,,[]
708,708,709,True,1.0,1.0,708.0,709.0,708.0,709.0,709.0,0.0,90.7670016,90.927936,176.44297413865343,0.515082836151123,0.515082836151123,0.0,1.0,0.47303206447747564,0.4727899612754085,0.999723854916523,0.9497238397598267,0.9997233620599109,0.999990224179499,0.9999902059074829,0.9999914904128242,0.9999914753786594,-15.94586904076624,-62.75314997579578,,754.8907232427251,False,False,False,,[]
709,709,710,True,1.0,1.0,709.0,710.0,709.0,710.0,710.0,0.0,90.927936,91.2498048,201.39027814814006,0.5150830149650574,0.5150830149650574,0.0,1.0,0.4727899612754085,0.47251760643941954,0.9997233620599109,0.9497233629226685,0.999722816421473,0.9999902059074829,0.9999901875906946,0.9999914753786594,0.999991459518823,-17.93637855491534,-70.59437348833663,,734.7024096493888,False,False,False,,[]
710,710,711,True,1.0,1.0,710.0,711.0,710.0,711.0,711.0,0.0,91.2498048,91.5716736,201.87663205088836,0.5150831341743469,0.5150831341743469,0.0,1.0,0.47251760643941954,0.47224381213628336,0.999722816421473,0.9497228264808655,0.9997222683324936,0.9999901875906946,0.9999901692156667,0.999991459518823,0.9999914436902567,-18.030588041733726,-70.96748337289682,,733.7797283967462,False,False,False,,[]
711,711,712,True,1.0,1.0,711.0,712.0,711.0,712.0,712.0,0.0,91.5716736,91.732608,177.65993299866432,0.5150833129882812,0.5150833129882812,0.0,1.0,0.47224381213628336,0.47199796971367886,0.9997222683324936,0.9497222304344177,0.9997217688220871,0.9999901692156667,0.9999901507669885,0.9999914436902567,0.9999914283809437,-16.19080750427919,-63.722355939093646,,752.1333578947622,False,False,False,,[]
712,712,713,True,1.0,1.0,712.0,713.0,712.0,713.0,713.0,0.0,91.732608,92.2154112,227.31415673443877,0.5150834918022156,0.5150834918022156,0.0,1.0,0.47199796971367886,0.47169397904539434,0.9997217688220871,0.9497217535972595,0.9997211706632042,0.9999901507669885,0.9999901329637313,0.9999914283809437,0.9999914129755463,-20.01638457266811,-78.79438121935232,,715.8118193706617,False,False,False,,[]
713,713,714,True,1.0,1.0,713.0,714.0,713.0,714.0,714.0,0.0,92.2154112,92.85914880000001,252.7555481893008,0.5150836706161499,0.5150836706161499,0.0,1.0,0.47169397904539434,0.47136034313796826,0.9997211706632042,0.9497211575508118,0.9997205259387147,0.9999901329637313,0.9999901162168344,0.9999914129755463,0.999991398590856,-21.965433822794687,-86.47842720484098,,699.6725808702331,False,False,False,,[]
714,714,715,True,1.0,1.0,714.0,715.0,714.0,715.0,715.0,0.0,92.85914880000001,93.66382080000001,278.4484946000396,0.5150838494300842,0.5150838494300842,0.0,1.0,0.47136034313796826,0.47098952653448584,0.9997205259387147,0.9497205018997192,0.9997198266815986,0.9999901162168344,0.9999900959590948,0.999991398590856,0.999991384348327,-24.40911683673963,-96.11566362264607,,677.8546193697614,False,False,False,,[]
715,715,716,True,1.0,1.0,715.0,716.0,715.0,716.0,716.0,0.0,93.66382080000001,94.6294272,304.39815166174714,0.5150840878486633,0.5150840878486633,0.0,1.0,0.47098952653448584,0.4705781058808077,0.9997198266815986,0.9497197866439819,0.999719073126756,0.9999900959590948,0.9999900718288215,0.999991384348327,0.9999913686307188,-27.076558698228418,-106.64023343338158,,655.0401324963492,False,False,False,,[]
716,716,717,True,1.0,1.0,716.0,717.0,716.0,717.0,717.0,0.0,94.6294272,95.11223040000002,231.79187791327723,0.5150842666625977,0.5150842666625977,0.0,1.0,0.4705781058808077,0.4702603410428068,0.999719073126756,0.9497190713882446,0.9997184530030808,0.9999900718288215,0.9999900536612598,0.9999913686307188,0.9999913538680382,-20.917270580473144,-82.36464600983595,,707.8606413066894,False,False,False,,[]
717,717,718,True,1.0,1.0,717.0,718.0,717.0,718.0,718.0,0.0,95.11223040000002,95.27316480000002,183.142155436004,0.5150845050811768,0.5150845050811768,0.0,1.0,0.4702603410428068,0.46999829048193087,0.9997184530030808,0.9497184157371521,0.9997179250707705,0.9999900536612598,0.9999900344503874,0.9999913538680382,0.9999913380063133,-17.252149219992727,-67.92350537903388,,740.7866205764827,False,False,False,,[]
718,718,719,True,1.0,1.0,718.0,719.0,718.0,719.0,719.0,0.0,95.27316480000002,95.11223040000002,133.98674519942836,0.5150846242904663,0.5150846242904663,0.0,1.0,0.46999829048193087,0.4698046094019104,0.9997179250707705,0.9497179388999939,0.9997175214873392,0.9999900344503874,0.9999900180340702,0.9999913380063133,0.9999913275748943,-12.753605241430604,-50.20213594130679,,793.0923814524003,False,False,False,,[]
719,719,720,True,1.0,1.0,719.0,720.0,719.0,720.0,720.0,0.0,95.11223040000002,94.6294272,84.32306935600138,0.5150847434997559,0.5150847434997559,0.0,1.0,0.4698046094019104,0.4696842367632199,0.9997175214873392,0.9497175216674805,0.9997172693807258,0.9999900180340702,0.9999900123273547,0.9999913275748943,0.9999913166541705,-7.928326010522836,-31.200587948567943,,860.429151310783,False,False,False,,[]
720,720,721,True,1.0,1.0,720.0,721.0,720.0,721.0,721.0,0.0,94.6294272,94.146624,83.56324879327525,0.5150848031044006,0.5150848031044006,0.0,1.0,0.4696842367632199,0.4695641339989232,0.9997172693807258,0.9497172832489014,0.9997170179057339,0.9999900123273547,0.9999900055755382,0.9999913166541705,0.9999913058050727,-7.910947157625957,-31.130636505704132,,859.9552711638808,False,False,False,,[]
721,721,722,True,1.0,1.0,721.0,722.0,721.0,722.0,722.0,0.0,94.146624,93.50288640000001,58.10252348185716,0.5150849223136902,0.5150849223136902,0.0,1.0,0.4695641339989232,0.46948037785191893,0.9997170179057339,0.9497169852256775,0.9997168486605172,0.9999900055755382,0.9999900016867015,0.9999913058050727,0.9999912969403824,-5.517761476781372,-21.70959330350977,,898.1222275023418,False,False,False,,[]
722,722,723,True,1.0,1.0,722.0,723.0,722.0,723.0,723.0,0.0,93.50288640000001,92.85914880000001,57.1006000708951,0.5150849223136902,0.5150849223136902,0.0,1.0,0.46948037785191893,0.46939854496985456,0.9997168486605172,0.9497168660163879,0.9997166836124479,0.9999900016867015,0.9999899978911456,0.9999912969403824,0.9999912882169726,-5.39143153594296,-21.21108303107862,,900.2061569549423,False,False,False,,[]
723,723,724,True,1.0,1.0,723.0,724.0,723.0,724.0,724.0,0.0,92.85914880000001,92.2154112,56.10555092003863,0.515084981918335,0.515084981918335,0.0,1.0,0.46939854496985456,0.4693177336729918,0.9997166836124479,0.9497166872024536,0.9997165207876113,0.9999899978911456,0.9999899934467662,0.9999912882169726,0.9999912796355203,-5.324474122634138,-20.946288146828444,,900.8038313588086,False,False,False,,[]
724,724,725,True,1.0,1.0,724.0,725.0,724.0,725.0,725.0,0.0,92.2154112,91.89354240000002,104.5269190693008,0.5150850415229797,0.5150850415229797,0.0,1.0,0.4693177336729918,0.4691677311601378,0.9997165207876113,0.9497165083885193,0.9997162023013204,0.9999899934467662,0.999989980676304,0.9999912796355203,0.9999912685234094,-9.88176757954225,-38.880651331745014,,829.370521441888,False,False,False,,[]
725,725,726,True,1.0,1.0,725.0,726.0,725.0,726.0,726.0,0.0,91.89354240000002,91.4107392,79.33063795146481,0.5150851607322693,0.5150851607322693,0.0,1.0,0.4691677311601378,0.46905777240653973,0.9997162023013204,0.9497162103652954,0.9997159743396336,0.999989980676304,0.9999899754896051,0.9999912685234094,0.9999912580997987,-7.24491109133771,-28.50130893262399,,870.8030967251675,False,False,False,,[]
726,726,727,True,1.0,1.0,726.0,727.0,726.0,727.0,727.0,0.0,91.4107392,90.927936,78.59659586414936,0.5150852203369141,0.5150852203369141,0.0,1.0,0.46905777240653973,0.4689481135011263,0.9997159743396336,0.9497159719467163,0.9997157470662552,0.9999899754896051,0.99998996935564,0.9999912580997987,0.9999912477544164,-7.225488838951846,-28.42358828315223,,870.4238407904605,False,False,False,,[]
727,727,728,True,1.0,1.0,727.0,728.0,727.0,728.0,728.0,0.0,90.927936,90.44513280000001,77.86642054814165,0.5150852799415588,0.5150852799415588,0.0,1.0,0.4689481135011263,0.4688411595622693,0.9997157470662552,0.9497157335281372,0.9997155259848469,0.99998996935564,0.9999899643183079,0.9999912477544164,0.9999912374881123,-7.0476284331727,-27.722460951741642,,873.8465213320776,False,False,False,,[]
728,728,729,True,1.0,1.0,728.0,729.0,728.0,729.0,729.0,0.0,90.44513280000001,89.31859200000001,-21.678974076555164,0.5150853395462036,0.5150853395462036,0.0,1.0,0.4688411595622693,0.46886186913300626,0.9997155259848469,0.9497154951095581,0.999715486640252,0.9999899643183079,0.9999899629282963,0.9999912374881123,0.9999912334351689,1.365248413198813,5.367920735026136,,1011.4620460794442,False,False,False,,[]
729,729,730,True,1.0,1.0,729.0,730.0,729.0,730.0,730.0,0.0,89.31859200000001,87.8701824,-72.76819961019122,0.5150853395462036,0.5150853395462036,0.0,1.0,0.46886186913300626,0.4689332860234475,0.999715486640252,0.9497154951095581,0.9997153440603739,0.9999899629282963,0.9999899583293805,0.9999912334351689,0.9999912236627112,4.709369791550631,18.511258002378796,,1044.7001375279162,False,False,False,,[]
730,730,731,True,1.0,1.0,730.0,731.0,730.0,731.0,731.0,0.0,87.8701824,87.06551040000001,23.922228862771888,0.5150853991508484,0.5150853991508484,0.0,1.0,0.4689332860234475,0.46889994012865505,0.9997153440603739,0.9497153162956238,0.9997152799209613,0.9999899583293805,0.9999899568367313,0.9999912236627112,0.999991219369075,-2.1984662413510345,-8.643255930207356,,956.4379604470768,False,False,False,,[]
731,731,732,True,1.0,1.0,731.0,732.0,731.0,732.0,732.0,0.0,87.06551040000001,86.42177280000001,47.45945026729777,0.5150853991508484,0.5150853991508484,0.0,1.0,0.46889994012865505,0.4688359617776369,0.9997152799209613,0.949715256690979,0.9997151531178134,0.9999899568367313,0.9999899538999742,0.999991219369075,0.999991212082754,-4.21792111480804,-16.583188583898654,,920.0632963548295,False,False,False,,[]
732,732,733,True,1.0,1.0,732.0,733.0,732.0,733.0,733.0,0.0,86.42177280000001,85.61710080000002,21.828372197538766,0.5150854587554932,0.5150854587554932,0.0,1.0,0.4688359617776369,0.4688059698354879,0.9997151531178134,0.9497151374816895,0.9997150956185549,0.9999899538999742,0.9999899525605268,0.999991212082754,0.9999912081807459,-1.9776062313721205,-7.773911405024592,,960.6301824693808,False,False,False,,[]
733,733,734,True,1.0,1.0,733.0,734.0,733.0,734.0,734.0,0.0,85.61710080000002,85.1342976,70.08969897861842,0.5150854587554932,0.5150854587554932,0.0,1.0,0.4688059698354879,0.46871468711206116,0.9997150956185549,0.9497150778770447,0.9997149098013108,0.9999899525605268,0.9999899482918213,0.9999912081807459,0.9999911989130014,-6.01823231623075,-23.66048191221591,,890.1541754749111,False,False,False,,[]
734,734,735,True,1.0,1.0,734.0,735.0,734.0,735.0,735.0,0.0,85.1342976,84.49056,44.70115339835413,0.5150855183601379,0.5150855183601379,0.0,1.0,0.46871468711206116,0.4686549466512643,0.9997149098013108,0.9497148990631104,0.9997147918873938,0.9999899482918213,0.9999899450464287,0.9999911989130014,0.9999911920596872,-3.939205316777984,-15.484727438550204,,924.5300915687712,False,False,False,,[]
735,735,736,True,1.0,1.0,735.0,736.0,735.0,736.0,736.0,0.0,84.49056,83.685888,19.09069810892564,0.5150855779647827,0.5150855779647827,0.0,1.0,0.4686549466512643,0.4686289568872983,0.9997147918873938,0.9497147798538208,0.9997147422556378,0.9999899450464287,0.999989943672241,0.9999911920596872,0.9999911886688377,-1.7139999778804076,-6.736546819995181,,965.5138005665074,False,False,False,,[]
736,736,737,True,1.0,1.0,736.0,737.0,736.0,737.0,737.0,0.0,83.685888,82.5593472,-31.441282714584673,0.5150855779647827,0.5150855779647827,0.0,1.0,0.4686289568872983,0.46865662276064185,0.9997147422556378,0.949714720249176,0.999714689336374,0.999989943672241,0.9999899414350218,0.9999911886688377,0.9999911835512196,1.8249651198636652,7.1709943706546335,,1015.2481228927176,False,False,False,,[]
737,737,738,True,1.0,1.0,737.0,738.0,737.0,738.0,738.0,0.0,82.5593472,81.271872,-57.69942219870478,0.5150855779647827,0.5150855779647827,0.0,1.0,0.46865662276064185,0.4687082927226568,0.999714689336374,0.9497146606445312,0.999714588153773,0.9999899414350218,0.9999899380633449,0.9999911835512196,0.9999911755611235,3.4089889386292884,13.392854154270783,,1031.1297332729089,False,False,False,,[]
738,738,739,True,1.0,1.0,738.0,739.0,738.0,739.0,739.0,0.0,81.271872,79.66252800000001,-108.85846443657616,0.5150856375694275,0.5150856375694275,0.0,1.0,0.4687082927226568,0.46880086480260535,0.999714588153773,0.9497146010398865,0.9997143994740463,0.9999899380633449,0.9999899247562527,0.9999911755611235,0.9999911650402006,6.109009720215174,23.994683122664686,,1052.4943028453702,False,False,False,,[]
739,739,740,True,1.0,1.0,739.0,740.0,739.0,740.0,740.0,0.0,79.66252800000001,78.053184,-111.00667072080405,0.5150856971740723,0.5150856971740723,0.0,1.0,0.46880086480260535,0.46889342405817835,0.9997143994740463,0.9497143626213074,0.9997142108228249,0.9999899247562527,0.9999899115307957,0.9999911650402006,0.9999911545156935,6.108911372872841,23.99135904452105,,1052.5697204612052,False,False,False,,[]
740,740,741,True,1.0,1.0,740.0,741.0,740.0,741.0,741.0,0.0,78.053184,76.60477440000001,-88.40714135933806,0.515085756778717,0.515085756778717,0.0,1.0,0.46889342405817835,0.4689642591990121,0.9997142108228249,0.949714183807373,0.999714069484837,0.9999899115307957,0.9999899009233011,0.9999911545156935,0.9999911448155258,4.675352940406306,18.360468504104965,,1037.7682035039097,False,False,False,,[]
741,741,742,True,1.0,1.0,741.0,742.0,741.0,742.0,742.0,0.0,76.60477440000001,75.3172992,-65.56035345456955,0.515085756778717,0.515085756778717,0.0,1.0,0.4689642591990121,0.46901493780238573,0.999714069484837,0.9497140645980835,0.9997139703397611,0.9999899009233011,0.999989893188436,0.9999911448155258,0.9999911366112111,3.345094793389215,13.135893994444814,,1025.4568809592477,False,False,False,,[]
742,742,743,True,1.0,1.0,742.0,743.0,742.0,743.0,743.0,0.0,75.3172992,73.38608640000001,-166.00176492041035,0.5150858163833618,0.5150858163833618,0.0,1.0,0.46901493780238573,0.46915311228534784,0.9997139703397611,0.949713945388794,0.9997136758653714,0.999989893188436,0.9999898783886095,0.9999911366112111,0.9999911269308378,9.123723045278712,35.81482598377303,,1091.9973288773595,False,False,False,,[]
743,743,744,True,1.0,1.0,743.0,744.0,743.0,744.0,744.0,0.0,73.38608640000001,71.13300480000001,-217.79323908835923,0.5150859355926514,0.5150859355926514,0.0,1.0,0.46915311228534784,0.469332570412842,0.9997136758653714,0.9497136473655701,0.9997132995418286,0.9999898783886095,0.9999898641379732,0.9999911269308378,0.9999911133432406,11.852750777829073,46.515546646488815,,1128.6522987327107,False,False,False,,[]
744,744,745,True,1.0,1.0,744.0,745.0,744.0,745.0,745.0,0.0,71.13300480000001,68.39712,-294.6082785888886,0.5150859951972961,0.5150859951972961,0.0,1.0,0.469332570412842,0.46956795310092697,0.9997132995418286,0.9497132897377014,0.9997128187335148,0.9999898641379732,0.9999898474590928,0.9999911133432406,0.9999910946978264,15.551349028203418,61.01119275163386,,1179.2140812666707,False,False,False,,[]
745,745,746,True,1.0,1.0,745.0,746.0,745.0,746.0,746.0,0.0,68.39712,63.08628480000001,-693.050864151201,0.5150861740112305,0.5150861740112305,0.0,1.0,0.46956795310092697,0.47011954531527855,0.9997128187335148,0.9497128129005432,0.9997119252180559,0.9999898474590928,0.9999898290614703,0.9999910946978264,0.9999910697091138,36.484926028374474,142.9727019599258,,1720.7389768868336,False,False,False,,[]
746,746,747,True,1.0,1.0,746.0,747.0,746.0,747.0,747.0,0.0,63.08628480000001,57.7754496,-698.8426431141014,0.5150864124298096,0.5150864124298096,0.0,1.0,0.47011954531527855,0.47062510030728427,0.9997119252180559,0.9497119188308716,0.9997110690069184,0.9999898290614703,0.9999898110088916,0.9999910697091138,0.9999910406571354,33.44454947820662,131.03985392788329,,1594.4622952726204,False,False,False,,[]
747,747,748,True,1.0,1.0,747.0,748.0,747.0,748.0,748.0,0.0,57.7754496,52.46461440000001,-704.1665427482926,0.5150866508483887,0.5150866508483887,0.0,1.0,0.47062510030728427,0.4710807322448095,0.9997110690069184,0.9497110843658447,0.9997102630186196,0.9999898110088916,0.9999897932054709,0.9999910406571354,0.999991004164481,30.144975158399657,118.09979820654807,,1472.1838931054756,False,False,False,,[]
748,748,749,True,1.0,1.0,748.0,749.0,748.0,749.0,749.0,0.0,52.46461440000001,47.1537792,-709.022563053782,0.5150869488716125,0.5150869488716125,0.0,1.0,0.4710807322448095,0.4714942460616479,0.9997102630186196,0.9497102499008179,0.9997095068204517,0.9999897932054709,0.9999897759157181,0.999991004164481,0.9999909709605169,27.36103570346932,107.18278132451306,,1403.3123737401327,False,False,False,,[]
749,749,750,True,1.0,1.0,749.0,750.0,749.0,750.0,750.0,0.0,47.1537792,43.130419200000006,-515.7725318705642,0.5150871276855469,0.5150871276855469,0.0,1.0,0.4714942460616479,0.47176293395718594,0.9997095068204517,0.9497094750404358,0.9997089674501242,0.9999897759157181,0.9999897591811514,0.9999909709605169,0.999990950289488,17.773829761099638,69.64390252344933,,1215.576790708857,False,False,False,,[]
750,750,751,True,1.0,1.0,750.0,751.0,750.0,751.0,751.0,0.0,43.130419200000006,39.428928,-469.3758481441909,0.5150873064994812,0.5150873064994812,0.0,1.0,0.47176293395718594,0.4719860301106557,0.9997089674501242,0.9497089385986328,0.9997085089604202,0.9999897591811514,0.9999897429843962,0.999990950289488,0.9999909351086492,14.75780523401055,57.82652297935992,,1170.781402047475,False,False,False,,[]
751,751,752,True,1.0,1.0,751.0,752.0,751.0,752.0,752.0,0.0,39.428928,34.600896000000006,-644.8439173789445,0.5150874257087708,0.5150874257087708,0.0,1.0,0.4719860301106557,0.4722615907144755,0.9997085089604202,0.9497085213661194,0.9997079578722584,0.9999897429843962,0.9999897238952676,0.9999909351086492,0.9999909164074268,18.233390244013986,71.42530851008782,,1223.4831986954528,False,False,False,,[]
752,752,753,True,1.0,1.0,752.0,753.0,752.0,753.0,753.0,0.0,34.600896000000006,31.382208000000002,-400.76072685117504,0.5150876045227051,0.5150876045227051,0.0,1.0,0.4722615907144755,0.47240820507382286,0.9997079578722584,0.9497079253196716,0.9997076461532017,0.9999897238952676,0.9999897127315277,0.9999909164074268,0.9999908991461061,9.69856310891176,38.00244194284489,,1095.3111180625801,False,False,False,,[]
753,753,754,True,1.0,1.0,753.0,754.0,753.0,754.0,754.0,0.0,31.382208000000002,28.0025856,-427.22702752423874,0.5150877237319946,0.5150877237319946,0.0,1.0,0.47240820507382286,0.4725495860578274,0.9997076461532017,0.9497076272964478,0.9997073449316318,0.9999897127315277,0.9999896971181906,0.9999908991461061,0.9999908892071133,9.352899075172108,36.64595105396342,,1093.7406827720495,False,False,False,,[]
754,754,755,True,1.0,1.0,754.0,755.0,754.0,755.0,755.0,0.0,28.0025856,24.3010944,-478.3012156138833,0.5150877833366394,0.5150877833366394,0.0,1.0,0.4725495860578274,0.4726859338847124,0.9997073449316318,0.9497073292732239,0.9997070548689644,0.9999896971181906,0.9999896843177168,0.9999908892071133,0.999990872559787,9.020407089529352,35.341356728609654,,1084.4737370589933,False,False,False,,[]
755,755,756,True,1.0,1.0,755.0,756.0,755.0,756.0,756.0,0.0,24.3010944,19.955865600000003,-578.7260858913404,0.515087902545929,0.515087902545929,0.0,1.0,0.4726859338847124,0.47283120965290376,0.9997070548689644,0.94970703125,0.9997067458298047,0.9999896843177168,0.9999896751821726,0.999990872559787,0.999990858006338,9.61193867649948,37.65547911519485,,1099.726327505865,False,False,False,,[]
756,756,757,True,1.0,1.0,756.0,757.0,756.0,757.0,757.0,0.0,19.955865600000003,15.6106368,-580.3211290573778,0.5150879621505737,0.5150879621505737,0.0,1.0,0.47283120965290376,0.4729471421492462,0.9997067458298047,0.9497067332267761,0.9997065040749394,0.9999896751821726,0.9999896634748211,0.999990858006338,0.999990849920636,7.670281784882505,30.04970305196348,,1077.5443548522244,False,False,False,,[]
757,757,758,True,1.0,1.0,757.0,758.0,757.0,758.0,758.0,0.0,15.6106368,11.265408,-581.6029637471735,0.5150880813598633,0.5150880813598633,0.0,1.0,0.4729471421492462,0.4730168646181583,0.9997065040749394,0.949706494808197,0.9997063651084219,0.9999896634748211,0.9999896556927307,0.999990849920636,0.9999908199154632,4.612516023799435,18.07206394200619,,1018.3699207599019,False,False,False,,[]
758,758,759,True,1.0,1.0,758.0,759.0,758.0,759.0,759.0,0.0,11.265408,8.04672,-409.63818932073013,0.5150880813598633,0.5150880813598633,0.0,1.0,0.4730168646181583,0.47305011049582585,0.9997063651084219,0.9497063755989075,0.9997063011676445,0.9999896556927307,0.9999896495634603,0.9999908199154632,0.9999908047297661,2.199206953377575,8.617331491438467,,1005.5676595513081,False,False,False,,[]
759,759,760,True,1.0,1.0,759.0,760.0,759.0,760.0,760.0,0.0,8.04672,5.3108352,-336.03944426894435,0.5150880813598633,0.5150880813598633,0.0,1.0,0.47305011049582585,0.4730649003030957,0.9997063011676445,0.9497063159942627,0.9997062732318229,0.9999896495634603,0.9999896417184547,0.9999908047297661,0.9999907961134544,0.9782988749409708,3.8335180443531898,,995.5547563394248,False,False,False,,[]
760,760,761,True,1.0,1.0,760.0,761.0,760.0,761.0,761.0,0.0,5.3108352,3.218688,-237.52347009564798,0.5150881409645081,0.5150881409645081,0.0,1.0,0.4730649003030957,0.47307157582498954,0.9997062732318229,0.9497062563896179,0.9997062607224151,0.9999896417184547,0.9999896381776062,0.9999907961134544,0.9999907922244773,0.4415558093375731,1.7302952748775258,,997.9987684245912,False,False,False,,[]
761,761,762,True,1.0,1.0,761.0,762.0,761.0,762.0,762.0,0.0,3.218688,1.1265408,-237.67148150863108,0.5150881409645081,0.5150881409645081,0.0,1.0,0.47307157582498954,0.47307497870977055,0.9997062607224151,0.9497062563896179,0.9997062543660568,0.9999896381776062,0.9999896363726537,0.9999907922244773,0.9999907902420657,0.2250836978029425,0.8820277352400251,,998.9809244335554,False,False,False,,[]
762,762,763,True,1.0,1.0,762.0,763.0,762.0,763.0,763.0,0.0,1.1265408,0.0,-89.5182544292073,0.5150881409645081,0.5150881409645081,0.0,1.0,0.47307497870977055,0.4730753110018306,0.9997062543660568,0.9497062563896179,0.9997062537472194,0.9999896363726537,0.9999896361964015,0.9999907902420657,0.9999907900484848,0.021979248991125726,0.08613010196669284,,999.9005850487839,False,False,False,,[]
763,763,764,True,1.0,1.0,763.0,764.0,763.0,764.0,764.0,0.0,0.0,0.0,83.40462000000002,0.5150881409645081,0.5150881409645081,0.0,1.0,0.4730753110018306,0.4730753110018306,0.9997062537472194,0.9497062563896179,0.9997062537472194,0.9999896361964015,0.9999896361964015,0.9999907900484848,0.9999907900484848,-0.0,0.0,,1000.0,False,False,False,,[]
764,764,765,True,1.0,1.0,764.0,765.0,764.0,765.0,765.0,0.0,0.0,0.0,83.40462000000002,0.5150881409645081,0.5150881409645081,0.0,1.0,0.4730753110018306,0.4730753110018306,0.9997062537472194,0.9497062563896179,0.9997062537472194,0.9999896361964015,0.9999896361964015,0.9999907900484848,0.9999907900484848,-0.0,0.0,,1000.0,True,False,False,,[]
