attempt,cycle_index_before,cycle_index_after,completed_step,dt_requested_s,dt_completed_s,time_before_s,time_after_s,original_cycle_time_before_s,original_cycle_time_after_s,original_cycle_time_target_s,slope_rad,velocity_before_kmh,target_velocity_kmh,wheel_torque_nm,normalized_action,sigma_tor,sigma_min,sigma_max,soc_before,soc_after,battery_soh_before,observed_battery_soh,battery_soh_after,motor1_soh_before,motor1_soh_after,motor2_soh_before,motor2_soh_after,battery_power_kw,battery_current_a,predicted_motor_power_kw,reward,terminated,truncated,constraint_violation,constraint_stage,violated_constraints
0,0,1,True,1.0,1.0,0.0,1.0,0.0,1.0,1.0,0.0,0.0,0.0,83.40462000000002,0.5149999856948853,0.5149999856948853,0.0,1.0,0.6,0.6,1.0,0.949999988079071,1.0,1.0,1.0,1.0,1.0,-0.0,0.0,,1000.0,False,False,False,,[]
1,1,2,True,1.0,1.0,1.0,2.0,1.0,2.0,2.0,0.0,0.0,0.0,83.40462000000002,0.5149999856948853,0.5149999856948853,0.0,1.0,0.6,0.6,1.0,0.949999988079071,1.0,1.0,1.0,1.0,1.0,-0.0,0.0,,1000.0,False,False,False,,[]
2,2,3,True,1.0,1.0,2.0,3.0,2.0,3.0,3.0,0.0,0.0,0.0,83.40462000000002,0.5149999856948853,0.5149999856948853,0.0,1.0,0.6,0.6,1.0,0.949999988079071,1.0,1.0,1.0,1.0,1.0,-0.0,0.0,,1000.0,False,False,False,,[]
3,3,4,True,1.0,1.0,3.0,4.0,3.0,4.0,4.0,0.0,0.0,0.0,83.40462000000002,0.5149999856948853,0.5149999856948853,0.0,1.0,0.6,0.6,1.0,0.949999988079071,1.0,1.0,1.0,1.0,1.0,-0.0,0.0,,1000.0,False,False,False,,[]
4,4,5,True,1.0,1.0,4.0,5.0,4.0,5.0,5.0,0.0,0.0,0.0,83.40462000000002,0.5149999856948853,0.5149999856948853,0.0,1.0,0.6,0.6,1.0,0.949999988079071,1.0,1.0,1.0,1.0,1.0,-0.0,0.0,,1000.0,False,False,False,,[]
5,5,6,True,1.0,1.0,5.0,6.0,5.0,6.0,6.0,0.0,0.0,0.0,83.40462000000002,0.5149999856948853,0.5149999856948853,0.0,1.0,0.6,0.6,1.0,0.949999988079071,1.0,1.0,1.0,1.0,1.0,-0.0,0.0,,1000.0,False,False,False,,[]
6,6,7,True,1.0,1.0,6.0,7.0,6.0,7.0,7.0,0.0,0.0,0.0,83.40462000000002,0.5149999856948853,0.5149999856948853,0.0,1.0,0.6,0.6,1.0,0.949999988079071,1.0,1.0,1.0,1.0,1.0,-0.0,0.0,,1000.0,False,False,False,,[]
7,7,8,True,1.0,1.0,7.0,8.0,7.0,8.0,8.0,0.0,0.0,0.0,83.40462000000002,0.5149999856948853,0.5149999856948853,0.0,1.0,0.6,0.6,1.0,0.949999988079071,1.0,1.0,1.0,1.0,1.0,-0.0,0.0,,1000.0,False,False,False,,[]
8,8,9,True,1.0,1.0,8.0,9.0,8.0,9.0,9.0,0.0,0.0,0.0,83.40462000000002,0.5149999856948853,0.5149999856948853,0.0,1.0,0.6,0.6,1.0,0.949999988079071,1.0,1.0,1.0,1.0,1.0,-0.0,0.0,,1000.0,False,False,False,,[]
9,9,10,True,1.0,1.0,9.0,10.0,9.0,10.0,10.0,0.0,0.0,0.0,83.40462000000002,0.5149999856948853,0.5149999856948853,0.0,1.0,0.6,0.6,1.0,0.949999988079071,1.0,1.0,1.0,1.0,1.0,-0.0,0.0,,1000.0,False,False,False,,[]
10,10,11,True,1.0,1.0,10.0,11.0,10.0,11.0,11.0,0.0,0.0,3.75,659.0608700000001,0.5149999856948853,0.5149999856948853,0.0,1.0,0.6,0.5999687257015222,1.0,0.949999988079071,0.9999999399669998,1.0,0.9999999956812454,1.0,0.9999999952549603,-2.070955473856209,-8.10629816545231,,955.71102023453,False,False,False,,[]
11,11,12,True,1.0,1.0,11.0,12.0,11.0,12.0,12.0,0.0,3.75,7.5,659.1775081835939,0.51500004529953,0.51500004529953,0.0,1.0,0.5999687257015222,0.5998748664958311,0.9999999399669998,0.9499999284744263,0.9999997484228312,0.9999999956812454,0.9999999827226872,0.9999999952549603,0.9999999810173237,-6.213965951956956,-24.328306115127283,,877.0315644925225,False,False,False,,[]
12,12,13,True,1.0,1.0,12.0,13.0,12.0,13.0,13.0,0.0,7.5,11.25,659.5274227343749,0.5150001049041748,0.5150001049041748,0.0,1.0,0.5998748664958311,0.5997475524904168,0.9999997484228312,0.9499997496604919,0.9999994799615107,0.9999999827226872,0.9999999739026609,0.9999999810173237,0.9999999572753357,-8.427631220498657,-32.99979020338223,,842.6572290744002,False,False,False,,[]
13,13,14,True,1.0,1.0,13.0,14.0,13.0,14.0,14.0,0.0,11.25,15.0,660.110613652344,0.5150001645088196,0.5150001645088196,0.0,1.0,0.5997475524904168,0.5995771248712168,0.9999994799615107,0.9499994516372681,0.9999991211757404,0.9999999739026609,0.9999999677231824,0.9999999572753357,0.9999999240071651,-11.279446861500702,-44.1748388966388,,802.7268016949095,False,False,False,,[]
14,14,15,True,1.0,1.0,14.0,15.0,14.0,15.0,15.0,0.0,15.0,15.0,85.27083093750002,0.5150002837181091,0.5150002837181091,0.0,1.0,0.5995771248712168,0.5995490376021256,0.9999991211757404,0.9499990940093994,0.9999990674282788,0.9999999677231824,0.9999999645673819,0.9999999240071651,0.9999999193044924,-1.859610435564906,-7.2802201484436075,,960.3191439004308,False,False,False,,[]
15,15,16,True,1.0,1.0,15.0,16.0,15.0,16.0,16.0,0.0,15.0,15.0,85.27083093750002,0.5150002837181091,0.5150002837181091,0.0,1.0,0.5995490376021256,0.5995209501283673,0.9999990674282788,0.9499990344047546,0.9999990136804149,0.9999999645673819,0.9999999614115814,0.9999999193044924,0.9999999146018197,-1.859610435564906,-7.280273198160199,,960.3189180490292,False,False,False,,[]
16,16,17,True,1.0,1.0,16.0,17.0,16.0,17.0,17.0,0.0,15.0,15.0,85.27083093750002,0.5150002837181091,0.5150002837181091,0.0,1.0,0.5995209501283673,0.5994928624551431,0.9999990136804149,0.9499989748001099,0.9999989599321587,0.9999999614115814,0.9999999582557809,0.9999999146018197,0.999999909899147,-1.859610435564906,-7.280324899688418,,960.318697926236,False,False,False,,[]
17,17,18,True,1.0,1.0,17.0,18.0,17.0,18.0,18.0,0.0,15.0,15.0,85.27083093750002,0.5150002837181091,0.5150002837181091,0.0,1.0,0.5994928624551431,0.5994647745875151,0.9999989599321587,0.9499989748001099,0.9999989061835203,0.9999999582557809,0.9999999550999804,0.999999909899147,0.9999999051964743,-1.859610435564906,-7.28037528916968,,960.318483393208,False,False,False,,[]
18,18,19,True,1.0,1.0,18.0,19.0,18.0,19.0,19.0,0.0,15.0,15.0,85.27083093750002,0.5150003433227539,0.5150003433227539,0.0,1.0,0.5994647745875151,0.5994366865311114,0.9999989061835203,0.9499989151954651,0.9999988524345107,0.9999999550999804,0.9999999519441797,0.9999999051964743,0.9999999004938022,-1.8596103891062976,-7.280424219860863,,960.3182753815479,False,False,False,,[]
19,19,20,True,1.0,1.0,19.0,20.0,19.0,20.0,20.0,0.0,15.0,15.0,85.27083093750002,0.5150003433227539,0.5150003433227539,0.0,1.0,0.5994366865311114,0.5994085982900242,0.9999988524345107,0.9499988555908203,0.999998798685138,0.9999999519441797,0.999999948788379,0.9999999004938022,0.99999989579113,-1.8596103891062976,-7.280472089794257,,960.318071574048,False,False,False,,[]
20,20,21,True,1.0,1.0,20.0,21.0,20.0,21.0,21.0,0.0,15.0,15.0,85.27083093750002,0.5150003433227539,0.5150003433227539,0.0,1.0,0.5994085982900242,0.5993805098689194,0.999998798685138,0.9499987959861755,0.9999987449354113,0.999999948788379,0.9999999456325782,0.99999989579113,0.9999998910884579,-1.8596103891062976,-7.280518750370161,,960.3178729192061,False,False,False,,[]
21,21,22,True,1.0,1.0,21.0,22.0,21.0,22.0,22.0,0.0,15.0,15.0,85.27083093750002,0.5150004029273987,0.5150004029273987,0.0,1.0,0.5993805098689194,0.5993524212730394,0.9999987449354113,0.9499987363815308,0.999998691185341,0.9999999456325782,0.9999999424767774,0.9999998910884579,0.9999998863857863,-1.8596103426476853,-7.28056405209497,,960.3176804608402,False,False,False,,[]
22,22,23,True,1.0,1.0,22.0,23.0,22.0,23.0,23.0,0.0,15.0,12.5,-298.50000239583346,0.5150004029273987,0.5150004029273987,0.0,1.0,0.5993524212730394,0.5993874332477019,0.999998691185341,0.949998676776886,0.9999986237314429,0.9999999424767774,0.9999999367096453,0.9999998863857863,0.9999998706256592,2.3184198470752087,9.075103832507862,,1006.7850523288578,False,False,False,,[]
23,23,24,True,1.0,1.0,23.0,24.0,23.0,24.0,24.0,0.0,12.5,10.0,-299.07023351562515,0.5150004029273987,0.5150004029273987,0.0,1.0,0.5993874332477019,0.5994159978311763,0.9999986237314429,0.9499986171722412,0.9999985690450689,0.9999999367096453,0.9999999318358583,0.9999998706256592,0.9999998577063768,1.8914893727350799,7.403940036535658,,1005.3311471407102,False,False,False,,[]
24,24,25,True,1.0,1.0,24.0,25.0,24.0,25.0,25.0,0.0,10.0,6.66666985,-427.4599086929167,0.5150004625320435,0.5150004625320435,0.0,1.0,0.5994159978311763,0.5994417166599589,0.9999985690450689,0.9499985575675964,0.9999985199437245,0.9999999318358583,0.9999999218223472,0.9999998577063768,0.9999998440282428,1.7030647725421013,6.666320420467195,,997.1253367615269,False,False,False,,[]
25,25,26,True,1.0,1.0,25.0,26.0,25.0,26.0,26.0,0.0,6.66666985,3.33299995,-427.97285562119487,0.5150004625320435,0.5150004625320435,0.0,1.0,0.5994417166599589,0.5994558025734877,0.9999985199437245,0.9499984979629517,0.9999984933557717,0.9999999218223472,0.9999999143440277,0.9999998440282428,0.9999998358117872,0.9327305522150687,3.6510687866739904,,995.750478609033,False,False,False,,[]
26,26,27,True,1.0,1.0,26.0,27.0,26.0,27.0,27.0,0.0,3.33299995,0.0,-428.14650719332445,0.5150004625320435,0.5150004625320435,0.0,1.0,0.5994558025734877,0.5994604995562982,0.9999984933557717,0.9499984979629517,0.9999984845710117,0.9999999143440277,0.9999999118504102,0.9999998358117872,0.999999833072041,0.31101549846354387,1.2174579444765568,,998.587142056914,False,False,False,,[]
27,27,28,True,1.0,1.0,27.0,28.0,27.0,28.0,28.0,0.0,0.0,0.0,83.40462000000002,0.5150004625320435,0.5150004625320435,0.0,1.0,0.5994604995562982,0.5994604995562982,0.9999984845710117,0.9499984979629517,0.9999984845710117,0.9999999118504102,0.9999999118504102,0.999999833072041,0.999999833072041,-0.0,0.0,,1000.0,False,False,False,,[]
28,28,29,True,1.0,1.0,28.0,29.0,28.0,29.0,29.0,0.0,0.0,0.0,83.40462000000002,0.5150004625320435,0.5150004625320435,0.0,1.0,0.5994604995562982,0.5994604995562982,0.9999984845710117,0.9499984979629517,0.9999984845710117,0.9999999118504102,0.9999999118504102,0.999999833072041,0.999999833072041,-0.0,0.0,,1000.0,False,False,False,,[]
29,29,30,True,1.0,1.0,29.0,30.0,29.0,30.0,30.0,0.0,0.0,0.0,83.40462000000002,0.5150004625320435,0.5150004625320435,0.0,1.0,0.5994604995562982,0.5994604995562982,0.9999984845710117,0.9499984979629517,0.9999984845710117,0.9999999118504102,0.9999999118504102,0.999999833072041,0.999999833072041,-0.0,0.0,,1000.0,False,False,False,,[]
30,30,31,True,1.0,1.0,30.0,31.0,30.0,31.0,31.0,0.0,0.0,0.0,83.40462000000002,0.5150004625320435,0.5150004625320435,0.0,1.0,0.5994604995562982,0.5994604995562982,0.9999984845710117,0.9499984979629517,0.9999984845710117,0.9999999118504102,0.9999999118504102,0.999999833072041,0.999999833072041,-0.0,0.0,,1000.0,False,False,False,,[]
31,31,32,True,1.0,1.0,31.0,32.0,31.0,32.0,32.0,0.0,0.0,0.0,83.40462000000002,0.5150004625320435,0.5150004625320435,0.0,1.0,0.5994604995562982,0.5994604995562982,0.9999984845710117,0.9499984979629517,0.9999984845710117,0.9999999118504102,0.9999999118504102,0.999999833072041,0.999999833072041,-0.0,0.0,,1000.0,False,False,False,,[]
32,32,33,True,1.0,1.0,32.0,33.0,32.0,33.0,33.0,0.0,0.0,0.0,83.40462000000002,0.5150004625320435,0.5150004625320435,0.0,1.0,0.5994604995562982,0.5994604995562982,0.9999984845710117,0.9499984979629517,0.9999984845710117,0.9999999118504102,0.9999999118504102,0.999999833072041,0.999999833072041,-0.0,0.0,,1000.0,False,False,False,,[]
33,33,34,True,1.0,1.0,33.0,34.0,33.0,34.0,34.0,0.0,0.0,0.0,83.40462000000002,0.5150004625320435,0.5150004625320435,0.0,1.0,0.5994604995562982,0.5994604995562982,0.9999984845710117,0.9499984979629517,0.9999984845710117,0.9999999118504102,0.9999999118504102,0.999999833072041,0.999999833072041,-0.0,0.0,,1000.0,False,False,False,,[]
34,34,35,True,1.0,1.0,34.0,35.0,34.0,35.0,35.0,0.0,0.0,0.0,83.40462000000002,0.5150004625320435,0.5150004625320435,0.0,1.0,0.5994604995562982,0.5994604995562982,0.9999984845710117,0.9499984979629517,0.9999984845710117,0.9999999118504102,0.9999999118504102,0.999999833072041,0.999999833072041,-0.0,0.0,,1000.0,False,False,False,,[]
35,35,36,True,1.0,1.0,35.0,36.0,35.0,36.0,36.0,0.0,0.0,0.0,83.40462000000002,0.5150004625320435,0.5150004625320435,0.0,1.0,0.5994604995562982,0.5994604995562982,0.9999984845710117,0.9499984979629517,0.9999984845710117,0.9999999118504102,0.9999999118504102,0.999999833072041,0.999999833072041,-0.0,0.0,,1000.0,False,False,False,,[]
36,36,37,True,1.0,1.0,36.0,37.0,36.0,37.0,37.0,0.0,0.0,0.0,83.40462000000002,0.5150004625320435,0.5150004625320435,0.0,1.0,0.5994604995562982,0.5994604995562982,0.9999984845710117,0.9499984979629517,0.9999984845710117,0.9999999118504102,0.9999999118504102,0.999999833072041,0.999999833072041,-0.0,0.0,,1000.0,False,False,False,,[]
37,37,38,True,1.0,1.0,37.0,38.0,37.0,38.0,38.0,0.0,0.0,0.0,83.40462000000002,0.5150004625320435,0.5150004625320435,0.0,1.0,0.5994604995562982,0.5994604995562982,0.9999984845710117,0.9499984979629517,0.9999984845710117,0.9999999118504102,0.9999999118504102,0.999999833072041,0.999999833072041,-0.0,0.0,,1000.0,False,False,False,,[]
38,38,39,True,1.0,1.0,38.0,39.0,38.0,39.0,39.0,0.0,0.0,0.0,83.40462000000002,0.5150004625320435,0.5150004625320435,0.0,1.0,0.5994604995562982,0.5994604995562982,0.9999984845710117,0.9499984979629517,0.9999984845710117,0.9999999118504102,0.9999999118504102,0.999999833072041,0.999999833072041,-0.0,0.0,,1000.0,False,False,False,,[]
39,39,40,True,1.0,1.0,39.0,40.0,39.0,40.0,40.0,0.0,0.0,0.0,83.40462000000002,0.5150004625320435,0.5150004625320435,0.0,1.0,0.5994604995562982,0.5994604995562982,0.9999984845710117,0.9499984979629517,0.9999984845710117,0.9999999118504102,0.9999999118504102,0.999999833072041,0.999999833072041,-0.0,0.0,,1000.0,False,False,False,,[]
40,40,41,True,1.0,1.0,40.0,41.0,40.0,41.0,41.0,0.0,0.0,0.0,83.40462000000002,0.5150004625320435,0.5150004625320435,0.0,1.0,0.5994604995562982,0.5994604995562982,0.9999984845710117,0.9499984979629517,0.9999984845710117,0.9999999118504102,0.9999999118504102,0.999999833072041,0.999999833072041,-0.0,0.0,,1000.0,False,False,False,,[]
41,41,42,True,1.0,1.0,41.0,42.0,41.0,42.0,42.0,0.0,0.0,0.0,83.40462000000002,0.5150004625320435,0.5150004625320435,0.0,1.0,0.5994604995562982,0.5994604995562982,0.9999984845710117,0.9499984979629517,0.9999984845710117,0.9999999118504102,0.9999999118504102,0.999999833072041,0.999999833072041,-0.0,0.0,,1000.0,False,False,False,,[]
42,42,43,True,1.0,1.0,42.0,43.0,42.0,43.0,43.0,0.0,0.0,0.0,83.40462000000002,0.5150004625320435,0.5150004625320435,0.0,1.0,0.5994604995562982,0.5994604995562982,0.9999984845710117,0.9499984979629517,0.9999984845710117,0.9999999118504102,0.9999999118504102,0.999999833072041,0.999999833072041,-0.0,0.0,,1000.0,False,False,False,,[]
43,43,44,True,1.0,1.0,43.0,44.0,43.0,44.0,44.0,0.0,0.0,0.0,83.40462000000002,0.5150004625320435,0.5150004625320435,0.0,1.0,0.5994604995562982,0.5994604995562982,0.9999984845710117,0.9499984979629517,0.9999984845710117,0.9999999118504102,0.9999999118504102,0.999999833072041,0.999999833072041,-0.0,0.0,,1000.0,False,False,False,,[]
44,44,45,True,1.0,1.0,44.0,45.0,44.0,45.0,45.0,0.0,0.0,0.0,83.40462000000002,0.5150004625320435,0.5150004625320435,0.0,1.0,0.5994604995562982,0.5994604995562982,0.9999984845710117,0.9499984979629517,0.9999984845710117,0.9999999118504102,0.9999999118504102,0.999999833072041,0.999999833072041,-0.0,0.0,,1000.0,False,False,False,,[]
45,45,46,True,1.0,1.0,45.0,46.0,45.0,46.0,46.0,0.0,0.0,0.0,83.40462000000002,0.5150004625320435,0.5150004625320435,0.0,1.0,0.5994604995562982,0.5994604995562982,0.9999984845710117,0.9499984979629517,0.9999984845710117,0.9999999118504102,0.9999999118504102,0.999999833072041,0.999999833072041,-0.0,0.0,,1000.0,False,False,False,,[]
46,46,47,True,1.0,1.0,46.0,47.0,46.0,47.0,47.0,0.0,0.0,0.0,83.40462000000002,0.5150004625320435,0.5150004625320435,0.0,1.0,0.5994604995562982,0.5994604995562982,0.9999984845710117,0.9499984979629517,0.9999984845710117,0.9999999118504102,0.9999999118504102,0.999999833072041,0.999999833072041,-0.0,0.0,,1000.0,False,False,False,,[]
47,47,48,True,1.0,1.0,47.0,48.0,47.0,48.0,48.0,0.0,0.0,0.0,83.40462000000002,0.5150004625320435,0.5150004625320435,0.0,1.0,0.5994604995562982,0.5994604995562982,0.9999984845710117,0.9499984979629517,0.9999984845710117,0.9999999118504102,0.9999999118504102,0.999999833072041,0.999999833072041,-0.0,0.0,,1000.0,False,False,False,,[]
48,48,49,True,1.0,1.0,48.0,49.0,48.0,49.0,49.0,0.0,0.0,3.0,543.92962,0.5150004625320435,0.5150004625320435,0.0,1.0,0.5994604995562982,0.5994398495996882,0.9999984845710117,0.9499984979629517,0.9999984453419611,0.9999999118504102,0.999999908998958,0.999999833072041,0.9999998299391405,-1.3673444444444445,-5.3524687533242306,,970.348842431038,False,False,False,,[]
49,49,50,True,1.0,1.0,49.0,50.0,49.0,50.0,50.0,0.0,3.0,6.0,544.0042684375,0.5150004625320435,0.5150004625320435,0.0,1.0,0.5994398495996882,0.5993778827752901,0.9999984453419611,0.9499984383583069,0.9999983227670397,0.999999908998958,0.9999999004434273,0.9999998299391405,0.9999998205391493,-4.102596292892156,-16.061800883976172,,915.6001281577314,False,False,False,,[]
50,50,51,True,1.0,1.0,50.0,51.0,50.0,51.0,51.0,0.0,6.0,9.0,544.2282137500001,0.5150005221366882,0.5150005221366882,0.0,1.0,0.5993778827752901,0.5992745463310659,0.9999983227670397,0.9499983191490173,0.9999981099178321,0.9999999004434273,0.999999886178338,0.9999998205391493,0.9999998048660499,-6.840475285947715,-26.784806342915648,,866.1311552137099,False,False,False,,[]
51,51,52,True,1.0,1.0,51.0,52.0,51.0,52.0,52.0,0.0,9.0,12.0,544.6014559374998,0.515000581741333,0.515000581741333,0.0,1.0,0.5992745463310659,0.5991620762487773,0.9999981099178321,0.9499980807304382,0.999997876176228,0.999999886178338,0.9999998820998025,0.9999998048660499,0.999999782908665,-7.444572623093758,-29.15224532922557,,860.6739591100318,False,False,False,,[]
52,52,53,True,1.0,1.0,52.0,53.0,52.0,53.0,53.0,0.0,12.0,15.0,545.1239950000004,0.5150006413459778,0.5150006413459778,0.0,1.0,0.5991620762487773,0.5990140838922869,0.999997876176228,0.9499978423118591,0.9999975617021022,0.9999998820998025,0.9999998742050367,0.999999782908665,0.9999997546506577,-9.794330619515076,-38.35961880229793,,822.6440729912554,False,False,False,,[]
53,53,54,True,1.0,1.0,53.0,54.0,53.0,54.0,54.0,0.0,15.0,15.0,85.27083093750002,0.5150007605552673,0.5150007605552673,0.0,1.0,0.5990140838922869,0.5989859941800993,0.9999975617021022,0.9499975442886353,0.9999975079498371,0.9999998742050367,0.9999998710492345,0.9999997546506577,0.9999997499479897,-1.859610063895937,-7.2808533990144415,,960.3164506333945,False,False,False,,[]
54,54,55,True,1.0,1.0,54.0,55.0,54.0,55.0,55.0,0.0,15.0,15.0,85.27083093750002,0.5150007605552673,0.5150007605552673,0.0,1.0,0.5989859941800993,0.5989579043231388,0.9999975079498371,0.9499974846839905,0.9999974541972874,0.9999998710492345,0.9999998678934323,0.9999997499479897,0.9999997452453216,-1.859610063895937,-7.2808909241653135,,960.3162908710012,False,False,False,,[]
55,55,56,True,1.0,1.0,55.0,56.0,55.0,56.0,56.0,0.0,15.0,18.39999962,607.1991059376664,0.5150007605552673,0.5150007605552673,0.0,1.0,0.5989579043231388,0.5988034645001701,0.9999974541972874,0.9499974250793457,0.9999971268831346,0.9999998678934323,0.9999998605759709,0.9999997452453216,0.9999997293527615,-10.220139096913703,-40.030802113491404,,826.1859574314601,False,False,False,,[]
56,56,57,True,1.0,1.0,56.0,57.0,56.0,57.0,57.0,0.0,18.39999962,21.79999924,608.1410032175127,0.5150008797645569,0.5150008797645569,0.0,1.0,0.5988034645001701,0.5986280246241339,0.9999971268831346,0.9499971270561218,0.9999967583415897,0.9999998605759709,0.999999851857572,0.9999997293527615,0.9999997197738424,-11.608389190913226,-45.47401586857023,,812.617447057101,False,False,False,,[]
57,57,58,True,1.0,1.0,57.0,58.0,57.0,58.0,58.0,0.0,21.79999924,25.20000076,609.2749556619951,0.5150009393692017,0.5150009393692017,0.0,1.0,0.5986280246241339,0.5984167293208943,0.9999967583415897,0.9499967694282532,0.999996321634657,0.999999851857572,0.9999998392283013,0.9999997197738424,0.9999997056980872,-13.978357152746977,-54.767742599691,,780.2314185620779,False,False,False,,[]
58,58,59,True,1.0,1.0,58.0,59.0,58.0,59.0,59.0,0.0,25.20000076,28.60000038,610.6000890678702,0.515001118183136,0.515001118183136,0.0,1.0,0.5984167293208943,0.5981807187768002,0.999996321634657,0.949996292591095,0.9999958396959171,0.9999998392283013,0.9999998273488924,0.9999997056980872,0.9999996928267072,-15.610964972357122,-61.17393302918484,,763.9680828584183,False,False,False,,[]
59,59,60,True,1.0,1.0,59.0,60.0,59.0,60.0,60.0,0.0,28.60000038,32.0,612.1172769512846,0.5150012373924255,0.5150012373924255,0.0,1.0,0.5981807187768002,0.5979127040477703,0.9999958396959171,0.9499958157539368,0.999995301480238,0.9999998273488924,0.9999998126819439,0.9999996928267072,0.9999996782924406,-17.72455954431778,-69.46941776455391,,740.1718983807449,False,False,False,,[]
60,60,61,True,1.0,1.0,60.0,61.0,60.0,61.0,61.0,0.0,32.0,32.0,91.89795333333335,0.5150014162063599,0.5150014162063599,0.0,1.0,0.5979127040477703,0.5978643456939975,0.999995301480238,0.9499952793121338,0.9999952070888771,0.9999998126819439,0.9999998075733582,0.9999996782924406,0.9999996741171335,-3.199970675878188,-12.534485297916007,,937.1356451168346,False,False,False,,[]
61,61,62,True,1.0,1.0,61.0,62.0,61.0,62.0,62.0,0.0,32.0,32.0,91.89795333333335,0.5150014162063599,0.5150014162063599,0.0,1.0,0.5978643456939975,0.5978159871758247,0.9999952070888771,0.949995219707489,0.9999951126971801,0.9999998075733582,0.9999998024647724,0.9999996741171335,0.9999996699418264,-3.199970675878188,-12.534527910374084,,937.1354712133085,False,False,False,,[]
62,62,63,True,1.0,1.0,62.0,63.0,62.0,63.0,63.0,0.0,32.0,32.0,91.89795333333335,0.5150014758110046,0.5150014758110046,0.0,1.0,0.5978159871758247,0.5977676284964362,0.9999951126971801,0.9499951004981995,0.9999950183051536,0.9999998024647724,0.9999997973561863,0.9999996699418264,0.9999996657665193,-3.199970700035764,-12.534569697506978,,937.1353003987197,False,False,False,,[]
63,63,64,True,1.0,1.0,63.0,64.0,63.0,64.0,64.0,0.0,32.0,32.0,91.89795333333335,0.5150015354156494,0.5150015354156494,0.0,1.0,0.5977676284964362,0.5977192696592867,0.9999950183051536,0.9499949812889099,0.9999949239128045,0.9999997973561863,0.9999997922475998,0.9999996657665193,0.9999996615912123,-3.1999707241933266,-12.534610589154322,,937.1351333301322,False,False,False,,[]
64,64,65,True,1.0,1.0,64.0,65.0,64.0,65.0,65.0,0.0,32.0,32.0,91.89795333333335,0.5150015354156494,0.5150015354156494,0.0,1.0,0.5977192696592867,0.5976709106681042,0.9999949239128045,0.9499949216842651,0.9999948295201406,0.9999997922475998,0.9999997871390134,0.9999996615912123,0.9999996574159054,-3.1999707241933266,-12.534650514495635,,937.1349704033038,False,False,False,,[]
65,65,66,True,1.0,1.0,65.0,66.0,65.0,66.0,66.0,0.0,32.0,32.0,91.89795333333335,0.5150015354156494,0.5150015354156494,0.0,1.0,0.5976709106681042,0.5976225515261623,0.9999948295201406,0.9499948024749756,0.9999947351271685,0.9999997871390134,0.9999997820304269,0.9999996574159054,0.9999996532405984,-3.1999707241933266,-12.534689591338902,,937.1348109364948,False,False,False,,[]
66,66,67,True,1.0,1.0,66.0,67.0,66.0,67.0,67.0,0.0,32.0,32.0,91.89795333333335,0.5150015950202942,0.5150015950202942,0.0,1.0,0.5976225515261623,0.5975741922362823,0.9999947351271685,0.9499947428703308,0.999994640733894,0.9999997820304269,0.9999997769218402,0.9999996532405984,0.9999996490652914,-3.1999707483508764,-12.534727936891585,,937.1346541619696,False,False,False,,[]
67,67,68,True,1.0,1.0,67.0,68.0,67.0,68.0,68.0,0.0,32.0,32.0,91.89795333333335,0.5150015950202942,0.5150015950202942,0.0,1.0,0.5975741922362823,0.5975258328019312,0.999994640733894,0.9499946236610413,0.9999945463403241,0.9999997769218402,0.9999997718132534,0.9999996490652914,0.9999996448899844,-3.1999707483508764,-12.534765383818577,,937.1345013488132,False,False,False,,[]
68,68,69,True,1.0,1.0,68.0,69.0,68.0,69.0,69.0,0.0,32.0,32.0,91.89795333333335,0.515001654624939,0.515001654624939,0.0,1.0,0.5975258328019312,0.5974774732257631,0.9999945463403241,0.9499945640563965,0.9999944519464644,0.9999997718132534,0.9999997667046663,0.9999996448899844,0.9999996407146774,-3.199970772508412,-12.534802142766004,,937.1343510518456,False,False,False,,[]
69,69,70,True,1.0,1.0,69.0,70.0,69.0,70.0,70.0,0.0,32.0,32.0,91.89795333333335,0.515001654624939,0.515001654624939,0.0,1.0,0.5974774732257631,0.5974291135110823,0.9999944519464644,0.9499944448471069,0.9999943575523215,0.9999997667046663,0.9999997615960792,0.9999996407146774,0.9999996365393704,-3.199970772508412,-12.53483804523897,,937.1342045343987,False,False,False,,[]
70,70,71,True,1.0,1.0,70.0,71.0,70.0,71.0,71.0,0.0,32.0,32.0,91.89795333333335,0.5150017142295837,0.5150017142295837,0.0,1.0,0.5974291135110823,0.597380753660385,0.9999943575523215,0.9499943256378174,0.9999942631579005,0.9999997615960792,0.9999997564874917,0.9999996365393704,0.9999996323640634,-3.1999707966659354,-12.534873300751315,,937.1340603748894,False,False,False,,[]
71,71,72,True,1.0,1.0,71.0,72.0,71.0,72.0,72.0,0.0,32.0,32.0,91.89795333333335,0.5150017142295837,0.5150017142295837,0.0,1.0,0.597380753660385,0.5973323936768213,0.9999942631579005,0.9499942660331726,0.9999941687632079,0.9999997564874917,0.9999997513789043,0.9999996323640634,0.9999996281887564,-3.1999707966659354,-12.534907739703364,,937.1339198302137,False,False,False,,[]
72,72,73,True,1.0,1.0,72.0,73.0,72.0,73.0,73.0,0.0,32.0,32.0,91.89795333333335,0.5150017738342285,0.5150017738342285,0.0,1.0,0.5973323936768213,0.5972840335627374,0.9999941687632079,0.9499941468238831,0.9999940743682485,0.9999997513789043,0.9999997462703165,0.9999996281887564,0.9999996240134496,-3.1999708208234443,-12.534941570545435,,937.1337815799966,False,False,False,,[]
73,73,74,True,1.0,1.0,73.0,74.0,73.0,74.0,74.0,0.0,32.0,32.0,91.89795333333335,0.5150017738342285,0.5150017738342285,0.0,1.0,0.5972840335627374,0.5972356733211378,0.9999940743682485,0.9499940872192383,0.9999939799730284,0.9999997462703165,0.9999997411617287,0.9999996240134496,0.9999996198381427,-3.1999708208234443,-12.534974622623498,,937.1336466997801,False,False,False,,[]
74,74,75,True,1.0,1.0,74.0,75.0,74.0,75.0,75.0,0.0,32.0,32.0,91.89795333333335,0.5150018334388733,0.5150018334388733,0.0,1.0,0.5972356733211378,0.5971873129542267,0.9999939799730284,0.9499939680099487,0.9999938855775522,0.9999997411617287,0.9999997360531407,0.9999996198381427,0.9999996156628358,-3.1999708449809403,-12.53500710337936,,937.1335139600621,False,False,False,,[]
75,75,76,True,1.0,1.0,75.0,76.0,75.0,76.0,76.0,0.0,32.0,32.0,91.89795333333335,0.5150018334388733,0.5150018334388733,0.0,1.0,0.5971873129542267,0.5971389524648703,0.9999938855775522,0.9499938488006592,0.9999937911818256,0.9999997360531407,0.9999997309445527,0.9999996156628358,0.9999996114875289,-3.1999708449809403,-12.53503884118257,,937.1333844396017,False,False,False,,[]
76,76,77,True,1.0,1.0,76.0,77.0,76.0,77.0,77.0,0.0,32.0,32.0,91.89795333333335,0.5150018930435181,0.5150018930435181,0.0,1.0,0.5971389524648703,0.5970905918551385,0.9999937911818256,0.9499937891960144,0.9999936967858529,0.9999997309445527,0.9999997258359644,0.9999996114875289,0.999999607312222,-3.199970869138424,-12.535070042493926,,937.1332568150035,False,False,False,,[]
77,77,78,True,1.0,1.0,77.0,78.0,77.0,78.0,78.0,0.0,32.0,32.0,91.89795333333335,0.5150018930435181,0.5150018930435181,0.0,1.0,0.5970905918551385,0.5970422311277668,0.9999936967858529,0.9499936699867249,0.9999936023896397,0.9999997258359644,0.9999997207273761,0.999999607312222,0.9999996031369152,-3.199970869138424,-12.535100534752393,,937.1331323825527,False,False,False,,[]
78,78,79,True,1.0,1.0,78.0,79.0,78.0,79.0,79.0,0.0,32.0,32.0,91.89795333333335,0.5150018930435181,0.5150018930435181,0.0,1.0,0.5970422311277668,0.5969938702850628,0.9999936023896397,0.9499936103820801,0.9999935079931909,0.9999997207273761,0.9999997156187878,0.9999996031369152,0.9999995989616083,-3.199970869138424,-12.535130428875986,,937.1330103959681,False,False,False,,[]
79,79,80,True,1.0,1.0,79.0,80.0,79.0,80.0,80.0,0.0,32.0,32.0,91.89795333333335,0.5150019526481628,0.5150019526481628,0.0,1.0,0.5969938702850628,0.5969455093289079,0.9999935079931909,0.9499934911727905,0.9999934135965101,0.9999997156187878,0.9999997105101991,0.9999995989616083,0.9999995947863014,-3.199970893295893,-12.535159835338053,,937.1328901006812,False,False,False,,[]
80,80,81,True,1.0,1.0,80.0,81.0,80.0,81.0,81.0,0.0,32.0,32.0,91.89795333333335,0.5150020122528076,0.5150020122528076,0.0,1.0,0.5969455093289079,0.5968971482614892,0.9999934135965101,0.949993371963501,0.9999933191996018,0.9999997105101991,0.9999997054016101,0.9999995947863014,0.9999995906109945,-3.19997091745335,-12.53518867491079,,937.132772116217,False,False,False,,[]
81,81,82,True,1.0,1.0,81.0,82.0,81.0,82.0,82.0,0.0,32.0,32.0,91.89795333333335,0.5150020122528076,0.5150020122528076,0.0,1.0,0.5968971482614892,0.5968487870853012,0.9999933191996018,0.9499933123588562,0.9999932248024711,0.9999997054016101,0.9999997002930211,0.9999995906109945,0.9999995864356876,-3.19997091745335,-12.535216867940063,,937.132657063465,False,False,False,,[]
82,82,83,True,1.0,1.0,82.0,83.0,82.0,83.0,83.0,0.0,32.0,32.0,91.89795333333335,0.5150020122528076,0.5150020122528076,0.0,1.0,0.5968487870853012,0.5968004258024167,0.9999932248024711,0.9499931931495667,0.9999931304051224,0.9999997002930211,0.9999996951844321,0.9999995864356876,0.9999995822603808,-3.19997091745335,-12.535244523670674,,937.1325442113549,False,False,False,,[]
83,83,84,True,1.0,1.0,83.0,84.0,83.0,84.0,84.0,0.0,32.0,32.0,91.89795333333335,0.5150020718574524,0.5150020718574524,0.0,1.0,0.5968004258024167,0.5967520644144886,0.9999931304051224,0.9499931335449219,0.9999930360075588,0.9999996951844321,0.9999996900758428,0.9999995822603808,0.999999578085074,-3.1999709416107924,-12.535271750944013,,937.1324328987263,False,False,False,,[]
84,84,85,True,1.0,1.0,84.0,85.0,84.0,85.0,85.0,0.0,32.0,29.25,-330.2499633333336,0.5150020718574524,0.5150020718574524,0.0,1.0,0.5967520644144886,0.5968660698858459,0.9999930360075588,0.9499930143356323,0.9999927987188784,0.9999996900758428,0.9999996791286719,0.999999578085074,0.9999995701183032,7.54734060916963,29.550218175828494,,1076.846642632952,False,False,False,,[]
85,85,86,True,1.0,1.0,85.0,86.0,85.0,86.0,86.0,0.0,29.25,26.5,-331.6470295768232,0.5150021910667419,0.5150021910667419,0.0,1.0,0.5968660698858459,0.596962444811983,0.9999927987188784,0.9499927759170532,0.9999926015560962,0.9999996791286719,0.9999996657668352,0.9999995701183032,0.999999556950589,6.38025819213515,24.98038085475272,,1052.7746420620963,False,False,False,,[]
86,86,87,True,1.0,1.0,86.0,87.0,86.0,87.0,87.0,0.0,26.5,23.75,-332.91864497395807,0.5150022506713867,0.5150022506713867,0.0,1.0,0.596962444811983,0.5970519444758685,0.9999926015560962,0.9499925971031189,0.9999924196860044,0.9999996657668352,0.9999996561066374,0.999999556950589,0.9999995450839896,5.925323400067456,23.19831287910611,,1052.394355508072,False,False,False,,[]
87,87,88,True,1.0,1.0,87.0,88.0,87.0,88.0,88.0,0.0,23.75,21.0,-334.06480952473987,0.5150022506713867,0.5150022506713867,0.0,1.0,0.5970519444758685,0.5971241039923755,0.9999924196860044,0.9499924182891846,0.9999922755188168,0.9999996561066374,0.999999639054525,0.9999995450839896,0.9999995345173646,4.7773207363540955,18.703746678610397,,1031.0597047555962,False,False,False,,[]
88,88,89,True,1.0,1.0,88.0,89.0,88.0,89.0,89.0,0.0,21.0,18.25,-335.0855232291664,0.5150023102760315,0.5150023102760315,0.0,1.0,0.5971241039923755,0.5972005061320197,0.9999922755188168,0.9499922394752502,0.9999921222404592,0.999999639054525,0.9999996343642,0.9999995345173646,0.9999995293641263,5.058502610286454,19.80343459576815,,1053.9970494217775,False,False,False,,[]
89,89,90,True,1.0,1.0,89.0,90.0,89.0,90.0,90.0,0.0,18.25,15.5,-335.98078608723984,0.5150023698806763,0.5150023698806763,0.0,1.0,0.5972005061320197,0.5972614233221996,0.9999921222404592,0.9499921202659607,0.9999920018654584,0.9999996343642,0.9999996297185614,0.9999995293641263,0.9999995194219049,4.033251232725147,15.7897356946168,,1035.5095163758895,False,False,False,,[]
90,90,91,True,1.0,1.0,90.0,91.0,90.0,91.0,91.0,0.0,15.5,12.75,-336.75059809895833,0.5150023698806763,0.5150023698806763,0.0,1.0,0.5972614233221996,0.5973020641332741,0.9999920018654584,0.9499920010566711,0.9999919231347317,0.9999996297185614,0.9999996230975907,0.9999995194219049,0.9999995011574065,2.6907087947085855,10.534098230533207,,1007.9448931724098,False,False,False,,[]
91,91,92,True,1.0,1.0,91.0,92.0,91.0,92.0,92.0,0.0,12.75,10.0,-337.39495926432295,0.515002429485321,0.515002429485321,0.0,1.0,0.5973020641332741,0.5973355991610745,0.9999919231347317,0.9499918818473816,0.9999918586195942,0.9999996230975907,0.9999996185537939,0.9999995011574065,0.9999994864206856,2.220269135843147,8.692279205847296,,1007.8643618926689,False,False,False,,[]
92,92,93,True,1.0,1.0,92.0,93.0,92.0,93.0,93.0,0.0,10.0,6.66666698,-427.4603492618334,0.515002429485321,0.515002429485321,0.0,1.0,0.5973355991610745,0.597361322358747,0.9999918586195942,0.9499918222427368,0.999991809509699,0.9999996185537939,0.9999996085402478,0.9999994864206856,0.9999994727425954,1.7030675377905018,6.6674528366936485,,997.1288391394226,False,False,False,,[]
93,93,94,True,1.0,1.0,93.0,94.0,93.0,94.0,94.0,0.0,6.66666698,3.33333325,-427.92125104217246,0.515002429485321,0.515002429485321,0.0,1.0,0.597361322358747,0.5973754093518805,0.999991809509699,0.9499918222427368,0.9999917829196804,0.9999996085402478,0.9999996010625544,0.9999994727425954,0.9999994645268924,0.9326489019274541,3.6513486202055345,,995.7527112068868,False,False,False,,[]
94,94,95,True,1.0,1.0,94.0,95.0,94.0,95.0,95.0,0.0,3.33333325,0.0,-428.1976530918764,0.5150024890899658,0.5150024890899658,0.0,1.0,0.5973754093518805,0.5973801081184005,0.9999917829196804,0.949991762638092,0.9999917741315689,0.9999996010625544,0.9999995985683797,0.9999994645268924,0.9999994617865563,0.31108375728965365,1.2179202819687187,,998.5874428004669,False,False,False,,[]
95,95,96,True,1.0,1.0,95.0,96.0,95.0,96.0,96.0,0.0,0.0,0.0,83.40462000000002,0.5150024890899658,0.5150024890899658,0.0,1.0,0.5973801081184005,0.5973801081184005,0.9999917741315689,0.949991762638092,0.9999917741315689,0.9999995985683797,0.9999995985683797,0.9999994617865563,0.9999994617865563,-0.0,0.0,,1000.0,False,False,False,,[]
96,96,97,True,1.0,1.0,96.0,97.0,96.0,97.0,97.0,0.0,0.0,0.0,83.40462000000002,0.5150024890899658,0.5150024890899658,0.0,1.0,0.5973801081184005,0.5973801081184005,0.9999917741315689,0.949991762638092,0.9999917741315689,0.9999995985683797,0.9999995985683797,0.9999994617865563,0.9999994617865563,-0.0,0.0,,1000.0,False,False,False,,[]
97,97,98,True,1.0,1.0,97.0,98.0,97.0,98.0,98.0,0.0,0.0,0.0,83.40462000000002,0.5150024890899658,0.5150024890899658,0.0,1.0,0.5973801081184005,0.5973801081184005,0.9999917741315689,0.949991762638092,0.9999917741315689,0.9999995985683797,0.9999995985683797,0.9999994617865563,0.9999994617865563,-0.0,0.0,,1000.0,False,False,False,,[]
98,98,99,True,1.0,1.0,98.0,99.0,98.0,99.0,99.0,0.0,0.0,0.0,83.40462000000002,0.5150024890899658,0.5150024890899658,0.0,1.0,0.5973801081184005,0.5973801081184005,0.9999917741315689,0.949991762638092,0.9999917741315689,0.9999995985683797,0.9999995985683797,0.9999994617865563,0.9999994617865563,-0.0,0.0,,1000.0,False,False,False,,[]
99,99,100,True,1.0,1.0,99.0,100.0,99.0,100.0,100.0,0.0,0.0,0.0,83.40462000000002,0.5150024890899658,0.5150024890899658,0.0,1.0,0.5973801081184005,0.5973801081184005,0.9999917741315689,0.949991762638092,0.9999917741315689,0.9999995985683797,0.9999995985683797,0.9999994617865563,0.9999994617865563,-0.0,0.0,,1000.0,False,False,False,,[]
100,100,101,True,1.0,1.0,100.0,101.0,100.0,101.0,101.0,0.0,0.0,0.0,83.40462000000002,0.5150024890899658,0.5150024890899658,0.0,1.0,0.5973801081184005,0.5973801081184005,0.9999917741315689,0.949991762638092,0.9999917741315689,0.9999995985683797,0.9999995985683797,0.9999994617865563,0.9999994617865563,-0.0,0.0,,1000.0,False,False,False,,[]
101,101,102,True,1.0,1.0,101.0,102.0,101.0,102.0,102.0,0.0,0.0,0.0,83.40462000000002,0.5150024890899658,0.5150024890899658,0.0,1.0,0.5973801081184005,0.5973801081184005,0.9999917741315689,0.949991762638092,0.9999917741315689,0.9999995985683797,0.9999995985683797,0.9999994617865563,0.9999994617865563,-0.0,0.0,,1000.0,False,False,False,,[]
102,102,103,True,1.0,1.0,102.0,103.0,102.0,103.0,103.0,0.0,0.0,0.0,83.40462000000002,0.5150024890899658,0.5150024890899658,0.0,1.0,0.5973801081184005,0.5973801081184005,0.9999917741315689,0.949991762638092,0.9999917741315689,0.9999995985683797,0.9999995985683797,0.9999994617865563,0.9999994617865563,-0.0,0.0,,1000.0,False,False,False,,[]
103,103,104,True,1.0,1.0,103.0,104.0,103.0,104.0,104.0,0.0,0.0,0.0,83.40462000000002,0.5150024890899658,0.5150024890899658,0.0,1.0,0.5973801081184005,0.5973801081184005,0.9999917741315689,0.949991762638092,0.9999917741315689,0.9999995985683797,0.9999995985683797,0.9999994617865563,0.9999994617865563,-0.0,0.0,,1000.0,False,False,False,,[]
104,104,105,True,1.0,1.0,104.0,105.0,104.0,105.0,105.0,0.0,0.0,0.0,83.40462000000002,0.5150024890899658,0.5150024890899658,0.0,1.0,0.5973801081184005,0.5973801081184005,0.9999917741315689,0.949991762638092,0.9999917741315689,0.9999995985683797,0.9999995985683797,0.9999994617865563,0.9999994617865563,-0.0,0.0,,1000.0,False,False,False,,[]
105,105,106,True,1.0,1.0,105.0,106.0,105.0,106.0,106.0,0.0,0.0,0.0,83.40462000000002,0.5150024890899658,0.5150024890899658,0.0,1.0,0.5973801081184005,0.5973801081184005,0.9999917741315689,0.949991762638092,0.9999917741315689,0.9999995985683797,0.9999995985683797,0.9999994617865563,0.9999994617865563,-0.0,0.0,,1000.0,False,False,False,,[]
106,106,107,True,1.0,1.0,106.0,107.0,106.0,107.0,107.0,0.0,0.0,0.0,83.40462000000002,0.5150024890899658,0.5150024890899658,0.0,1.0,0.5973801081184005,0.5973801081184005,0.9999917741315689,0.949991762638092,0.9999917741315689,0.9999995985683797,0.9999995985683797,0.9999994617865563,0.9999994617865563,-0.0,0.0,,1000.0,False,False,False,,[]
107,107,108,True,1.0,1.0,107.0,108.0,107.0,108.0,108.0,0.0,0.0,0.0,83.40462000000002,0.5150024890899658,0.5150024890899658,0.0,1.0,0.5973801081184005,0.5973801081184005,0.9999917741315689,0.949991762638092,0.9999917741315689,0.9999995985683797,0.9999995985683797,0.9999994617865563,0.9999994617865563,-0.0,0.0,,1000.0,False,False,False,,[]
108,108,109,True,1.0,1.0,108.0,109.0,108.0,109.0,109.0,0.0,0.0,0.0,83.40462000000002,0.5150024890899658,0.5150024890899658,0.0,1.0,0.5973801081184005,0.5973801081184005,0.9999917741315689,0.949991762638092,0.9999917741315689,0.9999995985683797,0.9999995985683797,0.9999994617865563,0.9999994617865563,-0.0,0.0,,1000.0,False,False,False,,[]
109,109,110,True,1.0,1.0,109.0,110.0,109.0,110.0,110.0,0.0,0.0,0.0,83.40462000000002,0.5150024890899658,0.5150024890899658,0.0,1.0,0.5973801081184005,0.5973801081184005,0.9999917741315689,0.949991762638092,0.9999917741315689,0.9999995985683797,0.9999995985683797,0.9999994617865563,0.9999994617865563,-0.0,0.0,,1000.0,False,False,False,,[]
110,110,111,True,1.0,1.0,110.0,111.0,110.0,111.0,111.0,0.0,0.0,0.0,83.40462000000002,0.5150024890899658,0.5150024890899658,0.0,1.0,0.5973801081184005,0.5973801081184005,0.9999917741315689,0.949991762638092,0.9999917741315689,0.9999995985683797,0.9999995985683797,0.9999994617865563,0.9999994617865563,-0.0,0.0,,1000.0,False,False,False,,[]
111,111,112,True,1.0,1.0,111.0,112.0,111.0,112.0,112.0,0.0,0.0,0.0,83.40462000000002,0.5150024890899658,0.5150024890899658,0.0,1.0,0.5973801081184005,0.5973801081184005,0.9999917741315689,0.949991762638092,0.9999917741315689,0.9999995985683797,0.9999995985683797,0.9999994617865563,0.9999994617865563,-0.0,0.0,,1000.0,False,False,False,,[]
112,112,113,True,1.0,1.0,112.0,113.0,112.0,113.0,113.0,0.0,0.0,0.0,83.40462000000002,0.5150024890899658,0.5150024890899658,0.0,1.0,0.5973801081184005,0.5973801081184005,0.9999917741315689,0.949991762638092,0.9999917741315689,0.9999995985683797,0.9999995985683797,0.9999994617865563,0.9999994617865563,-0.0,0.0,,1000.0,False,False,False,,[]
113,113,114,True,1.0,1.0,113.0,114.0,113.0,114.0,114.0,0.0,0.0,0.0,83.40462000000002,0.5150024890899658,0.5150024890899658,0.0,1.0,0.5973801081184005,0.5973801081184005,0.9999917741315689,0.949991762638092,0.9999917741315689,0.9999995985683797,0.9999995985683797,0.9999994617865563,0.9999994617865563,-0.0,0.0,,1000.0,False,False,False,,[]
114,114,115,True,1.0,1.0,114.0,115.0,114.0,115.0,115.0,0.0,0.0,0.0,83.40462000000002,0.5150024890899658,0.5150024890899658,0.0,1.0,0.5973801081184005,0.5973801081184005,0.9999917741315689,0.949991762638092,0.9999917741315689,0.9999995985683797,0.9999995985683797,0.9999994617865563,0.9999994617865563,-0.0,0.0,,1000.0,False,False,False,,[]
115,115,116,True,1.0,1.0,115.0,116.0,115.0,116.0,116.0,0.0,0.0,0.0,83.40462000000002,0.5150024890899658,0.5150024890899658,0.0,1.0,0.5973801081184005,0.5973801081184005,0.9999917741315689,0.949991762638092,0.9999917741315689,0.9999995985683797,0.9999995985683797,0.9999994617865563,0.9999994617865563,-0.0,0.0,,1000.0,False,False,False,,[]
116,116,117,True,1.0,1.0,116.0,117.0,116.0,117.0,117.0,0.0,0.0,3.0,543.92962,0.5150024890899658,0.5150024890899658,0.0,1.0,0.5973801081184005,0.5973594560885479,0.9999917741315689,0.949991762638092,0.9999917348985002,0.9999995985683797,0.9999995957169163,0.9999994617865563,0.9999994586536689,-1.3673444444444445,-5.353006137780877,,970.34651375966,False,False,False,,[]
117,117,118,True,1.0,1.0,117.0,118.0,117.0,118.0,118.0,0.0,3.0,6.0,544.0042684375,0.5150024890899658,0.5150024890899658,0.0,1.0,0.5973594560885479,0.5972974831617855,0.9999917348985002,0.9499917030334473,0.999991612310776,0.9999995957169163,0.999999587161352,0.9999994586536689,0.999999449253717,-4.102596292892156,-16.063382616811204,,915.593943811692,False,False,False,,[]
118,118,119,True,1.0,1.0,118.0,119.0,118.0,119.0,119.0,0.0,6.0,9.0,544.2282137500001,0.5150025486946106,0.5150025486946106,0.0,1.0,0.5972974831617855,0.5971941367323934,0.999991612310776,0.9499915838241577,0.999991399438922,0.999999587161352,0.9999995728962064,0.999999449253717,0.9999994335806831,-6.840475285947714,-26.787394498438378,,866.1219727043216,False,False,False,,[]
119,119,120,True,1.0,1.0,119.0,120.0,119.0,120.0,120.0,0.0,9.0,12.0,544.6014559374998,0.5150026082992554,0.5150026082992554,0.0,1.0,0.5971941367323934,0.5970816561120693,0.999991399438922,0.9499914050102234,0.9999911656730074,0.9999995728962064,0.9999995688176548,0.9999994335806831,0.9999994116233899,-7.444564207336933,-29.15497678800659,,860.6644082426901,False,False,False,,[]
120,120,121,True,1.0,1.0,120.0,121.0,120.0,121.0,121.0,0.0,12.0,15.0,545.1239950000004,0.5150026679039001,0.5150026679039001,0.0,1.0,0.5970816561120693,0.5969336501340241,0.9999911656730074,0.9499911665916443,0.9999908511716664,0.9999995688176548,0.9999995609228615,0.9999994116233899,0.9999993833655006,-9.794320327456134,-38.363149509331336,,822.6330743117156,False,False,False,,[]
121,121,122,True,1.0,1.0,121.0,122.0,121.0,122.0,122.0,0.0,15.0,15.0,85.27083093750002,0.5150027275085449,0.5150027275085449,0.0,1.0,0.5969336501340241,0.5969055578794759,0.9999908511716664,0.9499908685684204,0.9999907974144026,0.9999995609228615,0.9999995577670523,0.9999993833655006,0.9999993786628519,-1.8596085307589942,-7.281512378897003,,960.3136564305368,False,False,False,,[]
122,122,123,True,1.0,1.0,122.0,123.0,122.0,123.0,123.0,0.0,15.0,15.0,85.27083093750002,0.5150027275085449,0.5150027275085449,0.0,1.0,0.5969055578794759,0.5968774655280621,0.9999907974144026,0.9499908089637756,0.9999907436569483,0.9999995577670523,0.9999995546112431,0.9999993786628519,0.9999993739602032,-1.8596085307589942,-7.281537486442579,,960.3135495419139,False,False,False,,[]
123,123,124,True,1.0,1.0,123.0,124.0,123.0,124.0,124.0,0.0,15.0,17.22220039,426.39710913908345,0.5150027871131897,0.5150027871131897,0.0,1.0,0.5968774655280621,0.5967653769882477,0.9999907436569483,0.9499907493591309,0.9999905107952192,0.9999995546112431,0.9999995497114532,0.9999993739602032,0.9999993579041714,-7.417856003446357,-29.05334951988024,,864.8046299818841,False,False,False,,[]
124,124,125,True,1.0,1.0,124.0,125.0,124.0,125.0,125.0,0.0,17.22220039,19.44440079,426.99101518791775,0.5150028467178345,0.5150028467178345,0.0,1.0,0.5967653769882477,0.5966465526686743,0.9999905107952192,0.9499905109405518,0.9999902623080431,0.9999995497114532,0.9999995390647365,0.9999993579041714,0.9999993517697472,-7.8631501115737015,-30.799263633425763,,861.7315693040545,False,False,False,,[]
125,125,126,True,1.0,1.0,125.0,126.0,125.0,126.0,126.0,0.0,19.44440079,21.66659927,427.6665420835615,0.5150029063224792,0.5150029063224792,0.0,1.0,0.5966465526686743,0.5965203869686051,0.9999902623080431,0.9499902725219727,0.9999899965667906,0.9999995390647365,0.9999995327946803,0.9999993517697472,0.9999993448808822,-8.348432686257022,-32.70214945793042,,857.7074149895102,False,False,False,,[]
126,126,127,True,1.0,1.0,126.0,127.0,126.0,127.0,127.0,0.0,21.66659927,23.88879967,428.4245748765282,0.5150030255317688,0.5150030255317688,0.0,1.0,0.5965203869686051,0.5963648626740726,0.9999899965667906,0.9499899744987488,0.9999896671011882,0.9999995327946803,0.9999995184577959,0.9999993448808822,0.9999993317995868,-10.289714306103335,-40.31189714282846,,822.4434726679716,False,False,False,,[]
127,127,128,True,1.0,1.0,127.0,128.0,127.0,128.0,128.0,0.0,23.88879967,26.11100006,429.2642291331187,0.5150030851364136,0.5150030851364136,0.0,1.0,0.5963648626740726,0.5962002785210222,0.9999896671011882,0.9499896764755249,0.9999893197564093,0.9999995184577959,0.9999995075251342,0.9999993317995868,0.9999993172736548,-10.888232477057402,-42.660212470672555,,816.4750126772075,False,False,False,,[]
128,128,129,True,1.0,1.0,128.0,129.0,128.0,129.0,129.0,0.0,26.11100006,28.33320045,430.18580203586635,0.5150032043457031,0.5150032043457031,0.0,1.0,0.5962002785210222,0.5960213933191956,0.9999893197564093,0.9499893188476562,0.9999889445402892,0.9999995075251342,0.9999994939282217,0.9999993172736548,0.9999993039869978,-11.83313589878603,-46.36704431346615,,804.3173287756013,False,False,False,,[]
129,129,130,True,1.0,1.0,129.0,130.0,129.0,130.0,130.0,0.0,28.33320045,30.55540085,431.18929358836357,0.5150033235549927,0.5150033235549927,0.0,1.0,0.5960213933191956,0.595836269374474,0.9999889445402892,0.9499889612197876,0.9999885573038191,0.9999994939282217,0.9999994824803454,0.9999993039869978,0.9999992940379115,-12.244840689488043,-47.984126471833996,,803.0551079887492,False,False,False,,[]
130,130,131,True,1.0,1.0,130.0,131.0,130.0,131.0,131.0,0.0,30.55540085,32.77759933,432.2744059895129,0.5150034427642822,0.5150034427642822,0.0,1.0,0.595836269374474,0.5956319047452889,0.9999885573038191,0.9499885439872742,0.9999881335441927,0.9999994824803454,0.9999994687196423,0.9999992940379115,0.9999992803840062,-13.515842915084813,-52.971311884759174,,784.8337469152568,False,False,False,,[]
131,131,132,True,1.0,1.0,131.0,132.0,131.0,132.0,132.0,0.0,32.77759933,35.0,433.47276704801527,0.5150035619735718,0.5150035619735718,0.0,1.0,0.5956319047452889,0.595412278383768,0.9999881335441927,0.9499881267547607,0.9999876814244782,0.9999994687196423,0.9999994572394961,0.9999992803840062,0.999999261799032,-14.523501807992687,-56.92715290622584,,772.2583466792202,False,False,False,,[]
132,132,133,True,1.0,1.0,132.0,133.0,132.0,133.0,133.0,0.0,35.0,35.0,93.56510177083334,0.5150036811828613,0.5150036811828613,0.0,1.0,0.595412278383768,0.5953580896111561,0.9999876814244782,0.9499876499176025,0.9999875750476239,0.9999994572394961,0.9999994508827701,0.999999261799032,0.9999992578475467,-3.5850131647665577,-14.045729861001908,,930.1160389741194,False,False,False,,[]
133,133,134,True,1.0,1.0,133.0,134.0,133.0,134.0,134.0,0.0,35.0,35.0,93.56510177083334,0.5150037407875061,0.5150037407875061,0.0,1.0,0.5953580896111561,0.595303900757218,0.9999875750476239,0.9499875903129578,0.9999874686706015,0.9999994508827701,0.9999994445260434,0.9999992578475467,0.9999992538960613,-3.5850132323247235,-14.045750940755765,,930.1159533075585,False,False,False,,[]
134,134,135,True,1.0,1.0,134.0,135.0,134.0,135.0,135.0,0.0,35.0,36.875,381.3932267708337,0.5150037407875061,0.5150037407875061,0.0,1.0,0.595303900757218,0.5951069352351058,0.9999874686706015,0.9499874711036682,0.9999870588565855,0.9999994445260434,0.9999994346389919,0.9999992538960613,0.9999992431553152,-13.024921788177465,-51.05346333147237,,794.5495671230287,False,False,False,,[]
135,135,136,True,1.0,1.0,135.0,136.0,135.0,136.0,136.0,0.0,36.875,38.75,382.5110093636071,0.5150038599967957,0.5150038599967957,0.0,1.0,0.5951069352351058,0.5948988792320109,0.9999870588565855,0.9499870538711548,0.9999866281870158,0.9999994346389919,0.9999994240443606,0.9999992431553152,0.999999231821064,-13.756985528630958,-53.928116002205414,,785.5139646135917,False,False,False,,[]
136,136,137,True,1.0,1.0,136.0,137.0,136.0,137.0,137.0,0.0,38.75,40.625,383.68711104817646,0.51500403881073,0.51500403881073,0.0,1.0,0.5948988792320109,0.59467959660121,0.9999866281870158,0.9499866366386414,0.999986176699924,0.9999994240443606,0.9999994127038161,0.999999231821064,0.9999992198882108,-14.497858162722853,-56.838057903598106,,776.5755384539254,False,False,False,,[]
137,137,138,True,1.0,1.0,137.0,138.0,137.0,138.0,138.0,0.0,40.625,42.5,384.9215318245446,0.5150041580200195,0.5150041580200195,0.0,1.0,0.59467959660121,0.5944488893861881,0.999986176699924,0.9499861598014832,0.9999857043405995,0.9999994127038161,0.9999994005304118,0.9999992198882108,0.9999992073513991,-15.251612626340583,-59.79931013367117,,767.6639296826244,False,False,False,,[]
138,138,139,True,1.0,1.0,138.0,139.0,138.0,139.0,139.0,0.0,42.5,44.375,386.2142716927087,0.5150042772293091,0.5150042772293091,0.0,1.0,0.5944488893861881,0.5942065306196983,0.9999857043405995,0.949985682964325,0.999985211028082,0.9999994005304118,0.9999993874175594,0.9999992073513991,0.9999991942050165,-16.020152556002053,-62.81939227416582,,758.754555636377,False,False,False,,[]
139,139,140,True,1.0,1.0,139.0,140.0,139.0,140.0,140.0,0.0,44.375,46.25,387.56533065266865,0.5150044560432434,0.5150044560432434,0.0,1.0,0.5942065306196983,0.5939514414013702,0.999985211028082,0.9499852061271667,0.9999846952184641,0.9999993874175594,0.9999993731705275,0.9999991942050165,0.999999179698837,-16.859726133494227,-66.11912539063547,,748.8261822372112,False,False,False,,[]
140,140,141,True,1.0,1.0,140.0,141.0,140.0,141.0,141.0,0.0,46.25,48.125,388.9747087044274,0.515004575252533,0.515004575252533,0.0,1.0,0.5939514414013702,0.5936834947628234,0.9999846952184641,0.9499846696853638,0.9999841571196454,0.9999993731705275,0.9999993574607838,0.999999179698837,0.9999991642147106,-17.70743014283656,-69.45176871131626,,739.1254010862847,False,False,False,,[]
141,141,142,True,1.0,1.0,141.0,142.0,141.0,142.0,142.0,0.0,48.125,50.0,390.4424058479821,0.5150047540664673,0.5150047540664673,0.0,1.0,0.5936834947628234,0.5934042732932552,0.9999841571196454,0.9499841332435608,0.9999835998426875,0.9999993574607838,0.999999341870766,0.9999991642147106,0.9999991475498731,-18.45038829972606,-72.37420491208472,,731.4197331622106,False,False,False,,[]
142,142,143,True,1.0,1.0,142.0,143.0,142.0,143.0,143.0,0.0,50.0,50.0,104.14029708333334,0.5150049328804016,0.5150049328804016,0.0,1.0,0.5934042732932552,0.5933159369340191,0.9999835998426875,0.9499835968017578,0.9999834205406848,0.999999341870766,0.9999993338019483,0.9999991475498731,0.9999991369914395,-5.840112014467193,-22.8967843139984,,888.972799385391,False,False,False,,[]
143,143,144,True,1.0,1.0,143.0,144.0,143.0,144.0,144.0,0.0,50.0,50.0,104.14029708333334,0.5150049924850464,0.5150049924850464,0.0,1.0,0.5933159369340191,0.5932276004937551,0.9999834205406848,0.9499834179878235,0.9999832412385035,0.9999993338019483,0.99999932573313,0.9999991369914395,0.9999991264330067,-5.840112003720793,-22.89680531642687,,888.9727214097537,False,False,False,,[]
144,144,145,True,1.0,1.0,144.0,145.0,144.0,145.0,145.0,0.0,50.0,50.0,104.14029708333334,0.5150050520896912,0.5150050520896912,0.0,1.0,0.5932276004937551,0.593139263971798,0.9999832412385035,0.9499832391738892,0.999983061936142,0.99999932573313,0.9999993176643112,0.9999991264330067,0.9999991158745748,-5.840111992974374,-22.89682649131094,,888.9726428732222,False,False,False,,[]
145,145,146,True,1.0,1.0,145.0,146.0,145.0,146.0,146.0,0.0,50.0,50.0,104.14029708333334,0.5150051116943359,0.5150051116943359,0.0,1.0,0.593139263971798,0.5930509273675032,0.999983061936142,0.9499830603599548,0.9999828826335989,0.9999993176643112,0.9999993095954918,0.9999991158745748,0.9999991053161438,-5.84011198222794,-22.896847833209222,,888.9725637221885,False,False,False,,[]
146,146,147,True,1.0,1.0,146.0,147.0,146.0,147.0,147.0,0.0,50.0,50.0,104.14029708333334,0.5150051116943359,0.5150051116943359,0.0,1.0,0.5930509273675032,0.5929625906800844,0.9999828826335989,0.9499828815460205,0.9999827033308726,0.9999993095954918,0.9999993015266724,0.9999991053161438,0.9999990947577128,-5.84011198222794,-22.896869378969093,,888.9724835460403,False,False,False,,[]
147,147,148,True,1.0,1.0,147.0,148.0,147.0,148.0,148.0,0.0,50.0,50.0,104.14029708333334,0.5150051712989807,0.5150051712989807,0.0,1.0,0.5929625906800844,0.5928742539091,0.9999827033308726,0.9499827027320862,0.999982524027962,0.9999993015266724,0.9999992934578524,0.9999990947577128,0.9999990841992825,-5.8401119714814875,-22.89689103916302,,888.9724031174849,False,False,False,,[]
148,148,149,True,1.0,1.0,148.0,149.0,148.0,149.0,149.0,0.0,50.0,50.0,104.14029708333334,0.5150052309036255,0.5150052309036255,0.0,1.0,0.5928742539091,0.5927859170539652,0.999982524027962,0.9499825239181519,0.9999823447248657,0.9999992934578524,0.9999992853890318,0.9999990841992825,0.9999990736408532,-5.840111960735019,-22.896912850918003,,888.9723221215436,False,False,False,,[]
149,149,150,True,1.0,1.0,149.0,150.0,149.0,150.0,150.0,0.0,50.0,50.0,104.14029708333334,0.5150052905082703,0.5150052905082703,0.0,1.0,0.5927859170539652,0.5926975801141143,0.9999823447248657,0.9499823451042175,0.9999821654215827,0.9999992853890318,0.9999992773202107,0.9999990736408532,0.9999990630824246,-5.840111949988535,-22.89693480935651,,888.9722405907677,False,False,False,,[]
150,150,151,True,1.0,1.0,150.0,151.0,150.0,151.0,151.0,0.0,50.0,50.0,104.14029708333334,0.515005350112915,0.515005350112915,0.0,1.0,0.5926975801141143,0.5926092430889996,0.9999821654215827,0.9499821662902832,0.9999819861181116,0.9999992773202107,0.9999992692513889,0.9999990630824246,0.9999990525239969,-5.840111939242031,-22.896956909738538,,888.9721586096488,False,False,False,,[]
151,151,152,True,1.0,1.0,151.0,152.0,151.0,152.0,152.0,0.0,50.0,50.0,104.14029708333334,0.5150054097175598,0.5150054097175598,0.0,1.0,0.5926092430889996,0.5925209059780913,0.9999819861181116,0.9499819874763489,0.9999818068144514,0.9999992692513889,0.9999992611825667,0.9999990525239969,0.99999904196557,-5.840111928495513,-22.89697914745243,,888.9720760342972,False,False,False,,[]
152,152,153,True,1.0,1.0,152.0,153.0,152.0,153.0,153.0,0.0,50.0,50.0,104.14029708333334,0.5150054693222046,0.5150054693222046,0.0,1.0,0.5925209059780913,0.5924325687808767,0.9999818068144514,0.9499818086624146,0.9999816275106008,0.9999992611825667,0.9999992531137438,0.99999904196557,0.999999031407144,-5.840111917748977,-22.897001518005723,,888.9719930539636,False,False,False,,[]
153,153,154,True,1.0,1.0,153.0,154.0,153.0,154.0,154.0,0.0,50.0,50.0,104.14029708333334,0.5150055289268494,0.5150055289268494,0.0,1.0,0.5924325687808767,0.5923442314968603,0.9999816275106008,0.9499816298484802,0.9999814482065589,0.9999992531137438,0.9999992450449203,0.999999031407144,0.9999990208487188,-5.840111907002424,-22.897024017034315,,888.971909506509,False,False,False,,[]
154,154,155,True,1.0,1.0,154.0,155.0,154.0,155.0,155.0,0.0,50.0,48.125,-183.68782791666698,0.5150055885314941,0.5150055885314941,0.0,1.0,0.5923442314968603,0.592439771216059,0.9999814482065589,0.9499814510345459,0.9999812529120657,0.9999992450449203,0.9999992343603132,0.9999990208487188,0.999999007173331,6.319928413716656,24.76389521627843,,1054.4633204526674,False,False,False,,[]
155,155,156,True,1.0,1.0,155.0,156.0,155.0,156.0,156.0,0.0,48.125,46.25,-185.21384415201854,0.5150056481361389,0.5150056481361389,0.0,1.0,0.592439771216059,0.5925329485069267,0.9999812529120657,0.9499812126159668,0.9999810628863296,0.9999992343603132,0.9999992240679425,0.999999007173331,0.9999989944960208,6.164105814169461,24.15155379292485,,1053.9684950680487,False,False,False,,[]
156,156,157,True,1.0,1.0,156.0,157.0,156.0,157.0,157.0,0.0,46.25,44.375,-186.68154129557226,0.5150057077407837,0.5150057077407837,0.0,1.0,0.5925329485069267,0.5926221986131627,0.9999810628863296,0.9499810338020325,0.9999808815676293,0.9999992240679425,0.999999213947287,0.9999989944960208,0.9999989812508274,5.904688081891044,23.1336275363683,,1050.1470275675833,False,False,False,,[]
157,157,158,True,1.0,1.0,157.0,158.0,157.0,158.0,158.0,0.0,44.375,42.5,-188.09091934733104,0.5150057673454285,0.5150057673454285,0.0,1.0,0.5926221986131627,0.5927079198136775,0.9999808815676293,0.9499808549880981,0.9999807080183468,0.999999213947287,0.9999992039003904,0.9999989812508274,0.9999989681791237,5.671572839317119,22.218935173455176,,1047.392052034691,False,False,False,,[]
158,158,159,True,1.0,1.0,158.0,159.0,158.0,159.0,159.0,0.0,42.5,40.625,-189.44197830729198,0.5150058269500732,0.5150058269500732,0.0,1.0,0.5927079198136775,0.592787517735268,0.9999807080183468,0.9499806761741638,0.9999805478285714,0.9999992039003904,0.9999991939653028,0.9999989681791237,0.999998952114194,5.2667040960318054,20.631781276260735,,1039.046242571684,False,False,False,,[]
159,159,160,True,1.0,1.0,159.0,160.0,159.0,160.0,160.0,0.0,40.625,38.75,-190.73471817545507,0.5150058269500732,0.5150058269500732,0.0,1.0,0.592787517735268,0.5928714395293689,0.9999805478285714,0.9499805569648743,0.999980378221151,0.9999991939653028,0.9999991841964372,0.999998952114194,0.9999989461822747,5.553235976062231,21.752529030936234,,1054.029851812647,False,False,False,,[]
160,160,161,True,1.0,1.0,160.0,161.0,160.0,161.0,161.0,0.0,38.75,36.875,-191.96913895182323,0.515005886554718,0.515005886554718,0.0,1.0,0.5928714395293689,0.592951561179414,0.999980378221151,0.9499803781509399,0.999980216894745,0.9999991841964372,0.9999991744551279,0.9999989461822747,0.999998940494027,5.302056187231399,20.767531691696437,,1051.037821128183,False,False,False,,[]
161,161,162,True,1.0,1.0,161.0,162.0,161.0,162.0,162.0,0.0,36.875,35.0,-193.14524063639354,0.5150059461593628,0.5150059461593628,0.0,1.0,0.592951561179414,0.5930264255417254,0.999980216894745,0.9499801993370056,0.9999800669272587,0.9999991744551279,0.9999991632663592,0.999998940494027,0.9999989350547208,4.954377829681833,19.404842711085642,,1045.193693211967,False,False,False,,[]
162,162,163,True,1.0,1.0,162.0,163.0,162.0,163.0,163.0,0.0,35.0,35.0,93.56510177083334,0.5150059461593628,0.5150059461593628,0.0,1.0,0.5930264255417254,0.5929722343740746,0.9999800669272587,0.9499800801277161,0.9999799605454535,0.9999991632663592,0.9999991569096107,0.9999989350547208,0.9999989311032269,-3.58501573196762,-14.046350655057209,,930.1135117890616,False,False,False,,[]
163,163,164,True,1.0,1.0,163.0,164.0,163.0,164.0,164.0,0.0,35.0,35.0,93.56510177083334,0.5150060057640076,0.5150060057640076,0.0,1.0,0.5929722343740746,0.5929180431413462,0.9999799605454535,0.9499799609184265,0.9999798541635138,0.9999991569096107,0.9999991505528617,0.9999989311032269,0.9999989271517328,-3.5850157995252854,-14.046367523204232,,930.1134431860315,False,False,False,,[]
164,164,165,True,1.0,1.0,164.0,165.0,164.0,165.0,165.0,0.0,35.0,35.0,93.56510177083334,0.5150060653686523,0.5150060653686523,0.0,1.0,0.5929180431413462,0.5928638518442673,0.9999798541635138,0.949979841709137,0.999979747781441,0.9999991505528617,0.9999991441961121,0.9999989271517328,0.9999989232002384,-3.585015867082938,-14.04638420286948,,930.1133753369774,False,False,False,,[]
165,165,166,True,1.0,1.0,165.0,166.0,165.0,166.0,166.0,0.0,35.0,35.0,93.56510177083334,0.5150060653686523,0.5150060653686523,0.0,1.0,0.5928638518442673,0.5928096604845678,0.999979747781441,0.9499797224998474,0.9999796413992389,0.9999991441961121,0.9999991378393626,0.9999989232002384,0.9999989192487441,-3.585015867082938,-14.046400434099747,,930.1133099643023,False,False,False,,[]
166,166,167,True,1.0,1.0,166.0,167.0,166.0,167.0,167.0,0.0,35.0,35.0,93.56510177083334,0.5150061249732971,0.5150061249732971,0.0,1.0,0.5928096604845678,0.5927554690619172,0.9999796413992389,0.9499796032905579,0.9999795350169065,0.9999991378393626,0.9999991314826123,0.9999989192487441,0.9999989152972495,-3.585015934640578,-14.046416751026051,,930.1132434699085,False,False,False,,[]
167,167,168,True,1.0,1.0,167.0,168.0,167.0,168.0,168.0,0.0,35.0,35.0,93.56510177083334,0.5150061249732971,0.5150061249732971,0.0,1.0,0.5927554690619172,0.5927012775780102,0.9999795350169065,0.9499795436859131,0.9999794286344476,0.9999991314826123,0.9999991251258621,0.9999989152972495,0.9999989113457549,-3.585015934640578,-14.046432628717756,,930.1131795270011,False,False,False,,[]
168,168,169,True,1.0,1.0,168.0,169.0,168.0,169.0,169.0,0.0,35.0,35.0,93.56510177083334,0.5150061845779419,0.5150061845779419,0.0,1.0,0.5927012775780102,0.5926470860324814,0.9999794286344476,0.9499794244766235,0.9999793222518613,0.9999991251258621,0.9999991187691113,0.9999989113457549,0.9999989073942601,-3.5850160021982047,-14.046448601058339,,930.113114528551,False,False,False,,[]
169,169,170,True,1.0,1.0,169.0,170.0,169.0,170.0,170.0,0.0,35.0,35.0,93.56510177083334,0.5150061845779419,0.5150061845779419,0.0,1.0,0.5926470860324814,0.5925928944269919,0.9999793222518613,0.949979305267334,0.999979215869151,0.9999991187691113,0.9999991124123605,0.9999989073942601,0.9999989034427653,-3.5850160021982047,-14.046464142865034,,930.1130519275275,False,False,False,,[]
170,170,171,True,1.0,1.0,170.0,171.0,170.0,171.0,171.0,0.0,35.0,35.0,93.56510177083334,0.5150062441825867,0.5150062441825867,0.0,1.0,0.5925928944269919,0.592538702761144,0.999979215869151,0.9499791860580444,0.9999791094863159,0.9999991124123605,0.9999991060556092,0.9999989034427653,0.9999988994912703,-3.585016069755817,-14.046479787796693,,930.1129882428195,False,False,False,,[]
171,171,172,True,1.0,1.0,171.0,172.0,171.0,172.0,172.0,0.0,35.0,35.0,93.56510177083334,0.5150062441825867,0.5150062441825867,0.0,1.0,0.592538702761144,0.5924845110365666,0.9999791094863159,0.9499791264533997,0.9999790031033594,0.9999991060556092,0.9999990996988578,0.9999988994912703,0.9999988955397753,-3.585016069755817,-14.046495010441342,,930.1129269375765,False,False,False,,[]
172,172,173,True,1.0,1.0,172.0,173.0,172.0,173.0,173.0,0.0,35.0,35.0,93.56510177083334,0.5150063037872314,0.5150063037872314,0.0,1.0,0.5924845110365666,0.5924303192528312,0.9999790031033594,0.9499790072441101,0.9999788967202806,0.9999990996988578,0.9999990933421059,0.9999988955397753,0.99999889158828,-3.5850161373134175,-14.046510344237797,,930.1128645026427,False,False,False,,[]
173,173,174,True,1.0,1.0,173.0,174.0,173.0,174.0,174.0,0.0,35.0,35.0,93.56510177083334,0.5150063037872314,0.5150063037872314,0.0,1.0,0.5924303192528312,0.5923761274115366,0.9999788967202806,0.9499788880348206,0.9999787903370829,0.9999990933421059,0.999999086985354,0.99999889158828,0.9999988876367848,-3.5850161373134175,-14.046525263554047,,930.1128044210482,False,False,False,,[]
174,174,175,True,1.0,1.0,174.0,175.0,174.0,175.0,175.0,0.0,35.0,35.0,93.56510177083334,0.5150063633918762,0.5150063633918762,0.0,1.0,0.5923761274115366,0.5923219355122247,0.9999787903370829,0.949978768825531,0.9999786839537652,0.999999086985354,0.9999990806286014,0.9999988876367848,0.9999988836852893,-3.5850162048710055,-14.046540301627198,,930.1127430787554,False,False,False,,[]
175,175,176,True,1.0,1.0,175.0,176.0,175.0,176.0,176.0,0.0,35.0,33.5,-136.69739822916634,0.515006422996521,0.515006422996521,0.0,1.0,0.5923219355122247,0.592371726265703,0.9999786839537652,0.9499786496162415,0.9999785866302018,0.9999990806286014,0.9999990723225988,0.9999988836852893,0.9999988800164218,3.2949372469777414,12.905763301585782,,1028.8950004520354,False,False,False,,[]
176,176,177,True,1.0,1.0,176.0,177.0,176.0,177.0,177.0,0.0,33.5,32.0,-137.5496345572913,0.515006422996521,0.515006422996521,0.0,1.0,0.592371726265703,0.5924175830668573,0.9999785866302018,0.9499785900115967,0.9999784973404335,0.9999990723225988,0.9999990641995764,0.9999988800164218,0.9999988740766312,3.0347048128476333,11.88608285921356,,1023.4000539154761,False,False,False,,[]
177,177,178,True,1.0,1.0,177.0,178.0,177.0,178.0,178.0,0.0,32.0,28.8571434,-390.55672523833323,0.5150064826011658,0.5150064826011658,0.0,1.0,0.5924175830668573,0.59255157730361,0.9999784973404335,0.9499784708023071,0.9999782129402989,0.9999990641995764,0.9999990513269195,0.9999988740766312,0.9999988647639049,8.870285121508962,34.73130616629672,,1090.9513483874398,False,False,False,,[]
178,178,179,True,1.0,1.0,178.0,179.0,178.0,179.0,179.0,0.0,28.8571434,25.7142849,-392.14342289430266,0.5150065422058105,0.5150065422058105,0.0,1.0,0.59255157730361,0.5926651267165285,0.9999782129402989,0.9499781727790833,0.9999779767062679,0.9999990513269195,0.9999990376934147,0.9999988647639049,0.9999988498885922,7.51696938565581,29.43200782847234,,1065.4360935476059,False,False,False,,[]
179,179,180,True,1.0,1.0,179.0,180.0,179.0,180.0,180.0,0.0,25.7142849,22.5714283,-393.5656839190104,0.5150066018104553,0.5150066018104553,0.0,1.0,0.5926651267165285,0.5927686040966516,0.9999779767062679,0.9499779939651489,0.9999777635373767,0.9999990376934147,0.9999990244272161,0.9999988498885922,0.9999988413432207,6.850449782865355,26.821336927899015,,1064.2248194452195,False,False,False,,[]
180,180,181,True,1.0,1.0,180.0,181.0,180.0,181.0,181.0,0.0,22.5714283,19.4285717,-394.82438158996354,0.5150066614151001,0.5150066614151001,0.0,1.0,0.5927686040966516,0.5928636219418992,0.9999777635373767,0.9499777555465698,0.9999775694087899,0.9999990244272161,0.9999990185134446,0.9999988413432207,0.9999988331954927,6.2906290958870255,24.62862548819731,,1065.5794767280704,False,False,False,,[]
181,181,182,True,1.0,1.0,181.0,182.0,181.0,182.0,182.0,0.0,19.4285717,16.2857151,-395.9192251508541,0.5150067210197449,0.5150067210197449,0.0,1.0,0.5928636219418992,0.5929414014191388,0.9999775694087899,0.9499775767326355,0.9999774131568179,0.9999990185134446,0.9999990101448153,0.9999988331954927,0.9999988260708139,5.149378447487512,20.160440500490957,,1048.9447831078023,False,False,False,,[]
182,182,183,True,1.0,1.0,182.0,183.0,182.0,183.0,183.0,0.0,16.2857151,13.14285755,-396.85036043459894,0.5150067806243896,0.5150067806243896,0.0,1.0,0.5929414014191388,0.5929949912590717,0.9999774131568179,0.9499773979187012,0.9999773080173369,0.9999990101448153,0.9999990059798887,0.9999988260708139,0.9999988036488862,3.547804689475706,13.89048651062346,,1016.7654841430764,False,False,False,,[]
183,183,184,True,1.0,1.0,183.0,184.0,183.0,184.0,184.0,0.0,13.14285755,10.0,-397.61749598248434,0.5150068402290344,0.5150068402290344,0.0,1.0,0.5929949912590717,0.593034870967833,0.9999773080173369,0.9499772787094116,0.9999772308185435,0.9999990059798887,0.9999990001820964,0.9999988036488862,0.9999987859820254,2.6401333116915637,10.336820510931853,,1008.7714456949363,False,False,False,,[]
184,184,185,True,1.0,1.0,184.0,185.0,184.0,185.0,185.0,0.0,10.0,6.66666651,-427.46042141075003,0.5150068402290344,0.5150068402290344,0.0,1.0,0.593034870967833,0.593060596579269,0.9999772308185435,0.9499772191047668,0.999977181703924,0.9999990001820964,0.9999989901684844,0.9999987859820254,0.9999987723040576,1.703070377554126,6.668078484218834,,997.1308255282758,False,False,False,,[]
185,185,186,True,1.0,1.0,185.0,186.0,185.0,186.0,186.0,0.0,6.66666651,3.33333325,-427.92117894523324,0.5150068402290344,0.5150068402290344,0.0,1.0,0.593060596579269,0.5930746848525306,0.999977181703924,0.9499771595001221,0.9999771551114558,0.9999989901684844,0.9999989826907285,0.9999987723040576,0.9999987640884311,0.9326487009586055,3.6516804294018543,,995.7537515820396,False,False,False,,[]
186,186,187,True,1.0,1.0,186.0,187.0,186.0,187.0,187.0,0.0,3.33333325,0.0,-428.1976530918764,0.5150068402290344,0.5150068402290344,0.0,1.0,0.5930746848525306,0.5930793840420893,0.9999771551114558,0.9499771595001221,0.9999771463225495,0.9999989826907285,0.9999989801965328,0.9999987640884311,0.9999987613481196,0.3110837572896537,1.2180299336021547,,998.5877888205059,False,False,False,,[]
187,187,188,True,1.0,1.0,187.0,188.0,187.0,188.0,188.0,0.0,0.0,0.0,83.40462000000002,0.5150068402290344,0.5150068402290344,0.0,1.0,0.5930793840420893,0.5930793840420893,0.9999771463225495,0.9499771595001221,0.9999771463225495,0.9999989801965328,0.9999989801965328,0.9999987613481196,0.9999987613481196,-0.0,0.0,,1000.0,False,False,False,,[]
188,188,189,True,1.0,1.0,188.0,189.0,188.0,189.0,189.0,0.0,0.0,0.0,83.40462000000002,0.5150068402290344,0.5150068402290344,0.0,1.0,0.5930793840420893,0.5930793840420893,0.9999771463225495,0.9499771595001221,0.9999771463225495,0.9999989801965328,0.9999989801965328,0.9999987613481196,0.9999987613481196,-0.0,0.0,,1000.0,False,False,False,,[]
189,189,190,True,1.0,1.0,189.0,190.0,189.0,190.0,190.0,0.0,0.0,0.0,83.40462000000002,0.5150068402290344,0.5150068402290344,0.0,1.0,0.5930793840420893,0.5930793840420893,0.9999771463225495,0.9499771595001221,0.9999771463225495,0.9999989801965328,0.9999989801965328,0.9999987613481196,0.9999987613481196,-0.0,0.0,,1000.0,False,False,False,,[]
190,190,191,True,1.0,1.0,190.0,191.0,190.0,191.0,191.0,0.0,0.0,0.0,83.40462000000002,0.5150068402290344,0.5150068402290344,0.0,1.0,0.5930793840420893,0.5930793840420893,0.9999771463225495,0.9499771595001221,0.9999771463225495,0.9999989801965328,0.9999989801965328,0.9999987613481196,0.9999987613481196,-0.0,0.0,,1000.0,False,False,False,,[]
191,191,192,True,1.0,1.0,191.0,192.0,191.0,192.0,192.0,0.0,0.0,0.0,83.40462000000002,0.5150068402290344,0.5150068402290344,0.0,1.0,0.5930793840420893,0.5930793840420893,0.9999771463225495,0.9499771595001221,0.9999771463225495,0.9999989801965328,0.9999989801965328,0.9999987613481196,0.9999987613481196,-0.0,0.0,,1000.0,False,False,False,,[]
192,192,193,True,1.0,1.0,192.0,193.0,192.0,193.0,193.0,0.0,0.0,0.0,83.40462000000002,0.5150068402290344,0.5150068402290344,0.0,1.0,0.5930793840420893,0.5930793840420893,0.9999771463225495,0.9499771595001221,0.9999771463225495,0.9999989801965328,0.9999989801965328,0.9999987613481196,0.9999987613481196,-0.0,0.0,,1000.0,False,False,False,,[]
193,193,194,True,1.0,1.0,193.0,194.0,193.0,194.0,194.0,0.0,0.0,0.0,83.40462000000002,0.5150068402290344,0.5150068402290344,0.0,1.0,0.5930793840420893,0.5930793840420893,0.9999771463225495,0.9499771595001221,0.9999771463225495,0.9999989801965328,0.9999989801965328,0.9999987613481196,0.9999987613481196,-0.0,0.0,,1000.0,False,False,False,,[]
194,194,195,True,1.0,1.0,194.0,195.0,194.0,195.0,195.0,0.0,0.0,0.0,83.40462000000002,0.5150068402290344,0.5150068402290344,0.0,1.0,0.5930793840420893,0.5930793840420893,0.9999771463225495,0.9499771595001221,0.9999771463225495,0.9999989801965328,0.9999989801965328,0.9999987613481196,0.9999987613481196,-0.0,0.0,,1000.0,False,False,False,,[]
195,195,196,True,1.0,1.0,195.0,196.0,195.0,196.0,196.0,0.0,0.0,0.0,83.40462000000002,0.5150068402290344,0.5150068402290344,0.0,1.0,0.5930793840420893,0.5930793840420893,0.9999771463225495,0.9499771595001221,0.9999771463225495,0.9999989801965328,0.9999989801965328,0.9999987613481196,0.9999987613481196,-0.0,0.0,,1000.0,False,False,False,,[]
196,196,197,True,1.0,1.0,196.0,197.0,196.0,197.0,197.0,0.0,0.0,0.0,83.40462000000002,0.5150068402290344,0.5150068402290344,0.0,1.0,0.5930793840420893,0.5930793840420893,0.9999771463225495,0.9499771595001221,0.9999771463225495,0.9999989801965328,0.9999989801965328,0.9999987613481196,0.9999987613481196,-0.0,0.0,,1000.0,False,False,False,,[]
197,197,198,True,1.0,1.0,197.0,198.0,197.0,198.0,198.0,0.0,0.0,0.0,83.40462000000002,0.5150068402290344,0.5150068402290344,0.0,1.0,0.5930793840420893,0.5930793840420893,0.9999771463225495,0.9499771595001221,0.9999771463225495,0.9999989801965328,0.9999989801965328,0.9999987613481196,0.9999987613481196,-0.0,0.0,,1000.0,False,False,False,,[]
198,198,199,True,1.0,1.0,198.0,199.0,198.0,199.0,199.0,0.0,0.0,0.0,83.40462000000002,0.5150068402290344,0.5150068402290344,0.0,1.0,0.5930793840420893,0.5930793840420893,0.9999771463225495,0.9499771595001221,0.9999771463225495,0.9999989801965328,0.9999989801965328,0.9999987613481196,0.9999987613481196,-0.0,0.0,,1000.0,False,False,False,,[]
199,199,200,True,1.0,1.0,199.0,200.0,199.0,200.0,200.0,0.0,0.0,0.0,83.40462000000002,0.5150068402290344,0.5150068402290344,0.0,1.0,0.5930793840420893,0.5930793840420893,0.9999771463225495,0.9499771595001221,0.9999771463225495,0.9999989801965328,0.9999989801965328,0.9999987613481196,0.9999987613481196,-0.0,0.0,,1000.0,False,False,False,,[]
200,200,201,True,1.0,1.0,200.0,201.0,200.0,201.0,201.0,0.0,0.0,0.0,83.40462000000002,0.5150068402290344,0.5150068402290344,0.0,1.0,0.5930793840420893,0.5930793840420893,0.9999771463225495,0.9499771595001221,0.9999771463225495,0.9999989801965328,0.9999989801965328,0.9999987613481196,0.9999987613481196,-0.0,0.0,,1000.0,False,False,False,,[]
201,201,202,True,1.0,1.0,201.0,202.0,201.0,202.0,202.0,0.0,0.0,0.0,83.40462000000002,0.5150068402290344,0.5150068402290344,0.0,1.0,0.5930793840420893,0.5930793840420893,0.9999771463225495,0.9499771595001221,0.9999771463225495,0.9999989801965328,0.9999989801965328,0.9999987613481196,0.9999987613481196,-0.0,0.0,,1000.0,False,False,False,,[]
202,202,203,True,1.0,1.0,202.0,203.0,202.0,203.0,203.0,0.0,0.0,0.0,83.40462000000002,0.5150068402290344,0.5150068402290344,0.0,1.0,0.5930793840420893,0.5930793840420893,0.9999771463225495,0.9499771595001221,0.9999771463225495,0.9999989801965328,0.9999989801965328,0.9999987613481196,0.9999987613481196,-0.0,0.0,,1000.0,False,False,False,,[]
203,203,204,True,1.0,1.0,203.0,204.0,203.0,204.0,204.0,0.0,0.0,0.0,83.40462000000002,0.5150068402290344,0.5150068402290344,0.0,1.0,0.5930793840420893,0.5930793840420893,0.9999771463225495,0.9499771595001221,0.9999771463225495,0.9999989801965328,0.9999989801965328,0.9999987613481196,0.9999987613481196,-0.0,0.0,,1000.0,False,False,False,,[]
204,204,205,True,1.0,1.0,204.0,205.0,204.0,205.0,205.0,0.0,0.0,0.0,83.40462000000002,0.5150068402290344,0.5150068402290344,0.0,1.0,0.5930793840420893,0.5930793840420893,0.9999771463225495,0.9499771595001221,0.9999771463225495,0.9999989801965328,0.9999989801965328,0.9999987613481196,0.9999987613481196,-0.0,0.0,,1000.0,False,False,False,,[]
205,205,206,True,1.0,1.0,205.0,206.0,205.0,206.0,206.0,0.0,0.0,3.75,659.0608700000001,0.5150068402290344,0.5150068402290344,0.0,1.0,0.5930793840420893,0.5930481010203551,0.9999771463225495,0.9499771595001221,0.999977086272292,0.9999989801965328,0.9999989758777207,0.9999987613481196,0.999998756603147,-2.0709554738562095,-8.108559233495646,,955.701485117682,False,False,False,,[]
206,206,207,True,1.0,1.0,206.0,207.0,206.0,207.0,207.0,0.0,3.75,7.5,659.1775081835939,0.5150068998336792,0.5150068998336792,0.0,1.0,0.5930481010203551,0.5929542160985186,0.999977086272292,0.9499770998954773,0.9999768946708228,0.9999989758777207,0.9999989629189899,0.999998756603147,0.9999987423657115,-6.213965951956956,-24.3349717400252,,877.0073992604714,False,False,False,,[]
207,207,208,True,1.0,1.0,207.0,208.0,207.0,208.0,208.0,0.0,7.5,11.25,659.5274227343749,0.515006959438324,0.515006959438324,0.0,1.0,0.5929542160985186,0.592826868205963,0.9999768946708228,0.9499768614768982,0.9999766261291438,0.9999989629189899,0.9999989540988463,0.9999987423657115,0.9999987186240591,-8.427605473058831,-33.00857375042978,,842.627616714541,False,False,False,,[]
208,208,209,True,1.0,1.0,208.0,209.0,208.0,209.0,209.0,0.0,11.25,15.0,660.110613652344,0.5150070190429688,0.5150070190429688,0.0,1.0,0.592826868205963,0.5926563961334137,0.9999766261291438,0.9499766230583191,0.9999762672566145,0.9999989540988463,0.9999989479192856,0.9999987186240591,0.9999986853563586,-11.27940373342989,-44.18636120476091,,802.6928181784381,False,False,False,,[]
209,209,210,True,1.0,1.0,209.0,210.0,209.0,210.0,210.0,0.0,15.0,15.0,85.27083093750002,0.5150071382522583,0.5150071382522583,0.0,1.0,0.5926563961334137,0.5926283016429802,0.9999762672566145,0.9499762654304504,0.9999762134949545,0.9999989479192856,0.9999989447634606,0.9999986853563586,0.9999986806537532,-1.8596050928012282,-7.282091920353834,,960.3112144756836,False,False,False,,[]
210,210,211,True,1.0,1.0,210.0,211.0,210.0,211.0,211.0,0.0,15.0,15.0,85.27083093750002,0.5150071382522583,0.5150071382522583,0.0,1.0,0.5926283016429802,0.5926002070759783,0.9999762134949545,0.9499762058258057,0.9999761597331439,0.9999989447634606,0.9999989416076357,0.9999986806537532,0.9999986759511478,-1.8596050928012282,-7.282111766894302,,960.3111299811386,False,False,False,,[]
211,211,212,True,1.0,1.0,211.0,212.0,211.0,212.0,212.0,0.0,15.0,15.0,85.27083093750002,0.5150071382522583,0.5150071382522583,0.0,1.0,0.5926002070759783,0.592572112434244,0.9999761597331439,0.9499761462211609,0.9999761059711864,0.9999989416076357,0.9999989384518108,0.9999986759511478,0.9999986712485424,-1.8596050928012282,-7.2821311375224145,,960.311047507473,False,False,False,,[]
212,212,213,True,1.0,1.0,212.0,213.0,212.0,213.0,213.0,0.0,15.0,15.0,85.27083093750002,0.5150071978569031,0.5150071978569031,0.0,1.0,0.592572112434244,0.5925440177202662,0.9999761059711864,0.9499760866165161,0.9999760522090868,0.9999989384518108,0.9999989352959856,0.9999986712485424,0.9999986665459375,-1.8596050463422034,-7.282149863046485,,960.3109680968572,False,False,False,,[]
213,213,214,True,1.0,1.0,213.0,214.0,213.0,214.0,214.0,0.0,15.0,15.0,85.27083093750002,0.5150071978569031,0.5150071978569031,0.0,1.0,0.5925440177202662,0.5925159229350819,0.9999760522090868,0.9499760270118713,0.9999759984468473,0.9999989352959856,0.9999989321401604,0.9999986665459375,0.9999986618433326,-1.8596050463422034,-7.282168319760778,,960.3108895197662,False,False,False,,[]
214,214,215,True,1.0,1.0,214.0,215.0,214.0,215.0,215.0,0.0,15.0,15.0,85.27083093750002,0.5150071978569031,0.5150071978569031,0.0,1.0,0.5925159229350819,0.5924878280803836,0.9999759984468473,0.9499759674072266,0.999975944684471,0.9999989321401604,0.9999989289843353,0.9999986618433326,0.9999986571407278,-1.8596050463422034,-7.282186337799739,,960.3108128105895,False,False,False,,[]
215,215,216,True,1.0,1.0,215.0,216.0,215.0,216.0,216.0,0.0,15.0,15.0,85.27083093750002,0.5150072574615479,0.5150072574615479,0.0,1.0,0.5924878280803836,0.5924597331585203,0.999975944684471,0.9499759078025818,0.9999758909219627,0.9999989289843353,0.9999989258285099,0.9999986571407278,0.9999986524381235,-1.8596049998831754,-7.282203746963169,,960.3107389947057,False,False,False,,[]
216,216,217,True,1.0,1.0,216.0,217.0,216.0,217.0,217.0,0.0,15.0,15.0,85.27083093750002,0.5150072574615479,0.5150072574615479,0.0,1.0,0.5924597331585203,0.5924316381703931,0.9999758909219627,0.9499759078025818,0.9999758371593241,0.9999989258285099,0.9999989226726845,0.9999986524381235,0.9999986477355192,-1.8596049998831754,-7.282220922568909,,960.3106658766854,False,False,False,,[]
217,217,218,True,1.0,1.0,217.0,218.0,217.0,218.0,218.0,0.0,15.0,12.5,-298.50000239583346,0.5150072574615479,0.5150072574615479,0.0,1.0,0.5924316381703931,0.592466658188728,0.9999758371593241,0.949975848197937,0.9999757696893982,0.9999989226726845,0.9999989169054806,0.9999986477355192,0.9999986319756148,2.318427195417181,9.077188752390766,,1006.7917338947667,False,False,False,,[]
218,218,219,True,1.0,1.0,218.0,219.0,218.0,219.0,219.0,0.0,12.5,10.0,-299.07023351562515,0.5150072574615479,0.5150072574615479,0.0,1.0,0.592466658188728,0.5924952292945788,0.9999757696893982,0.9499757289886475,0.9999757149901881,0.9999989169054806,0.9999989120317148,0.9999986319756148,0.999998619056515,1.8915003286336813,7.405630636509937,,1005.3366478507683,False,False,False,,[]
219,219,220,True,1.0,1.0,219.0,220.0,219.0,220.0,220.0,0.0,10.0,6.66666985,-427.4599086929167,0.5150072574615479,0.5150072574615479,0.0,1.0,0.5924952292945788,0.5925209538061258,0.9999757149901881,0.9499757289886475,0.9999756658777214,0.9999989120317148,0.9999989020181037,0.999998619056515,0.9999986053785728,1.7030687393651616,6.667793392996519,,997.1299723635351,False,False,False,,[]
220,220,221,True,1.0,1.0,220.0,221.0,220.0,221.0,221.0,0.0,6.66666985,3.33299995,-427.97285562119487,0.5150073170661926,0.5150073170661926,0.0,1.0,0.5925209538061258,0.5925350427458203,0.9999756658777214,0.9499756693840027,0.9999756392839778,0.9999989020181037,0.9999988945396846,0.9999986053785728,0.9999985971622333,0.9327305522150686,3.6518531688137323,,995.7529213477927,False,False,False,,[]
221,221,222,True,1.0,1.0,221.0,222.0,221.0,222.0,222.0,0.0,3.33299995,0.0,-428.14650719332445,0.5150073170661926,0.5150073170661926,0.0,1.0,0.5925350427458203,0.5925397407203574,0.9999756392839778,0.9499756097793579,0.9999756304973544,0.9999988945396846,0.9999988920460339,0.9999985971622333,0.9999985944225257,0.31101549846354387,1.2177150000433534,,998.5879505949817,False,False,False,,[]
222,222,223,True,1.0,1.0,222.0,223.0,222.0,223.0,223.0,0.0,0.0,0.0,83.40462000000002,0.5150073170661926,0.5150073170661926,0.0,1.0,0.5925397407203574,0.5925397407203574,0.9999756304973544,0.9499756097793579,0.9999756304973544,0.9999988920460339,0.9999988920460339,0.9999985944225257,0.9999985944225257,-0.0,0.0,,1000.0,False,False,False,,[]
223,223,224,True,1.0,1.0,223.0,224.0,223.0,224.0,224.0,0.0,0.0,0.0,83.40462000000002,0.5150073170661926,0.5150073170661926,0.0,1.0,0.5925397407203574,0.5925397407203574,0.9999756304973544,0.9499756097793579,0.9999756304973544,0.9999988920460339,0.9999988920460339,0.9999985944225257,0.9999985944225257,-0.0,0.0,,1000.0,False,False,False,,[]
224,224,225,True,1.0,1.0,224.0,225.0,224.0,225.0,225.0,0.0,0.0,0.0,83.40462000000002,0.5150073170661926,0.5150073170661926,0.0,1.0,0.5925397407203574,0.5925397407203574,0.9999756304973544,0.9499756097793579,0.9999756304973544,0.9999988920460339,0.9999988920460339,0.9999985944225257,0.9999985944225257,-0.0,0.0,,1000.0,False,False,False,,[]
225,225,226,True,1.0,1.0,225.0,226.0,225.0,226.0,226.0,0.0,0.0,0.0,83.40462000000002,0.5150073170661926,0.5150073170661926,0.0,1.0,0.5925397407203574,0.5925397407203574,0.9999756304973544,0.9499756097793579,0.9999756304973544,0.9999988920460339,0.9999988920460339,0.9999985944225257,0.9999985944225257,-0.0,0.0,,1000.0,False,False,False,,[]
226,226,227,True,1.0,1.0,226.0,227.0,226.0,227.0,227.0,0.0,0.0,0.0,83.40462000000002,0.5150073170661926,0.5150073170661926,0.0,1.0,0.5925397407203574,0.5925397407203574,0.9999756304973544,0.9499756097793579,0.9999756304973544,0.9999988920460339,0.9999988920460339,0.9999985944225257,0.9999985944225257,-0.0,0.0,,1000.0,False,False,False,,[]
227,227,228,True,1.0,1.0,227.0,228.0,227.0,228.0,228.0,0.0,0.0,0.0,83.40462000000002,0.5150073170661926,0.5150073170661926,0.0,1.0,0.5925397407203574,0.5925397407203574,0.9999756304973544,0.9499756097793579,0.9999756304973544,0.9999988920460339,0.9999988920460339,0.9999985944225257,0.9999985944225257,-0.0,0.0,,1000.0,False,False,False,,[]
228,228,229,True,1.0,1.0,228.0,229.0,228.0,229.0,229.0,0.0,0.0,0.0,83.40462000000002,0.5150073170661926,0.5150073170661926,0.0,1.0,0.5925397407203574,0.5925397407203574,0.9999756304973544,0.9499756097793579,0.9999756304973544,0.9999988920460339,0.9999988920460339,0.9999985944225257,0.9999985944225257,-0.0,0.0,,1000.0,False,False,False,,[]
229,229,230,True,1.0,1.0,229.0,230.0,229.0,230.0,230.0,0.0,0.0,0.0,83.40462000000002,0.5150073170661926,0.5150073170661926,0.0,1.0,0.5925397407203574,0.5925397407203574,0.9999756304973544,0.9499756097793579,0.9999756304973544,0.9999988920460339,0.9999988920460339,0.9999985944225257,0.9999985944225257,-0.0,0.0,,1000.0,False,False,False,,[]
230,230,231,True,1.0,1.0,230.0,231.0,230.0,231.0,231.0,0.0,0.0,0.0,83.40462000000002,0.5150073170661926,0.5150073170661926,0.0,1.0,0.5925397407203574,0.5925397407203574,0.9999756304973544,0.9499756097793579,0.9999756304973544,0.9999988920460339,0.9999988920460339,0.9999985944225257,0.9999985944225257,-0.0,0.0,,1000.0,False,False,False,,[]
231,231,232,True,1.0,1.0,231.0,232.0,231.0,232.0,232.0,0.0,0.0,0.0,83.40462000000002,0.5150073170661926,0.5150073170661926,0.0,1.0,0.5925397407203574,0.5925397407203574,0.9999756304973544,0.9499756097793579,0.9999756304973544,0.9999988920460339,0.9999988920460339,0.9999985944225257,0.9999985944225257,-0.0,0.0,,1000.0,False,False,False,,[]
232,232,233,True,1.0,1.0,232.0,233.0,232.0,233.0,233.0,0.0,0.0,0.0,83.40462000000002,0.5150073170661926,0.5150073170661926,0.0,1.0,0.5925397407203574,0.5925397407203574,0.9999756304973544,0.9499756097793579,0.9999756304973544,0.9999988920460339,0.9999988920460339,0.9999985944225257,0.9999985944225257,-0.0,0.0,,1000.0,False,False,False,,[]
233,233,234,True,1.0,1.0,233.0,234.0,233.0,234.0,234.0,0.0,0.0,0.0,83.40462000000002,0.5150073170661926,0.5150073170661926,0.0,1.0,0.5925397407203574,0.5925397407203574,0.9999756304973544,0.9499756097793579,0.9999756304973544,0.9999988920460339,0.9999988920460339,0.9999985944225257,0.9999985944225257,-0.0,0.0,,1000.0,False,False,False,,[]
234,234,235,True,1.0,1.0,234.0,235.0,234.0,235.0,235.0,0.0,0.0,0.0,83.40462000000002,0.5150073170661926,0.5150073170661926,0.0,1.0,0.5925397407203574,0.5925397407203574,0.9999756304973544,0.9499756097793579,0.9999756304973544,0.9999988920460339,0.9999988920460339,0.9999985944225257,0.9999985944225257,-0.0,0.0,,1000.0,False,False,False,,[]
235,235,236,True,1.0,1.0,235.0,236.0,235.0,236.0,236.0,0.0,0.0,0.0,83.40462000000002,0.5150073170661926,0.5150073170661926,0.0,1.0,0.5925397407203574,0.5925397407203574,0.9999756304973544,0.9499756097793579,0.9999756304973544,0.9999988920460339,0.9999988920460339,0.9999985944225257,0.9999985944225257,-0.0,0.0,,1000.0,False,False,False,,[]
236,236,237,True,1.0,1.0,236.0,237.0,236.0,237.0,237.0,0.0,0.0,0.0,83.40462000000002,0.5150073170661926,0.5150073170661926,0.0,1.0,0.5925397407203574,0.5925397407203574,0.9999756304973544,0.9499756097793579,0.9999756304973544,0.9999988920460339,0.9999988920460339,0.9999985944225257,0.9999985944225257,-0.0,0.0,,1000.0,False,False,False,,[]
237,237,238,True,1.0,1.0,237.0,238.0,237.0,238.0,238.0,0.0,0.0,0.0,83.40462000000002,0.5150073170661926,0.5150073170661926,0.0,1.0,0.5925397407203574,0.5925397407203574,0.9999756304973544,0.9499756097793579,0.9999756304973544,0.9999988920460339,0.9999988920460339,0.9999985944225257,0.9999985944225257,-0.0,0.0,,1000.0,False,False,False,,[]
238,238,239,True,1.0,1.0,238.0,239.0,238.0,239.0,239.0,0.0,0.0,0.0,83.40462000000002,0.5150073170661926,0.5150073170661926,0.0,1.0,0.5925397407203574,0.5925397407203574,0.9999756304973544,0.9499756097793579,0.9999756304973544,0.9999988920460339,0.9999988920460339,0.9999985944225257,0.9999985944225257,-0.0,0.0,,1000.0,False,False,False,,[]
239,239,240,True,1.0,1.0,239.0,240.0,239.0,240.0,240.0,0.0,0.0,0.0,83.40462000000002,0.5150073170661926,0.5150073170661926,0.0,1.0,0.5925397407203574,0.5925397407203574,0.9999756304973544,0.9499756097793579,0.9999756304973544,0.9999988920460339,0.9999988920460339,0.9999985944225257,0.9999985944225257,-0.0,0.0,,1000.0,False,False,False,,[]
240,240,241,True,1.0,1.0,240.0,241.0,240.0,241.0,241.0,0.0,0.0,0.0,83.40462000000002,0.5150073170661926,0.5150073170661926,0.0,1.0,0.5925397407203574,0.5925397407203574,0.9999756304973544,0.9499756097793579,0.9999756304973544,0.9999988920460339,0.9999988920460339,0.9999985944225257,0.9999985944225257,-0.0,0.0,,1000.0,False,False,False,,[]
241,241,242,True,1.0,1.0,241.0,242.0,241.0,242.0,242.0,0.0,0.0,0.0,83.40462000000002,0.5150073170661926,0.5150073170661926,0.0,1.0,0.5925397407203574,0.5925397407203574,0.9999756304973544,0.9499756097793579,0.9999756304973544,0.9999988920460339,0.9999988920460339,0.9999985944225257,0.9999985944225257,-0.0,0.0,,1000.0,False,False,False,,[]
242,242,243,True,1.0,1.0,242.0,243.0,242.0,243.0,243.0,0.0,0.0,0.0,83.40462000000002,0.5150073170661926,0.5150073170661926,0.0,1.0,0.5925397407203574,0.5925397407203574,0.9999756304973544,0.9499756097793579,0.9999756304973544,0.9999988920460339,0.9999988920460339,0.9999985944225257,0.9999985944225257,-0.0,0.0,,1000.0,False,False,False,,[]
243,243,244,True,1.0,1.0,243.0,244.0,243.0,244.0,244.0,0.0,0.0,3.0,543.92962,0.5150073170661926,0.5150073170661926,0.0,1.0,0.5925397407203574,0.5925190875657772,0.9999756304973544,0.9499756097793579,0.9999755912621058,0.9999988920460339,0.9999988891945437,0.9999985944225257,0.9999985912896695,-1.3673444444444445,-5.353297667194247,,970.3452536747436,False,False,False,,[]
244,244,245,True,1.0,1.0,244.0,245.0,244.0,245.0,245.0,0.0,3.0,6.0,544.0042684375,0.5150073170661926,0.5150073170661926,0.0,1.0,0.5925190875657772,0.592457111255513,0.9999755912621058,0.9499755501747131,0.9999754686672829,0.9999988891945437,0.9999988806388992,0.9999985912896695,0.9999985818898112,-4.102596292892155,-16.064259620465705,,915.5905235660601,False,False,False,,[]
245,245,246,True,1.0,1.0,245.0,246.0,245.0,246.0,246.0,0.0,6.0,9.0,544.2282137500001,0.5150073766708374,0.5150073766708374,0.0,1.0,0.592457111255513,0.5923537591658953,0.9999754686672829,0.9499754309654236,0.9999752557825913,0.9999988806388992,0.99999886637362,0.9999985818898112,0.9999985662169333,-6.840475285947714,-26.788861628922003,,866.1167803235576,False,False,False,,[]
246,246,247,True,1.0,1.0,246.0,247.0,246.0,247.0,247.0,0.0,9.0,12.0,544.6014559374998,0.5150074362754822,0.5150074362754822,0.0,1.0,0.5923537591658953,0.5922412726658697,0.9999752557825913,0.9499752521514893,0.9999750220031123,0.99999886637362,0.9999988622950302,0.9999985662169333,0.9999985442598587,-7.44454415803391,-29.156500806645763,,860.6591817921344,False,False,False,,[]
247,247,248,True,1.0,1.0,247.0,248.0,247.0,248.0,248.0,0.0,12.0,15.0,545.1239950000004,0.515007495880127,0.515007495880127,0.0,1.0,0.5922412726658697,0.5920932588922361,0.9999750220031123,0.9499750137329102,0.9999747074861963,0.9999988622950302,0.9999988544001712,0.9999985442598587,0.9999985160022508,-9.794295808129869,-38.36517012581636,,822.6268908694511,False,False,False,,[]
248,248,249,True,1.0,1.0,248.0,249.0,248.0,249.0,249.0,0.0,15.0,15.0,85.27083093750002,0.5150076150894165,0.5150076150894165,0.0,1.0,0.5920932588922361,0.592065165140116,0.9999747074861963,0.9499747157096863,0.9999746537259879,0.9999988544001712,0.9999988512443445,0.9999985160022508,0.99999851129965,-1.859604721128932,-7.281900549521248,,960.3120318769918,False,False,False,,[]
249,249,250,True,1.0,1.0,249.0,250.0,249.0,250.0,250.0,0.0,15.0,15.0,85.27083093750002,0.5150076150894165,0.5150076150894165,0.0,1.0,0.592065165140116,0.592037071288553,0.9999746537259879,0.9499746561050415,0.999974599965584,0.9999988512443445,0.9999988480885178,0.99999851129965,0.9999985065970493,-1.859604721128932,-7.281926325132858,,960.3119221409014,False,False,False,,[]
250,250,251,True,1.0,1.0,250.0,251.0,250.0,251.0,251.0,0.0,15.0,18.39999962,607.1991059376664,0.5150076150894165,0.5150076150894165,0.0,1.0,0.592037071288553,0.5918826094190879,0.999974599965584,0.9499745965003967,0.99997427260767,0.9999988480885178,0.9999988407709685,0.9999985065970493,0.9999984907047137,-10.220130202867418,-40.03651656536396,,826.1680154725344,False,False,False,,[]
251,251,252,True,1.0,1.0,251.0,252.0,251.0,252.0,252.0,0.0,18.39999962,21.79999924,608.1410032175127,0.515007734298706,0.515007734298706,0.0,1.0,0.5918826094190879,0.5917071445782879,0.99997427260767,0.9499742388725281,0.9999739040176691,0.9999988407709685,0.9999988320524535,0.9999984907047137,0.99999848112593,-11.608389190913226,-45.48048673536373,,812.5977751669504,False,False,False,,[]
252,252,253,True,1.0,1.0,252.0,253.0,252.0,253.0,253.0,0.0,21.79999924,25.20000076,609.2749556619951,0.5150078535079956,0.5150078535079956,0.0,1.0,0.5917071445782879,0.591495819729613,0.9999739040176691,0.9499738812446594,0.9999734672557838,0.9999988320524535,0.9999988194233015,0.99999848112593,0.9999984670502841,-13.978340113607056,-54.77540077655183,,780.2102264876927,False,False,False,,[]
253,253,254,True,1.0,1.0,253.0,254.0,253.0,254.0,254.0,0.0,25.20000076,28.60000038,610.6000890678702,0.5150079727172852,0.5150079727172852,0.0,1.0,0.591495819729613,0.5912597761078975,0.9999734672557838,0.949973464012146,0.9999729852575167,0.9999988194233015,0.99999880754368,0.9999984670502841,0.999998454179086,-15.610969309342979,-61.18250674863967,,763.9452856347917,False,False,False,,[]
254,254,255,True,1.0,1.0,254.0,255.0,254.0,255.0,255.0,0.0,28.60000038,32.0,612.1172769512846,0.5150080919265747,0.5150080919265747,0.0,1.0,0.5912597761078975,0.5909917240469088,0.9999729852575167,0.9499729871749878,0.9999724469777718,0.99999880754368,0.9999987928764371,0.999998454179086,0.9999984396450248,-17.724568760752007,-69.47909420825414,,740.147888028719,False,False,False,,[]
255,255,256,True,1.0,1.0,255.0,256.0,255.0,256.0,256.0,0.0,32.0,32.0,91.89795333333335,0.515008270740509,0.515008270740509,0.0,1.0,0.5909917240469088,0.5909433590009212,0.9999724469777718,0.9499724507331848,0.9999723525727302,0.9999987928764371,0.9999987877678147,0.9999984396450248,0.9999984354697206,-3.1999734539124085,-12.536219919982637,,937.1285367987605,False,False,False,,[]
256,256,257,True,1.0,1.0,256.0,257.0,256.0,257.0,257.0,0.0,32.0,32.0,91.89795333333335,0.5150083303451538,0.5150083303451538,0.0,1.0,0.5909433590009212,0.5908949938564491,0.9999723525727302,0.9499723315238953,0.9999722581674874,0.9999987877678147,0.999998782659192,0.9999984354697206,0.9999984312944163,-3.1999734780684586,-12.536245447179336,,937.1284323392495,False,False,False,,[]
257,257,258,True,1.0,1.0,257.0,258.0,257.0,258.0,258.0,0.0,32.0,32.0,91.89795333333335,0.5150083303451538,0.5150083303451538,0.0,1.0,0.5908949938564491,0.5908466286157513,0.9999722581674874,0.9499722719192505,0.9999721637620478,0.999998782659192,0.9999987775505692,0.9999984312944163,0.9999984271191121,-3.1999734780684586,-12.536270388865903,,937.1283305558674,False,False,False,,[]
258,258,259,True,1.0,1.0,258.0,259.0,258.0,259.0,259.0,0.0,32.0,32.0,91.89795333333335,0.5150083303451538,0.5150083303451538,0.0,1.0,0.5908466286157513,0.5907982632806715,0.9999721637620478,0.9499721527099609,0.9999720693564152,0.9999987775505692,0.9999987724419465,0.9999984271191121,0.9999984229438079,-3.1999734780684586,-12.53629485269185,,937.1282307230113,False,False,False,,[]
259,259,260,True,1.0,1.0,259.0,260.0,259.0,260.0,260.0,0.0,32.0,32.0,91.89795333333335,0.5150083899497986,0.5150083899497986,0.0,1.0,0.5907982632806715,0.5907498978526393,0.9999720693564152,0.9499720335006714,0.9999719749505926,0.9999987724419465,0.9999987673333234,0.9999984229438079,0.9999984187685038,-3.199973502224494,-12.5363189459583,,937.1281322041947,False,False,False,,[]
260,260,261,True,1.0,1.0,260.0,261.0,260.0,261.0,261.0,0.0,32.0,32.0,91.89795333333335,0.5150083899497986,0.5150083899497986,0.0,1.0,0.5907498978526393,0.5907015323337671,0.9999719749505926,0.9499719738960266,0.9999718805445844,0.9999987673333234,0.9999987622247003,0.9999984187685038,0.9999984145931997,-3.199973502224494,-12.536342491675933,,937.1280361255509,False,False,False,,[]
261,261,262,True,1.0,1.0,261.0,262.0,261.0,262.0,262.0,0.0,32.0,32.0,91.89795333333335,0.5150084495544434,0.5150084495544434,0.0,1.0,0.5907015323337671,0.5906531667253908,0.9999718805445844,0.9499718546867371,0.9999717861383932,0.9999987622247003,0.9999987571160769,0.9999984145931997,0.9999984104178956,-3.199973526380517,-12.536365691139215,,937.127941161653,False,False,False,,[]
262,262,263,True,1.0,1.0,262.0,263.0,262.0,263.0,263.0,0.0,32.0,32.0,91.89795333333335,0.5150084495544434,0.5150084495544434,0.0,1.0,0.5906531667253908,0.5906048010295316,0.9999717861383932,0.9499717950820923,0.9999716917320232,0.9999987571160769,0.9999987520074535,0.9999984104178956,0.9999984062425915,-3.199973526380517,-12.536388366694126,,937.1278486260302,False,False,False,,[]
263,263,264,True,1.0,1.0,263.0,264.0,263.0,264.0,264.0,0.0,32.0,32.0,91.89795333333335,0.5150085091590881,0.5150085091590881,0.0,1.0,0.5906048010295316,0.5905564352474367,0.9999716917320232,0.9499716758728027,0.9999715973254768,0.9999987520074535,0.9999987468988298,0.9999984062425915,0.9999984020672874,-3.1999735505365265,-12.536410718993348,,937.1277572149992,False,False,False,,[]
264,264,265,True,1.0,1.0,264.0,265.0,264.0,265.0,265.0,0.0,32.0,32.0,91.89795333333335,0.5150085091590881,0.5150085091590881,0.0,1.0,0.5905564352474367,0.590508069381041,0.9999715973254768,0.9499715566635132,0.9999715029187581,0.9999987468988298,0.9999987417902062,0.9999984020672874,0.9999983978919833,-3.1999735505365265,-12.536432569773172,,937.1276680491345,False,False,False,,[]
265,265,266,True,1.0,1.0,265.0,266.0,265.0,266.0,266.0,0.0,32.0,32.0,91.89795333333335,0.5150085687637329,0.5150085687637329,0.0,1.0,0.590508069381041,0.5904597034315074,0.9999715029187581,0.9499714970588684,0.9999714085118695,0.9999987417902062,0.9999987366815822,0.9999983978919833,0.9999983937166792,-3.1999735746925224,-12.536454119085757,,937.127579817051,False,False,False,,[]
266,266,267,True,1.0,1.0,266.0,267.0,266.0,267.0,267.0,0.0,32.0,32.0,91.89795333333335,0.5150085687637329,0.5150085687637329,0.0,1.0,0.5904597034315074,0.5904113374006892,0.9999714085118695,0.9499713778495789,0.9999713141048147,0.9999987366815822,0.9999987315729583,0.9999983937166792,0.9999983895413751,-3.1999735746925224,-12.536475188085205,,937.1274938362744,False,False,False,,[]
267,267,268,True,1.0,1.0,267.0,268.0,267.0,268.0,268.0,0.0,32.0,32.0,91.89795333333335,0.5150086283683777,0.5150086283683777,0.0,1.0,0.5904113374006892,0.5903629712896697,0.9999713141048147,0.9499713182449341,0.9999712196975958,0.9999987315729583,0.999998726464334,0.9999983895413751,0.9999983853660711,-3.1999735988485054,-12.536495976241492,,937.1274088071201,False,False,False,,[]
268,268,269,True,1.0,1.0,268.0,269.0,268.0,269.0,269.0,0.0,32.0,32.0,91.89795333333335,0.5150086283683777,0.5150086283683777,0.0,1.0,0.5903629712896697,0.5903146051002247,0.9999712196975958,0.9499711990356445,0.9999711252902167,0.999998726464334,0.9999987213557097,0.9999983853660711,0.9999983811907671,-3.1999735988485054,-12.536516304154036,,937.1273258540621,False,False,False,,[]
269,269,270,True,1.0,1.0,269.0,270.0,269.0,270.0,270.0,0.0,32.0,32.0,91.89795333333335,0.5150086879730225,0.5150086879730225,0.0,1.0,0.5903146051002247,0.5902662388333622,0.9999711252902167,0.9499711394309998,0.9999710308826794,0.9999987213557097,0.999998716247085,0.9999983811907671,0.9999983770154631,-3.1999736230044755,-12.536536370761048,,937.1272436790737,False,False,False,,[]
270,270,271,True,1.0,1.0,270.0,271.0,270.0,271.0,271.0,0.0,32.0,32.0,91.89795333333335,0.5150086879730225,0.5150086879730225,0.0,1.0,0.5902662388333622,0.5902178724907845,0.9999710308826794,0.9499710202217102,0.9999709364749872,0.999998716247085,0.9999987111384604,0.9999983770154631,0.9999983728401591,-3.1999736230044755,-12.536555996134776,,937.1271635939274,False,False,False,,[]
271,271,272,True,1.0,1.0,271.0,272.0,271.0,272.0,272.0,0.0,32.0,32.0,91.89795333333335,0.5150087475776672,0.5150087475776672,0.0,1.0,0.5902178724907845,0.5901695060734284,0.9999709364749872,0.9499709010124207,0.9999708420671423,0.9999987111384604,0.9999987060298354,0.9999983728401591,0.9999983686648551,-3.199973647160432,-12.53657537870459,,937.1270842046566,False,False,False,,[]
272,272,273,True,1.0,1.0,272.0,273.0,272.0,273.0,273.0,0.0,32.0,32.0,91.89795333333335,0.5150087475776672,0.5150087475776672,0.0,1.0,0.5901695060734284,0.5901211395829268,0.9999708420671423,0.9499708414077759,0.9999707476591477,0.9999987060298354,0.9999987009212105,0.9999983686648551,0.9999983644895512,-3.199973647160432,-12.536594338043063,,937.1270068343434,False,False,False,,[]
273,273,274,True,1.0,1.0,273.0,274.0,273.0,274.0,274.0,0.0,32.0,32.0,91.89795333333335,0.515008807182312,0.515008807182312,0.0,1.0,0.5901211395829268,0.5900727730201487,0.9999707476591477,0.9499707221984863,0.9999706532510054,0.9999987009212105,0.9999986958125852,0.9999983644895512,0.9999983603142472,-3.1999736713163753,-12.536613072089063,,937.1269300908741,False,False,False,,[]
274,274,275,True,1.0,1.0,274.0,275.0,274.0,275.0,275.0,0.0,32.0,32.0,91.89795333333335,0.515008807182312,0.515008807182312,0.0,1.0,0.5900727730201487,0.5900244063866612,0.9999706532510054,0.9499706625938416,0.9999705588427186,0.9999986958125852,0.9999986907039599,0.9999983603142472,0.9999983561389432,-3.1999736713163753,-12.53663139995216,,937.126855298793,False,False,False,,[]
275,275,276,True,1.0,1.0,275.0,276.0,275.0,276.0,276.0,0.0,32.0,32.0,91.89795333333335,0.515008807182312,0.515008807182312,0.0,1.0,0.5900244063866612,0.5899760396836348,0.9999705588427186,0.949970543384552,0.9999704644342895,0.9999986907039599,0.9999986855953346,0.9999983561389432,0.9999983519636392,-3.1999736713163753,-12.536649424463937,,937.1267817394229,False,False,False,,[]
276,276,277,True,1.0,1.0,276.0,277.0,276.0,277.0,277.0,0.0,32.0,32.0,91.89795333333335,0.5150088667869568,0.5150088667869568,0.0,1.0,0.5899760396836348,0.5899276729118438,0.9999704644342895,0.9499704241752625,0.9999703700257199,0.9999986855953346,0.9999986804867089,0.9999983519636392,0.9999983477883352,-3.199973695472305,-12.536667248231344,,937.1267087138797,False,False,False,,[]
277,277,278,True,1.0,1.0,277.0,278.0,277.0,278.0,278.0,0.0,32.0,32.0,91.89795333333335,0.5150088667869568,0.5150088667869568,0.0,1.0,0.5899276729118438,0.5898793060727632,0.9999703700257199,0.9499703645706177,0.9999702756170127,0.9999986804867089,0.9999986753780833,0.9999983477883352,0.9999983436130312,-3.199973695472305,-12.53668468970384,,937.1266375393946,False,False,False,,[]
278,278,279,True,1.0,1.0,278.0,279.0,278.0,279.0,279.0,0.0,32.0,32.0,91.89795333333335,0.5150089263916016,0.5150089263916016,0.0,1.0,0.5898793060727632,0.5898309391671084,0.9999702756170127,0.9499702453613281,0.9999701812081694,0.9999986753780833,0.9999986702694573,0.9999983436130312,0.9999983394377273,-3.1999737196282214,-12.536701945724682,,937.126566924963,False,False,False,,[]
279,279,280,True,1.0,1.0,279.0,280.0,279.0,280.0,280.0,0.0,32.0,29.25,-330.2499633333336,0.5150089263916016,0.5150089263916016,0.0,1.0,0.5898309391671084,0.5899449574913237,0.9999701812081694,0.9499701857566833,0.9999699438897534,0.9999986702694573,0.99999865932225,0.9999983394377273,0.999998331471057,7.547343669412097,29.553549636607425,,1076.85817293855,False,False,False,,[]
280,280,281,True,1.0,1.0,280.0,281.0,280.0,281.0,281.0,0.0,29.25,26.5,-331.6470295768232,0.5150090456008911,0.5150090456008911,0.0,1.0,0.5899449574913237,0.5900413432430741,0.9999699438897534,0.9499699473381042,0.999969746702736,0.99999865932225,0.9999986459603658,0.999998331471057,0.9999983183035029,6.380263740004975,24.98318685369789,,1052.7840794981494,False,False,False,,[]
281,281,282,True,1.0,1.0,281.0,282.0,281.0,282.0,282.0,0.0,26.5,23.75,-332.91864497395807,0.5150091052055359,0.5150091052055359,0.0,1.0,0.5900413432430741,0.5901308528489932,0.999969746702736,0.9499697089195251,0.9999695648106721,0.9999986459603658,0.9999986363000942,0.9999983183035029,0.9999983064370445,5.9253262940026294,23.200889854229725,,1052.4030075032128,False,False,False,,[]
282,282,283,True,1.0,1.0,282.0,283.0,282.0,283.0,283.0,0.0,23.75,21.0,-334.06480952473987,0.5150091648101807,0.5150091648101807,0.0,1.0,0.5901308528489932,0.5902030203027677,0.9999695648106721,0.9499695301055908,0.9999694206265071,0.9999986363000942,0.9999986192478941,0.9999983064370445,0.999998295870542,4.777321812196351,18.705804018346104,,1031.0663749994358,False,False,False,,[]
283,283,284,True,1.0,1.0,283.0,284.0,283.0,284.0,284.0,0.0,21.0,18.25,-335.0855232291664,0.5150091648101807,0.5150091648101807,0.0,1.0,0.5902030203027677,0.5902794307661098,0.9999694206265071,0.9499694108963013,0.9999692673302023,0.9999986192478941,0.9999986145575067,0.999998295870542,0.9999982907173766,5.058502610286454,19.80559209826538,,1054.0043141708306,False,False,False,,[]
284,284,285,True,1.0,1.0,284.0,285.0,284.0,285.0,285.0,0.0,18.25,15.5,-335.98078608723984,0.5150092244148254,0.5150092244148254,0.0,1.0,0.5902794307661098,0.5903403544714925,0.9999692673302023,0.9499692320823669,0.99996914694156,0.9999986145575067,0.9999986099118092,0.9999982907173766,0.9999982807751308,4.03324630757351,15.791424435187839,,1035.5149504864012,False,False,False,,[]
285,285,286,True,1.0,1.0,285.0,286.0,285.0,286.0,286.0,0.0,15.5,12.75,-336.75059809895833,0.5150092840194702,0.5150092840194702,0.0,1.0,0.5903403544714925,0.5903809997790099,0.99996914694156,0.9499691128730774,0.9999690682017763,0.9999986099118092,0.9999986032907558,0.9999982807751308,0.9999982625108927,2.6907174645922955,10.535263708537778,,1007.9487216844128,False,False,False,,[]
286,286,287,True,1.0,1.0,286.0,287.0,286.0,287.0,287.0,0.0,12.75,10.0,-337.39495926432295,0.5150092840194702,0.5150092840194702,0.0,1.0,0.5903809997790099,0.5904145385846055,0.9999690682017763,0.9499690532684326,0.9999690036791326,0.9999986032907558,0.9999985987469963,0.9999982625108927,0.9999982477743801,2.2202824481680956,8.693258410370355,,1007.8676862242614,False,False,False,,[]
287,287,288,True,1.0,1.0,287.0,288.0,287.0,288.0,288.0,0.0,10.0,6.66666698,-427.4603492618334,0.5150092840194702,0.5150092840194702,0.0,1.0,0.5904145385846055,0.5904402645671997,0.9999690036791326,0.9499689936637878,0.9999689545637866,0.9999985987469963,0.9999985887333492,0.9999982477743801,0.9999982340964833,1.70307153943333,6.668174688404671,,997.1311580992827,False,False,False,,[]
288,288,289,True,1.0,1.0,288.0,289.0,288.0,289.0,289.0,0.0,6.66666698,3.33333325,-427.92125104217246,0.515009343624115,0.515009343624115,0.0,1.0,0.5904402645671997,0.5904543530421844,0.9999689545637866,0.9499689340591431,0.9999689279709324,0.9999985887333492,0.9999985812555554,0.9999982340964833,0.9999982258808974,0.932648901927454,3.65173271603222,,995.7539159623994,False,False,False,,[]
289,289,290,True,1.0,1.0,289.0,290.0,289.0,290.0,290.0,0.0,3.33333325,0.0,-428.1976530918764,0.515009343624115,0.515009343624115,0.0,1.0,0.5904543530421844,0.5904590522996265,0.9999689279709324,0.9499689340591431,0.9999689191818986,0.9999985812555554,0.9999985787613476,0.9999982258808974,0.9999982231406,0.3110837572896537,1.2180475289873753,,998.5878458952906,False,False,False,,[]
290,290,291,True,1.0,1.0,290.0,291.0,290.0,291.0,291.0,0.0,0.0,0.0,83.40462000000002,0.515009343624115,0.515009343624115,0.0,1.0,0.5904590522996265,0.5904590522996265,0.9999689191818986,0.9499689340591431,0.9999689191818986,0.9999985787613476,0.9999985787613476,0.9999982231406,0.9999982231406,-0.0,0.0,,1000.0,False,False,False,,[]
291,291,292,True,1.0,1.0,291.0,292.0,291.0,292.0,292.0,0.0,0.0,0.0,83.40462000000002,0.515009343624115,0.515009343624115,0.0,1.0,0.5904590522996265,0.5904590522996265,0.9999689191818986,0.9499689340591431,0.9999689191818986,0.9999985787613476,0.9999985787613476,0.9999982231406,0.9999982231406,-0.0,0.0,,1000.0,False,False,False,,[]
292,292,293,True,1.0,1.0,292.0,293.0,292.0,293.0,293.0,0.0,0.0,0.0,83.40462000000002,0.515009343624115,0.515009343624115,0.0,1.0,0.5904590522996265,0.5904590522996265,0.9999689191818986,0.9499689340591431,0.9999689191818986,0.9999985787613476,0.9999985787613476,0.9999982231406,0.9999982231406,-0.0,0.0,,1000.0,False,False,False,,[]
293,293,294,True,1.0,1.0,293.0,294.0,293.0,294.0,294.0,0.0,0.0,0.0,83.40462000000002,0.515009343624115,0.515009343624115,0.0,1.0,0.5904590522996265,0.5904590522996265,0.9999689191818986,0.9499689340591431,0.9999689191818986,0.9999985787613476,0.9999985787613476,0.9999982231406,0.9999982231406,-0.0,0.0,,1000.0,False,False,False,,[]
294,294,295,True,1.0,1.0,294.0,295.0,294.0,295.0,295.0,0.0,0.0,0.0,83.40462000000002,0.515009343624115,0.515009343624115,0.0,1.0,0.5904590522996265,0.5904590522996265,0.9999689191818986,0.9499689340591431,0.9999689191818986,0.9999985787613476,0.9999985787613476,0.9999982231406,0.9999982231406,-0.0,0.0,,1000.0,False,False,False,,[]
295,295,296,True,1.0,1.0,295.0,296.0,295.0,296.0,296.0,0.0,0.0,0.0,83.40462000000002,0.515009343624115,0.515009343624115,0.0,1.0,0.5904590522996265,0.5904590522996265,0.9999689191818986,0.9499689340591431,0.9999689191818986,0.9999985787613476,0.9999985787613476,0.9999982231406,0.9999982231406,-0.0,0.0,,1000.0,False,False,False,,[]
296,296,297,True,1.0,1.0,296.0,297.0,296.0,297.0,297.0,0.0,0.0,0.0,83.40462000000002,0.515009343624115,0.515009343624115,0.0,1.0,0.5904590522996265,0.5904590522996265,0.9999689191818986,0.9499689340591431,0.9999689191818986,0.9999985787613476,0.9999985787613476,0.9999982231406,0.9999982231406,-0.0,0.0,,1000.0,False,False,False,,[]
297,297,298,True,1.0,1.0,297.0,298.0,297.0,298.0,298.0,0.0,0.0,0.0,83.40462000000002,0.515009343624115,0.515009343624115,0.0,1.0,0.5904590522996265,0.5904590522996265,0.9999689191818986,0.9499689340591431,0.9999689191818986,0.9999985787613476,0.9999985787613476,0.9999982231406,0.9999982231406,-0.0,0.0,,1000.0,False,False,False,,[]
298,298,299,True,1.0,1.0,298.0,299.0,298.0,299.0,299.0,0.0,0.0,0.0,83.40462000000002,0.515009343624115,0.515009343624115,0.0,1.0,0.5904590522996265,0.5904590522996265,0.9999689191818986,0.9499689340591431,0.9999689191818986,0.9999985787613476,0.9999985787613476,0.9999982231406,0.9999982231406,-0.0,0.0,,1000.0,False,False,False,,[]
299,299,300,True,1.0,1.0,299.0,300.0,299.0,300.0,300.0,0.0,0.0,0.0,83.40462000000002,0.515009343624115,0.515009343624115,0.0,1.0,0.5904590522996265,0.5904590522996265,0.9999689191818986,0.9499689340591431,0.9999689191818986,0.9999985787613476,0.9999985787613476,0.9999982231406,0.9999982231406,-0.0,0.0,,1000.0,False,False,False,,[]
300,300,301,True,1.0,1.0,300.0,301.0,300.0,301.0,301.0,0.0,0.0,0.0,83.40462000000002,0.515009343624115,0.515009343624115,0.0,1.0,0.5904590522996265,0.5904590522996265,0.9999689191818986,0.9499689340591431,0.9999689191818986,0.9999985787613476,0.9999985787613476,0.9999982231406,0.9999982231406,-0.0,0.0,,1000.0,False,False,False,,[]
301,301,302,True,1.0,1.0,301.0,302.0,301.0,302.0,302.0,0.0,0.0,0.0,83.40462000000002,0.515009343624115,0.515009343624115,0.0,1.0,0.5904590522996265,0.5904590522996265,0.9999689191818986,0.9499689340591431,0.9999689191818986,0.9999985787613476,0.9999985787613476,0.9999982231406,0.9999982231406,-0.0,0.0,,1000.0,False,False,False,,[]
302,302,303,True,1.0,1.0,302.0,303.0,302.0,303.0,303.0,0.0,0.0,0.0,83.40462000000002,0.515009343624115,0.515009343624115,0.0,1.0,0.5904590522996265,0.5904590522996265,0.9999689191818986,0.9499689340591431,0.9999689191818986,0.9999985787613476,0.9999985787613476,0.9999982231406,0.9999982231406,-0.0,0.0,,1000.0,False,False,False,,[]
303,303,304,True,1.0,1.0,303.0,304.0,303.0,304.0,304.0,0.0,0.0,0.0,83.40462000000002,0.515009343624115,0.515009343624115,0.0,1.0,0.5904590522996265,0.5904590522996265,0.9999689191818986,0.9499689340591431,0.9999689191818986,0.9999985787613476,0.9999985787613476,0.9999982231406,0.9999982231406,-0.0,0.0,,1000.0,False,False,False,,[]
304,304,305,True,1.0,1.0,304.0,305.0,304.0,305.0,305.0,0.0,0.0,0.0,83.40462000000002,0.515009343624115,0.515009343624115,0.0,1.0,0.5904590522996265,0.5904590522996265,0.9999689191818986,0.9499689340591431,0.9999689191818986,0.9999985787613476,0.9999985787613476,0.9999982231406,0.9999982231406,-0.0,0.0,,1000.0,False,False,False,,[]
305,305,306,True,1.0,1.0,305.0,306.0,305.0,306.0,306.0,0.0,0.0,0.0,83.40462000000002,0.515009343624115,0.515009343624115,0.0,1.0,0.5904590522996265,0.5904590522996265,0.9999689191818986,0.9499689340591431,0.9999689191818986,0.9999985787613476,0.9999985787613476,0.9999982231406,0.9999982231406,-0.0,0.0,,1000.0,False,False,False,,[]
306,306,307,True,1.0,1.0,306.0,307.0,306.0,307.0,307.0,0.0,0.0,0.0,83.40462000000002,0.515009343624115,0.515009343624115,0.0,1.0,0.5904590522996265,0.5904590522996265,0.9999689191818986,0.9499689340591431,0.9999689191818986,0.9999985787613476,0.9999985787613476,0.9999982231406,0.9999982231406,-0.0,0.0,,1000.0,False,False,False,,[]
307,307,308,True,1.0,1.0,307.0,308.0,307.0,308.0,308.0,0.0,0.0,0.0,83.40462000000002,0.515009343624115,0.515009343624115,0.0,1.0,0.5904590522996265,0.5904590522996265,0.9999689191818986,0.9499689340591431,0.9999689191818986,0.9999985787613476,0.9999985787613476,0.9999982231406,0.9999982231406,-0.0,0.0,,1000.0,False,False,False,,[]
308,308,309,True,1.0,1.0,308.0,309.0,308.0,309.0,309.0,0.0,0.0,0.0,83.40462000000002,0.515009343624115,0.515009343624115,0.0,1.0,0.5904590522996265,0.5904590522996265,0.9999689191818986,0.9499689340591431,0.9999689191818986,0.9999985787613476,0.9999985787613476,0.9999982231406,0.9999982231406,-0.0,0.0,,1000.0,False,False,False,,[]
309,309,310,True,1.0,1.0,309.0,310.0,309.0,310.0,310.0,0.0,0.0,0.0,83.40462000000002,0.515009343624115,0.515009343624115,0.0,1.0,0.5904590522996265,0.5904590522996265,0.9999689191818986,0.9499689340591431,0.9999689191818986,0.9999985787613476,0.9999985787613476,0.9999982231406,0.9999982231406,-0.0,0.0,,1000.0,False,False,False,,[]
310,310,311,True,1.0,1.0,310.0,311.0,310.0,311.0,311.0,0.0,0.0,0.0,83.40462000000002,0.515009343624115,0.515009343624115,0.0,1.0,0.5904590522996265,0.5904590522996265,0.9999689191818986,0.9499689340591431,0.9999689191818986,0.9999985787613476,0.9999985787613476,0.9999982231406,0.9999982231406,-0.0,0.0,,1000.0,False,False,False,,[]
311,311,312,True,1.0,1.0,311.0,312.0,311.0,312.0,312.0,0.0,0.0,3.0,543.92962,0.515009343624115,0.515009343624115,0.0,1.0,0.5904590522996265,0.590438398336202,0.9999689191818986,0.9499689340591431,0.9999688799450823,0.9999985787613476,0.9999985759098462,0.9999982231406,0.999998220007757,-1.3673444444444445,-5.35350731961297,,970.3443462655305,False,False,False,,[]
312,312,313,True,1.0,1.0,312.0,313.0,312.0,313.0,313.0,0.0,3.0,6.0,544.0042684375,0.515009343624115,0.515009343624115,0.0,1.0,0.590438398336202,0.5903764196269995,0.9999688799450823,0.9499688744544983,0.9999687573452265,0.9999985759098462,0.999998567354168,0.999998220007757,0.9999982106079379,-4.102596292892155,-16.06488142530243,,915.5880953574118,False,False,False,,[]
313,313,314,True,1.0,1.0,313.0,314.0,313.0,314.0,314.0,0.0,6.0,9.0,544.2282137500001,0.5150094032287598,0.5150094032287598,0.0,1.0,0.5903764196269995,0.5902730635808587,0.9999687573452265,0.9499687552452087,0.9999685444515611,0.999998567354168,0.9999985530888327,0.9999982106079379,0.9999981949351255,-6.840475285947714,-26.78988715968081,,866.1131461458787,False,False,False,,[]
314,314,315,True,1.0,1.0,314.0,315.0,314.0,315.0,315.0,0.0,9.0,12.0,544.6014559374998,0.5150094628334045,0.5150094628334045,0.0,1.0,0.5902730635808587,0.5901605729472342,0.9999685444515611,0.9499685168266296,0.999968310662546,0.9999985530888327,0.9999985490102268,0.9999981949351255,0.9999981729781426,-7.4445357422770835,-29.157572235462684,,860.6554695388013,False,False,False,,[]
315,315,316,True,1.0,1.0,315.0,316.0,315.0,316.0,316.0,0.0,12.0,15.0,545.1239950000004,0.5150095224380493,0.5150095224380493,0.0,1.0,0.5901605729472342,0.5900125537794506,0.999968310662546,0.9499682784080505,0.9999679961348531,0.9999985490102268,0.9999985411153403,0.9999981729781426,0.9999981447206528,-9.794285516063058,-38.366568289504706,,822.6225726049847,False,False,False,,[]
316,316,317,True,1.0,1.0,316.0,317.0,316.0,317.0,317.0,0.0,15.0,15.0,85.27083093750002,0.5150095820426941,0.5150095820426941,0.0,1.0,0.5900125537794506,0.5899844590082032,0.9999679961348531,0.9499679803848267,0.999967942372641,0.9999985411153403,0.9999985379595066,0.9999981447206528,0.9999981400180714,-1.859603187978263,-7.282164707343173,,960.3109186206998,False,False,False,,[]
317,317,318,True,1.0,1.0,317.0,318.0,317.0,318.0,318.0,0.0,15.0,15.0,85.27083093750002,0.5150096416473389,0.5150096416473389,0.0,1.0,0.5899844590082032,0.5899563641497926,0.999967942372641,0.9499679207801819,0.9999678886102574,0.9999985379595066,0.9999985348036726,0.9999981400180714,0.9999981353154905,-1.8596031415190906,-7.282187300016711,,960.3108227380899,False,False,False,,[]
318,318,319,True,1.0,1.0,318.0,319.0,318.0,319.0,319.0,0.0,15.0,17.22220039,426.39710913908345,0.5150096416473389,0.5150096416473389,0.0,1.0,0.5899563641497926,0.5898442652660584,0.9999678886102574,0.9499678611755371,0.9999676557246824,0.9999985348036726,0.9999985299038174,0.9999981353154905,0.9999981192595397,-7.4178590407771585,-29.056030663897005,,864.7951223874438,False,False,False,,[]
319,319,320,True,1.0,1.0,319.0,320.0,319.0,320.0,320.0,0.0,17.22220039,19.44440079,426.99101518791775,0.5150097012519836,0.5150097012519836,0.0,1.0,0.5898442652660584,0.5897254299720938,0.9999676557246824,0.949967622756958,0.9999674072118885,0.9999985299038174,0.9999985192569643,0.9999981192595397,0.9999981131252023,-7.863155333109022,-30.802108195638496,,861.7214807770509,False,False,False,,[]
320,320,321,True,1.0,1.0,320.0,321.0,320.0,321.0,321.0,0.0,19.44440079,21.66659927,427.6665420835615,0.5150097608566284,0.5150097608566284,0.0,1.0,0.5897254299720938,0.5895992527247023,0.9999674072118885,0.9499673843383789,0.9999671414433118,0.9999985192569643,0.9999985129868246,0.9999981131252023,0.9999981062364346,-8.348432686257024,-32.70514252387289,,857.6969202675473,False,False,False,,[]
321,321,322,True,1.0,1.0,321.0,322.0,321.0,322.0,322.0,0.0,21.66659927,23.88879967,428.4245748765282,0.515009880065918,0.515009880065918,0.0,1.0,0.5895992527247023,0.5894437143715939,0.9999671414433118,0.9499671459197998,0.9999668119498348,0.9999985129868246,0.9999984986499195,0.9999981062364346,0.9999980931552788,-10.289704168556577,-40.315541125684994,,822.4321583709093,False,False,False,,[]
322,322,323,True,1.0,1.0,322.0,323.0,322.0,323.0,323.0,0.0,23.88879967,26.11100006,429.2642291331187,0.5150099396705627,0.5150099396705627,0.0,1.0,0.5894437143715939,0.589279115300457,0.9999668119498348,0.9499667882919312,0.9999664645757562,0.9999984986499195,0.9999984877172028,0.9999980931552788,0.9999980786295077,-10.888225654454816,-42.66407923871208,,816.4631853809906,False,False,False,,[]
323,323,324,True,1.0,1.0,323.0,324.0,323.0,324.0,324.0,0.0,26.11100006,28.33320045,430.18580203586635,0.5150100588798523,0.5150100588798523,0.0,1.0,0.589279115300457,0.5891002138731473,0.9999664645757562,0.9499664306640625,0.9999660893282637,0.9999984877172028,0.9999984741203157,0.9999980786295077,0.9999980653428875,-11.833130371284737,-46.37124995868604,,804.3048429304995,False,False,False,,[]
324,324,325,True,1.0,1.0,324.0,325.0,324.0,325.0,325.0,0.0,28.33320045,30.55540085,431.18929358836357,0.5150101780891418,0.5150101780891418,0.0,1.0,0.5891002138731473,0.5889150732286464,0.9999660893282637,0.9499660730361938,0.9999657020597326,0.9999984741203157,0.9999984626724511,0.9999980653428875,0.9999980553939418,-12.24482992562651,-47.98845505460335,,803.0423690984968,False,False,False,,[]
325,325,326,True,1.0,1.0,325.0,326.0,325.0,326.0,326.0,0.0,30.55540085,32.77759933,432.2744059895129,0.5150102972984314,0.5150102972984314,0.0,1.0,0.5889150732286464,0.5887106900901914,0.9999657020597326,0.9499657154083252,0.9999652782653791,0.9999984626724511,0.9999984489116728,0.9999980553939418,0.999998041740208,-13.515836834684272,-52.97610948755135,,784.8202663964513,False,False,False,,[]
326,326,327,True,1.0,1.0,326.0,327.0,326.0,327.0,327.0,0.0,32.77759933,35.0,433.47276704801527,0.515010416507721,0.515010416507721,0.0,1.0,0.5887106900901914,0.5884910439874541,0.9999652782653791,0.949965238571167,0.9999648261093403,0.9999984489116728,0.9999984374315602,0.999998041740208,0.9999980231554343,-14.52348598971686,-56.93226982949975,,772.2445469236549,False,False,False,,[]
327,327,328,True,1.0,1.0,327.0,328.0,327.0,328.0,328.0,0.0,35.0,35.0,93.56510177083334,0.5150105357170105,0.5150105357170105,0.0,1.0,0.5884910439874541,0.5884368501745236,0.9999648261093403,0.9499648213386536,0.9999647197220669,0.9999984374315602,0.9999984310747665,0.9999980231554343,0.9999980192039228,-3.585020933869362,-14.047036311592915,,930.110695915708,False,False,False,,[]
328,328,329,True,1.0,1.0,328.0,329.0,328.0,329.0,329.0,0.0,35.0,35.0,93.56510177083334,0.5150105953216553,0.5150105953216553,0.0,1.0,0.5884368501745236,0.5883826562956854,0.9999647197220669,0.949964702129364,0.9999646133346572,0.9999984310747665,0.9999984247179722,0.9999980192039228,0.9999980152524112,-3.5850210014260147,-14.047053394869357,,930.1106264413794,False,False,False,,[]
329,329,330,True,1.0,1.0,329.0,330.0,329.0,330.0,330.0,0.0,35.0,36.875,381.3932267708337,0.5150105953216553,0.5150105953216553,0.0,1.0,0.5883826562956854,0.588185672923223,0.9999646133346572,0.9499645829200745,0.9999642034868461,0.9999984247179722,0.9999984148307457,0.9999980152524112,0.999998004511817,-13.024925213719428,-51.0580901422486,,794.5361501702097,False,False,False,,[]
330,330,331,True,1.0,1.0,330.0,331.0,330.0,331.0,331.0,0.0,36.875,38.75,382.5110093636071,0.5150107741355896,0.5150107741355896,0.0,1.0,0.588185672923223,0.5879775980669968,0.9999642034868461,0.949964165687561,0.9999637727820667,0.9999984148307457,0.9999984042359208,0.999998004511817,0.9999979931777273,-13.756989757518069,-53.933002733818896,,785.5001395170037,False,False,False,,[]
331,331,332,True,1.0,1.0,331.0,332.0,331.0,332.0,332.0,0.0,38.75,40.625,383.68711104817646,0.5150108933448792,0.5150108933448792,0.0,1.0,0.5879775980669968,0.5877582955644737,0.9999637727820667,0.9499637484550476,0.9999633212583939,0.9999984042359208,0.9999983928951648,0.9999979931777273,0.9999979812450428,-14.497863313571777,-56.84320865399635,,776.5613227525724,False,False,False,,[]
332,332,333,True,1.0,1.0,332.0,333.0,332.0,333.0,333.0,0.0,40.625,42.5,384.9215318245446,0.5150110125541687,0.5150110125541687,0.0,1.0,0.5877582955644737,0.5875275674272761,0.9999633212583939,0.9499633312225342,0.99996284886114,0.9999983928951648,0.9999983807215198,0.9999979812450428,0.9999979687084083,-15.251619484169296,-59.804733161629905,,767.6493277145844,False,False,False,,[]
333,333,334,True,1.0,1.0,333.0,334.0,333.0,334.0,334.0,0.0,42.5,44.375,386.2142716927087,0.5150111317634583,0.5150111317634583,0.0,1.0,0.5875275674272761,0.5872851866714369,0.99996284886114,0.949962854385376,0.9999623555094032,0.9999983807215198,0.9999983676084033,0.9999979687084083,0.9999979555622114,-16.02016070581939,-62.825091913518996,,758.7395934635772,False,False,False,,[]
334,334,335,True,1.0,1.0,334.0,335.0,334.0,335.0,335.0,0.0,44.375,46.25,387.56533065266865,0.5150113105773926,0.5150113105773926,0.0,1.0,0.5872851866714369,0.5870300743506238,0.9999623555094032,0.949962317943573,0.9999618396593422,0.9999983676084033,0.9999983533610688,0.9999979555622114,0.9999979410562991,-16.859731980078717,-66.12511355475975,,748.8109404393006,False,False,False,,[]
335,335,336,True,1.0,1.0,335.0,336.0,335.0,336.0,336.0,0.0,46.25,48.125,388.9747087044274,0.5150114297866821,0.5150114297866821,0.0,1.0,0.5870300743506238,0.5867621035847034,0.9999618396593422,0.9499618411064148,0.9999613015191133,0.9999983533610688,0.999998337651116,0.9999979410562991,0.9999979255724664,-17.70742685843777,-69.45802252658034,,739.1100043657336,False,False,False,,[]
336,336,337,True,1.0,1.0,336.0,337.0,336.0,337.0,337.0,0.0,48.125,50.0,390.4424058479821,0.5150116086006165,0.5150116086006165,0.0,1.0,0.5867621035847034,0.5864828572089461,0.9999613015191133,0.9499613046646118,0.9999607442001778,0.999998337651116,0.9999983220610631,0.9999979255724664,0.9999979089079595,-18.450368814901257,-72.38066059627151,,731.4043217117529,False,False,False,,[]
337,337,338,True,1.0,1.0,337.0,338.0,337.0,338.0,338.0,0.0,50.0,50.0,104.14029708333334,0.5150117874145508,0.5150117874145508,0.0,1.0,0.5864828572089461,0.5863945129025728,0.9999607442001778,0.9499607086181641,0.9999605648806502,0.9999983220610631,0.9999983139921789,0.9999979089079595,0.9999978983496225,-5.84011077852026,-22.898844211963002,,888.9651578804283,False,False,False,,[]
338,338,339,True,1.0,1.0,338.0,339.0,338.0,339.0,339.0,0.0,50.0,50.0,104.14029708333334,0.5150118470191956,0.5150118470191956,0.0,1.0,0.5863945129025728,0.5863061685383393,0.9999605648806502,0.9499605298042297,0.999960385560995,0.9999983139921789,0.9999983059232941,0.9999978983496225,0.9999978877912864,-5.840110767771915,-22.8988592093381,,888.9651023293534,False,False,False,,[]
339,339,340,True,1.0,1.0,339.0,340.0,339.0,340.0,340.0,0.0,50.0,50.0,104.14029708333334,0.5150119066238403,0.5150119066238403,0.0,1.0,0.5863061685383393,0.5862178241151617,0.999960385560995,0.9499603509902954,0.9999602062412098,0.9999983059232941,0.9999982978544087,0.9999978877912864,0.9999978772329511,-5.840110757023552,-22.89887448763429,,888.9650456585941,False,False,False,,[]
340,340,341,True,1.0,1.0,340.0,341.0,340.0,341.0,341.0,0.0,50.0,50.0,104.14029708333334,0.5150119662284851,0.5150119662284851,0.0,1.0,0.5862178241151617,0.5861294796319882,0.9999602062412098,0.9499601721763611,0.9999600269212924,0.9999982978544087,0.9999982897855229,0.9999978772329511,0.9999978666746167,-5.840110746275173,-22.89889003855427,,888.964988051432,False,False,False,,[]
341,341,342,True,1.0,1.0,341.0,342.0,341.0,342.0,342.0,0.0,50.0,50.0,104.14029708333334,0.5150120258331299,0.5150120258331299,0.0,1.0,0.5861294796319882,0.5860411350877983,0.9999600269212924,0.9499599933624268,0.9999598476012403,0.9999982897855229,0.9999982817166364,0.9999978666746167,0.999997856116283,-5.840110735526777,-22.898905854020768,,888.9649293744205,False,False,False,,[]
342,342,343,True,1.0,1.0,342.0,343.0,342.0,343.0,343.0,0.0,50.0,50.0,104.14029708333334,0.5150120258331299,0.5150120258331299,0.0,1.0,0.5860411350877983,0.585952790481439,0.9999598476012403,0.9499598145484924,0.9999596682810512,0.9999982817166364,0.99999827364775,0.999997856116283,0.9999978455579493,-5.840110735526777,-22.898921968332374,,888.9648694090967,False,False,False,,[]
343,343,344,True,1.0,1.0,343.0,344.0,343.0,344.0,344.0,0.0,50.0,50.0,104.14029708333334,0.5150120854377747,0.5150120854377747,0.0,1.0,0.585952790481439,0.5858644458121121,0.9999596682810512,0.9499596357345581,0.9999594889607232,0.99999827364775,0.9999982655788628,0.9999978455579493,0.9999978349996166,-5.840110724778365,-22.898938289531102,,888.9648088480513,False,False,False,,[]
344,344,345,True,1.0,1.0,344.0,345.0,344.0,345.0,345.0,0.0,50.0,50.0,104.14029708333334,0.5150121450424194,0.5150121450424194,0.0,1.0,0.5858644458121121,0.5857761010788854,0.9999594889607232,0.9499594569206238,0.9999593096402543,0.9999982655788628,0.9999982575099752,0.9999978349996166,0.9999978244412846,-5.840110714029934,-22.898954852337283,,888.9647473925427,False,False,False,,[]
345,345,346,True,1.0,1.0,345.0,346.0,345.0,346.0,346.0,0.0,50.0,50.0,104.14029708333334,0.5150122046470642,0.5150122046470642,0.0,1.0,0.5857761010788854,0.5856877562808549,0.9999593096402543,0.9499592781066895,0.9999591303196425,0.9999982575099752,0.999998249441087,0.9999978244412846,0.9999978138829535,-5.840110703281487,-22.898971649512546,,888.9646851522414,False,False,False,,[]
346,346,347,True,1.0,1.0,346.0,347.0,346.0,347.0,347.0,0.0,50.0,50.0,104.14029708333334,0.515012264251709,0.515012264251709,0.0,1.0,0.5856877562808549,0.5855994114171434,0.9999591303196425,0.9499590992927551,0.9999589509988858,0.999998249441087,0.9999982413721982,0.9999978138829535,0.9999978033246233,-5.840110692533023,-22.89898867400648,,888.9646220609948,False,False,False,,[]
347,347,348,True,1.0,1.0,347.0,348.0,347.0,348.0,348.0,0.0,50.0,50.0,104.14029708333334,0.5150123238563538,0.5150123238563538,0.0,1.0,0.5855994114171434,0.5855110664869004,0.9999589509988858,0.9499589204788208,0.9999587716779824,0.9999982413721982,0.9999982333033088,0.9999978033246233,0.9999977927662939,-5.840110681784543,-22.899005918979526,,888.9645580694075,False,False,False,,[]
348,348,349,True,1.0,1.0,348.0,349.0,348.0,349.0,349.0,0.0,50.0,50.0,104.14029708333334,0.5150123834609985,0.5150123834609985,0.0,1.0,0.5855110664869004,0.5854227214893011,0.9999587716779824,0.9499587416648865,0.9999585923569305,0.9999982333033088,0.9999982252344188,0.9999977927662939,0.9999977822079653,-5.8401106710360455,-22.899023377757175,,888.9644932768854,False,False,False,,[]
349,349,350,True,1.0,1.0,349.0,350.0,349.0,350.0,350.0,0.0,50.0,48.125,-183.68782791666698,0.5150124430656433,0.5150124430656433,0.0,1.0,0.5854227214893011,0.5855182695457307,0.9999585923569305,0.9499585628509521,0.9999583970438021,0.9999982252344188,0.999998214549784,0.9999977822079653,0.9999977685326159,6.31992873504092,24.766056226555534,,1054.4705304131116,False,False,False,,[]
350,350,351,True,1.0,1.0,350.0,351.0,350.0,351.0,351.0,0.0,48.125,46.25,-185.21384415201854,0.5150125026702881,0.5150125026702881,0.0,1.0,0.5855182695457307,0.5856114549325129,0.9999583970438021,0.9499583840370178,0.99995820700005,0.999998214549784,0.9999982042573882,0.9999977685326159,0.999997755855358,6.164107030722433,24.153652253936976,,1053.9755173756585,False,False,False,,[]
351,351,352,True,1.0,1.0,351.0,352.0,351.0,352.0,352.0,0.0,46.25,44.375,-186.68154129557226,0.5150125622749329,0.5150125622749329,0.0,1.0,0.5856114549325129,0.5857007127334722,0.99995820700005,0.9499582052230835,0.9999580256643523,0.9999982042573882,0.9999981941366844,0.999997755855358,0.9999977426102228,5.9046881851298965,23.135622008662576,,1050.1536499485758,False,False,False,,[]
352,352,353,True,1.0,1.0,352.0,353.0,352.0,353.0,353.0,0.0,44.375,42.5,-188.09091934733104,0.5150126218795776,0.5150126218795776,0.0,1.0,0.5857007127334722,0.5857864412870222,0.9999580256643523,0.9499580264091492,0.9999578520989345,0.9999981941366844,0.9999981840897361,0.9999977426102228,0.9999977295385845,5.6715730985828685,22.22084108014557,,1047.3983633398905,False,False,False,,[]
353,353,354,True,1.0,1.0,353.0,354.0,353.0,354.0,354.0,0.0,42.5,40.625,-189.44197830729198,0.5150126218795776,0.5150126218795776,0.0,1.0,0.5857864412870222,0.5858660460135684,0.9999578520989345,0.9499578475952148,0.9999576918943976,0.9999981840897361,0.999998174154593,0.9999977295385845,0.999997713473739,5.2667051313229845,20.633545120781786,,1039.052026846881,False,False,False,,[]
354,354,355,True,1.0,1.0,354.0,355.0,354.0,355.0,355.0,0.0,40.625,38.75,-190.73471817545507,0.5150126814842224,0.5150126814842224,0.0,1.0,0.5858660460135684,0.5859499749559098,0.9999576918943976,0.9499576687812805,0.9999575222713445,0.999998174154593,0.999998164385683,0.999997713473739,0.9999977075419035,5.553237667220876,21.754381854904178,,1054.0361004069528,False,False,False,,[]
355,355,356,True,1.0,1.0,355.0,356.0,355.0,356.0,356.0,0.0,38.75,36.875,-191.96913895182323,0.5150127410888672,0.5150127410888672,0.0,1.0,0.5859499749559098,0.5860301033904093,0.9999575222713445,0.9499574899673462,0.999957360930207,0.999998164385683,0.9999981546443211,0.9999977075419035,0.9999977018537363,5.3020571949618205,20.76929022227007,,1051.0437191234723,False,False,False,,[]
356,356,357,True,1.0,1.0,356.0,357.0,356.0,357.0,357.0,0.0,36.875,35.0,-193.14524063639354,0.515012800693512,0.515012800693512,0.0,1.0,0.5860301033904093,0.5861049740595292,0.999957360930207,0.9499573707580566,0.9999572109491616,0.9999981546443211,0.9999981434554962,0.9999977018537363,0.999997696414507,4.95437842612699,19.406477435895354,,1045.1991244239148,False,False,False,,[]
357,357,358,True,1.0,1.0,357.0,358.0,357.0,358.0,358.0,0.0,35.0,35.0,93.56510177083334,0.5150128602981567,0.5150128602981567,0.0,1.0,0.5861049740595292,0.5860507782299027,0.9999572109491616,0.9499571919441223,0.9999571045577192,0.9999981434554962,0.9999981370986796,0.999997696414507,0.9999976924629868,-3.585023568569029,-14.047559039203216,,930.108563238908,False,False,False,,[]
358,358,359,True,1.0,1.0,358.0,359.0,358.0,359.0,359.0,0.0,35.0,35.0,93.56510177083334,0.5150128602981567,0.5150128602981567,0.0,1.0,0.5860507782299027,0.5859965823450767,0.9999571045577192,0.9499570727348328,0.9999569981661629,0.9999981370986796,0.999998130741863,0.9999976924629868,0.9999976885114665,-3.585023568569029,-14.047573346893445,,930.1085056218229,False,False,False,,[]
359,359,360,True,1.0,1.0,359.0,360.0,359.0,360.0,360.0,0.0,35.0,35.0,93.56510177083334,0.5150129199028015,0.5150129199028015,0.0,1.0,0.5859965823450767,0.5859423864046431,0.9999569981661629,0.949957013130188,0.9999568917744915,0.999998130741863,0.9999981243850457,0.9999976885114665,0.999997684559946,-3.5850236361251673,-14.04758776036286,,930.1084467009262,False,False,False,,[]
360,360,361,True,1.0,1.0,360.0,361.0,360.0,361.0,361.0,0.0,35.0,35.0,93.56510177083334,0.5150129199028015,0.5150129199028015,0.0,1.0,0.5859423864046431,0.5858881904102212,0.9999568917744915,0.9499568939208984,0.9999567853827086,0.9999981243850457,0.9999981180282284,0.999997684559946,0.9999976806084254,-3.5850236361251673,-14.047601754149062,,930.108390342917,False,False,False,,[]
361,361,362,True,1.0,1.0,361.0,362.0,361.0,362.0,362.0,0.0,35.0,35.0,93.56510177083334,0.5150129795074463,0.5150129795074463,0.0,1.0,0.5858881904102212,0.5858339943613721,0.9999567853827086,0.9499567747116089,0.9999566789908132,0.9999981180282284,0.9999981116714105,0.9999976806084254,0.9999976766569046,-3.5850237036812924,-14.047615861686278,,930.1083328560911,False,False,False,,[]
362,362,363,True,1.0,1.0,362.0,363.0,362.0,363.0,363.0,0.0,35.0,35.0,93.56510177083334,0.5150129795074463,0.5150129795074463,0.0,1.0,0.5858339943613721,0.5857797982596851,0.9999566789908132,0.9499566555023193,0.9999565725988085,0.9999981116714105,0.9999981053145927,0.9999976766569046,0.9999976727053839,-3.5850237036812924,-14.047629557282907,,930.1082776951114,False,False,False,,[]
363,363,364,True,1.0,1.0,363.0,364.0,363.0,364.0,364.0,0.0,35.0,35.0,93.56510177083334,0.5150130391120911,0.5150130391120911,0.0,1.0,0.5857797982596851,0.585725602104692,0.9999565725988085,0.9499565362930298,0.9999564662066937,0.9999981053145927,0.9999980989577743,0.9999976727053839,0.9999976687538629,-3.585023771237404,-14.047643374180641,,930.1082213703545,False,False,False,,[]
364,364,365,True,1.0,1.0,364.0,365.0,364.0,365.0,365.0,0.0,35.0,35.0,93.56510177083334,0.5150130391120911,0.5150130391120911,0.0,1.0,0.585725602104692,0.5856714058979541,0.9999564662066937,0.949956476688385,0.9999563598144718,0.9999980989577743,0.9999980926009558,0.9999976687538629,0.9999976648023419,-3.585023771237404,-14.047656786490757,,930.1081673565558,False,False,False,,[]
365,365,366,True,1.0,1.0,365.0,366.0,365.0,366.0,366.0,0.0,35.0,35.0,93.56510177083334,0.5150130987167358,0.5150130987167358,0.0,1.0,0.5856714058979541,0.5856172096389756,0.9999563598144718,0.9499563574790955,0.999956253422142,0.9999980926009558,0.9999980862441368,0.9999976648023419,0.9999976608508206,-3.5850238387935023,-14.047670327244077,,930.1081120496065,False,False,False,,[]
366,366,367,True,1.0,1.0,366.0,367.0,366.0,367.0,367.0,0.0,35.0,35.0,93.56510177083334,0.5150130987167358,0.5150130987167358,0.0,1.0,0.5856172096389756,0.5855630133292905,0.999956253422142,0.9499562382698059,0.9999561470297074,0.9999980862441368,0.9999980798873177,0.9999976608508206,0.9999976568992994,-3.5850238387935023,-14.047683470363932,,930.1080591166206,False,False,False,,[]
367,367,368,True,1.0,1.0,367.0,368.0,367.0,368.0,368.0,0.0,35.0,35.0,93.56510177083334,0.5150131583213806,0.5150131583213806,0.0,1.0,0.5855630133292905,0.5855088169683773,0.9999561470297074,0.9499561190605164,0.9999560406371668,0.9999980798873177,0.9999980735304981,0.9999976568992994,0.999997652947778,-3.5850239063495883,-14.047696748693193,,930.1080049640549,False,False,False,,[]
368,368,369,True,1.0,1.0,368.0,369.0,368.0,369.0,369.0,0.0,35.0,35.0,93.56510177083334,0.5150132179260254,0.5150132179260254,0.0,1.0,0.5855088169683773,0.5854546205567233,0.9999560406371668,0.9499559998512268,0.9999559342445213,0.9999980735304981,0.9999980671736779,0.999997652947778,0.9999976489962563,-3.5850239739056606,-14.047709900733796,,930.1079513194802,False,False,False,,[]
369,369,370,True,1.0,1.0,369.0,370.0,369.0,370.0,370.0,0.0,35.0,35.0,93.56510177083334,0.5150132179260254,0.5150132179260254,0.0,1.0,0.5854546205567233,0.5854004240958248,0.9999559342445213,0.949955940246582,0.9999558278517742,0.9999980671736779,0.9999980608168577,0.9999976489962563,0.9999976450447347,-3.5850239739056606,-14.047722664882244,,930.1078999203587,False,False,False,,[]
370,370,371,True,1.0,1.0,370.0,371.0,370.0,371.0,371.0,0.0,35.0,33.5,-136.69739822916634,0.5150132775306702,0.5150132775306702,0.0,1.0,0.5854004240958248,0.5854502188930835,0.9999558278517742,0.9499558210372925,0.9999557305199215,0.9999980608168577,0.9999980525107788,0.9999976450447347,0.999997641375919,3.2949352815448303,12.906811449437878,,1028.898377931395,False,False,False,,[]
371,371,372,True,1.0,1.0,371.0,372.0,371.0,372.0,372.0,0.0,33.5,32.0,-137.5496345572913,0.5150132775306702,0.5150132775306702,0.0,1.0,0.5854502188930835,0.5854960794233935,0.9999557305199215,0.9499557018280029,0.9999556412225663,0.9999980525107788,0.9999980443876786,0.999997641375919,0.9999976354362101,3.034704328700044,11.887049456365988,,1023.403169101862,False,False,False,,[]
372,372,373,True,1.0,1.0,372.0,373.0,372.0,373.0,373.0,0.0,32.0,28.8571434,-390.55672523833323,0.5150133371353149,0.5150133371353149,0.0,1.0,0.5854960794233935,0.5856300845494324,0.9999556412225663,0.9499556422233582,0.9999553567962894,0.9999980443876786,0.9999980315149303,0.9999976354362101,0.9999976261236153,8.87028644270074,34.73412866928848,,1090.9612450861785,False,False,False,,[]
373,373,374,True,1.0,1.0,373.0,374.0,373.0,374.0,374.0,0.0,28.8571434,25.7142849,-392.14342289430266,0.5150133967399597,0.5150133967399597,0.0,1.0,0.5856300845494324,0.5857436432849452,0.9999553567962894,0.9499553442001343,0.9999551205407086,0.9999980315149303,0.9999980178814181,0.9999976261236153,0.9999976112484774,7.516978173334424,29.434424244899006,,1065.4444198741949,False,False,False,,[]
374,374,375,True,1.0,1.0,374.0,375.0,374.0,375.0,375.0,0.0,25.7142849,22.5714283,-393.5656839190104,0.5150134563446045,0.5150134563446045,0.0,1.0,0.5857436432849452,0.5858471290411946,0.9999551205407086,0.9499551057815552,0.9999549073528152,0.9999980178814181,0.9999980046151704,0.9999976112484774,0.9999976027031896,6.850451184960531,26.82350801985154,,1064.2321931812512,False,False,False,,[]
375,375,376,True,1.0,1.0,375.0,376.0,375.0,376.0,376.0,0.0,22.5714283,19.4285717,-394.82438158996354,0.5150135159492493,0.5150135159492493,0.0,1.0,0.5858471290411946,0.5859421545293849,0.9999549073528152,0.9499548673629761,0.9999547132071618,0.9999980046151704,0.9999979987013202,0.9999976027031896,0.9999975945555388,6.290628329461731,24.630606538935243,,1065.5862155318528,False,False,False,,[]
376,376,377,True,1.0,1.0,376.0,377.0,376.0,377.0,377.0,0.0,19.4285717,16.2857151,-395.9192251508541,0.515013575553894,0.515013575553894,0.0,1.0,0.5859421545293849,0.586019940145571,0.9999547132071618,0.9499546885490417,0.9999545569419187,0.9999979987013202,0.9999979903325837,0.9999975945555388,0.9999975874308427,5.149370921379271,20.162031715450038,,1048.9499404716767,False,False,False,,[]
377,377,378,True,1.0,1.0,377.0,378.0,377.0,378.0,378.0,0.0,16.2857151,13.14285755,-396.85036043459894,0.5150136351585388,0.5150136351585388,0.0,1.0,0.586019940145571,0.5860735344859576,0.9999545569419187,0.9499545693397522,0.9999544517931452,0.9999979903325837,0.9999979861676016,0.9999975874308427,0.9999975650092318,3.5478180315290127,13.891653028197895,,1016.7694462995354,False,False,False,,[]
378,378,379,True,1.0,1.0,378.0,379.0,378.0,379.0,379.0,0.0,13.14285755,10.0,-397.61749598248434,0.5150136947631836,0.5150136947631836,0.0,1.0,0.5860735344859576,0.5861134175222976,0.9999544517931452,0.9499544501304626,0.999954374587659,0.9999979861676016,0.9999979803697413,0.9999975650092318,0.9999975473426207,2.640142315100694,10.337683019331177,,1008.7743356666066,False,False,False,,[]
379,379,380,True,1.0,1.0,379.0,380.0,379.0,380.0,380.0,0.0,10.0,6.66666651,-427.46042141075003,0.5150136947631836,0.5150136947631836,0.0,1.0,0.5861134175222976,0.5861391452480542,0.999954374587659,0.9499543905258179,0.9999543254689014,0.9999979803697413,0.9999979703560284,0.9999975473426207,0.9999975336648463,1.7030743792324643,6.668626516098782,,997.1326083565721,False,False,False,,[]
380,380,381,True,1.0,1.0,380.0,381.0,380.0,381.0,381.0,0.0,6.66666651,3.33333325,-427.92117894523324,0.5150136947631836,0.5150136947631836,0.0,1.0,0.5861391452480542,0.5861532346432732,0.9999543254689014,0.9499543309211731,0.9999542988742862,0.9999979703560284,0.999997962878173,0.9999975336648463,0.9999975254493358,0.9326487009586055,3.65197124076824,,995.7546674488583,False,False,False,,[]
381,381,382,True,1.0,1.0,381.0,382.0,381.0,382.0,382.0,0.0,3.33333325,0.0,-428.1976530918764,0.5150136947631836,0.5150136947631836,0.0,1.0,0.5861532346432732,0.5861579342060973,0.9999542988742862,0.9499542713165283,0.9999542900846786,0.999997962878173,0.9999979603839441,0.9999975254493358,0.9999975227090631,0.3110837572896537,1.2181266840028206,,998.5880966331084,False,False,False,,[]
382,382,383,True,1.0,1.0,382.0,383.0,382.0,383.0,383.0,0.0,0.0,0.0,83.40462000000002,0.5150136947631836,0.5150136947631836,0.0,1.0,0.5861579342060973,0.5861579342060973,0.9999542900846786,0.9499542713165283,0.9999542900846786,0.9999979603839441,0.9999979603839441,0.9999975227090631,0.9999975227090631,-0.0,0.0,,1000.0,False,False,False,,[]
383,383,384,True,1.0,1.0,383.0,384.0,383.0,384.0,384.0,0.0,0.0,0.0,83.40462000000002,0.5150136947631836,0.5150136947631836,0.0,1.0,0.5861579342060973,0.5861579342060973,0.9999542900846786,0.9499542713165283,0.9999542900846786,0.9999979603839441,0.9999979603839441,0.9999975227090631,0.9999975227090631,-0.0,0.0,,1000.0,False,False,False,,[]
384,384,385,True,1.0,1.0,384.0,385.0,384.0,385.0,385.0,0.0,0.0,0.0,83.40462000000002,0.5150136947631836,0.5150136947631836,0.0,1.0,0.5861579342060973,0.5861579342060973,0.9999542900846786,0.9499542713165283,0.9999542900846786,0.9999979603839441,0.9999979603839441,0.9999975227090631,0.9999975227090631,-0.0,0.0,,1000.0,False,False,False,,[]
385,385,386,True,1.0,1.0,385.0,386.0,385.0,386.0,386.0,0.0,0.0,0.0,83.40462000000002,0.5150136947631836,0.5150136947631836,0.0,1.0,0.5861579342060973,0.5861579342060973,0.9999542900846786,0.9499542713165283,0.9999542900846786,0.9999979603839441,0.9999979603839441,0.9999975227090631,0.9999975227090631,-0.0,0.0,,1000.0,False,False,False,,[]
386,386,387,True,1.0,1.0,386.0,387.0,386.0,387.0,387.0,0.0,0.0,0.0,83.40462000000002,0.5150136947631836,0.5150136947631836,0.0,1.0,0.5861579342060973,0.5861579342060973,0.9999542900846786,0.9499542713165283,0.9999542900846786,0.9999979603839441,0.9999979603839441,0.9999975227090631,0.9999975227090631,-0.0,0.0,,1000.0,False,False,False,,[]
387,387,388,True,1.0,1.0,387.0,388.0,387.0,388.0,388.0,0.0,0.0,0.0,83.40462000000002,0.5150136947631836,0.5150136947631836,0.0,1.0,0.5861579342060973,0.5861579342060973,0.9999542900846786,0.9499542713165283,0.9999542900846786,0.9999979603839441,0.9999979603839441,0.9999975227090631,0.9999975227090631,-0.0,0.0,,1000.0,False,False,False,,[]
388,388,389,True,1.0,1.0,388.0,389.0,388.0,389.0,389.0,0.0,0.0,0.0,83.40462000000002,0.5150136947631836,0.5150136947631836,0.0,1.0,0.5861579342060973,0.5861579342060973,0.9999542900846786,0.9499542713165283,0.9999542900846786,0.9999979603839441,0.9999979603839441,0.9999975227090631,0.9999975227090631,-0.0,0.0,,1000.0,False,False,False,,[]
389,389,390,True,1.0,1.0,389.0,390.0,389.0,390.0,390.0,0.0,0.0,0.0,83.40462000000002,0.5150136947631836,0.5150136947631836,0.0,1.0,0.5861579342060973,0.5861579342060973,0.9999542900846786,0.9499542713165283,0.9999542900846786,0.9999979603839441,0.9999979603839441,0.9999975227090631,0.9999975227090631,-0.0,0.0,,1000.0,False,False,False,,[]
390,390,391,True,1.0,1.0,390.0,391.0,390.0,391.0,391.0,0.0,0.0,0.0,83.40462000000002,0.5150136947631836,0.5150136947631836,0.0,1.0,0.5861579342060973,0.5861579342060973,0.9999542900846786,0.9499542713165283,0.9999542900846786,0.9999979603839441,0.9999979603839441,0.9999975227090631,0.9999975227090631,-0.0,0.0,,1000.0,False,False,False,,[]
391,391,392,True,1.0,1.0,391.0,392.0,391.0,392.0,392.0,0.0,0.0,0.0,83.40462000000002,0.5150136947631836,0.5150136947631836,0.0,1.0,0.5861579342060973,0.5861579342060973,0.9999542900846786,0.9499542713165283,0.9999542900846786,0.9999979603839441,0.9999979603839441,0.9999975227090631,0.9999975227090631,-0.0,0.0,,1000.0,False,False,False,,[]
392,392,393,True,1.0,1.0,392.0,393.0,392.0,393.0,393.0,0.0,0.0,0.0,83.40462000000002,0.5150136947631836,0.5150136947631836,0.0,1.0,0.5861579342060973,0.5861579342060973,0.9999542900846786,0.9499542713165283,0.9999542900846786,0.9999979603839441,0.9999979603839441,0.9999975227090631,0.9999975227090631,-0.0,0.0,,1000.0,False,False,False,,[]
393,393,394,True,1.0,1.0,393.0,394.0,393.0,394.0,394.0,0.0,0.0,0.0,83.40462000000002,0.5150136947631836,0.5150136947631836,0.0,1.0,0.5861579342060973,0.5861579342060973,0.9999542900846786,0.9499542713165283,0.9999542900846786,0.9999979603839441,0.9999979603839441,0.9999975227090631,0.9999975227090631,-0.0,0.0,,1000.0,False,False,False,,[]
394,394,395,True,1.0,1.0,394.0,395.0,394.0,395.0,395.0,0.0,0.0,0.0,83.40462000000002,0.5150136947631836,0.5150136947631836,0.0,1.0,0.5861579342060973,0.5861579342060973,0.9999542900846786,0.9499542713165283,0.9999542900846786,0.9999979603839441,0.9999979603839441,0.9999975227090631,0.9999975227090631,-0.0,0.0,,1000.0,False,False,False,,[]
395,395,396,True,1.0,1.0,395.0,396.0,395.0,396.0,396.0,0.0,0.0,0.0,83.40462000000002,0.5150136947631836,0.5150136947631836,0.0,1.0,0.5861579342060973,0.5861579342060973,0.9999542900846786,0.9499542713165283,0.9999542900846786,0.9999979603839441,0.9999979603839441,0.9999975227090631,0.9999975227090631,-0.0,0.0,,1000.0,False,False,False,,[]
396,396,397,True,1.0,1.0,396.0,397.0,396.0,397.0,397.0,0.0,0.0,0.0,83.40462000000002,0.5150136947631836,0.5150136947631836,0.0,1.0,0.5861579342060973,0.5861579342060973,0.9999542900846786,0.9499542713165283,0.9999542900846786,0.9999979603839441,0.9999979603839441,0.9999975227090631,0.9999975227090631,-0.0,0.0,,1000.0,False,False,False,,[]
397,397,398,True,1.0,1.0,397.0,398.0,397.0,398.0,398.0,0.0,0.0,0.0,83.40462000000002,0.5150136947631836,0.5150136947631836,0.0,1.0,0.5861579342060973,0.5861579342060973,0.9999542900846786,0.9499542713165283,0.9999542900846786,0.9999979603839441,0.9999979603839441,0.9999975227090631,0.9999975227090631,-0.0,0.0,,1000.0,False,False,False,,[]
398,398,399,True,1.0,1.0,398.0,399.0,398.0,399.0,399.0,0.0,0.0,0.0,83.40462000000002,0.5150136947631836,0.5150136947631836,0.0,1.0,0.5861579342060973,0.5861579342060973,0.9999542900846786,0.9499542713165283,0.9999542900846786,0.9999979603839441,0.9999979603839441,0.9999975227090631,0.9999975227090631,-0.0,0.0,,1000.0,False,False,False,,[]
399,399,400,True,1.0,1.0,399.0,400.0,399.0,400.0,400.0,0.0,0.0,0.0,83.40462000000002,0.5150136947631836,0.5150136947631836,0.0,1.0,0.5861579342060973,0.5861579342060973,0.9999542900846786,0.9499542713165283,0.9999542900846786,0.9999979603839441,0.9999979603839441,0.9999975227090631,0.9999975227090631,-0.0,0.0,,1000.0,False,False,False,,[]
400,400,401,True,1.0,1.0,400.0,401.0,400.0,401.0,401.0,0.0,0.0,3.75,659.0608700000001,0.5150136947631836,0.5150136947631836,0.0,1.0,0.5861579342060973,0.5861266487819226,0.9999542900846786,0.9499542713165283,0.9999542300296682,0.9999979603839441,0.9999979560650745,0.9999975227090631,0.9999975179641575,-2.0709554738562095,-8.109181946103432,,955.6988654294813,False,False,False,,[]
401,401,402,True,1.0,1.0,401.0,402.0,401.0,402.0,402.0,0.0,3.75,7.5,659.1775081835939,0.5150137543678284,0.5150137543678284,0.0,1.0,0.5861266487819226,0.5860327566541214,0.9999542300296682,0.9499542117118835,0.9999540384121423,0.9999979560650745,0.9999979431061713,0.9999975179641575,0.9999975037269232,-6.213965951956956,-24.336839526074893,,877.000644021429,False,False,False,,[]
402,402,403,True,1.0,1.0,402.0,403.0,402.0,403.0,403.0,0.0,7.5,11.25,659.5274227343749,0.5150138139724731,0.5150138139724731,0.0,1.0,0.5860327566541214,0.5859053993720836,0.9999540384121423,0.9499540328979492,0.9999537698481965,0.9999979431061713,0.9999979342859102,0.9999975037269232,0.9999974799856064,-8.427579725619006,-33.01100750416338,,842.619523971147,False,False,False,,[]
403,403,404,True,1.0,1.0,403.0,404.0,403.0,404.0,404.0,0.0,11.25,15.0,660.110613652344,0.5150138735771179,0.5150138735771179,0.0,1.0,0.5859053993720836,0.5857349148472168,0.9999537698481965,0.9499537348747253,0.9999534109513649,0.9999979342859102,0.9999979281062672,0.9999974799856064,0.9999974467183761,-11.279360605359077,-44.189588845463575,,802.6834791696566,False,False,False,,[]
404,404,405,True,1.0,1.0,404.0,405.0,404.0,405.0,405.0,0.0,15.0,15.0,85.27083093750002,0.5150139927864075,0.5150139927864075,0.0,1.0,0.5857349148472168,0.5857068182763526,0.9999534109513649,0.9499533772468567,0.9999533571856144,0.9999979281062672,0.9999979249504177,0.9999974467183761,0.999997442015838,-1.8595997499897179,-7.282631168013979,,960.3089581052792,False,False,False,,[]
405,405,406,True,1.0,1.0,405.0,406.0,405.0,406.0,406.0,0.0,15.0,15.0,85.27083093750002,0.5150139927864075,0.5150139927864075,0.0,1.0,0.5857068182763526,0.5856787216316451,0.9999533571856144,0.9499533176422119,0.9999533034197187,0.9999979249504177,0.9999979217945683,0.999997442015838,0.9999974373132998,-1.8595997499897179,-7.282650308183285,,960.3088766156922,False,False,False,,[]
406,406,407,True,1.0,1.0,406.0,407.0,406.0,407.0,407.0,0.0,15.0,15.0,85.27083093750002,0.5150139927864075,0.5150139927864075,0.0,1.0,0.5856787216316451,0.5856506249149206,0.9999533034197187,0.9499533176422119,0.9999532496536813,0.9999979217945683,0.9999979186387188,0.9999974373132998,0.9999974326107617,-1.8595997499897179,-7.282668975016525,,960.308797137862,False,False,False,,[]
407,407,408,True,1.0,1.0,407.0,408.0,407.0,408.0,408.0,0.0,15.0,15.0,85.27083093750002,0.5150140523910522,0.5150140523910522,0.0,1.0,0.5856506249149206,0.585622528128658,0.9999532496536813,0.9499532580375671,0.9999531958875072,0.9999979186387188,0.9999979154828691,0.9999974326107617,0.9999974279082241,-1.8595997035302776,-7.2826869992578365,,960.3087207140564,False,False,False,,[]
408,408,409,True,1.0,1.0,408.0,409.0,408.0,409.0,409.0,0.0,15.0,15.0,85.27083093750002,0.5150140523910522,0.5150140523910522,0.0,1.0,0.585622528128658,0.5855944312738848,0.9999531958875072,0.9499531984329224,0.9999531421211983,0.9999979154828691,0.9999979123270194,0.9999974279082241,0.9999974232056865,-1.8595997035302776,-7.282704757219819,,960.3086451046252,False,False,False,,[]
409,409,410,True,1.0,1.0,409.0,410.0,409.0,410.0,410.0,0.0,15.0,15.0,85.27083093750002,0.5150140523910522,0.5150140523910522,0.0,1.0,0.5855944312738848,0.5855663343522838,0.9999531421211983,0.9499531388282776,0.9999530883547582,0.9999979123270194,0.9999979091711697,0.9999974232056865,0.9999974185031489,-1.8595997035302776,-7.282722078977325,,960.3085713645316,False,False,False,,[]
410,410,411,True,1.0,1.0,410.0,411.0,410.0,411.0,411.0,0.0,15.0,15.0,85.27083093750002,0.5150140523910522,0.5150140523910522,0.0,1.0,0.5855663343522838,0.5855382373654927,0.9999530883547582,0.9499530792236328,0.9999530345881897,0.9999979091711697,0.99999790601532,0.9999974185031489,0.9999974138006114,-1.8595997035302776,-7.282738976242847,,960.3084994213897,False,False,False,,[]
411,411,412,True,1.0,1.0,411.0,412.0,411.0,412.0,412.0,0.0,15.0,15.0,85.27083093750002,0.515014111995697,0.515014111995697,0.0,1.0,0.5855382373654927,0.5855101403158073,0.9999530345881897,0.949953019618988,0.9999529808214977,0.99999790601532,0.9999979028594701,0.9999974138006114,0.9999974090980744,-1.8595996570708335,-7.282755278463209,,960.3084304349012,False,False,False,,[]
412,412,413,True,1.0,1.0,412.0,413.0,412.0,413.0,413.0,0.0,15.0,12.5,-298.50000239583346,0.515014111995697,0.515014111995697,0.0,1.0,0.5855101403158073,0.5855451631110934,0.9999529808214977,0.9499529600143433,0.9999529133460384,0.9999979028594701,0.9999978970921942,0.9999974090980744,0.9999973933383928,2.31843454376722,9.07790853817357,,1006.794140646774,False,False,False,,[]
413,413,414,True,1.0,1.0,413.0,414.0,413.0,414.0,414.0,0.0,12.5,10.0,-299.07023351562515,0.515014111995697,0.515014111995697,0.0,1.0,0.5855451631110934,0.5855737365528515,0.9999529133460384,0.9499529004096985,0.9999528586422314,0.9999978970921942,0.9999978922184494,0.9999973933383928,0.9999973804194756,1.8915112846733815,7.406236103713765,,1005.3387499362793,False,False,False,,[]
414,414,415,True,1.0,1.0,414.0,415.0,414.0,415.0,415.0,0.0,10.0,6.66666985,-427.4599086929167,0.5150141716003418,0.5150141716003418,0.0,1.0,0.5855737365528515,0.58559946307539,0.9999528586422314,0.9499528408050537,0.9999528095258287,0.9999978922184494,0.9999978822047366,0.9999973804194756,0.9999973667417283,1.703072775835332,6.668314641994892,,997.1316732152306,False,False,False,,[]
415,415,416,True,1.0,1.0,415.0,416.0,415.0,416.0,416.0,0.0,6.66666985,3.33299995,-427.97285562119487,0.5150141716003418,0.5150141716003418,0.0,1.0,0.58559946307539,0.5856135530809352,0.9999528095258287,0.9499527812004089,0.9999527829300455,0.9999978822047366,0.999997874726218,0.9999973667417283,0.999997358525505,0.9327305522150687,3.6521294373139956,,995.7537924469166,False,False,False,,[]
416,416,417,True,1.0,1.0,416.0,417.0,416.0,417.0,417.0,0.0,3.33299995,0.0,-428.14650719332445,0.5150141716003418,0.5150141716003418,0.0,1.0,0.5856135530809352,0.5856182514101308,0.9999527829300455,0.9499527812004089,0.9999527741427557,0.999997874726218,0.9999978722325341,0.999997358525505,0.9999973557858362,0.31101549846354387,1.217806927499968,,998.588243340514,False,False,False,,[]
417,417,418,True,1.0,1.0,417.0,418.0,417.0,418.0,418.0,0.0,0.0,0.0,83.40462000000002,0.5150141716003418,0.5150141716003418,0.0,1.0,0.5856182514101308,0.5856182514101308,0.9999527741427557,0.9499527812004089,0.9999527741427557,0.9999978722325341,0.9999978722325341,0.9999973557858362,0.9999973557858362,-0.0,0.0,,1000.0,False,False,False,,[]
418,418,419,True,1.0,1.0,418.0,419.0,418.0,419.0,419.0,0.0,0.0,0.0,83.40462000000002,0.5150141716003418,0.5150141716003418,0.0,1.0,0.5856182514101308,0.5856182514101308,0.9999527741427557,0.9499527812004089,0.9999527741427557,0.9999978722325341,0.9999978722325341,0.9999973557858362,0.9999973557858362,-0.0,0.0,,1000.0,False,False,False,,[]
419,419,420,True,1.0,1.0,419.0,420.0,419.0,420.0,420.0,0.0,0.0,0.0,83.40462000000002,0.5150141716003418,0.5150141716003418,0.0,1.0,0.5856182514101308,0.5856182514101308,0.9999527741427557,0.9499527812004089,0.9999527741427557,0.9999978722325341,0.9999978722325341,0.9999973557858362,0.9999973557858362,-0.0,0.0,,1000.0,False,False,False,,[]
420,420,421,True,1.0,1.0,420.0,421.0,420.0,421.0,421.0,0.0,0.0,0.0,83.40462000000002,0.5150141716003418,0.5150141716003418,0.0,1.0,0.5856182514101308,0.5856182514101308,0.9999527741427557,0.9499527812004089,0.9999527741427557,0.9999978722325341,0.9999978722325341,0.9999973557858362,0.9999973557858362,-0.0,0.0,,1000.0,False,False,False,,[]
421,421,422,True,1.0,1.0,421.0,422.0,421.0,422.0,422.0,0.0,0.0,0.0,83.40462000000002,0.5150141716003418,0.5150141716003418,0.0,1.0,0.5856182514101308,0.5856182514101308,0.9999527741427557,0.9499527812004089,0.9999527741427557,0.9999978722325341,0.9999978722325341,0.9999973557858362,0.9999973557858362,-0.0,0.0,,1000.0,False,False,False,,[]
422,422,423,True,1.0,1.0,422.0,423.0,422.0,423.0,423.0,0.0,0.0,0.0,83.40462000000002,0.5150141716003418,0.5150141716003418,0.0,1.0,0.5856182514101308,0.5856182514101308,0.9999527741427557,0.9499527812004089,0.9999527741427557,0.9999978722325341,0.9999978722325341,0.9999973557858362,0.9999973557858362,-0.0,0.0,,1000.0,False,False,False,,[]
423,423,424,True,1.0,1.0,423.0,424.0,423.0,424.0,424.0,0.0,0.0,0.0,83.40462000000002,0.5150141716003418,0.5150141716003418,0.0,1.0,0.5856182514101308,0.5856182514101308,0.9999527741427557,0.9499527812004089,0.9999527741427557,0.9999978722325341,0.9999978722325341,0.9999973557858362,0.9999973557858362,-0.0,0.0,,1000.0,False,False,False,,[]
424,424,425,True,1.0,1.0,424.0,425.0,424.0,425.0,425.0,0.0,0.0,0.0,83.40462000000002,0.5150141716003418,0.5150141716003418,0.0,1.0,0.5856182514101308,0.5856182514101308,0.9999527741427557,0.9499527812004089,0.9999527741427557,0.9999978722325341,0.9999978722325341,0.9999973557858362,0.9999973557858362,-0.0,0.0,,1000.0,False,False,False,,[]
425,425,426,True,1.0,1.0,425.0,426.0,425.0,426.0,426.0,0.0,0.0,0.0,83.40462000000002,0.5150141716003418,0.5150141716003418,0.0,1.0,0.5856182514101308,0.5856182514101308,0.9999527741427557,0.9499527812004089,0.9999527741427557,0.9999978722325341,0.9999978722325341,0.9999973557858362,0.9999973557858362,-0.0,0.0,,1000.0,False,False,False,,[]
426,426,427,True,1.0,1.0,426.0,427.0,426.0,427.0,427.0,0.0,0.0,0.0,83.40462000000002,0.5150141716003418,0.5150141716003418,0.0,1.0,0.5856182514101308,0.5856182514101308,0.9999527741427557,0.9499527812004089,0.9999527741427557,0.9999978722325341,0.9999978722325341,0.9999973557858362,0.9999973557858362,-0.0,0.0,,1000.0,False,False,False,,[]
427,427,428,True,1.0,1.0,427.0,428.0,427.0,428.0,428.0,0.0,0.0,0.0,83.40462000000002,0.5150141716003418,0.5150141716003418,0.0,1.0,0.5856182514101308,0.5856182514101308,0.9999527741427557,0.9499527812004089,0.9999527741427557,0.9999978722325341,0.9999978722325341,0.9999973557858362,0.9999973557858362,-0.0,0.0,,1000.0,False,False,False,,[]
428,428,429,True,1.0,1.0,428.0,429.0,428.0,429.0,429.0,0.0,0.0,0.0,83.40462000000002,0.5150141716003418,0.5150141716003418,0.0,1.0,0.5856182514101308,0.5856182514101308,0.9999527741427557,0.9499527812004089,0.9999527741427557,0.9999978722325341,0.9999978722325341,0.9999973557858362,0.9999973557858362,-0.0,0.0,,1000.0,False,False,False,,[]
429,429,430,True,1.0,1.0,429.0,430.0,429.0,430.0,430.0,0.0,0.0,0.0,83.40462000000002,0.5150141716003418,0.5150141716003418,0.0,1.0,0.5856182514101308,0.5856182514101308,0.9999527741427557,0.9499527812004089,0.9999527741427557,0.9999978722325341,0.9999978722325341,0.9999973557858362,0.9999973557858362,-0.0,0.0,,1000.0,False,False,False,,[]
430,430,431,True,1.0,1.0,430.0,431.0,430.0,431.0,431.0,0.0,0.0,0.0,83.40462000000002,0.5150141716003418,0.5150141716003418,0.0,1.0,0.5856182514101308,0.5856182514101308,0.9999527741427557,0.9499527812004089,0.9999527741427557,0.9999978722325341,0.9999978722325341,0.9999973557858362,0.9999973557858362,-0.0,0.0,,1000.0,False,False,False,,[]
431,431,432,True,1.0,1.0,431.0,432.0,431.0,432.0,432.0,0.0,0.0,0.0,83.40462000000002,0.5150141716003418,0.5150141716003418,0.0,1.0,0.5856182514101308,0.5856182514101308,0.9999527741427557,0.9499527812004089,0.9999527741427557,0.9999978722325341,0.9999978722325341,0.9999973557858362,0.9999973557858362,-0.0,0.0,,1000.0,False,False,False,,[]
432,432,433,True,1.0,1.0,432.0,433.0,432.0,433.0,433.0,0.0,0.0,0.0,83.40462000000002,0.5150141716003418,0.5150141716003418,0.0,1.0,0.5856182514101308,0.5856182514101308,0.9999527741427557,0.9499527812004089,0.9999527741427557,0.9999978722325341,0.9999978722325341,0.9999973557858362,0.9999973557858362,-0.0,0.0,,1000.0,False,False,False,,[]
433,433,434,True,1.0,1.0,433.0,434.0,433.0,434.0,434.0,0.0,0.0,0.0,83.40462000000002,0.5150141716003418,0.5150141716003418,0.0,1.0,0.5856182514101308,0.5856182514101308,0.9999527741427557,0.9499527812004089,0.9999527741427557,0.9999978722325341,0.9999978722325341,0.9999973557858362,0.9999973557858362,-0.0,0.0,,1000.0,False,False,False,,[]
434,434,435,True,1.0,1.0,434.0,435.0,434.0,435.0,435.0,0.0,0.0,0.0,83.40462000000002,0.5150141716003418,0.5150141716003418,0.0,1.0,0.5856182514101308,0.5856182514101308,0.9999527741427557,0.9499527812004089,0.9999527741427557,0.9999978722325341,0.9999978722325341,0.9999973557858362,0.9999973557858362,-0.0,0.0,,1000.0,False,False,False,,[]
435,435,436,True,1.0,1.0,435.0,436.0,435.0,436.0,436.0,0.0,0.0,0.0,83.40462000000002,0.5150141716003418,0.5150141716003418,0.0,1.0,0.5856182514101308,0.5856182514101308,0.9999527741427557,0.9499527812004089,0.9999527741427557,0.9999978722325341,0.9999978722325341,0.9999973557858362,0.9999973557858362,-0.0,0.0,,1000.0,False,False,False,,[]
436,436,437,True,1.0,1.0,436.0,437.0,436.0,437.0,437.0,0.0,0.0,0.0,83.40462000000002,0.5150141716003418,0.5150141716003418,0.0,1.0,0.5856182514101308,0.5856182514101308,0.9999527741427557,0.9499527812004089,0.9999527741427557,0.9999978722325341,0.9999978722325341,0.9999973557858362,0.9999973557858362,-0.0,0.0,,1000.0,False,False,False,,[]
437,437,438,True,1.0,1.0,437.0,438.0,437.0,438.0,438.0,0.0,0.0,0.0,83.40462000000002,0.5150141716003418,0.5150141716003418,0.0,1.0,0.5856182514101308,0.5856182514101308,0.9999527741427557,0.9499527812004089,0.9999527741427557,0.9999978722325341,0.9999978722325341,0.9999973557858362,0.9999973557858362,-0.0,0.0,,1000.0,False,False,False,,[]
438,438,439,True,1.0,1.0,438.0,439.0,438.0,439.0,439.0,0.0,0.0,3.0,543.92962,0.5150141716003418,0.5150141716003418,0.0,1.0,0.5856182514101308,0.5855975967465039,0.9999527741427557,0.9499527812004089,0.9999527349045825,0.9999978722325341,0.999997869381006,0.9999973557858362,0.9999973526530243,-1.3673444444444445,-5.3536888120770385,,970.3435633860288,False,False,False,,[]
439,439,440,True,1.0,1.0,439.0,440.0,439.0,440.0,440.0,0.0,3.0,6.0,544.0042684375,0.5150141716003418,0.5150141716003418,0.0,1.0,0.5855975967465039,0.5855356159108566,0.9999527349045825,0.9499527215957642,0.9999526123002652,0.999997869381006,0.9999978608252476,0.9999973526530243,0.9999973432532988,-4.102596292892156,-16.06543259980288,,915.5859499263915,False,False,False,,[]
440,440,441,True,1.0,1.0,440.0,441.0,440.0,441.0,441.0,0.0,6.0,9.0,544.2282137500001,0.5150142312049866,0.5150142312049866,0.0,1.0,0.5855356159108566,0.5854322562733895,0.9999526123002652,0.9499526023864746,0.9999523993984545,0.9999978608252476,0.9999978465597784,0.9999973432532988,0.9999973275806424,-6.840475285947714,-26.79081803147336,,866.1098577477169,False,False,False,,[]
441,441,442,True,1.0,1.0,441.0,442.0,441.0,442.0,442.0,0.0,9.0,12.0,544.6014559374998,0.5150142908096313,0.5150142908096313,0.0,1.0,0.5854322562733895,0.5853197619823989,0.9999523993984545,0.9499523639678955,0.9999521656010016,0.9999978465597784,0.9999978424811343,0.9999973275806424,0.9999973056238781,-7.44451569297406,-29.158520224756916,,860.6522690699115,False,False,False,,[]
442,442,443,True,1.0,1.0,442.0,443.0,442.0,443.0,443.0,0.0,12.0,15.0,545.1239950000004,0.5150143504142761,0.5150143504142761,0.0,1.0,0.5853197619823989,0.5851717379059669,0.9999521656010016,0.9499521255493164,0.9999518510635017,0.9999978424811343,0.9999978345861822,0.9999973056238781,0.9999972773666695,-9.794260996718036,-38.36784061117409,,822.6187331531852,False,False,False,,[]
443,443,444,True,1.0,1.0,443.0,444.0,443.0,444.0,444.0,0.0,15.0,15.0,85.27083093750002,0.5150144696235657,0.5150144696235657,0.0,1.0,0.5851717379059669,0.585143642177681,0.9999518510635017,0.9499518275260925,0.9999517972994079,0.9999978345861822,0.999997831430331,0.9999972773666695,0.9999972726641361,-1.859599378314094,-7.282412771688439,,960.3098906680885,False,False,False,,[]
444,444,445,True,1.0,1.0,444.0,445.0,444.0,445.0,445.0,0.0,15.0,15.0,85.27083093750002,0.5150144696235657,0.5150144696235657,0.0,1.0,0.585143642177681,0.5851155463521122,0.9999517972994079,0.9499517679214478,0.9999517435351227,0.999997831430331,0.9999978282744799,0.9999972726641361,0.9999972679616026,-1.859599378314094,-7.282437987451966,,960.3097833134319,False,False,False,,[]
445,445,446,True,1.0,1.0,445.0,446.0,445.0,446.0,446.0,0.0,15.0,18.39999962,607.1991059376664,0.5150144696235657,0.5150144696235657,0.0,1.0,0.5851155463521122,0.584961073323022,0.9999517435351227,0.949951708316803,0.9999514161550578,0.9999978282744799,0.9999978209568428,0.9999972679616026,0.9999972520694916,-10.220121308801932,-40.03940914015497,,826.1589799676807,False,False,False,,[]
446,446,447,True,1.0,1.0,446.0,447.0,446.0,447.0,447.0,0.0,18.39999962,21.79999924,608.1410032175127,0.5150145888328552,0.5150145888328552,0.0,1.0,0.584961073323022,0.5847855956314143,0.9999514161550578,0.9499514102935791,0.9999510475401142,0.9999978209568428,0.9999978122382118,0.9999972520694916,0.9999972424908433,-11.608389190913227,-45.483817664720874,,812.5876554680083,False,False,False,,[]
447,447,448,True,1.0,1.0,447.0,448.0,447.0,448.0,448.0,0.0,21.79999924,25.20000076,609.2749556619951,0.5150147080421448,0.5150147080421448,0.0,1.0,0.5847855956314143,0.5845742555293977,0.9999510475401142,0.9499510526657104,0.9999506107498597,0.9999978122382118,0.9999977996091773,0.9999972424908433,0.9999972284153058,-13.978323220723542,-54.77935444269813,,780.1993521817035,False,False,False,,[]
448,448,449,True,1.0,1.0,448.0,449.0,448.0,449.0,449.0,0.0,25.20000076,28.60000038,610.6000890678702,0.5150148272514343,0.5150148272514343,0.0,1.0,0.5845742555293977,0.5843381944741578,0.9999506107498597,0.9499505758285522,0.9999501287202198,0.9999977996091773,0.9999977877293431,0.9999972284153058,0.9999972155442897,-15.610973646444164,-61.187025518188605,,763.9332625064391,False,False,False,,[]
449,449,450,True,1.0,1.0,449.0,450.0,449.0,450.0,450.0,0.0,28.60000038,32.0,612.1172769512846,0.5150149464607239,0.5150149464607239,0.0,1.0,0.5843381944741578,0.5840701224914833,0.9999501287202198,0.949950098991394,0.9999495904062886,0.9999977877293431,0.9999977730618059,0.9999972155442897,0.999997201010434,-17.724577977405318,-69.48425790923807,,740.1350533280055,False,False,False,,[]
450,450,451,True,1.0,1.0,450.0,451.0,450.0,451.0,451.0,0.0,32.0,32.0,91.89795333333335,0.5150151252746582,0.5150151252746582,0.0,1.0,0.5840701224914833,0.5840217538274036,0.9999495904062886,0.9499495625495911,0.9999494959938506,0.9999977730618059,0.9999977679531469,0.999997201010434,0.9999971968351327,-3.1999762317710756,-12.537157729454865,,937.1246801694845,False,False,False,,[]
451,451,452,True,1.0,1.0,451.0,452.0,451.0,452.0,452.0,0.0,32.0,32.0,91.89795333333335,0.5150151252746582,0.5150151252746582,0.0,1.0,0.5840217538274036,0.5839733850698631,0.9999494959938506,0.9499495029449463,0.9999494015812216,0.9999977679531469,0.9999977628444878,0.9999971968351327,0.9999971926598313,-3.1999762317710756,-12.537181954497196,,937.1245813121142,False,False,False,,[]
452,452,453,True,1.0,1.0,452.0,453.0,452.0,453.0,453.0,0.0,32.0,32.0,91.89795333333335,0.515015184879303,0.515015184879303,0.0,1.0,0.5839733850698631,0.5839250162203672,0.9999494015812216,0.9499493837356567,0.9999493071684046,0.9999977628444878,0.9999977577358284,0.9999971926598313,0.99999718848453,-3.199976255925598,-12.537205789318625,,937.1244837574628,False,False,False,,[]
453,453,454,True,1.0,1.0,453.0,454.0,453.0,454.0,454.0,0.0,32.0,32.0,91.89795333333335,0.515015184879303,0.515015184879303,0.0,1.0,0.5839250162203672,0.5838766472811021,0.9999493071684046,0.949949324131012,0.999949212755404,0.9999977577358284,0.9999977526271691,0.99999718848453,0.9999971843092287,-3.199976255925598,-12.537229057516603,,937.124388805205,False,False,False,,[]
454,454,455,True,1.0,1.0,454.0,455.0,454.0,455.0,455.0,0.0,32.0,32.0,91.89795333333335,0.5150152444839478,0.5150152444839478,0.0,1.0,0.5838766472811021,0.583828278253475,0.999949212755404,0.9499492049217224,0.9999491183422229,0.9999977526271691,0.9999977475185094,0.9999971843092287,0.9999971801339275,-3.199976280080107,-12.537251960935691,,937.1242952447788,False,False,False,,[]
455,455,456,True,1.0,1.0,455.0,456.0,455.0,456.0,456.0,0.0,32.0,32.0,91.89795333333335,0.5150152444839478,0.5150152444839478,0.0,1.0,0.583828278253475,0.5837799091395766,0.9999491183422229,0.9499490857124329,0.9999490239288653,0.9999977475185094,0.9999977424098498,0.9999971801339275,0.9999971759586262,-3.199976280080107,-12.537274322476554,,937.1242039882958,False,False,False,,[]
456,456,457,True,1.0,1.0,456.0,457.0,456.0,457.0,457.0,0.0,32.0,32.0,91.89795333333335,0.5150153040885925,0.5150153040885925,0.0,1.0,0.5837799091395766,0.5837315399407211,0.9999490239288653,0.9499490261077881,0.9999489295153341,0.9999977424098498,0.9999977373011899,0.9999971759586262,0.999997171783325,-3.1999763042346037,-12.537296343319051,,937.1241138374802,False,False,False,,[]
457,457,458,True,1.0,1.0,457.0,458.0,457.0,458.0,458.0,0.0,32.0,32.0,91.89795333333335,0.5150153040885925,0.5150153040885925,0.0,1.0,0.5837315399407211,0.583683170658909,0.9999489295153341,0.9499489068984985,0.9999488351016332,0.9999977373011899,0.99999773219253,0.999997171783325,0.9999971676080238,-3.1999763042346037,-12.537317845726648,,937.1240260867406,False,False,False,,[]
458,458,459,True,1.0,1.0,458.0,459.0,458.0,459.0,459.0,0.0,32.0,32.0,91.89795333333335,0.5150153636932373,0.5150153636932373,0.0,1.0,0.583683170658909,0.5836348012953664,0.9999488351016332,0.9499488472938538,0.9999487406877653,0.99999773219253,0.9999977270838697,0.9999971676080238,0.9999971634327226,-3.1999763283890865,-12.53733903024201,,937.1239393447518,False,False,False,,[]
459,459,460,True,1.0,1.0,459.0,460.0,459.0,460.0,460.0,0.0,32.0,32.0,91.89795333333335,0.5150153636932373,0.5150153636932373,0.0,1.0,0.5836348012953664,0.583586431852008,0.9999487406877653,0.9499487280845642,0.9999486462737343,0.9999977270838697,0.9999977219752094,0.9999971634327226,0.9999971592574214,-3.1999763283890865,-12.53735971850974,,937.1238549276644,False,False,False,,[]
460,460,461,True,1.0,1.0,460.0,461.0,460.0,461.0,461.0,0.0,32.0,32.0,91.89795333333335,0.5150154232978821,0.5150154232978821,0.0,1.0,0.583586431852008,0.5835380623299768,0.9999486462737343,0.9499486088752747,0.9999485518595423,0.9999977219752094,0.9999977168665488,0.9999971592574214,0.9999971550821202,-3.199976352543556,-12.537380110476564,,937.1237714169512,False,False,False,,[]
461,461,462,True,1.0,1.0,461.0,462.0,461.0,462.0,462.0,0.0,32.0,32.0,91.89795333333335,0.5150154232978821,0.5150154232978821,0.0,1.0,0.5835380623299768,0.5834896927311064,0.9999485518595423,0.9499485492706299,0.9999484574451933,0.9999977168665488,0.9999977117578882,0.9999971550821202,0.999997150906819,-3.199976352543556,-12.537400027209486,,937.1236901403649,False,False,False,,[]
462,462,463,True,1.0,1.0,462.0,463.0,462.0,463.0,463.0,0.0,32.0,32.0,91.89795333333335,0.5150154829025269,0.5150154829025269,0.0,1.0,0.5834896927311064,0.583441323056461,0.9999484574451933,0.9499484300613403,0.9999483630306895,0.9999977117578882,0.9999977066492273,0.999997150906819,0.9999971467315178,-3.199976376698013,-12.537419668086796,,937.123609798524,False,False,False,,[]
463,463,464,True,1.0,1.0,463.0,464.0,463.0,464.0,464.0,0.0,32.0,32.0,91.89795333333335,0.5150154829025269,0.5150154829025269,0.0,1.0,0.583441323056461,0.5833929533077974,0.9999483630306895,0.9499483704566956,0.9999482686160343,0.9999977066492273,0.9999977015405663,0.9999971467315178,0.9999971425562167,-3.199976376698013,-12.537438853620818,,937.1235315064359,False,False,False,,[]
464,464,465,True,1.0,1.0,464.0,465.0,464.0,465.0,465.0,0.0,32.0,32.0,91.89795333333335,0.5150155425071716,0.5150155425071716,0.0,1.0,0.5833929533077974,0.5833445834861051,0.9999482686160343,0.949948251247406,0.9999481742012297,0.9999977015405663,0.9999976964319051,0.9999971425562167,0.9999971383809156,-3.199976400852455,-12.537457782662665,,937.1234539663773,False,False,False,,[]
465,465,466,True,1.0,1.0,465.0,466.0,465.0,466.0,466.0,0.0,32.0,32.0,91.89795333333335,0.5150155425071716,0.5150155425071716,0.0,1.0,0.5833445834861051,0.583296213593068,0.9999481742012297,0.9499481916427612,0.9999480797862794,0.9999976964319051,0.9999976913232438,0.9999971383809156,0.9999971342056145,-3.199976400852455,-12.537476275202065,,937.1233785097073,False,False,False,,[]
466,466,467,True,1.0,1.0,466.0,467.0,466.0,467.0,467.0,0.0,32.0,32.0,91.89795333333335,0.5150156021118164,0.5150156021118164,0.0,1.0,0.583296213593068,0.5832478436296051,0.9999480797862794,0.9499480724334717,0.9999479853711851,0.9999976913232438,0.9999976862145822,0.9999971342056145,0.9999971300303134,-3.1999764250068856,-12.537494529576708,,937.1233037234581,False,False,False,,[]
467,467,468,True,1.0,1.0,467.0,468.0,467.0,468.0,468.0,0.0,32.0,32.0,91.89795333333335,0.5150156021118164,0.5150156021118164,0.0,1.0,0.5832478436296051,0.5831994735973317,0.9999479853711851,0.9499479532241821,0.9999478909559502,0.9999976862145822,0.9999976811059206,0.9999971300303134,0.9999971258550123,-3.1999764250068856,-12.537512365285817,,937.1232309408414,False,False,False,,[]
468,468,469,True,1.0,1.0,468.0,469.0,468.0,469.0,469.0,0.0,32.0,32.0,91.89795333333335,0.5150156021118164,0.5150156021118164,0.0,1.0,0.5831994735973317,0.5831511034974647,0.9999478909559502,0.9499478936195374,0.999947796540577,0.9999976811059206,0.999997675997259,0.9999971258550123,0.9999971216797112,-3.1999764250068856,-12.53752988553229,,937.1231594414303,False,False,False,,[]
469,469,470,True,1.0,1.0,469.0,470.0,469.0,470.0,470.0,0.0,32.0,32.0,91.89795333333335,0.5150156617164612,0.5150156617164612,0.0,1.0,0.5831511034974647,0.5831027333308239,0.999947796540577,0.9499477744102478,0.9999477021250673,0.999997675997259,0.999997670888597,0.9999971216797112,0.9999971175044101,-3.1999764491613023,-12.537547193303563,,937.1230885254687,False,False,False,,[]
470,470,471,True,1.0,1.0,470.0,471.0,470.0,471.0,471.0,0.0,32.0,32.0,91.89795333333335,0.5150156617164612,0.5150156617164612,0.0,1.0,0.5831027333308239,0.583054363098928,0.9999477021250673,0.949947714805603,0.9999476077094243,0.999997670888597,0.9999976657799351,0.9999971175044101,0.999997113329109,-3.1999764491613023,-12.537564107402073,,937.1230194990626,False,False,False,,[]
471,471,472,True,1.0,1.0,471.0,472.0,471.0,472.0,472.0,0.0,32.0,32.0,91.89795333333335,0.515015721321106,0.515015721321106,0.0,1.0,0.583054363098928,0.5830059928025352,0.9999476077094243,0.9499475955963135,0.9999475132936494,0.9999976657799351,0.9999976606712729,0.999997113329109,0.9999971091538079,-3.199976473315706,-12.537580825014887,,937.1229510896451,False,False,False,,[]
472,472,473,True,1.0,1.0,472.0,473.0,472.0,473.0,473.0,0.0,32.0,32.0,91.89795333333335,0.5150157809257507,0.5150157809257507,0.0,1.0,0.5830059928025352,0.5829576224427391,0.9999475132936494,0.9499474763870239,0.9999474188777449,0.9999976606712729,0.9999976555626104,0.9999971091538079,0.9999971049785069,-3.1999764974700966,-12.537597259162405,,937.1228838259565,False,False,False,,[]
473,473,474,True,1.0,1.0,473.0,474.0,473.0,474.0,474.0,0.0,32.0,32.0,91.89795333333335,0.5150157809257507,0.5150157809257507,0.0,1.0,0.5829576224427391,0.5829092520209695,0.9999474188777449,0.9499474167823792,0.9999473244617136,0.9999976555626104,0.999997650453948,0.9999971049785069,0.9999971008032059,-3.1999764974700966,-12.537613322667914,,937.1228182762247,False,False,False,,[]
474,474,475,True,1.0,1.0,474.0,475.0,474.0,475.0,475.0,0.0,32.0,29.25,-330.2499633333336,0.5150158405303955,0.5150158405303955,0.0,1.0,0.5829092520209695,0.5830232785632493,0.9999473244617136,0.9499472975730896,0.9999470871242844,0.999997650453948,0.9999976395067037,0.9999971008032059,0.999997092836637,7.547346756465404,29.55567975892252,,1076.8655728310628,False,False,False,,[]
475,475,476,True,1.0,1.0,475.0,476.0,475.0,476.0,476.0,0.0,29.25,26.5,-331.6470295768232,0.5150159001350403,0.5150159001350403,0.0,1.0,0.5830232785632493,0.5831196712907386,0.9999470871242844,0.9499470591545105,0.9999468899216503,0.9999976395067037,0.9999976261447722,0.999997092836637,0.999997079669243,6.3802692881278595,24.98499496523308,,1052.790205134897,False,False,False,,[]
476,476,477,True,1.0,1.0,476.0,477.0,476.0,477.0,477.0,0.0,26.5,23.75,-332.91864497395807,0.5150159597396851,0.5150159597396851,0.0,1.0,0.5831196712907386,0.5832091873255312,0.9999468899216503,0.9499468803405762,0.9999467080153783,0.9999976261447722,0.9999976164844266,0.999997079669243,0.9999970678029254,5.925329188067703,23.202556218223897,,1052.4086283733445,False,False,False,,[]
477,477,478,True,1.0,1.0,477.0,478.0,477.0,478.0,478.0,0.0,23.75,21.0,-334.06480952473987,0.5150159597396851,0.5150159597396851,0.0,1.0,0.5832091873255312,0.5832813599322398,0.9999467080153783,0.9499467015266418,0.9999465638201913,0.9999976164844266,0.9999975994321405,0.9999970678029254,0.9999970572365433,4.777322869759044,18.7071396588991,,1031.0707178192692,False,False,False,,[]
478,478,479,True,1.0,1.0,478.0,479.0,478.0,479.0,479.0,0.0,21.0,18.25,-335.0855232291664,0.5150160193443298,0.5150160193443298,0.0,1.0,0.5832813599322398,0.583357775821801,0.9999465638201913,0.9499465227127075,0.9999464105121865,0.9999975994321405,0.9999975947416906,0.9999970572365433,0.9999970520834507,5.058502610286454,19.806998574263126,,1054.0090539936984,False,False,False,,[]
479,479,480,True,1.0,1.0,479.0,480.0,479.0,480.0,480.0,0.0,18.25,15.5,-335.98078608723984,0.5150160789489746,0.5150160789489746,0.0,1.0,0.583357775821801,0.5834187037707987,0.9999464105121865,0.949946403503418,0.9999462901146587,0.9999975947416906,0.9999975900959341,0.9999970520834507,0.9999970421411806,4.033241382673337,15.792524380202622,,1035.5184588244244,False,False,False,,[]
480,480,481,True,1.0,1.0,480.0,481.0,480.0,481.0,481.0,0.0,15.5,12.75,-336.75059809895833,0.5150161385536194,0.5150161385536194,0.0,1.0,0.5834187037707987,0.5834593520831914,0.9999462901146587,0.9499462842941284,0.9999462113688224,0.9999975900959341,0.9999975834747987,0.9999970421411806,0.9999970238772007,2.690726059745756,10.536042572176308,,1007.9513384972539,False,False,False,,[]
481,481,482,True,1.0,1.0,481.0,482.0,481.0,482.0,482.0,0.0,12.75,10.0,-337.39495926432295,0.5150161385536194,0.5150161385536194,0.0,1.0,0.5834593520831914,0.5834928934569386,0.9999462113688224,0.9499462246894836,0.9999461468410759,0.9999975834747987,0.9999975789310763,0.9999970238772007,0.9999970091408963,2.220295760653483,8.693924075259012,,1007.8700259573868,False,False,False,,[]
482,482,483,True,1.0,1.0,482.0,483.0,482.0,483.0,483.0,0.0,10.0,6.66666698,-427.4603492618334,0.5150161981582642,0.5150161981582642,0.0,1.0,0.5834928934569386,0.5835186213121498,0.9999461468410759,0.9499461054801941,0.9999460977220648,0.9999975789310763,0.9999975689173276,0.9999970091408963,0.9999969954631944,1.7030755759270093,6.668660070764352,,997.1327482962405,False,False,False,,[]
483,483,484,True,1.0,1.0,483.0,484.0,483.0,484.0,484.0,0.0,6.66666698,3.33333325,-427.92125104217246,0.5150161981582642,0.5150161981582642,0.0,1.0,0.5835186213121498,0.5835327107770791,0.9999460977220648,0.9499461054801941,0.9999460711273163,0.9999975689173276,0.9999975614394342,0.9999969954631944,0.9999969872477247,0.932648901927454,3.6519893096820604,,995.7547260998145,False,False,False,,[]
484,484,485,True,1.0,1.0,484.0,485.0,484.0,485.0,485.0,0.0,3.33333325,0.0,-428.1976530918764,0.5150161981582642,0.5150161981582642,0.0,1.0,0.5835327107770791,0.583537410363963,0.9999460711273163,0.9499460458755493,0.9999460623376634,0.9999975614394342,0.9999975589451932,0.9999969872477247,0.999996984507466,0.3110837572896537,1.2181329203034723,,998.5881181008053,False,False,False,,[]
485,485,486,True,1.0,1.0,485.0,486.0,485.0,486.0,486.0,0.0,0.0,0.0,83.40462000000002,0.5150161981582642,0.5150161981582642,0.0,1.0,0.583537410363963,0.583537410363963,0.9999460623376634,0.9499460458755493,0.9999460623376634,0.9999975589451932,0.9999975589451932,0.999996984507466,0.999996984507466,-0.0,0.0,,1000.0,False,False,False,,[]
486,486,487,True,1.0,1.0,486.0,487.0,486.0,487.0,487.0,0.0,0.0,0.0,83.40462000000002,0.5150161981582642,0.5150161981582642,0.0,1.0,0.583537410363963,0.583537410363963,0.9999460623376634,0.9499460458755493,0.9999460623376634,0.9999975589451932,0.9999975589451932,0.999996984507466,0.999996984507466,-0.0,0.0,,1000.0,False,False,False,,[]
487,487,488,True,1.0,1.0,487.0,488.0,487.0,488.0,488.0,0.0,0.0,0.0,83.40462000000002,0.5150161981582642,0.5150161981582642,0.0,1.0,0.583537410363963,0.583537410363963,0.9999460623376634,0.9499460458755493,0.9999460623376634,0.9999975589451932,0.9999975589451932,0.999996984507466,0.999996984507466,-0.0,0.0,,1000.0,False,False,False,,[]
488,488,489,True,1.0,1.0,488.0,489.0,488.0,489.0,489.0,0.0,0.0,0.0,83.40462000000002,0.5150161981582642,0.5150161981582642,0.0,1.0,0.583537410363963,0.583537410363963,0.9999460623376634,0.9499460458755493,0.9999460623376634,0.9999975589451932,0.9999975589451932,0.999996984507466,0.999996984507466,-0.0,0.0,,1000.0,False,False,False,,[]
489,489,490,True,1.0,1.0,489.0,490.0,489.0,490.0,490.0,0.0,0.0,0.0,83.40462000000002,0.5150161981582642,0.5150161981582642,0.0,1.0,0.583537410363963,0.583537410363963,0.9999460623376634,0.9499460458755493,0.9999460623376634,0.9999975589451932,0.9999975589451932,0.999996984507466,0.999996984507466,-0.0,0.0,,1000.0,False,False,False,,[]
490,490,491,True,1.0,1.0,490.0,491.0,490.0,491.0,491.0,0.0,0.0,0.0,83.40462000000002,0.5150161981582642,0.5150161981582642,0.0,1.0,0.583537410363963,0.583537410363963,0.9999460623376634,0.9499460458755493,0.9999460623376634,0.9999975589451932,0.9999975589451932,0.999996984507466,0.999996984507466,-0.0,0.0,,1000.0,False,False,False,,[]
491,491,492,True,1.0,1.0,491.0,492.0,491.0,492.0,492.0,0.0,0.0,0.0,83.40462000000002,0.5150161981582642,0.5150161981582642,0.0,1.0,0.583537410363963,0.583537410363963,0.9999460623376634,0.9499460458755493,0.9999460623376634,0.9999975589451932,0.9999975589451932,0.999996984507466,0.999996984507466,-0.0,0.0,,1000.0,False,False,False,,[]
492,492,493,True,1.0,1.0,492.0,493.0,492.0,493.0,493.0,0.0,0.0,0.0,83.40462000000002,0.5150161981582642,0.5150161981582642,0.0,1.0,0.583537410363963,0.583537410363963,0.9999460623376634,0.9499460458755493,0.9999460623376634,0.9999975589451932,0.9999975589451932,0.999996984507466,0.999996984507466,-0.0,0.0,,1000.0,False,False,False,,[]
493,493,494,True,1.0,1.0,493.0,494.0,493.0,494.0,494.0,0.0,0.0,0.0,83.40462000000002,0.5150161981582642,0.5150161981582642,0.0,1.0,0.583537410363963,0.583537410363963,0.9999460623376634,0.9499460458755493,0.9999460623376634,0.9999975589451932,0.9999975589451932,0.999996984507466,0.999996984507466,-0.0,0.0,,1000.0,False,False,False,,[]
494,494,495,True,1.0,1.0,494.0,495.0,494.0,495.0,495.0,0.0,0.0,0.0,83.40462000000002,0.5150161981582642,0.5150161981582642,0.0,1.0,0.583537410363963,0.583537410363963,0.9999460623376634,0.9499460458755493,0.9999460623376634,0.9999975589451932,0.9999975589451932,0.999996984507466,0.999996984507466,-0.0,0.0,,1000.0,False,False,False,,[]
495,495,496,True,1.0,1.0,495.0,496.0,495.0,496.0,496.0,0.0,0.0,0.0,83.40462000000002,0.5150161981582642,0.5150161981582642,0.0,1.0,0.583537410363963,0.583537410363963,0.9999460623376634,0.9499460458755493,0.9999460623376634,0.9999975589451932,0.9999975589451932,0.999996984507466,0.999996984507466,-0.0,0.0,,1000.0,False,False,False,,[]
496,496,497,True,1.0,1.0,496.0,497.0,496.0,497.0,497.0,0.0,0.0,0.0,83.40462000000002,0.5150161981582642,0.5150161981582642,0.0,1.0,0.583537410363963,0.583537410363963,0.9999460623376634,0.9499460458755493,0.9999460623376634,0.9999975589451932,0.9999975589451932,0.999996984507466,0.999996984507466,-0.0,0.0,,1000.0,False,False,False,,[]
497,497,498,True,1.0,1.0,497.0,498.0,497.0,498.0,498.0,0.0,0.0,0.0,83.40462000000002,0.5150161981582642,0.5150161981582642,0.0,1.0,0.583537410363963,0.583537410363963,0.9999460623376634,0.9499460458755493,0.9999460623376634,0.9999975589451932,0.9999975589451932,0.999996984507466,0.999996984507466,-0.0,0.0,,1000.0,False,False,False,,[]
498,498,499,True,1.0,1.0,498.0,499.0,498.0,499.0,499.0,0.0,0.0,0.0,83.40462000000002,0.5150161981582642,0.5150161981582642,0.0,1.0,0.583537410363963,0.583537410363963,0.9999460623376634,0.9499460458755493,0.9999460623376634,0.9999975589451932,0.9999975589451932,0.999996984507466,0.999996984507466,-0.0,0.0,,1000.0,False,False,False,,[]
499,499,500,True,1.0,1.0,499.0,500.0,499.0,500.0,500.0,0.0,0.0,0.0,83.40462000000002,0.5150161981582642,0.5150161981582642,0.0,1.0,0.583537410363963,0.583537410363963,0.9999460623376634,0.9499460458755493,0.9999460623376634,0.9999975589451932,0.9999975589451932,0.999996984507466,0.999996984507466,-0.0,0.0,,1000.0,False,False,False,,[]
500,500,501,True,1.0,1.0,500.0,501.0,500.0,501.0,501.0,0.0,0.0,0.0,83.40462000000002,0.5150161981582642,0.5150161981582642,0.0,1.0,0.583537410363963,0.583537410363963,0.9999460623376634,0.9499460458755493,0.9999460623376634,0.9999975589451932,0.9999975589451932,0.999996984507466,0.999996984507466,-0.0,0.0,,1000.0,False,False,False,,[]
501,501,502,True,1.0,1.0,501.0,502.0,501.0,502.0,502.0,0.0,0.0,0.0,83.40462000000002,0.5150161981582642,0.5150161981582642,0.0,1.0,0.583537410363963,0.583537410363963,0.9999460623376634,0.9499460458755493,0.9999460623376634,0.9999975589451932,0.9999975589451932,0.999996984507466,0.999996984507466,-0.0,0.0,,1000.0,False,False,False,,[]
502,502,503,True,1.0,1.0,502.0,503.0,502.0,503.0,503.0,0.0,0.0,0.0,83.40462000000002,0.5150161981582642,0.5150161981582642,0.0,1.0,0.583537410363963,0.583537410363963,0.9999460623376634,0.9499460458755493,0.9999460623376634,0.9999975589451932,0.9999975589451932,0.999996984507466,0.999996984507466,-0.0,0.0,,1000.0,False,False,False,,[]
503,503,504,True,1.0,1.0,503.0,504.0,503.0,504.0,504.0,0.0,0.0,0.0,83.40462000000002,0.5150161981582642,0.5150161981582642,0.0,1.0,0.583537410363963,0.583537410363963,0.9999460623376634,0.9499460458755493,0.9999460623376634,0.9999975589451932,0.9999975589451932,0.999996984507466,0.999996984507466,-0.0,0.0,,1000.0,False,False,False,,[]
504,504,505,True,1.0,1.0,504.0,505.0,504.0,505.0,505.0,0.0,0.0,0.0,83.40462000000002,0.5150161981582642,0.5150161981582642,0.0,1.0,0.583537410363963,0.583537410363963,0.9999460623376634,0.9499460458755493,0.9999460623376634,0.9999975589451932,0.9999975589451932,0.999996984507466,0.999996984507466,-0.0,0.0,,1000.0,False,False,False,,[]
505,505,506,True,1.0,1.0,505.0,506.0,505.0,506.0,506.0,0.0,0.0,0.0,83.40462000000002,0.5150161981582642,0.5150161981582642,0.0,1.0,0.583537410363963,0.583537410363963,0.9999460623376634,0.9499460458755493,0.9999460623376634,0.9999975589451932,0.9999975589451932,0.999996984507466,0.999996984507466,-0.0,0.0,,1000.0,False,False,False,,[]
506,506,507,True,1.0,1.0,506.0,507.0,506.0,507.0,507.0,0.0,0.0,3.0,543.92962,0.5150161981582642,0.5150161981582642,0.0,1.0,0.583537410363963,0.5835167549996112,0.9999460623376634,0.9499460458755493,0.999946023098132,0.9999975589451932,0.9999975560936538,0.999996984507466,0.9999969813746672,-1.3673444444444445,-5.3538704399934725,,970.3427775070165,False,False,False,,[]
507,507,508,True,1.0,1.0,507.0,508.0,507.0,508.0,508.0,0.0,3.0,6.0,544.0042684375,0.5150161981582642,0.5150161981582642,0.0,1.0,0.5835167549996112,0.5834547720891228,0.999946023098132,0.9499459862709045,0.9999459004894616,0.9999975560936538,0.9999975475378617,0.9999969813746672,0.9999969719749809,-4.102596292892155,-16.065970398606794,,915.5838503332152,False,False,False,,[]
508,508,509,True,1.0,1.0,508.0,509.0,508.0,509.0,509.0,0.0,6.0,9.0,544.2282137500001,0.5150162577629089,0.5150162577629089,0.0,1.0,0.5834547720891228,0.583351409035016,0.9999459004894616,0.949945867061615,0.9999456875799015,0.9999975475378617,0.9999975332723365,0.9999969719749809,0.99999695630239,-6.840475285947714,-26.791703624471005,,866.1067205434834,False,False,False,,[]
509,509,510,True,1.0,1.0,509.0,510.0,509.0,510.0,510.0,0.0,9.0,12.0,544.6014559374998,0.5150163173675537,0.5150163173675537,0.0,1.0,0.583351409035016,0.5832389111972918,0.9999456875799015,0.9499456882476807,0.9999454537742664,0.9999975332723365,0.9999975291936765,0.99999695630239,0.9999969343457175,-7.444507277217236,-29.15943953813245,,860.649091937769,False,False,False,,[]
510,510,511,True,1.0,1.0,510.0,511.0,510.0,511.0,511.0,0.0,12.0,15.0,545.1239950000004,0.5150163769721985,0.5150163769721985,0.0,1.0,0.5832389111972918,0.5830908824980593,0.9999454537742664,0.9499454498291016,0.9999451392275306,0.9999975291936765,0.9999975212986968,0.9999969343457175,0.999996906088627,-9.794250704643353,-38.36903884106846,,822.6150412282378,False,False,False,,[]
511,511,512,True,1.0,1.0,511.0,512.0,511.0,512.0,512.0,0.0,15.0,15.0,85.27083093750002,0.5150164365768433,0.5150164365768433,0.0,1.0,0.5830908824980593,0.5830627858967433,0.9999451392275306,0.9499451518058777,0.9999450854617201,0.9999975212986968,0.9999975181428385,0.999996906088627,0.9999969013861129,-1.8595978451496995,-7.282639061112341,,960.3089385207518,False,False,False,,[]
512,512,513,True,1.0,1.0,512.0,513.0,512.0,513.0,513.0,0.0,15.0,15.0,85.27083093750002,0.515016496181488,0.515016496181488,0.0,1.0,0.5830627858967433,0.5830346892102305,0.9999450854617201,0.9499450922012329,0.9999450316957421,0.9999975181428385,0.9999975149869801,0.9999969013861129,0.9999968966835994,-1.859597798690111,-7.282661144129619,,960.3088449125883,False,False,False,,[]
513,513,514,True,1.0,1.0,513.0,514.0,513.0,514.0,514.0,0.0,15.0,17.22220039,426.39710913908345,0.515016496181488,0.515016496181488,0.0,1.0,0.5830346892102305,0.5829225826681648,0.9999450316957421,0.9499450325965881,0.999944798792512,0.9999975149869801,0.9999975100870597,0.9999968966835994,0.9999968806277296,-7.4178620777860305,-29.058015703447662,,864.7880865040022,False,False,False,,[]
514,514,515,True,1.0,1.0,514.0,515.0,514.0,515.0,515.0,0.0,17.22220039,19.44440079,426.99101518791775,0.5150165557861328,0.5150165557861328,0.0,1.0,0.5829225826681648,0.5828037392186122,0.999944798792512,0.949944794178009,0.99994455026068,0.9999975100870597,0.99999749944007,0.9999968806277296,0.9999968744934788,-7.863160554631453,-30.804222124033693,,861.7139740801344,False,False,False,,[]
515,515,516,True,1.0,1.0,515.0,516.0,515.0,516.0,516.0,0.0,19.44440079,21.66659927,427.6665420835615,0.5150166153907776,0.5150166153907776,0.0,1.0,0.5828037392186122,0.5826775533877211,0.99994455026068,0.9499445557594299,0.999944284471792,0.99999749944007,0.9999974931698469,0.9999968744934788,0.9999968676048085,-8.348432686257024,-32.707367366957705,,857.6891219583243,False,False,False,,[]
516,516,517,True,1.0,1.0,516.0,517.0,516.0,517.0,517.0,0.0,21.66659927,23.88879967,428.4245748765282,0.5150167346000671,0.5150167346000671,0.0,1.0,0.5826775533877211,0.5825220045950279,0.999944284471792,0.949944257736206,0.9999439549576161,0.9999974931698469,0.9999974788329211,0.9999968676048085,0.9999968545237923,-10.289694030575314,-40.31824706607546,,822.4237775418827,False,False,False,,[]
517,517,518,True,1.0,1.0,517.0,518.0,517.0,518.0,518.0,0.0,23.88879967,26.11100006,429.2642291331187,0.5150167942047119,0.5150167942047119,0.0,1.0,0.5825220045950279,0.5823573943994858,0.9999439549576161,0.9499439597129822,0.999943607561689,0.9999974788329211,0.9999974679001493,0.9999968545237923,0.9999968399981822,-10.88821883157844,-42.66696268452796,,816.4543839677642,False,False,False,,[]
518,518,519,True,1.0,1.0,518.0,519.0,518.0,519.0,519.0,0.0,26.11100006,28.33320045,430.18580203586635,0.5150169134140015,0.5150169134140015,0.0,1.0,0.5823573943994858,0.5821784808318623,0.999943607561689,0.9499436020851135,0.9999432322907231,0.9999974679001493,0.9999974543032877,0.9999968399981822,0.9999968267115988,-11.833124843140318,-46.37439672798623,,804.2955111804082,False,False,False,,[]
519,519,520,True,1.0,1.0,519.0,520.0,519.0,520.0,520.0,0.0,28.33320045,30.55540085,431.18929358836357,0.515017032623291,0.515017032623291,0.0,1.0,0.5821784808318623,0.5819933276765057,0.9999432322907231,0.9499432444572449,0.9999428449981735,0.9999974543032877,0.9999974428554347,0.9999968267115988,0.9999968167627938,-12.244819161466912,-47.99169786842354,,803.032850581973,False,False,False,,[]
520,520,521,True,1.0,1.0,520.0,521.0,520.0,521.0,521.0,0.0,30.55540085,32.77759933,432.2744059895129,0.5150171518325806,0.5150171518325806,0.0,1.0,0.5819933276765057,0.5817889306117351,0.9999428449981735,0.9499428272247314,0.9999424211776919,0.9999974428554347,0.9999974290945812,0.9999968167627938,0.9999968031092316,-13.515830754025119,-52.979719188527035,,784.810138727816,False,False,False,,[]
521,521,522,True,1.0,1.0,521.0,522.0,521.0,522.0,522.0,0.0,32.77759933,35.0,433.47276704801527,0.5150172710418701,0.5150172710418701,0.0,1.0,0.5817889306117351,0.5815692696495623,0.9999424211776919,0.949942409992218,0.9999419689943121,0.9999974290945812,0.9999974176145023,0.9999968031092316,0.9999967845246583,-14.52347017098661,-56.93612139516573,,772.2341945807701,False,False,False,,[]
522,522,523,True,1.0,1.0,522.0,523.0,522.0,523.0,523.0,0.0,35.0,35.0,93.56510177083334,0.5150173902511597,0.5150173902511597,0.0,1.0,0.5815692696495623,0.5815150719889639,0.9999419689943121,0.9499419331550598,0.9999418625990849,0.9999974176145023,0.999997411257641,0.9999967845246583,0.9999967805731208,-3.5850287027980094,-14.048033627107676,,930.1065981471106,False,False,False,,[]
523,523,524,True,1.0,1.0,523.0,524.0,523.0,524.0,524.0,0.0,35.0,35.0,93.56510177083334,0.5150174498558044,0.5150174498558044,0.0,1.0,0.5815150719889639,0.5814608742675613,0.9999418625990849,0.949941873550415,0.999941756203732,0.999997411257641,0.999997404900779,0.9999967805731208,0.999996776621583,-3.5850287703531456,-14.04804938755983,,930.1065340009249,False,False,False,,[]
524,524,525,True,1.0,1.0,524.0,525.0,524.0,525.0,525.0,0.0,35.0,36.875,381.3932267708337,0.5150174498558044,0.5150174498558044,0.0,1.0,0.5814608742675613,0.5812638773095891,0.999941756203732,0.9499417543411255,0.9999413463302007,0.999997404900779,0.9999973950133776,0.999996776621583,0.9999967658811406,-13.024928639352842,-51.06161150639684,,794.525935603363,False,False,False,,[]
525,525,526,True,1.0,1.0,525.0,526.0,525.0,526.0,526.0,0.0,36.875,38.75,382.5110093636071,0.5150176286697388,0.5150176286697388,0.0,1.0,0.5812638773095891,0.5810557880683624,0.9999413463302007,0.9499413371086121,0.9999409155985568,0.9999973950133776,0.9999973844183606,0.9999967658811406,0.9999967545472112,-13.756993950058098,-53.93673132594069,,785.4895867344409,False,False,False,,[]
526,526,527,True,1.0,1.0,526.0,527.0,526.0,527.0,527.0,0.0,38.75,40.625,383.68711104817646,0.5150177478790283,0.5150177478790283,0.0,1.0,0.5810557880683624,0.580836470364301,0.9999409155985568,0.9499409198760986,0.999940464046901,0.9999973844183606,0.9999973730773931,0.9999967545472112,0.9999967426146953,-14.497868464550617,-56.84714889273235,,776.5504423007118,False,False,False,,[]
527,527,528,True,1.0,1.0,527.0,528.0,527.0,528.0,528.0,0.0,40.625,42.5,384.9215318245446,0.5150178670883179,0.5150178670883179,0.0,1.0,0.580836470364301,0.5806057261789359,0.999940464046901,0.9499404430389404,0.9999399916205542,0.9999973730773931,0.9999973609035075,0.9999967426146953,0.9999967300782379,-15.251626342169194,-59.80889284662149,,767.6381191113205,False,False,False,,[]
528,528,529,True,1.0,1.0,528.0,529.0,528.0,529.0,529.0,0.0,42.5,44.375,386.2142716927087,0.5150179862976074,0.5150179862976074,0.0,1.0,0.5806057261789359,0.5803633285134271,0.9999399916205542,0.9499399662017822,0.9999394982386588,0.9999973609035075,0.999997347790127,0.9999967300782379,0.9999967169322268,-16.020168855834086,-62.829474899895985,,758.728077732045,False,False,False,,[]
529,529,530,True,1.0,1.0,529.0,530.0,529.0,530.0,530.0,0.0,44.375,46.25,387.56533065266865,0.5150181651115417,0.5150181651115417,0.0,1.0,0.5803633285134271,0.5801081983950782,0.9999394982386588,0.949939489364624,0.9999389823574425,0.999997347790127,0.9999973335424898,0.9999967169322268,0.9999967024265817,-16.85973782703775,-66.12972667603168,,748.799194374078,False,False,False,,[]
530,530,531,True,1.0,1.0,530.0,531.0,530.0,531.0,531.0,0.0,46.25,48.125,388.9747087044274,0.5150183439254761,0.5150183439254761,0.0,1.0,0.5801081983950782,0.57984020903197,0.9999389823574425,0.949938952922821,0.9999384441852962,0.9999973335424898,0.9999973178323261,0.9999967024265817,0.9999966869430452,-17.70742354562734,-69.46284291764242,,739.0981483185268,False,False,False,,[]
531,531,532,True,1.0,1.0,531.0,532.0,531.0,532.0,532.0,0.0,48.125,50.0,390.4424058479821,0.5150184631347656,0.5150184631347656,0.0,1.0,0.57984020903197,0.5795609434690929,0.9999384441852962,0.9499384164810181,0.9999378868340232,0.9999973178323261,0.999997302242238,0.9999966869430452,0.9999966702788691,-18.45034932994341,-72.3856338977302,,731.3924859101829,False,False,False,,[]
532,532,533,True,1.0,1.0,532.0,533.0,532.0,533.0,533.0,0.0,50.0,50.0,104.14029708333334,0.5150186419487,0.5150186419487,0.0,1.0,0.5795609434690929,0.5794725930092018,0.9999378868340232,0.9499378800392151,0.9999377075009257,0.999997302242238,0.9999972941732874,0.9999966702788691,0.9999966597206287,-5.840109542349691,-22.900439203768443,,888.9592465354391,False,False,False,,[]
533,533,534,True,1.0,1.0,533.0,534.0,533.0,534.0,534.0,0.0,50.0,50.0,104.14029708333334,0.5150187015533447,0.5150187015533447,0.0,1.0,0.5794725930092018,0.5793842425014208,0.9999377075009257,0.9499377012252808,0.9999375281677226,0.9999972941732874,0.9999972861043361,0.9999966597206287,0.9999966491623892,-5.840109531599402,-22.90045161684002,,888.9592005223582,False,False,False,,[]
534,534,535,True,1.0,1.0,534.0,535.0,534.0,535.0,535.0,0.0,50.0,50.0,104.14029708333334,0.5150187611579895,0.5150187611579895,0.0,1.0,0.5793842425014208,0.579295891944561,0.9999375281677226,0.9499375224113464,0.9999373488344113,0.9999972861043361,0.9999972780353843,0.9999966491623892,0.9999966386041504,-5.840109520849094,-22.90046433807627,,888.9591533591615,False,False,False,,[]
535,535,536,True,1.0,1.0,535.0,536.0,535.0,536.0,536.0,0.0,50.0,50.0,104.14029708333334,0.5150188207626343,0.5150188207626343,0.0,1.0,0.579295891944561,0.5792075413374681,0.9999373488344113,0.9499373435974121,0.9999371695009893,0.9999972780353843,0.9999972699664319,0.9999966386041504,0.9999966280459126,-5.84010951009877,-22.900477358473932,,888.9591051785925,False,False,False,,[]
536,536,537,True,1.0,1.0,536.0,537.0,536.0,537.0,537.0,0.0,50.0,50.0,104.14029708333334,0.5150188207626343,0.5150188207626343,0.0,1.0,0.5792075413374681,0.5791191906788591,0.9999371695009893,0.9499371647834778,0.9999369901674536,0.9999972699664319,0.9999972618974795,0.9999966280459126,0.9999966174876748,-5.84010951009877,-22.900490711460606,,888.9590554839829,False,False,False,,[]
537,537,538,True,1.0,1.0,537.0,538.0,537.0,538.0,538.0,0.0,50.0,50.0,104.14029708333334,0.515018880367279,0.515018880367279,0.0,1.0,0.5791191906788591,0.5790308399678089,0.9999369901674536,0.9499369859695435,0.9999368108338024,0.9999972618974795,0.9999972538285266,0.9999966174876748,0.9999966069294378,-5.840109499348429,-22.900504304193568,,888.9590051724251,False,False,False,,[]
538,538,539,True,1.0,1.0,538.0,539.0,538.0,539.0,539.0,0.0,50.0,50.0,104.14029708333334,0.5150189399719238,0.5150189399719238,0.0,1.0,0.5790308399678089,0.5789424892032621,0.9999368108338024,0.9499368071556091,0.9999366315000331,0.9999972538285266,0.999997245759573,0.9999966069294378,0.9999965963712016,-5.840109488598071,-22.90051817054966,,888.9589537460225,False,False,False,,[]
539,539,540,True,1.0,1.0,539.0,540.0,539.0,540.0,540.0,0.0,50.0,50.0,104.14029708333334,0.5150189995765686,0.5150189995765686,0.0,1.0,0.5789424892032621,0.5788541383841939,0.9999366315000331,0.9499366283416748,0.9999364521661436,0.999997245759573,0.9999972376906189,0.9999965963712016,0.9999965858129664,-5.840109477847698,-22.900532302474534,,888.9589013343601,False,False,False,,[]
540,540,541,True,1.0,1.0,540.0,541.0,540.0,541.0,541.0,0.0,50.0,50.0,104.14029708333334,0.5150190591812134,0.5150190591812134,0.0,1.0,0.5788541383841939,0.5787657875096099,0.9999364521661436,0.9499364495277405,0.9999362728321316,0.9999972376906189,0.9999972296216642,0.9999965858129664,0.9999965752547318,-5.8401094670973075,-22.900546692138477,,888.9588479614778,False,False,False,,[]
541,541,542,True,1.0,1.0,541.0,542.0,541.0,542.0,542.0,0.0,50.0,50.0,104.14029708333334,0.5150191187858582,0.5150191187858582,0.0,1.0,0.5787657875096099,0.5786774365785454,0.9999362728321316,0.9499362707138062,0.9999360934979952,0.9999972296216642,0.9999972215527089,0.9999965752547318,0.9999965646964982,-5.840109456346898,-22.900561331908875,,888.9587937559078,False,False,False,,[]
542,542,543,True,1.0,1.0,542.0,543.0,542.0,543.0,543.0,0.0,50.0,50.0,104.14029708333334,0.5150191783905029,0.5150191783905029,0.0,1.0,0.5786774365785454,0.5785890855900641,0.9999360934979952,0.9499360918998718,0.9999359141637321,0.9999972215527089,0.999997213483753,0.9999965646964982,0.9999965541382654,-5.840109445596472,-22.900576214364,,888.9587385472688,False,False,False,,[]
543,543,544,True,1.0,1.0,543.0,544.0,543.0,544.0,544.0,0.0,50.0,50.0,104.14029708333334,0.5150192379951477,0.5150192379951477,0.0,1.0,0.5785890855900641,0.5785007345432575,0.9999359141637321,0.9499359130859375,0.9999357348293404,0.999997213483753,0.9999972054147965,0.9999965541382654,0.9999965435800334,-5.84010943484603,-22.90059133228382,,888.9586824716386,False,False,False,,[]
544,544,545,True,1.0,1.0,544.0,545.0,544.0,545.0,545.0,0.0,50.0,48.125,-183.68782791666698,0.5150192975997925,0.5150192975997925,0.0,1.0,0.5785007345432575,0.5785962891499296,0.9999357348293404,0.9499357342720032,0.9999355395015708,0.9999972054147965,0.9999971947301339,0.9999965435800334,0.9999965299047225,6.319929056784706,24.767754049421345,,1054.476197721188,False,False,False,,[]
545,545,546,True,1.0,1.0,545.0,546.0,545.0,546.0,546.0,0.0,48.125,46.25,-185.21384415201854,0.5150193572044373,0.5150193572044373,0.0,1.0,0.5785962891499296,0.5786894809000069,0.9999355395015708,0.9499355554580688,0.9999353494436581,0.9999971947301339,0.999997184437713,0.9999965299047225,0.9999965172275169,6.164108247649039,24.155301620066528,,1053.9810433323676,False,False,False,,[]
546,546,547,True,1.0,1.0,546.0,547.0,546.0,547.0,547.0,0.0,46.25,44.375,-186.68154129557226,0.515019416809082,0.515019416809082,0.0,1.0,0.5786894809000069,0.578778744745603,0.9999353494436581,0.9499353170394897,0.9999351680946078,0.999997184437713,0.9999971743169611,0.9999965172275169,0.9999965039824399,5.9046882887038175,23.137188778508193,,1050.1588545954644,False,False,False,,[]
547,547,548,True,1.0,1.0,547.0,548.0,547.0,548.0,548.0,0.0,44.375,42.5,-188.09091934733104,0.5150194764137268,0.5150194764137268,0.0,1.0,0.578778744745603,0.5788644790762781,0.9999351680946078,0.9499351382255554,0.9999349945165127,0.9999971743169611,0.9999971642699608,0.9999965039824399,0.9999964909108671,5.671573358161392,22.22233851100903,,1047.4033252240997,False,False,False,,[]
548,548,549,True,1.0,1.0,548.0,549.0,548.0,549.0,549.0,0.0,42.5,40.625,-189.44197830729198,0.5150195360183716,0.5150195360183716,0.0,1.0,0.5788644790762781,0.5789440891528025,0.9999349945165127,0.9499349594116211,0.9999348343003706,0.9999971642699608,0.9999971543347612,0.9999964909108671,0.9999964748461074,5.2667061851178,20.634931835109956,,1039.0565815638174,False,False,False,,[]
549,549,550,True,1.0,1.0,549.0,550.0,549.0,550.0,550.0,0.0,40.625,38.75,-190.73471817545507,0.5150195360183716,0.5150195360183716,0.0,1.0,0.5789440891528025,0.5790280237175219,0.9999348343003706,0.9499348402023315,0.9999346646650213,0.9999971543347612,0.9999971445658067,0.9999964748461074,0.9999964689143558,5.553239358520075,21.755839175290983,,1054.041024429823,False,False,False,,[]
550,550,551,True,1.0,1.0,550.0,551.0,550.0,551.0,551.0,0.0,38.75,36.875,-191.96913895182323,0.5150195956230164,0.5150195956230164,0.0,1.0,0.5790280237175219,0.5791081574874808,0.9999346646650213,0.9499346613883972,0.9999345033122986,0.9999971445658067,0.9999971348243922,0.9999964689143558,0.9999964632262689,5.3020582028188565,20.770673173325534,,1051.0483641535861,False,False,False,,[]
551,551,552,True,1.0,1.0,551.0,552.0,551.0,552.0,552.0,0.0,36.875,35.0,-193.14524063639354,0.5150196552276611,0.5150196552276611,0.0,1.0,0.5791081574874808,0.5791830331165828,0.9999345033122986,0.9499344825744629,0.9999343533205896,0.9999971348243922,0.9999971236355111,0.9999964632262689,0.9999964577871164,4.954379022724418,19.407763063247604,,1045.2034004344855,False,False,False,,[]
552,552,553,True,1.0,1.0,552.0,553.0,552.0,553.0,553.0,0.0,35.0,35.0,93.56510177083334,0.5150197148323059,0.5150197148323059,0.0,1.0,0.5791830331165828,0.5791288335966351,0.9999343533205896,0.9499343633651733,0.9999342469215188,0.9999971236355111,0.9999971172786267,0.9999964577871164,0.99999645383557,-3.5850313374386125,-14.048515570435931,,930.1046295579818,False,False,False,,[]
553,553,554,True,1.0,1.0,553.0,554.0,553.0,554.0,554.0,0.0,35.0,35.0,93.56510177083334,0.5150197148323059,0.5150197148323059,0.0,1.0,0.5791288335966351,0.5790746340252843,0.9999342469215188,0.9499342441558838,0.9999341405223416,0.9999971172786267,0.9999971109217424,0.99999645383557,0.9999964498840236,-3.5850313374386125,-14.04852889415283,,930.1045758882484,False,False,False,,[]
554,554,555,True,1.0,1.0,554.0,555.0,554.0,555.0,555.0,0.0,35.0,35.0,93.56510177083334,0.5150197744369507,0.5150197744369507,0.0,1.0,0.5790746340252843,0.5790204344021197,0.9999341405223416,0.9499341249465942,0.9999340341230575,0.9999971109217424,0.9999971045648575,0.9999964498840236,0.9999964459324769,-3.5850314049932366,-14.048542324263186,,930.1045211335035,False,False,False,,[]
555,555,556,True,1.0,1.0,555.0,556.0,555.0,556.0,556.0,0.0,35.0,35.0,93.56510177083334,0.5150197744369507,0.5150197744369507,0.0,1.0,0.5790204344021197,0.5789662347287582,0.9999340341230575,0.9499340057373047,0.9999339277236695,0.9999971045648575,0.9999970982079726,0.9999964459324769,0.9999964419809303,-3.5850314049932366,-14.048555335290853,,930.104468728212,False,False,False,,[]
556,556,557,True,1.0,1.0,556.0,557.0,556.0,557.0,557.0,0.0,35.0,35.0,93.56510177083334,0.5150198340415955,0.5150198340415955,0.0,1.0,0.5789662347287582,0.5789120350047585,0.9999339277236695,0.9499338865280151,0.9999338213241769,0.9999970982079726,0.9999970918510871,0.9999964419809303,0.9999964380293834,-3.585031472547847,-14.04856846072507,,930.1044151920955,False,False,False,,[]
557,557,558,True,1.0,1.0,557.0,558.0,557.0,558.0,558.0,0.0,35.0,35.0,93.56510177083334,0.5150198340415955,0.5150198340415955,0.0,1.0,0.5789120350047585,0.5788578352317073,0.9999338213241769,0.9499338269233704,0.9999337149245828,0.9999970918510871,0.9999970854942016,0.9999964380293834,0.9999964340778366,-3.585031472547847,-14.048581174869645,,930.104363989008,False,False,False,,[]
558,558,559,True,1.0,1.0,558.0,559.0,558.0,559.0,559.0,0.0,35.0,35.0,93.56510177083334,0.5150198936462402,0.5150198936462402,0.0,1.0,0.5788578352317073,0.5788036354091339,0.9999337149245828,0.9499337077140808,0.9999336085248864,0.9999970854942016,0.9999970791373155,0.9999964340778366,0.9999964301262895,-3.5850315401024453,-14.048594011012117,,930.1043115239944,False,False,False,,[]
559,559,560,True,1.0,1.0,559.0,560.0,559.0,560.0,560.0,0.0,35.0,35.0,93.56510177083334,0.5150198936462402,0.5150198936462402,0.0,1.0,0.5788036354091339,0.5787494355385967,0.9999336085248864,0.9499335885047913,0.9999335021250909,0.9999970791373155,0.9999970727804294,0.9999964301262895,0.9999964261747424,-3.5850315401024453,-14.048606443245424,,930.104261453958,False,False,False,,[]
560,560,561,True,1.0,1.0,560.0,561.0,560.0,561.0,561.0,0.0,35.0,35.0,93.56510177083334,0.515019953250885,0.515019953250885,0.0,1.0,0.5787494355385967,0.5786952356195972,0.9999335021250909,0.9499334692955017,0.9999333957251951,0.9999970727804294,0.9999970664235427,0.9999964261747424,0.9999964222231951,-3.585031607657029,-14.0486190046554,,930.1042101844245,False,False,False,,[]
561,561,562,True,1.0,1.0,561.0,562.0,561.0,562.0,562.0,0.0,35.0,35.0,93.56510177083334,0.515019953250885,0.515019953250885,0.0,1.0,0.5786952356195972,0.5786410356536669,0.9999333957251951,0.9499334096908569,0.9999332893252024,0.9999970664235427,0.999997060066656,0.9999964222231951,0.9999964182716478,-3.585031607657029,-14.048631169151621,,930.1041612000881,False,False,False,,[]
562,562,563,True,1.0,1.0,562.0,563.0,562.0,563.0,563.0,0.0,35.0,35.0,93.56510177083334,0.5150200128555298,0.5150200128555298,0.0,1.0,0.5786410356536669,0.578586835640281,0.9999332893252024,0.9499332904815674,0.9999331829251116,0.999997060066656,0.9999970537097688,0.9999964182716478,0.9999964143201002,-3.5850316752116003,-14.0486434696228,,930.1041109839838,False,False,False,,[]
563,563,564,True,1.0,1.0,563.0,564.0,563.0,564.0,564.0,0.0,35.0,35.0,93.56510177083334,0.5150200724601746,0.5150200724601746,0.0,1.0,0.578586835640281,0.578532635579924,0.9999331829251116,0.9499331712722778,0.9999330765249236,0.9999970537097688,0.9999970473528809,0.9999964143201002,0.9999964103685525,-3.5850317427661587,-14.048655644561707,,930.1040611772273,False,False,False,,[]
564,564,565,True,1.0,1.0,564.0,565.0,564.0,565.0,565.0,0.0,35.0,35.0,93.56510177083334,0.5150200724601746,0.5150200724601746,0.0,1.0,0.578532635579924,0.5784784354740892,0.9999330765249236,0.9499330520629883,0.9999329701246417,0.9999970473528809,0.999997040995993,0.9999964103685525,0.9999964064170047,-3.5850317427661587,-14.048667432387763,,930.104013709356,False,False,False,,[]
565,565,566,True,1.0,1.0,565.0,566.0,565.0,566.0,566.0,0.0,35.0,33.5,-136.69739822916634,0.5150201320648193,0.5150201320648193,0.0,1.0,0.5784784354740892,0.5785282334770424,0.9999329701246417,0.9499329328536987,0.9999328727862177,0.999997040995993,0.9999970326898378,0.9999964064170047,0.9999964027482409,3.2949333161681955,12.907642365484383,,1028.9010500731622,False,False,False,,[]
566,566,567,True,1.0,1.0,566.0,567.0,566.0,567.0,567.0,0.0,33.5,32.0,-137.5496345572913,0.5150201320648193,0.5150201320648193,0.0,1.0,0.5785282334770424,0.5785740969677221,0.9999328727862177,0.949932873249054,0.9999327834828396,0.9999970326898378,0.9999970245666596,0.9999964027482409,0.9999963968086137,3.0347038446054913,11.88781678417359,,1023.405642810931,False,False,False,,[]
567,567,568,True,1.0,1.0,567.0,568.0,567.0,568.0,568.0,0.0,32.0,28.8571434,-390.55672523833323,0.5150201916694641,0.5150201916694641,0.0,1.0,0.5785740969677221,0.5787081107467718,0.9999327834828396,0.9499327540397644,0.999932499035789,0.9999970245666596,0.9999970116938199,0.9999963968086137,0.9999963874961506,8.87028776402381,34.73637152965587,,1090.9691193983087,False,False,False,,[]
568,568,569,True,1.0,1.0,568.0,569.0,568.0,569.0,569.0,0.0,28.8571434,25.7142849,-392.14342289430266,0.5150202512741089,0.5150202512741089,0.0,1.0,0.5787081107467718,0.5788216769164245,0.999932499035789,0.9499325156211853,0.9999322627630233,0.9999970116938199,0.9999969980603003,0.9999963874961506,0.9999963726211875,7.516986961352028,29.436351173981826,,1065.4510980973896,False,False,False,,[]
569,569,570,True,1.0,1.0,569.0,570.0,569.0,570.0,570.0,0.0,25.7142849,22.5714283,-393.5656839190104,0.5150203108787537,0.5150203108787537,0.0,1.0,0.5788216769164245,0.5789251693339338,0.9999322627630233,0.9499322772026062,0.999932049560018,0.9999969980603003,0.9999969847940036,0.9999963726211875,0.9999963640759834,6.85045258732053,26.82523461840542,,1064.2380653625394,False,False,False,,[]
570,570,571,True,1.0,1.0,570.0,571.0,570.0,571.0,571.0,0.0,22.5714283,19.4285717,-394.82438158996354,0.5150203704833984,0.5150203704833984,0.0,1.0,0.5789251693339338,0.5790202008959218,0.999932049560018,0.9499320387840271,0.9999318554008015,0.9999969847940036,0.9999969788800747,0.9999963640759834,0.99999635592841,6.290627563092977,24.632180867282358,,1065.5915706374024,False,False,False,,[]
571,571,572,True,1.0,1.0,571.0,572.0,571.0,572.0,572.0,0.0,19.4285717,16.2857151,-395.9192251508541,0.5150204300880432,0.5150204300880432,0.0,1.0,0.5790202008959218,0.5790979913709681,0.9999318554008015,0.9499318599700928,0.9999316991250546,0.9999969788800747,0.9999969705112312,0.99999635592841,0.9999963488036964,5.149363395454733,20.163291131990125,,1048.9539940021473,False,False,False,,[]
572,572,573,True,1.0,1.0,572.0,573.0,572.0,573.0,573.0,0.0,16.2857151,13.14285755,-396.85036043459894,0.515020489692688,0.515020489692688,0.0,1.0,0.5790979913709681,0.5791515893328335,0.9999316991250546,0.9499316811561584,0.9999315939688035,0.9999969705112312,0.9999969663461936,0.9999963488036964,0.9999963263824023,3.54783137358232,13.892591715511292,,1016.7726875094843,False,False,False,,[]
573,573,574,True,1.0,1.0,573.0,574.0,573.0,574.0,574.0,0.0,13.14285755,10.0,-397.61749598248434,0.5150205492973328,0.5150205492973328,0.0,1.0,0.5791515893328335,0.5791914750448997,0.9999315939688035,0.9499315619468689,0.9999315167579356,0.9999969663461936,0.9999969605482651,0.9999963263824023,0.999996308716041,2.6401513185246652,10.338376567539575,,1008.7766956254501,False,False,False,,[]
574,574,575,True,1.0,1.0,574.0,575.0,574.0,575.0,575.0,0.0,10.0,6.66666651,-427.46042141075003,0.5150205492973328,0.5150205492973328,0.0,1.0,0.5791914750448997,0.5792172044659143,0.9999315167579356,0.9499315023422241,0.9999314676358599,0.9999969605482651,0.9999969505344515,0.999996308716041,0.9999962950384599,1.703078380964062,6.66906592698524,,997.134055959523,False,False,False,,[]
575,575,576,True,1.0,1.0,575.0,576.0,575.0,576.0,576.0,0.0,6.66666651,3.33333325,-427.92117894523324,0.5150205492973328,0.5150205492973328,0.0,1.0,0.5792172044659143,0.5792312947543763,0.9999314676358599,0.9499314427375793,0.9999314410395355,0.9999969505344515,0.9999969430564966,0.9999962950384599,0.9999962868230655,0.9326487009586054,3.652202769353791,,995.7554001548427,False,False,False,,[]
576,576,577,True,1.0,1.0,576.0,577.0,576.0,577.0,577.0,0.0,3.33333325,0.0,-428.1976530918764,0.5150205492973328,0.5150205492973328,0.0,1.0,0.5792312947543763,0.5792359946144371,0.9999314410395355,0.9499314427375793,0.9999314322493693,0.9999969430564966,0.9999969405622344,0.9999962868230655,0.9999962840828315,0.3110837572896537,1.2182037277574227,,998.5883428688463,False,False,False,,[]
577,577,578,True,1.0,1.0,577.0,578.0,577.0,578.0,578.0,0.0,0.0,0.0,83.40462000000002,0.5150205492973328,0.5150205492973328,0.0,1.0,0.5792359946144371,0.5792359946144371,0.9999314322493693,0.9499314427375793,0.9999314322493693,0.9999969405622344,0.9999969405622344,0.9999962840828315,0.9999962840828315,-0.0,0.0,,1000.0,False,False,False,,[]
578,578,579,True,1.0,1.0,578.0,579.0,578.0,579.0,579.0,0.0,0.0,0.0,83.40462000000002,0.5150205492973328,0.5150205492973328,0.0,1.0,0.5792359946144371,0.5792359946144371,0.9999314322493693,0.9499314427375793,0.9999314322493693,0.9999969405622344,0.9999969405622344,0.9999962840828315,0.9999962840828315,-0.0,0.0,,1000.0,False,False,False,,[]
579,579,580,True,1.0,1.0,579.0,580.0,579.0,580.0,580.0,0.0,0.0,0.0,83.40462000000002,0.5150205492973328,0.5150205492973328,0.0,1.0,0.5792359946144371,0.5792359946144371,0.9999314322493693,0.9499314427375793,0.9999314322493693,0.9999969405622344,0.9999969405622344,0.9999962840828315,0.9999962840828315,-0.0,0.0,,1000.0,False,False,False,,[]
580,580,581,True,1.0,1.0,580.0,581.0,580.0,581.0,581.0,0.0,0.0,0.0,83.40462000000002,0.5150205492973328,0.5150205492973328,0.0,1.0,0.5792359946144371,0.5792359946144371,0.9999314322493693,0.9499314427375793,0.9999314322493693,0.9999969405622344,0.9999969405622344,0.9999962840828315,0.9999962840828315,-0.0,0.0,,1000.0,False,False,False,,[]
581,581,582,True,1.0,1.0,581.0,582.0,581.0,582.0,582.0,0.0,0.0,0.0,83.40462000000002,0.5150205492973328,0.5150205492973328,0.0,1.0,0.5792359946144371,0.5792359946144371,0.9999314322493693,0.9499314427375793,0.9999314322493693,0.9999969405622344,0.9999969405622344,0.9999962840828315,0.9999962840828315,-0.0,0.0,,1000.0,False,False,False,,[]
582,582,583,True,1.0,1.0,582.0,583.0,582.0,583.0,583.0,0.0,0.0,0.0,83.40462000000002,0.5150205492973328,0.5150205492973328,0.0,1.0,0.5792359946144371,0.5792359946144371,0.9999314322493693,0.9499314427375793,0.9999314322493693,0.9999969405622344,0.9999969405622344,0.9999962840828315,0.9999962840828315,-0.0,0.0,,1000.0,False,False,False,,[]
583,583,584,True,1.0,1.0,583.0,584.0,583.0,584.0,584.0,0.0,0.0,0.0,83.40462000000002,0.5150205492973328,0.5150205492973328,0.0,1.0,0.5792359946144371,0.5792359946144371,0.9999314322493693,0.9499314427375793,0.9999314322493693,0.9999969405622344,0.9999969405622344,0.9999962840828315,0.9999962840828315,-0.0,0.0,,1000.0,False,False,False,,[]
584,584,585,True,1.0,1.0,584.0,585.0,584.0,585.0,585.0,0.0,0.0,0.0,83.40462000000002,0.5150205492973328,0.5150205492973328,0.0,1.0,0.5792359946144371,0.5792359946144371,0.9999314322493693,0.9499314427375793,0.9999314322493693,0.9999969405622344,0.9999969405622344,0.9999962840828315,0.9999962840828315,-0.0,0.0,,1000.0,False,False,False,,[]
585,585,586,True,1.0,1.0,585.0,586.0,585.0,586.0,586.0,0.0,0.0,0.0,83.40462000000002,0.5150205492973328,0.5150205492973328,0.0,1.0,0.5792359946144371,0.5792359946144371,0.9999314322493693,0.9499314427375793,0.9999314322493693,0.9999969405622344,0.9999969405622344,0.9999962840828315,0.9999962840828315,-0.0,0.0,,1000.0,False,False,False,,[]
586,586,587,True,1.0,1.0,586.0,587.0,586.0,587.0,587.0,0.0,0.0,0.0,83.40462000000002,0.5150205492973328,0.5150205492973328,0.0,1.0,0.5792359946144371,0.5792359946144371,0.9999314322493693,0.9499314427375793,0.9999314322493693,0.9999969405622344,0.9999969405622344,0.9999962840828315,0.9999962840828315,-0.0,0.0,,1000.0,False,False,False,,[]
587,587,588,True,1.0,1.0,587.0,588.0,587.0,588.0,588.0,0.0,0.0,0.0,83.40462000000002,0.5150205492973328,0.5150205492973328,0.0,1.0,0.5792359946144371,0.5792359946144371,0.9999314322493693,0.9499314427375793,0.9999314322493693,0.9999969405622344,0.9999969405622344,0.9999962840828315,0.9999962840828315,-0.0,0.0,,1000.0,False,False,False,,[]
588,588,589,True,1.0,1.0,588.0,589.0,588.0,589.0,589.0,0.0,0.0,0.0,83.40462000000002,0.5150205492973328,0.5150205492973328,0.0,1.0,0.5792359946144371,0.5792359946144371,0.9999314322493693,0.9499314427375793,0.9999314322493693,0.9999969405622344,0.9999969405622344,0.9999962840828315,0.9999962840828315,-0.0,0.0,,1000.0,False,False,False,,[]
589,589,590,True,1.0,1.0,589.0,590.0,589.0,590.0,590.0,0.0,0.0,0.0,83.40462000000002,0.5150205492973328,0.5150205492973328,0.0,1.0,0.5792359946144371,0.5792359946144371,0.9999314322493693,0.9499314427375793,0.9999314322493693,0.9999969405622344,0.9999969405622344,0.9999962840828315,0.9999962840828315,-0.0,0.0,,1000.0,False,False,False,,[]
590,590,591,True,1.0,1.0,590.0,591.0,590.0,591.0,591.0,0.0,0.0,0.0,83.40462000000002,0.5150205492973328,0.5150205492973328,0.0,1.0,0.5792359946144371,0.5792359946144371,0.9999314322493693,0.9499314427375793,0.9999314322493693,0.9999969405622344,0.9999969405622344,0.9999962840828315,0.9999962840828315,-0.0,0.0,,1000.0,False,False,False,,[]
591,591,592,True,1.0,1.0,591.0,592.0,591.0,592.0,592.0,0.0,0.0,0.0,83.40462000000002,0.5150205492973328,0.5150205492973328,0.0,1.0,0.5792359946144371,0.5792359946144371,0.9999314322493693,0.9499314427375793,0.9999314322493693,0.9999969405622344,0.9999969405622344,0.9999962840828315,0.9999962840828315,-0.0,0.0,,1000.0,False,False,False,,[]
592,592,593,True,1.0,1.0,592.0,593.0,592.0,593.0,593.0,0.0,0.0,0.0,83.40462000000002,0.5150205492973328,0.5150205492973328,0.0,1.0,0.5792359946144371,0.5792359946144371,0.9999314322493693,0.9499314427375793,0.9999314322493693,0.9999969405622344,0.9999969405622344,0.9999962840828315,0.9999962840828315,-0.0,0.0,,1000.0,False,False,False,,[]
593,593,594,True,1.0,1.0,593.0,594.0,593.0,594.0,594.0,0.0,0.0,0.0,83.40462000000002,0.5150205492973328,0.5150205492973328,0.0,1.0,0.5792359946144371,0.5792359946144371,0.9999314322493693,0.9499314427375793,0.9999314322493693,0.9999969405622344,0.9999969405622344,0.9999962840828315,0.9999962840828315,-0.0,0.0,,1000.0,False,False,False,,[]
594,594,595,True,1.0,1.0,594.0,595.0,594.0,595.0,595.0,0.0,0.0,0.0,83.40462000000002,0.5150205492973328,0.5150205492973328,0.0,1.0,0.5792359946144371,0.5792359946144371,0.9999314322493693,0.9499314427375793,0.9999314322493693,0.9999969405622344,0.9999969405622344,0.9999962840828315,0.9999962840828315,-0.0,0.0,,1000.0,False,False,False,,[]
595,595,596,True,1.0,1.0,595.0,596.0,595.0,596.0,596.0,0.0,0.0,3.75,659.0608700000001,0.5150205492973328,0.5150205492973328,0.0,1.0,0.5792359946144371,0.5792047072656464,0.9999314322493693,0.9499314427375793,0.9999313721905514,0.9999969405622344,0.9999969362433073,0.9999962840828315,0.999996279337993,-2.070955473856209,-8.109680806528228,,955.6967685241212,False,False,False,,[]
596,596,597,True,1.0,1.0,596.0,597.0,596.0,597.0,597.0,0.0,3.75,7.5,659.1775081835939,0.5150206089019775,0.5150206089019775,0.0,1.0,0.5792047072656464,0.5791108093626992,0.9999313721905514,0.9499313831329346,0.9999311805601567,0.9999969362433073,0.9999969232842316,0.999996279337993,0.99999626510096,-6.213965951956956,-24.338336443921918,,876.9952345611881,False,False,False,,[]
597,597,598,True,1.0,1.0,597.0,598.0,597.0,598.0,598.0,0.0,7.5,11.25,659.5274227343749,0.5150206685066223,0.5150206685066223,0.0,1.0,0.5791108093626992,0.5789834446273695,0.9999311805601567,0.9499311447143555,0.9999309119785356,0.9999969232842316,0.9999969144638532,0.99999626510096,0.9999962413599787,-8.427553978179182,-33.01293939747365,,842.6131320515273,False,False,False,,[]
598,598,599,True,1.0,1.0,598.0,599.0,598.0,599.0,599.0,0.0,11.25,15.0,660.110613652344,0.5150207281112671,0.5150207281112671,0.0,1.0,0.5789834446273695,0.5788129502360512,0.9999309119785356,0.9499309062957764,0.9999305530624486,0.9999969144638532,0.9999969082841279,0.9999962413599787,0.9999962080932185,-11.279317477288267,-44.192146229722916,,802.6761315812672,False,False,False,,[]
599,599,600,True,1.0,1.0,599.0,600.0,599.0,600.0,600.0,0.0,15.0,15.0,85.27083093750002,0.5150208473205566,0.5150208473205566,0.0,1.0,0.5788129502360512,0.5787848520094414,0.9999305530624486,0.9499305486679077,0.9999304992934425,0.9999969082841279,0.9999969051282539,0.9999962080932185,0.9999962033907477,-1.8595944071303752,-7.283060337252048,,960.3071703781113,False,False,False,,[]
600,600,601,True,1.0,1.0,600.0,601.0,600.0,601.0,601.0,0.0,15.0,15.0,85.27083093750002,0.5150208473205566,0.5150208473205566,0.0,1.0,0.5787848520094414,0.5787567537106577,0.9999304992934425,0.9499304890632629,0.9999304455242944,0.9999969051282539,0.9999969019723799,0.9999962033907477,0.9999961986882768,-1.8595944071303752,-7.283079044723749,,960.3070907354188,False,False,False,,[]
601,601,602,True,1.0,1.0,601.0,602.0,601.0,602.0,602.0,0.0,15.0,15.0,85.27083093750002,0.5150208473205566,0.5150208473205566,0.0,1.0,0.5787567537106577,0.5787286553415327,0.9999304455242944,0.9499304294586182,0.9999303917550081,0.9999969019723799,0.9999968988165059,0.9999961986882768,0.999996193985806,-1.8595944071303752,-7.283097277195338,,960.3070131104133,False,False,False,,[]
602,602,603,True,1.0,1.0,602.0,603.0,602.0,603.0,603.0,0.0,15.0,15.0,85.27083093750002,0.5150209069252014,0.5150209069252014,0.0,1.0,0.5787286553415327,0.5787005569045517,0.9999303917550081,0.9499303698539734,0.9999303379855884,0.9999968988165059,0.9999968956606317,0.999996193985806,0.9999961892833358,-1.8595943606705194,-7.2831148654843005,,960.3069386475374,False,False,False,,[]
603,603,604,True,1.0,1.0,603.0,604.0,603.0,604.0,604.0,0.0,15.0,15.0,85.27083093750002,0.5150209069252014,0.5150209069252014,0.0,1.0,0.5787005569045517,0.5786724584007477,0.9999303379855884,0.9499303102493286,0.9999302842160372,0.9999968956606317,0.9999968925047574,0.9999961892833358,0.9999961845808656,-1.8595943606705194,-7.283132185994917,,960.3068649018702,False,False,False,,[]
604,604,605,True,1.0,1.0,604.0,605.0,604.0,605.0,605.0,0.0,15.0,15.0,85.27083093750002,0.5150209069252014,0.5150209069252014,0.0,1.0,0.5786724584007477,0.5786443598318092,0.9999302842160372,0.9499302506446838,0.9999302304463581,0.9999968925047574,0.9999968893488832,0.9999961845808656,0.9999961798783954,-1.8595943606705194,-7.283149068866219,,960.3067930307549,False,False,False,,[]
605,605,606,True,1.0,1.0,605.0,606.0,605.0,606.0,606.0,0.0,15.0,15.0,85.27083093750002,0.5150209665298462,0.5150209665298462,0.0,1.0,0.5786443598318092,0.5786162612000811,0.9999302304463581,0.9499301910400391,0.9999301766765555,0.9999968893488832,0.9999968861930087,0.9999961798783954,0.9999961751759258,-1.8595943142106595,-7.28316534391176,,960.3067240490163,False,False,False,,[]
606,606,607,True,1.0,1.0,606.0,607.0,606.0,607.0,607.0,0.0,15.0,15.0,85.27083093750002,0.5150209665298462,0.5150209665298462,0.0,1.0,0.5786162612000811,0.5785881625064602,0.9999301766765555,0.9499301910400391,0.9999301229066311,0.9999968861930087,0.9999968830371343,0.9999961751759258,0.9999961704734561,-1.8595943142106595,-7.283181386550232,,960.3066557405618,False,False,False,,[]
607,607,608,True,1.0,1.0,607.0,608.0,607.0,608.0,608.0,0.0,15.0,12.5,-298.50000239583346,0.5150209665298462,0.5150209665298462,0.0,1.0,0.5785881625064602,0.5786231875595552,0.9999301229066311,0.9499301314353943,0.9999300554266727,0.9999968830371343,0.9999968772697866,0.9999961704734561,0.9999961547139973,2.318441892125326,9.07849376224865,,1006.7961262515881,False,False,False,,[]
608,608,609,True,1.0,1.0,608.0,609.0,608.0,609.0,609.0,0.0,12.5,10.0,-299.07023351562515,0.5150209665298462,0.5150209665298462,0.0,1.0,0.5786231875595552,0.5786517629144993,0.9999300554266727,0.9499300718307495,0.9999300007191004,0.9999968772697866,0.9999968723960627,0.9999961547139973,0.9999961417952626,1.8915222408541803,7.406732001487076,,1005.3405087383939,False,False,False,,[]
609,609,610,True,1.0,1.0,609.0,610.0,609.0,610.0,610.0,0.0,10.0,6.66666985,-427.4599086929167,0.5150209665298462,0.5150209665298462,0.0,1.0,0.5786517629144993,0.5786774910670969,0.9999300007191004,0.9499300122261047,0.9999299515995074,0.9999968723960627,0.9999968623822499,0.9999961417952626,0.999996128117707,1.703076742763986,6.6687371532962505,,997.1330678011817,False,False,False,,[]
610,610,611,True,1.0,1.0,610.0,611.0,610.0,611.0,611.0,0.0,6.66666985,3.33299995,-427.97285562119487,0.515021026134491,0.515021026134491,0.0,1.0,0.5786774910670969,0.5786915819308204,0.9999299515995074,0.94992995262146,0.9999299250020821,0.9999968623822499,0.9999968549036318,0.999996128117707,0.9999961199015998,0.9327305522150686,3.6523518771411267,,995.7544969338423,False,False,False,,[]
611,611,612,True,1.0,1.0,611.0,612.0,611.0,612.0,612.0,0.0,3.33299995,0.0,-428.14650719332445,0.515021026134491,0.515021026134491,0.0,1.0,0.5786915819308204,0.5786962805455569,0.9999299250020821,0.9499298930168152,0.9999299162142559,0.9999968549036318,0.9999968524099146,0.9999961199015998,0.9999961171619697,0.31101549846354387,1.2178809397171115,,998.5884801166741,False,False,False,,[]
612,612,613,True,1.0,1.0,612.0,613.0,612.0,613.0,613.0,0.0,0.0,0.0,83.40462000000002,0.515021026134491,0.515021026134491,0.0,1.0,0.5786962805455569,0.5786962805455569,0.9999299162142559,0.9499298930168152,0.9999299162142559,0.9999968524099146,0.9999968524099146,0.9999961171619697,0.9999961171619697,-0.0,0.0,,1000.0,False,False,False,,[]
613,613,614,True,1.0,1.0,613.0,614.0,613.0,614.0,614.0,0.0,0.0,0.0,83.40462000000002,0.515021026134491,0.515021026134491,0.0,1.0,0.5786962805455569,0.5786962805455569,0.9999299162142559,0.9499298930168152,0.9999299162142559,0.9999968524099146,0.9999968524099146,0.9999961171619697,0.9999961171619697,-0.0,0.0,,1000.0,False,False,False,,[]
614,614,615,True,1.0,1.0,614.0,615.0,614.0,615.0,615.0,0.0,0.0,0.0,83.40462000000002,0.515021026134491,0.515021026134491,0.0,1.0,0.5786962805455569,0.5786962805455569,0.9999299162142559,0.9499298930168152,0.9999299162142559,0.9999968524099146,0.9999968524099146,0.9999961171619697,0.9999961171619697,-0.0,0.0,,1000.0,False,False,False,,[]
615,615,616,True,1.0,1.0,615.0,616.0,615.0,616.0,616.0,0.0,0.0,0.0,83.40462000000002,0.515021026134491,0.515021026134491,0.0,1.0,0.5786962805455569,0.5786962805455569,0.9999299162142559,0.9499298930168152,0.9999299162142559,0.9999968524099146,0.9999968524099146,0.9999961171619697,0.9999961171619697,-0.0,0.0,,1000.0,False,False,False,,[]
616,616,617,True,1.0,1.0,616.0,617.0,616.0,617.0,617.0,0.0,0.0,0.0,83.40462000000002,0.515021026134491,0.515021026134491,0.0,1.0,0.5786962805455569,0.5786962805455569,0.9999299162142559,0.9499298930168152,0.9999299162142559,0.9999968524099146,0.9999968524099146,0.9999961171619697,0.9999961171619697,-0.0,0.0,,1000.0,False,False,False,,[]
617,617,618,True,1.0,1.0,617.0,618.0,617.0,618.0,618.0,0.0,0.0,0.0,83.40462000000002,0.515021026134491,0.515021026134491,0.0,1.0,0.5786962805455569,0.5786962805455569,0.9999299162142559,0.9499298930168152,0.9999299162142559,0.9999968524099146,0.9999968524099146,0.9999961171619697,0.9999961171619697,-0.0,0.0,,1000.0,False,False,False,,[]
618,618,619,True,1.0,1.0,618.0,619.0,618.0,619.0,619.0,0.0,0.0,0.0,83.40462000000002,0.515021026134491,0.515021026134491,0.0,1.0,0.5786962805455569,0.5786962805455569,0.9999299162142559,0.9499298930168152,0.9999299162142559,0.9999968524099146,0.9999968524099146,0.9999961171619697,0.9999961171619697,-0.0,0.0,,1000.0,False,False,False,,[]
619,619,620,True,1.0,1.0,619.0,620.0,619.0,620.0,620.0,0.0,0.0,0.0,83.40462000000002,0.515021026134491,0.515021026134491,0.0,1.0,0.5786962805455569,0.5786962805455569,0.9999299162142559,0.9499298930168152,0.9999299162142559,0.9999968524099146,0.9999968524099146,0.9999961171619697,0.9999961171619697,-0.0,0.0,,1000.0,False,False,False,,[]
620,620,621,True,1.0,1.0,620.0,621.0,620.0,621.0,621.0,0.0,0.0,0.0,83.40462000000002,0.515021026134491,0.515021026134491,0.0,1.0,0.5786962805455569,0.5786962805455569,0.9999299162142559,0.9499298930168152,0.9999299162142559,0.9999968524099146,0.9999968524099146,0.9999961171619697,0.9999961171619697,-0.0,0.0,,1000.0,False,False,False,,[]
621,621,622,True,1.0,1.0,621.0,622.0,621.0,622.0,622.0,0.0,0.0,0.0,83.40462000000002,0.515021026134491,0.515021026134491,0.0,1.0,0.5786962805455569,0.5786962805455569,0.9999299162142559,0.9499298930168152,0.9999299162142559,0.9999968524099146,0.9999968524099146,0.9999961171619697,0.9999961171619697,-0.0,0.0,,1000.0,False,False,False,,[]
622,622,623,True,1.0,1.0,622.0,623.0,622.0,623.0,623.0,0.0,0.0,0.0,83.40462000000002,0.515021026134491,0.515021026134491,0.0,1.0,0.5786962805455569,0.5786962805455569,0.9999299162142559,0.9499298930168152,0.9999299162142559,0.9999968524099146,0.9999968524099146,0.9999961171619697,0.9999961171619697,-0.0,0.0,,1000.0,False,False,False,,[]
623,623,624,True,1.0,1.0,623.0,624.0,623.0,624.0,624.0,0.0,0.0,0.0,83.40462000000002,0.515021026134491,0.515021026134491,0.0,1.0,0.5786962805455569,0.5786962805455569,0.9999299162142559,0.9499298930168152,0.9999299162142559,0.9999968524099146,0.9999968524099146,0.9999961171619697,0.9999961171619697,-0.0,0.0,,1000.0,False,False,False,,[]
624,624,625,True,1.0,1.0,624.0,625.0,624.0,625.0,625.0,0.0,0.0,0.0,83.40462000000002,0.515021026134491,0.515021026134491,0.0,1.0,0.5786962805455569,0.5786962805455569,0.9999299162142559,0.9499298930168152,0.9999299162142559,0.9999968524099146,0.9999968524099146,0.9999961171619697,0.9999961171619697,-0.0,0.0,,1000.0,False,False,False,,[]
625,625,626,True,1.0,1.0,625.0,626.0,625.0,626.0,626.0,0.0,0.0,0.0,83.40462000000002,0.515021026134491,0.515021026134491,0.0,1.0,0.5786962805455569,0.5786962805455569,0.9999299162142559,0.9499298930168152,0.9999299162142559,0.9999968524099146,0.9999968524099146,0.9999961171619697,0.9999961171619697,-0.0,0.0,,1000.0,False,False,False,,[]
626,626,627,True,1.0,1.0,626.0,627.0,626.0,627.0,627.0,0.0,0.0,0.0,83.40462000000002,0.515021026134491,0.515021026134491,0.0,1.0,0.5786962805455569,0.5786962805455569,0.9999299162142559,0.9499298930168152,0.9999299162142559,0.9999968524099146,0.9999968524099146,0.9999961171619697,0.9999961171619697,-0.0,0.0,,1000.0,False,False,False,,[]
627,627,628,True,1.0,1.0,627.0,628.0,627.0,628.0,628.0,0.0,0.0,0.0,83.40462000000002,0.515021026134491,0.515021026134491,0.0,1.0,0.5786962805455569,0.5786962805455569,0.9999299162142559,0.9499298930168152,0.9999299162142559,0.9999968524099146,0.9999968524099146,0.9999961171619697,0.9999961171619697,-0.0,0.0,,1000.0,False,False,False,,[]
628,628,629,True,1.0,1.0,628.0,629.0,628.0,629.0,629.0,0.0,0.0,0.0,83.40462000000002,0.515021026134491,0.515021026134491,0.0,1.0,0.5786962805455569,0.5786962805455569,0.9999299162142559,0.9499298930168152,0.9999299162142559,0.9999968524099146,0.9999968524099146,0.9999961171619697,0.9999961171619697,-0.0,0.0,,1000.0,False,False,False,,[]
629,629,630,True,1.0,1.0,629.0,630.0,629.0,630.0,630.0,0.0,0.0,0.0,83.40462000000002,0.515021026134491,0.515021026134491,0.0,1.0,0.5786962805455569,0.5786962805455569,0.9999299162142559,0.9499298930168152,0.9999299162142559,0.9999968524099146,0.9999968524099146,0.9999961171619697,0.9999961171619697,-0.0,0.0,,1000.0,False,False,False,,[]
630,630,631,True,1.0,1.0,630.0,631.0,630.0,631.0,631.0,0.0,0.0,0.0,83.40462000000002,0.515021026134491,0.515021026134491,0.0,1.0,0.5786962805455569,0.5786962805455569,0.9999299162142559,0.9499298930168152,0.9999299162142559,0.9999968524099146,0.9999968524099146,0.9999961171619697,0.9999961171619697,-0.0,0.0,,1000.0,False,False,False,,[]
631,631,632,True,1.0,1.0,631.0,632.0,631.0,632.0,632.0,0.0,0.0,0.0,83.40462000000002,0.515021026134491,0.515021026134491,0.0,1.0,0.5786962805455569,0.5786962805455569,0.9999299162142559,0.9499298930168152,0.9999299162142559,0.9999968524099146,0.9999968524099146,0.9999961171619697,0.9999961171619697,-0.0,0.0,,1000.0,False,False,False,,[]
632,632,633,True,1.0,1.0,632.0,633.0,632.0,633.0,633.0,0.0,0.0,0.0,83.40462000000002,0.515021026134491,0.515021026134491,0.0,1.0,0.5786962805455569,0.5786962805455569,0.9999299162142559,0.9499298930168152,0.9999299162142559,0.9999968524099146,0.9999968524099146,0.9999961171619697,0.9999961171619697,-0.0,0.0,,1000.0,False,False,False,,[]
633,633,634,True,1.0,1.0,633.0,634.0,633.0,634.0,634.0,0.0,0.0,3.0,543.92962,0.515021026134491,0.515021026134491,0.0,1.0,0.5786962805455569,0.5786756246642673,0.9999299162142559,0.9499298930168152,0.9999298769737226,0.9999968524099146,0.9999968495583486,0.9999961171619697,0.9999961140292021,-1.3673444444444445,-5.354004430273562,,970.3422006259931,False,False,False,,[]
634,634,635,True,1.0,1.0,634.0,635.0,634.0,635.0,635.0,0.0,3.0,6.0,544.0042684375,0.515021026134491,0.515021026134491,0.0,1.0,0.5786756246642673,0.5786136401763442,0.9999298769737226,0.9499298930168152,0.9999297543617427,0.9999968495583486,0.9999968410024763,0.9999961140292021,0.9999961046296094,-4.102596292892156,-16.066379269646756,,915.5822618041075,False,False,False,,[]
635,635,636,True,1.0,1.0,635.0,636.0,635.0,636.0,636.0,0.0,6.0,9.0,544.2282137500001,0.5150210857391357,0.5150210857391357,0.0,1.0,0.5786136401763442,0.5785102744448916,0.9999297543617427,0.9499297142028809,0.9999295414461101,0.9999968410024763,0.9999968267368173,0.9999961046296094,0.9999960889571745,-6.840475285947715,-26.79239759253223,,866.1042732991172,False,False,False,,[]
636,636,637,True,1.0,1.0,636.0,637.0,636.0,637.0,637.0,0.0,9.0,12.0,544.6014559374998,0.5150211453437805,0.5150211453437805,0.0,1.0,0.5785102744448916,0.5783977739427,0.9999295414461101,0.9499295353889465,0.9999293076343279,0.9999968267368173,0.999996822658119,0.9999960889571745,0.9999960670007205,-7.444487227914211,-29.1601301680639,,860.6467965546526,False,False,False,,[]
637,637,638,True,1.0,1.0,637.0,638.0,637.0,638.0,638.0,0.0,12.0,15.0,545.1239950000004,0.5150212049484253,0.5150212049484253,0.0,1.0,0.5783977739427,0.5782497416390655,0.9999293076343279,0.9499292969703674,0.999928993080391,0.999996822658119,0.9999968147630737,0.9999960670007205,0.9999960387439113,-9.794226185279582,-38.36997310204901,,822.6122607570114,False,False,False,,[]
638,638,639,True,1.0,1.0,638.0,639.0,638.0,639.0,639.0,0.0,15.0,15.0,85.27083093750002,0.5150213241577148,0.5150213241577148,0.0,1.0,0.5782497416390655,0.5782216443275965,0.999928993080391,0.9499289989471436,0.9999289393131842,0.9999968147630737,0.999996811607198,0.9999960387439113,0.9999960340414452,-1.8595940354514247,-7.282823132773193,,960.3081831126027,False,False,False,,[]
639,639,640,True,1.0,1.0,639.0,640.0,639.0,640.0,640.0,0.0,15.0,15.0,85.27083093750002,0.5150213241577148,0.5150213241577148,0.0,1.0,0.5782216443275965,0.5781935469203532,0.9999289393131842,0.9499289393424988,0.9999288855457891,0.999996811607198,0.9999968084513223,0.9999960340414452,0.9999960293389791,-1.8595940354514247,-7.282847957467752,,960.3080774260582,False,False,False,,[]
640,640,641,True,1.0,1.0,640.0,641.0,640.0,641.0,641.0,0.0,15.0,18.39999962,607.1991059376664,0.5150213241577148,0.5150213241577148,0.0,1.0,0.5781935469203532,0.57803906488682,0.9999288855457891,0.949928879737854,0.9999285581478513,0.9999968084513223,0.9999968011335973,0.9999960293389791,0.9999960134470928,-10.220112414717248,-40.04174309179854,,826.1517076197867,False,False,False,,[]
641,641,642,True,1.0,1.0,641.0,642.0,641.0,642.0,642.0,0.0,18.39999962,21.79999924,608.1410032175127,0.5150214433670044,0.5150214433670044,0.0,1.0,0.57803906488682,0.5778635767888142,0.9999285581478513,0.9499285221099854,0.9999281895127098,0.9999968011335973,0.9999967924148504,0.9999960134470928,0.9999960038685799,-11.608389190913227,-45.48651500312054,,812.5794633800776,False,False,False,,[]
642,642,643,True,1.0,1.0,642.0,643.0,642.0,643.0,643.0,0.0,21.79999924,25.20000076,609.2749556619951,0.515021562576294,0.515021562576294,0.0,1.0,0.5778635767888142,0.5776522243731821,0.9999281895127098,0.9499281644821167,0.9999277526995539,0.9999967924148504,0.9999967797859335,0.9999960038685799,0.9999959897931507,-13.978306327210047,-54.78254613182703,,780.1906003423762,False,False,False,,[]
643,643,644,True,1.0,1.0,643.0,644.0,643.0,644.0,644.0,0.0,25.20000076,28.60000038,610.6000890678702,0.5150216817855835,0.5150216817855835,0.0,1.0,0.5776522243731821,0.577416149162925,0.9999277526995539,0.9499277472496033,0.9999272706444419,0.9999967797859335,0.9999967679058865,0.9999959897931507,0.9999959769223166,-15.610977983660675,-61.19069449861704,,763.9234973591807,False,False,False,,[]
644,644,645,True,1.0,1.0,644.0,645.0,644.0,645.0,645.0,0.0,28.60000038,32.0,612.1172769512846,0.515021800994873,0.515021800994873,0.0,1.0,0.577416149162925,0.577148060976117,0.9999272706444419,0.9499272704124451,0.9999267323027047,0.9999967679058865,0.999996753238055,0.9999959769223166,0.9999959623886663,-17.724587194277714,-69.48845802062736,,740.1246049263458,False,False,False,,[]
645,645,646,True,1.0,1.0,645.0,646.0,645.0,646.0,646.0,0.0,32.0,32.0,91.89795333333335,0.5150219798088074,0.5150219798088074,0.0,1.0,0.577148060976117,0.5770996893626527,0.9999267323027047,0.9499267339706421,0.9999266378842373,0.999996753238055,0.9999967481293595,0.9999959623886663,0.9999959582133678,-3.1999790094541862,-12.53792220995728,,937.1215309765578,False,False,False,,[]
646,646,647,True,1.0,1.0,646.0,647.0,646.0,647.0,647.0,0.0,32.0,32.0,91.89795333333335,0.5150220394134521,0.5150220394134521,0.0,1.0,0.5770996893626527,0.577051317658961,0.9999266378842373,0.9499266147613525,0.9999265434655854,0.9999967481293595,0.9999967430206635,0.9999959582133678,0.9999959540380694,-3.1999790336071827,-12.537945596884658,,937.121435242368,False,False,False,,[]
647,647,648,True,1.0,1.0,647.0,648.0,647.0,648.0,648.0,0.0,32.0,32.0,91.89795333333335,0.5150220394134521,0.5150220394134521,0.0,1.0,0.577051317658961,0.5770029458672632,0.9999265434655854,0.9499265551567078,0.9999264490467537,0.9999967430206635,0.9999967379119676,0.9999959540380694,0.999995949862771,-3.1999790336071827,-12.537968408066131,,937.1213421607661,False,False,False,,[]
648,648,649,True,1.0,1.0,648.0,649.0,648.0,649.0,649.0,0.0,32.0,32.0,91.89795333333335,0.5150220394134521,0.5150220394134521,0.0,1.0,0.5770029458672632,0.5769545739893659,0.9999264490467537,0.9499264359474182,0.9999263546277457,0.9999967379119676,0.9999967328032717,0.999995949862771,0.9999959456874725,-3.1999790336071827,-12.53799075098619,,937.1212509875377,False,False,False,,[]
649,649,650,True,1.0,1.0,649.0,650.0,649.0,650.0,650.0,0.0,32.0,32.0,91.89795333333335,0.5150220990180969,0.5150220990180969,0.0,1.0,0.5769545739893659,0.5769062020266623,0.9999263546277457,0.9499263167381287,0.9999262602085643,0.9999967328032717,0.9999967276945755,0.9999959456874725,0.9999959415121742,-3.199979057760166,-12.538012732780926,,937.1211610865961,False,False,False,,[]
650,650,651,True,1.0,1.0,650.0,651.0,650.0,651.0,651.0,0.0,32.0,32.0,91.89795333333335,0.5150220990180969,0.5150220990180969,0.0,1.0,0.5769062020266623,0.576857829981229,0.9999262602085643,0.9499262571334839,0.9999261657892139,0.9999967276945755,0.9999967225858792,0.9999959415121742,0.9999959373368759,-3.199979057760166,-12.538034176309742,,937.1210735845453,False,False,False,,[]
651,651,652,True,1.0,1.0,651.0,652.0,651.0,652.0,652.0,0.0,32.0,32.0,91.89795333333335,0.5150221586227417,0.5150221586227417,0.0,1.0,0.576857829981229,0.5768094578543669,0.9999261657892139,0.9499261379241943,0.9999260713696969,0.9999967225858792,0.9999967174771827,0.9999959373368759,0.9999959331615775,-3.1999790819131357,-12.538055282679155,,937.1209871566609,False,False,False,,[]
652,652,653,True,1.0,1.0,652.0,653.0,652.0,653.0,653.0,0.0,32.0,32.0,91.89795333333335,0.5150221586227417,0.5150221586227417,0.0,1.0,0.5768094578543669,0.5767610856480624,0.9999260713696969,0.9499260783195496,0.9999259769500175,0.9999967174771827,0.9999967123684861,0.9999959331615775,0.9999959289862792,-3.1999790819131357,-12.53807587411137,,937.1209031265926,False,False,False,,[]
653,653,654,True,1.0,1.0,653.0,654.0,653.0,654.0,654.0,0.0,32.0,32.0,91.89795333333335,0.5150222182273865,0.5150222182273865,0.0,1.0,0.5767610856480624,0.5767127133635288,0.9999259769500175,0.94992595911026,0.9999258825301782,0.9999967123684861,0.9999967072597892,0.9999959289862792,0.9999959248109809,-3.1999791060660923,-12.538096151094043,,937.1208200937618,False,False,False,,[]
654,654,655,True,1.0,1.0,654.0,655.0,654.0,655.0,655.0,0.0,32.0,32.0,91.89795333333335,0.5150222182273865,0.5150222182273865,0.0,1.0,0.5767127133635288,0.5766643410026676,0.9999258825301782,0.9499258995056152,0.9999257881101828,0.9999967072597892,0.9999967021510923,0.9999959248109809,0.9999959206356825,-3.1999791060660923,-12.538115935221354,,937.120739354811,False,False,False,,[]
655,655,656,True,1.0,1.0,655.0,656.0,655.0,656.0,656.0,0.0,32.0,32.0,91.89795333333335,0.5150222778320312,0.5150222778320312,0.0,1.0,0.5766643410026676,0.576615968566609,0.9999257881101828,0.9499257802963257,0.9999256936900338,0.9999967021510923,0.999996697042395,0.9999959206356825,0.9999959164603842,-3.1999791302190355,-12.53813542638502,,937.120659530417,False,False,False,,[]
656,656,657,True,1.0,1.0,656.0,657.0,656.0,657.0,657.0,0.0,32.0,32.0,91.89795333333335,0.5150222778320312,0.5150222778320312,0.0,1.0,0.576615968566609,0.5765675960571738,0.9999256936900338,0.9499256610870361,0.9999255992697348,0.999996697042395,0.9999966919336978,0.9999959164603842,0.9999959122850859,-3.1999791302190355,-12.5381544456062,,937.1205819192691,False,False,False,,[]
657,657,658,True,1.0,1.0,657.0,658.0,657.0,658.0,658.0,0.0,32.0,32.0,91.89795333333335,0.515022337436676,0.515022337436676,0.0,1.0,0.5765675960571738,0.5765192234754137,0.9999255992697348,0.9499256014823914,0.9999255048492879,0.9999966919336978,0.9999966868250002,0.9999959122850859,0.9999959081097876,-3.1999791543719653,-12.53817319221276,,937.1205051245925,False,False,False,,[]
658,658,659,True,1.0,1.0,658.0,659.0,658.0,659.0,659.0,0.0,32.0,32.0,91.89795333333335,0.515022337436676,0.515022337436676,0.0,1.0,0.5765192234754137,0.5764708508230731,0.9999255048492879,0.9499254822731018,0.9999254104286966,0.9999966868250002,0.9999966817163026,0.9999959081097876,0.9999959039344892,-3.1999791543719653,-12.538191486675766,,937.1204304662333,False,False,False,,[]
659,659,660,True,1.0,1.0,659.0,660.0,659.0,660.0,660.0,0.0,32.0,32.0,91.89795333333335,0.5150223970413208,0.5150223970413208,0.0,1.0,0.5764708508230731,0.5764224781011296,0.9999254104286966,0.949925422668457,0.9999253160079632,0.9999966817163026,0.9999966766076048,0.9999959039344892,0.999995899759191,-3.199979178524882,-12.538209527782152,,937.1203567541157,False,False,False,,[]
660,660,661,True,1.0,1.0,660.0,661.0,660.0,661.0,661.0,0.0,32.0,32.0,91.89795333333335,0.5150223970413208,0.5150223970413208,0.0,1.0,0.5764224781011296,0.576374105311255,0.9999253160079632,0.9499253034591675,0.9999252215870909,0.9999966766076048,0.999996671498907,0.999995899759191,0.9999958955838928,-3.199979178524882,-12.53822713548956,,937.1202849003438,False,False,False,,[]
661,661,662,True,1.0,1.0,661.0,662.0,661.0,662.0,662.0,0.0,32.0,32.0,91.89795333333335,0.5150224566459656,0.5150224566459656,0.0,1.0,0.576374105311255,0.5763257324543565,0.9999252215870909,0.9499251842498779,0.9999251271660815,0.999996671498907,0.9999966663902089,0.9999958955838928,0.9999958914085946,-3.1999792026777847,-12.538244508089836,,937.120213716402,False,False,False,,[]
662,662,663,True,1.0,1.0,662.0,663.0,662.0,663.0,663.0,0.0,32.0,32.0,91.89795333333335,0.5150224566459656,0.5150224566459656,0.0,1.0,0.5763257324543565,0.5762773595320376,0.9999251271660815,0.9499251246452332,0.9999250327449384,0.9999966663902089,0.9999966612815108,0.9999958914085946,0.9999958872332964,-3.1999792026777847,-12.538261465036364,,937.1201445159935,False,False,False,,[]
663,663,664,True,1.0,1.0,663.0,664.0,663.0,664.0,664.0,0.0,32.0,32.0,91.89795333333335,0.5150225162506104,0.5150225162506104,0.0,1.0,0.5762773595320376,0.576228986545139,0.9999250327449384,0.9499250054359436,0.9999249383236632,0.9999966612815108,0.9999966561728123,0.9999958872332964,0.9999958830579981,-3.1999792268306755,-12.538278204135073,,937.1200759172624,False,False,False,,[]
664,664,665,True,1.0,1.0,664.0,665.0,664.0,665.0,665.0,0.0,32.0,32.0,91.89795333333335,0.5150225162506104,0.5150225162506104,0.0,1.0,0.576228986545139,0.5761806134951992,0.9999249383236632,0.9499249458312988,0.9999248439022592,0.9999966561728123,0.9999966510641138,0.9999958830579981,0.9999958788826999,-3.1999792268306755,-12.538294544380932,,937.1200092352763,False,False,False,,[]
665,665,666,True,1.0,1.0,665.0,666.0,665.0,666.0,666.0,0.0,32.0,32.0,91.89795333333335,0.5150225758552551,0.5150225758552551,0.0,1.0,0.5761806134951992,0.5761322403829958,0.9999248439022592,0.9499248266220093,0.999924749480728,0.9999966510641138,0.999996645955415,0.9999958788826999,0.9999958747074017,-3.1999792509835516,-12.538310683135206,,937.1199430898372,False,False,False,,[]
666,666,667,True,1.0,1.0,666.0,667.0,666.0,667.0,667.0,0.0,32.0,32.0,91.89795333333335,0.5150225758552551,0.5150225758552551,0.0,1.0,0.5761322403829958,0.576083867210006,0.999924749480728,0.9499247670173645,0.9999246550590724,0.999996645955415,0.9999966408467162,0.9999958747074017,0.9999958705321035,-3.1999792509835516,-12.53832643894362,,937.119878787725,False,False,False,,[]
667,667,668,True,1.0,1.0,667.0,668.0,667.0,668.0,668.0,0.0,32.0,32.0,91.89795333333335,0.5150226354598999,0.5150226354598999,0.0,1.0,0.576083867210006,0.5760354939769476,0.9999246550590724,0.949924647808075,0.999924560637294,0.9999966408467162,0.9999966357380171,0.9999958705321035,0.9999958663568054,-3.199979275136416,-12.538342008741116,,937.1198150574538,False,False,False,,[]
668,668,669,True,1.0,1.0,668.0,669.0,668.0,669.0,669.0,0.0,32.0,32.0,91.89795333333335,0.5150226354598999,0.5150226354598999,0.0,1.0,0.5760354939769476,0.5759871206852398,0.999924560637294,0.9499245285987854,0.9999244662153957,0.9999966357380171,0.999996630629318,0.9999958663568054,0.9999958621815073,-3.199979275136416,-12.53835721065167,,937.1197530220173,False,False,False,,[]
669,669,670,True,1.0,1.0,669.0,670.0,669.0,670.0,670.0,0.0,32.0,29.25,-330.2499633333336,0.5150226354598999,0.5150226354598999,0.0,1.0,0.5759871206852398,0.5761011539252024,0.9999244662153957,0.9499244689941406,0.9999242288624706,0.999996630629318,0.9999966196820376,0.9999958621815073,0.9999958542150379,7.5473497904893865,29.557415798320203,,1076.8716163189652,False,False,False,,[]
670,670,671,True,1.0,1.0,670.0,671.0,670.0,671.0,671.0,0.0,29.25,26.5,-331.6470295768232,0.5150227546691895,0.5150227546691895,0.0,1.0,0.5761011539252024,0.5761975523445025,0.9999242288624706,0.9499242305755615,0.9999240316470939,0.9999966196820376,0.9999966063200586,0.9999958542150379,0.9999958410478041,6.3802748365038005,24.98647028259011,,1052.795226451353,False,False,False,,[]
671,671,672,True,1.0,1.0,671.0,672.0,671.0,672.0,672.0,0.0,26.5,23.75,-332.91864497395807,0.5150228142738342,0.5150228142738342,0.0,1.0,0.5761975523445025,0.5762870736166108,0.9999240316470939,0.9499239921569824,0.9999238497292471,0.9999966063200586,0.9999965966596392,0.9999958410478041,0.9999958291816275,5.925332082262676,23.20391373046501,,1052.4132214598262,False,False,False,,[]
672,672,673,True,1.0,1.0,672.0,673.0,672.0,673.0,673.0,0.0,23.75,21.0,-334.06480952473987,0.515022873878479,0.515022873878479,0.0,1.0,0.5762870736166108,0.5763592504164393,0.9999238497292471,0.9499238133430481,0.999923705525091,0.9999965966596392,0.9999965796072655,0.9999958291816275,0.999995818615368,4.777323946149639,18.70822651555166,,1031.074259239179,False,False,False,,[]
673,673,674,True,1.0,1.0,673.0,674.0,673.0,674.0,674.0,0.0,21.0,18.25,-335.0855232291664,0.515022873878479,0.515022873878479,0.0,1.0,0.5763592504164393,0.576435670716528,0.999923705525091,0.9499236941337585,0.9999235522075761,0.9999965796072655,0.9999965749167532,0.999995818615368,0.9999958134623482,5.058502610286454,19.80814178299654,,1054.0129089055022,False,False,False,,[]
674,674,675,True,1.0,1.0,674.0,675.0,674.0,675.0,675.0,0.0,18.25,15.5,-335.98078608723984,0.5150229334831238,0.5150229334831238,0.0,1.0,0.576435670716528,0.5764966020998769,0.9999235522075761,0.9499235153198242,0.9999234318028574,0.9999965749167532,0.9999965702709379,0.9999958134623482,0.9999958035200537,4.033236458024628,15.793414564016883,,1035.521281102255,False,False,False,,[]
675,675,676,True,1.0,1.0,675.0,676.0,675.0,676.0,676.0,0.0,15.5,12.75,-336.75059809895833,0.5150229930877686,0.5150229930877686,0.0,1.0,0.5764966020998769,0.5765372528776658,0.9999234318028574,0.9499233961105347,0.999923353052055,0.9999965702709379,0.9999965636497206,0.9999958035200537,0.9999957852563319,2.690734654909302,10.536681602897694,,1007.9535177344525,False,False,False,,[]
676,676,677,True,1.0,1.0,676.0,677.0,676.0,677.0,677.0,0.0,12.75,10.0,-337.39495926432295,0.5150229930877686,0.5150229930877686,0.0,1.0,0.5765372528776658,0.5765707963748316,0.999923353052055,0.9499233365058899,0.9999232885200893,0.9999965636497206,0.9999965591060354,0.9999957852563319,0.9999957705202358,2.2203090732993087,8.694474465370707,,1007.872003698199,False,False,False,,[]
677,677,678,True,1.0,1.0,677.0,678.0,677.0,678.0,678.0,0.0,10.0,6.66666698,-427.4603492618334,0.5150229930877686,0.5150229930877686,0.0,1.0,0.5765707963748316,0.576596525760787,0.9999232885200893,0.9499232769012451,0.9999232393980823,0.9999965591060354,0.9999965490921867,0.9999957705202358,0.9999957568427256,1.7030795428787668,6.669056839666243,,997.1340635778714,False,False,False,,[]
678,678,679,True,1.0,1.0,678.0,679.0,678.0,679.0,679.0,0.0,6.66666698,3.33333325,-427.92125104217246,0.5150230526924133,0.5150230526924133,0.0,1.0,0.576596525760787,0.5766106160291892,0.9999232393980823,0.9499232172966003,0.9999232128017962,0.9999965490921867,0.9999965416141938,0.9999957568427256,0.9999957486273718,0.9326489019274539,3.652197569835842,,995.7553867157251,False,False,False,,[]
679,679,680,True,1.0,1.0,679.0,680.0,679.0,680.0,680.0,0.0,3.33333325,0.0,-428.1976530918764,0.5150230526924133,0.5150230526924133,0.0,1.0,0.5766106160291892,0.57661531588338,0.9999232128017962,0.9499232172966003,0.9999232040116411,0.9999965416141938,0.9999965391199196,0.9999957486273718,0.9999957458871519,0.3110837572896537,1.2182022062653863,,998.5883401152902,False,False,False,,[]
680,680,681,True,1.0,1.0,680.0,681.0,680.0,681.0,681.0,0.0,0.0,0.0,83.40462000000002,0.5150230526924133,0.5150230526924133,0.0,1.0,0.57661531588338,0.57661531588338,0.9999232040116411,0.9499232172966003,0.9999232040116411,0.9999965391199196,0.9999965391199196,0.9999957458871519,0.9999957458871519,-0.0,0.0,,1000.0,False,False,False,,[]
681,681,682,True,1.0,1.0,681.0,682.0,681.0,682.0,682.0,0.0,0.0,0.0,83.40462000000002,0.5150230526924133,0.5150230526924133,0.0,1.0,0.57661531588338,0.57661531588338,0.9999232040116411,0.9499232172966003,0.9999232040116411,0.9999965391199196,0.9999965391199196,0.9999957458871519,0.9999957458871519,-0.0,0.0,,1000.0,False,False,False,,[]
682,682,683,True,1.0,1.0,682.0,683.0,682.0,683.0,683.0,0.0,0.0,0.0,83.40462000000002,0.5150230526924133,0.5150230526924133,0.0,1.0,0.57661531588338,0.57661531588338,0.9999232040116411,0.9499232172966003,0.9999232040116411,0.9999965391199196,0.9999965391199196,0.9999957458871519,0.9999957458871519,-0.0,0.0,,1000.0,False,False,False,,[]
683,683,684,True,1.0,1.0,683.0,684.0,683.0,684.0,684.0,0.0,0.0,0.0,83.40462000000002,0.5150230526924133,0.5150230526924133,0.0,1.0,0.57661531588338,0.57661531588338,0.9999232040116411,0.9499232172966003,0.9999232040116411,0.9999965391199196,0.9999965391199196,0.9999957458871519,0.9999957458871519,-0.0,0.0,,1000.0,False,False,False,,[]
684,684,685,True,1.0,1.0,684.0,685.0,684.0,685.0,685.0,0.0,0.0,0.0,83.40462000000002,0.5150230526924133,0.5150230526924133,0.0,1.0,0.57661531588338,0.57661531588338,0.9999232040116411,0.9499232172966003,0.9999232040116411,0.9999965391199196,0.9999965391199196,0.9999957458871519,0.9999957458871519,-0.0,0.0,,1000.0,False,False,False,,[]
685,685,686,True,1.0,1.0,685.0,686.0,685.0,686.0,686.0,0.0,0.0,0.0,83.40462000000002,0.5150230526924133,0.5150230526924133,0.0,1.0,0.57661531588338,0.57661531588338,0.9999232040116411,0.9499232172966003,0.9999232040116411,0.9999965391199196,0.9999965391199196,0.9999957458871519,0.9999957458871519,-0.0,0.0,,1000.0,False,False,False,,[]
686,686,687,True,1.0,1.0,686.0,687.0,686.0,687.0,687.0,0.0,0.0,0.0,83.40462000000002,0.5150230526924133,0.5150230526924133,0.0,1.0,0.57661531588338,0.57661531588338,0.9999232040116411,0.9499232172966003,0.9999232040116411,0.9999965391199196,0.9999965391199196,0.9999957458871519,0.9999957458871519,-0.0,0.0,,1000.0,False,False,False,,[]
687,687,688,True,1.0,1.0,687.0,688.0,687.0,688.0,688.0,0.0,0.0,0.0,83.40462000000002,0.5150230526924133,0.5150230526924133,0.0,1.0,0.57661531588338,0.57661531588338,0.9999232040116411,0.9499232172966003,0.9999232040116411,0.9999965391199196,0.9999965391199196,0.9999957458871519,0.9999957458871519,-0.0,0.0,,1000.0,False,False,False,,[]
688,688,689,True,1.0,1.0,688.0,689.0,688.0,689.0,689.0,0.0,0.0,0.0,83.40462000000002,0.5150230526924133,0.5150230526924133,0.0,1.0,0.57661531588338,0.57661531588338,0.9999232040116411,0.9499232172966003,0.9999232040116411,0.9999965391199196,0.9999965391199196,0.9999957458871519,0.9999957458871519,-0.0,0.0,,1000.0,False,False,False,,[]
689,689,690,True,1.0,1.0,689.0,690.0,689.0,690.0,690.0,0.0,0.0,0.0,83.40462000000002,0.5150230526924133,0.5150230526924133,0.0,1.0,0.57661531588338,0.57661531588338,0.9999232040116411,0.9499232172966003,0.9999232040116411,0.9999965391199196,0.9999965391199196,0.9999957458871519,0.9999957458871519,-0.0,0.0,,1000.0,False,False,False,,[]
690,690,691,True,1.0,1.0,690.0,691.0,690.0,691.0,691.0,0.0,0.0,0.0,83.40462000000002,0.5150230526924133,0.5150230526924133,0.0,1.0,0.57661531588338,0.57661531588338,0.9999232040116411,0.9499232172966003,0.9999232040116411,0.9999965391199196,0.9999965391199196,0.9999957458871519,0.9999957458871519,-0.0,0.0,,1000.0,False,False,False,,[]
691,691,692,True,1.0,1.0,691.0,692.0,691.0,692.0,692.0,0.0,0.0,0.0,83.40462000000002,0.5150230526924133,0.5150230526924133,0.0,1.0,0.57661531588338,0.57661531588338,0.9999232040116411,0.9499232172966003,0.9999232040116411,0.9999965391199196,0.9999965391199196,0.9999957458871519,0.9999957458871519,-0.0,0.0,,1000.0,False,False,False,,[]
692,692,693,True,1.0,1.0,692.0,693.0,692.0,693.0,693.0,0.0,0.0,0.0,83.40462000000002,0.5150230526924133,0.5150230526924133,0.0,1.0,0.57661531588338,0.57661531588338,0.9999232040116411,0.9499232172966003,0.9999232040116411,0.9999965391199196,0.9999965391199196,0.9999957458871519,0.9999957458871519,-0.0,0.0,,1000.0,False,False,False,,[]
693,693,694,True,1.0,1.0,693.0,694.0,693.0,694.0,694.0,0.0,0.0,0.0,83.40462000000002,0.5150230526924133,0.5150230526924133,0.0,1.0,0.57661531588338,0.57661531588338,0.9999232040116411,0.9499232172966003,0.9999232040116411,0.9999965391199196,0.9999965391199196,0.9999957458871519,0.9999957458871519,-0.0,0.0,,1000.0,False,False,False,,[]
694,694,695,True,1.0,1.0,694.0,695.0,694.0,695.0,695.0,0.0,0.0,0.0,83.40462000000002,0.5150230526924133,0.5150230526924133,0.0,1.0,0.57661531588338,0.57661531588338,0.9999232040116411,0.9499232172966003,0.9999232040116411,0.9999965391199196,0.9999965391199196,0.9999957458871519,0.9999957458871519,-0.0,0.0,,1000.0,False,False,False,,[]
695,695,696,True,1.0,1.0,695.0,696.0,695.0,696.0,696.0,0.0,0.0,0.0,83.40462000000002,0.5150230526924133,0.5150230526924133,0.0,1.0,0.57661531588338,0.57661531588338,0.9999232040116411,0.9499232172966003,0.9999232040116411,0.9999965391199196,0.9999965391199196,0.9999957458871519,0.9999957458871519,-0.0,0.0,,1000.0,False,False,False,,[]
696,696,697,True,1.0,1.0,696.0,697.0,696.0,697.0,697.0,0.0,0.0,0.0,83.40462000000002,0.5150230526924133,0.5150230526924133,0.0,1.0,0.57661531588338,0.57661531588338,0.9999232040116411,0.9499232172966003,0.9999232040116411,0.9999965391199196,0.9999965391199196,0.9999957458871519,0.9999957458871519,-0.0,0.0,,1000.0,False,False,False,,[]
697,697,698,True,1.0,1.0,697.0,698.0,697.0,698.0,698.0,0.0,0.0,0.0,83.40462000000002,0.5150230526924133,0.5150230526924133,0.0,1.0,0.57661531588338,0.57661531588338,0.9999232040116411,0.9499232172966003,0.9999232040116411,0.9999965391199196,0.9999965391199196,0.9999957458871519,0.9999957458871519,-0.0,0.0,,1000.0,False,False,False,,[]
698,698,699,True,1.0,1.0,698.0,699.0,698.0,699.0,699.0,0.0,0.0,0.0,83.40462000000002,0.5150230526924133,0.5150230526924133,0.0,1.0,0.57661531588338,0.57661531588338,0.9999232040116411,0.9499232172966003,0.9999232040116411,0.9999965391199196,0.9999965391199196,0.9999957458871519,0.9999957458871519,-0.0,0.0,,1000.0,False,False,False,,[]
699,699,700,True,1.0,1.0,699.0,700.0,699.0,700.0,700.0,0.0,0.0,0.0,83.40462000000002,0.5150230526924133,0.5150230526924133,0.0,1.0,0.57661531588338,0.57661531588338,0.9999232040116411,0.9499232172966003,0.9999232040116411,0.9999965391199196,0.9999965391199196,0.9999957458871519,0.9999957458871519,-0.0,0.0,,1000.0,False,False,False,,[]
700,700,701,True,1.0,1.0,700.0,701.0,700.0,701.0,701.0,0.0,0.0,0.0,83.40462000000002,0.5150230526924133,0.5150230526924133,0.0,1.0,0.57661531588338,0.57661531588338,0.9999232040116411,0.9499232172966003,0.9999232040116411,0.9999965391199196,0.9999965391199196,0.9999957458871519,0.9999957458871519,-0.0,0.0,,1000.0,False,False,False,,[]
701,701,702,True,1.0,1.0,701.0,702.0,701.0,702.0,702.0,0.0,0.0,3.0,543.92962,0.5150230526924133,0.5150230526924133,0.0,1.0,0.57661531588338,0.5765946593834047,0.9999232040116411,0.9499232172966003,0.9999231647699088,0.9999965391199196,0.9999965362683423,0.9999957458871519,0.9999957427543974,-1.3673444444444445,-5.354164793594178,,970.3415069740727,False,False,False,,[]
702,702,703,True,1.0,1.0,702.0,703.0,702.0,703.0,703.0,0.0,3.0,6.0,544.0042684375,0.5150230526924133,0.5150230526924133,0.0,1.0,0.5765946593834047,0.576532673066932,0.9999231647699088,0.9499231576919556,0.9999230421540926,0.9999965362683423,0.9999965277124363,0.9999957427543974,0.999995733354844,-4.102596292892155,-16.066853229729407,,915.580412004934,False,False,False,,[]
703,703,704,True,1.0,1.0,703.0,704.0,703.0,704.0,704.0,0.0,6.0,9.0,544.2282137500001,0.5150231122970581,0.5150231122970581,0.0,1.0,0.576532673066932,0.5764293043297097,0.9999230421540926,0.949923038482666,0.9999228292316426,0.9999965277124363,0.9999965134467212,0.999995733354844,0.9999957176824746,-6.840475285947714,-26.79317668801398,,866.1015142482202,False,False,False,,[]
704,704,705,True,1.0,1.0,704.0,705.0,704.0,705.0,705.0,0.0,9.0,12.0,544.6014559374998,0.5150231719017029,0.5150231719017029,0.0,1.0,0.5764293043297097,0.5763168007280349,0.9999228292316426,0.9499228000640869,0.9999225954127097,0.9999965134467212,0.9999965093680069,0.9999957176824746,0.9999956957261125,-7.444478812157388,-29.160933554100023,,860.644027248112,False,False,False,,[]
705,705,706,True,1.0,1.0,705.0,706.0,705.0,706.0,706.0,0.0,12.0,15.0,545.1239950000004,0.5150232315063477,0.5150232315063477,0.0,1.0,0.5763168007280349,0.5761687643902448,0.9999225954127097,0.9499225616455078,0.999922280850713,0.9999965093680069,0.9999965014729341,0.9999956957261125,0.9999956674694214,-9.794215893197027,-38.37101875519473,,822.6090467996088,False,False,False,,[]
706,706,707,True,1.0,1.0,706.0,707.0,706.0,707.0,707.0,0.0,15.0,15.0,85.27083093750002,0.5150233507156372,0.5150233507156372,0.0,1.0,0.5761687643902448,0.5761406663180858,0.999922280850713,0.9499222636222839,0.9999222270820106,0.9999965014729341,0.9999964983170511,0.9999956674694214,0.9999956627669752,-1.8595924558133001,-7.283020303614855,,960.3073552593534,False,False,False,,[]
707,707,708,True,1.0,1.0,707.0,708.0,707.0,708.0,708.0,0.0,15.0,15.0,85.27083093750002,0.5150233507156372,0.5150233507156372,0.0,1.0,0.5761406663180858,0.5761125681615349,0.9999222270820106,0.9499222040176392,0.9999221733131423,0.9999964983170511,0.9999964951611681,0.9999956627669752,0.999995658064529,-1.8595924558133001,-7.2830421780076176,,960.3072621275826,False,False,False,,[]
708,708,709,True,1.0,1.0,708.0,709.0,708.0,709.0,709.0,0.0,15.0,17.22220039,426.39710913908345,0.5150233507156372,0.5150233507156372,0.0,1.0,0.5761125681615349,0.5760004553887036,0.9999221733131423,0.9499221444129944,0.9999219403955479,0.9999964951611681,0.9999964902611825,0.999995658064529,0.9999956420087402,-7.417865114472966,-29.05963071787523,,864.7823644473641,False,False,False,,[]
709,709,710,True,1.0,1.0,709.0,710.0,709.0,710.0,710.0,0.0,17.22220039,19.44440079,426.99101518791775,0.515023410320282,0.515023410320282,0.0,1.0,0.5760004553887036,0.5758816052949716,0.9999219403955479,0.9499219059944153,0.9999216918482058,0.9999964902611825,0.9999964796140562,0.9999956420087402,0.9999956358745761,-7.863165776140994,-30.805944295337895,,861.7078516762574,False,False,False,,[]
710,710,711,True,1.0,1.0,710.0,711.0,710.0,711.0,711.0,0.0,19.44440079,21.66659927,427.6665420835615,0.5150234699249268,0.5150234699249268,0.0,1.0,0.5758816052949716,0.5757554124833287,0.9999216918482058,0.9499216675758362,0.9999214260427988,0.9999964796140562,0.9999964733437497,0.9999956358745761,0.9999956289860031,-8.348432686257022,-32.70917677781885,,857.6827818521238,False,False,False,,[]
711,711,712,True,1.0,1.0,711.0,712.0,711.0,712.0,712.0,0.0,21.66659927,23.88879967,428.4245748765282,0.5150235891342163,0.5150235891342163,0.0,1.0,0.5757554124833287,0.5755998552245266,0.9999214260427988,0.9499214291572571,0.9999210965118371,0.9999964733437497,0.9999964590068035,0.9999956289860031,0.9999956159051264,-10.289683892159548,-40.32044148149702,,822.4169964246992,False,False,False,,[]
712,712,713,True,1.0,1.0,712.0,713.0,712.0,713.0,713.0,0.0,23.88879967,26.11100006,429.2642291331187,0.5150237083435059,0.5150237083435059,0.0,1.0,0.5755998552245266,0.5754352359912346,0.9999210965118371,0.9499210715293884,0.99992074909816,0.9999964590068035,0.9999964480739761,0.9999956159051264,0.9999956013796788,-10.888211949095334,-42.669305269288685,,816.447247542653,False,False,False,,[]
713,713,714,True,1.0,1.0,713.0,714.0,713.0,714.0,714.0,0.0,26.11100006,28.33320045,430.18580203586635,0.5150237679481506,0.5150237679481506,0.0,1.0,0.5754352359912346,0.5752563125474633,0.99992074909816,0.9499207139015198,0.9999203738080988,0.9999964480739761,0.9999964344771399,0.9999956013796788,0.9999955880931322,-11.833119314352782,-46.37695662551316,,804.2879274199278,False,False,False,,[]
714,714,715,True,1.0,1.0,714.0,715.0,714.0,715.0,715.0,0.0,28.33320045,30.55540085,431.18929358836357,0.5150238871574402,0.5150238871574402,0.0,1.0,0.5752563125474633,0.5750711492213276,0.9999203738080988,0.9499203562736511,0.9999199864960234,0.9999964344771399,0.9999964230292986,0.9999955880931322,0.9999955781444677,-12.24480839700926,-47.99433413437775,,803.0251309192903,False,False,False,,[]
715,715,716,True,1.0,1.0,715.0,716.0,715.0,716.0,716.0,0.0,30.55540085,32.77759933,432.2744059895129,0.5150240063667297,0.5150240063667297,0.0,1.0,0.5750711492213276,0.574866740810363,0.9999199864960234,0.9499199986457825,0.999919562654255,0.9999964230292986,0.9999964092683701,0.9999955781444677,0.9999955644910768,-13.515824673107351,-52.98266012202692,,784.8018986277334,False,False,False,,[]
716,716,717,True,1.0,1.0,716.0,717.0,716.0,717.0,717.0,0.0,32.77759933,35.0,433.47276704801527,0.5150241255760193,0.5150241255760193,0.0,1.0,0.574866740810363,0.5746470677580923,0.999919562654255,0.9499195218086243,0.99991911044863,0.9999964092683701,0.9999963977883249,0.9999955644910768,0.9999955459067041,-14.523454351801934,-56.93925514859738,,772.2257979163157,False,False,False,,[]
717,717,718,True,1.0,1.0,717.0,718.0,717.0,718.0,718.0,0.0,35.0,35.0,93.56510177083334,0.5150242447853088,0.5150242447853088,0.0,1.0,0.5746470677580923,0.5745928669314545,0.99991911044863,0.9499191045761108,0.9999190040468581,0.9999963977883249,0.9999963914313958,0.9999955459067041,0.9999955419551404,-3.5850364715524963,-14.048854264507144,,930.103211783542,False,False,False,,[]
718,718,719,True,1.0,1.0,718.0,719.0,718.0,719.0,719.0,0.0,35.0,35.0,93.56510177083334,0.5150243043899536,0.5150243043899536,0.0,1.0,0.5745928669314545,0.5745386660482535,0.9999190040468581,0.9499189853668213,0.9999188976449691,0.9999963914313958,0.9999963850744662,0.9999955419551404,0.9999955380035764,-3.5850365391061185,-14.04886892567634,,930.1031520557739,False,False,False,,[]
719,719,720,True,1.0,1.0,719.0,720.0,719.0,720.0,720.0,0.0,35.0,36.875,381.3932267708337,0.5150243639945984,0.5150243639945984,0.0,1.0,0.5745386660482535,0.5743416579778878,0.9999188976449691,0.9499188661575317,0.9999184877504,0.9999963850744662,0.9999963751868882,0.9999955380035764,0.9999955272632871,-13.02493209486702,-51.064491838779475,,794.5175779147603,False,False,False,,[]
720,720,721,True,1.0,1.0,720.0,721.0,720.0,721.0,721.0,0.0,36.875,38.75,382.5110093636071,0.5150244832038879,0.5150244832038879,0.0,1.0,0.5743416579778878,0.5741335569611884,0.9999184877504,0.9499184489250183,0.9999180569967654,0.9999963751868882,0.9999963645916793,0.9999955272632871,0.9999955159295179,-13.756998142706488,-53.93978352848473,,785.4809450283187,False,False,False,,[]
721,721,722,True,1.0,1.0,721.0,722.0,721.0,722.0,722.0,0.0,38.75,40.625,383.68711104817646,0.5150246024131775,0.5150246024131775,0.0,1.0,0.5741335569611884,0.5739142268024248,0.9999180569967654,0.9499180316925049,0.9999176054221832,0.9999963645916793,0.9999963532505002,0.9999955159295179,0.9999955039971706,-14.497873615659362,-56.85037715152468,,776.5415233994966,False,False,False,,[]
722,722,723,True,1.0,1.0,722.0,723.0,722.0,723.0,723.0,0.0,40.625,42.5,384.9215318245446,0.515024721622467,0.515024721622467,0.0,1.0,0.5739142268024248,0.5736834694551508,0.9999176054221832,0.9499176144599915,0.9999171329719766,0.9999963532505002,0.999996341076374,0.9999955039971706,0.9999954914608904,-15.25163320034027,-59.81230441340626,,767.6289199811466,False,False,False,,[]
723,723,724,True,1.0,1.0,723.0,724.0,723.0,724.0,724.0,0.0,42.5,44.375,386.2142716927087,0.5150248408317566,0.5150248408317566,0.0,1.0,0.5736834694551508,0.5734410579081218,0.9999171329719766,0.9499171376228333,0.9999166395653238,0.999996341076374,0.9999963279627293,0.9999954914608904,0.9999954783150651,-16.02017700604615,-62.83307298989742,,758.7186163773994,False,False,False,,[]
724,724,725,True,1.0,1.0,724.0,725.0,724.0,725.0,725.0,0.0,44.375,46.25,387.56533065266865,0.5150250196456909,0.5150250196456909,0.0,1.0,0.5734410579081218,0.5731859131753851,0.9999166395653238,0.9499166011810303,0.999916123658525,0.9999963279627293,0.9999963137147896,0.9999954783150651,0.9999954638096872,-16.859743674371334,-66.1335147253565,,748.7895459987728,False,False,False,,[]
725,725,726,True,1.0,1.0,725.0,726.0,725.0,726.0,726.0,0.0,46.25,48.125,388.9747087044274,0.5150251388549805,0.5150251388549805,0.0,1.0,0.5731859131753851,0.5729179085535556,0.999916123658525,0.9499161243438721,0.9999155854601915,0.9999963137147896,0.9999962980044187,0.9999954638096872,0.9999954483264419,-17.707420290079494,-69.46679797822196,,739.0884284583753,False,False,False,,[]
726,726,727,True,1.0,1.0,726.0,727.0,726.0,727.0,727.0,0.0,48.125,50.0,390.4424058479821,0.5150253176689148,0.5150253176689148,0.0,1.0,0.5729179085535556,0.5726386272789308,0.9999155854601915,0.9499155879020691,0.9999150280824392,0.9999962980044187,0.9999962824142955,0.9999954483264419,0.9999954316625965,-18.45032984485254,-72.38970638275353,,731.3828229550196,False,False,False,,[]
727,727,728,True,1.0,1.0,727.0,728.0,727.0,728.0,728.0,0.0,50.0,50.0,104.14029708333334,0.5150254964828491,0.5150254964828491,0.0,1.0,0.5726386272789308,0.5725502717621832,0.9999150280824392,0.9499149918556213,0.9999148487381901,0.9999962824142955,0.9999962743452784,0.9999954316625965,0.9999954211044527,-5.8401083059554875,-22.90174994097668,,888.9543929171444,False,False,False,,[]
728,728,729,True,1.0,1.0,728.0,729.0,728.0,729.0,729.0,0.0,50.0,50.0,104.14029708333334,0.5150255560874939,0.5150255560874939,0.0,1.0,0.5725502717621832,0.5724619162061336,0.9999148487381901,0.949914813041687,0.9999146693938544,0.9999962743452784,0.9999962662762606,0.9999954211044527,0.9999954105463098,-5.840108295203254,-22.901760128064552,,888.9543551825554,False,False,False,,[]
729,729,730,True,1.0,1.0,729.0,730.0,729.0,730.0,730.0,0.0,50.0,50.0,104.14029708333334,0.5150256156921387,0.5150256156921387,0.0,1.0,0.5724619162061336,0.5723735606094914,0.9999146693938544,0.9499146342277527,0.9999144900494292,0.9999962662762606,0.9999962582072423,0.9999954105463098,0.9999953999881678,-5.840108284451002,-22.901770649653027,,888.9543162964577,False,False,False,,[]
730,730,731,True,1.0,1.0,730.0,731.0,730.0,731.0,731.0,0.0,50.0,50.0,104.14029708333334,0.5150256752967834,0.5150256752967834,0.0,1.0,0.5723735606094914,0.5722852049710034,0.9999144900494292,0.9499144554138184,0.9999143107049118,0.9999962582072423,0.9999962501382234,0.9999953999881678,0.9999953894300265,-5.840108273698733,-22.901781496083306,,888.9542761130373,False,False,False,,[]
731,731,732,True,1.0,1.0,731.0,732.0,731.0,732.0,732.0,0.0,50.0,50.0,104.14029708333334,0.5150257349014282,0.5150257349014282,0.0,1.0,0.5722852049710034,0.5721968492894527,0.9999143107049118,0.949914276599884,0.9999141313602993,0.9999962501382234,0.9999962420692039,0.9999953894300265,0.9999953788718862,-5.840108262946448,-22.90179265793955,,888.9542348362767,False,False,False,,[]
732,732,733,True,1.0,1.0,732.0,733.0,732.0,733.0,733.0,0.0,50.0,50.0,104.14029708333334,0.515025794506073,0.515025794506073,0.0,1.0,0.5721968492894527,0.5721084935636577,0.9999141313602993,0.9499140977859497,0.9999139520155893,0.9999962420692039,0.9999962340001839,0.9999953788718862,0.9999953683137466,-5.8401082521941445,-22.90180412607638,,888.9541923451028,False,False,False,,[]
733,733,734,True,1.0,1.0,733.0,734.0,733.0,734.0,734.0,0.0,50.0,50.0,104.14029708333334,0.5150258541107178,0.5150258541107178,0.0,1.0,0.5721084935636577,0.572020137792471,0.9999139520155893,0.9499139189720154,0.9999137726707792,0.9999962340001839,0.9999962259311632,0.9999953683137466,0.9999953577556079,-5.8401082414418255,-22.90181589158681,,888.9541487366379,False,False,False,,[]
734,734,735,True,1.0,1.0,734.0,735.0,734.0,735.0,735.0,0.0,50.0,50.0,104.14029708333334,0.5150258541107178,0.5150258541107178,0.0,1.0,0.572020137792471,0.571931781974616,0.9999137726707792,0.949913740158081,0.9999135933258662,0.9999962259311632,0.9999962178621425,0.9999953577556079,0.9999953471974692,-5.8401082414418255,-22.901827987990117,,888.9541037246056,False,False,False,,[]
735,735,736,True,1.0,1.0,735.0,736.0,735.0,736.0,736.0,0.0,50.0,50.0,104.14029708333334,0.5150259137153625,0.5150259137153625,0.0,1.0,0.571931781974616,0.5718434261091743,0.9999135933258662,0.9499135613441467,0.9999134139808482,0.9999962178621425,0.9999962097931213,0.9999953471974692,0.9999953366393313,-5.84010823068949,-22.901840322507752,,888.9540580042119,False,False,False,,[]
736,736,737,True,1.0,1.0,736.0,737.0,736.0,737.0,737.0,0.0,50.0,50.0,104.14029708333334,0.5150259733200073,0.5150259733200073,0.0,1.0,0.5718434261091743,0.571755070195096,0.9999134139808482,0.9499133825302124,0.999913234635723,0.9999962097931213,0.9999962017240995,0.9999953366393313,0.9999953260811942,-5.840108219937136,-22.901852929103665,,888.9540113577888,False,False,False,,[]
737,737,738,True,1.0,1.0,737.0,738.0,737.0,738.0,738.0,0.0,50.0,50.0,104.14029708333334,0.5150260329246521,0.5150260329246521,0.0,1.0,0.571755070195096,0.5716667142313622,0.999913234635723,0.9499132037162781,0.9999130552904882,0.9999962017240995,0.9999961936550772,0.9999953260811942,0.9999953155230581,-5.840108209184765,-22.9018657998106,,888.9539637219045,False,False,False,,[]
738,738,739,True,1.0,1.0,738.0,739.0,738.0,739.0,739.0,0.0,50.0,50.0,104.14029708333334,0.5150260925292969,0.5150260925292969,0.0,1.0,0.5716667142313622,0.5715783582169839,0.9999130552904882,0.9499130249023438,0.9999128759451418,0.9999961936550772,0.9999961855860543,0.9999953155230581,0.9999953049649227,-5.84010819843238,-22.90187892686302,,888.9539150500605,False,False,False,,[]
739,739,740,True,1.0,1.0,739.0,740.0,739.0,740.0,740.0,0.0,50.0,48.125,-183.68782791666698,0.5150261521339417,0.5150261521339417,0.0,1.0,0.5715783582169839,0.5716739182068962,0.9999128759451418,0.9499128460884094,0.9999126806053393,0.9999961855860543,0.9999961749013639,0.9999953049649227,0.9999952912896503,6.319929378948007,24.769149385250447,,1054.4808573721928,False,False,False,,[]
740,740,741,True,1.0,1.0,740.0,741.0,740.0,741.0,741.0,0.0,48.125,46.25,-185.21384415201854,0.5150262117385864,0.5150262117385864,0.0,1.0,0.5716739182068962,0.5717671151825224,0.9999126806053393,0.9499126672744751,0.999912490535798,0.9999961749013639,0.999996164608918,0.9999952912896503,0.9999952786124968,6.164109464949277,24.156656082337328,,1053.9855867011456,False,False,False,,[]
741,741,742,True,1.0,1.0,741.0,742.0,741.0,742.0,742.0,0.0,46.25,44.375,-186.68154129557226,0.5150262713432312,0.5150262713432312,0.0,1.0,0.5717671151825224,0.5718563839833746,0.999912490535798,0.9499124884605408,0.9999123091758014,0.999996164608918,0.999996154488118,0.9999952786124968,0.999995265367478,5.904688392612802,23.138473180861844,,1050.1631232667733,False,False,False,,[]
742,742,743,True,1.0,1.0,742.0,743.0,742.0,743.0,743.0,0.0,44.375,42.5,-188.09091934733104,0.515026330947876,0.515026330947876,0.0,1.0,0.5718563839833746,0.5719421230453153,0.9999123091758014,0.9499123096466064,0.999912135587324,0.999996154488118,0.9999961444410658,0.999995265367478,0.9999952522959706,5.671573618052687,22.2235648550441,,1047.4073916726752,False,False,False,,[]
743,743,744,True,1.0,1.0,743.0,744.0,743.0,744.0,744.0,0.0,42.5,40.625,-189.44197830729198,0.515026330947876,0.515026330947876,0.0,1.0,0.5719421230453153,0.5720217375008327,0.999912135587324,0.9499121308326721,0.9999119753616826,0.9999961444410658,0.9999961345058108,0.9999952522959706,0.9999952362312953,5.266707221078504,20.636066870112714,,1039.0603149036697,False,False,False,,[]
744,744,745,True,1.0,1.0,744.0,745.0,744.0,745.0,745.0,0.0,40.625,38.75,-190.73471817545507,0.5150263905525208,0.5150263905525208,0.0,1.0,0.5720217375008327,0.5721056766650686,0.9999119753616826,0.9499119520187378,0.9999118057162742,0.9999961345058108,0.9999961247368119,0.9999952362312953,0.9999952302996274,5.553241049959835,21.75703136993621,,1054.0450607303815,False,False,False,,[]
745,745,746,True,1.0,1.0,745.0,746.0,745.0,746.0,746.0,0.0,38.75,36.875,-191.96913895182323,0.5150264501571655,0.5150264501571655,0.0,1.0,0.5721056766650686,0.5721858147944472,0.9999118057162742,0.9499117732048035,0.9999116443540855,0.9999961247368119,0.9999961149953448,0.9999952302996274,0.9999952246116209,5.302059210802505,20.771803134915636,,1051.0521649818352,False,False,False,,[]
746,746,747,True,1.0,1.0,746.0,747.0,746.0,747.0,747.0,0.0,36.875,35.0,-193.14524063639354,0.5150265097618103,0.5150265097618103,0.0,1.0,0.5721858147944472,0.5722606944720333,0.9999116443540855,0.9499116539955139,0.9999114943536724,0.9999961149953448,0.9999961038064075,0.9999952246116209,0.9999952191725453,4.954379619474112,19.40881243032227,,1045.2068948997805,False,False,False,,[]
747,747,748,True,1.0,1.0,747.0,748.0,747.0,748.0,748.0,0.0,35.0,35.0,93.56510177083334,0.5150265693664551,0.5150265693664551,0.0,1.0,0.5722606944720333,0.5722064919216799,0.9999114943536724,0.9499114751815796,0.9999113879483372,0.9999961038064075,0.9999960974494555,0.9999952191725453,0.9999952152209727,-3.5850391061340363,-14.049301051583583,,930.1013848910047,False,False,False,,[]
748,748,749,True,1.0,1.0,748.0,749.0,748.0,749.0,749.0,0.0,35.0,35.0,93.56510177083334,0.5150265693664551,0.5150265693664551,0.0,1.0,0.5722064919216799,0.572152289322857,0.9999113879483372,0.94991135597229,0.9999112815429018,0.9999960974494555,0.9999960910925035,0.9999952152209727,0.9999952112694,-3.5850391061340363,-14.049313614905149,,930.1013342877583,False,False,False,,[]
749,749,750,True,1.0,1.0,749.0,750.0,749.0,750.0,750.0,0.0,35.0,35.0,93.56510177083334,0.5150266289710999,0.5150266289710999,0.0,1.0,0.572152289322857,0.5720980866751548,0.9999112815429018,0.9499112963676453,0.9999111751373653,0.9999960910925035,0.999996084735551,0.9999952112694,0.9999952073178272,-3.5850391736871465,-14.049326284390968,,930.1012825905749,False,False,False,,[]
750,750,751,True,1.0,1.0,750.0,751.0,750.0,751.0,751.0,0.0,35.0,35.0,93.56510177083334,0.5150266289710999,0.5150266289710999,0.0,1.0,0.5720980866751548,0.5720438839801911,0.9999111751373653,0.9499111771583557,0.9999110687317311,0.999996084735551,0.9999960783785985,0.9999952073178272,0.9999952033662544,-3.5850391736871465,-14.049338534592396,,930.1012332532968,False,False,False,,[]
751,751,752,True,1.0,1.0,751.0,752.0,751.0,752.0,752.0,0.0,35.0,35.0,93.56510177083334,0.5150266885757446,0.5150266885757446,0.0,1.0,0.5720438839801911,0.571989681237525,0.9999110687317311,0.9499110579490662,0.9999109623259983,0.9999960783785985,0.9999960720216453,0.9999952033662544,0.9999951994146813,-3.5850392412402416,-14.049350899039926,,930.1011826894448,False,False,False,,[]
752,752,753,True,1.0,1.0,752.0,753.0,752.0,753.0,753.0,0.0,35.0,35.0,93.56510177083334,0.5150266885757446,0.5150266885757446,0.0,1.0,0.571989681237525,0.5719354784487439,0.9999109623259983,0.9499109387397766,0.9999108559201701,0.9999960720216453,0.9999960656646921,0.9999951994146813,0.9999951954631082,-3.5850392412402416,-14.049362852074044,,930.1011345457171,False,False,False,,[]
753,753,754,True,1.0,1.0,753.0,754.0,753.0,754.0,754.0,0.0,35.0,35.0,93.56510177083334,0.5150267481803894,0.5150267481803894,0.0,1.0,0.5719354784487439,0.5718812756133774,0.9999108559201701,0.9499108195304871,0.9999107495142457,0.9999960656646921,0.9999960593077384,0.9999951954631082,0.9999951915115349,-3.585039308793325,-14.04937492700979,,930.1010852459118,False,False,False,,[]
754,754,755,True,1.0,1.0,754.0,755.0,754.0,755.0,755.0,0.0,35.0,35.0,93.56510177083334,0.5150267481803894,0.5150267481803894,0.0,1.0,0.5718812756133774,0.571827072732984,0.9999107495142457,0.9499107599258423,0.9999106431082282,0.9999960593077384,0.9999960529507846,0.9999951915115349,0.9999951875599616,-3.585039308793325,-14.049386597972195,,930.10103823561,False,False,False,,[]
755,755,756,True,1.0,1.0,755.0,756.0,755.0,756.0,756.0,0.0,35.0,35.0,93.56510177083334,0.5150268077850342,0.5150268077850342,0.0,1.0,0.571827072732984,0.5717728698070654,0.9999106431082282,0.9499106407165527,0.9999105367021166,0.9999960529507846,0.9999960465938303,0.9999951875599616,0.9999951836083881,-3.5850393763463955,-14.049398398092931,,930.1009900450276,False,False,False,,[]
756,756,757,True,1.0,1.0,756.0,757.0,756.0,757.0,757.0,0.0,35.0,35.0,93.56510177083334,0.515026867389679,0.515026867389679,0.0,1.0,0.5717728698070654,0.5717186668361315,0.9999105367021166,0.9499105215072632,0.9999104302959119,0.9999960465938303,0.9999960402368754,0.9999951836083881,0.9999951796568144,-3.5850394438994524,-14.049410066071056,,930.1009422763717,False,False,False,,[]
757,757,758,True,1.0,1.0,757.0,758.0,757.0,758.0,758.0,0.0,35.0,35.0,93.56510177083334,0.515026867389679,0.515026867389679,0.0,1.0,0.5717186668361315,0.5716644638217004,0.9999104302959119,0.9499104022979736,0.9999103238896173,0.9999960402368754,0.9999960338799204,0.9999951796568144,0.9999951757052407,-3.5850394438994524,-14.049421340513941,,930.100896877607,False,False,False,,[]
758,758,759,True,1.0,1.0,758.0,759.0,758.0,759.0,759.0,0.0,35.0,35.0,93.56510177083334,0.5150269269943237,0.5150269269943237,0.0,1.0,0.5716644638217004,0.5716102607632348,0.9999103238896173,0.9499102830886841,0.9999102174832317,0.9999960338799204,0.9999960275229649,0.9999951757052407,0.9999951717536667,-3.5850395114524956,-14.049432754273628,,930.1008502359412,False,False,False,,[]
759,759,760,True,1.0,1.0,759.0,760.0,759.0,760.0,760.0,0.0,35.0,35.0,93.56510177083334,0.5150269269943237,0.5150269269943237,0.0,1.0,0.5716102607632348,0.571556057662228,0.9999102174832317,0.9499102234840393,0.9999101110767582,0.9999960275229649,0.9999960211660094,0.9999951717536667,0.9999951678020927,-3.5850395114524956,-14.04944378099381,,930.1008058273031,False,False,False,,[]
760,760,761,True,1.0,1.0,760.0,761.0,760.0,761.0,761.0,0.0,35.0,33.5,-136.69739822916634,0.5150269865989685,0.5150269865989685,0.0,1.0,0.571556057662228,0.5716058582750231,0.9999101110767582,0.9499101042747498,0.9999100137329844,0.9999960211660094,0.9999960128597779,0.9999951678020927,0.9999951641333807,3.294931350847837,12.908318836490334,,1028.9032207436128,False,False,False,,[]
761,761,762,True,1.0,1.0,761.0,762.0,761.0,762.0,762.0,0.0,33.5,32.0,-137.5496345572913,0.5150269865989685,0.5150269865989685,0.0,1.0,0.5716058582750231,0.5716517241776727,0.9999100137329844,0.9499099850654602,0.9999099244246991,0.9999960128597779,0.999996004736522,0.9999951641333807,0.9999951581938353,3.034703360563978,11.888441966797538,,1023.4076591132183,False,False,False,,[]
762,762,763,True,1.0,1.0,762.0,763.0,762.0,763.0,763.0,0.0,32.0,28.8571434,-390.55672523833323,0.5150270462036133,0.5150270462036133,0.0,1.0,0.5716517241776727,0.5717857450093734,0.9999099244246991,0.9499099254608154,0.9999096399607164,0.999996004736522,0.9999959918635908,0.9999951581938353,0.9999951488815039,8.870289085478174,34.7381995768015,,1090.9755461611853,False,False,False,,[]
763,763,764,True,1.0,1.0,763.0,764.0,763.0,764.0,764.0,0.0,28.8571434,25.7142849,-392.14342289430266,0.5150271058082581,0.5150271058082581,0.0,1.0,0.5717857450093734,0.57189931725729,0.9999096399607164,0.9499096274375916,0.9999094036738999,0.9999959918635908,0.9999959782300638,0.9999951488815039,0.9999951340067155,7.51699574970862,29.437926660000176,,1065.4565931180357,False,False,False,,[]
764,764,765,True,1.0,1.0,764.0,765.0,764.0,765.0,765.0,0.0,25.7142849,22.5714283,-393.5656839190104,0.5150271654129028,0.5150271654129028,0.0,1.0,0.57189931725729,0.5720028151009238,0.9999094036738999,0.9499093890190125,0.9999091904585846,0.9999959782300638,0.999995964963718,0.9999951340067155,0.9999951254615952,6.850453989945346,26.826641069868813,,1064.2428561463807,False,False,False,,[]
765,765,766,True,1.0,1.0,765.0,766.0,765.0,766.0,766.0,0.0,22.5714283,19.4285717,-394.82438158996354,0.5150272846221924,0.5150272846221924,0.0,1.0,0.5720028151009238,0.5720978516029674,0.9999091904585846,0.9499091506004333,0.9999089962883367,0.999995964963718,0.9999959590497097,0.9999951254615952,0.9999951173140998,6.290626790117431,24.63346132973155,,1065.5959259043962,False,False,False,,[]
766,766,767,True,1.0,1.0,766.0,767.0,766.0,767.0,767.0,0.0,19.4285717,16.2857151,-395.9192251508541,0.5150272846221924,0.5150272846221924,0.0,1.0,0.5720978516029674,0.5721756460093198,0.9999089962883367,0.949908971786499,0.999908840004091,0.9999959590497097,0.9999959506807592,0.9999951173140998,0.9999951101893689,5.149355869713902,20.164310126535067,,1048.9572476942915,False,False,False,,[]
767,767,768,True,1.0,1.0,767.0,768.0,767.0,768.0,768.0,0.0,16.2857151,13.14285755,-396.85036043459894,0.5150273442268372,0.5150273442268372,0.0,1.0,0.5721756460093198,0.5722292469539305,0.999908840004091,0.9499088525772095,0.999908734841681,0.9999959506807592,0.9999959465156663,0.9999951101893689,0.9999950877683919,3.5478447156356263,13.893364843107932,,1016.7754048565073,False,False,False,,[]
768,768,769,True,1.0,1.0,768.0,769.0,768.0,769.0,769.0,0.0,13.14285755,10.0,-397.61749598248434,0.5150274038314819,0.5150274038314819,0.0,1.0,0.5722292469539305,0.5722691348667294,0.999908734841681,0.9499087333679199,0.9999086576263866,0.9999959465156663,0.9999959407176696,0.9999950877683919,0.9999950701022802,2.640160321963479,10.338946997454778,,1008.7786694336752,False,False,False,,[]
769,769,770,True,1.0,1.0,769.0,770.0,769.0,770.0,770.0,0.0,10.0,6.66666651,-427.46042141075003,0.5150274038314819,0.5150274038314819,0.0,1.0,0.5722691348667294,0.5722948656768256,0.9999086576263866,0.9499086737632751,0.9999086085015921,0.9999959407176696,0.999995930703755,0.9999950701022802,0.9999950564248924,1.703082382748921,6.6694259769409685,,997.1352586074572,False,False,False,,[]
770,770,771,True,1.0,1.0,770.0,771.0,770.0,771.0,771.0,0.0,6.66666651,3.33333325,-427.92117894523324,0.5150274038314819,0.5150274038314819,0.0,1.0,0.5722948656768256,0.5723089566909967,0.9999086085015921,0.9499086141586304,0.999908581903879,0.999995930703755,0.9999959232257005,0.9999950564248924,0.9999950482096142,0.9326487009586054,3.6523908731475507,,995.7559984284957,False,False,False,,[]
771,771,772,True,1.0,1.0,771.0,772.0,771.0,772.0,772.0,0.0,3.33333325,0.0,-428.1976530918764,0.5150274038314819,0.5150274038314819,0.0,1.0,0.5723089566909967,0.5723136567924643,0.999908581903879,0.9499085545539856,0.9999085731132593,0.9999959232257005,0.9999959207314052,0.9999950482096142,0.9999950454694189,0.3110837572896537,1.218266300410718,,998.5885439053815,False,False,False,,[]
772,772,773,True,1.0,1.0,772.0,773.0,772.0,773.0,773.0,0.0,0.0,0.0,83.40462000000002,0.5150274038314819,0.5150274038314819,0.0,1.0,0.5723136567924643,0.5723136567924643,0.9999085731132593,0.9499085545539856,0.9999085731132593,0.9999959207314052,0.9999959207314052,0.9999950454694189,0.9999950454694189,-0.0,0.0,,1000.0,False,False,False,,[]
773,773,774,True,1.0,1.0,773.0,774.0,773.0,774.0,774.0,0.0,0.0,0.0,83.40462000000002,0.5150274038314819,0.5150274038314819,0.0,1.0,0.5723136567924643,0.5723136567924643,0.9999085731132593,0.9499085545539856,0.9999085731132593,0.9999959207314052,0.9999959207314052,0.9999950454694189,0.9999950454694189,-0.0,0.0,,1000.0,False,False,False,,[]
774,774,775,True,1.0,1.0,774.0,775.0,774.0,775.0,775.0,0.0,0.0,0.0,83.40462000000002,0.5150274038314819,0.5150274038314819,0.0,1.0,0.5723136567924643,0.5723136567924643,0.9999085731132593,0.9499085545539856,0.9999085731132593,0.9999959207314052,0.9999959207314052,0.9999950454694189,0.9999950454694189,-0.0,0.0,,1000.0,False,False,False,,[]
775,775,776,True,1.0,1.0,775.0,776.0,775.0,776.0,776.0,0.0,0.0,0.0,83.40462000000002,0.5150274038314819,0.5150274038314819,0.0,1.0,0.5723136567924643,0.5723136567924643,0.9999085731132593,0.9499085545539856,0.9999085731132593,0.9999959207314052,0.9999959207314052,0.9999950454694189,0.9999950454694189,-0.0,0.0,,1000.0,False,False,False,,[]
776,776,777,True,1.0,1.0,776.0,777.0,776.0,777.0,777.0,0.0,0.0,0.0,83.40462000000002,0.5150274038314819,0.5150274038314819,0.0,1.0,0.5723136567924643,0.5723136567924643,0.9999085731132593,0.9499085545539856,0.9999085731132593,0.9999959207314052,0.9999959207314052,0.9999950454694189,0.9999950454694189,-0.0,0.0,,1000.0,False,False,False,,[]
777,777,778,True,1.0,1.0,777.0,778.0,777.0,778.0,778.0,0.0,0.0,0.0,83.40462000000002,0.5150274038314819,0.5150274038314819,0.0,1.0,0.5723136567924643,0.5723136567924643,0.9999085731132593,0.9499085545539856,0.9999085731132593,0.9999959207314052,0.9999959207314052,0.9999950454694189,0.9999950454694189,-0.0,0.0,,1000.0,False,False,False,,[]
778,778,779,True,1.0,1.0,778.0,779.0,778.0,779.0,779.0,0.0,0.0,0.0,83.40462000000002,0.5150274038314819,0.5150274038314819,0.0,1.0,0.5723136567924643,0.5723136567924643,0.9999085731132593,0.9499085545539856,0.9999085731132593,0.9999959207314052,0.9999959207314052,0.9999950454694189,0.9999950454694189,-0.0,0.0,,1000.0,False,False,False,,[]
779,779,780,True,1.0,1.0,779.0,780.0,779.0,780.0,780.0,0.0,0.0,0.0,83.40462000000002,0.5150274038314819,0.5150274038314819,0.0,1.0,0.5723136567924643,0.5723136567924643,0.9999085731132593,0.9499085545539856,0.9999085731132593,0.9999959207314052,0.9999959207314052,0.9999950454694189,0.9999950454694189,-0.0,0.0,,1000.0,False,False,False,,[]
780,780,781,True,1.0,1.0,780.0,781.0,780.0,781.0,781.0,0.0,0.0,0.0,83.40462000000002,0.5150274038314819,0.5150274038314819,0.0,1.0,0.5723136567924643,0.5723136567924643,0.9999085731132593,0.9499085545539856,0.9999085731132593,0.9999959207314052,0.9999959207314052,0.9999950454694189,0.9999950454694189,-0.0,0.0,,1000.0,False,False,False,,[]
781,781,782,True,1.0,1.0,781.0,782.0,781.0,782.0,782.0,0.0,0.0,0.0,83.40462000000002,0.5150274038314819,0.5150274038314819,0.0,1.0,0.5723136567924643,0.5723136567924643,0.9999085731132593,0.9499085545539856,0.9999085731132593,0.9999959207314052,0.9999959207314052,0.9999950454694189,0.9999950454694189,-0.0,0.0,,1000.0,False,False,False,,[]
782,782,783,True,1.0,1.0,782.0,783.0,782.0,783.0,783.0,0.0,0.0,0.0,83.40462000000002,0.5150274038314819,0.5150274038314819,0.0,1.0,0.5723136567924643,0.5723136567924643,0.9999085731132593,0.9499085545539856,0.9999085731132593,0.9999959207314052,0.9999959207314052,0.9999950454694189,0.9999950454694189,-0.0,0.0,,1000.0,False,False,False,,[]
783,783,784,True,1.0,1.0,783.0,784.0,783.0,784.0,784.0,0.0,0.0,0.0,83.40462000000002,0.5150274038314819,0.5150274038314819,0.0,1.0,0.5723136567924643,0.5723136567924643,0.9999085731132593,0.9499085545539856,0.9999085731132593,0.9999959207314052,0.9999959207314052,0.9999950454694189,0.9999950454694189,-0.0,0.0,,1000.0,False,False,False,,[]
784,784,785,True,1.0,1.0,784.0,785.0,784.0,785.0,785.0,0.0,0.0,0.0,83.40462000000002,0.5150274038314819,0.5150274038314819,0.0,1.0,0.5723136567924643,0.5723136567924643,0.9999085731132593,0.9499085545539856,0.9999085731132593,0.9999959207314052,0.9999959207314052,0.9999950454694189,0.9999950454694189,-0.0,0.0,,1000.0,False,False,False,,[]
785,785,786,True,1.0,1.0,785.0,786.0,785.0,786.0,786.0,0.0,0.0,0.0,83.40462000000002,0.5150274038314819,0.5150274038314819,0.0,1.0,0.5723136567924643,0.5723136567924643,0.9999085731132593,0.9499085545539856,0.9999085731132593,0.9999959207314052,0.9999959207314052,0.9999950454694189,0.9999950454694189,-0.0,0.0,,1000.0,False,False,False,,[]
786,786,787,True,1.0,1.0,786.0,787.0,786.0,787.0,787.0,0.0,0.0,0.0,83.40462000000002,0.5150274038314819,0.5150274038314819,0.0,1.0,0.5723136567924643,0.5723136567924643,0.9999085731132593,0.9499085545539856,0.9999085731132593,0.9999959207314052,0.9999959207314052,0.9999950454694189,0.9999950454694189,-0.0,0.0,,1000.0,False,False,False,,[]
787,787,788,True,1.0,1.0,787.0,788.0,787.0,788.0,788.0,0.0,0.0,0.0,83.40462000000002,0.5150274038314819,0.5150274038314819,0.0,1.0,0.5723136567924643,0.5723136567924643,0.9999085731132593,0.9499085545539856,0.9999085731132593,0.9999959207314052,0.9999959207314052,0.9999950454694189,0.9999950454694189,-0.0,0.0,,1000.0,False,False,False,,[]
788,788,789,True,1.0,1.0,788.0,789.0,788.0,789.0,789.0,0.0,0.0,0.0,83.40462000000002,0.5150274038314819,0.5150274038314819,0.0,1.0,0.5723136567924643,0.5723136567924643,0.9999085731132593,0.9499085545539856,0.9999085731132593,0.9999959207314052,0.9999959207314052,0.9999950454694189,0.9999950454694189,-0.0,0.0,,1000.0,False,False,False,,[]
789,789,790,True,1.0,1.0,789.0,790.0,789.0,790.0,790.0,0.0,0.0,0.0,83.40462000000002,0.5150274038314819,0.5150274038314819,0.0,1.0,0.5723136567924643,0.5723136567924643,0.9999085731132593,0.9499085545539856,0.9999085731132593,0.9999959207314052,0.9999959207314052,0.9999950454694189,0.9999950454694189,-0.0,0.0,,1000.0,False,False,False,,[]
790,790,791,True,1.0,1.0,790.0,791.0,790.0,791.0,791.0,0.0,0.0,0.0,83.40462000000002,0.5150274038314819,0.5150274038314819,0.0,1.0,0.5723136567924643,0.5723136567924643,0.9999085731132593,0.9499085545539856,0.9999085731132593,0.9999959207314052,0.9999959207314052,0.9999950454694189,0.9999950454694189,-0.0,0.0,,1000.0,False,False,False,,[]
791,791,792,True,1.0,1.0,791.0,792.0,791.0,792.0,792.0,0.0,0.0,0.0,83.40462000000002,0.5150274038314819,0.5150274038314819,0.0,1.0,0.5723136567924643,0.5723136567924643,0.9999085731132593,0.9499085545539856,0.9999085731132593,0.9999959207314052,0.9999959207314052,0.9999950454694189,0.9999950454694189,-0.0,0.0,,1000.0,False,False,False,,[]
792,792,793,True,1.0,1.0,792.0,793.0,792.0,793.0,793.0,0.0,0.0,0.0,83.40462000000002,0.5150274038314819,0.5150274038314819,0.0,1.0,0.5723136567924643,0.5723136567924643,0.9999085731132593,0.9499085545539856,0.9999085731132593,0.9999959207314052,0.9999959207314052,0.9999950454694189,0.9999950454694189,-0.0,0.0,,1000.0,False,False,False,,[]
793,793,794,True,1.0,1.0,793.0,794.0,793.0,794.0,794.0,0.0,0.0,0.0,83.40462000000002,0.5150274038314819,0.5150274038314819,0.0,1.0,0.5723136567924643,0.5723136567924643,0.9999085731132593,0.9499085545539856,0.9999085731132593,0.9999959207314052,0.9999959207314052,0.9999950454694189,0.9999950454694189,-0.0,0.0,,1000.0,False,False,False,,[]
794,794,795,True,1.0,1.0,794.0,795.0,794.0,795.0,795.0,0.0,0.0,0.0,83.40462000000002,0.5150274038314819,0.5150274038314819,0.0,1.0,0.5723136567924643,0.5723136567924643,0.9999085731132593,0.9499085545539856,0.9999085731132593,0.9999959207314052,0.9999959207314052,0.9999950454694189,0.9999950454694189,-0.0,0.0,,1000.0,False,False,False,,[]
795,795,796,True,1.0,1.0,795.0,796.0,795.0,796.0,796.0,0.0,0.0,0.0,83.40462000000002,0.5150274038314819,0.5150274038314819,0.0,1.0,0.5723136567924643,0.5723136567924643,0.9999085731132593,0.9499085545539856,0.9999085731132593,0.9999959207314052,0.9999959207314052,0.9999950454694189,0.9999950454694189,-0.0,0.0,,1000.0,False,False,False,,[]
796,796,797,True,1.0,1.0,796.0,797.0,796.0,797.0,797.0,0.0,0.0,0.0,83.40462000000002,0.5150274038314819,0.5150274038314819,0.0,1.0,0.5723136567924643,0.5723136567924643,0.9999085731132593,0.9499085545539856,0.9999085731132593,0.9999959207314052,0.9999959207314052,0.9999950454694189,0.9999950454694189,-0.0,0.0,,1000.0,False,False,False,,[]
797,797,798,True,1.0,1.0,797.0,798.0,797.0,798.0,798.0,0.0,0.0,0.0,83.40462000000002,0.5150274038314819,0.5150274038314819,0.0,1.0,0.5723136567924643,0.5723136567924643,0.9999085731132593,0.9499085545539856,0.9999085731132593,0.9999959207314052,0.9999959207314052,0.9999950454694189,0.9999950454694189,-0.0,0.0,,1000.0,False,False,False,,[]
798,798,799,True,1.0,1.0,798.0,799.0,798.0,799.0,799.0,0.0,0.0,0.0,83.40462000000002,0.5150274038314819,0.5150274038314819,0.0,1.0,0.5723136567924643,0.5723136567924643,0.9999085731132593,0.9499085545539856,0.9999085731132593,0.9999959207314052,0.9999959207314052,0.9999950454694189,0.9999950454694189,-0.0,0.0,,1000.0,False,False,False,,[]
799,799,800,True,1.0,1.0,799.0,800.0,799.0,800.0,800.0,0.0,0.0,3.0,543.92962,0.5150274038314819,0.5150274038314819,0.0,1.0,0.5723136567924643,0.5722929999409007,0.9999085731132593,0.9499085545539856,0.9999085338708456,0.9999959207314052,0.9999959178798038,0.9999950454694189,0.9999950423366925,-1.3673444444444445,-5.354255925275018,,970.3411155318029,False,False,False,,[]
800,800,801,True,1.0,1.0,800.0,801.0,800.0,801.0,801.0,0.0,3.0,6.0,544.0042684375,0.5150274634361267,0.5150274634361267,0.0,1.0,0.5722929999409007,0.5722310125398455,0.9999085338708456,0.9499084949493408,0.9999084112527538,0.9999959178798038,0.9999959093238245,0.9999950423366925,0.9999950329372246,-4.102596292892156,-16.067134353491955,,915.5793222984814,False,False,False,,[]
801,801,802,True,1.0,1.0,801.0,802.0,801.0,802.0,802.0,0.0,6.0,9.0,544.2282137500001,0.5150274634361267,0.5150274634361267,0.0,1.0,0.5722310125398455,0.5721276419422032,0.9999084112527538,0.9499083757400513,0.999908198326084,0.9999959093238245,0.9999958950579889,0.9999950329372246,0.9999950172649958,-6.840475285947714,-26.793658908889395,,866.0998172293716,False,False,False,,[]
802,802,803,True,1.0,1.0,802.0,803.0,802.0,803.0,803.0,0.0,9.0,12.0,544.6014559374998,0.5150275230407715,0.5150275230407715,0.0,1.0,0.5721276419422032,0.5720151365303217,0.999908198326084,0.9499081969261169,0.9999079645029748,0.9999958950579889,0.99999589097924,0.9999950172649958,0.9999949953088306,-7.444460743032437,-29.161402759698266,,860.6424973820666,False,False,False,,[]
803,803,804,True,1.0,1.0,803.0,804.0,803.0,804.0,804.0,0.0,12.0,15.0,545.1239950000004,0.515027642250061,0.515027642250061,0.0,1.0,0.5720151365303217,0.5718670977135026,0.9999079645029748,0.9499079585075378,0.9999076499360254,0.99999589097924,0.9999958830841073,0.9999949953088306,0.9999949670523965,-9.794193492774008,-38.37166131947723,,822.607167489,False,False,False,,[]
804,804,805,True,1.0,1.0,804.0,805.0,804.0,805.0,805.0,0.0,15.0,15.0,85.27083093750002,0.5150277018547058,0.5150277018547058,0.0,1.0,0.5718670977135026,0.5718389991433258,0.9999076499360254,0.949907660484314,0.9999075961663438,0.9999958830841073,0.9999958799282087,0.9999949670523965,0.9999949623499931,-1.8595890642232014,-7.2831493898206645,,960.3068307740467,False,False,False,,[]
805,805,806,True,1.0,1.0,805.0,806.0,805.0,806.0,806.0,0.0,15.0,15.0,85.27083093750002,0.5150277018547058,0.5150277018547058,0.0,1.0,0.5718389991433258,0.5718109004774728,0.9999075961663438,0.9499076008796692,0.9999075423964741,0.9999958799282087,0.9999958767723102,0.9999949623499931,0.9999949576475896,-1.8595890642232014,-7.283174189082377,,960.3067251885452,False,False,False,,[]
806,806,807,True,1.0,1.0,806.0,807.0,806.0,807.0,807.0,0.0,15.0,17.22222137,426.40032974391625,0.5150277614593506,0.5150277614593506,0.0,1.0,0.5718109004774728,0.5716987846000592,0.9999075423964741,0.9499075412750244,0.9999073094717225,0.9999958767723102,0.9999958718722424,0.9999949576475896,0.9999949415917992,-7.417919551405557,-29.060435425621687,,864.7794446750224,False,False,False,,[]
807,807,808,True,1.0,1.0,807.0,808.0,807.0,808.0,808.0,0.0,17.22222137,19.44444466,426.99453498747266,0.5150278210639954,0.5150278210639954,0.0,1.0,0.5716987846000592,0.5715799306600605,0.9999073094717225,0.9499073028564453,0.9999070609154015,0.9999958718722424,0.999995861224829,0.9999949415917992,0.9999949354576295,-7.863256600382192,-30.806941247650716,,861.7041116625205,False,False,False,,[]
808,808,809,True,1.0,1.0,808.0,809.0,808.0,809.0,809.0,0.0,19.44444466,21.66666603,427.6700700397827,0.5150278806686401,0.5150278806686401,0.0,1.0,0.5715799306600605,0.5714537337848304,0.9999070609154015,0.9499070644378662,0.9999067951003785,0.999995861224829,0.9999958549544001,0.9999949354576295,0.9999949285690438,-8.34852402099029,-32.7102300596356,,857.6789858511488,False,False,False,,[]
809,809,810,True,1.0,1.0,809.0,810.0,809.0,810.0,810.0,0.0,21.66666603,23.88888931,428.4281111419298,0.5150279998779297,0.5150279998779297,0.0,1.0,0.5714537337848304,0.5712981741437121,0.9999067951003785,0.9499067664146423,0.9999064655646935,0.9999958549544001,0.9999958406190811,0.9999949285690438,0.9999949154881357,-10.289618206714378,-40.32105897787306,,822.4161450012763,False,False,False,,[]
810,810,811,True,1.0,1.0,810.0,811.0,810.0,811.0,811.0,0.0,23.88888931,26.11111069,429.26748679567305,0.5150280594825745,0.5150280594825745,0.0,1.0,0.5712981741437121,0.571133549582664,0.9999064655646935,0.9499064683914185,0.9999061181405527,0.9999958406190811,0.9999958296861952,0.9999949154881357,0.9999949009626499,-10.888323033791032,-42.6706862236503,,816.4429341330922,False,False,False,,[]
811,811,812,True,1.0,1.0,811.0,812.0,811.0,812.0,812.0,0.0,26.11111069,28.33333397,430.1893637603737,0.515028178691864,0.515028178691864,0.0,1.0,0.571133549582664,0.5709546139079155,0.9999061181405527,0.9499061107635498,0.9999057428268435,0.9999958296861952,0.999995816089473,0.9999949009626499,0.9999948876701857,-11.83366038415524,-46.38012689484079,,804.2747317856383,False,False,False,,[]
812,812,813,True,1.0,1.0,812.0,813.0,812.0,813.0,813.0,0.0,28.33333397,30.55555534,431.1925754135255,0.5150282979011536,0.5150282979011536,0.0,1.0,0.5709546139079155,0.570769444215575,0.9999057428268435,0.9499057531356812,0.9999053555025464,0.999995816089473,0.9999958046415898,0.9999948876701857,0.9999948777214874,-12.24494696817279,-47.99598425465903,,803.0201887669368,False,False,False,,[]
813,813,814,True,1.0,1.0,813.0,814.0,813.0,814.0,814.0,0.0,30.55555534,32.77777863,432.27829283773616,0.5150284171104431,0.5150284171104431,0.0,1.0,0.570769444215575,0.5705650204774839,0.9999053555025464,0.9499053359031677,0.9999049316320227,0.9999958046415898,0.9999957908747784,0.9999948777214874,0.9999948640675084,-13.516520045856707,-52.986632913205675,,784.7867020408404,False,False,False,,[]
814,814,815,True,1.0,1.0,814.0,815.0,814.0,815.0,815.0,0.0,32.77777863,35.0,433.4453404953656,0.5150285363197327,0.5150285363197327,0.0,1.0,0.5705650204774839,0.5703453496389131,0.9999049316320227,0.9499049186706543,0.9999044794304708,0.9999957908747784,0.999995779389927,0.9999948640675084,0.9999948454848315,-14.522960539091887,-56.93868135755375,,772.2255060752042,False,False,False,,[]
815,815,816,True,1.0,1.0,815.0,816.0,815.0,816.0,816.0,0.0,35.0,35.0,93.56510177083334,0.5150286555290222,0.5150286555290222,0.0,1.0,0.5703453496389131,0.5702911474163044,0.9999044794304708,0.9499044418334961,0.999904373025813,0.999995779389927,0.9999957730329544,0.9999948454848315,0.9999948415332509,-3.5850414704850313,-14.049216100194291,,930.101702245975,False,False,False,,[]
816,816,817,True,1.0,1.0,816.0,817.0,816.0,817.0,817.0,0.0,35.0,35.0,93.56510177083334,0.515028715133667,0.515028715133667,0.0,1.0,0.5702911474163044,0.5702369451223372,0.999904373025813,0.9499043822288513,0.9999042666210077,0.9999957730329544,0.9999957666759812,0.9999948415332509,0.9999948375816701,-3.5850415380376797,-14.04923459628182,,930.1016270780506,False,False,False,,[]
817,817,818,True,1.0,1.0,817.0,818.0,817.0,818.0,818.0,0.0,35.0,36.875,381.3932267708337,0.515028715133667,0.515028715133667,0.0,1.0,0.5702369451223372,0.5700399321094584,0.9999042666210077,0.9499042630195618,0.9999038567170817,0.9999957666759812,0.9999957567882922,0.9999948375816701,0.9999948268414771,-13.024934269505541,-51.065772938205015,,794.5138580135097,False,False,False,,[]
818,818,819,True,1.0,1.0,818.0,819.0,818.0,819.0,819.0,0.0,36.875,38.75,382.5110093636071,0.5150288343429565,0.5150288343429565,0.0,1.0,0.5700399321094584,0.5698318257850373,0.9999038567170817,0.9499038457870483,0.999903425953535,0.9999957567882922,0.9999957461929614,0.9999948268414771,0.9999948155078096,-13.757000804183003,-53.94115928992498,,785.4770462659089,False,False,False,,[]
819,819,820,True,1.0,1.0,819.0,820.0,819.0,820.0,820.0,0.0,38.75,40.625,383.68711104817646,0.5150289535522461,0.5150289535522461,0.0,1.0,0.5698318257850373,0.5696124899398665,0.999903425953535,0.9499034285545349,0.9999029743684855,0.9999957461929614,0.999995734851648,0.9999948155078096,0.9999948035755694,-14.497876885561018,-56.8518510682782,,776.5374468244938,False,False,False,,[]
820,820,821,True,1.0,1.0,820.0,821.0,820.0,821.0,821.0,0.0,40.625,42.5,384.9215318245446,0.5150291323661804,0.5150291323661804,0.0,1.0,0.5696124899398665,0.5693817265060404,0.9999029743684855,0.9499029517173767,0.9999025019072453,0.999995734851648,0.999995722677367,0.9999948035755694,0.9999947910394031,-15.251637613514788,-59.81388204773452,,767.6246592433816,False,False,False,,[]
821,821,822,True,1.0,1.0,821.0,822.0,821.0,822.0,822.0,0.0,42.5,44.375,386.2142716927087,0.51502925157547,0.51502925157547,0.0,1.0,0.5693817265060404,0.5691393084627071,0.9999025019072453,0.9499024748802185,0.9999020084890067,0.999995722677367,0.9999957095635523,0.9999947910394031,0.9999947778936974,-16.0201822506348,-62.83475683198225,,758.7141808212162,False,False,False,,[]
822,822,823,True,1.0,1.0,822.0,823.0,822.0,823.0,823.0,0.0,44.375,46.25,387.56533065266865,0.5150294303894043,0.5150294303894043,0.0,1.0,0.5691393084627071,0.5688841568214619,0.9999020084890067,0.9499019980430603,0.9999014925701147,0.9999957095635523,0.999995695315418,0.9999947778936974,0.9999947633884914,-16.85974743720142,-66.1353054107761,,748.7849817199296,False,False,False,,[]
823,823,824,True,1.0,1.0,823.0,824.0,823.0,824.0,824.0,0.0,46.25,48.125,388.9747087044274,0.5150295495986938,0.5150295495986938,0.0,1.0,0.5688841568214619,0.5686161449325485,0.9999014925701147,0.9499014616012573,0.9999009543593097,0.999995695315418,0.9999956796049125,0.9999947633884914,0.9999947479054351,-17.707418176906167,-69.46868160634912,,739.0838072847927,False,False,False,,[]
824,824,825,True,1.0,1.0,824.0,825.0,824.0,825.0,825.0,0.0,48.125,50.0,390.4424058479821,0.5150297284126282,0.5150297284126282,0.0,1.0,0.5686161449325485,0.5683368561354489,0.9999009543593097,0.9499009251594543,0.9999003969688798,0.9999956796049125,0.9999956640147667,0.9999947479054351,0.9999947312418024,-18.450317306549806,-72.3916562082096,,731.3782225807275,False,False,False,,[]
825,825,826,True,1.0,1.0,825.0,826.0,825.0,826.0,826.0,0.0,50.0,50.0,104.14029708333334,0.5150299072265625,0.5150299072265625,0.0,1.0,0.5683368561354489,0.5682484981605399,0.9999003969688798,0.9499003887176514,0.9999002176192099,0.9999956640147667,0.9999956559457067,0.9999947312418024,0.9999947206837208,-5.840107510244442,-22.90238709640617,,888.9520372718107,False,False,False,,[]
826,826,827,True,1.0,1.0,826.0,827.0,826.0,827.0,827.0,0.0,50.0,50.0,104.14029708333334,0.5150299072265625,0.5150299072265625,0.0,1.0,0.5682484981605399,0.5681601401298914,0.9999002176192099,0.949900209903717,0.9999000382694171,0.9999956559457067,0.9999956478766467,0.9999947206837208,0.9999947101256391,-5.840107510244442,-22.90240154410541,,888.9519835123202,False,False,False,,[]
827,827,828,True,1.0,1.0,827.0,828.0,827.0,828.0,828.0,0.0,50.0,51.53845978,340.3066938114995,0.5150299668312073,0.5150299668312073,0.0,1.0,0.5681601401298914,0.5679011243812487,0.9999000382694171,0.9499000310897827,0.9998995156062352,0.9999956478766467,0.9999956336050859,0.9999947101256391,0.9999946886821737,-17.11067338931454,-67.13688204815442,,742.3920995262582,False,False,False,,[]
828,828,829,True,1.0,1.0,828.0,829.0,828.0,829.0,829.0,0.0,51.53845978,53.07691956,341.60236538503057,0.5150301456451416,0.5150301456451416,0.0,1.0,0.5679011243812487,0.5676395635334214,0.9998995156062352,0.9498994946479797,0.9998989885225197,0.9999956336050859,0.9999956183843698,0.9999946886821737,0.9999946729356591,-17.27739532587862,-67.79657175683948,,743.3637409699711,False,False,False,,[]
829,829,830,True,1.0,1.0,829.0,830.0,829.0,830.0,830.0,0.0,53.07691956,54.61537933,342.9372981542353,0.5150303244590759,0.5150303244590759,0.0,1.0,0.5676395635334214,0.5673687160615407,0.9998989885225197,0.9498989582061768,0.9998984454562766,0.9999956183843698,0.9999956025908532,0.9999946729356591,0.9999946562344352,-17.88899888481805,-70.20366471148199,,736.5674929539974,False,False,False,,[]
830,830,831,True,1.0,1.0,830.0,831.0,830.0,831.0,831.0,0.0,54.61537933,56.15383911,344.31149671530403,0.5150305032730103,0.5150305032730103,0.0,1.0,0.5673687160615407,0.5670887053067906,0.9998984454562766,0.9498984217643738,0.999897886849869,0.9999956025908532,0.9999955863168843,0.9999946562344352,0.9999946386726664,-18.492300096315354,-72.57878763124015,,730.0830781907342,False,False,False,,[]
831,831,832,True,1.0,1.0,831.0,832.0,831.0,832.0,832.0,0.0,56.15383911,57.69229889,345.7249564808531,0.5150306224822998,0.5150306224822998,0.0,1.0,0.5670887053067906,0.5667994489742111,0.999897886849869,0.9498978853225708,0.9998973128000938,0.9999955863168843,0.9999955695888936,0.9999946386726664,0.9999946202232592,-19.10086706903585,-74.97524140460189,,723.6734607431622,False,False,False,,[]
832,832,833,True,1.0,1.0,832.0,833.0,832.0,833.0,833.0,0.0,57.69229889,59.23075867,347.17767897716027,0.5150308012962341,0.5150308012962341,0.0,1.0,0.5667994489742111,0.5665011395502503,0.9998973128000938,0.949897289276123,0.9998967238630876,0.9999955695888936,0.9999955524232195,0.9999946202232592,0.9999946011382407,-19.696568237655352,-77.32180269065503,,717.6412936136488,False,False,False,,[]
833,833,834,True,1.0,1.0,833.0,834.0,833.0,834.0,834.0,0.0,59.23075867,60.76921844,348.66966266914386,0.5150309801101685,0.5150309801101685,0.0,1.0,0.5665011395502503,0.5661939263853618,0.9998967238630876,0.9498966932296753,0.9998961205152446,0.9999955524232195,0.9999955346934362,0.9999946011382407,0.9999945817959536,-20.282252975420707,-79.62965233909084,,711.9363144788161,False,False,False,,[]
834,834,835,True,1.0,1.0,834.0,835.0,834.0,835.0,835.0,0.0,60.76921844,62.30767822,350.20091215196794,0.5150311589241028,0.5150311589241028,0.0,1.0,0.5661939263853618,0.5658783642258741,0.9998961205152446,0.9498960971832275,0.9998955038661603,0.9999955346934362,0.9999955168649072,0.9999945817959536,0.999994562282887,-20.831189645705877,-81.7937117392238,,706.9292751913156,False,False,False,,[]
835,835,836,True,1.0,1.0,835.0,836.0,835.0,836.0,836.0,0.0,62.30767822,63.84614182,351.7720092421288,0.5150313377380371,0.5150313377380371,0.0,1.0,0.5658783642258741,0.565554171032501,0.9998955038661603,0.9498955011367798,0.999894873685728,0.9999955168649072,0.9999954985993412,0.999994562282887,0.9999945428163698,-21.39857237690501,-84.03087572229737,,701.7822997986902,False,False,False,,[]
836,836,837,True,1.0,1.0,836.0,837.0,836.0,837.0,837.0,0.0,63.84614182,65.38459778,353.3806139033603,0.5150315761566162,0.5150315761566162,0.0,1.0,0.565554171032501,0.5652218339942673,0.999894873685728,0.9498948454856873,0.9998942309455301,0.9999954985993412,0.9999954805901786,0.9999945428163698,0.9999945231617152,-21.933674685785373,-86.14176031017912,,697.2164243320897,False,False,False,,[]
837,837,838,True,1.0,1.0,837.0,838.0,837.0,838.0,838.0,0.0,65.38459778,66.92305756,355.0302324092223,0.5150317549705505,0.5150317549705505,0.0,1.0,0.5652218339942673,0.5648820901850891,0.9998942309455301,0.9498941898345947,0.9998935769602888,0.9999954805901786,0.9999954633870598,0.9999945231617152,0.9999945035246232,-22.4200403252088,-88.06159533899137,,693.4896708905801,False,False,False,,[]
838,838,839,True,1.0,1.0,838.0,839.0,838.0,839.0,839.0,0.0,66.92305756,68.46151733,356.7185297547392,0.5150319337844849,0.5150319337844849,0.0,1.0,0.5648820901850891,0.5645350451520132,0.9998935769602888,0.949893593788147,0.9998929120586337,0.9999954633870598,0.9999954470961175,0.9999945035246232,0.9999944840194934,-22.89931970442098,-89.95407257323737,,689.9733831046053,False,False,False,,[]
839,839,840,True,1.0,1.0,839.0,840.0,839.0,840.0,840.0,0.0,68.46151733,70.0,358.4496066955706,0.5150321125984192,0.5150321125984192,0.0,1.0,0.5645350451520132,0.5641807424360029,0.9998929120586337,0.9498928785324097,0.9998922364736668,0.9999954470961175,0.9999954317465778,0.9999944840194934,0.999994464797573,-23.375602168109786,-91.83526398987301,,686.6091503190987,False,False,False,,[]
840,840,841,True,1.0,1.0,840.0,841.0,840.0,841.0,841.0,0.0,70.0,70.0,124.04654708333334,0.5150323510169983,0.5150323510169983,0.0,1.0,0.5641807424360029,0.5640437065373164,0.9998922364736668,0.9498922228813171,0.9998919447509163,0.9999954317465778,0.9999954192701165,0.999994464797573,0.9999944542442802,-9.046521591105725,-35.51970493954708,,840.8746278510408,False,False,False,,[]
841,841,842,True,1.0,1.0,841.0,842.0,841.0,842.0,842.0,0.0,70.0,70.0,124.04654708333334,0.5150324106216431,0.5150324106216431,0.0,1.0,0.5640437065373164,0.5639066714407064,0.9998919447509163,0.9498919248580933,0.9998916530301021,0.9999954192701165,0.9999954067936544,0.9999944542442802,0.9999944436909876,-9.046521642907862,-35.51949704132543,,840.8753314177985,False,False,False,,[]
842,842,843,True,1.0,1.0,842.0,843.0,842.0,843.0,843.0,0.0,70.0,70.0,124.04654708333334,0.5150325298309326,0.5150325298309326,0.0,1.0,0.5639066714407064,0.5637696371175792,0.9998916530301021,0.9498916268348694,0.9998913613111552,0.9999954067936544,0.9999953943171909,0.9999944436909876,0.999994433137695,-9.046521746512044,-35.51929655456419,,840.8760094141714,False,False,False,,[]
843,843,844,True,1.0,1.0,843.0,844.0,843.0,844.0,844.0,0.0,70.0,70.0,124.04654708333334,0.5150325894355774,0.5150325894355774,0.0,1.0,0.5637696371175792,0.5636326035416692,0.9998913613111552,0.9498913288116455,0.9998910695940123,0.9999953943171909,0.9999953818407266,0.999994433137695,0.9999944225844025,-9.046521798314087,-35.51910287587046,,840.8766648363383,False,False,False,,[]
844,844,845,True,1.0,1.0,844.0,845.0,844.0,845.0,845.0,0.0,70.0,70.0,124.04654708333334,0.5150327086448669,0.5150327086448669,0.0,1.0,0.5636326035416692,0.5634955706858781,0.9998910695940123,0.9498910307884216,0.9998907778786078,0.9999953818407266,0.9999953693642608,0.9999944225844025,0.9999944120311102,-9.04652190191808,-35.518916221056706,,840.8772959885704,False,False,False,,[]
845,845,846,True,1.0,1.0,845.0,846.0,845.0,846.0,846.0,0.0,70.0,70.0,124.04654708333334,0.5150327682495117,0.5150327682495117,0.0,1.0,0.5634955706858781,0.563358538525395,0.9998907778786078,0.9498907923698425,0.999890486164882,0.9999953693642608,0.9999953568877943,0.9999944120311102,0.9999944014778179,-9.046521953720026,-35.51873599720939,,840.8779058462669,False,False,False,,[]
846,846,847,True,1.0,1.0,846.0,847.0,846.0,847.0,847.0,0.0,70.0,70.0,124.04654708333334,0.5150328278541565,0.5150328278541565,0.0,1.0,0.563358538525395,0.5632215070353223,0.999890486164882,0.9498904943466187,0.9998901944527746,0.9999953568877943,0.9999953444113271,0.9999944014778179,0.9999943909245258,-9.04652200552194,-35.51856222685959,,840.8784939240403,False,False,False,,[]
847,847,848,True,1.0,1.0,847.0,848.0,847.0,848.0,848.0,0.0,70.0,70.0,124.04654708333334,0.515032947063446,0.515032947063446,0.0,1.0,0.5632215070353223,0.5630844761906563,0.9998901944527746,0.9498901963233948,0.9998899027422253,0.9999953444113271,0.9999953319348585,0.9999943909245258,0.9999943803712338,-9.046522109125673,-35.51839493743427,,840.8790595031189,False,False,False,,[]
848,848,849,True,1.0,1.0,848.0,849.0,848.0,849.0,849.0,0.0,70.0,70.0,124.04654708333334,0.5150330066680908,0.5150330066680908,0.0,1.0,0.5630844761906563,0.5629474459686241,0.9998899027422253,0.9498898983001709,0.9998896110331792,0.9999953319348585,0.999995319458389,0.9999943803712338,0.9999943698179419,-9.046522160927493,-35.51823355072125,,840.8796055659188,False,False,False,,[]
849,849,850,True,1.0,1.0,849.0,850.0,849.0,850.0,850.0,0.0,70.0,70.0,124.04654708333334,0.5150331258773804,0.5150331258773804,0.0,1.0,0.5629474459686241,0.5628104163455261,0.9998896110331792,0.949889600276947,0.999889319325579,0.999995319458389,0.9999953069819182,0.9999943698179419,0.9999943592646502,-9.046522264531031,-35.51807830700315,,840.8801304365123,False,False,False,,[]
850,850,851,True,1.0,1.0,850.0,851.0,850.0,851.0,851.0,0.0,70.0,70.0,124.04654708333334,0.5150331854820251,0.5150331854820251,0.0,1.0,0.5628104163455261,0.5626733872998578,0.999889319325579,0.9498893022537231,0.9998890276193728,0.9999953069819182,0.9999952945054466,0.9999943592646502,0.9999943487113586,-9.046522316332752,-35.51792863721318,,840.8806368210867,False,False,False,,[]
851,851,852,True,1.0,1.0,851.0,852.0,851.0,852.0,852.0,0.0,70.0,70.0,124.04654708333334,0.5150333046913147,0.5150333046913147,0.0,1.0,0.5626733872998578,0.5625363588091536,0.9998890276193728,0.9498890042304993,0.9998887359145064,0.9999952945054466,0.9999952820289735,0.9999943487113586,0.9999943381580672,-9.0465224199361,-35.51778479051806,,840.8811230193054,False,False,False,,[]
852,852,853,True,1.0,1.0,852.0,853.0,852.0,853.0,853.0,0.0,70.0,70.0,124.04654708333334,0.5150333642959595,0.5150333642959595,0.0,1.0,0.5625363588091536,0.56239933085311,0.9998887359145064,0.9498887062072754,0.9998884442109308,0.9999952820289735,0.9999952695524996,0.9999943381580672,0.9999943276047758,-9.046522471737724,-35.51764620651042,,840.8815918630529,False,False,False,,[]
853,853,854,True,1.0,1.0,853.0,854.0,853.0,854.0,854.0,0.0,70.0,70.0,124.04654708333334,0.515033483505249,0.515033483505249,0.0,1.0,0.56239933085311,0.5622623034104296,0.9998884442109308,0.9498884081840515,0.9998881525085945,0.9999952695524996,0.9999952570760243,0.9999943276047758,0.9999943170514846,-9.046522575340878,-35.51751314277347,,840.882041542723,False,False,False,,[]
854,854,855,True,1.0,1.0,854.0,855.0,854.0,855.0,855.0,0.0,70.0,70.0,124.04654708333334,0.5150335431098938,0.5150335431098938,0.0,1.0,0.5622623034104296,0.5621252764619454,0.9998881525085945,0.9498881697654724,0.9998878608074513,0.9999952570760243,0.9999952445995482,0.9999943170514846,0.9999943064981934,-9.046522627142409,-35.51738504708715,,840.8824748676842,False,False,False,,[]
855,855,856,True,1.0,1.0,855.0,856.0,855.0,856.0,856.0,0.0,70.0,70.0,124.04654708333334,0.5150336623191833,0.5150336623191833,0.0,1.0,0.5621252764619454,0.5619882499874662,0.9998878608074513,0.9498878717422485,0.9998875691074524,0.9999952445995482,0.9999952321230707,0.9999943064981934,0.9999942959449025,-9.046522730745368,-35.5172621850065,,840.8828900773981,False,False,False,,[]
856,856,857,True,1.0,1.0,856.0,857.0,856.0,857.0,857.0,0.0,70.0,70.0,124.04654708333334,0.5150337219238281,0.5150337219238281,0.0,1.0,0.5619882499874662,0.5618512239689012,0.9998875691074524,0.9498875737190247,0.9998872774085541,0.9999952321230707,0.9999952196465924,0.9999942959449025,0.9999942853916116,-9.046522782546798,-35.517144012067824,,840.8832897247016,False,False,False,,[]
857,857,858,True,1.0,1.0,857.0,858.0,857.0,858.0,858.0,0.0,70.0,70.0,124.04654708333334,0.5150338411331177,0.5150338411331177,0.0,1.0,0.5618512239689012,0.5617141983871058,0.9998872774085541,0.9498872756958008,0.9998869857107102,0.9999952196465924,0.9999952071701127,0.9999942853916116,0.9999942748383209,-9.046522886149567,-35.5170308013625,,840.8836722479838,False,False,False,,[]
858,858,859,True,1.0,1.0,858.0,859.0,858.0,859.0,859.0,0.0,70.0,70.0,124.04654708333334,0.5150339007377625,0.5150339007377625,0.0,1.0,0.5617141983871058,0.5615771732250079,0.9998869857107102,0.9498869776725769,0.9998866940138795,0.9999952071701127,0.9999951946936322,0.9999942748383209,0.9999942642850304,-9.046522937950904,-35.51692201577064,,840.8840401802319,False,False,False,,[]
859,859,860,True,1.0,1.0,859.0,860.0,859.0,860.0,860.0,0.0,70.0,70.0,124.04654708333334,0.515034019947052,0.515034019947052,0.0,1.0,0.5615771732250079,0.5614401484644541,0.9998866940138795,0.949886679649353,0.9998864023180183,0.9999951946936322,0.9999951822171502,0.9999942642850304,0.9999942537317399,-9.04652304155348,-35.5168179355303,,840.8843917127914,False,False,False,,[]
860,860,861,True,1.0,1.0,860.0,861.0,860.0,861.0,861.0,0.0,70.0,70.0,124.04654708333334,0.5150340795516968,0.5150340795516968,0.0,1.0,0.5614401484644541,0.5613031240893366,0.9998864023180183,0.9498863816261292,0.9998861106230875,0.9999951822171502,0.9999951697406675,0.9999942537317399,0.9999942431784495,-9.046523093354718,-35.51671803046658,,840.8847295715399,False,False,False,,[]
861,861,862,True,1.0,1.0,861.0,862.0,861.0,862.0,862.0,0.0,70.0,70.0,124.04654708333334,0.5150341987609863,0.5150341987609863,0.0,1.0,0.5613031240893366,0.5611661000824401,0.9998861106230875,0.9498860836029053,0.9998858189290457,0.9999951697406675,0.9999951572641833,0.9999942431784495,0.9999942326251594,-9.046523196957102,-35.51662258757457,,840.8850519293773,False,False,False,,[]
862,862,863,True,1.0,1.0,862.0,863.0,862.0,863.0,863.0,0.0,70.0,70.0,124.04654708333334,0.5150342583656311,0.5150342583656311,0.0,1.0,0.5611661000824401,0.5610290764285695,0.9998858189290457,0.9498857855796814,0.9998855272358561,0.9999951572641833,0.9999951447876984,0.9999942326251594,0.9999942220718693,-9.046523248758245,-35.516531083262194,,840.8853612587843,False,False,False,,[]
863,863,864,True,1.0,1.0,863.0,864.0,863.0,864.0,864.0,0.0,70.0,70.0,124.04654708333334,0.5150343775749207,0.5150343775749207,0.0,1.0,0.5610290764285695,0.5608920531113978,0.9998855272358561,0.9498854875564575,0.9998852355434794,0.9999951447876984,0.999995132311212,0.9999942220718693,0.9999942115185794,-9.046523352360433,-35.51644381091485,,840.8856559507427,False,False,False,,[]
864,864,865,True,1.0,1.0,864.0,865.0,864.0,865.0,865.0,0.0,70.0,70.0,124.04654708333334,0.5150344371795654,0.5150344371795654,0.0,1.0,0.5608920531113978,0.5607550301165939,0.9998852355434794,0.9498852491378784,0.9998849438518809,0.999995132311212,0.9999951198347248,0.9999942115185794,0.9999942009652896,-9.04652340416148,-35.5163602531795,,840.8859384449278,False,False,False,,[]
865,865,866,True,1.0,1.0,865.0,866.0,865.0,866.0,866.0,0.0,70.0,70.0,124.04654708333334,0.5150344967842102,0.5150344967842102,0.0,1.0,0.5607550301165939,0.5606180074294564,0.9998849438518809,0.9498849511146545,0.9998846521610251,0.9999951198347248,0.9999951073582369,0.9999942009652896,0.9999941904119998,-9.046523455962493,-35.516280506038996,,840.8862080398928,False,False,False,,[]
866,866,867,True,1.0,1.0,866.0,867.0,866.0,867.0,867.0,0.0,70.0,70.0,124.04654708333334,0.5150346159934998,0.5150346159934998,0.0,1.0,0.5606180074294564,0.5604809850349025,0.9998846521610251,0.9498846530914307,0.9998843604708756,0.9999951073582369,0.9999950948817476,0.9999941904119998,0.9999941798587102,-9.046523559564426,-35.51620466839172,,840.886464002633,False,False,False,,[]
867,867,868,True,1.0,1.0,867.0,868.0,867.0,868.0,868.0,0.0,70.0,70.0,124.04654708333334,0.5150346755981445,0.5150346755981445,0.0,1.0,0.5604809850349025,0.5603439629198115,0.9998843604708756,0.9498843550682068,0.9998840687814008,0.9999950948817476,0.9999950824052576,0.9999941798587102,0.9999941693054207,-9.046523611365343,-35.51613223160827,,840.8867088432506,False,False,False,,[]
868,868,869,True,1.0,1.0,868.0,869.0,868.0,869.0,869.0,0.0,70.0,70.0,124.04654708333334,0.5150347948074341,0.5150347948074341,0.0,1.0,0.5603439629198115,0.5602069410698747,0.9998840687814008,0.9498840570449829,0.9998837770925662,0.9999950824052576,0.9999950699287661,0.9999941693054207,0.9999941587521314,-9.046523714967083,-35.516063503610354,,840.8869406540284,False,False,False,,[]
869,869,870,True,1.0,1.0,869.0,870.0,869.0,870.0,870.0,0.0,70.0,70.0,124.04654708333334,0.5150348544120789,0.5150348544120789,0.0,1.0,0.5602069410698747,0.560069919472725,0.9998837770925662,0.949883759021759,0.9998834854043418,0.9999950699287661,0.9999950574522738,0.9999941587521314,0.9999941481988421,-9.046523766767901,-35.51599798120536,,840.8871620795504,False,False,False,,[]
870,870,871,True,1.0,1.0,870.0,871.0,870.0,871.0,871.0,0.0,70.0,70.0,124.04654708333334,0.5150349736213684,0.5150349736213684,0.0,1.0,0.560069919472725,0.5599328981147867,0.9998834854043418,0.9498834609985352,0.9998831937166949,0.9999950574522738,0.9999950449757801,0.9999941481988421,0.9999941376455531,-9.046523870369448,-35.51593597760053,,840.887371189727,False,False,False,,[]
871,871,872,True,1.0,1.0,871.0,872.0,871.0,872.0,872.0,0.0,70.0,70.0,124.04654708333334,0.5150350332260132,0.5150350332260132,0.0,1.0,0.5599328981147867,0.5597958769844058,0.9998831937166949,0.9498831629753113,0.9998829020295973,0.9999950449757801,0.9999950324992856,0.9999941376455531,0.9999941270922641,-9.046523922170174,-35.515876994732906,,840.8875703873588,False,False,False,,[]
872,872,873,True,1.0,1.0,872.0,873.0,872.0,873.0,873.0,0.0,70.0,70.0,124.04654708333334,0.5150351524353027,0.5150351524353027,0.0,1.0,0.5597958769844058,0.5596588560687006,0.9998829020295973,0.9498828649520874,0.999882610343018,0.9999950324992856,0.9999950200227896,0.9999941270922641,0.9999941165389753,-9.046524025771527,-35.51582135080645,,840.8877579645202,False,False,False,,[]
873,873,874,True,1.0,1.0,873.0,874.0,873.0,874.0,874.0,0.0,70.0,70.0,124.04654708333334,0.5150352120399475,0.5150352120399475,0.0,1.0,0.5596588560687006,0.559521835356692,0.999882610343018,0.9498826265335083,0.9998823186569304,0.9999950200227896,0.9999950075462929,0.9999941165389753,0.9999941059856866,-9.046524077572156,-35.515768552640324,,840.887936302664,False,False,False,,[]
874,874,875,True,1.0,1.0,874.0,875.0,874.0,875.0,875.0,0.0,70.0,70.0,124.04654708333334,0.5150352716445923,0.5150352716445923,0.0,1.0,0.559521835356692,0.55938481483694,0.9998823186569304,0.9498823285102844,0.999882026971307,0.9999950075462929,0.9999949950697955,0.9999941059856866,0.9999940954323979,-9.046524129372752,-35.515718719711145,,840.888104589193,False,False,False,,[]
875,875,876,True,1.0,1.0,875.0,876.0,875.0,876.0,876.0,0.0,70.0,70.0,124.04654708333334,0.5150353908538818,0.5150353908538818,0.0,1.0,0.55938481483694,0.5592477944975349,0.999882026971307,0.9498820304870605,0.999881735286119,0.9999949950697955,0.9999949825932966,0.9999940954323979,0.9999940848791095,-9.046524232973846,-35.51567197379218,,840.888261958049,False,False,False,,[]
876,876,877,True,1.0,1.0,876.0,877.0,876.0,877.0,877.0,0.0,70.0,70.0,124.04654708333334,0.5150355100631714,0.5150355100631714,0.0,1.0,0.5592477944975349,0.5591107743276585,0.999881735286119,0.9498817324638367,0.9998814436013402,0.9999949825932966,0.9999949701167962,0.9999940848791095,0.9999940743258211,-9.046524336574814,-35.51562803195907,,840.8884098248667,False,False,False,,[]
877,877,878,True,1.0,1.0,877.0,878.0,877.0,878.0,878.0,0.0,70.0,70.0,124.04654708333334,0.5150355696678162,0.5150355696678162,0.0,1.0,0.5591107743276585,0.5589737543175758,0.9998814436013402,0.9498814344406128,0.9998811519169473,0.9999949701167962,0.999994957640295,0.9999940743258211,0.9999940637725329,-9.046524388375252,-35.515586613442,,840.8885496227111,False,False,False,,[]
878,878,879,True,1.0,1.0,878.0,879.0,878.0,879.0,879.0,0.0,70.0,70.0,124.04654708333334,0.5150356292724609,0.5150356292724609,0.0,1.0,0.5589737543175758,0.5588367344570571,0.9998811519169473,0.9498811364173889,0.9998808602329153,0.999994957640295,0.9999949451637932,0.9999940637725329,0.9999940532192447,-9.046524440175654,-35.515547846445784,,840.8886805152014,False,False,False,,[]
879,879,880,True,1.0,1.0,879.0,880.0,879.0,880.0,880.0,0.0,70.0,70.0,124.04654708333334,0.5150357484817505,0.5150357484817505,0.0,1.0,0.5588367344570571,0.5586997147353703,0.9998808602329153,0.949880838394165,0.9998805685492186,0.9999949451637932,0.9999949326872898,0.9999940532192447,0.9999940426659568,-9.046524543776362,-35.51551186121981,,840.8888014404947,False,False,False,,[]
880,880,881,True,1.0,1.0,880.0,881.0,880.0,881.0,881.0,0.0,70.0,70.0,124.04654708333334,0.51503586769104,0.51503586769104,0.0,1.0,0.5586997147353703,0.5585626951428428,0.9998805685492186,0.9498805403709412,0.9998802768658336,0.9999949326872898,0.999994920210785,0.9999940426659568,0.999994032112669,-9.046524647376945,-35.51547838310948,,840.8889138699685,False,False,False,,[]
881,881,882,True,1.0,1.0,881.0,882.0,881.0,882.0,882.0,0.0,70.0,70.0,124.04654708333334,0.5150359272956848,0.5150359272956848,0.0,1.0,0.5585626951428428,0.5584256756708544,0.9998802768658336,0.9498802423477173,0.9998799851827396,0.999994920210785,0.9999949077342793,0.999994032112669,0.9999940215593813,-9.046524699177185,-35.51544713938561,,840.889019207097,False,False,False,,[]
882,882,883,True,1.0,1.0,882.0,883.0,882.0,883.0,883.0,0.0,70.0,70.0,124.04654708333334,0.5150359869003296,0.5150359869003296,0.0,1.0,0.5584256756708544,0.55828865631026,0.9998799851827396,0.9498799443244934,0.9998796934999145,0.9999949077342793,0.9999948952577731,0.9999940215593813,0.9999940110060938,-9.046524750977397,-35.51541826606438,,840.8891165941482,False,False,False,,[]
883,883,884,True,1.0,1.0,883.0,884.0,883.0,884.0,884.0,0.0,70.0,70.0,124.04654708333334,0.5150361061096191,0.5150361061096191,0.0,1.0,0.55828865631026,0.5581516370513827,0.9998796934999145,0.9498797059059143,0.9998794018173349,0.9999948952577731,0.9999948827812654,0.9999940110060938,0.9999940004528063,-9.046524854577722,-35.515391901004854,,840.8892049406273,False,False,False,,[]
884,884,885,True,1.0,1.0,884.0,885.0,884.0,885.0,885.0,0.0,70.0,70.0,124.04654708333334,0.5150361657142639,0.5150361657142639,0.0,1.0,0.5581516370513827,0.5580146178863614,0.9998794018173349,0.9498794078826904,0.999879110134982,0.9999948827812654,0.9999948703047569,0.9999940004528063,0.9999939898995189,-9.046524906377833,-35.515367573511426,,840.8892868572344,False,False,False,,[]
885,885,886,True,1.0,1.0,885.0,886.0,885.0,886.0,886.0,0.0,70.0,70.0,124.04654708333334,0.5150362849235535,0.5150362849235535,0.0,1.0,0.5580146178863614,0.5578775988060051,0.999879110134982,0.9498791098594666,0.9998788184528334,0.9999948703047569,0.9999948578282469,0.9999939898995189,0.9999939793462317,-9.046525009977966,-35.51534562837611,,840.8893602337968,False,False,False,,[]
886,886,887,True,1.0,1.0,886.0,887.0,886.0,887.0,887.0,0.0,70.0,70.0,124.04654708333334,0.5150363445281982,0.5150363445281982,0.0,1.0,0.5578775988060051,0.5577405798029251,0.9998788184528334,0.9498788118362427,0.9998785267708714,0.9999948578282469,0.9999948453517362,0.9999939793462317,0.9999939687929446,-9.046525061777984,-35.5153255983185,,840.8894275930926,False,False,False,,[]
887,887,888,True,1.0,1.0,887.0,888.0,887.0,888.0,888.0,0.0,70.0,70.0,124.04654708333334,0.5150364637374878,0.5150364637374878,0.0,1.0,0.5577405798029251,0.5576035608683902,0.9998785267708714,0.9498785138130188,0.9998782350890749,0.9999948453517362,0.9999948328752241,0.9999939687929446,0.9999939582396576,-9.04652516537792,-35.515307831444936,,840.8894869022752,False,False,False,,[]
888,888,889,True,1.0,1.0,888.0,889.0,888.0,889.0,889.0,0.0,70.0,70.0,124.04654708333334,0.5150365233421326,0.5150365233421326,0.0,1.0,0.5576035608683902,0.5574665419954593,0.9998782350890749,0.9498782157897949,0.9998779434074271,0.9999948328752241,0.9999948203987111,0.9999939582396576,0.9999939476863708,-9.046525217177841,-35.51529186369767,,840.8895405027033,False,False,False,,[]
889,889,890,True,1.0,1.0,889.0,890.0,889.0,890.0,890.0,0.0,70.0,70.0,124.04654708333334,0.5150366425514221,0.5150366425514221,0.0,1.0,0.5574665419954593,0.5573295231758362,0.9998779434074271,0.949877917766571,0.9998776517259079,0.9999948203987111,0.9999948079221967,0.9999939476863708,0.9999939371330842,-9.046525320777587,-35.5152780463186,,840.8895863528951,False,False,False,,[]
890,890,891,True,1.0,1.0,890.0,891.0,890.0,891.0,891.0,0.0,70.0,67.5,-259.7242862499992,0.5150367021560669,0.5150367021560669,0.0,1.0,0.5573295231758362,0.5575353033594828,0.9998776517259079,0.9498776197433472,0.9998772253127204,0.9999948079221967,0.9999947948980565,0.9999939371330842,0.9999939209380996,13.601119504427368,53.33822360118608,,1154.6274015331094,False,False,False,,[]
891,891,892,True,1.0,1.0,891.0,892.0,891.0,892.0,892.0,0.0,67.5,65.0,-262.57544184895943,0.5150368213653564,0.5150368213653564,0.0,1.0,0.5575353033594828,0.5577336253147651,0.9998772253127204,0.9498772025108337,0.9998768129327202,0.9999947948980565,0.9999947824899161,0.9999939209380996,0.9999939021771919,13.10988061519718,51.405050809184026,,1144.053374410455,False,False,False,,[]
892,892,893,True,1.0,1.0,892.0,893.0,892.0,893.0,893.0,0.0,65.0,62.5,-265.3229190624992,0.515036940574646,0.515036940574646,0.0,1.0,0.5577336253147651,0.5579254382558263,0.9998768129327202,0.9498767852783203,0.9998764129040476,0.9999947824899161,0.9999947704250706,0.9999939021771919,0.9999938826883944,12.68120657444321,49.71791432306036,,1136.694867654498,False,False,False,,[]
893,893,894,True,1.0,1.0,893.0,894.0,893.0,894.0,894.0,0.0,62.5,60.0,-267.9667178906242,0.5150370597839355,0.5150370597839355,0.0,1.0,0.5579254382558263,0.5581153050582363,0.9998764129040476,0.9498764276504517,0.9998760165869084,0.9999947704250706,0.9999947587134347,0.9999938826883944,0.9999938684878089,12.554214964020048,49.213475184656424,,1141.9734082933846,False,False,False,,[]
894,894,895,True,1.0,1.0,894.0,895.0,894.0,895.0,895.0,0.0,60.0,57.5,-270.50683833333443,0.5150371789932251,0.5150371789932251,0.0,1.0,0.5581153050582363,0.5582970269675224,0.9998760165869084,0.9498760104179382,0.9998756358946488,0.9999947587134347,0.9999947471046584,0.9999938684878089,0.9999938524239698,12.016970879065273,47.10231888696989,,1131.1962136750687,False,False,False,,[]
895,895,896,True,1.0,1.0,895.0,896.0,895.0,896.0,896.0,0.0,57.5,55.0,-272.94328039062515,0.5150372982025146,0.5150372982025146,0.0,1.0,0.5582970269675224,0.558474915722666,0.9998756358946488,0.9498756527900696,0.999875262606286,0.9999947471046584,0.9999947360214113,0.9999938524239698,0.9999938396930823,11.764840450934264,46.108765333233606,,1132.1768775505282,False,False,False,,[]
896,896,897,True,1.0,1.0,896.0,897.0,896.0,897.0,897.0,0.0,55.0,52.5,-275.27604406250015,0.5150374174118042,0.5150374174118042,0.0,1.0,0.558474915722666,0.5586435276785265,0.999875262606286,0.9498752355575562,0.9998749073677069,0.9999947360214113,0.9999947254466555,0.9999938396930823,0.9999938237893164,11.15233826234346,43.70421895902521,,1119.3314517437225,False,False,False,,[]
897,897,898,True,1.0,1.0,897.0,898.0,897.0,898.0,898.0,0.0,52.5,50.0,-277.5051293489575,0.5150375366210938,0.5150375366210938,0.0,1.0,0.5586435276785265,0.5588046994665311,0.9998749073677069,0.9498748779296875,0.9998745667371404,0.9999947254466555,0.9999947153021193,0.9999938237893164,0.9999938073724803,10.661193465150314,41.77572745079268,,1111.7872742237441,False,False,False,,[]
898,898,899,True,1.0,1.0,898.0,899.0,898.0,899.0,899.0,0.0,50.0,50.0,104.14029708333334,0.5150376558303833,0.5150376558303833,0.0,1.0,0.5588046994665311,0.558716351067344,0.9998745667371404,0.9498745799064636,0.9998743874085873,0.9999947153021193,0.9999947072329841,0.9999938073724803,0.999993796814508,-5.840106112149456,-22.899905069320518,,888.96130010312,False,False,False,,[]
899,899,900,True,1.0,1.0,899.0,900.0,899.0,900.0,900.0,0.0,50.0,50.0,104.14029708333334,0.5150376558303833,0.5150376558303833,0.0,1.0,0.558716351067344,0.558628002089162,0.9998743874085873,0.9498744010925293,0.9998742080787573,0.9999947072329841,0.999994699163849,0.999993796814508,0.9999937862565356,-5.840106112149456,-22.900055144784545,,888.960741646785,False,False,False,,[]
900,900,901,True,1.0,1.0,900.0,901.0,900.0,901.0,901.0,0.0,50.0,50.0,104.14029708333334,0.5150377154350281,0.5150377154350281,0.0,1.0,0.558628002089162,0.5585396525458222,0.9998742080787573,0.949874222278595,0.999874028747681,0.999994699163849,0.9999946910947133,0.9999937862565356,0.9999937756985641,-5.840106101393774,-22.900201633671802,,888.9601968105807,False,False,False,,[]
901,901,902,True,1.0,1.0,901.0,902.0,901.0,902.0,902.0,0.0,50.0,50.0,104.14029708333334,0.5150377750396729,0.5150377750396729,0.0,1.0,0.5585396525458222,0.5584513024506309,0.999874028747681,0.9498740434646606,0.9998738494153878,0.9999946910947133,0.999994683025577,0.9999937756985641,0.9999937651405933,-5.840106090638072,-22.900344673570867,,888.9596647100855,False,False,False,,[]
902,902,903,True,1.0,1.0,902.0,903.0,902.0,903.0,903.0,0.0,50.0,50.0,104.14029708333334,0.5150378346443176,0.5150378346443176,0.0,1.0,0.5584513024506309,0.5583629518165364,0.9998738494153878,0.9498738646507263,0.9998736700819062,0.999994683025577,0.9999946749564402,0.9999937651405933,0.9999937545826235,-5.8401060798823545,-22.900484357296957,,888.9591451938225,False,False,False,,[]
903,903,904,True,1.0,1.0,903.0,904.0,903.0,904.0,904.0,0.0,50.0,50.0,104.14029708333334,0.5150378942489624,0.5150378942489624,0.0,1.0,0.5583629518165364,0.5582746006561383,0.9998736700819062,0.949873685836792,0.999873490747264,0.9999946749564402,0.9999946668873028,0.9999937545826235,0.9999937440246545,-5.84010606912662,-22.900620775166935,,888.9586376529539,False,False,False,,[]
904,904,905,True,1.0,1.0,904.0,905.0,904.0,905.0,905.0,0.0,50.0,50.0,104.14029708333334,0.5150379538536072,0.5150379538536072,0.0,1.0,0.5582746006561383,0.5581862489816976,0.999873490747264,0.9498735070228577,0.9998733114114882,0.9999946668873028,0.9999946588181647,0.9999937440246545,0.9999937334666863,-5.840106058370867,-22.9007540150543,,888.9581421179704,False,False,False,,[]
905,905,906,True,1.0,1.0,905.0,906.0,905.0,906.0,906.0,0.0,50.0,50.0,104.14029708333334,0.515038013458252,0.515038013458252,0.0,1.0,0.5581862489816976,0.5580978968051449,0.9998733114114882,0.9498733282089233,0.999873132074605,0.9999946588181647,0.9999946507490262,0.9999937334666863,0.999993722908719,-5.840106047615098,-22.90088416245798,,888.9576580823383,False,False,False,,[]
906,906,907,True,1.0,1.0,906.0,907.0,906.0,907.0,907.0,0.0,50.0,50.0,104.14029708333334,0.5150380730628967,0.5150380730628967,0.0,1.0,0.5580978968051449,0.5580095441380902,0.999873132074605,0.949873149394989,0.9998729527366403,0.9999946507490262,0.999994642679887,0.999993722908719,0.9999937123507525,-5.8401060368593125,-22.90101130056648,,888.9571851696377,False,False,False,,[]
907,907,908,True,1.0,1.0,907.0,908.0,907.0,908.0,908.0,0.0,50.0,50.0,104.14029708333334,0.5150381326675415,0.5150381326675415,0.0,1.0,0.5580095441380902,0.5579211909918312,0.9998729527366403,0.9498729705810547,0.9998727733976188,0.999994642679887,0.9999946346107473,0.9999937123507525,0.9999937017927869,-5.840106026103509,-22.90113551032666,,888.9567232295435,False,False,False,,[]
908,908,909,True,1.0,1.0,908.0,909.0,908.0,909.0,909.0,0.0,50.0,50.0,104.14029708333334,0.5150381922721863,0.5150381922721863,0.0,1.0,0.5579211909918312,0.5578328373773618,0.9998727733976188,0.9498727321624756,0.9998725940575648,0.9999946346107473,0.999994626541607,0.9999937017927869,0.9999936912348221,-5.84010601534769,-22.901256870489586,,888.9562717236819,False,False,False,,[]
909,909,910,True,1.0,1.0,909.0,910.0,909.0,910.0,910.0,0.0,50.0,50.0,104.14029708333334,0.515038251876831,0.515038251876831,0.0,1.0,0.5578328373773618,0.55774448330538,0.9998725940575648,0.9498725533485413,0.9998724147165019,0.999994626541607,0.9999946184724661,0.9999936912348221,0.9999936806768581,-5.840106004591853,-22.901375457679258,,888.9558307165937,False,False,False,,[]
910,910,911,True,1.0,1.0,910.0,911.0,910.0,911.0,911.0,0.0,50.0,50.0,104.14029708333334,0.5150383114814758,0.5150383114814758,0.0,1.0,0.55774448330538,0.5576561287862963,0.9998724147165019,0.9498723745346069,0.999872235374453,0.9999946184724661,0.9999946104033246,0.9999936806768581,0.999993670118895,-5.840105993836,-22.901491346461412,,888.955399656398,False,False,False,,[]
911,911,912,True,1.0,1.0,911.0,912.0,911.0,912.0,912.0,0.0,50.0,50.0,104.14029708333334,0.5150383710861206,0.5150383710861206,0.0,1.0,0.5576561287862963,0.5575677738302417,0.999872235374453,0.9498721957206726,0.9998720560314405,0.9999946104033246,0.9999946023341826,0.999993670118895,0.9999936595609327,-5.84010598308013,-22.90160460936642,,888.9549784535766,False,False,False,,[]
912,912,913,True,1.0,1.0,912.0,913.0,912.0,913.0,913.0,0.0,50.0,50.0,104.14029708333334,0.5150383710861206,0.5150383710861206,0.0,1.0,0.5575677738302417,0.5574794184469116,0.9998720560314405,0.9498720169067383,0.9998718766874857,0.9999946023341826,0.9999945942650406,0.9999936595609327,0.9999936490029704,-5.84010598308013,-22.90171535916428,,888.9545663430586,False,False,False,,[]
913,913,914,True,1.0,1.0,913.0,914.0,913.0,914.0,914.0,0.0,50.0,50.0,104.14029708333334,0.5150384306907654,0.5150384306907654,0.0,1.0,0.5574794184469116,0.5573910626460622,0.9998718766874857,0.949871838092804,0.9998716973426102,0.9999945942650406,0.999994586195898,0.9999936490029704,0.999993638445009,-5.840105972324242,-22.901823580158883,,888.9541639078126,False,False,False,,[]
914,914,915,True,1.0,1.0,914.0,915.0,914.0,915.0,915.0,0.0,50.0,50.0,104.14029708333334,0.5150384902954102,0.5150384902954102,0.0,1.0,0.5573910626460622,0.5573027064370293,0.9998716973426102,0.9498716592788696,0.9998715179968345,0.999994586195898,0.9999945781267547,0.999993638445009,0.9999936278870484,-5.840105961568337,-22.9019293813429,,888.9537702981071,False,False,False,,[]
915,915,916,True,1.0,1.0,915.0,916.0,915.0,916.0,916.0,0.0,50.0,50.0,104.14029708333334,0.5150385499000549,0.5150385499000549,0.0,1.0,0.5573027064370293,0.5572143498288976,0.9998715179968345,0.9498714804649353,0.9998713386501787,0.9999945781267547,0.9999945700576109,0.9999936278870484,0.9999936173290886,-5.840105950812417,-22.902032827737862,,888.953385631307,False,False,False,,[]
916,916,917,True,1.0,1.0,916.0,917.0,916.0,917.0,917.0,0.0,50.0,50.0,104.14029708333334,0.5150386095046997,0.5150386095046997,0.0,1.0,0.5572143498288976,0.557125992830508,0.9998713386501787,0.949871301651001,0.9998711593026623,0.9999945700576109,0.9999945619884666,0.9999936173290886,0.9999936067711297,-5.840105940056478,-22.90213398258666,,888.9530093987951,False,False,False,,[]
917,917,918,True,1.0,1.0,917.0,918.0,917.0,918.0,918.0,0.0,50.0,50.0,104.14029708333334,0.5150386691093445,0.5150386691093445,0.0,1.0,0.557125992830508,0.5570376354504638,0.9998711593026623,0.9498711228370667,0.9998709799543043,0.9999945619884666,0.9999945539193217,0.9999936067711297,0.9999935962131716,-5.840105929300524,-22.902232907445217,,888.9526415532614,False,False,False,,[]
918,918,919,True,1.0,1.0,918.0,919.0,918.0,919.0,919.0,0.0,50.0,50.0,104.14029708333334,0.5150387287139893,0.5150387287139893,0.0,1.0,0.5570376354504638,0.5569492776971375,0.9998709799543043,0.9498709440231323,0.999870800605123,0.9999945539193217,0.9999945458501762,0.9999935962131716,0.9999935856552143,-5.840105918544552,-22.902329662177902,,888.9522816929518,False,False,False,,[]
919,919,920,True,1.0,1.0,919.0,920.0,919.0,920.0,920.0,0.0,50.0,50.0,104.14029708333334,0.515038788318634,0.515038788318634,0.0,1.0,0.5569492776971375,0.5568609195786767,0.999870800605123,0.949870765209198,0.9998706212551366,0.9999945458501762,0.9999945377810301,0.9999935856552143,0.999993575097258,-5.840105907788564,-22.902424305058386,,888.9519297014243,False,False,False,,[]
920,920,921,True,1.0,1.0,920.0,921.0,920.0,921.0,921.0,0.0,50.0,50.0,104.14029708333334,0.5150388479232788,0.5150388479232788,0.0,1.0,0.5568609195786767,0.5567725611030101,0.9998706212551366,0.9498705863952637,0.9998704419043624,0.9999945377810301,0.9999945297118834,0.999993575097258,0.9999935645393024,-5.840105897032558,-22.902516892765064,,888.9515854322325,False,False,False,,[]
921,921,922,True,1.0,1.0,921.0,922.0,921.0,922.0,922.0,0.0,50.0,50.0,104.14029708333334,0.5150388479232788,0.5150388479232788,0.0,1.0,0.5567725611030101,0.5566842022776912,0.9998704419043624,0.9498704075813293,0.9998702625528171,0.9999945297118834,0.9999945216427367,0.9999935645393024,0.9999935539813469,-5.840105897032558,-22.90260752264687,,888.9512481938422,False,False,False,,[]
922,922,923,True,1.0,1.0,922.0,923.0,922.0,923.0,923.0,0.0,50.0,50.0,104.14029708333334,0.5150389075279236,0.5150389075279236,0.0,1.0,0.5566842022776912,0.5565958431103919,0.9998702625528171,0.949870228767395,0.9998700832005176,0.9999945216427367,0.9999945135735895,0.9999935539813469,0.9999935434233922,-5.840105886276535,-22.902696163980856,,888.95091852729,False,False,False,,[]
923,923,924,True,1.0,1.0,923.0,924.0,923.0,924.0,924.0,0.0,50.0,50.0,104.14029708333334,0.5150389671325684,0.5150389671325684,0.0,1.0,0.5565958431103919,0.5565074836084198,0.9998700832005176,0.9498700499534607,0.9998699038474802,0.9999945135735895,0.9999945055044417,0.9999935434233922,0.9999935328654384,-5.840105875520494,-22.902782911168355,,888.9505960044198,False,False,False,,[]
924,924,925,True,1.0,1.0,924.0,925.0,924.0,925.0,925.0,0.0,50.0,50.0,104.14029708333334,0.5150390267372131,0.5150390267372131,0.0,1.0,0.5565074836084198,0.5564191237788866,0.9998699038474802,0.9498698711395264,0.9998697244937204,0.9999945055044417,0.9999944974352932,0.9999935328654384,0.9999935223074853,-5.840105864764438,-22.90286781501088,,888.9502801543506,False,False,False,,[]
925,925,926,True,1.0,1.0,925.0,926.0,925.0,926.0,926.0,0.0,50.0,50.0,104.14029708333334,0.5150390863418579,0.5150390863418579,0.0,1.0,0.5564191237788866,0.5563307636287133,0.9998697244937204,0.949869692325592,0.9998695451392534,0.9999944974352932,0.9999944893661442,0.9999935223074853,0.9999935117495331,-5.840105854008365,-22.90295092493011,,888.9499711599922,False,False,False,,[]
926,926,927,True,1.0,1.0,926.0,927.0,926.0,927.0,927.0,0.0,50.0,50.0,104.14029708333334,0.5150391459465027,0.5150391459465027,0.0,1.0,0.5563307636287133,0.5562424031646352,0.9998695451392534,0.9498695135116577,0.9998693657840942,0.9999944893661442,0.9999944812969946,0.9999935117495331,0.9999935011915817,-5.840105843252275,-22.90303228902292,,888.9496685762592,False,False,False,,[]
927,927,928,True,1.0,1.0,927.0,928.0,927.0,928.0,928.0,0.0,50.0,50.0,104.14029708333334,0.5150392055511475,0.5150392055511475,0.0,1.0,0.5562424031646352,0.5561540423932075,0.9998693657840942,0.9498693346977234,0.9998691864282573,0.9999944812969946,0.9999944732278445,0.9999935011915817,0.9999934906336312,-5.840105832496168,-22.90311195407053,,888.9493724009452,False,False,False,,[]
928,928,929,True,1.0,1.0,928.0,929.0,928.0,929.0,929.0,0.0,50.0,50.0,104.14029708333334,0.5150392651557922,0.5150392651557922,0.0,1.0,0.5561540423932075,0.5560656813208094,0.9998691864282573,0.9498691558837891,0.9998690070717566,0.9999944732278445,0.9999944651586938,0.9999934906336312,0.9999934800756815,-5.840105821740044,-22.903189965598088,,888.9490822933693,False,False,False,,[]
929,929,930,True,1.0,1.0,929.0,930.0,929.0,930.0,930.0,0.0,50.0,50.0,104.14029708333334,0.515039324760437,0.515039324760437,0.0,1.0,0.5560656813208094,0.5559773199536493,0.9998690070717566,0.9498689770698547,0.999868827714606,0.9999944651586938,0.9999944570895425,0.9999934800756815,0.9999934695177326,-5.8401058109839035,-22.90326636789763,,888.9487981713138,False,False,False,,[]
930,930,931,True,1.0,1.0,930.0,931.0,930.0,931.0,931.0,0.0,50.0,50.0,104.14029708333334,0.5150393843650818,0.5150393843650818,0.0,1.0,0.5559773199536493,0.5558889582977694,0.999868827714606,0.9498687982559204,0.9998686483568185,0.9999944570895425,0.9999944490203906,0.9999934695177326,0.9999934589597846,-5.840105800227744,-22.90334120407388,,888.9485199645806,False,False,False,,[]
931,931,932,True,1.0,1.0,931.0,932.0,931.0,932.0,932.0,0.0,50.0,50.0,104.14029708333334,0.5150394439697266,0.5150394439697266,0.0,1.0,0.5558889582977694,0.5558005963590501,0.9998686483568185,0.9498686194419861,0.9998684689984074,0.9999944490203906,0.9999944409512381,0.9999934589597846,0.9999934484018375,-5.840105789471569,-22.903414516044283,,888.9482473436332,False,False,False,,[]
932,932,933,True,1.0,1.0,932.0,933.0,932.0,933.0,933.0,0.0,50.0,50.0,104.14029708333334,0.5150394439697266,0.5150394439697266,0.0,1.0,0.5558005963590501,0.5557122341430516,0.9998684689984074,0.9498684406280518,0.9998682896393848,0.9999944409512381,0.9999944328820857,0.9999934484018375,0.9999934378438903,-5.840105789471569,-22.903486386804808,,888.9479799062935,False,False,False,,[]
933,933,934,True,1.0,1.0,933.0,934.0,933.0,934.0,934.0,0.0,50.0,50.0,104.14029708333334,0.5150395035743713,0.5150395035743713,0.0,1.0,0.5557122341430516,0.5556238716555066,0.9998682896393848,0.9498682618141174,0.9998681102797633,0.9999944328820857,0.9999944248129327,0.9999934378438903,0.999993427285944,-5.840105778715379,-22.90355677166003,,888.947718262647,False,False,False,,[]
934,934,935,True,1.0,1.0,934.0,935.0,934.0,935.0,935.0,0.0,50.0,50.0,104.14029708333334,0.5150395631790161,0.5150395631790161,0.0,1.0,0.5556238716555066,0.555535508901836,0.9998681102797633,0.9498680830001831,0.999867930919555,0.9999944248129327,0.9999944167437791,0.999993427285944,0.9999934167279985,-5.84010576795917,-22.90362575141928,,888.9474617625825,False,False,False,,[]
935,935,936,True,1.0,1.0,935.0,936.0,935.0,936.0,936.0,0.0,50.0,50.0,104.14029708333334,0.5150396227836609,0.5150396227836609,0.0,1.0,0.555535508901836,0.5554471458873157,0.999867930919555,0.9498679041862488,0.9998677515587714,0.9999944167437791,0.9999944086746249,0.9999934167279985,0.9999934061700538,-5.840105757202944,-22.903693363658814,,888.9472103531008,False,False,False,,[]
936,936,937,True,1.0,1.0,936.0,937.0,936.0,937.0,937.0,0.0,50.0,50.0,104.14029708333334,0.5150396823883057,0.5150396823883057,0.0,1.0,0.5554471458873157,0.5553587826170806,0.9998677515587714,0.9498677253723145,0.9998675721974238,0.9999944086746249,0.9999944006054701,0.9999934061700538,0.99999339561211,-5.840105746446701,-22.903759644932617,,888.9469638875916,False,False,False,,[]
937,937,938,True,1.0,1.0,937.0,938.0,937.0,938.0,938.0,0.0,50.0,50.0,104.14029708333334,0.5150397419929504,0.5150397419929504,0.0,1.0,0.5553587826170806,0.5552704190961284,0.9998675721974238,0.9498675465583801,0.9998673928355234,0.9999944006054701,0.9999943925363147,0.99999339561211,0.999993385054167,-5.840105735690442,-22.90382463081825,,888.9467223365684,False,False,False,,[]
938,938,939,True,1.0,1.0,938.0,939.0,938.0,939.0,939.0,0.0,50.0,50.0,104.14029708333334,0.5150398015975952,0.5150398015975952,0.0,1.0,0.5552704190961284,0.5551820553293232,0.9998673928355234,0.9498673677444458,0.9998672134730808,0.9999943925363147,0.9999943844671588,0.999993385054167,0.9999933744962249,-5.840105724934166,-22.903888355916855,,888.9464854804286,False,False,False,,[]
939,939,940,True,1.0,1.0,939.0,940.0,939.0,940.0,940.0,0.0,50.0,50.0,104.14029708333334,0.51503986120224,0.51503986120224,0.0,1.0,0.5551820553293232,0.5550936913213992,0.9998672134730808,0.9498671889305115,0.9998670341101065,0.9999943844671588,0.9999943763980024,0.9999933744962249,0.9999933639382836,-5.840105714177873,-22.903950853898984,,888.9462530936913,False,False,False,,[]
940,940,941,True,1.0,1.0,940.0,941.0,940.0,941.0,941.0,0.0,50.0,50.0,104.14029708333334,0.5150399208068848,0.5150399208068848,0.0,1.0,0.5550936913213992,0.5550053270769643,0.9998670341101065,0.9498670101165771,0.9998668547466105,0.9999943763980024,0.9999943683288453,0.9999933639382836,0.9999933533803432,-5.840105703421563,-22.904012157522953,,888.9460251554696,False,False,False,,[]
941,941,942,True,1.0,1.0,941.0,942.0,941.0,942.0,942.0,0.0,50.0,50.0,104.14029708333334,0.5150399208068848,0.5150399208068848,0.0,1.0,0.5550053270769643,0.5549169626003405,0.9998668547466105,0.9498668313026428,0.9998666753826025,0.9999943683288453,0.9999943602596881,0.9999933533803432,0.9999933428224028,-5.840105703421563,-22.904072340873157,,888.945801211828,False,False,False,,[]
942,942,943,True,1.0,1.0,942.0,943.0,942.0,943.0,943.0,0.0,50.0,50.0,104.14029708333334,0.5150399804115295,0.5150399804115295,0.0,1.0,0.5549169626003405,0.554828597896056,0.9998666753826025,0.9498666524887085,0.9998664960180925,0.9999943602596881,0.9999943521905305,0.9999933428224028,0.9999933322644632,-5.840105692665236,-22.904131350553453,,888.9455818115275,False,False,False,,[]
943,943,944,True,1.0,1.0,943.0,944.0,943.0,944.0,944.0,0.0,50.0,50.0,104.14029708333334,0.5150400400161743,0.5150400400161743,0.0,1.0,0.554828597896056,0.5547402329683594,0.9998664960180925,0.9498664736747742,0.9998663166530899,0.9999943521905305,0.9999943441213722,0.9999933322644632,0.9999933217065244,-5.8401056819088915,-22.904189258942935,,888.9453666022279,False,False,False,,[]
944,944,945,True,1.0,1.0,944.0,945.0,944.0,945.0,945.0,0.0,50.0,50.0,104.14029708333334,0.5150400996208191,0.5150400996208191,0.0,1.0,0.5547402329683594,0.5546518678213864,0.9998663166530899,0.9498662948608398,0.9998661372876037,0.9999943441213722,0.9999943360522134,0.9999933217065244,0.9999933111485865,-5.84010567115253,-22.90424609539389,,888.9451552840535,False,False,False,,[]
945,945,946,True,1.0,1.0,945.0,946.0,945.0,946.0,946.0,0.0,50.0,50.0,104.14029708333334,0.5150401592254639,0.5150401592254639,0.0,1.0,0.5546518678213864,0.5545635024591624,0.9998661372876037,0.9498661160469055,0.9998659579216427,0.9999943360522134,0.9999943279830541,0.9999933111485865,0.9999933005906494,-5.840105660396153,-22.904301888470144,,888.9449479364843,False,False,False,,[]
946,946,947,True,1.0,1.0,946.0,947.0,946.0,947.0,947.0,0.0,50.0,50.0,104.14029708333334,0.5150402188301086,0.5150402188301086,0.0,1.0,0.5545635024591624,0.5544751368856055,0.9998659579216427,0.9498659372329712,0.9998657785552157,0.9999943279830541,0.9999943199138941,0.9999933005906494,0.9999932900327132,-5.840105649639758,-22.904356665965373,,888.9447442905274,False,False,False,,[]
947,947,948,True,1.0,1.0,947.0,948.0,947.0,948.0,948.0,0.0,50.0,50.0,104.14029708333334,0.5150402784347534,0.5150402784347534,0.0,1.0,0.5544751368856055,0.5543867711045294,0.9998657785552157,0.9498657584190369,0.9998655991883311,0.9999943199138941,0.9999943118447335,0.9999932900327132,0.9999932794747778,-5.840105638883347,-22.90441045491687,,888.9445443076633,False,False,False,,[]
948,948,949,True,1.0,1.0,948.0,949.0,948.0,949.0,949.0,0.0,50.0,50.0,104.14029708333334,0.5150403380393982,0.5150403380393982,0.0,1.0,0.5543867711045294,0.5542984051196466,0.9998655991883311,0.9498655796051025,0.999865419820997,0.9999943118447335,0.9999943037755724,0.9999932794747778,0.9999932689168433,-5.84010562812692,-22.904463281633063,,888.944348004205,False,False,False,,[]
949,949,950,True,1.0,1.0,949.0,950.0,949.0,950.0,950.0,0.0,50.0,50.0,104.14029708333334,0.515040397644043,0.515040397644043,0.0,1.0,0.5542984051196466,0.5542100389345705,0.999865419820997,0.9498654007911682,0.9998652404532214,0.9999943037755724,0.9999942957064107,0.9999932689168433,0.9999932583589095,-5.840105617370472,-22.904515171702652,,888.9441551002822,False,False,False,,[]
950,950,951,True,1.0,1.0,950.0,951.0,950.0,951.0,951.0,0.0,50.0,50.0,104.14029708333334,0.5150404572486877,0.5150404572486877,0.0,1.0,0.5542100389345705,0.5541216725528189,0.9998652404532214,0.9498652219772339,0.9998650610850122,0.9999942957064107,0.9999942876372485,0.9999932583589095,0.9999932478009766,-5.840105606614012,-22.90456615003589,,888.9439656691466,False,False,False,,[]
951,951,952,True,1.0,1.0,951.0,952.0,951.0,952.0,952.0,0.0,50.0,50.0,104.14029708333334,0.5150405168533325,0.5150405168533325,0.0,1.0,0.5541216725528189,0.5540333059778155,0.9998650610850122,0.9498650431632996,0.9998648817163767,0.9999942876372485,0.9999942795680856,0.9999932478009766,0.9999932372430446,-5.8401055958575325,-22.90461624086458,,888.9437793649535,False,False,False,,[]
952,952,953,True,1.0,1.0,952.0,953.0,952.0,953.0,953.0,0.0,50.0,50.0,104.14029708333334,0.5150405168533325,0.5150405168533325,0.0,1.0,0.5540333059778155,0.5539449392127308,0.9998648817163767,0.9498648643493652,0.999864702347322,0.9999942795680856,0.9999942714989227,0.9999932372430446,0.9999932266851125,-5.8401055958575325,-22.90466550995289,,888.9435960397828,False,False,False,,[]
953,953,954,True,1.0,1.0,953.0,954.0,953.0,954.0,954.0,0.0,50.0,50.0,104.14029708333334,0.5150405764579773,0.5150405764579773,0.0,1.0,0.5539449392127308,0.5538565722609721,0.999864702347322,0.9498646855354309,0.9998645229778558,0.9999942714989227,0.9999942634297593,0.9999932266851125,0.9999932161271813,-5.8401055851010355,-22.90471389585033,,888.9434162582745,False,False,False,,[]
954,954,955,True,1.0,1.0,954.0,955.0,954.0,955.0,955.0,0.0,50.0,50.0,104.14029708333334,0.5150406360626221,0.5150406360626221,0.0,1.0,0.5538565722609721,0.5537682051256979,0.9998645229778558,0.9498645067214966,0.9998643436079847,0.9999942634297593,0.9999942553605953,0.9999932161271813,0.999993205569251,-5.8401055743445225,-22.90476146306501,,888.9432395167545,False,False,False,,[]
955,955,956,True,1.0,1.0,955.0,956.0,955.0,956.0,956.0,0.0,50.0,50.0,104.14029708333334,0.5150406956672668,0.5150406956672668,0.0,1.0,0.5537682051256979,0.553679837809983,0.9998643436079847,0.9498643279075623,0.9998641642377157,0.9999942553605953,0.9999942472914307,0.999993205569251,0.9999931950113214,-5.840105563587993,-22.904808233312043,,888.9430656611618,False,False,False,,[]
956,956,957,True,1.0,1.0,956.0,957.0,956.0,957.0,957.0,0.0,50.0,50.0,104.14029708333334,0.5150407552719116,0.5150407552719116,0.0,1.0,0.553679837809983,0.5535914703168205,0.9998641642377157,0.9498641490936279,0.9998639848670554,0.9999942472914307,0.9999942392222655,0.9999931950113214,0.9999931844533928,-5.840105552831447,-22.904854227715166,,888.9428946885979,False,False,False,,[]
957,957,958,True,1.0,1.0,957.0,958.0,957.0,958.0,958.0,0.0,50.0,50.0,104.14029708333334,0.5150408148765564,0.5150408148765564,0.0,1.0,0.5535914703168205,0.5535031026491244,0.9998639848670554,0.9498639702796936,0.9998638054960103,0.9999942392222655,0.9999942311530997,0.9999931844533928,0.9999931738954649,-5.840105542074881,-22.9048994668297,,888.9427265362433,False,False,False,,[]
958,958,959,True,1.0,1.0,958.0,959.0,958.0,959.0,959.0,0.0,50.0,50.0,104.14029708333334,0.5150408744812012,0.5150408744812012,0.0,1.0,0.5535031026491244,0.5534147348097315,0.9998638054960103,0.9498637914657593,0.9998636261245865,0.9999942311530997,0.9999942230839334,0.9999931738954649,0.999993163337538,-5.840105531318303,-22.90494397065169,,888.9425611960235,False,False,False,,[]
959,959,960,True,1.0,1.0,959.0,960.0,959.0,960.0,960.0,0.0,50.0,50.0,104.14029708333334,0.515040934085846,0.515040934085846,0.0,1.0,0.5534147348097315,0.5533263668014033,0.9998636261245865,0.949863612651825,0.99986344675279,0.9999942230839334,0.9999942150147665,0.999993163337538,0.9999931527796118,-5.840105520561703,-22.90498775864084,,888.9423984329017,False,False,False,,[]
960,960,961,True,1.0,1.0,960.0,961.0,960.0,961.0,961.0,0.0,50.0,50.0,104.14029708333334,0.5150409936904907,0.5150409936904907,0.0,1.0,0.5533263668014033,0.5532379986268288,0.99986344675279,0.9498634338378906,0.999863267380627,0.9999942150147665,0.999994206945599,0.9999931527796118,0.9999931422216864,-5.840105509805089,-22.905030849725087,,888.9422383560134,False,False,False,,[]
961,961,962,True,1.0,1.0,961.0,962.0,961.0,962.0,962.0,0.0,50.0,50.0,104.14029708333334,0.5150409936904907,0.5150409936904907,0.0,1.0,0.5532379986268288,0.5531496302884625,0.999863267380627,0.9498632550239563,0.9998630880081029,0.999994206945599,0.9999941988764316,0.9999931422216864,0.9999931316637611,-5.840105509805089,-22.90507330452061,,888.9420803857116,False,False,False,,[]
962,962,963,True,1.0,1.0,962.0,963.0,962.0,963.0,963.0,0.0,50.0,50.0,104.14029708333334,0.5150410532951355,0.5150410532951355,0.0,1.0,0.5531496302884625,0.5530612617890159,0.9998630880081029,0.949863076210022,0.9998629086352234,0.9999941988764316,0.9999941908072635,0.9999931316637611,0.9999931211058366,-5.840105499048459,-22.90511505655269,,888.9419251106743,False,False,False,,[]
963,963,964,True,1.0,1.0,963.0,964.0,963.0,964.0,964.0,0.0,50.0,50.0,104.14029708333334,0.5150411128997803,0.5150411128997803,0.0,1.0,0.5530612617890159,0.5529728931309702,0.9998629086352234,0.9498628973960876,0.9998627292619943,0.9999941908072635,0.9999941827380948,0.9999931211058366,0.999993110547913,-5.840105488291811,-22.905156165451913,,888.9417724105309,False,False,False,,[]
964,964,965,True,1.0,1.0,964.0,965.0,964.0,965.0,965.0,0.0,50.0,50.0,104.14029708333334,0.515041172504425,0.515041172504425,0.0,1.0,0.5529728931309702,0.5528845243167411,0.9998627292619943,0.9498627185821533,0.9998625498884206,0.9999941827380948,0.9999941746689256,0.999993110547913,0.9999930999899902,-5.840105477535145,-22.90519664818879,,888.9416220317338,False,False,False,,[]
965,965,966,True,1.0,1.0,965.0,966.0,965.0,966.0,966.0,0.0,50.0,50.0,104.14029708333334,0.5150412321090698,0.5150412321090698,0.0,1.0,0.5528845243167411,0.5527961553486807,0.9998625498884206,0.949862539768219,0.9998623705145078,0.9999941746689256,0.9999941665997558,0.9999930999899902,0.9999930894320682,-5.840105466778464,-22.905236521261664,,888.941473845052,False,False,False,,[]
966,966,967,True,1.0,1.0,966.0,967.0,966.0,967.0,967.0,0.0,50.0,50.0,104.14029708333334,0.5150412917137146,0.5150412917137146,0.0,1.0,0.5527961553486807,0.5527077862290791,0.9998623705145078,0.9498623609542847,0.9998621911402606,0.9999941665997558,0.9999941585305855,0.9999930894320682,0.9999930788741471,-5.840105456021764,-22.9052758007288,,888.9413279418997,False,False,False,,[]
967,967,968,True,1.0,1.0,967.0,968.0,967.0,968.0,968.0,0.0,50.0,51.53845978,340.3066938114995,0.5150413513183594,0.5150413513183594,0.0,1.0,0.5527077862290791,0.5524487368037801,0.9998621911402606,0.9498621821403503,0.9998616684184741,0.9999941585305855,0.9999941442584391,0.9999930788741471,0.9999930574306604,-17.110724277976693,-67.14561103749823,,742.369974994894,False,False,False,,[]
968,968,969,True,1.0,1.0,968.0,969.0,968.0,969.0,969.0,0.0,51.53845978,53.07691956,341.60236538503057,0.5150415301322937,0.5150415301322937,0.0,1.0,0.5524487368037801,0.5521871420769227,0.9998616684184741,0.9498616456985474,0.999861141276031,0.9999941442584391,0.9999941290370501,0.9999930574306604,0.9999930416847123,-17.277410441697672,-67.80535320145066,,743.3417163614499,False,False,False,,[]
969,969,970,True,1.0,1.0,969.0,970.0,969.0,970.0,970.0,0.0,53.07691956,54.61537933,342.9372981542353,0.5150416493415833,0.5150416493415833,0.0,1.0,0.5521871420769227,0.5519162591889657,0.999861141276031,0.9498611092567444,0.9998605981492822,0.9999941290370501,0.9999941132428969,0.9999930416847123,0.999993024984092,-17.889008522482918,-70.21284455845031,,736.544978843629,False,False,False,,[]
970,970,971,True,1.0,1.0,970.0,971.0,970.0,971.0,971.0,0.0,54.61537933,56.15383911,344.31149671530403,0.5150418281555176,0.5150418281555176,0.0,1.0,0.5519162591889657,0.5516362121752544,0.9998605981492822,0.9498605728149414,0.9998600394818427,0.9999941132428969,0.9999940969689164,0.999993024984092,0.9999930074229549,-18.492257982552196,-72.58818595395893,,730.0608294417392,False,False,False,,[]
971,971,972,True,1.0,1.0,971.0,972.0,971.0,972.0,972.0,0.0,56.15383911,57.69229889,345.7249564808531,0.5150420069694519,0.5150420069694519,0.0,1.0,0.5516362121752544,0.5513469179600154,0.9998600394818427,0.9498600363731384,0.9998594653692849,0.9999940969689164,0.9999940802409164,0.9999930074229549,0.9999929889742117,-19.10082251520684,-74.98506058994285,,723.6506771180499,False,False,False,,[]
972,972,973,True,1.0,1.0,972.0,973.0,972.0,973.0,973.0,0.0,57.69229889,59.23075867,347.17767897716027,0.5150421857833862,0.5150421857833862,0.0,1.0,0.5513469179600154,0.5510485688134857,0.9998594653692849,0.9498594403266907,0.9998588763674757,0.9999940802409164,0.9999940630752674,0.9999929889742117,0.9999929698896411,-19.696535734856937,-77.33209878049439,,717.617743122602,False,False,False,,[]
973,973,974,True,1.0,1.0,973.0,974.0,973.0,974.0,974.0,0.0,59.23075867,60.76921844,348.66966266914386,0.5150423645973206,0.5150423645973206,0.0,1.0,0.5510485688134857,0.5507413139171651,0.9998588763674757,0.9498588442802429,0.9998582729526353,0.9999940630752674,0.9999940453453435,0.9999929698896411,0.9999929505476555,-20.28224359898689,-79.6404691263136,,711.9118493571226,False,False,False,,[]
974,974,975,True,1.0,1.0,974.0,975.0,974.0,975.0,975.0,0.0,60.76921844,62.30767822,350.20091215196794,0.5150425434112549,0.5150425434112549,0.0,1.0,0.5507413139171651,0.5504257083370994,0.9998582729526353,0.9498582482337952,0.9998576562349174,0.9999940453453435,0.9999940275166805,0.9999929505476555,0.9999929310347988,-20.831186012853806,-81.80496635302443,,706.9041846819694,False,False,False,,[]
975,975,976,True,1.0,1.0,975.0,976.0,975.0,976.0,976.0,0.0,62.30767822,63.84614182,351.7720092421288,0.5150427222251892,0.5150427222251892,0.0,1.0,0.5504257083370994,0.5501014700284476,0.9998576562349174,0.9498576521873474,0.9998570259843477,0.9999940275166805,0.9999940092509939,0.9999929310347988,0.9999929115684392,-21.398571088730627,-84.0425696025334,,701.7566454290841,False,False,False,,[]
976,976,977,True,1.0,1.0,976.0,977.0,976.0,977.0,977.0,0.0,63.84614182,65.38459778,353.3806139033603,0.5150429010391235,0.5150429010391235,0.0,1.0,0.5501014700284476,0.5497690865619634,0.9998570259843477,0.9498569965362549,0.999856383173131,0.9999940092509939,0.9999939912419884,0.9999929115684392,0.9999928919139118,-21.93365388409294,-86.15379451267901,,697.1905419390935,False,False,False,,[]
977,977,978,True,1.0,1.0,977.0,978.0,977.0,978.0,978.0,0.0,65.38459778,66.92305756,355.0302324092223,0.5150430798530579,0.5150430798530579,0.0,1.0,0.5497690865619634,0.5494292949022438,0.999856383173131,0.9498564004898071,0.9998557291157992,0.9999939912419884,0.9999939740391445,0.9999928919139118,0.9999928722769171,-22.420013071374726,-88.07399819933299,,693.4633712248403,False,False,False,,[]
978,978,979,True,1.0,1.0,978.0,979.0,978.0,979.0,979.0,0.0,66.92305756,68.46151733,356.7185297547392,0.5150432586669922,0.5150432586669922,0.0,1.0,0.5494292949022438,0.5490822007981336,0.9998557291157992,0.9498557448387146,0.9998550641413465,0.9999939740391445,0.9999939577487886,0.9999928722769171,0.9999928527718367,-22.899272849697006,-89.96679178536276,,689.946860218047,False,False,False,,[]
979,979,980,True,1.0,1.0,979.0,980.0,979.0,980.0,980.0,0.0,68.46151733,70.0,358.4496066955706,0.5150434970855713,0.5150434970855713,0.0,1.0,0.5490822007981336,0.5487278477773094,0.9998550641413465,0.9498550295829773,0.9998543884829207,0.9999939577487886,0.9999939424001354,0.9999928527718367,0.9999928335499332,-23.375536207079143,-91.84830299764072,,686.5823988588887,False,False,False,,[]
980,980,981,True,1.0,1.0,980.0,981.0,980.0,981.0,981.0,0.0,70.0,70.0,124.04654708333334,0.5150436758995056,0.5150436758995056,0.0,1.0,0.5487278477773094,0.5485907917302892,0.9998543884829207,0.9498543739318848,0.9998540967115275,0.9999939424001354,0.999993929923534,0.9999928335499332,0.9999928229966566,-9.046531432934877,-35.52492738763139,,840.8568549509155,False,False,False,,[]
981,981,982,True,1.0,1.0,981.0,982.0,981.0,982.0,982.0,0.0,70.0,70.0,124.04654708333334,0.5150437951087952,0.5150437951087952,0.0,1.0,0.5485907917302892,0.5484537364121633,0.9998540967115275,0.9498540759086609,0.9998538049418939,0.999993929923534,0.9999939174469311,0.9999928229966566,0.9999928124433801,-9.046531536526901,-35.52473845824198,,840.857493785147,False,False,False,,[]
982,982,983,True,1.0,1.0,982.0,983.0,982.0,983.0,983.0,0.0,70.0,70.0,124.04654708333334,0.5150438547134399,0.5150438547134399,0.0,1.0,0.5484537364121633,0.5483166817983723,0.9998538049418939,0.949853777885437,0.9998535131739608,0.9999939174469311,0.9999939049703275,0.9999928124433801,0.9999928018901038,-9.04653158832287,-35.524555894623276,,840.8581115350645,False,False,False,,[]
983,983,984,True,1.0,1.0,983.0,984.0,983.0,984.0,984.0,0.0,70.0,70.0,124.04654708333334,0.5150439739227295,0.5150439739227295,0.0,1.0,0.5483166817983723,0.5481796278634794,0.9998535131739608,0.9498534798622131,0.9998532214076667,0.9999939049703275,0.9999938924937224,0.9999928018901038,0.9999927913368276,-9.046531691914701,-35.52437992423606,,840.8587065753611,False,False,False,,[]
984,984,985,True,1.0,1.0,984.0,985.0,984.0,985.0,985.0,0.0,70.0,70.0,124.04654708333334,0.5150440335273743,0.5150440335273743,0.0,1.0,0.5481796278634794,0.5480425745842915,0.9998532214076667,0.9498531818389893,0.9998529296429557,0.9999938924937224,0.9999938800171165,0.9999927913368276,0.9999927807835515,-9.04653174371057,-35.524209965489625,,840.8592815600256,False,False,False,,[]
985,985,986,True,1.0,1.0,985.0,986.0,985.0,986.0,986.0,0.0,70.0,70.0,124.04654708333334,0.515044093132019,0.515044093132019,0.0,1.0,0.5480425745842915,0.5479055219374861,0.9998529296429557,0.9498529434204102,0.9998526378797714,0.9999938800171165,0.9999938675405099,0.9999927807835515,0.9999927702302754,-9.046531795506407,-35.524046051962856,,840.8598361618756,False,False,False,,[]
986,986,987,True,1.0,1.0,986.0,987.0,986.0,987.0,987.0,0.0,70.0,70.0,124.04654708333334,0.5150442123413086,0.5150442123413086,0.0,1.0,0.5479055219374861,0.5477684698995932,0.9998526378797714,0.9498526453971863,0.9998523461180572,0.9999938675405099,0.9999938550639018,0.9999927702302754,0.9999927596769996,-9.046531899097987,-35.523888221846285,,840.8603697663488,False,False,False,,[]
987,987,988,True,1.0,1.0,987.0,988.0,987.0,988.0,988.0,0.0,70.0,70.0,124.04654708333334,0.5150442719459534,0.5150442719459534,0.0,1.0,0.5477684698995932,0.5476314184493332,0.9998523461180572,0.9498523473739624,0.9998520543577617,0.9999938550639018,0.9999938425872931,0.9999927596769996,0.9999927491237239,-9.046531950893725,-35.52373590739791,,840.8608851702486,False,False,False,,[]
988,988,989,True,1.0,1.0,988.0,989.0,988.0,989.0,989.0,0.0,70.0,70.0,124.04654708333334,0.5150443911552429,0.5150443911552429,0.0,1.0,0.5476314184493332,0.54749436756446,0.9998520543577617,0.9498520493507385,0.9998517625988311,0.9999938425872931,0.9999938301106828,0.9999927491237239,0.9999927385704483,-9.046532054485109,-35.52358935911387,,840.8613804105852,False,False,False,,[]
989,989,990,True,1.0,1.0,989.0,990.0,989.0,990.0,990.0,0.0,70.0,70.0,124.04654708333334,0.5150444507598877,0.5150444507598877,0.0,1.0,0.54749436756446,0.5473573172248849,0.9998517625988311,0.9498517513275146,0.9998514708412171,0.9999938301106828,0.9999938176340718,0.9999927385704483,0.9999927280171729,-9.046532106280752,-35.523448017865775,,840.8618586531968,False,False,False,,[]
990,990,991,True,1.0,1.0,990.0,991.0,990.0,991.0,991.0,0.0,70.0,70.0,124.04654708333334,0.5150445699691772,0.5150445699691772,0.0,1.0,0.5473573172248849,0.5472202674095202,0.9998514708412171,0.9498514533042908,0.9998511790848686,0.9999938176340718,0.9999938051574593,0.9999927280171729,0.9999927174638975,-9.046532209871945,-35.52331214252956,,840.862317763187,False,False,False,,[]
991,991,992,True,1.0,1.0,991.0,992.0,991.0,992.0,992.0,0.0,70.0,70.0,124.04654708333334,0.515044629573822,0.515044629573822,0.0,1.0,0.5472202674095202,0.5470832180994041,0.9998511790848686,0.9498511552810669,0.99985088732974,0.9999938051574593,0.9999937926808461,0.9999927174638975,0.9999927069106223,-9.046532261667489,-35.5231811821183,,840.8627608526381,False,False,False,,[]
992,992,993,True,1.0,1.0,992.0,993.0,992.0,993.0,993.0,0.0,70.0,70.0,124.04654708333334,0.5150447487831116,0.5150447487831116,0.0,1.0,0.5470832180994041,0.5469461692745452,0.99985088732974,0.949850857257843,0.9998505955757829,0.9999937926808461,0.9999937802042314,0.9999927069106223,0.9999926963573472,-9.04653236525849,-35.523055403433915,,840.863185843568,False,False,False,,[]
993,993,994,True,1.0,1.0,993.0,994.0,993.0,994.0,994.0,0.0,70.0,70.0,124.04654708333334,0.5150448083877563,0.5150448083877563,0.0,1.0,0.5469461692745452,0.5468091209170483,0.9998505955757829,0.9498505592346191,0.9998503038229541,0.9999937802042314,0.999993767727616,0.9999926963573472,0.9999926858040722,-9.04653241705394,-35.52293426319543,,840.8635955993898,False,False,False,,[]
994,994,995,True,1.0,1.0,994.0,995.0,994.0,995.0,995.0,0.0,70.0,70.0,124.04654708333334,0.5150449275970459,0.5150449275970459,0.0,1.0,0.5468091209170483,0.5466720730079598,0.9998503038229541,0.94985032081604,0.9998500120712079,0.999993767727616,0.999993755250999,0.9999926858040722,0.9999926752507974,-9.046532520644744,-35.52281803570901,,840.863988249438,False,False,False,,[]
995,995,996,True,1.0,1.0,995.0,996.0,995.0,996.0,996.0,0.0,70.0,70.0,124.04654708333334,0.5150449872016907,0.5150449872016907,0.0,1.0,0.5466720730079598,0.5465350255303942,0.9998500120712079,0.9498500227928162,0.9998497203205035,0.999993755250999,0.9999937427743814,0.9999926752507974,0.9999926646975227,-9.046532572440102,-35.522706185000814,,840.8643666214997,False,False,False,,[]
996,996,997,True,1.0,1.0,996.0,997.0,996.0,997.0,997.0,0.0,70.0,70.0,124.04654708333334,0.5150451064109802,0.5150451064109802,0.0,1.0,0.5465350255303942,0.54639797846638,0.9998497203205035,0.9498497247695923,0.9998494285707974,0.9999937427743814,0.9999937302977623,0.9999926646975227,0.9999926541442481,-9.046532676030715,-35.522598992468694,,840.8647286762185,False,False,False,,[]
997,997,998,True,1.0,1.0,997.0,998.0,997.0,998.0,998.0,0.0,70.0,70.0,124.04654708333334,0.515045166015625,0.515045166015625,0.0,1.0,0.54639797846638,0.5462609317999871,0.9998494285707974,0.9498494267463684,0.9998491368220513,0.9999937302977623,0.9999937178211424,0.9999926541442481,0.9999926435909736,-9.046532727825968,-35.52249592904251,,840.8650772227093,False,False,False,,[]
998,998,999,True,1.0,1.0,998.0,999.0,998.0,999.0,999.0,0.0,70.0,70.0,124.04654708333334,0.5150452852249146,0.5150452852249146,0.0,1.0,0.5462609317999871,0.5461238855141737,0.9998491368220513,0.9498491287231445,0.9998488450742241,0.9999937178211424,0.9999937053445211,0.9999926435909736,0.9999926330376994,-9.046532831416389,-35.5223972828359,,840.8654104151954,False,False,False,,[]
999,999,1000,True,1.0,1.0,999.0,1000.0,999.0,1000.0,1000.0,0.0,70.0,70.0,124.04654708333334,0.5150453448295593,0.5150453448295593,0.0,1.0,0.5461238855141737,0.5459868395939139,0.9998488450742241,0.9498488306999207,0.9998485533272794,0.9999937053445211,0.9999936928678991,0.9999926330376994,0.9999926224844251,-9.046532883211553,-35.522302531334056,,840.8657307309867,False,False,False,,[]
1000,1000,1001,True,1.0,1.0,1000.0,1001.0,1000.0,1001.0,1001.0,0.0,70.0,70.0,124.04654708333334,0.5150454640388489,0.5150454640388489,0.0,1.0,0.5459868395939139,0.5458497940230459,0.9998485533272794,0.9498485326766968,0.9998482615811782,0.9999936928678991,0.9999936803912756,0.9999926224844251,0.9999926119311511,-9.046532986801775,-35.52221196900423,,840.8660365503065,False,False,False,,[]
1001,1001,1002,True,1.0,1.0,1001.0,1002.0,1001.0,1002.0,1002.0,0.0,70.0,70.0,124.04654708333334,0.5150455236434937,0.5150455236434937,0.0,1.0,0.5458497940230459,0.5457127487873996,0.9998482615811782,0.9498482346534729,0.9998479698358863,0.9999936803912756,0.9999936679146513,0.9999926119311511,0.9999926013778772,-9.046533038596843,-35.52212507951107,,840.8663303177393,False,False,False,,[]
1002,1002,1003,True,1.0,1.0,1002.0,1003.0,1002.0,1003.0,1003.0,0.0,70.0,70.0,124.04654708333334,0.5150456428527832,0.5150456428527832,0.0,1.0,0.5457127487873996,0.545575703871646,0.9998479698358863,0.949847936630249,0.9998476780913667,0.9999936679146513,0.9999936554380255,0.9999926013778772,0.9999925908246033,-9.046533142186876,-35.522042163345375,,840.8666101618423,False,False,False,,[]
1003,1003,1004,True,1.0,1.0,1003.0,1004.0,1003.0,1004.0,1004.0,0.0,70.0,70.0,124.04654708333334,0.515045702457428,0.515045702457428,0.0,1.0,0.545575703871646,0.5454386592624252,0.9998476780913667,0.9498476386070251,0.9998473863475871,0.9999936554380255,0.999993642961399,0.9999925908246033,0.9999925802713296,-9.046533193981842,-35.52196271003493,,840.8668787544617,False,False,False,,[]
1004,1004,1005,True,1.0,1.0,1004.0,1005.0,1004.0,1005.0,1005.0,0.0,70.0,70.0,124.04654708333334,0.5150457620620728,0.5150457620620728,0.0,1.0,0.5454386592624252,0.5453016149459812,0.9998473863475871,0.949847400188446,0.9998470946045144,0.999993642961399,0.9999936304847719,0.9999925802713296,0.9999925697180561,-9.046533245776782,-35.52188682229668,,840.8671353523459,False,False,False,,[]
1005,1005,1006,True,1.0,1.0,1005.0,1006.0,1005.0,1006.0,1006.0,0.0,70.0,70.0,124.04654708333334,0.5150458812713623,0.5150458812713623,0.0,1.0,0.5453016149459812,0.545164570908151,0.9998470946045144,0.9498471021652222,0.9998468028621142,0.9999936304847719,0.9999936180081431,0.9999925697180561,0.9999925591647826,-9.046533349366557,-35.521814605593526,,840.8673788827031,False,False,False,,[]
1006,1006,1007,True,1.0,1.0,1006.0,1007.0,1006.0,1007.0,1007.0,0.0,70.0,70.0,124.04654708333334,0.5150459408760071,0.5150459408760071,0.0,1.0,0.545164570908151,0.5450275271367094,0.9998468028621142,0.9498468041419983,0.9998465111203573,0.9999936180081431,0.9999936055315137,0.9999925591647826,0.9999925486115092,-9.046533401161398,-35.521745557654256,,840.8676123170993,False,False,False,,[]
1007,1007,1008,True,1.0,1.0,1007.0,1008.0,1007.0,1008.0,1008.0,0.0,70.0,70.0,124.04654708333334,0.5150460600852966,0.5150460600852966,0.0,1.0,0.5450275271367094,0.5448904836182193,0.9998465111203573,0.9498465061187744,0.9998462193792109,0.9999936055315137,0.9999935930548828,0.9999925486115092,0.9999925380582361,-9.046533504750979,-35.52167999264421,,840.8678334011752,False,False,False,,[]
1008,1008,1009,True,1.0,1.0,1008.0,1009.0,1008.0,1009.0,1009.0,0.0,70.0,70.0,124.04654708333334,0.5150461196899414,0.5150461196899414,0.0,1.0,0.5448904836182193,0.5447534403411615,0.9998462193792109,0.9498462080955505,0.9998459276386474,0.9999935930548828,0.9999935805782512,0.9999925380582361,0.9999925275049629,-9.046533556545725,-35.52161741340349,,840.868044849104,False,False,False,,[]
1009,1009,1010,True,1.0,1.0,1009.0,1010.0,1009.0,1010.0,1010.0,0.0,70.0,70.0,124.04654708333334,0.515046238899231,0.515046238899231,0.0,1.0,0.5447534403411615,0.5446163972927854,0.9998459276386474,0.9498459100723267,0.9998456358986361,0.9999935805782512,0.999993568101618,0.9999925275049629,0.99999251695169,-9.046533660135115,-35.52155813905749,,840.868244636451,False,False,False,,[]
1010,1010,1011,True,1.0,1.0,1010.0,1011.0,1010.0,1011.0,1011.0,0.0,70.0,70.0,124.04654708333334,0.5150462985038757,0.5150462985038757,0.0,1.0,0.5446163972927854,0.5444793544622404,0.9998456358986361,0.9498456120491028,0.9998453441591506,0.999993568101618,0.9999935556249842,0.99999251695169,0.9999925063984172,-9.04653371192976,-35.52150167727342,,840.8684354485857,False,False,False,,[]
1011,1011,1012,True,1.0,1.0,1011.0,1012.0,1011.0,1012.0,1012.0,0.0,70.0,70.0,124.04654708333334,0.5150464177131653,0.5150464177131653,0.0,1.0,0.5444793544622404,0.544342311837426,0.9998453441591506,0.9498453140258789,0.9998450524201619,0.9999935556249842,0.9999935431483488,0.9999925063984172,0.9999924958451445,-9.04653381551896,-35.52144835188459,,840.8686150126232,False,False,False,,[]
1012,1012,1013,True,1.0,1.0,1012.0,1013.0,1012.0,1013.0,1013.0,0.0,70.0,70.0,124.04654708333334,0.5150464773178101,0.5150464773178101,0.0,1.0,0.544342311837426,0.5442052694081237,0.9998450524201619,0.949845016002655,0.9998447606816451,0.9999935431483488,0.9999935306717127,0.9999924958451445,0.9999924852918719,-9.046533867313508,-35.52139767514236,,840.8687862291042,False,False,False,,[]
1013,1013,1014,True,1.0,1.0,1013.0,1014.0,1013.0,1014.0,1014.0,0.0,70.0,70.0,124.04654708333334,0.5150465965270996,0.5150465965270996,0.0,1.0,0.5442052694081237,0.5440682271628486,0.9998447606816451,0.9498447775840759,0.9998444689435726,0.9999935306717127,0.9999935181950752,0.9999924852918719,0.9999924747385995,-9.046533970902512,-35.52134997530373,,840.8689468994048,False,False,False,,[]
1014,1014,1015,True,1.0,1.0,1014.0,1015.0,1014.0,1015.0,1015.0,0.0,70.0,70.0,124.04654708333334,0.5150466561317444,0.5150466561317444,0.0,1.0,0.5440682271628486,0.5439311850919807,0.9998444689435726,0.949844479560852,0.9998441772059211,0.9999935181950752,0.9999935057184369,0.9999924747385995,0.9999924641853272,-9.046534022696967,-35.52130476896126,,840.8690994333697,False,False,False,,[]
1015,1015,1016,True,1.0,1.0,1015.0,1016.0,1015.0,1016.0,1016.0,0.0,70.0,70.0,124.04654708333334,0.5150467157363892,0.5150467157363892,0.0,1.0,0.5439311850919807,0.5437941431854022,0.9998441772059211,0.9498441815376282,0.9998438854686663,0.9999935057184369,0.9999934932417979,0.9999924641853272,0.9999924536320549,-9.046534074491388,-35.52126218513118,,840.8692431729282,False,False,False,,[]
1016,1016,1017,True,1.0,1.0,1016.0,1017.0,1016.0,1017.0,1017.0,0.0,70.0,70.0,124.04654708333334,0.5150468349456787,0.5150468349456787,0.0,1.0,0.5437941431854022,0.5436571014324899,0.9998438854686663,0.9498438835144043,0.9998435937317824,0.9999934932417979,0.9999934807651574,0.9999924536320549,0.9999924430787829,-9.046534178080135,-35.521222354860484,,840.8693771875376,False,False,False,,[]
1017,1017,1018,True,1.0,1.0,1017.0,1018.0,1017.0,1018.0,1018.0,0.0,70.0,70.0,124.04654708333334,0.5150469541549683,0.5150469541549683,0.0,1.0,0.5436571014324899,0.5435200598236772,0.9998435937317824,0.9498435854911804,0.9998433019952465,0.9999934807651574,0.9999934682885154,0.9999924430787829,0.999992432525511,-9.046534281668755,-35.52118500425558,,840.8695027345949,False,False,False,,[]
1018,1018,1019,True,1.0,1.0,1018.0,1019.0,1018.0,1019.0,1019.0,0.0,70.0,70.0,124.04654708333334,0.515047013759613,0.515047013759613,0.0,1.0,0.5435200598236772,0.5433830183504468,0.9998433019952465,0.9498432874679565,0.9998430102590379,0.9999934682885154,0.9999934558118727,0.999992432525511,0.9999924219722391,-9.046534333463017,-35.52114986132529,,840.8696212702606,False,False,False,,[]
1019,1019,1020,True,1.0,1.0,1019.0,1020.0,1019.0,1020.0,1020.0,0.0,70.0,70.0,124.04654708333334,0.5150470733642578,0.5150470733642578,0.0,1.0,0.5433830183504468,0.5432459770037537,0.9998430102590379,0.9498429894447327,0.9998427185231348,0.9999934558118727,0.9999934433352292,0.9999924219722391,0.9999924114189674,-9.046534385257244,-35.521117062846805,,840.8697318720795,False,False,False,,[]
1020,1020,1021,True,1.0,1.0,1020.0,1021.0,1020.0,1021.0,1021.0,0.0,70.0,70.0,124.04654708333334,0.5150471925735474,0.5150471925735474,0.0,1.0,0.5432459770037537,0.5431089357740183,0.9998427185231348,0.9498426914215088,0.999842426787514,0.9999934433352292,0.9999934308585843,0.9999924114189674,0.9999924008656959,-9.046534488845605,-35.52108674741263,,840.8698335889433,False,False,False,,[]
1021,1021,1022,True,1.0,1.0,1021.0,1022.0,1021.0,1022.0,1022.0,0.0,70.0,70.0,124.04654708333334,0.5150473117828369,0.5150473117828369,0.0,1.0,0.5431089357740183,0.5429718946526894,0.999842426787514,0.9498423933982849,0.9998421350521549,0.9999934308585843,0.9999934183819379,0.9999924008656959,0.9999923903124245,-9.04653459243384,-35.521058648472966,,840.8699278778782,False,False,False,,[]
1022,1022,1023,True,1.0,1.0,1022.0,1023.0,1022.0,1023.0,1023.0,0.0,70.0,70.0,124.04654708333334,0.5150473713874817,0.5150473713874817,0.0,1.0,0.5429718946526894,0.5428348536322373,0.9998421350521549,0.949842095375061,0.9998418433170394,0.9999934183819379,0.9999934059052907,0.9999923903124245,0.9999923797591532,-9.046534644227908,-35.5210325011925,,840.8700159559385,False,False,False,,[]
1023,1023,1024,True,1.0,1.0,1023.0,1024.0,1023.0,1024.0,1024.0,0.0,70.0,70.0,124.04654708333334,0.5150474309921265,0.5150474309921265,0.0,1.0,0.5428348536322373,0.5426978127045781,0.9998418433170394,0.9498418569564819,0.9998415515821479,0.9999934059052907,0.9999933934286429,0.9999923797591532,0.999992369205882,-9.046534696021943,-35.521008449279634,,840.8700969365444,False,False,False,,[]
1024,1024,1025,True,1.0,1.0,1024.0,1025.0,1024.0,1025.0,1025.0,0.0,70.0,70.0,124.04654708333334,0.515047550201416,0.515047550201416,0.0,1.0,0.5426978127045781,0.5425607718610669,0.9998415515821479,0.9498415589332581,0.9998412598474596,0.9999933934286429,0.9999933809519935,0.999992369205882,0.9999923586526109,-9.046534799609919,-35.520986638111424,,840.8701698579133,False,False,False,,[]
1025,1025,1026,True,1.0,1.0,1025.0,1026.0,1025.0,1026.0,1026.0,0.0,70.0,70.0,124.04654708333334,0.5150476098060608,0.5150476098060608,0.0,1.0,0.5425607718610669,0.5424237310948468,0.9998412598474596,0.9498412609100342,0.9998409681129579,0.9999933809519935,0.9999933684753435,0.9999923586526109,0.99999234809934,-9.046534851403857,-35.520966604244386,,840.8702373029964,False,False,False,,[]
1026,1026,1027,True,1.0,1.0,1026.0,1027.0,1026.0,1027.0,1027.0,0.0,70.0,70.0,124.04654708333334,0.5150477290153503,0.5150477290153503,0.0,1.0,0.5424237310948468,0.5422866903977033,0.9998409681129579,0.9498409628868103,0.9998406763786228,0.9999933684753435,0.9999933559986919,0.99999234809934,0.9999923375460692,-9.046534954991639,-35.52094869960346,,840.870296914679,False,False,False,,[]
1027,1027,1028,True,1.0,1.0,1027.0,1028.0,1027.0,1028.0,1028.0,0.0,70.0,70.0,124.04654708333334,0.5150477886199951,0.5150477886199951,0.0,1.0,0.5422866903977033,0.5421496497631979,0.9998406763786228,0.9498406648635864,0.9998403846444391,0.9999933559986919,0.9999933435220396,0.9999923375460692,0.9999923269927985,-9.046535006785481,-35.520932463789045,,840.8703515107851,False,False,False,,[]
1028,1028,1029,True,1.0,1.0,1028.0,1029.0,1028.0,1029.0,1029.0,0.0,70.0,70.0,124.04654708333334,0.5150479078292847,0.5150479078292847,0.0,1.0,0.5421496497631979,0.5420126091835232,0.9998403846444391,0.9498403668403625,0.9998400929103878,0.9999933435220396,0.9999933310453858,0.9999923269927985,0.9999923164395279,-9.046535110373073,-35.520918251664526,,840.8703986162151,False,False,False,,[]
1029,1029,1030,True,1.0,1.0,1029.0,1030.0,1029.0,1030.0,1030.0,0.0,70.0,70.0,124.04654708333334,0.5150479674339294,0.5150479674339294,0.0,1.0,0.5420126091835232,0.5418755686526371,0.9998400929103878,0.9498400688171387,0.9998398011764542,0.9999933310453858,0.9999933185687313,0.9999923164395279,0.9999923058862574,-9.046535162166817,-35.52090560569996,,840.8704410491084,False,False,False,,[]
1030,1030,1031,True,1.0,1.0,1030.0,1031.0,1030.0,1031.0,1031.0,0.0,70.0,70.85713959,255.62461697825154,0.515048086643219,0.515048086643219,0.0,1.0,0.5418755686526371,0.5416139595220322,0.9998398011764542,0.9498397707939148,0.9998392740090439,0.9999933185687313,0.9999933055511341,0.9999923058862574,0.9999922894875631,-17.262971748207715,-67.80908665280461,,744.190386687173,False,False,False,,[]
1031,1031,1032,True,1.0,1.0,1031.0,1032.0,1031.0,1032.0,1032.0,0.0,70.85713959,71.71427917,256.626017852912,0.5150482058525085,0.5150482058525085,0.0,1.0,0.5416139595220322,0.5413478584045051,0.9998392740090439,0.9498392343521118,0.9998387390823746,0.9999933055511341,0.9999932922778013,0.9999922894875631,0.9999922726298972,-17.55819614325503,-68.9734096630308,,740.8917821485875,False,False,False,,[]
1032,1032,1033,True,1.0,1.0,1032.0,1033.0,1032.0,1033.0,1033.0,0.0,71.71427917,72.57141876,257.6396091929359,0.5150483846664429,0.5150483846664429,0.0,1.0,0.5413478584045051,0.5410771426044798,0.9998387390823746,0.9498386979103088,0.999838196241113,0.9999932922778013,0.9999932786761128,0.9999922726298972,0.9999922553095948,-17.86145835244674,-70.16953536654844,,737.50559479049,False,False,False,,[]
1033,1033,1034,True,1.0,1.0,1033.0,1034.0,1033.0,1034.0,1034.0,0.0,72.57141876,73.42855835,258.66538641672315,0.5150485634803772,0.5150485634803772,0.0,1.0,0.5410771426044798,0.540801996298588,0.999838196241113,0.9498381614685059,0.9998376458556609,0.9999932786761128,0.9999932647976342,0.9999922553095948,0.9999922376804985,-18.15252709221674,-71.3179224871488,,734.3802322150736,False,False,False,,[]
1034,1034,1035,True,1.0,1.0,1034.0,1035.0,1034.0,1035.0,1035.0,0.0,73.42855835,74.28569794,259.7033510475974,0.5150487422943115,0.5150487422943115,0.0,1.0,0.540801996298588,0.5405224412027424,0.9998376458556609,0.9498376250267029,0.9998370880165415,0.9999932647976342,0.9999932506377828,0.9999922376804985,0.9999922198023823,-18.44211458001311,-72.4606808431819,,731.3272184542861,False,False,False,,[]
1035,1035,1036,True,1.0,1.0,1035.0,1036.0,1035.0,1036.0,1036.0,0.0,74.28569794,75.14283752,260.75350155048085,0.5150488615036011,0.5150488615036011,0.0,1.0,0.5405224412027424,0.5402388162727217,0.9998370880165415,0.9498370885848999,0.9998365233446644,0.9999932506377828,0.9999932361918964,0.9999922198023823,0.9999922020435115,-18.709313156961734,-73.51558186134217,,728.7052956813116,False,False,False,,[]
1036,1036,1037,True,1.0,1.0,1036.0,1037.0,1036.0,1037.0,1037.0,0.0,75.14283752,75.99997711,261.81584251815696,0.5150490403175354,0.5150490403175354,0.0,1.0,0.5402388162727217,0.5399510012965073,0.9998365233446644,0.9498364925384521,0.9998359516866487,0.9999932361918964,0.9999932214552213,0.9999922020435115,0.9999921843287848,-18.984390304224142,-74.60164183477731,,725.9885566999419,False,False,False,,[]
1037,1037,1038,True,1.0,1.0,1037.0,1038.0,1037.0,1038.0,1038.0,0.0,75.99997711,76.8571167,262.8903693701653,0.5150492191314697,0.5150492191314697,0.0,1.0,0.5399510012965073,0.53965882409108,0.9998359516866487,0.9498359560966492,0.9998353728080989,0.9999932214552213,0.9999932064229226,0.9999921843287848,0.9999921665315765,-19.270767530244623,-75.73233164674868,,723.1209258911799,False,False,False,,[]
1038,1038,1039,True,1.0,1.0,1038.0,1039.0,1038.0,1039.0,1039.0,0.0,76.8571167,77.71425629,263.9770836292585,0.515049397945404,0.515049397945404,0.0,1.0,0.53965882409108,0.5393625123516974,0.9998353728080989,0.9498353600502014,0.9998347871359656,0.9999932064229226,0.9999931910900791,0.9999921665315765,0.9999921489180491,-19.542092624347234,-76.80400284798343,,720.5517747975234,False,False,False,,[]
1039,1039,1040,True,1.0,1.0,1039.0,1040.0,1039.0,1040.0,1040.0,0.0,77.71425629,78.5714035,265.077155028951,0.5150495767593384,0.5150495767593384,0.0,1.0,0.5393625123516974,0.5390619800543235,0.9998347871359656,0.9498347640037537,0.9998341945796003,0.9999931910900791,0.9999931754515371,0.9999921489180491,0.9999921314493764,-19.81904017979744,-77.8979714793272,,717.9291283824061,False,False,False,,[]
1040,1040,1041,True,1.0,1.0,1040.0,1041.0,1040.0,1041.0,1041.0,0.0,78.5714035,79.42854309,266.18708430052044,0.5150497555732727,0.5150497555732727,0.0,1.0,0.5390619800543235,0.5387569853102117,0.9998341945796003,0.9498341679573059,0.9998335948006613,0.9999931754515371,0.9999931595024877,0.9999921314493764,0.9999921139273263,-20.111875963269647,-79.0546376737853,,715.0806094006288,False,False,False,,[]
1041,1041,1042,True,1.0,1.0,1041.0,1042.0,1041.0,1042.0,1042.0,0.0,79.42854309,80.28568268,267.31036088923446,0.515049934387207,0.515049934387207,0.0,1.0,0.5387569853102117,0.5384477084301558,0.9998335948006613,0.9498335719108582,0.9998329881457915,0.9999931595024877,0.9999931432376022,0.9999921139273263,0.999992096577643,-20.392782219476484,-80.16456731048775,,712.4755501344041,False,False,False,,[]
1042,1042,1043,True,1.0,1.0,1042.0,1043.0,1042.0,1043.0,1043.0,0.0,80.28568268,81.14282227,268.4458248850452,0.5150501132011414,0.5150501132011414,0.0,1.0,0.5384477084301558,0.5381341539167945,0.9998329881457915,0.9498329758644104,0.9998323746762902,0.9999931432376022,0.9999931266516042,0.999992096577643,0.9999920794518995,-20.67334337448158,-81.27332986324446,,709.9180928087662,False,False,False,,[]
1043,1043,1044,True,1.0,1.0,1043.0,1044.0,1043.0,1044.0,1044.0,0.0,81.14282227,81.99996185,269.59347475285944,0.5150502920150757,0.5150502920150757,0.0,1.0,0.5381341539167945,0.5378162867957124,0.9998323746762902,0.9498323798179626,0.9998317543916233,0.9999931266516042,0.9999931097391257,0.9999920794518995,0.9999920625630627,-20.956159400696965,-82.39115778449086,,707.3652052491631,False,False,False,,[]
1044,1044,1045,True,1.0,1.0,1044.0,1045.0,1044.0,1045.0,1045.0,0.0,81.99996185,82.85710144,270.75331508432475,0.51505047082901,0.51505047082901,0.0,1.0,0.5378162867957124,0.5374940625524829,0.9998317543916233,0.9498317241668701,0.999831127278204,0.9999931097391257,0.9999930924947055,0.9999920625630627,0.9999920459150508,-21.241857490759884,-83.52052384508617,,704.8070574930483,False,False,False,,[]
1045,1045,1046,True,1.0,1.0,1045.0,1046.0,1045.0,1046.0,1046.0,0.0,82.85710144,83.71424103,271.92534130126575,0.5150506496429443,0.5150506496429443,0.0,1.0,0.5374940625524829,0.5371673105818606,0.999831127278204,0.9498311281204224,0.9998304931296255,0.9999930924947055,0.9999930749127892,0.9999920459150508,0.999992029383099,-21.53873934887255,-84.69411078529048,,702.1087924799222,False,False,False,,[]
1046,1046,1047,True,1.0,1.0,1046.0,1047.0,1046.0,1047.0,1047.0,0.0,83.71424103,84.57138062,273.1095549252917,0.5150508880615234,0.5150508880615234,0.0,1.0,0.5371673105818606,0.5368359918631205,0.9998304931296255,0.9498304724693298,0.9998298519487698,0.9999930749127892,0.999993056987723,0.999992029383099,0.9999920129764944,-21.838136185860336,-85.87781189743832,,699.4139383145426,False,False,False,,[]
1047,1047,1048,True,1.0,1.0,1047.0,1048.0,1047.0,1048.0,1048.0,0.0,84.57138062,85.4285202,274.3059544213268,0.5150510668754578,0.5150510668754578,0.0,1.0,0.5368359918631205,0.536500757804606,0.9998298519487698,0.9498298168182373,0.9998292047899507,0.999993056987723,0.9999930390422479,0.9999920129764944,0.9999919970183345,-22.094590287066993,-86.89266796695408,,697.4212828512731,False,False,False,,[]
1048,1048,1049,True,1.0,1.0,1048.0,1049.0,1048.0,1049.0,1049.0,0.0,85.4285202,86.28565979,275.51454438044846,0.5150512456893921,0.5150512456893921,0.0,1.0,0.536500757804606,0.53616102605743,0.9998292047899507,0.9498292207717896,0.9998285508228829,0.9999930390422479,0.999993020764638,0.9999919970183345,0.9999919813322548,-22.389340174769725,-88.05846886803597,,694.8825371946009,False,False,False,,[]
1049,1049,1050,True,1.0,1.0,1049.0,1050.0,1049.0,1050.0,1050.0,0.0,86.28565979,87.14279938,276.73532022560846,0.5150514245033264,0.5150514245033264,0.0,1.0,0.53616102605743,0.5358165273553653,0.9998285508228829,0.949828565120697,0.9998278897092385,0.999993020764638,0.9999930021496942,0.9999919813322548,0.9999919656885878,-22.70176068587544,-89.29406357515566,,692.1044215019723,False,False,False,,[]
1050,1050,1051,True,1.0,1.0,1050.0,1051.0,1050.0,1051.0,1051.0,0.0,87.14279938,87.99993896,277.9682819427719,0.5150516629219055,0.5150516629219055,0.0,1.0,0.5358165273553653,0.5354674039769947,0.9998278897092385,0.9498278498649597,0.9998272217310427,0.9999930021496942,0.9999929831921288,0.9999919656885878,0.9999919502877858,-23.004756136627307,-90.49277967368003,,689.52222994008,False,False,False,,[]
1051,1051,1052,True,1.0,1.0,1051.0,1052.0,1051.0,1052.0,1052.0,0.0,87.99993896,88.85707855,279.21343412259716,0.5150518417358398,0.5150518417358398,0.0,1.0,0.5354674039769947,0.5351139697034156,0.9998272217310427,0.9498271942138672,0.9998265474155253,0.9999929831921288,0.9999929638865767,0.9999919502877858,0.9999919355157649,-23.287043015162467,-91.6101637116869,,687.3119608441019,False,False,False,,[]
1052,1052,1053,True,1.0,1.0,1052.0,1053.0,1052.0,1053.0,1053.0,0.0,88.85707855,89.71421814,280.47077218888734,0.5150520205497742,0.5150520205497742,0.0,1.0,0.5351139697034156,0.5347562672825784,0.9998265474155253,0.9498265385627747,0.9998258668844474,0.9999929638865767,0.9999929446716656,0.9999919355157649,0.9999919209178686,-23.566466210944476,-92.7164674810124,,685.1340737427633,False,False,False,,[]
1053,1053,1054,True,1.0,1.0,1053.0,1054.0,1053.0,1054.0,1054.0,0.0,89.71421814,90.57135773,281.74029766226454,0.5150522589683533,0.5150522589683533,0.0,1.0,0.5347562672825784,0.5343933294634776,0.9998258668844474,0.9498258829116821,0.9998251788099757,0.9999929446716656,0.9999929246536843,0.9999919209178686,0.9999919066357643,-23.909487024944884,-94.07348271093585,,682.1071386066169,False,False,False,,[]
1054,1054,1055,True,1.0,1.0,1054.0,1055.0,1054.0,1055.0,1055.0,0.0,90.57135773,91.42849731,283.0220090076509,0.5150524377822876,0.5150524377822876,0.0,1.0,0.5343933294634776,0.5340259714437852,0.9998251788099757,0.9498251676559448,0.9998244844365339,0.9999929246536843,0.9999929046868469,0.9999919066357643,0.999991892509436,-24.198799331756675,-95.21919870427878,,679.8611722606886,False,False,False,,[]
1055,1055,1056,True,1.0,1.0,1055.0,1056.0,1055.0,1056.0,1056.0,0.0,91.42849731,92.2856369,284.3159108151285,0.5150526762008667,0.5150526762008667,0.0,1.0,0.5340259714437852,0.5336528288331261,0.9998244844365339,0.9498244524002075,0.999823781917324,0.9999929046868469,0.9999928839339149,0.999991892509436,0.9999918781848669,-24.577821098839202,-96.71856468280512,,676.3739711714786,False,False,False,,[]
1056,1056,1057,True,1.0,1.0,1056.0,1057.0,1056.0,1057.0,1057.0,0.0,92.2856369,93.14277649,285.62199850963975,0.515052855014801,0.515052855014801,0.0,1.0,0.5336528288331261,0.5332747971254417,0.999823781917324,0.949823796749115,0.9998230726003522,0.9999928839339149,0.9999928631893928,0.9999918781848669,0.9999918636602192,-24.897849041031986,-97.98581863182585,,673.7488565225125,False,False,False,,[]
1057,1057,1058,True,1.0,1.0,1057.0,1058.0,1057.0,1058.0,1058.0,0.0,93.14277649,93.99992371,286.941444879822,0.5150530934333801,0.5150530934333801,0.0,1.0,0.5332747971254417,0.5328909086537869,0.9998230726003522,0.9498230814933777,0.9998223552461167,0.9999928631893928,0.9999928416781051,0.9999918636602192,0.9999918489335805,-25.281462182833312,-99.50389185292356,,670.3033655637547,False,False,False,,[]
1058,1058,1059,True,1.0,1.0,1058.0,1059.0,1058.0,1059.0,1059.0,0.0,93.99992371,94.85706329,288.27074648246906,0.5150532722473145,0.5150532722473145,0.0,1.0,0.5328909086537869,0.5325019857545624,0.9998223552461167,0.9498223662376404,0.999821631076259,0.9999928416781051,0.9999928201292848,0.9999918489335805,0.9999918340031982,-25.610902198264398,-100.80881547897816,,667.6373724399187,False,False,False,,[]
1059,1059,1060,True,1.0,1.0,1059.0,1060.0,1059.0,1060.0,1060.0,0.0,94.85706329,95.71420288,289.6133980260875,0.5150535106658936,0.5150535106658936,0.0,1.0,0.5325019857545624,0.5321075342896613,0.999821631076259,0.9498215913772583,0.9998208995219616,0.9999928201292848,0.9999927981680633,0.9999918340031982,0.9999918188671273,-25.97276982775445,-102.24181970238716,,664.5824531989705,False,False,False,,[]
1060,1060,1061,True,1.0,1.0,1060.0,1061.0,1060.0,1061.0,1061.0,0.0,95.71420288,96.57134247,290.9682354573084,0.5150537490844727,0.5150537490844727,0.0,1.0,0.5321075342896613,0.5317071248080358,0.9998208995219616,0.949820876121521,0.9998201601280857,0.9999927981680633,0.9999927754744741,0.9999918188671273,0.999991803523463,-26.36279559333511,-103.78613763730613,,661.2068075304663,False,False,False,,[]
1061,1061,1062,True,1.0,1.0,1061.0,1062.0,1061.0,1062.0,1062.0,0.0,96.57134247,97.42848206,292.3352602956143,0.515053927898407,0.515053927898407,0.0,1.0,0.5317071248080358,0.5313014471234612,0.9998201601280857,0.9498201608657837,0.9998194139056421,0.9999927754744741,0.9999927526673992,0.999991803523463,0.9999917879702811,-26.707374302424025,-105.15165584173988,,658.475154235328,False,False,False,,[]
1062,1062,1063,True,1.0,1.0,1062.0,1063.0,1062.0,1063.0,1063.0,0.0,97.42848206,98.28562164,293.71447100593537,0.5150541663169861,0.5150541663169861,0.0,1.0,0.5313014471234612,0.5308897449359418,0.9998194139056421,0.9498193860054016,0.9998186599943587,0.9999927526673992,0.9999927291542829,0.9999917879702811,0.9999917722056444,-27.10159905392857,-106.7132070050223,,655.1486859529468,False,False,False,,[]
1063,1063,1064,True,1.0,1.0,1063.0,1064.0,1063.0,1064.0,1064.0,0.0,98.28562164,99.14276123,295.1058721772041,0.5150544047355652,0.5150544047355652,0.0,1.0,0.5308897449359418,0.5304723113565981,0.9998186599943587,0.9498186707496643,0.9998178988883136,0.9999927291542829,0.9999927052217457,0.9999917722056444,0.9999917562275963,-27.4764611399888,-108.19878376587386,,652.1222666993539,False,False,False,,[]
1064,1064,1065,True,1.0,1.0,1064.0,1065.0,1064.0,1065.0,1065.0,0.0,99.14276123,100.0,296.52468419314533,0.5150546431541443,0.5150546431541443,0.0,1.0,0.5304723113565981,0.5300490656298613,0.9998178988883136,0.9498178958892822,0.9998171306067579,0.9999927052217457,0.9999926808608363,0.9999917562275963,0.9999917400333236,-27.856543507146025,-109.70529237016902,,649.0855087065453,False,False,False,,[]
1065,1065,1066,True,1.0,1.0,1065.0,1066.0,1065.0,1066.0,1066.0,0.0,100.0,100.0,166.34732833333337,0.5150548815727234,0.5150548815727234,0.0,1.0,0.5300490656298613,0.5297985018499678,0.9998171306067579,0.9498171210289001,0.9998166227462969,0.9999926808608363,0.9999926622014588,0.9999917400333236,0.9999917247637641,-16.499055575576087,-64.94613174839878,,748.9072901614684,False,False,False,,[]
1066,1066,1067,True,1.0,1.0,1066.0,1067.0,1066.0,1067.0,1067.0,0.0,100.0,100.0,166.34732833333337,0.5150550007820129,0.5150550007820129,0.0,1.0,0.5297985018499678,0.5295479394632577,0.9998166227462969,0.9498165845870972,0.9998161148882913,0.9999926622014588,0.9999926435420788,0.9999917247637641,0.9999917094942115,-16.49905528922269,-64.94577063525108,,748.9082117495332,False,False,False,,[]
1067,1067,1068,True,1.0,1.0,1067.0,1068.0,1067.0,1068.0,1068.0,0.0,100.0,100.0,166.34732833333337,0.5150551795959473,0.5150551795959473,0.0,1.0,0.5295479394632577,0.5292973784127555,0.9998161148882913,0.949816107749939,0.9998156070326406,0.9999926435420788,0.9999926248826954,0.9999917094942115,0.999991694224669,-16.499054859692674,-64.94542429017946,,748.909097000525,False,False,False,,[]
1068,1068,1069,True,1.0,1.0,1068.0,1069.0,1068.0,1069.0,1069.0,0.0,100.0,100.0,166.34732833333337,0.5150552988052368,0.5150552988052368,0.0,1.0,0.5292973784127555,0.529046818638755,0.9998156070326406,0.949815571308136,0.9998150991792397,0.9999926248826954,0.9999926062233094,0.999991694224669,0.9999916789551335,-16.49905457333939,-64.94509342091199,,748.9099416180854,False,False,False,,[]
1069,1069,1070,True,1.0,1.0,1069.0,1070.0,1069.0,1070.0,1070.0,0.0,100.0,100.0,166.34732833333337,0.5150554776191711,0.5150554776191711,0.0,1.0,0.529046818638755,0.5287962600874796,0.9998150991792397,0.9498150944709778,0.9998145913279939,0.9999926062233094,0.9999925875639198,0.9999916789551335,0.9999916636856083,-16.499054143809538,-64.94477649057683,,748.9107520097707,False,False,False,,[]
1070,1070,1071,True,1.0,1.0,1070.0,1071.0,1070.0,1071.0,1071.0,0.0,100.0,100.0,166.34732833333337,0.5150556564331055,0.5150556564331055,0.0,1.0,0.5287962600874796,0.5285457027045113,0.9998145913279939,0.9498145580291748,0.9998140834788072,0.9999925875639198,0.9999925689045267,0.9999916636856083,0.9999916484160934,-16.499053714279793,-64.94447366537679,,748.9115265641504,False,False,False,,[]
1071,1071,1072,True,1.0,1.0,1071.0,1072.0,1071.0,1072.0,1072.0,0.0,100.0,100.0,166.34732833333337,0.515055775642395,0.515055775642395,0.0,1.0,0.5285457027045113,0.5282951464347491,0.9998140834788072,0.9498140811920166,0.9998135756315825,0.9999925689045267,0.9999925502451311,0.9999916484160934,0.9999916331465855,-16.499053427926683,-64.94418512236078,,748.9122634594463,False,False,False,,[]
1072,1072,1073,True,1.0,1.0,1072.0,1073.0,1072.0,1073.0,1073.0,0.0,100.0,100.0,166.34732833333337,0.5150559544563293,0.5150559544563293,0.0,1.0,0.5282951464347491,0.5280445912288961,0.9998135756315825,0.9498135447502136,0.9998130677862328,0.9999925502451311,0.999992531585732,0.9999916331465855,0.9999916178770877,-16.499052998397108,-64.94390935707605,,748.9129690767783,False,False,False,,[]
1073,1073,1074,True,1.0,1.0,1073.0,1074.0,1073.0,1074.0,1074.0,0.0,100.0,100.0,166.34732833333337,0.5150560736656189,0.5150560736656189,0.0,1.0,0.5280445912288961,0.527794037034717,0.9998130677862328,0.9498130679130554,0.9998125599426663,0.999992531585732,0.9999925129263304,0.9999916178770877,0.9999916026075968,-16.499052712044108,-64.9436471312565,,748.9136389967201,False,False,False,,[]
1074,1074,1075,True,1.0,1.0,1074.0,1075.0,1074.0,1075.0,1075.0,0.0,100.0,100.0,166.34732833333337,0.5150562524795532,0.5150562524795532,0.0,1.0,0.527794037034717,0.5275434838057022,0.9998125599426663,0.9498125314712524,0.9998120521008008,0.9999925129263304,0.9999924942669253,0.9999916026075968,0.9999915873381162,-16.49905228251469,-64.94339696062418,,748.9142795379887,False,False,False,,[]
1075,1075,1076,True,1.0,1.0,1075.0,1076.0,1075.0,1076.0,1076.0,0.0,100.0,100.0,166.34732833333337,0.5150563716888428,0.5150563716888428,0.0,1.0,0.5275434838057022,0.5272929314923281,0.9998120521008008,0.9498120546340942,0.9998115442605492,0.9999924942669253,0.9999924756075177,0.9999915873381162,0.9999915720686425,-16.499051996161807,-64.94315962653317,,748.9148861018331,False,False,False,,[]
1076,1076,1077,True,1.0,1.0,1076.0,1077.0,1076.0,1077.0,1077.0,0.0,100.0,100.0,166.34732833333337,0.5150565505027771,0.5150565505027771,0.0,1.0,0.5272929314923281,0.527042380050724,0.9998115442605492,0.9498115181922913,0.999811036421834,0.9999924756075177,0.9999924569481066,0.9999915720686425,0.9999915567991792,-16.49905156663256,-64.94293366378473,,748.9154650280639,False,False,False,,[]
1077,1077,1078,True,1.0,1.0,1077.0,1078.0,1077.0,1078.0,1078.0,0.0,100.0,100.0,166.34732833333337,0.5150566697120667,0.5150566697120667,0.0,1.0,0.527042380050724,0.5267918294339328,0.999811036421834,0.9498110413551331,0.9998105285845725,0.9999924569481066,0.999992438288693,0.9999915567991792,0.9999915415297226,-16.49905128027979,-64.94271987228495,,748.9160116091534,False,False,False,,[]
1078,1078,1079,True,1.0,1.0,1078.0,1079.0,1078.0,1079.0,1079.0,0.0,100.0,100.0,166.34732833333337,0.515056848526001,0.515056848526001,0.0,1.0,0.5267918294339328,0.5265412796005804,0.9998105285845725,0.9498105049133301,0.9998100207486919,0.999992438288693,0.9999924196292758,0.9999915415297226,0.9999915262602763,-16.49905085075071,-64.94251680492418,,748.9165322018915,False,False,False,,[]
1079,1079,1080,True,1.0,1.0,1079.0,1080.0,1079.0,1080.0,1080.0,0.0,100.0,100.0,166.34732833333337,0.5150569677352905,0.5150569677352905,0.0,1.0,0.5265412796005804,0.5262907305061392,0.9998100207486919,0.9498100280761719,0.9998095129141135,0.9999924196292758,0.9999924009698562,0.9999915262602763,0.9999915109908369,-16.499050564398047,-64.94232527917036,,748.9170222351909,False,False,False,,[]
1080,1080,1081,True,1.0,1.0,1080.0,1081.0,1080.0,1081.0,1081.0,0.0,100.0,100.0,166.34732833333337,0.5150571465492249,0.5150571465492249,0.0,1.0,0.5262907305061392,0.5260401821115982,0.9998095129141135,0.9498094916343689,0.9998090050807686,0.9999924009698562,0.999992382310433,0.9999915109908369,0.9999914957214079,-16.499050134869137,-64.94214386501727,,748.9174877174165,False,False,False,,[]
1081,1081,1082,True,1.0,1.0,1081.0,1082.0,1081.0,1082.0,1082.0,0.0,100.0,100.0,166.34732833333337,0.5150573253631592,0.5150573253631592,0.0,1.0,0.5260401821115982,0.5257896343769047,0.9998090050807686,0.9498090147972107,0.9998084972485869,0.999992382310433,0.9999923636510062,0.9999914957214079,0.9999914804519892,-16.49904970534033,-64.94197283255366,,748.917926843644,False,False,False,,[]
1082,1082,1083,True,1.0,1.0,1082.0,1083.0,1082.0,1083.0,1083.0,0.0,100.0,100.0,166.34732833333337,0.5150574445724487,0.5150574445724487,0.0,1.0,0.5257896343769047,0.5255390872609329,0.9998084972485869,0.9498084783554077,0.9998079894174956,0.9999923636510062,0.999992344991577,0.9999914804519892,0.9999914651825772,-16.499049418987845,-64.94181245991348,,748.9183374613542,False,False,False,,[]
1083,1083,1084,True,1.0,1.0,1083.0,1084.0,1083.0,1084.0,1084.0,0.0,100.0,100.0,166.34732833333337,0.5150576233863831,0.5150576233863831,0.0,1.0,0.5255390872609329,0.5252885407279814,0.9998079894174956,0.9498080015182495,0.9998074815874318,0.999992344991577,0.9999923263321442,0.9999914651825772,0.9999914499131756,-16.499048989459205,-64.94166134104266,,748.9187258946055,False,False,False,,[]
1084,1084,1085,True,1.0,1.0,1084.0,1085.0,1084.0,1085.0,1085.0,0.0,100.0,100.0,166.34732833333337,0.5150577425956726,0.5150577425956726,0.0,1.0,0.5252885407279814,0.5250379947390411,0.9998074815874318,0.9498074650764465,0.999806973758327,0.9999923263321442,0.999992307672709,0.9999914499131756,0.9999914346437808,-16.499048703106833,-64.9415203333279,,748.9190872929186,False,False,False,,[]
1085,1085,1086,True,1.0,1.0,1085.0,1086.0,1085.0,1086.0,1086.0,0.0,100.0,100.0,166.34732833333337,0.5150579214096069,0.5150579214096069,0.0,1.0,0.5250379947390411,0.52478744926047,0.999806973758327,0.9498069882392883,0.9998064659301216,0.999992307672709,0.9999922890132702,0.9999914346437808,0.9999914193743964,-16.499048273578353,-64.94138804562282,,748.9194277986123,False,False,False,,[]
1086,1086,1087,True,1.0,1.0,1086.0,1087.0,1086.0,1087.0,1087.0,0.0,100.0,100.0,166.34732833333337,0.5150580406188965,0.5150580406188965,0.0,1.0,0.52478744926047,0.5245369042552624,0.9998064659301216,0.9498064517974854,0.9998059581027505,0.9999922890132702,0.999992270353829,0.9999914193743964,0.9999914041050189,-16.499047987226092,-64.94126534979999,,748.91974258587,False,False,False,,[]
1087,1087,1088,True,1.0,1.0,1087.0,1088.0,1087.0,1088.0,1088.0,0.0,100.0,100.0,166.34732833333337,0.5150582194328308,0.5150582194328308,0.0,1.0,0.5245369042552624,0.5242863596917253,0.9998059581027505,0.9498059749603271,0.9998054502761579,0.999992270353829,0.9999922516943842,0.9999914041050189,0.9999913888356515,-16.499047557697786,-64.94115086883221,,748.9200377043757,False,False,False,,[]
1088,1088,1089,True,1.0,1.0,1088.0,1089.0,1088.0,1089.0,1089.0,0.0,100.0,100.0,166.34732833333337,0.5150583982467651,0.5150583982467651,0.0,1.0,0.5242863596917253,0.5240358155369248,0.9998054502761579,0.9498054385185242,0.9998049424502856,0.9999922516943842,0.9999922330349358,0.9999913888356515,0.9999913735662945,-16.49904712816958,-64.94104492430651,,748.9203111005928,False,False,False,,[]
1089,1089,1090,True,1.0,1.0,1089.0,1090.0,1089.0,1090.0,1090.0,0.0,100.0,100.0,166.34732833333337,0.5150585174560547,0.5150585174560547,0.0,1.0,0.5240358155369248,0.5237852717566606,0.9998049424502856,0.9498049020767212,0.9998044346250735,0.9999922330349358,0.9999922143754849,0.9999913735662945,0.9999913582969444,-16.499046841817492,-64.9409478444799,,748.9205606879791,False,False,False,,[]
1090,1090,1091,True,1.0,1.0,1090.0,1091.0,1090.0,1091.0,1091.0,0.0,100.0,100.0,166.34732833333337,0.515058696269989,0.515058696269989,0.0,1.0,0.5237852717566606,0.5235347283219689,0.9998044346250735,0.949804425239563,0.9998039268004705,0.9999922143754849,0.9999921957160305,0.9999913582969444,0.9999913430276046,-16.499046412289452,-64.94085827206904,,748.9207924735306,False,False,False,,[]
1091,1091,1092,True,1.0,1.0,1091.0,1092.0,1091.0,1092.0,1092.0,0.0,100.0,100.0,166.34732833333337,0.5150588154792786,0.5150588154792786,0.0,1.0,0.5235347283219689,0.5232841852003953,0.9998039268004705,0.94980388879776,0.9998034189764193,0.9999921957160305,0.9999921770565736,0.9999913430276046,0.9999913277582717,-16.499046125937483,-64.94077711187907,,748.9210015414573,False,False,False,,[]
1092,1092,1093,True,1.0,1.0,1092.0,1093.0,1092.0,1093.0,1093.0,0.0,100.0,100.0,166.34732833333337,0.5150589942932129,0.5150589942932129,0.0,1.0,0.5232841852003953,0.5230336423646741,0.9998034189764193,0.9498034119606018,0.999802911152872,0.9999921770565736,0.9999921583971132,0.9999913277582717,0.999991312488949,-16.49904569640961,-64.94070301893511,,748.9211938657056,False,False,False,,[]
1093,1093,1094,True,1.0,1.0,1093.0,1094.0,1093.0,1094.0,1094.0,0.0,100.0,100.0,166.34732833333337,0.5150591135025024,0.5150591135025024,0.0,1.0,0.5230336423646741,0.5227830997840027,0.999802911152872,0.9498028755187988,0.9998024033297742,0.9999921583971132,0.9999921397376503,0.999991312488949,0.9999912972196332,-16.49904541005775,-64.94063691000689,,748.9213646230223,False,False,False,,[]
1094,1094,1095,True,1.0,1.0,1094.0,1095.0,1094.0,1095.0,1095.0,0.0,100.0,100.0,166.34732833333337,0.5150592923164368,0.5150592923164368,0.0,1.0,0.5227830997840027,0.5225325574327228,0.9998024033297742,0.9498023986816406,0.9998018955070807,0.9999921397376503,0.9999921210781839,0.9999912972196332,0.9999912819503277,-16.499044980530044,-64.94057745175867,,748.9215197560452,False,False,False,,[]
1095,1095,1096,True,1.0,1.0,1095.0,1096.0,1095.0,1096.0,1096.0,0.0,100.0,101.0,319.8556616666652,0.5150594711303711,0.5150594711303711,0.0,1.0,0.5225325574327228,0.5220735958028803,0.9998018955070807,0.9498018622398376,0.9998010858655981,0.9999921210781839,0.9999920957557298,0.9999912819503277,0.9999912648131425,-30.2042468880416,-118.962854455167,,631.9572899049969,False,False,False,,[]
1096,1096,1097,True,1.0,1.0,1096.0,1097.0,1096.0,1097.0,1097.0,0.0,101.0,102.0,321.52281010416715,0.5150596499443054,0.5150596499443054,0.0,1.0,0.5220735958028803,0.5216080623593263,0.9998010858655981,0.9498010873794556,0.9998002691387217,0.9999920957557298,0.9999920703872367,0.9999912648131425,0.9999912474817406,-30.633321335324382,-120.66626856917739,,628.9679915355733,False,False,False,,[]
1097,1097,1098,True,1.0,1.0,1097.0,1098.0,1097.0,1098.0,1098.0,0.0,102.0,103.0,323.2065470833338,0.5150599479675293,0.5150599479675293,0.0,1.0,0.5216080623593263,0.5211360449776655,0.9998002691387217,0.9498002529144287,0.9997994455849643,0.9999920703872367,0.9999920449824471,0.9999912474817406,0.9999912301120379,-31.056507672880898,-122.34690532648166,,626.1163460026341,False,False,False,,[]
1098,1098,1099,True,1.0,1.0,1098.0,1099.0,1098.0,1099.0,1099.0,0.0,103.0,104.0,324.9068726041671,0.5150601863861084,0.5150601863861084,0.0,1.0,0.5211360449776655,0.5206573826290029,0.9997994455849643,0.9497994184494019,0.999798615205147,0.9999920449824471,0.9999920195513639,0.9999912301120379,0.9999912125915777,-31.490159122041216,-124.0692807733566,,623.1881296592867,False,False,False,,[]
1099,1099,1100,True,1.0,1.0,1099.0,1100.0,1099.0,1100.0,1100.0,0.0,104.0,105.0,326.6237866666652,0.5150604248046875,0.5150604248046875,0.0,1.0,0.5206573826290029,0.5201720046881363,0.999798615205147,0.949798583984375,0.9997977781035701,0.9999920195513639,0.9999919941042741,0.9999912125915777,0.9999911949060015,-31.928331156785625,-125.80996227262447,,620.2624491539312,False,False,False,,[]
1100,1100,1101,True,1.0,1.0,1100.0,1101.0,1100.0,1101.0,1101.0,0.0,105.0,106.0,328.3572892708338,0.5150606632232666,0.5150606632232666,0.0,1.0,0.5201720046881363,0.5196798579178626,0.9997977781035701,0.9497977495193481,0.9997969344085252,0.9999919941042741,0.9999919686517496,0.9999911949060015,0.9999911770602525,-32.36987861738684,-127.5644428549442,,617.354623134332,False,False,False,,[]
1101,1101,1102,True,1.0,1.0,1101.0,1102.0,1101.0,1102.0,1102.0,0.0,106.0,107.0,330.1073804166671,0.5150609016418457,0.5150609016418457,0.0,1.0,0.5196798579178626,0.5191810424701127,0.9997969344085252,0.9497969150543213,0.9997960843974697,0.9999919686517496,0.9999919432046523,0.9999911770602525,0.9999911592262047,-32.8047271622679,-129.2929640568042,,614.5912449150602,False,False,False,,[]
1102,1102,1103,True,1.0,1.0,1102.0,1103.0,1102.0,1103.0,1103.0,0.0,107.0,108.0,331.87406010416714,0.5150611996650696,0.5150611996650696,0.0,1.0,0.5191810424701127,0.5186753636347549,0.9997960843974697,0.9497960805892944,0.9997952280741339,0.9999919432046523,0.9999919177741458,0.9999911592262047,0.9999911412563824,-33.25223893594809,-131.07195412473973,,611.7287370470672,False,False,False,,[]
1103,1103,1104,True,1.0,1.0,1103.0,1104.0,1103.0,1104.0,1104.0,0.0,108.0,109.0,333.6573283333338,0.5150614380836487,0.5150614380836487,0.0,1.0,0.5186753636347549,0.5181615460100448,0.9997952280741339,0.9497951865196228,0.9997943645152155,0.9999919177741458,0.9999918912544962,0.9999911412563824,0.9999911232400099,-33.78334509117397,-133.18152832484444,,608.0100932758029,False,False,False,,[]
1104,1104,1105,True,1.0,1.0,1104.0,1105.0,1104.0,1105.0,1105.0,0.0,109.0,110.0,335.45718510416515,0.5150616765022278,0.5150616765022278,0.0,1.0,0.5181615460100448,0.5176406710626621,0.9997943645152155,0.949794352054596,0.9997934949035494,0.9999918912544962,0.9999918646758291,0.9999911232400099,0.9999911051268588,-34.243300739305255,-135.01078636159312,,605.1334930908349,False,False,False,,[]
1105,1105,1106,True,1.0,1.0,1105.0,1106.0,1105.0,1106.0,1106.0,0.0,110.0,111.0,337.2736304166671,0.5150619745254517,0.5150619745254517,0.0,1.0,0.5176406710626621,0.5171128425813475,0.9997934949035494,0.9497934579849243,0.9997926195311371,0.9999918646758291,0.9999918380468807,0.9999911051268588,0.9999910870992706,-34.69631117417298,-136.8131423567507,,602.4015608835513,False,False,False,,[]
1106,1106,1107,True,1.0,1.0,1106.0,1107.0,1106.0,1107.0,1107.0,0.0,111.0,112.0,339.1066642708338,0.5150622129440308,0.5150622129440308,0.0,1.0,0.5171128425813475,0.5165778679830579,0.9997926195311371,0.9497926235198975,0.9997917384501875,0.9999918380468807,0.9999918113766244,0.9999910870992706,0.999991069016887,-35.16182681945925,-138.6654158766525,,599.5795748209354,False,False,False,,[]
1107,1107,1108,True,1.0,1.0,1107.0,1108.0,1107.0,1108.0,1108.0,0.0,112.0,113.0,340.95628666666715,0.5150624513626099,0.5150624513626099,0.0,1.0,0.5165778679830579,0.5160343091721734,0.9997917384501875,0.9497917294502258,0.9997908507982863,0.9999918113766244,0.9999917834709994,0.999991069016887,0.9999910509049228,-35.721550599774844,-140.89044378127278,,595.8262643587348,False,False,False,,[]
1108,1108,1109,True,1.0,1.0,1108.0,1109.0,1108.0,1109.0,1109.0,0.0,113.0,114.0,342.8224976041652,0.5150627493858337,0.5150627493858337,0.0,1.0,0.5160343091721734,0.5154833330078726,0.9997908507982863,0.9497908353805542,0.9997899577226387,0.9999917834709994,0.999991755262445,0.9999910509049228,0.9999910329365098,-36.20454473644472,-142.8130217867592,,592.9577855673671,False,False,False,,[]
1109,1109,1110,True,1.0,1.0,1109.0,1110.0,1109.0,1110.0,1110.0,0.0,114.0,115.0,344.7052970833338,0.5150630474090576,0.5150630474090576,0.0,1.0,0.5154833330078726,0.5149230949903676,0.9997899577226387,0.9497899413108826,0.999789051115627,0.999991755262445,0.9999917254731909,0.9999910329365098,0.9999910148122456,-36.808361665789256,-145.2136941373195,,588.6465721500931,False,False,False,,[]
1110,1110,1111,True,1.0,1.0,1110.0,1111.0,1110.0,1111.0,1111.0,0.0,115.0,116.0,346.6046851041671,0.5150632858276367,0.5150632858276367,0.0,1.0,0.5149230949903676,0.5143542412056586,0.999789051115627,0.9497890472412109,0.9997881254151758,0.9999917254731909,0.9999916944820325,0.9999910148122456,0.9999909968470067,-37.36959501804973,-147.4469009965716,,584.6653183266866,False,False,False,,[]
1111,1111,1112,True,1.0,1.0,1111.0,1112.0,1111.0,1112.0,1112.0,0.0,116.0,117.0,348.52066166666714,0.5150635838508606,0.5150635838508606,0.0,1.0,0.5143542412056586,0.5137771307535216,0.9997881254151758,0.9497880935668945,0.9997871812472007,0.9999916944820325,0.9999916628960706,0.9999909968470067,0.9999909787328487,-37.907090265662006,-149.58702919392684,,580.9807685408373,False,False,False,,[]
1112,1112,1113,True,1.0,1.0,1112.0,1113.0,1112.0,1113.0,1113.0,0.0,117.0,118.0,350.4532267708338,0.5150638818740845,0.5150638818740845,0.0,1.0,0.5137771307535216,0.5131914736109433,0.9997871812472007,0.9497871398925781,0.9997862177867357,0.9999916628960706,0.9999916304582886,0.9999909787328487,0.9999909605725406,-38.46341603793413,-151.80233135630084,,577.1668369681155,False,False,False,,[]
1113,1113,1114,True,1.0,1.0,1113.0,1114.0,1113.0,1114.0,1114.0,0.0,118.0,119.0,352.40238041666714,0.5150641202926636,0.5150641202926636,0.0,1.0,0.5131914736109433,0.5125972287761581,0.9997862177867357,0.9497861862182617,0.9997852347594415,0.9999916304582886,0.9999915972801418,0.9999909605725406,0.9999909422622303,-39.02223576748174,-154.0282611763277,,573.3826525055183,False,False,False,,[]
1114,1114,1115,True,1.0,1.0,1114.0,1115.0,1114.0,1115.0,1115.0,0.0,119.0,120.0,354.3681226041672,0.5150644183158875,0.5150644183158875,0.0,1.0,0.5125972287761581,0.5119946764321497,0.9997852347594415,0.9497852325439453,0.9997842326291811,0.9999915972801418,0.9999915635976593,0.9999909422622303,0.9999909238881807,-39.56249841573901,-156.1815675669946,,569.8583991847029,False,False,False,,[]
1115,1115,1116,True,1.0,1.0,1115.0,1116.0,1115.0,1116.0,1116.0,0.0,120.0,120.0,202.84212000000008,0.5150647163391113,0.5150647163391113,0.0,1.0,0.5119946764321497,0.5116456880636965,0.9997842326291811,0.9497842192649841,0.9997835648504201,0.9999915635976593,0.9999915458919161,0.9999909238881807,0.9999909081274717,-22.929906597526074,-90.45778510305755,,690.0203136873375,False,False,False,,[]
1116,1116,1117,True,1.0,1.0,1116.0,1117.0,1116.0,1117.0,1117.0,0.0,120.0,120.0,202.84212000000008,0.5150649547576904,0.5150649547576904,0.0,1.0,0.5116456880636965,0.5112967021170937,0.9997835648504201,0.9497835636138916,0.999782897075237,0.9999915458919161,0.9999915281861715,0.9999909081274717,0.9999908923667515,-22.929907387751328,-90.4571573594542,,690.0216311873256,False,False,False,,[]
1117,1117,1118,True,1.0,1.0,1117.0,1118.0,1117.0,1118.0,1118.0,0.0,120.0,120.0,202.84212000000008,0.5150651335716248,0.5150651335716248,0.0,1.0,0.5112967021170937,0.5109477184842149,0.999782897075237,0.9497829079627991,0.9997822293034724,0.9999915281861715,0.999991510480426,0.9999908923667515,0.9999908766060228,-22.929907980419383,-90.4565576421639,,690.0228910358085,False,False,False,,[]
1118,1118,1119,True,1.0,1.0,1118.0,1119.0,1118.0,1119.0,1119.0,0.0,120.0,120.0,202.84212000000008,0.5150653123855591,0.5150653123855591,0.0,1.0,0.5109477184842149,0.5105987370569688,0.9997822293034724,0.9497821927070618,0.9997815615349663,0.999991510480426,0.9999914927746795,0.9999908766060228,0.9999908608452857,-22.929908573086678,-90.45598594221543,,690.0240918690175,False,False,False,,[]
1119,1119,1120,True,1.0,1.0,1119.0,1120.0,1119.0,1120.0,1120.0,0.0,120.0,120.0,202.84212000000008,0.5150655508041382,0.5150655508041382,0.0,1.0,0.5105987370569688,0.510249757727215,0.9997815615349663,0.9497815370559692,0.9997808937695593,0.9999914927746795,0.9999914750689315,0.9999908608452857,0.9999908450845372,-22.929909363308546,-90.45544227217398,,690.0252320297601,False,False,False,,[]
1120,1120,1121,True,1.0,1.0,1120.0,1121.0,1120.0,1121.0,1121.0,0.0,120.0,120.0,202.84212000000008,0.5150657296180725,0.5150657296180725,0.0,1.0,0.510249757727215,0.5099007803957143,0.9997808937695593,0.9497808814048767,0.9997802260071044,0.9999914750689315,0.9999914573631825,0.9999908450845372,0.9999908293237803,-22.929909955974058,-90.45492432500352,,690.0263195403154,False,False,False,,[]
1121,1121,1122,True,1.0,1.0,1121.0,1122.0,1121.0,1122.0,1122.0,0.0,120.0,120.0,202.84212000000008,0.5150659084320068,0.5150659084320068,0.0,1.0,0.5099007803957143,0.5095518049630202,0.9997802260071044,0.9497802257537842,0.9997795582474549,0.9999914573631825,0.9999914396574325,0.9999908293237803,0.9999908135630149,-22.92991054863881,-90.45443215431108,,690.0273527157937,False,False,False,,[]
1122,1122,1123,True,1.0,1.0,1122.0,1123.0,1122.0,1123.0,1123.0,0.0,120.0,120.0,202.84212000000008,0.5150661468505859,0.5150661468505859,0.0,1.0,0.5095518049630202,0.5092028313294031,0.9997795582474549,0.9497795701026917,0.9997788904904634,0.9999914396574325,0.9999914219516812,0.9999908135630149,0.9999907978022382,-22.929911338857295,-90.45396583355301,,690.0283298560857,False,False,False,,[]
1123,1123,1124,True,1.0,1.0,1123.0,1124.0,1123.0,1124.0,1124.0,0.0,120.0,120.0,202.84212000000008,0.5150663256645203,0.5150663256645203,0.0,1.0,0.5092028313294031,0.5088538594038052,0.9997788904904634,0.9497788548469543,0.9997782227359955,0.9999914219516812,0.9999914042459288,0.9999907978022382,0.9999907820414531,-22.92991193152027,-90.45352311498468,,690.0292587213623,False,False,False,,[]
1124,1124,1125,True,1.0,1.0,1124.0,1125.0,1124.0,1125.0,1125.0,0.0,120.0,120.0,202.84212000000008,0.5150665640830994,0.5150665640830994,0.0,1.0,0.5088538594038052,0.5085048890917296,0.9997782227359955,0.9497781991958618,0.9997775549839115,0.9999914042459288,0.999991386540175,0.9999907820414531,0.9999907662806566,-22.92991272173638,-90.45310488999341,,690.0301344703124,False,False,False,,[]
1125,1125,1126,True,1.0,1.0,1125.0,1126.0,1125.0,1126.0,1126.0,0.0,120.0,117.5,-180.9287133333364,0.5150667428970337,0.5150667428970337,0.0,1.0,0.5085048890917296,0.50875309687335,0.9997775549839115,0.9497775435447693,0.9997770512829937,0.999991386540175,0.9999913691205354,0.9999907662806566,0.9999907483511659,16.34001711178976,64.335456996003,,1194.013540069866,False,False,False,,[]
1126,1126,1127,True,1.0,1.0,1126.0,1127.0,1126.0,1127.0,1127.0,0.0,117.5,115.0,-185.8534366406242,0.5150668621063232,0.5150668621063232,0.0,1.0,0.50875309687335,0.5090017068005096,0.9997770512829937,0.9497770667076111,0.9997765468710648,0.9999913691205354,0.9999913511515756,0.9999907483511659,0.9999907297117735,16.371279503480284,64.43969311976525,,1192.6917318427502,False,False,False,,[]
1127,1127,1128,True,1.0,1.0,1127.0,1128.0,1127.0,1128.0,1128.0,0.0,115.0,112.5,-190.67448156249915,0.5150670409202576,0.5150670409202576,0.0,1.0,0.5090017068005096,0.5092509315150828,0.9997765468710648,0.9497765302658081,0.999776041372974,0.9999913511515756,0.9999913326525907,0.9999907297117735,0.9999907111908373,16.41642545354991,64.59904601737409,,1192.8263201418888,False,False,False,,[]
1128,1128,1129,True,1.0,1.0,1128.0,1129.0,1128.0,1129.0,1129.0,0.0,112.5,110.0,-195.39184809895943,0.5150671601295471,0.5150671601295471,0.0,1.0,0.5092509315150828,0.5095001431602787,0.999776041372974,0.9497760534286499,0.9997755358979631,0.9999913326525907,0.9999913136444385,0.9999907111908373,0.9999906925549304,16.420049752980674,64.595658434776,,1191.9236471133897,False,False,False,,[]
1129,1129,1130,True,1.0,1.0,1129.0,1130.0,1129.0,1130.0,1130.0,0.0,110.0,107.5,-200.0055362499992,0.5150673389434814,0.5150673389434814,0.0,1.0,0.5095001431602787,0.5097492724290494,0.9997755358979631,0.9497755169868469,0.9997750305684349,0.9999913136444385,0.999991294149536,0.9999906925549304,0.9999906742520507,16.418959205995403,64.57430646536423,,1191.6089761165117,False,False,False,,[]
1130,1130,1131,True,1.0,1.0,1130.0,1131.0,1130.0,1131.0,1131.0,0.0,107.5,105.0,-204.5155460156261,0.515067458152771,0.515067458152771,0.0,1.0,0.5097492724290494,0.5099992458138151,0.9997750305684349,0.9497750401496887,0.9997745237489711,0.999991294149536,0.99999127419186,0.9999906742520507,0.9999906579577856,16.478851687519967,64.79310133123535,,1194.7995117409516,False,False,False,,[]
1131,1131,1132,True,1.0,1.0,1131.0,1132.0,1131.0,1132.0,1132.0,0.0,105.0,102.5,-208.9218773958325,0.5150676369667053,0.5150676369667053,0.0,1.0,0.5099992458138151,0.5102482295358003,0.9997745237489711,0.9497745037078857,0.9997740186765319,0.99999127419186,0.9999912537969389,0.9999906579577856,0.999990641890957,16.41763168604855,64.53658073856023,,1193.3383960460565,False,False,False,,[]
1132,1132,1133,True,1.0,1.0,1132.0,1133.0,1132.0,1133.0,1133.0,0.0,102.5,100.0,-213.2245303906242,0.5150678157806396,0.5150678157806396,0.0,1.0,0.5102482295358003,0.5104964698617763,0.9997740186765319,0.9497740268707275,0.9997735149180587,0.9999912537969389,0.9999912336885184,0.999990641890957,0.9999906260369041,16.372498976419735,64.34389249298809,,1193.1778936873134,False,False,False,,[]
1133,1133,1134,True,1.0,1.0,1133.0,1134.0,1133.0,1134.0,1134.0,0.0,100.0,97.5,-217.4235050000011,0.5150679349899292,0.5150679349899292,0.0,1.0,0.5104964698617763,0.5107439056018688,0.9997735149180587,0.9497734904289246,0.9997730125833162,0.9999912336885184,0.9999912142013969,0.9999906260369041,0.9999906104387992,16.323173785523835,64.13534383196499,,1193.484110655703,False,False,False,,[]
1134,1134,1135,True,1.0,1.0,1134.0,1135.0,1134.0,1135.0,1135.0,0.0,97.5,95.0,-221.5188012239575,0.5150681138038635,0.5150681138038635,0.0,1.0,0.5107439056018688,0.510990110790181,0.9997730125833162,0.9497730135917664,0.9997725124292913,0.9999912142013969,0.9999911953447849,0.9999906104387992,0.9999905950517779,16.245570352312775,63.81638481051992,,1193.240748105282,False,False,False,,[]
1135,1135,1136,True,1.0,1.0,1135.0,1136.0,1135.0,1136.0,1136.0,0.0,95.0,92.5,-225.5104190625011,0.5150682330131531,0.5150682330131531,0.0,1.0,0.510990110790181,0.5112347005825627,0.9997725124292913,0.9497724771499634,0.9997720151439001,0.9999911953447849,0.9999911771253275,0.9999905950517779,0.9999905798724622,16.14238949734247,63.39767418535394,,1192.552481391957,False,False,False,,[]
1136,1136,1137,True,1.0,1.0,1136.0,1137.0,1136.0,1137.0,1137.0,0.0,92.5,90.0,-229.39835851562415,0.5150684118270874,0.5150684118270874,0.0,1.0,0.5112347005825627,0.5114767957738426,0.9997720151439001,0.9497720003128052,0.9997715223015813,0.9999911771253275,0.9999911595472858,0.9999905798724622,0.999990564270084,15.98096104381604,62.75107357975315,,1189.9528089132168,False,False,False,,[]
1137,1137,1138,True,1.0,1.0,1137.0,1138.0,1137.0,1138.0,1138.0,0.0,90.0,87.5,-233.18261958333443,0.515068531036377,0.515068531036377,0.0,1.0,0.5114767957738426,0.5117163071058126,0.9997715223015813,0.949771523475647,0.9997710340780381,0.9999911595472858,0.9999911426127059,0.999990564270084,0.9999905485899957,15.813447681586338,62.081337246617586,,1187.7532794688216,False,False,False,,[]
1138,1138,1139,True,1.0,1.0,1138.0,1139.0,1138.0,1139.0,1139.0,0.0,87.5,85.0,-236.86320226562415,0.5150687098503113,0.5150687098503113,0.0,1.0,0.5117163071058126,0.5119525168464834,0.9997710340780381,0.9497710466384888,0.9997705517808609,0.9999911426127059,0.9999911263215921,0.9999905485899957,0.9999905323822927,15.598320533991908,61.225564781860584,,1184.1062713396511,False,False,False,,[]
1139,1139,1140,True,1.0,1.0,1139.0,1140.0,1139.0,1140.0,1140.0,0.0,85.0,82.5,-240.44010656249915,0.5150688290596008,0.5150688290596008,0.0,1.0,0.5119525168464834,0.5121851583664776,0.9997705517808609,0.9497705101966858,0.9997700759194637,0.9999911263215921,0.9999911106720659,0.9999905323822927,0.9999905157499637,15.36537494085606,60.30068198252216,,1180.3219439753186,False,False,False,,[]
1140,1140,1141,True,1.0,1.0,1140.0,1141.0,1140.0,1141.0,1141.0,0.0,82.5,80.0,-243.91333247395943,0.5150689482688904,0.5150689482688904,0.0,1.0,0.5121851583664776,0.5124140299890206,0.9997700759194637,0.9497700929641724,0.9997696068920798,0.9999911106720659,0.9999910956605295,0.9999905157499637,0.9999904988665842,15.118903301124417,59.32352456316296,,1176.5729753187484,False,False,False,,[]
1141,1141,1142,True,1.0,1.0,1141.0,1142.0,1141.0,1142.0,1142.0,0.0,80.0,76.25,-439.1682966666674,0.5150691270828247,0.5150691270828247,0.0,1.0,0.5124140299890206,0.5128259468919768,0.9997696068920798,0.9497696161270142,0.9997688527091421,0.9999910956605295,0.9999910780893696,0.9999904988665842,0.9999904797834636,27.23095641762863,106.76886124623901,,1428.2538026354332,False,False,False,,[]
1142,1142,1143,True,1.0,1.0,1142.0,1143.0,1142.0,1143.0,1143.0,0.0,76.25,72.5,-444.0282209830717,0.5150693655014038,0.5150693655014038,0.0,1.0,0.5128259468919768,0.513221510885614,0.9997688527091421,0.9497688412666321,0.9997681196816085,0.9999910780893696,0.9999910607548544,0.9999904797834636,0.999990460851709,26.154914528761843,102.53018715075306,,1400.5503584794405,False,False,False,,[]
1143,1143,1144,True,1.0,1.0,1143.0,1144.0,1143.0,1144.0,1144.0,0.0,72.5,68.75,-448.6548689322924,0.5150695443153381,0.5150695443153381,0.0,1.0,0.513221510885614,0.5136021492999185,0.9997681196816085,0.9497681260108948,0.9997674067731186,0.9999910607548544,0.9999910447110003,0.999990460851709,0.9999904434686018,25.17259916576954,98.66147698775671,,1381.06401801984,False,False,False,,[]
1144,1144,1145,True,1.0,1.0,1144.0,1145.0,1144.0,1145.0,1145.0,0.0,68.75,65.0,-453.04824051432365,0.5150697827339172,0.5150697827339172,0.0,1.0,0.5136021492999185,0.5139632956240545,0.9997674067731186,0.9497674107551575,0.9997667212698527,0.9999910447110003,0.9999910286311755,0.9999904434686018,0.9999904242652033,23.887210053219476,93.60912721604109,,1346.4618286283044,False,False,False,,[]
1145,1145,1146,True,1.0,1.0,1145.0,1146.0,1145.0,1146.0,1146.0,0.0,65.0,61.25,-457.20833572916547,0.5150699615478516,0.5150699615478516,0.0,1.0,0.5139632956240545,0.5143024485330345,0.9997667212698527,0.9497666954994202,0.9997660681754391,0.9999910286311755,0.9999910098652041,0.9999904242652033,0.9999904039584304,22.435442063798327,87.9084340076203,,1306.7978844841848,False,False,False,,[]
1146,1146,1147,True,1.0,1.0,1146.0,1147.0,1146.0,1147.0,1147.0,0.0,61.25,57.5,-461.13515457682365,0.5150701999664307,0.5150701999664307,0.0,1.0,0.5143024485330345,0.5146184153798058,0.9997660681754391,0.9497660398483276,0.9997654508868953,0.9999910098652041,0.9999909914600283,0.9999904039584304,0.999990378214954,20.903984120802097,81.89860668310193,,1265.9659514720224,False,False,False,,[]
1147,1147,1148,True,1.0,1.0,1147.0,1148.0,1147.0,1148.0,1148.0,0.0,57.5,53.75,-464.82869705729144,0.515070378780365,0.515070378780365,0.0,1.0,0.5146184153798058,0.5149193613003887,0.9997654508868953,0.9497654438018799,0.9997648576586341,0.9999909914600283,0.9999909768670132,0.999990378214954,0.9999903539042163,19.912641670317637,78.00518261510825,,1254.2634636587568,False,False,False,,[]
1148,1148,1149,True,1.0,1.0,1148.0,1149.0,1148.0,1149.0,1149.0,0.0,53.75,50.0,-468.2889631705727,0.5150705575942993,0.5150705575942993,0.0,1.0,0.5149193613003887,0.5152012059895541,0.9997648576586341,0.9497648477554321,0.9997642959698848,0.9999909768670132,0.9999909622187899,0.9999903539042163,0.9999903310636403,18.650587439421454,73.0541434316616,,1231.8107968395093,False,False,False,,[]
1149,1149,1150,True,1.0,1.0,1149.0,1150.0,1149.0,1150.0,1150.0,0.0,50.0,45.0,-663.4013695833336,0.5150706768035889,0.5150706768035889,0.0,1.0,0.5152012059895541,0.5155696999457362,0.9997642959698848,0.9497643113136292,0.9997635999880832,0.9999909622187899,0.9999909464839158,0.9999903310636403,0.9999903014354663,24.39462513298262,95.5136334424046,,1339.6434611493237,False,False,False,,[]
1150,1150,1151,True,1.0,1.0,1150.0,1151.0,1150.0,1151.0,1151.0,0.0,45.0,40.0,-667.3411482291668,0.515070915222168,0.515070915222168,0.0,1.0,0.5155696999457362,0.515902890713216,0.9997635999880832,0.9497635960578918,0.9997629559430488,0.9999909464839158,0.9999909301742272,0.9999903014354663,0.9999902792131007,22.058966044947802,86.36304693078684,,1299.130196959996,False,False,False,,[]
1151,1151,1152,True,1.0,1.0,1151.0,1152.0,1151.0,1152.0,1152.0,0.0,40.0,35.0,-670.8662133333335,0.5150710940361023,0.5150710940361023,0.0,1.0,0.515902890713216,0.5161940976779651,0.9997629559430488,0.9497629404067993,0.9997623786658066,0.9999909301742272,0.9999909110613162,0.9999902792131007,0.9999902595015641,19.27988251076313,75.48084526296675,,1241.7035467019803,False,False,False,,[]
1152,1152,1153,True,1.0,1.0,1152.0,1153.0,1152.0,1153.0,1153.0,0.0,35.0,30.0,-673.9765648958324,0.5150712728500366,0.5150712728500366,0.0,1.0,0.5161940976779651,0.5164397230436054,0.9997623786658066,0.9497623443603516,0.9997618795406642,0.9999909110613162,0.9999908923111482,0.9999902595015641,0.9999902348785351,16.261910041752085,63.66609477398257,,1179.7178023927156,False,False,False,,[]
1153,1153,1154,True,1.0,1.0,1153.0,1154.0,1153.0,1154.0,1154.0,0.0,30.0,25.0,-676.6722029166668,0.515071451663971,0.515071451663971,0.0,1.0,0.5164397230436054,0.5166418041732046,0.9997618795406642,0.9497618675231934,0.9997614600714387,0.9999908923111482,0.9999908708253222,0.9999902348785351,0.9999902121923767,13.378654639941965,52.37942879210136,,1131.1733792605346,False,False,False,,[]
1154,1154,1155,True,1.0,1.0,1154.0,1155.0,1154.0,1155.0,1155.0,0.0,25.0,20.0,-678.9531273958335,0.5150715708732605,0.5150715708732605,0.0,1.0,0.5166418041732046,0.5168134343115139,0.9997614600714387,0.9497614502906799,0.9997610989402085,0.9999908708253222,0.9999908583639894,0.9999902121923767,0.9999901947027138,11.362581180858808,44.48653184977139,,1118.0255019259766,False,False,False,,[]
1155,1155,1156,True,1.0,1.0,1155.0,1156.0,1155.0,1156.0,1156.0,0.0,20.0,15.0,-680.819338333333,0.51507169008255,0.51507169008255,0.0,1.0,0.5168134343115139,0.5169459874419161,0.9997610989402085,0.9497610926628113,0.9997608179951459,0.9999908583639894,0.999990846263819,0.9999901947027138,0.9999901822003315,8.77509135165603,34.35777140024338,,1086.7865004712617,False,False,False,,[]
1156,1156,1157,True,1.0,1.0,1156.0,1157.0,1156.0,1157.0,1157.0,0.0,15.0,10.0,-682.2708357291668,0.5150717496871948,0.5150717496871948,0.0,1.0,0.5169459874419161,0.5170197581222249,0.9997608179951459,0.9497607946395874,0.9997606703765354,0.999990846263819,0.9999908353397533,0.9999901822003315,0.9999901494575473,4.883020956422804,19.121360336050255,,1015.5810127593057,False,False,False,,[]
1157,1157,1158,True,1.0,1.0,1157.0,1158.0,1157.0,1158.0,1158.0,0.0,10.0,5.0,-683.3076195833332,0.5150718092918396,0.5150718092918396,0.0,1.0,0.5170197581222249,0.5170535101424307,0.9997606703765354,0.9497606754302979,0.9997606054301598,0.9999908353397533,0.9999908174266917,0.9999901494575473,0.9999901297820254,2.233890294791667,8.748523637360641,,989.7744414753711,False,False,False,,[]
1158,1158,1159,True,1.0,1.0,1158.0,1159.0,1158.0,1159.0,1159.0,0.0,5.0,0.0,-683.9296898958332,0.5150718092918396,0.5150718092918396,0.0,1.0,0.5170535101424307,0.517064771744981,0.9997606054301598,0.9497606158256531,0.999760584231903,0.9999908174266917,0.9999908114502353,0.9999901297820254,0.9999901232175473,0.7453079953993055,2.919007381025047,,996.6123574864785,False,False,False,,[]
1159,1159,1160,True,1.0,1.0,1159.0,1160.0,1159.0,1160.0,1160.0,0.0,0.0,0.0,83.40462000000002,0.5150718092918396,0.5150718092918396,0.0,1.0,0.517064771744981,0.517064771744981,0.999760584231903,0.9497605562210083,0.999760584231903,0.9999908114502353,0.9999908114502353,0.9999901232175473,0.9999901232175473,-0.0,0.0,,1000.0,False,False,False,,[]
1160,1160,1161,True,1.0,1.0,1160.0,1161.0,1160.0,1161.0,1161.0,0.0,0.0,0.0,83.40462000000002,0.5150718092918396,0.5150718092918396,0.0,1.0,0.517064771744981,0.517064771744981,0.999760584231903,0.9497605562210083,0.999760584231903,0.9999908114502353,0.9999908114502353,0.9999901232175473,0.9999901232175473,-0.0,0.0,,1000.0,False,False,False,,[]
1161,1161,1162,True,1.0,1.0,1161.0,1162.0,1161.0,1162.0,1162.0,0.0,0.0,0.0,83.40462000000002,0.5150718092918396,0.5150718092918396,0.0,1.0,0.517064771744981,0.517064771744981,0.999760584231903,0.9497605562210083,0.999760584231903,0.9999908114502353,0.9999908114502353,0.9999901232175473,0.9999901232175473,-0.0,0.0,,1000.0,False,False,False,,[]
1162,1162,1163,True,1.0,1.0,1162.0,1163.0,1162.0,1163.0,1163.0,0.0,0.0,0.0,83.40462000000002,0.5150718092918396,0.5150718092918396,0.0,1.0,0.517064771744981,0.517064771744981,0.999760584231903,0.9497605562210083,0.999760584231903,0.9999908114502353,0.9999908114502353,0.9999901232175473,0.9999901232175473,-0.0,0.0,,1000.0,False,False,False,,[]
1163,1163,1164,True,1.0,1.0,1163.0,1164.0,1163.0,1164.0,1164.0,0.0,0.0,0.0,83.40462000000002,0.5150718092918396,0.5150718092918396,0.0,1.0,0.517064771744981,0.517064771744981,0.999760584231903,0.9497605562210083,0.999760584231903,0.9999908114502353,0.9999908114502353,0.9999901232175473,0.9999901232175473,-0.0,0.0,,1000.0,False,False,False,,[]
1164,1164,1165,True,1.0,1.0,1164.0,1165.0,1164.0,1165.0,1165.0,0.0,0.0,0.0,83.40462000000002,0.5150718092918396,0.5150718092918396,0.0,1.0,0.517064771744981,0.517064771744981,0.999760584231903,0.9497605562210083,0.999760584231903,0.9999908114502353,0.9999908114502353,0.9999901232175473,0.9999901232175473,-0.0,0.0,,1000.0,False,False,False,,[]
1165,1165,1166,True,1.0,1.0,1165.0,1166.0,1165.0,1166.0,1166.0,0.0,0.0,0.0,83.40462000000002,0.5150718092918396,0.5150718092918396,0.0,1.0,0.517064771744981,0.517064771744981,0.999760584231903,0.9497605562210083,0.999760584231903,0.9999908114502353,0.9999908114502353,0.9999901232175473,0.9999901232175473,-0.0,0.0,,1000.0,False,False,False,,[]
1166,1166,1167,True,1.0,1.0,1166.0,1167.0,1166.0,1167.0,1167.0,0.0,0.0,0.0,83.40462000000002,0.5150718092918396,0.5150718092918396,0.0,1.0,0.517064771744981,0.517064771744981,0.999760584231903,0.9497605562210083,0.999760584231903,0.9999908114502353,0.9999908114502353,0.9999901232175473,0.9999901232175473,-0.0,0.0,,1000.0,False,False,False,,[]
1167,1167,1168,True,1.0,1.0,1167.0,1168.0,1167.0,1168.0,1168.0,0.0,0.0,0.0,83.40462000000002,0.5150718092918396,0.5150718092918396,0.0,1.0,0.517064771744981,0.517064771744981,0.999760584231903,0.9497605562210083,0.999760584231903,0.9999908114502353,0.9999908114502353,0.9999901232175473,0.9999901232175473,-0.0,0.0,,1000.0,False,False,False,,[]
1168,1168,1169,True,1.0,1.0,1168.0,1169.0,1168.0,1169.0,1169.0,0.0,0.0,0.0,83.40462000000002,0.5150718092918396,0.5150718092918396,0.0,1.0,0.517064771744981,0.517064771744981,0.999760584231903,0.9497605562210083,0.999760584231903,0.9999908114502353,0.9999908114502353,0.9999901232175473,0.9999901232175473,-0.0,0.0,,1000.0,False,False,False,,[]
1169,1169,1170,True,1.0,1.0,1169.0,1170.0,1169.0,1170.0,1170.0,0.0,0.0,0.0,83.40462000000002,0.5150718092918396,0.5150718092918396,0.0,1.0,0.517064771744981,0.517064771744981,0.999760584231903,0.9497605562210083,0.999760584231903,0.9999908114502353,0.9999908114502353,0.9999901232175473,0.9999901232175473,-0.0,0.0,,1000.0,False,False,False,,[]
1170,1170,1171,True,1.0,1.0,1170.0,1171.0,1170.0,1171.0,1171.0,0.0,0.0,0.0,83.40462000000002,0.5150718092918396,0.5150718092918396,0.0,1.0,0.517064771744981,0.517064771744981,0.999760584231903,0.9497605562210083,0.999760584231903,0.9999908114502353,0.9999908114502353,0.9999901232175473,0.9999901232175473,-0.0,0.0,,1000.0,False,False,False,,[]
1171,1171,1172,True,1.0,1.0,1171.0,1172.0,1171.0,1172.0,1172.0,0.0,0.0,0.0,83.40462000000002,0.5150718092918396,0.5150718092918396,0.0,1.0,0.517064771744981,0.517064771744981,0.999760584231903,0.9497605562210083,0.999760584231903,0.9999908114502353,0.9999908114502353,0.9999901232175473,0.9999901232175473,-0.0,0.0,,1000.0,False,False,False,,[]
1172,1172,1173,True,1.0,1.0,1172.0,1173.0,1172.0,1173.0,1173.0,0.0,0.0,0.0,83.40462000000002,0.5150718092918396,0.5150718092918396,0.0,1.0,0.517064771744981,0.517064771744981,0.999760584231903,0.9497605562210083,0.999760584231903,0.9999908114502353,0.9999908114502353,0.9999901232175473,0.9999901232175473,-0.0,0.0,,1000.0,False,False,False,,[]
1173,1173,1174,True,1.0,1.0,1173.0,1174.0,1173.0,1174.0,1174.0,0.0,0.0,0.0,83.40462000000002,0.5150718092918396,0.5150718092918396,0.0,1.0,0.517064771744981,0.517064771744981,0.999760584231903,0.9497605562210083,0.999760584231903,0.9999908114502353,0.9999908114502353,0.9999901232175473,0.9999901232175473,-0.0,0.0,,1000.0,False,False,False,,[]
1174,1174,1175,True,1.0,1.0,1174.0,1175.0,1174.0,1175.0,1175.0,0.0,0.0,0.0,83.40462000000002,0.5150718092918396,0.5150718092918396,0.0,1.0,0.517064771744981,0.517064771744981,0.999760584231903,0.9497605562210083,0.999760584231903,0.9999908114502353,0.9999908114502353,0.9999901232175473,0.9999901232175473,-0.0,0.0,,1000.0,False,False,False,,[]
1175,1175,1176,True,1.0,1.0,1175.0,1176.0,1175.0,1176.0,1176.0,0.0,0.0,0.0,83.40462000000002,0.5150718092918396,0.5150718092918396,0.0,1.0,0.517064771744981,0.517064771744981,0.999760584231903,0.9497605562210083,0.999760584231903,0.9999908114502353,0.9999908114502353,0.9999901232175473,0.9999901232175473,-0.0,0.0,,1000.0,False,False,False,,[]
1176,1176,1177,True,1.0,1.0,1176.0,1177.0,1176.0,1177.0,1177.0,0.0,0.0,0.0,83.40462000000002,0.5150718092918396,0.5150718092918396,0.0,1.0,0.517064771744981,0.517064771744981,0.999760584231903,0.9497605562210083,0.999760584231903,0.9999908114502353,0.9999908114502353,0.9999901232175473,0.9999901232175473,-0.0,0.0,,1000.0,False,False,False,,[]
1177,1177,1178,True,1.0,1.0,1177.0,1178.0,1177.0,1178.0,1178.0,0.0,0.0,0.0,83.40462000000002,0.5150718092918396,0.5150718092918396,0.0,1.0,0.517064771744981,0.517064771744981,0.999760584231903,0.9497605562210083,0.999760584231903,0.9999908114502353,0.9999908114502353,0.9999901232175473,0.9999901232175473,-0.0,0.0,,1000.0,False,False,False,,[]
1178,1178,1179,True,1.0,1.0,1178.0,1179.0,1178.0,1179.0,1179.0,0.0,0.0,0.0,83.40462000000002,0.5150718092918396,0.5150718092918396,0.0,1.0,0.517064771744981,0.517064771744981,0.999760584231903,0.9497605562210083,0.999760584231903,0.9999908114502353,0.9999908114502353,0.9999901232175473,0.9999901232175473,-0.0,0.0,,1000.0,True,False,False,,[]
