attempt,cycle_index_before,cycle_index_after,completed_step,dt_requested_s,dt_completed_s,time_before_s,time_after_s,original_cycle_time_before_s,original_cycle_time_after_s,original_cycle_time_target_s,slope_rad,velocity_before_kmh,target_velocity_kmh,wheel_torque_nm,normalized_action,sigma_tor,sigma_min,sigma_max,soc_before,soc_after,battery_soh_before,observed_battery_soh,battery_soh_after,motor1_soh_before,motor1_soh_after,motor2_soh_before,motor2_soh_after,battery_power_kw,battery_current_a,predicted_motor_power_kw,reward,terminated,truncated,constraint_violation,constraint_stage,violated_constraints
0,0,1,True,1.0,1.0,0.0,1.0,0.0,1.0,1.0,0.0,0.0,0.0,83.40462000000002,0.5059999823570251,0.5059999823570251,0.0,1.0,0.6,0.6,1.0,0.9800000190734863,1.0,1.0,1.0,1.0,1.0,-0.0,0.0,,1000.0,False,False,False,,[]
1,1,2,True,1.0,1.0,1.0,2.0,1.0,2.0,2.0,0.0,0.0,0.0,83.40462000000002,0.5059999823570251,0.5059999823570251,0.0,1.0,0.6,0.6,1.0,0.9800000190734863,1.0,1.0,1.0,1.0,1.0,-0.0,0.0,,1000.0,False,False,False,,[]
2,2,3,True,1.0,1.0,2.0,3.0,2.0,3.0,3.0,0.0,0.0,0.0,83.40462000000002,0.5059999823570251,0.5059999823570251,0.0,1.0,0.6,0.6,1.0,0.9800000190734863,1.0,1.0,1.0,1.0,1.0,-0.0,0.0,,1000.0,False,False,False,,[]
3,3,4,True,1.0,1.0,3.0,4.0,3.0,4.0,4.0,0.0,0.0,0.0,83.40462000000002,0.5059999823570251,0.5059999823570251,0.0,1.0,0.6,0.6,1.0,0.9800000190734863,1.0,1.0,1.0,1.0,1.0,-0.0,0.0,,1000.0,False,False,False,,[]
4,4,5,True,1.0,1.0,4.0,5.0,4.0,5.0,5.0,0.0,0.0,0.0,83.40462000000002,0.5059999823570251,0.5059999823570251,0.0,1.0,0.6,0.6,1.0,0.9800000190734863,1.0,1.0,1.0,1.0,1.0,-0.0,0.0,,1000.0,False,False,False,,[]
5,5,6,True,1.0,1.0,5.0,6.0,5.0,6.0,6.0,0.0,0.0,0.0,83.40462000000002,0.5059999823570251,0.5059999823570251,0.0,1.0,0.6,0.6,1.0,0.9800000190734863,1.0,1.0,1.0,1.0,1.0,-0.0,0.0,,1000.0,False,False,False,,[]
6,6,7,True,1.0,1.0,6.0,7.0,6.0,7.0,7.0,0.0,0.0,0.0,83.40462000000002,0.5059999823570251,0.5059999823570251,0.0,1.0,0.6,0.6,1.0,0.9800000190734863,1.0,1.0,1.0,1.0,1.0,-0.0,0.0,,1000.0,False,False,False,,[]
7,7,8,True,1.0,1.0,7.0,8.0,7.0,8.0,8.0,0.0,0.0,0.0,83.40462000000002,0.5059999823570251,0.5059999823570251,0.0,1.0,0.6,0.6,1.0,0.9800000190734863,1.0,1.0,1.0,1.0,1.0,-0.0,0.0,,1000.0,False,False,False,,[]
8,8,9,True,1.0,1.0,8.0,9.0,8.0,9.0,9.0,0.0,0.0,0.0,83.40462000000002,0.5059999823570251,0.5059999823570251,0.0,1.0,0.6,0.6,1.0,0.9800000190734863,1.0,1.0,1.0,1.0,1.0,-0.0,0.0,,1000.0,False,False,False,,[]
9,9,10,True,1.0,1.0,9.0,10.0,9.0,10.0,10.0,0.0,0.0,0.0,83.40462000000002,0.5059999823570251,0.5059999823570251,0.0,1.0,0.6,0.6,1.0,0.9800000190734863,1.0,1.0,1.0,1.0,1.0,-0.0,0.0,,1000.0,False,False,False,,[]
10,10,11,True,1.0,1.0,10.0,11.0,10.0,11.0,11.0,0.0,0.0,3.75,659.0608700000001,0.5059999823570251,0.5059999823570251,0.0,1.0,0.6,0.5999687257015222,1.0,0.9800000190734863,0.9999999399669998,1.0,0.9999999957567188,1.0,0.999999995166908,-2.0709554738562095,-8.10629816545231,,955.6995309776528,False,False,False,,[]
11,11,12,True,1.0,1.0,11.0,12.0,11.0,12.0,12.0,0.0,3.75,7.5,659.1775081835939,0.5060000419616699,0.5060000419616699,0.0,1.0,0.5999687257015222,0.5998748664958311,0.9999999399669998,0.9799999594688416,0.9999997484228312,0.9999999957567188,0.9999999830246209,0.999999995166908,0.9999999806650676,-6.213965951956956,-24.328306115127283,,877.0025337626397,False,False,False,,[]
12,12,13,True,1.0,1.0,12.0,13.0,12.0,13.0,13.0,0.0,7.5,11.25,659.5274227343749,0.5060000419616699,0.5060000419616699,0.0,1.0,0.5998748664958311,0.5997470415773488,0.9999997484228312,0.9799997806549072,0.9999994787494195,0.9999999830246209,0.999999974358732,0.9999999806650676,0.9999999564825035,-8.461437832880547,-33.132218870608106,,842.005489860081,False,False,False,,[]
13,13,14,True,1.0,1.0,13.0,14.0,13.0,14.0,14.0,0.0,11.25,15.0,660.110613652344,0.5060001611709595,0.5060001611709595,0.0,1.0,0.5997470415773488,0.5995757578478615,0.9999994787494195,0.9799994826316833,0.9999991182935285,0.999999974358732,0.9999999682872444,0.9999999564825035,0.999999922596985,-11.336074018477277,-44.396742683100996,,801.7405307559377,False,False,False,,[]
14,14,15,True,1.0,1.0,14.0,15.0,14.0,15.0,15.0,0.0,15.0,15.0,85.27083093750002,0.506000280380249,0.506000280380249,0.0,1.0,0.5995757578478615,0.5995475652250593,0.9999991182935285,0.9799991250038147,0.9999990643389028,0.9999999682872444,0.9999999651640257,0.999999922596985,0.999999917805913,-1.8665840479683893,-7.307527830342282,,960.1514341300241,False,False,False,,[]
15,15,16,True,1.0,1.0,15.0,16.0,15.0,16.0,16.0,0.0,15.0,15.0,85.27083093750002,0.506000280380249,0.506000280380249,0.0,1.0,0.5995475652250593,0.5995193723959922,0.9999990643389028,0.9799990653991699,0.9999990103838715,0.9999999651640257,0.999999962040807,0.999999917805913,0.999999913014841,-1.8665840479683893,-7.307581294195269,,960.1512065776275,False,False,False,,[]
16,16,17,True,1.0,1.0,16.0,17.0,16.0,17.0,17.0,0.0,15.0,15.0,85.27083093750002,0.506000280380249,0.506000280380249,0.0,1.0,0.5995193723959922,0.5994911793659022,0.9999990103838715,0.9799990057945251,0.9999989564284449,0.999999962040807,0.9999999589175883,0.999999913014841,0.999999908223769,-1.8665840479683893,-7.307633399320931,,960.1509848199032,False,False,False,,[]
17,17,18,True,1.0,1.0,17.0,18.0,17.0,18.0,18.0,0.0,15.0,15.0,85.27083093750002,0.5060003399848938,0.5060003399848938,0.0,1.0,0.5994911793659022,0.5994629861405844,0.9999989564284449,0.9799989461898804,0.9999989024726343,0.9999999589175883,0.9999999557943694,0.999999908223769,0.9999999034326976,-1.8665840020593623,-7.307684002391339,,960.1507697453462,False,False,False,,[]
18,18,19,True,1.0,1.0,18.0,19.0,18.0,19.0,19.0,0.0,15.0,15.0,85.27083093750002,0.5060003399848938,0.5060003399848938,0.0,1.0,0.5994629861405844,0.5994347927243099,0.9999989024726343,0.9799989461898804,0.9999988485164483,0.9999999557943694,0.9999999526711505,0.9999999034326976,0.9999998986416262,-1.8665840020593623,-7.307733498344481,,960.150559089653,False,False,False,,[]
19,19,20,True,1.0,1.0,19.0,20.0,19.0,20.0,20.0,0.0,15.0,15.0,85.27083093750002,0.5060003399848938,0.5060003399848938,0.0,1.0,0.5994347927243099,0.5994065991219105,0.9999988485164483,0.9799988865852356,0.9999987945598962,0.9999999526711505,0.9999999495479316,0.9999998986416262,0.9999998938505548,-1.8665840020593623,-7.307781741922502,,960.1503537583098,False,False,False,,[]
20,20,21,True,1.0,1.0,20.0,21.0,20.0,21.0,21.0,0.0,15.0,15.0,85.27083093750002,0.5060003399848938,0.5060003399848938,0.0,1.0,0.5994065991219105,0.5993784053380884,0.9999987945598962,0.9799988269805908,0.9999987406029872,0.9999999495479316,0.9999999464247127,0.9999998938505548,0.9999998890594833,-1.8665840020593623,-7.307828766690525,,960.1501536113973,False,False,False,,[]
21,21,22,True,1.0,1.0,21.0,22.0,21.0,22.0,22.0,0.0,15.0,15.0,85.27083093750002,0.5060003995895386,0.5060003995895386,0.0,1.0,0.5993784053380884,0.5993502113781133,0.9999987406029872,0.979998767375946,0.9999986866457319,0.9999999464247127,0.9999999433014936,0.9999998890594833,0.9999998842684126,-1.8665839561503326,-7.307874425557033,,960.1499596942107,False,False,False,,[]
22,22,23,True,1.0,1.0,22.0,23.0,22.0,23.0,23.0,0.0,15.0,12.5,-298.50000239583346,0.5060003995895386,0.5060003995895386,0.0,1.0,0.5993502113781133,0.5993850777947334,0.9999986866457319,0.9799987077713013,0.9999986194818296,0.9999999433014936,0.9999999376288117,0.9999998842684126,0.9999998682158291,2.3087784327192176,9.037375187922004,,1006.4663054902245,False,False,False,,[]
23,23,24,True,1.0,1.0,23.0,24.0,23.0,24.0,24.0,0.0,12.5,10.0,-299.07023351562515,0.5060003995895386,0.5060003995895386,0.0,1.0,0.5993850777947334,0.5994134270204544,0.9999986194818296,0.9799986481666565,0.9999985652191872,0.9999999376288117,0.9999999327293962,0.9999998682158291,0.9999998550568071,1.8772259955179431,7.348119306899911,,1004.8883033402672,False,False,False,,[]
24,24,25,True,1.0,1.0,24.0,25.0,24.0,25.0,25.0,0.0,10.0,6.66666985,-427.4599086929167,0.5060003995895386,0.5060003995895386,0.0,1.0,0.5994134270204544,0.5994390672266515,0.9999985652191872,0.9799985885620117,0.9999985162717107,0.9999999327293962,0.9999999228490554,0.9999998550568071,0.9999998411248502,1.6978565557970613,6.645941446292213,,996.9425374912689,False,False,False,,[]
25,25,26,True,1.0,1.0,25.0,26.0,25.0,26.0,26.0,0.0,6.66666985,3.33299995,-427.97285562119487,0.5060004591941833,0.5060004591941833,0.0,1.0,0.5994390672266515,0.5994531531529167,0.9999985162717107,0.9799985289573669,0.9999984896837336,0.9999999228490554,0.9999999155014249,0.9999998411248502,0.9999998327559241,0.9327305522150686,3.6510720879426395,,995.7288925573203,False,False,False,,[]
26,26,27,True,1.0,1.0,26.0,27.0,26.0,27.0,27.0,0.0,3.33299995,0.0,-428.14650719332445,0.5060004591941833,0.5060004591941833,0.0,1.0,0.5994531531529167,0.5994578501398562,0.9999984896837336,0.9799985289573669,0.9999984808989658,0.9999999155014249,0.999999913051385,0.9999998327559241,0.9999998299653371,0.31101549846354387,1.2174590147235302,,998.5799028816762,False,False,False,,[]
27,27,28,True,1.0,1.0,27.0,28.0,27.0,28.0,28.0,0.0,0.0,0.0,83.40462000000002,0.5060004591941833,0.5060004591941833,0.0,1.0,0.5994578501398562,0.5994578501398562,0.9999984808989658,0.9799985289573669,0.9999984808989658,0.999999913051385,0.999999913051385,0.9999998299653371,0.9999998299653371,-0.0,0.0,,1000.0,False,False,False,,[]
28,28,29,True,1.0,1.0,28.0,29.0,28.0,29.0,29.0,0.0,0.0,0.0,83.40462000000002,0.5060004591941833,0.5060004591941833,0.0,1.0,0.5994578501398562,0.5994578501398562,0.9999984808989658,0.9799985289573669,0.9999984808989658,0.999999913051385,0.999999913051385,0.9999998299653371,0.9999998299653371,-0.0,0.0,,1000.0,False,False,False,,[]
29,29,30,True,1.0,1.0,29.0,30.0,29.0,30.0,30.0,0.0,0.0,0.0,83.40462000000002,0.5060004591941833,0.5060004591941833,0.0,1.0,0.5994578501398562,0.5994578501398562,0.9999984808989658,0.9799985289573669,0.9999984808989658,0.999999913051385,0.999999913051385,0.9999998299653371,0.9999998299653371,-0.0,0.0,,1000.0,False,False,False,,[]
30,30,31,True,1.0,1.0,30.0,31.0,30.0,31.0,31.0,0.0,0.0,0.0,83.40462000000002,0.5060004591941833,0.5060004591941833,0.0,1.0,0.5994578501398562,0.5994578501398562,0.9999984808989658,0.9799985289573669,0.9999984808989658,0.999999913051385,0.999999913051385,0.9999998299653371,0.9999998299653371,-0.0,0.0,,1000.0,False,False,False,,[]
31,31,32,True,1.0,1.0,31.0,32.0,31.0,32.0,32.0,0.0,0.0,0.0,83.40462000000002,0.5060004591941833,0.5060004591941833,0.0,1.0,0.5994578501398562,0.5994578501398562,0.9999984808989658,0.9799985289573669,0.9999984808989658,0.999999913051385,0.999999913051385,0.9999998299653371,0.9999998299653371,-0.0,0.0,,1000.0,False,False,False,,[]
32,32,33,True,1.0,1.0,32.0,33.0,32.0,33.0,33.0,0.0,0.0,0.0,83.40462000000002,0.5060004591941833,0.5060004591941833,0.0,1.0,0.5994578501398562,0.5994578501398562,0.9999984808989658,0.9799985289573669,0.9999984808989658,0.999999913051385,0.999999913051385,0.9999998299653371,0.9999998299653371,-0.0,0.0,,1000.0,False,False,False,,[]
33,33,34,True,1.0,1.0,33.0,34.0,33.0,34.0,34.0,0.0,0.0,0.0,83.40462000000002,0.5060004591941833,0.5060004591941833,0.0,1.0,0.5994578501398562,0.5994578501398562,0.9999984808989658,0.9799985289573669,0.9999984808989658,0.999999913051385,0.999999913051385,0.9999998299653371,0.9999998299653371,-0.0,0.0,,1000.0,False,False,False,,[]
34,34,35,True,1.0,1.0,34.0,35.0,34.0,35.0,35.0,0.0,0.0,0.0,83.40462000000002,0.5060004591941833,0.5060004591941833,0.0,1.0,0.5994578501398562,0.5994578501398562,0.9999984808989658,0.9799985289573669,0.9999984808989658,0.999999913051385,0.999999913051385,0.9999998299653371,0.9999998299653371,-0.0,0.0,,1000.0,False,False,False,,[]
35,35,36,True,1.0,1.0,35.0,36.0,35.0,36.0,36.0,0.0,0.0,0.0,83.40462000000002,0.5060004591941833,0.5060004591941833,0.0,1.0,0.5994578501398562,0.5994578501398562,0.9999984808989658,0.9799985289573669,0.9999984808989658,0.999999913051385,0.999999913051385,0.9999998299653371,0.9999998299653371,-0.0,0.0,,1000.0,False,False,False,,[]
36,36,37,True,1.0,1.0,36.0,37.0,36.0,37.0,37.0,0.0,0.0,0.0,83.40462000000002,0.5060004591941833,0.5060004591941833,0.0,1.0,0.5994578501398562,0.5994578501398562,0.9999984808989658,0.9799985289573669,0.9999984808989658,0.999999913051385,0.999999913051385,0.9999998299653371,0.9999998299653371,-0.0,0.0,,1000.0,False,False,False,,[]
37,37,38,True,1.0,1.0,37.0,38.0,37.0,38.0,38.0,0.0,0.0,0.0,83.40462000000002,0.5060004591941833,0.5060004591941833,0.0,1.0,0.5994578501398562,0.5994578501398562,0.9999984808989658,0.9799985289573669,0.9999984808989658,0.999999913051385,0.999999913051385,0.9999998299653371,0.9999998299653371,-0.0,0.0,,1000.0,False,False,False,,[]
38,38,39,True,1.0,1.0,38.0,39.0,38.0,39.0,39.0,0.0,0.0,0.0,83.40462000000002,0.5060004591941833,0.5060004591941833,0.0,1.0,0.5994578501398562,0.5994578501398562,0.9999984808989658,0.9799985289573669,0.9999984808989658,0.999999913051385,0.999999913051385,0.9999998299653371,0.9999998299653371,-0.0,0.0,,1000.0,False,False,False,,[]
39,39,40,True,1.0,1.0,39.0,40.0,39.0,40.0,40.0,0.0,0.0,0.0,83.40462000000002,0.5060004591941833,0.5060004591941833,0.0,1.0,0.5994578501398562,0.5994578501398562,0.9999984808989658,0.9799985289573669,0.9999984808989658,0.999999913051385,0.999999913051385,0.9999998299653371,0.9999998299653371,-0.0,0.0,,1000.0,False,False,False,,[]
40,40,41,True,1.0,1.0,40.0,41.0,40.0,41.0,41.0,0.0,0.0,0.0,83.40462000000002,0.5060004591941833,0.5060004591941833,0.0,1.0,0.5994578501398562,0.5994578501398562,0.9999984808989658,0.9799985289573669,0.9999984808989658,0.999999913051385,0.999999913051385,0.9999998299653371,0.9999998299653371,-0.0,0.0,,1000.0,False,False,False,,[]
41,41,42,True,1.0,1.0,41.0,42.0,41.0,42.0,42.0,0.0,0.0,0.0,83.40462000000002,0.5060004591941833,0.5060004591941833,0.0,1.0,0.5994578501398562,0.5994578501398562,0.9999984808989658,0.9799985289573669,0.9999984808989658,0.999999913051385,0.999999913051385,0.9999998299653371,0.9999998299653371,-0.0,0.0,,1000.0,False,False,False,,[]
42,42,43,True,1.0,1.0,42.0,43.0,42.0,43.0,43.0,0.0,0.0,0.0,83.40462000000002,0.5060004591941833,0.5060004591941833,0.0,1.0,0.5994578501398562,0.5994578501398562,0.9999984808989658,0.9799985289573669,0.9999984808989658,0.999999913051385,0.999999913051385,0.9999998299653371,0.9999998299653371,-0.0,0.0,,1000.0,False,False,False,,[]
43,43,44,True,1.0,1.0,43.0,44.0,43.0,44.0,44.0,0.0,0.0,0.0,83.40462000000002,0.5060004591941833,0.5060004591941833,0.0,1.0,0.5994578501398562,0.5994578501398562,0.9999984808989658,0.9799985289573669,0.9999984808989658,0.999999913051385,0.999999913051385,0.9999998299653371,0.9999998299653371,-0.0,0.0,,1000.0,False,False,False,,[]
44,44,45,True,1.0,1.0,44.0,45.0,44.0,45.0,45.0,0.0,0.0,0.0,83.40462000000002,0.5060004591941833,0.5060004591941833,0.0,1.0,0.5994578501398562,0.5994578501398562,0.9999984808989658,0.9799985289573669,0.9999984808989658,0.999999913051385,0.999999913051385,0.9999998299653371,0.9999998299653371,-0.0,0.0,,1000.0,False,False,False,,[]
45,45,46,True,1.0,1.0,45.0,46.0,45.0,46.0,46.0,0.0,0.0,0.0,83.40462000000002,0.5060004591941833,0.5060004591941833,0.0,1.0,0.5994578501398562,0.5994578501398562,0.9999984808989658,0.9799985289573669,0.9999984808989658,0.999999913051385,0.999999913051385,0.9999998299653371,0.9999998299653371,-0.0,0.0,,1000.0,False,False,False,,[]
46,46,47,True,1.0,1.0,46.0,47.0,46.0,47.0,47.0,0.0,0.0,0.0,83.40462000000002,0.5060004591941833,0.5060004591941833,0.0,1.0,0.5994578501398562,0.5994578501398562,0.9999984808989658,0.9799985289573669,0.9999984808989658,0.999999913051385,0.999999913051385,0.9999998299653371,0.9999998299653371,-0.0,0.0,,1000.0,False,False,False,,[]
47,47,48,True,1.0,1.0,47.0,48.0,47.0,48.0,48.0,0.0,0.0,0.0,83.40462000000002,0.5060004591941833,0.5060004591941833,0.0,1.0,0.5994578501398562,0.5994578501398562,0.9999984808989658,0.9799985289573669,0.9999984808989658,0.999999913051385,0.999999913051385,0.9999998299653371,0.9999998299653371,-0.0,0.0,,1000.0,False,False,False,,[]
48,48,49,True,1.0,1.0,48.0,49.0,48.0,49.0,49.0,0.0,0.0,3.0,543.92962,0.5060004591941833,0.5060004591941833,0.0,1.0,0.5994578501398562,0.599437200172964,0.9999984808989658,0.9799985289573669,0.9999984416698953,0.999999913051385,0.999999910249764,0.9999998299653371,0.9999998267743003,-1.3673444444444445,-5.352471418473765,,970.3410110086314,False,False,False,,[]
49,49,50,True,1.0,1.0,49.0,50.0,49.0,50.0,50.0,0.0,3.0,6.0,544.0042684375,0.5060004591941833,0.5060004591941833,0.0,1.0,0.599437200172964,0.5993752333184719,0.9999984416698953,0.9799984693527222,0.9999983190949107,0.999999910249764,0.9999999018437474,0.9999998267743003,0.9999998171998761,-4.102596292892156,-16.061808684369336,,915.5792079627738,False,False,False,,[]
50,50,51,True,1.0,1.0,50.0,51.0,50.0,51.0,51.0,0.0,6.0,9.0,544.2282137500001,0.5060005187988281,0.5060005187988281,0.0,1.0,0.5993752333184719,0.5992718968252938,0.9999983190949107,0.9799983501434326,0.999998106245592,0.9999999018437474,0.9999998878279507,0.9999998171998761,0.9999998012359352,-6.840475285947714,-26.784819031764904,,866.0999420181117,False,False,False,,[]
51,51,52,True,1.0,1.0,51.0,52.0,51.0,52.0,52.0,0.0,9.0,12.0,544.6014559374998,0.5060005784034729,0.5060005784034729,0.0,1.0,0.5992718968252938,0.5991588618467214,0.999998106245592,0.9799981117248535,0.9999978712001342,0.9999998878279507,0.9999998838206905,0.9999998012359352,0.999999778871093,-7.481947246676206,-29.29866644597078,,859.9105701558422,False,False,False,,[]
52,52,53,True,1.0,1.0,52.0,53.0,52.0,53.0,53.0,0.0,12.0,15.0,545.1239950000004,0.5060006380081177,0.5060006380081177,0.0,1.0,0.5991588618467214,0.5990101787738163,0.9999978712001342,0.9799978733062744,0.9999975553464636,0.9999998838206905,0.999999876048491,0.999999778871093,0.9999997500887094,-9.840014993868175,-38.538652497003746,,821.8121954537808,False,False,False,,[]
53,53,54,True,1.0,1.0,53.0,54.0,53.0,54.0,54.0,0.0,15.0,15.0,85.27083093750002,0.5060007572174072,0.5060007572174072,0.0,1.0,0.5990101787738163,0.5989819836876041,0.9999975553464636,0.9799975752830505,0.9999975013869935,0.999999876048491,0.9999998729252706,0.9999997500887094,0.9999997452976421,-1.8665836806960747,-7.30816634621357,,960.1487191977977,False,False,False,,[]
54,54,55,True,1.0,1.0,54.0,55.0,54.0,55.0,55.0,0.0,15.0,15.0,85.27083093750002,0.5060007572174072,0.5060007572174072,0.0,1.0,0.5989819836876041,0.5989537884555163,0.9999975013869935,0.9799975156784058,0.9999974474272365,0.9999998729252706,0.9999998698020501,0.9999997452976421,0.9999997405065748,-1.8665836806960747,-7.3082041571630665,,960.1485582699704,False,False,False,,[]
55,55,56,True,1.0,1.0,55.0,56.0,55.0,56.0,56.0,0.0,15.0,18.39999962,607.1991059376664,0.5060007572174072,0.5060007572174072,0.0,1.0,0.5989537884555163,0.5987991721742427,0.9999974474272365,0.979997456073761,0.9999971197628506,0.9999998698020501,0.9999998626001491,0.9999997405065748,0.9999997243191006,-10.231800412676632,-40.0765401060939,,825.9192658707453,False,False,False,,[]
56,56,57,True,1.0,1.0,56.0,57.0,56.0,57.0,57.0,0.0,18.39999962,21.79999924,608.1410032175127,0.5060008764266968,0.5060008764266968,0.0,1.0,0.5987991721742427,0.598623732114181,0.9999971197628506,0.9799971580505371,0.9999967512209486,0.9999998626001491,0.9999998540341104,0.9999997243191006,0.999999714562428,-11.608389190913227,-45.474063568005455,,812.6005339486878,False,False,False,,[]
57,57,58,True,1.0,1.0,57.0,58.0,57.0,58.0,58.0,0.0,21.79999924,25.20000076,609.2749556619951,0.5060009956359863,0.5060009956359863,0.0,1.0,0.598623732114181,0.5984121093530829,0.9999967512209486,0.9799967408180237,0.9999963139050828,0.9999998540341104,0.999999841256994,0.999999714562428,0.9999997003465481,-13.999991564986104,-54.852619676628294,,779.8199175239541,False,False,False,,[]
58,58,59,True,1.0,1.0,58.0,59.0,58.0,59.0,59.0,0.0,25.20000076,28.60000038,610.6000890678702,0.5060011148452759,0.5060011148452759,0.0,1.0,0.5984121093530829,0.5981761831914261,0.9999963139050828,0.9799963235855103,0.9999958321182121,0.999999841256994,0.9999998296555732,0.9999997003465481,0.9999996872363172,-15.605369928062457,-61.152061101436615,,764.0490470989954,False,False,False,,[]
59,59,60,True,1.0,1.0,59.0,60.0,59.0,60.0,60.0,0.0,28.60000038,32.0,612.1172769512846,0.5060012340545654,0.5060012340545654,0.0,1.0,0.5981761831914261,0.5979083484560821,0.9999958321182121,0.979995846748352,0.9999952942114747,0.9999998296555732,0.9999998153728441,0.9999996872363172,0.9999996724323418,-17.712647145370653,-69.42276340116256,,740.3502122715996,False,False,False,,[]
60,60,61,True,1.0,1.0,60.0,61.0,60.0,61.0,61.0,0.0,32.0,32.0,91.89795333333335,0.5060014128684998,0.5060014128684998,0.0,1.0,0.5979083484560821,0.5978600474728535,0.9999952942114747,0.9799953103065491,0.9999951999373874,0.9999998153728441,0.9999998103130407,0.9999996724323418,0.99999966825462,-3.196171836215253,-12.519614852842844,,937.2370607449758,False,False,False,,[]
61,61,62,True,1.0,1.0,61.0,62.0,61.0,62.0,62.0,0.0,32.0,32.0,91.89795333333335,0.5060014724731445,0.5060014724731445,0.0,1.0,0.5978600474728535,0.5978117463273669,0.9999951999373874,0.9799951910972595,0.9999951056629683,0.9999998103130407,0.9999998052532371,0.99999966825462,0.9999996640768983,-3.1961718623740443,-12.519656910137838,,937.2368887828515,False,False,False,,[]
62,62,63,True,1.0,1.0,62.0,63.0,62.0,63.0,63.0,0.0,32.0,32.0,91.89795333333335,0.5060014724731445,0.5060014724731445,0.0,1.0,0.5978117463273669,0.5977634450235008,0.9999951056629683,0.9799951314926147,0.9999950113882257,0.9999998052532371,0.9999998001934334,0.9999996640768983,0.9999996598991766,-3.1961718623740443,-12.519697962092794,,937.2367212321636,False,False,False,,[]
63,63,64,True,1.0,1.0,63.0,64.0,63.0,64.0,64.0,0.0,32.0,32.0,91.89795333333335,0.5060014724731445,0.5060014724731445,0.0,1.0,0.5977634450235008,0.5977151435646458,0.9999950113882257,0.9799950122833252,0.9999949171131661,0.9999998001934334,0.9999997951336297,0.9999996598991766,0.9999996557214549,-3.1961718623740443,-12.51973813520265,,937.2365572548892,False,False,False,,[]
64,64,65,True,1.0,1.0,64.0,65.0,64.0,65.0,65.0,0.0,32.0,32.0,91.89795333333335,0.5060015320777893,0.5060015320777893,0.0,1.0,0.5977151435646458,0.5976668419537071,0.9999949171131661,0.9799949526786804,0.9999948228377957,0.9999997951336297,0.9999997900738257,0.9999996557214549,0.9999996515437332,-3.196171888532823,-12.519777555320571,,937.2363960635237,False,False,False,,[]
65,65,66,True,1.0,1.0,65.0,66.0,65.0,66.0,66.0,0.0,32.0,32.0,91.89795333333335,0.5060015320777893,0.5060015320777893,0.0,1.0,0.5976668419537071,0.5976185401942926,0.9999948228377957,0.9799948334693909,0.9999947285621218,0.9999997900738257,0.9999997850140216,0.9999996515437332,0.9999996473660114,-3.196171888532823,-12.519816040231314,,937.2362389777492,False,False,False,,[]
66,66,67,True,1.0,1.0,66.0,67.0,66.0,67.0,67.0,0.0,32.0,32.0,91.89795333333335,0.5060015916824341,0.5060015916824341,0.0,1.0,0.5976185401942926,0.5975702382891344,0.9999947285621218,0.9799947738647461,0.99999463428615,0.9999997850140216,0.9999997799542173,0.9999996473660114,0.9999996431882897,-3.196171914691587,-12.519853817028919,,937.2360844966788,False,False,False,,[]
67,67,68,True,1.0,1.0,67.0,68.0,67.0,68.0,68.0,0.0,32.0,32.0,91.89795333333335,0.5060015916824341,0.5060015916824341,0.0,1.0,0.5975702382891344,0.5975219362416718,0.99999463428615,0.9799946546554565,0.9999945400098873,0.9999997799542173,0.9999997748944129,0.9999996431882897,0.999999639010568,-3.196171914691587,-12.519890702287922,,937.2359339438951,False,False,False,,[]
68,68,69,True,1.0,1.0,68.0,69.0,68.0,69.0,69.0,0.0,32.0,32.0,91.89795333333335,0.5060016512870789,0.5060016512870789,0.0,1.0,0.5975219362416718,0.597473634054473,0.9999945400098873,0.979994535446167,0.999994445733339,0.9999997748944129,0.9999997698346083,0.999999639010568,0.9999996348328463,-3.1961719408503386,-12.519926921937998,,937.235785812661,False,False,False,,[]
69,69,70,True,1.0,1.0,69.0,70.0,69.0,70.0,70.0,0.0,32.0,32.0,91.89795333333335,0.5060016512870789,0.5060016512870789,0.0,1.0,0.597473634054473,0.5974253317308178,0.999994445733339,0.9799944758415222,0.9999943514565117,0.9999997698346083,0.9999997647748036,0.9999996348328463,0.9999996306551245,-3.1961719408503386,-12.519962291412229,,937.235641450159,False,False,False,,[]
70,70,71,True,1.0,1.0,70.0,71.0,70.0,71.0,71.0,0.0,32.0,32.0,91.89795333333335,0.5060017108917236,0.5060017108917236,0.0,1.0,0.5974253317308178,0.597377029273119,0.9999943514565117,0.9799943566322327,0.9999942571794105,0.9999997647748036,0.9999997597149985,0.9999996306551245,0.9999996264774028,-3.196171967009077,-12.519997035530922,,937.2354993435094,False,False,False,,[]
71,71,72,True,1.0,1.0,71.0,72.0,71.0,72.0,72.0,0.0,32.0,32.0,91.89795333333335,0.5060017108917236,0.5060017108917236,0.0,1.0,0.597377029273119,0.5973287266845054,0.9999942571794105,0.9799942970275879,0.9999941629020417,0.9999997597149985,0.9999997546551935,0.9999996264774028,0.9999996222996811,-3.196171967009077,-12.520030968631552,,937.2353608436002,False,False,False,,[]
72,72,73,True,1.0,1.0,72.0,73.0,72.0,73.0,73.0,0.0,32.0,32.0,91.89795333333335,0.5060017704963684,0.5060017704963684,0.0,1.0,0.5973287266845054,0.5972804239672427,0.9999941629020417,0.9799941778182983,0.9999940686244099,0.9999997546551935,0.9999997495953882,0.9999996222996811,0.9999996181219594,-3.1961719931678028,-12.52006431449841,,937.2352244410636,False,False,False,,[]
73,73,74,True,1.0,1.0,73.0,74.0,73.0,74.0,74.0,0.0,32.0,32.0,91.89795333333335,0.5060017704963684,0.5060017704963684,0.0,1.0,0.5972804239672427,0.5972321211243166,0.9999940686244099,0.9799940586090088,0.9999939743465213,0.9999997495953882,0.9999997445355828,0.9999996181219594,0.9999996139442376,-3.1961719931678028,-12.520096886446701,,937.2350915000499,False,False,False,,[]
74,74,75,True,1.0,1.0,74.0,75.0,74.0,75.0,75.0,0.0,32.0,32.0,91.89795333333335,0.5060018301010132,0.5060018301010132,0.0,1.0,0.5972321211243166,0.5971838181578534,0.9999939743465213,0.979993999004364,0.9999938800683801,0.9999997445355828,0.9999997394757771,0.9999996139442376,0.9999996097665159,-3.1961720193265144,-12.520128907247623,,937.2349605048535,False,False,False,,[]
75,75,76,True,1.0,1.0,75.0,76.0,75.0,76.0,76.0,0.0,32.0,32.0,91.89795333333335,0.5060018301010132,0.5060018301010132,0.0,1.0,0.5971838181578534,0.5971355150707034,0.9999938800683801,0.9799938797950745,0.9999937857899922,0.9999997394757771,0.9999997344159715,0.9999996097665159,0.9999996055887942,-3.1961720193265144,-12.520160189267465,,937.2348328228426,False,False,False,,[]
76,76,77,True,1.0,1.0,76.0,77.0,76.0,77.0,77.0,0.0,32.0,32.0,91.89795333333335,0.5060018301010132,0.5060018301010132,0.0,1.0,0.5971355150707034,0.5970872118652565,0.9999937857899922,0.9799938201904297,0.9999936915113625,0.9999997344159715,0.9999997293561658,0.9999996055887942,0.9999996014110725,-3.1961720193265144,-12.520190851840734,,937.2347076692473,False,False,False,,[]
77,77,78,True,1.0,1.0,77.0,78.0,77.0,78.0,78.0,0.0,32.0,32.0,91.89795333333335,0.506001889705658,0.506001889705658,0.0,1.0,0.5970872118652565,0.5970389085434438,0.9999936915113625,0.9799937009811401,0.999993597232495,0.9999997293561658,0.9999997242963597,0.9999996014110725,0.9999995972333507,-3.196172045485213,-12.520221013866442,,937.2345842705134,False,False,False,,[]
78,78,79,True,1.0,1.0,78.0,79.0,78.0,79.0,79.0,0.0,32.0,32.0,91.89795333333335,0.506001889705658,0.506001889705658,0.0,1.0,0.5970389085434438,0.5969906051079255,0.999993597232495,0.9799936413764954,0.9999935029533952,0.9999997242963597,0.9999997192365537,0.9999995972333507,0.999999593055629,-3.196172045485213,-12.52025048633564,,937.2344639789901,False,False,False,,[]
79,79,80,True,1.0,1.0,79.0,80.0,79.0,80.0,80.0,0.0,32.0,32.0,91.89795333333335,0.5060019493103027,0.5060019493103027,0.0,1.0,0.5969906051079255,0.5969423015605112,0.9999935029533952,0.9799935221672058,0.9999934086740665,0.9999997192365537,0.9999997141767474,0.999999593055629,0.9999995888779073,-3.1961720716438986,-12.520279489764114,,937.2343452966255,False,False,False,,[]
80,80,81,True,1.0,1.0,80.0,81.0,80.0,81.0,81.0,0.0,32.0,32.0,91.89795333333335,0.5060019493103027,0.5060019493103027,0.0,1.0,0.5969423015605112,0.5968939979037431,0.9999934086740665,0.9799934029579163,0.9999933143945143,0.9999997141767474,0.999999709116941,0.9999995888779073,0.9999995847001856,-3.1961720716438986,-12.520307834299436,,937.2342296079507,False,False,False,,[]
81,81,82,True,1.0,1.0,81.0,82.0,81.0,82.0,82.0,0.0,32.0,32.0,91.89795333333335,0.5060020089149475,0.5060020089149475,0.0,1.0,0.5968939979037431,0.5968456941393155,0.9999933143945143,0.9799933433532715,0.9999932201147421,0.999999709116941,0.9999997040571343,0.9999995847001856,0.9999995805224638,-3.1961720978025707,-12.520335739627663,,937.2341154174507,False,False,False,,[]
82,82,83,True,1.0,1.0,82.0,83.0,82.0,83.0,83.0,0.0,32.0,32.0,91.89795333333335,0.5060020089149475,0.5060020089149475,0.0,1.0,0.5968456941393155,0.5967973902696585,0.9999932201147421,0.9799932241439819,0.9999931258347549,0.9999997040571343,0.9999996989973277,0.9999995805224638,0.9999995763447421,-3.1961720978025707,-12.52036301509872,,937.2340040928818,False,False,False,,[]
83,83,84,True,1.0,1.0,83.0,84.0,83.0,84.0,84.0,0.0,32.0,32.0,91.89795333333335,0.5060020685195923,0.5060020685195923,0.0,1.0,0.5967973902696585,0.5967490862963575,0.9999931258347549,0.9799931645393372,0.9999930315545557,0.9999996989973277,0.9999996939375206,0.9999995763447421,0.9999995721670204,-3.19617212396123,-12.520389879619364,,937.2338941415582,False,False,False,,[]
84,84,85,True,1.0,1.0,84.0,85.0,84.0,85.0,85.0,0.0,32.0,29.25,-330.2499633333336,0.5060020685195923,0.5060020685195923,0.0,1.0,0.5967490862963575,0.5968630336774364,0.9999930315545557,0.9799930453300476,0.9999927944002605,0.9999996939375206,0.9999996830408311,0.9999995721670204,0.9999995640686153,7.543492840248617,29.535161175651353,,1076.7007794005747,False,False,False,,[]
85,85,86,True,1.0,1.0,85.0,86.0,85.0,86.0,86.0,0.0,29.25,26.5,-331.6470295768232,0.5060021877288818,0.5060021877288818,0.0,1.0,0.5968630336774364,0.5969593019133654,0.9999927944002605,0.9799928069114685,0.9999925974762983,0.9999996830408311,0.9999996697442222,0.9999995640686153,0.9999995506912229,6.373192136744035,24.95272675279954,,1052.5228238405284,False,False,False,,[]
86,86,87,True,1.0,1.0,86.0,87.0,86.0,87.0,87.0,0.0,26.5,23.75,-332.91864497395807,0.5060021877288818,0.5060021877288818,0.0,1.0,0.5969593019133654,0.5970487459062304,0.9999925974762983,0.9799926280975342,0.9999924157292327,0.9999996697442222,0.9999996601823006,0.9999995506912229,0.9999995386402546,5.921635696873881,23.18388295058808,,1052.2509923691412,False,False,False,,[]
87,87,88,True,1.0,1.0,87.0,88.0,87.0,88.0,88.0,0.0,23.75,21.0,-334.06480952473987,0.5060022473335266,0.5060022473335266,0.0,1.0,0.5970487459062304,0.5971208878290888,0.9999924157292327,0.9799924492835999,0.999992271599676,0.9999996601823006,0.9999996432474418,0.9999995386402546,0.9999995279147924,4.776154805893541,18.699186404912524,,1031.0007983003734,False,False,False,,[]
88,88,89,True,1.0,1.0,88.0,89.0,88.0,89.0,89.0,0.0,21.0,18.25,-335.0855232291664,0.5060023069381714,0.5060023069381714,0.0,1.0,0.5971208878290888,0.597197289983051,0.999992271599676,0.9799922704696655,0.9999921183212875,0.9999996432474418,0.9999996386390834,0.9999995279147924,0.9999995226659265,5.058502610286454,19.803438307006203,,1053.9818858983995,False,False,False,,[]
89,89,90,True,1.0,1.0,89.0,90.0,89.0,90.0,90.0,0.0,18.25,15.5,-335.98078608723984,0.5060023665428162,0.5060023665428162,0.0,1.0,0.597197289983051,0.597258308113133,0.9999921183212875,0.979992151260376,0.9999919977349183,0.9999996386390834,0.9999996340708195,0.9999995226659265,0.9999995127597844,4.039934880409622,15.815899317239486,,1035.7167835459254,False,False,False,,[]
90,90,91,True,1.0,1.0,90.0,91.0,90.0,91.0,91.0,0.0,15.5,12.75,-336.75059809895833,0.5060023665428162,0.5060023665428162,0.0,1.0,0.597258308113133,0.5972987786262705,0.9999919977349183,0.9799920320510864,0.9999919193471587,0.9999996340708195,0.999999627557636,0.9999995127597844,0.9999994941563554,2.6794320702125076,10.489957005240337,,1007.5720294651125,False,False,False,,[]
91,91,92,True,1.0,1.0,91.0,92.0,91.0,92.0,92.0,0.0,12.75,10.0,-337.39495926432295,0.5060024261474609,0.5060024261474609,0.0,1.0,0.5972987786262705,0.597332051774053,0.9999919193471587,0.9799919128417969,0.9999918553522263,0.999999627557636,0.9999996229672558,0.9999994941563554,0.999999479146168,2.2029284544660706,8.624399905254304,,1007.3263722762983,False,False,False,,[]
92,92,93,True,1.0,1.0,92.0,93.0,92.0,93.0,93.0,0.0,10.0,6.66666698,-427.4603492618334,0.5060024261474609,0.5060024261474609,0.0,1.0,0.597332051774053,0.5973576963211152,0.9999918553522263,0.9799918532371521,0.9999918063962552,0.9999996229672558,0.9999996130868787,0.999999479146168,0.9999994652142563,1.697859325327755,6.64706659852109,,996.9460165244666,False,False,False,,[]
93,93,94,True,1.0,1.0,93.0,94.0,93.0,94.0,94.0,0.0,6.66666698,3.33333325,-427.92125104217246,0.5060024261474609,0.5060024261474609,0.0,1.0,0.5973576963211152,0.5973717833190612,0.9999918063962552,0.9799918532371521,0.9999917798062273,0.9999996130868787,0.9999996057398628,0.9999994652142563,0.9999994568460961,0.932648901927454,3.6513498675793516,,995.7311205702308,False,False,False,,[]
94,94,95,True,1.0,1.0,94.0,95.0,94.0,95.0,95.0,0.0,3.33333325,0.0,-428.1976530918764,0.5060024857521057,0.5060024857521057,0.0,1.0,0.5973717833190612,0.5973764820871461,0.9999917798062273,0.9799917936325073,0.9999917710181129,0.9999996057398628,0.9999996032892755,0.9999994568460961,0.9999994540549082,0.3110837572896537,1.2179206876106903,,998.580200100931,False,False,False,,[]
95,95,96,True,1.0,1.0,95.0,96.0,95.0,96.0,96.0,0.0,0.0,0.0,83.40462000000002,0.5060024857521057,0.5060024857521057,0.0,1.0,0.5973764820871461,0.5973764820871461,0.9999917710181129,0.9799917936325073,0.9999917710181129,0.9999996032892755,0.9999996032892755,0.9999994540549082,0.9999994540549082,-0.0,0.0,,1000.0,False,False,False,,[]
96,96,97,True,1.0,1.0,96.0,97.0,96.0,97.0,97.0,0.0,0.0,0.0,83.40462000000002,0.5060024857521057,0.5060024857521057,0.0,1.0,0.5973764820871461,0.5973764820871461,0.9999917710181129,0.9799917936325073,0.9999917710181129,0.9999996032892755,0.9999996032892755,0.9999994540549082,0.9999994540549082,-0.0,0.0,,1000.0,False,False,False,,[]
97,97,98,True,1.0,1.0,97.0,98.0,97.0,98.0,98.0,0.0,0.0,0.0,83.40462000000002,0.5060024857521057,0.5060024857521057,0.0,1.0,0.5973764820871461,0.5973764820871461,0.9999917710181129,0.9799917936325073,0.9999917710181129,0.9999996032892755,0.9999996032892755,0.9999994540549082,0.9999994540549082,-0.0,0.0,,1000.0,False,False,False,,[]
98,98,99,True,1.0,1.0,98.0,99.0,98.0,99.0,99.0,0.0,0.0,0.0,83.40462000000002,0.5060024857521057,0.5060024857521057,0.0,1.0,0.5973764820871461,0.5973764820871461,0.9999917710181129,0.9799917936325073,0.9999917710181129,0.9999996032892755,0.9999996032892755,0.9999994540549082,0.9999994540549082,-0.0,0.0,,1000.0,False,False,False,,[]
99,99,100,True,1.0,1.0,99.0,100.0,99.0,100.0,100.0,0.0,0.0,0.0,83.40462000000002,0.5060024857521057,0.5060024857521057,0.0,1.0,0.5973764820871461,0.5973764820871461,0.9999917710181129,0.9799917936325073,0.9999917710181129,0.9999996032892755,0.9999996032892755,0.9999994540549082,0.9999994540549082,-0.0,0.0,,1000.0,False,False,False,,[]
100,100,101,True,1.0,1.0,100.0,101.0,100.0,101.0,101.0,0.0,0.0,0.0,83.40462000000002,0.5060024857521057,0.5060024857521057,0.0,1.0,0.5973764820871461,0.5973764820871461,0.9999917710181129,0.9799917936325073,0.9999917710181129,0.9999996032892755,0.9999996032892755,0.9999994540549082,0.9999994540549082,-0.0,0.0,,1000.0,False,False,False,,[]
101,101,102,True,1.0,1.0,101.0,102.0,101.0,102.0,102.0,0.0,0.0,0.0,83.40462000000002,0.5060024857521057,0.5060024857521057,0.0,1.0,0.5973764820871461,0.5973764820871461,0.9999917710181129,0.9799917936325073,0.9999917710181129,0.9999996032892755,0.9999996032892755,0.9999994540549082,0.9999994540549082,-0.0,0.0,,1000.0,False,False,False,,[]
102,102,103,True,1.0,1.0,102.0,103.0,102.0,103.0,103.0,0.0,0.0,0.0,83.40462000000002,0.5060024857521057,0.5060024857521057,0.0,1.0,0.5973764820871461,0.5973764820871461,0.9999917710181129,0.9799917936325073,0.9999917710181129,0.9999996032892755,0.9999996032892755,0.9999994540549082,0.9999994540549082,-0.0,0.0,,1000.0,False,False,False,,[]
103,103,104,True,1.0,1.0,103.0,104.0,103.0,104.0,104.0,0.0,0.0,0.0,83.40462000000002,0.5060024857521057,0.5060024857521057,0.0,1.0,0.5973764820871461,0.5973764820871461,0.9999917710181129,0.9799917936325073,0.9999917710181129,0.9999996032892755,0.9999996032892755,0.9999994540549082,0.9999994540549082,-0.0,0.0,,1000.0,False,False,False,,[]
104,104,105,True,1.0,1.0,104.0,105.0,104.0,105.0,105.0,0.0,0.0,0.0,83.40462000000002,0.5060024857521057,0.5060024857521057,0.0,1.0,0.5973764820871461,0.5973764820871461,0.9999917710181129,0.9799917936325073,0.9999917710181129,0.9999996032892755,0.9999996032892755,0.9999994540549082,0.9999994540549082,-0.0,0.0,,1000.0,False,False,False,,[]
105,105,106,True,1.0,1.0,105.0,106.0,105.0,106.0,106.0,0.0,0.0,0.0,83.40462000000002,0.5060024857521057,0.5060024857521057,0.0,1.0,0.5973764820871461,0.5973764820871461,0.9999917710181129,0.9799917936325073,0.9999917710181129,0.9999996032892755,0.9999996032892755,0.9999994540549082,0.9999994540549082,-0.0,0.0,,1000.0,False,False,False,,[]
106,106,107,True,1.0,1.0,106.0,107.0,106.0,107.0,107.0,0.0,0.0,0.0,83.40462000000002,0.5060024857521057,0.5060024857521057,0.0,1.0,0.5973764820871461,0.5973764820871461,0.9999917710181129,0.9799917936325073,0.9999917710181129,0.9999996032892755,0.9999996032892755,0.9999994540549082,0.9999994540549082,-0.0,0.0,,1000.0,False,False,False,,[]
107,107,108,True,1.0,1.0,107.0,108.0,107.0,108.0,108.0,0.0,0.0,0.0,83.40462000000002,0.5060024857521057,0.5060024857521057,0.0,1.0,0.5973764820871461,0.5973764820871461,0.9999917710181129,0.9799917936325073,0.9999917710181129,0.9999996032892755,0.9999996032892755,0.9999994540549082,0.9999994540549082,-0.0,0.0,,1000.0,False,False,False,,[]
108,108,109,True,1.0,1.0,108.0,109.0,108.0,109.0,109.0,0.0,0.0,0.0,83.40462000000002,0.5060024857521057,0.5060024857521057,0.0,1.0,0.5973764820871461,0.5973764820871461,0.9999917710181129,0.9799917936325073,0.9999917710181129,0.9999996032892755,0.9999996032892755,0.9999994540549082,0.9999994540549082,-0.0,0.0,,1000.0,False,False,False,,[]
109,109,110,True,1.0,1.0,109.0,110.0,109.0,110.0,110.0,0.0,0.0,0.0,83.40462000000002,0.5060024857521057,0.5060024857521057,0.0,1.0,0.5973764820871461,0.5973764820871461,0.9999917710181129,0.9799917936325073,0.9999917710181129,0.9999996032892755,0.9999996032892755,0.9999994540549082,0.9999994540549082,-0.0,0.0,,1000.0,False,False,False,,[]
110,110,111,True,1.0,1.0,110.0,111.0,110.0,111.0,111.0,0.0,0.0,0.0,83.40462000000002,0.5060024857521057,0.5060024857521057,0.0,1.0,0.5973764820871461,0.5973764820871461,0.9999917710181129,0.9799917936325073,0.9999917710181129,0.9999996032892755,0.9999996032892755,0.9999994540549082,0.9999994540549082,-0.0,0.0,,1000.0,False,False,False,,[]
111,111,112,True,1.0,1.0,111.0,112.0,111.0,112.0,112.0,0.0,0.0,0.0,83.40462000000002,0.5060024857521057,0.5060024857521057,0.0,1.0,0.5973764820871461,0.5973764820871461,0.9999917710181129,0.9799917936325073,0.9999917710181129,0.9999996032892755,0.9999996032892755,0.9999994540549082,0.9999994540549082,-0.0,0.0,,1000.0,False,False,False,,[]
112,112,113,True,1.0,1.0,112.0,113.0,112.0,113.0,113.0,0.0,0.0,0.0,83.40462000000002,0.5060024857521057,0.5060024857521057,0.0,1.0,0.5973764820871461,0.5973764820871461,0.9999917710181129,0.9799917936325073,0.9999917710181129,0.9999996032892755,0.9999996032892755,0.9999994540549082,0.9999994540549082,-0.0,0.0,,1000.0,False,False,False,,[]
113,113,114,True,1.0,1.0,113.0,114.0,113.0,114.0,114.0,0.0,0.0,0.0,83.40462000000002,0.5060024857521057,0.5060024857521057,0.0,1.0,0.5973764820871461,0.5973764820871461,0.9999917710181129,0.9799917936325073,0.9999917710181129,0.9999996032892755,0.9999996032892755,0.9999994540549082,0.9999994540549082,-0.0,0.0,,1000.0,False,False,False,,[]
114,114,115,True,1.0,1.0,114.0,115.0,114.0,115.0,115.0,0.0,0.0,0.0,83.40462000000002,0.5060024857521057,0.5060024857521057,0.0,1.0,0.5973764820871461,0.5973764820871461,0.9999917710181129,0.9799917936325073,0.9999917710181129,0.9999996032892755,0.9999996032892755,0.9999994540549082,0.9999994540549082,-0.0,0.0,,1000.0,False,False,False,,[]
115,115,116,True,1.0,1.0,115.0,116.0,115.0,116.0,116.0,0.0,0.0,0.0,83.40462000000002,0.5060024857521057,0.5060024857521057,0.0,1.0,0.5973764820871461,0.5973764820871461,0.9999917710181129,0.9799917936325073,0.9999917710181129,0.9999996032892755,0.9999996032892755,0.9999994540549082,0.9999994540549082,-0.0,0.0,,1000.0,False,False,False,,[]
116,116,117,True,1.0,1.0,116.0,117.0,116.0,117.0,117.0,0.0,0.0,3.0,543.92962,0.5060024857521057,0.5060024857521057,0.0,1.0,0.5973764820871461,0.5973558300530922,0.9999917710181129,0.9799917936325073,0.999991731785036,0.9999996032892755,0.9999996004876432,0.9999994540549082,0.9999994508638844,-1.3673444444444443,-5.353007226763258,,970.3386891038939,False,False,False,,[]
117,117,118,True,1.0,1.0,117.0,118.0,117.0,118.0,118.0,0.0,3.0,6.0,544.0042684375,0.5060024857521057,0.5060024857521057,0.0,1.0,0.5973558300530922,0.5972938571139805,0.999991731785036,0.9799917340278625,0.9999916091972859,0.9999996004876432,0.999999592081593,0.9999994508638844,0.9999994412894995,-4.102596292892156,-16.06338581775122,,915.5730419013083,False,False,False,,[]
118,118,119,True,1.0,1.0,118.0,119.0,118.0,119.0,119.0,0.0,6.0,9.0,544.2282137500001,0.5060025453567505,0.5060025453567505,0.0,1.0,0.5972938571139805,0.5971905106644098,0.9999916091972859,0.979991614818573,0.9999913963253861,0.999999592081593,0.9999995780657401,0.9999994412894995,0.9999994253256241,-6.840475285947714,-26.787399728752625,,866.0907867353008,False,False,False,,[]
119,119,120,True,1.0,1.0,119.0,120.0,119.0,120.0,120.0,0.0,9.0,12.0,544.6014559374998,0.5060025453567505,0.5060025453567505,0.0,1.0,0.5971905106644098,0.5970774651210613,0.9999913963253861,0.9799914360046387,0.9999911612555303,0.9999995780657401,0.9999995740584644,0.9999994253256241,0.999999402960871,-7.481939078441642,-29.301404835908237,,859.9010084301832,False,False,False,,[]
120,120,121,True,1.0,1.0,120.0,121.0,120.0,121.0,121.0,0.0,12.0,15.0,545.1239950000004,0.50600266456604,0.50600266456604,0.0,1.0,0.5970774651210613,0.5969287684011861,0.9999911612555303,0.9799911975860596,0.9999908453746128,0.9999995740584644,0.9999995662862373,0.999999402960871,0.9999993741786055,-9.840004712149621,-38.54218979165305,,821.8011996908319,False,False,False,,[]
121,121,122,True,1.0,1.0,121.0,122.0,121.0,122.0,122.0,0.0,15.0,15.0,85.27083093750002,0.5060027241706848,0.5060027241706848,0.0,1.0,0.5969287684011861,0.5969005707699063,0.9999908453746128,0.9799908399581909,0.9999907914101376,0.9999995662862373,0.9999995631630098,0.9999993741786055,0.9999993693875575,-1.8665821656953012,-7.308826027722702,,960.1459227897193,False,False,False,,[]
122,122,123,True,1.0,1.0,122.0,123.0,122.0,123.0,123.0,0.0,15.0,15.0,85.27083093750002,0.5060027241706848,0.5060027241706848,0.0,1.0,0.5969005707699063,0.5968723730406358,0.9999907914101376,0.9799908399581909,0.9999907374454696,0.9999995631630098,0.9999995600397822,0.9999993693875575,0.9999993645965095,-1.8665821656953012,-7.308851426925443,,960.1458146861896,False,False,False,,[]
123,123,124,True,1.0,1.0,123.0,124.0,123.0,124.0,124.0,0.0,15.0,17.22220039,426.39710913908345,0.5060027837753296,0.5060027837753296,0.0,1.0,0.5968723730406358,0.5967603488752073,0.9999907374454696,0.9799907803535461,0.9999905047321327,0.9999995600397822,0.9999995552256192,0.9999993645965095,0.9999993484376355,-7.413591680602352,-29.036663679058226,,864.8510002500808,False,False,False,,[]
124,124,125,True,1.0,1.0,124.0,125.0,124.0,125.0,125.0,0.0,17.22220039,19.44440079,426.99101518791775,0.5060028433799744,0.5060028433799744,0.0,1.0,0.5967603488752073,0.5966416282806578,0.9999905047321327,0.979990541934967,0.9999902564870589,0.9999995552256192,0.9999995447582738,0.9999993484376355,0.9999993421893759,-7.856283115812745,-30.772378107249942,,861.8752613229586,False,False,False,,[]
125,125,126,True,1.0,1.0,125.0,126.0,125.0,126.0,126.0,0.0,19.44440079,21.66659927,427.6665420835615,0.5060029029846191,0.5060029029846191,0.0,1.0,0.5966416282806578,0.5965154624983006,0.9999902564870589,0.9799903035163879,0.9999899907456117,0.9999995447582738,0.9999995385977908,0.9999993421893759,0.9999993351726755,-8.348432686257024,-32.70217078698392,,857.693905482455,False,False,False,,[]
126,126,127,True,1.0,1.0,126.0,127.0,126.0,127.0,127.0,0.0,21.66659927,23.88879967,428.4245748765282,0.5060030221939087,0.5060030221939087,0.0,1.0,0.5965154624983006,0.5963597425073657,0.9999899907456117,0.9799900054931641,0.9999896608920285,0.9999995385977908,0.99999952429189,0.9999993351726755,0.9999993219092511,-10.302648962517909,-40.362621650316555,,822.1827034934985,False,False,False,,[]
127,127,128,True,1.0,1.0,127.0,128.0,127.0,128.0,128.0,0.0,23.88879967,26.11100006,429.2642291331187,0.5060030817985535,0.5060030817985535,0.0,1.0,0.5963597425073657,0.596195026335031,0.9999896608920285,0.9799897074699402,0.9999893132879746,0.99999952429189,0.9999995134335865,0.9999993219092511,0.99999930717305,-10.896954153489988,-42.694431869155245,,816.2791648649645,False,False,False,,[]
128,128,129,True,1.0,1.0,128.0,129.0,128.0,129.0,129.0,0.0,26.11100006,28.33320045,430.18580203586635,0.506003201007843,0.506003201007843,0.0,1.0,0.596195026335031,0.5960160396248338,0.9999893132879746,0.9799893498420715,0.9999889378755943,0.9999995134335865,0.9999994998080278,0.99999930717305,0.9999992938417608,-11.839838040387662,-46.39335528310543,,804.1915776881177,False,False,False,,[]
129,129,130,True,1.0,1.0,129.0,130.0,129.0,130.0,130.0,0.0,28.33320045,30.55540085,431.18929358836357,0.5060033202171326,0.5060033202171326,0.0,1.0,0.5960160396248338,0.5958307056439454,0.9999889378755943,0.9799889326095581,0.9999885502359318,0.9999994998080278,0.9999994883486294,0.9999992938417608,0.999999283708051,-12.258715817781399,-48.038567846296864,,802.7672637800018,False,False,False,,[]
130,130,131,True,1.0,1.0,130.0,131.0,130.0,131.0,131.0,0.0,30.55540085,32.77759933,432.2744059895129,0.5060034394264221,0.5060034394264221,0.0,1.0,0.5958307056439454,0.5956262234313234,0.9999885502359318,0.9799885749816895,0.9999881262557089,0.9999994883486294,0.9999994746890745,0.999999283708051,0.9999992698294777,-13.523603082758457,-53.00178951160209,,784.6716815492073,False,False,False,,[]
131,131,132,True,1.0,1.0,131.0,132.0,131.0,132.0,132.0,0.0,32.77759933,35.0,433.47276704801527,0.5060035586357117,0.5060035586357117,0.0,1.0,0.5956262234313234,0.5954062885259181,0.9999881262557089,0.979988157749176,0.9999876735683748,0.9999994746890745,0.9999994631690144,0.9999992698294777,0.9999992509827244,-14.543878542992784,-57.007127481062795,,771.8607647273539,False,False,False,,[]
132,132,133,True,1.0,1.0,132.0,133.0,132.0,133.0,133.0,0.0,35.0,35.0,93.56510177083334,0.5060036778450012,0.5060036778450012,0.0,1.0,0.5954062885259181,0.5953522561801704,0.9999876735683748,0.9799876809120178,0.9999875675148292,0.9999994631690144,0.9999994569015134,0.9999992509827244,0.9999992470675991,-3.574662576905597,-14.005184017827517,,930.3880613768457,False,False,False,,[]
133,133,134,True,1.0,1.0,133.0,134.0,133.0,134.0,134.0,0.0,35.0,35.0,93.56510177083334,0.506003737449646,0.506003737449646,0.0,1.0,0.5953522561801704,0.5952982237581538,0.9999875675148292,0.9799875617027283,0.9999874614611259,0.9999994569015134,0.9999994506340117,0.9999992470675991,0.9999992431524737,-3.5746626464426807,-14.00520378671254,,930.3879810374384,False,False,False,,[]
134,134,135,True,1.0,1.0,134.0,135.0,134.0,135.0,135.0,0.0,35.0,36.875,381.3932267708337,0.506003737449646,0.506003737449646,0.0,1.0,0.5952982237581538,0.5951013249439389,0.9999874614611259,0.9799875020980835,0.9999870517734105,0.9999994506340117,0.9999994409756915,0.9999992431524737,0.9999992322124133,-13.020502890805485,-51.036172644497555,,794.6182309888283,False,False,False,,[]
135,135,136,True,1.0,1.0,135.0,136.0,135.0,136.0,136.0,0.0,36.875,38.75,382.5110093636071,0.5060038566589355,0.5060038566589355,0.0,1.0,0.5951013249439389,0.5948933506763353,0.9999870517734105,0.9799870848655701,0.9999866212564977,0.9999994409756915,0.9999994306320008,0.9999992322124133,0.999999220667834,-13.751574280817215,-53.90693016283326,,785.5988858718109,False,False,False,,[]
136,136,137,True,1.0,1.0,136.0,137.0,136.0,137.0,137.0,0.0,38.75,40.625,383.68711104817646,0.5060039758682251,0.5060039758682251,0.0,1.0,0.5948933506763353,0.5946741685616211,0.9999866212564977,0.9799866676330566,0.9999861699544556,0.9999994306320008,0.9999994195678068,0.999999220667834,0.9999992085135431,-14.491207029183672,-56.812004133926244,,776.6804468008188,False,False,False,,[]
137,137,138,True,1.0,1.0,137.0,138.0,137.0,138.0,138.0,0.0,40.625,42.5,384.9215318245446,0.5060041546821594,0.5060041546821594,0.0,1.0,0.5946741685616211,0.5944435940456719,0.9999861699544556,0.9799861907958984,0.9999856978357246,0.9999994195678068,0.9999994077074895,0.9999992085135431,0.9999991957440874,-15.242836783176068,-59.76491453404448,,767.8037398027755,False,False,False,,[]
138,138,139,True,1.0,1.0,138.0,139.0,138.0,139.0,139.0,0.0,42.5,44.375,386.2142716927087,0.506004273891449,0.506004273891449,0.0,1.0,0.5944435940456719,0.594201394574692,0.9999856978357246,0.9799857139587402,0.9999852048073572,0.9999994077074895,0.9999993949393685,0.9999991957440874,0.999999182353749,-16.009621912926733,-62.77810287798502,,758.9206759113741,False,False,False,,[]
139,139,140,True,1.0,1.0,139.0,140.0,139.0,140.0,140.0,0.0,44.375,46.25,387.56533065266865,0.5060044527053833,0.5060044527053833,0.0,1.0,0.594201394574692,0.5939464165834898,0.9999852048073572,0.979985237121582,0.9999846891924724,0.9999993949393685,0.9999993810870043,0.999999182353749,0.9999991674952523,-16.85237244073013,-66.09029531961508,,748.923231546701,False,False,False,,[]
140,140,141,True,1.0,1.0,140.0,141.0,140.0,141.0,141.0,0.0,46.25,48.125,388.9747087044274,0.5060045719146729,0.5060045719146729,0.0,1.0,0.5939464165834898,0.5936784026050054,0.9999846891924724,0.979984700679779,0.9999841509780812,0.9999993810870043,0.9999993656517975,0.9999991674952523,0.9999991516236285,-17.71186897957613,-69.46922322316962,,739.0206028596739,False,False,False,,[]
141,141,142,True,1.0,1.0,141.0,142.0,141.0,142.0,142.0,0.0,48.125,50.0,390.4424058479821,0.5060047507286072,0.5060047507286072,0.0,1.0,0.5936784026050054,0.5933987952397453,0.9999841509780812,0.9799841642379761,0.9999835930509156,0.9999993656517975,0.9999993501118619,0.9999991516236285,0.9999991345222544,-18.475856747356282,-72.47422907542867,,730.9720350749303,False,False,False,,[]
142,142,143,True,1.0,1.0,142.0,143.0,142.0,143.0,143.0,0.0,50.0,50.0,104.14029708333334,0.5060049295425415,0.5060049295425415,0.0,1.0,0.5933987952397453,0.5933104371919488,0.9999835930509156,0.9799836277961731,0.9999834137010849,0.9999993501118619,0.9999993421312902,0.9999991345222544,0.999999123838257,-5.841541985565342,-22.902405988843604,,888.9223913186854,False,False,False,,[]
143,143,144,True,1.0,1.0,143.0,144.0,143.0,144.0,144.0,0.0,50.0,50.0,104.14029708333334,0.5060049891471863,0.5060049891471863,0.0,1.0,0.5933104371919488,0.5932220790635153,0.9999834137010849,0.9799834489822388,0.9999832343510765,0.9999993421312902,0.9999993341507178,0.999999123838257,0.9999991131542603,-5.841541977370492,-22.902426889948682,,888.9223137309634,False,False,False,,[]
144,144,145,True,1.0,1.0,144.0,145.0,144.0,145.0,145.0,0.0,50.0,50.0,104.14029708333334,0.506005048751831,0.506005048751831,0.0,1.0,0.5932220790635153,0.5931337208537667,0.9999832343510765,0.9799832701683044,0.9999830550008887,0.9999993341507178,0.999999326170145,0.9999991131542603,0.9999991024702645,-5.841541969175625,-22.90244796684203,,888.9222355634612,False,False,False,,[]
145,145,146,True,1.0,1.0,145.0,146.0,145.0,146.0,146.0,0.0,50.0,50.0,104.14029708333334,0.506005048751831,0.506005048751831,0.0,1.0,0.5931337208537667,0.5930453625619221,0.9999830550008887,0.9799830913543701,0.9999828756505199,0.999999326170145,0.9999993181895721,0.9999991024702645,0.9999990917862687,-5.841541969175625,-22.90246924612087,,888.9221563929797,False,False,False,,[]
146,146,147,True,1.0,1.0,146.0,147.0,146.0,147.0,147.0,0.0,50.0,50.0,104.14029708333334,0.5060051083564758,0.5060051083564758,0.0,1.0,0.5930453625619221,0.5929570041874694,0.9999828756505199,0.9799829125404358,0.9999826962999689,0.9999993181895721,0.9999993102089986,0.9999990917862687,0.9999990811022736,-5.8415419609807415,-22.902490658138262,,888.9220768091385,False,False,False,,[]
147,147,148,True,1.0,1.0,147.0,148.0,147.0,148.0,148.0,0.0,50.0,50.0,104.14029708333334,0.5060051679611206,0.5060051679611206,0.0,1.0,0.5929570041874694,0.5928686457297928,0.9999826962999689,0.9799827337265015,0.9999825169492345,0.9999993102089986,0.9999993022284245,0.9999990811022736,0.9999990704182795,-5.841541952785841,-22.902512229789394,,888.9219968087797,False,False,False,,[]
148,148,149,True,1.0,1.0,148.0,149.0,148.0,149.0,149.0,0.0,50.0,50.0,104.14029708333334,0.5060052275657654,0.5060052275657654,0.0,1.0,0.5928686457297928,0.5927802871882959,0.9999825169492345,0.9799825549125671,0.9999823375983151,0.9999993022284245,0.9999992942478498,0.9999990704182795,0.9999990597342862,-5.841541944590923,-22.90253395599045,,888.9219161442478,False,False,False,,[]
149,149,150,True,1.0,1.0,149.0,150.0,149.0,150.0,150.0,0.0,50.0,50.0,104.14029708333334,0.5060052871704102,0.5060052871704102,0.0,1.0,0.5927802871882959,0.5926919285624016,0.9999823375983151,0.9799823760986328,0.9999821582472096,0.9999992942478498,0.9999992862672745,0.9999990597342862,0.9999990490502937,-5.84154193639599,-22.90255583178596,,888.921834918448,False,False,False,,[]
150,150,151,True,1.0,1.0,150.0,151.0,150.0,151.0,151.0,0.0,50.0,50.0,104.14029708333334,0.5060053467750549,0.5060053467750549,0.0,1.0,0.5926919285624016,0.5926035698515515,0.9999821582472096,0.9799821972846985,0.9999819788959168,0.9999992862672745,0.9999992782866987,0.9999990490502937,0.999999038366302,-5.841541928201039,-22.90257785234424,,888.9217531636642,False,False,False,,[]
151,151,152,True,1.0,1.0,151.0,152.0,151.0,152.0,152.0,0.0,50.0,50.0,104.14029708333334,0.5060054063796997,0.5060054063796997,0.0,1.0,0.5926035698515515,0.5925152110552051,0.9999819788959168,0.9799820184707642,0.9999817995444354,0.9999992782866987,0.9999992703061222,0.999999038366302,0.9999990276823111,-5.841541920006072,-22.90260001298029,,888.921670885336,False,False,False,,[]
152,152,153,True,1.0,1.0,152.0,153.0,152.0,153.0,153.0,0.0,50.0,50.0,104.14029708333334,0.5060054659843445,0.5060054659843445,0.0,1.0,0.5925152110552051,0.5924268521728396,0.9999817995444354,0.9799818396568298,0.9999816201927644,0.9999992703061222,0.9999992623255451,0.9999990276823111,0.999999016998321,-5.841541911811085,-22.902622309132884,,888.9215880974124,False,False,False,,[]
153,153,154,True,1.0,1.0,153.0,154.0,153.0,154.0,154.0,0.0,50.0,50.0,104.14029708333334,0.5060055255889893,0.5060055255889893,0.0,1.0,0.5924268521728396,0.5923384932039494,0.9999816201927644,0.9799816608428955,0.9999814408409025,0.9999992623255451,0.9999992543449675,0.999999016998321,0.9999990063143318,-5.841541903616084,-22.902644736359985,,888.9215048221764,False,False,False,,[]
154,154,155,True,1.0,1.0,154.0,155.0,154.0,155.0,155.0,0.0,50.0,48.125,-183.68782791666698,0.5060055255889893,0.5060055255889893,0.0,1.0,0.5923384932039494,0.5924340320686761,0.9999814408409025,0.9799814820289612,0.9999812455483192,0.9999992543449675,0.9999992436994313,0.9999990063143318,0.999998992592227,6.3198684107605425,24.763673737164673,,1054.4540811637282,False,False,False,,[]
155,155,156,True,1.0,1.0,155.0,156.0,155.0,156.0,156.0,0.0,48.125,46.25,-185.21384415201854,0.5060056447982788,0.5060056447982788,0.0,1.0,0.5924340320686761,0.592527190141567,0.9999812455483192,0.9799812436103821,0.999981055565348,0.9999992436994313,0.9999992334425499,0.999998992592227,0.9999989798494091,6.162830791523805,24.146572493331252,,1053.9185538506144,False,False,False,,[]
156,156,157,True,1.0,1.0,156.0,157.0,156.0,157.0,157.0,0.0,46.25,44.375,-186.68154129557226,0.5060057044029236,0.5060057044029236,0.0,1.0,0.592527190141567,0.5926164426143564,0.999981055565348,0.9799810647964478,0.9999808742414201,0.9999992334425499,0.9999992233871456,0.9999989798494091,0.999998966530991,5.904841571410496,23.134240947027344,,1050.1402677055446,False,False,False,,[]
157,157,158,True,1.0,1.0,157.0,158.0,157.0,158.0,158.0,0.0,44.375,42.5,-188.09091934733104,0.5060057640075684,0.5060057640075684,0.0,1.0,0.5926164426143564,0.5927021627920962,0.9999808742414201,0.9799808859825134,0.9999807006943819,0.9999992233871456,0.9999992134102783,0.999998966530991,0.9999989533762518,5.671502233839363,22.21867007014383,,1047.3769081849468,False,False,False,,[]
158,158,159,True,1.0,1.0,158.0,159.0,158.0,159.0,159.0,0.0,42.5,40.625,-189.44197830729198,0.5060057640075684,0.5060057640075684,0.0,1.0,0.5927021627920962,0.5927817444358656,0.9999807006943819,0.9799807071685791,0.9999805405399157,0.9999992134102783,0.9999992035504011,0.9999989533762518,0.9999989372031609,5.265624139967968,20.627562065033455,,1038.9969089453652,False,False,False,,[]
159,159,160,True,1.0,1.0,159.0,160.0,159.0,160.0,160.0,0.0,40.625,38.75,-190.73471817545507,0.5060058236122131,0.5060058236122131,0.0,1.0,0.5927817444358656,0.5928656345557624,0.9999805405399157,0.9799805879592896,0.9999803710017628,0.9999992035504011,0.9999991938418727,0.9999989372031609,0.9999989311611633,5.55113673690623,21.744319077222666,,1053.9471032164677,False,False,False,,[]
160,160,161,True,1.0,1.0,160.0,161.0,160.0,161.0,161.0,0.0,38.75,36.875,-191.96913895182323,0.5060058832168579,0.5060058832168579,0.0,1.0,0.5928656345557624,0.5929457379060806,0.9999803710017628,0.9799804091453552,0.999980209715091,0.9999991938418727,0.9999991841713702,0.9999989311611633,0.9999989253673592,5.300842259452043,20.762788402493015,,1050.9836106761843,False,False,False,,[]
161,161,162,True,1.0,1.0,161.0,162.0,161.0,162.0,162.0,0.0,36.875,35.0,-193.14524063639354,0.5060059428215027,0.5060059428215027,0.0,1.0,0.5929457379060806,0.5930205924587129,0.999980209715091,0.9799802303314209,0.9999800597686943,0.9999991841713702,0.9999991730585577,0.9999989253673592,0.9999989198271162,4.953726049839521,19.402300042276377,,1045.1579922880064,False,False,False,,[]
162,162,163,True,1.0,1.0,162.0,163.0,162.0,163.0,163.0,0.0,35.0,35.0,93.56510177083334,0.5060060024261475,0.5060060024261475,0.0,1.0,0.5930205924587129,0.592966557748974,0.9999800597686943,0.9799800515174866,0.9999799537102634,0.9999991730585577,0.9999991667910334,0.9999989198271162,0.9999989159119811,-3.574665288842194,-14.005796764326218,,930.3855635386375,False,False,False,,[]
163,163,164,True,1.0,1.0,163.0,164.0,163.0,164.0,164.0,0.0,35.0,35.0,93.56510177083334,0.5060060024261475,0.5060060024261475,0.0,1.0,0.592966557748974,0.5929125229795194,0.9999799537102634,0.9799799919128418,0.9999798476517091,0.9999991667910334,0.9999991605235091,0.9999989159119811,0.999998911996846,-3.574665288842194,-14.005812242647066,,930.3855011705989,False,False,False,,[]
164,164,165,True,1.0,1.0,164.0,165.0,164.0,165.0,165.0,0.0,35.0,35.0,93.56510177083334,0.5060060620307922,0.5060060620307922,0.0,1.0,0.5929125229795194,0.5928584881499144,0.9999798476517091,0.9799798727035522,0.9999797415930305,0.9999991605235091,0.9999991542559843,0.999998911996846,0.9999989080817107,-3.5746653583787693,-14.005827833614148,,930.3854376672102,False,False,False,,[]
165,165,166,True,1.0,1.0,165.0,166.0,165.0,166.0,166.0,0.0,35.0,35.0,93.56510177083334,0.5060060620307922,0.5060060620307922,0.0,1.0,0.5928584881499144,0.5928044532618115,0.9999797415930305,0.9799797534942627,0.999979635534231,0.9999991542559843,0.9999991479884595,0.9999989080817107,0.9999989041665753,-3.5746653583787693,-14.005842996256904,,930.3853765648622,False,False,False,,[]
166,166,167,True,1.0,1.0,166.0,167.0,166.0,167.0,167.0,0.0,35.0,35.0,93.56510177083334,0.506006121635437,0.506006121635437,0.0,1.0,0.5928044532618115,0.5927504183147456,0.999979635534231,0.9799796342849731,0.9999795294753097,0.9999991479884595,0.9999991417209341,0.9999989041665753,0.9999989002514397,-3.574665427915331,-14.005858279471884,,930.3853142141471,False,False,False,,[]
167,167,168,True,1.0,1.0,167.0,168.0,167.0,168.0,168.0,0.0,35.0,35.0,93.56510177083334,0.506006121635437,0.506006121635437,0.0,1.0,0.5927504183147456,0.5926963833103395,0.9999795294753097,0.9799795746803284,0.9999794234162698,0.9999991417209341,0.9999991354534087,0.9999989002514397,0.999998896336304,-3.574665427915331,-14.005873142077654,,930.3852543156946,False,False,False,,[]
168,168,169,True,1.0,1.0,168.0,169.0,168.0,169.0,169.0,0.0,35.0,35.0,93.56510177083334,0.5060061812400818,0.5060061812400818,0.0,1.0,0.5926963833103395,0.5926423482480988,0.9999794234162698,0.9799794554710388,0.9999793173571104,0.9999991354534087,0.9999991291858826,0.999998896336304,0.9999988924211681,-3.5746654974518806,-14.00588813277365,,930.3851931436963,False,False,False,,[]
169,169,170,True,1.0,1.0,169.0,170.0,169.0,170.0,170.0,0.0,35.0,35.0,93.56510177083334,0.5060061812400818,0.5060061812400818,0.0,1.0,0.5926423482480988,0.5925883131296182,0.9999793173571104,0.9799793362617493,0.9999792112978348,0.9999991291858826,0.9999991229183566,0.9999988924211681,0.9999988885060322,-3.5746654974518806,-14.00590271017215,,930.3851343995493,False,False,False,,[]
170,170,171,True,1.0,1.0,170.0,171.0,170.0,171.0,171.0,0.0,35.0,35.0,93.56510177083334,0.5060062408447266,0.5060062408447266,0.0,1.0,0.5925883131296182,0.5925342779543761,0.9999792112978348,0.9799792170524597,0.9999791052384419,0.9999991229183566,0.99999911665083,0.9999988885060322,0.9999988845908961,-3.5746655669884158,-14.005917422775472,,930.3850744350012,False,False,False,,[]
171,171,172,True,1.0,1.0,171.0,172.0,171.0,172.0,172.0,0.0,35.0,35.0,93.56510177083334,0.5060062408447266,0.5060062408447266,0.0,1.0,0.5925342779543761,0.5924802427239401,0.9999791052384419,0.9799790978431702,0.999978999178935,0.99999911665083,0.9999991103833034,0.9999988845908961,0.99999888067576,-3.5746655669884158,-14.005931729007942,,930.3850167885545,False,False,False,,[]
172,172,173,True,1.0,1.0,172.0,173.0,172.0,173.0,173.0,0.0,35.0,35.0,93.56510177083334,0.5060063004493713,0.5060063004493713,0.0,1.0,0.5924802427239401,0.5924262074377626,0.999978999178935,0.9799790382385254,0.9999788931193128,0.9999991103833034,0.9999991041157762,0.99999888067576,0.9999988767606237,-3.574665636524939,-14.005946177174764,,930.3849578897044,False,False,False,,[]
173,173,174,True,1.0,1.0,173.0,174.0,173.0,174.0,174.0,0.0,35.0,35.0,93.56510177083334,0.5060063004493713,0.5060063004493713,0.0,1.0,0.5924262074377626,0.5923721720973864,0.9999788931193128,0.9799789190292358,0.9999787870595787,0.9999991041157762,0.999999097848249,0.9999988767606237,0.9999988728454874,-3.574665636524939,-14.005960225530647,,930.3849012871395,False,False,False,,[]
174,174,175,True,1.0,1.0,174.0,175.0,174.0,175.0,175.0,0.0,35.0,35.0,93.56510177083334,0.5060063600540161,0.5060063600540161,0.0,1.0,0.5923721720973864,0.592318136702239,0.9999787870595787,0.9799787998199463,0.9999786809997313,0.999999097848249,0.9999990915807212,0.9999988728454874,0.9999988689303507,-3.574665706061448,-14.005974422206597,,930.3848432090209,False,False,False,,[]
175,175,176,True,1.0,1.0,175.0,176.0,175.0,176.0,176.0,0.0,35.0,33.5,-136.69739822916634,0.5060064196586609,0.5060064196586609,0.0,1.0,0.592318136702239,0.5923679671609178,0.9999786809997313,0.9799786806106567,0.9999785835947747,0.9999990915807212,0.9999990833756776,0.9999988689303507,0.9999988651934002,3.297566406404109,12.916054889554715,,1028.9632247908469,False,False,False,,[]
176,176,177,True,1.0,1.0,176.0,177.0,176.0,177.0,177.0,0.0,33.5,32.0,-137.5496345572913,0.5060064196586609,0.5060064196586609,0.0,1.0,0.5923679671609178,0.5924138342403436,0.9999785835947747,0.979978621006012,0.9999784942840951,0.9999990833756776,0.9999990753555986,0.9999988651934002,0.9999988591463912,3.035386251148515,11.888746987166645,,1023.4041512810268,False,False,False,,[]
177,177,178,True,1.0,1.0,177.0,178.0,177.0,178.0,178.0,0.0,32.0,28.8571434,-390.55672523833323,0.5060064792633057,0.5060064792633057,0.0,1.0,0.5924138342403436,0.5925478039440972,0.9999784942840951,0.9799785017967224,0.9999782099428555,0.9999990753555986,0.9999990626047958,0.9999988591463912,0.999998849660849,8.86866365521076,34.72494721294087,,1090.8685122133018,False,False,False,,[]
178,178,179,True,1.0,1.0,178.0,179.0,178.0,179.0,179.0,0.0,28.8571434,25.7142849,-392.14342289430266,0.5060065388679504,0.5060065388679504,0.0,1.0,0.5925478039440972,0.5926611835021406,0.9999782099428555,0.9799782037734985,0.9999779741013908,0.9999990626047958,0.999999048985002,0.999998849660849,0.9999988345569459,7.50572358854292,29.38798144485084,,1065.0440675648829,False,False,False,,[]
179,179,180,True,1.0,1.0,179.0,180.0,179.0,180.0,180.0,0.0,25.7142849,22.5714283,-393.5656839190104,0.5060065984725952,0.5060065984725952,0.0,1.0,0.5926611835021406,0.5927646365058885,0.9999779741013908,0.9799779653549194,0.9999777609877983,0.999999048985002,0.9999990357861533,0.9999988345569459,0.9999988259025162,6.84883727720615,26.815018571461966,,1064.1562410420527,False,False,False,,[]
180,180,181,True,1.0,1.0,180.0,181.0,180.0,181.0,181.0,0.0,22.5714283,19.4285717,-394.82438158996354,0.50600665807724,0.50600665807724,0.0,1.0,0.5927646365058885,0.5928596702601645,0.9999777609877983,0.9799777865409851,0.9999775668236864,0.9999990357861533,0.9999990299757281,0.9999988259025162,0.9999988176541634,6.291684188098323,24.632749108327115,,1065.5965974680594,False,False,False,,[]
181,181,182,True,1.0,1.0,181.0,182.0,181.0,182.0,182.0,0.0,19.4285717,16.2857151,-395.9192251508541,0.5060067176818848,0.5060067176818848,0.0,1.0,0.5928596702601645,0.5929376013357838,0.9999775668236864,0.9799776077270508,0.9999774102439473,0.9999990299757281,0.9999990217477449,0.9999988176541634,0.9999988105552015,5.1594186979269585,20.19973480051179,,1049.2586613722717,False,False,False,,[]
182,182,183,True,1.0,1.0,182.0,183.0,182.0,183.0,183.0,0.0,16.2857151,13.14285755,-396.85036043459894,0.5060067772865295,0.5060067772865295,0.0,1.0,0.5929376013357838,0.5929909265918335,0.9999774102439473,0.9799774289131165,0.9999773056506369,0.9999990217477449,0.9999990176556024,0.9999988105552015,0.9999987877171906,3.530286573483864,13.82190636808255,,1016.1938329095318,False,False,False,,[]
183,183,184,True,1.0,1.0,183.0,184.0,183.0,184.0,184.0,0.0,13.14285755,10.0,-397.61749598248434,0.5060068368911743,0.5060068368911743,0.0,1.0,0.5929909265918335,0.5930306279437634,0.9999773056506369,0.9799773097038269,0.9999772288105134,0.9999990176556024,0.9999990119474745,0.9999987877171906,0.9999987697224865,2.628324638537569,10.290590420222287,,1008.3842181962889,False,False,False,,[]
184,184,185,True,1.0,1.0,184.0,185.0,184.0,185.0,185.0,0.0,10.0,6.66666651,-427.46042141075003,0.5060068368911743,0.5060068368911743,0.0,1.0,0.5930306279437634,0.5930562748862493,0.9999772288105134,0.9799772500991821,0.9999771798498547,0.9999990119474745,0.9999990020670309,0.9999987697224865,0.9999987557906971,1.697862118481116,6.647687492354929,,996.9479868370037,False,False,False,,[]
185,185,186,True,1.0,1.0,185.0,186.0,185.0,186.0,186.0,0.0,6.66666651,3.33333325,-427.92117894523324,0.5060068368911743,0.5060068368911743,0.0,1.0,0.5930562748862493,0.593070363158784,0.9999771798498547,0.9799771904945374,0.9999771532573879,0.9999990020670309,0.9999989947199525,0.9999987557906971,0.9999987474226134,0.9326487009586055,3.6516802409934255,,995.7321563548716,False,False,False,,[]
186,186,187,True,1.0,1.0,186.0,187.0,186.0,187.0,187.0,0.0,3.33333325,0.0,-428.1976530918764,0.5060068368911743,0.5060068368911743,0.0,1.0,0.593070363158784,0.5930750623481142,0.9999771532573879,0.9799771904945374,0.999977144468482,0.9999989947199525,0.9999989922693441,0.9999987474226134,0.99999874463145,0.3110837572896537,1.218029874379564,,998.5805446597063,False,False,False,,[]
187,187,188,True,1.0,1.0,187.0,188.0,187.0,188.0,188.0,0.0,0.0,0.0,83.40462000000002,0.5060068368911743,0.5060068368911743,0.0,1.0,0.5930750623481142,0.5930750623481142,0.999977144468482,0.9799771904945374,0.999977144468482,0.9999989922693441,0.9999989922693441,0.99999874463145,0.99999874463145,-0.0,0.0,,1000.0,False,False,False,,[]
188,188,189,True,1.0,1.0,188.0,189.0,188.0,189.0,189.0,0.0,0.0,0.0,83.40462000000002,0.5060068368911743,0.5060068368911743,0.0,1.0,0.5930750623481142,0.5930750623481142,0.999977144468482,0.9799771904945374,0.999977144468482,0.9999989922693441,0.9999989922693441,0.99999874463145,0.99999874463145,-0.0,0.0,,1000.0,False,False,False,,[]
189,189,190,True,1.0,1.0,189.0,190.0,189.0,190.0,190.0,0.0,0.0,0.0,83.40462000000002,0.5060068368911743,0.5060068368911743,0.0,1.0,0.5930750623481142,0.5930750623481142,0.999977144468482,0.9799771904945374,0.999977144468482,0.9999989922693441,0.9999989922693441,0.99999874463145,0.99999874463145,-0.0,0.0,,1000.0,False,False,False,,[]
190,190,191,True,1.0,1.0,190.0,191.0,190.0,191.0,191.0,0.0,0.0,0.0,83.40462000000002,0.5060068368911743,0.5060068368911743,0.0,1.0,0.5930750623481142,0.5930750623481142,0.999977144468482,0.9799771904945374,0.999977144468482,0.9999989922693441,0.9999989922693441,0.99999874463145,0.99999874463145,-0.0,0.0,,1000.0,False,False,False,,[]
191,191,192,True,1.0,1.0,191.0,192.0,191.0,192.0,192.0,0.0,0.0,0.0,83.40462000000002,0.5060068368911743,0.5060068368911743,0.0,1.0,0.5930750623481142,0.5930750623481142,0.999977144468482,0.9799771904945374,0.999977144468482,0.9999989922693441,0.9999989922693441,0.99999874463145,0.99999874463145,-0.0,0.0,,1000.0,False,False,False,,[]
192,192,193,True,1.0,1.0,192.0,193.0,192.0,193.0,193.0,0.0,0.0,0.0,83.40462000000002,0.5060068368911743,0.5060068368911743,0.0,1.0,0.5930750623481142,0.5930750623481142,0.999977144468482,0.9799771904945374,0.999977144468482,0.9999989922693441,0.9999989922693441,0.99999874463145,0.99999874463145,-0.0,0.0,,1000.0,False,False,False,,[]
193,193,194,True,1.0,1.0,193.0,194.0,193.0,194.0,194.0,0.0,0.0,0.0,83.40462000000002,0.5060068368911743,0.5060068368911743,0.0,1.0,0.5930750623481142,0.5930750623481142,0.999977144468482,0.9799771904945374,0.999977144468482,0.9999989922693441,0.9999989922693441,0.99999874463145,0.99999874463145,-0.0,0.0,,1000.0,False,False,False,,[]
194,194,195,True,1.0,1.0,194.0,195.0,194.0,195.0,195.0,0.0,0.0,0.0,83.40462000000002,0.5060068368911743,0.5060068368911743,0.0,1.0,0.5930750623481142,0.5930750623481142,0.999977144468482,0.9799771904945374,0.999977144468482,0.9999989922693441,0.9999989922693441,0.99999874463145,0.99999874463145,-0.0,0.0,,1000.0,False,False,False,,[]
195,195,196,True,1.0,1.0,195.0,196.0,195.0,196.0,196.0,0.0,0.0,0.0,83.40462000000002,0.5060068368911743,0.5060068368911743,0.0,1.0,0.5930750623481142,0.5930750623481142,0.999977144468482,0.9799771904945374,0.999977144468482,0.9999989922693441,0.9999989922693441,0.99999874463145,0.99999874463145,-0.0,0.0,,1000.0,False,False,False,,[]
196,196,197,True,1.0,1.0,196.0,197.0,196.0,197.0,197.0,0.0,0.0,0.0,83.40462000000002,0.5060068368911743,0.5060068368911743,0.0,1.0,0.5930750623481142,0.5930750623481142,0.999977144468482,0.9799771904945374,0.999977144468482,0.9999989922693441,0.9999989922693441,0.99999874463145,0.99999874463145,-0.0,0.0,,1000.0,False,False,False,,[]
197,197,198,True,1.0,1.0,197.0,198.0,197.0,198.0,198.0,0.0,0.0,0.0,83.40462000000002,0.5060068368911743,0.5060068368911743,0.0,1.0,0.5930750623481142,0.5930750623481142,0.999977144468482,0.9799771904945374,0.999977144468482,0.9999989922693441,0.9999989922693441,0.99999874463145,0.99999874463145,-0.0,0.0,,1000.0,False,False,False,,[]
198,198,199,True,1.0,1.0,198.0,199.0,198.0,199.0,199.0,0.0,0.0,0.0,83.40462000000002,0.5060068368911743,0.5060068368911743,0.0,1.0,0.5930750623481142,0.5930750623481142,0.999977144468482,0.9799771904945374,0.999977144468482,0.9999989922693441,0.9999989922693441,0.99999874463145,0.99999874463145,-0.0,0.0,,1000.0,False,False,False,,[]
199,199,200,True,1.0,1.0,199.0,200.0,199.0,200.0,200.0,0.0,0.0,0.0,83.40462000000002,0.5060068368911743,0.5060068368911743,0.0,1.0,0.5930750623481142,0.5930750623481142,0.999977144468482,0.9799771904945374,0.999977144468482,0.9999989922693441,0.9999989922693441,0.99999874463145,0.99999874463145,-0.0,0.0,,1000.0,False,False,False,,[]
200,200,201,True,1.0,1.0,200.0,201.0,200.0,201.0,201.0,0.0,0.0,0.0,83.40462000000002,0.5060068368911743,0.5060068368911743,0.0,1.0,0.5930750623481142,0.5930750623481142,0.999977144468482,0.9799771904945374,0.999977144468482,0.9999989922693441,0.9999989922693441,0.99999874463145,0.99999874463145,-0.0,0.0,,1000.0,False,False,False,,[]
201,201,202,True,1.0,1.0,201.0,202.0,201.0,202.0,202.0,0.0,0.0,0.0,83.40462000000002,0.5060068368911743,0.5060068368911743,0.0,1.0,0.5930750623481142,0.5930750623481142,0.999977144468482,0.9799771904945374,0.999977144468482,0.9999989922693441,0.9999989922693441,0.99999874463145,0.99999874463145,-0.0,0.0,,1000.0,False,False,False,,[]
202,202,203,True,1.0,1.0,202.0,203.0,202.0,203.0,203.0,0.0,0.0,0.0,83.40462000000002,0.5060068368911743,0.5060068368911743,0.0,1.0,0.5930750623481142,0.5930750623481142,0.999977144468482,0.9799771904945374,0.999977144468482,0.9999989922693441,0.9999989922693441,0.99999874463145,0.99999874463145,-0.0,0.0,,1000.0,False,False,False,,[]
203,203,204,True,1.0,1.0,203.0,204.0,203.0,204.0,204.0,0.0,0.0,0.0,83.40462000000002,0.5060068368911743,0.5060068368911743,0.0,1.0,0.5930750623481142,0.5930750623481142,0.999977144468482,0.9799771904945374,0.999977144468482,0.9999989922693441,0.9999989922693441,0.99999874463145,0.99999874463145,-0.0,0.0,,1000.0,False,False,False,,[]
204,204,205,True,1.0,1.0,204.0,205.0,204.0,205.0,205.0,0.0,0.0,0.0,83.40462000000002,0.5060068368911743,0.5060068368911743,0.0,1.0,0.5930750623481142,0.5930750623481142,0.999977144468482,0.9799771904945374,0.999977144468482,0.9999989922693441,0.9999989922693441,0.99999874463145,0.99999874463145,-0.0,0.0,,1000.0,False,False,False,,[]
205,205,206,True,1.0,1.0,205.0,206.0,205.0,206.0,206.0,0.0,0.0,3.75,659.0608700000001,0.5060068368911743,0.5060068368911743,0.0,1.0,0.5930750623481142,0.5930437793266438,0.999977144468482,0.9799771904945374,0.9999770844182249,0.9999989922693441,0.9999989880260054,0.99999874463145,0.999998739798425,-2.0709554738562095,-8.108559165141434,,955.6899963714476,False,False,False,,[]
206,206,207,True,1.0,1.0,206.0,207.0,206.0,207.0,207.0,0.0,3.75,7.5,659.1775081835939,0.5060068368911743,0.5060068368911743,0.0,1.0,0.5930437793266438,0.5929498944054489,0.9999770844182249,0.9799771308898926,0.9999768928167571,0.9999989880260054,0.9999989752937365,0.999998739798425,0.9999987252967841,-6.213965951956956,-24.33497157371236,,876.9783706408571,False,False,False,,[]
207,207,208,True,1.0,1.0,207.0,208.0,207.0,208.0,208.0,0.0,7.5,11.25,659.5274227343749,0.5060069561004639,0.5060069561004639,0.0,1.0,0.5929498944054489,0.5928220354662169,0.9999768928167571,0.9799768924713135,0.9999766230625938,0.9999989752937365,0.9999989666277292,0.9999987252967841,0.9999987011145585,-8.46141186154994,-33.14103704892641,,841.9758020459769,False,False,False,,[]
208,208,209,True,1.0,1.0,208.0,209.0,208.0,209.0,209.0,0.0,11.25,15.0,660.110613652344,0.5060070157051086,0.5060070157051086,0.0,1.0,0.5928220354662169,0.5926507070570411,0.9999766230625938,0.9799766540527344,0.9999762625195834,0.9999989666277292,0.9999989605561593,0.9999987011145585,0.9999986672295101,-11.336030890406462,-44.408323658353034,,801.706462055689,False,False,False,,[]
209,209,210,True,1.0,1.0,209.0,210.0,209.0,210.0,210.0,0.0,15.0,15.0,85.27083093750002,0.5060071349143982,0.5060071349143982,0.0,1.0,0.5926507070570411,0.5926225071845435,0.9999762625195834,0.9799762964248657,0.9999762085507006,0.9999989605561593,0.9999989574329156,0.9999986672295101,0.9999986624385055,-1.8665787684063389,-7.309406951409778,,960.143475410588,False,False,False,,[]
210,210,211,True,1.0,1.0,210.0,211.0,210.0,211.0,211.0,0.0,15.0,15.0,85.27083093750002,0.5060071349143982,0.5060071349143982,0.0,1.0,0.5926225071845435,0.5925943072343176,0.9999762085507006,0.979976236820221,0.9999761545816649,0.9999989574329156,0.9999989543096718,0.9999986624385055,0.999998657647501,-1.8665787684063389,-7.309427098532744,,960.1433896614909,False,False,False,,[]
211,211,212,True,1.0,1.0,211.0,212.0,211.0,212.0,212.0,0.0,15.0,15.0,85.27083093750002,0.5060071349143982,0.5060071349143982,0.0,1.0,0.5925943072343176,0.592566107208229,0.9999761545816649,0.9799761772155762,0.9999761006124801,0.9999989543096718,0.999998951186428,0.999998657647501,0.9999986528564964,-1.8665787684063389,-7.3094467621565915,,960.1433059800576,False,False,False,,[]
212,212,213,True,1.0,1.0,212.0,213.0,212.0,213.0,213.0,0.0,15.0,15.0,85.27083093750002,0.506007194519043,0.506007194519043,0.0,1.0,0.592566107208229,0.5925379071087867,0.9999761006124801,0.9799761176109314,0.999976046643151,0.999998951186428,0.999998948063184,0.9999986528564964,0.9999986480654923,-1.8665787224968913,-7.309465775441302,,960.1432253588646,False,False,False,,[]
213,213,214,True,1.0,1.0,213.0,214.0,213.0,214.0,214.0,0.0,15.0,15.0,85.27083093750002,0.506007194519043,0.506007194519043,0.0,1.0,0.5925379071087867,0.5925097069370638,0.999976046643151,0.9799760580062866,0.9999759926736798,0.999998948063184,0.99999894493994,0.9999986480654923,0.9999986432744883,-1.8665787224968913,-7.309484510582912,,960.1431456245364,False,False,False,,[]
214,214,215,True,1.0,1.0,214.0,215.0,214.0,215.0,215.0,0.0,15.0,15.0,85.27083093750002,0.506007194519043,0.506007194519043,0.0,1.0,0.5925097069370638,0.5924815066947797,0.9999759926736798,0.9799759984016418,0.9999759387040698,0.99999894493994,0.999998941816696,0.9999986432744883,0.9999986384834842,-1.8665787224968913,-7.309502800053782,,960.143067782341,False,False,False,,[]
215,215,216,True,1.0,1.0,215.0,216.0,215.0,216.0,216.0,0.0,15.0,15.0,85.27083093750002,0.506007194519043,0.506007194519043,0.0,1.0,0.5924815066947797,0.5924533063836077,0.9999759387040698,0.9799759387969971,0.9999758847343243,0.999998941816696,0.999998938693452,0.9999986384834842,0.9999986336924802,-1.8665787224968913,-7.309520655786445,,960.1429917898026,False,False,False,,[]
216,216,217,True,1.0,1.0,216.0,217.0,216.0,217.0,217.0,0.0,15.0,15.0,85.27083093750002,0.5060072541236877,0.5060072541236877,0.0,1.0,0.5924533063836077,0.5924251060058701,0.9999758847343243,0.9799758791923523,0.999975830764448,0.999998938693452,0.9999989355702078,0.9999986336924802,0.9999986289014767,-1.86657867658744,-7.309537909602311,,960.1429186647777,False,False,False,,[]
217,217,218,True,1.0,1.0,217.0,218.0,217.0,218.0,218.0,0.0,15.0,12.5,-298.50000239583346,0.5060072541236877,0.5060072541236877,0.0,1.0,0.5924251060058701,0.5924599804334134,0.999975830764448,0.9799758791923523,0.9999757635845876,0.9999989355702078,0.9999989298974539,0.9999986289014767,0.9999986128491161,2.308785770469631,9.039451619239644,,1006.4729566130983,False,False,False,,[]
218,218,219,True,1.0,1.0,218.0,219.0,218.0,219.0,219.0,0.0,12.5,10.0,-299.07023351562515,0.5060072541236877,0.5060072541236877,0.0,1.0,0.5924599804334134,0.5924883361311268,0.9999757635845876,0.9799757599830627,0.9999757093092136,0.9999989298974539,0.9999989249980565,0.9999986128491161,0.9999985996902767,1.8772367661537643,7.349796847332498,,1004.8937558496187,False,False,False,,[]
219,219,220,True,1.0,1.0,219.0,220.0,219.0,220.0,220.0,0.0,10.0,6.66666985,-427.4599086929167,0.5060073137283325,0.5060073137283325,0.0,1.0,0.5924883361311268,0.592513982003204,0.9999757093092136,0.979975700378418,0.9999756603506496,0.9999989249980565,0.9999989151176127,0.9999985996902767,0.9999985857585147,1.6978605216746936,6.647410042405462,,996.9471582869386,False,False,False,,[]
220,220,221,True,1.0,1.0,220.0,221.0,220.0,221.0,221.0,0.0,6.66666985,3.33299995,-427.97285562119487,0.5060073137283325,0.5060073137283325,0.0,1.0,0.592513982003204,0.5925280709558217,0.9999756603506496,0.979975700378418,0.9999756337568814,0.9999989151176127,0.9999989077698827,0.9999985857585147,0.9999985773897048,0.9327305522150687,3.6518565185138914,,995.7313353424084,False,False,False,,[]
221,221,222,True,1.0,1.0,221.0,222.0,221.0,222.0,222.0,0.0,3.33299995,0.0,-428.14650719332445,0.5060073137283325,0.5060073137283325,0.0,1.0,0.5925280709558217,0.592532768934554,0.9999756337568814,0.9799756407737732,0.99997562497025,0.9999989077698827,0.9999989053198096,0.9999985773897048,0.9999985745991565,0.31101549846354387,1.2177160874075306,,998.5807115735286,False,False,False,,[]
222,222,223,True,1.0,1.0,222.0,223.0,222.0,223.0,223.0,0.0,0.0,0.0,83.40462000000002,0.5060073137283325,0.5060073137283325,0.0,1.0,0.592532768934554,0.592532768934554,0.99997562497025,0.9799756407737732,0.99997562497025,0.9999989053198096,0.9999989053198096,0.9999985745991565,0.9999985745991565,-0.0,0.0,,1000.0,False,False,False,,[]
223,223,224,True,1.0,1.0,223.0,224.0,223.0,224.0,224.0,0.0,0.0,0.0,83.40462000000002,0.5060073137283325,0.5060073137283325,0.0,1.0,0.592532768934554,0.592532768934554,0.99997562497025,0.9799756407737732,0.99997562497025,0.9999989053198096,0.9999989053198096,0.9999985745991565,0.9999985745991565,-0.0,0.0,,1000.0,False,False,False,,[]
224,224,225,True,1.0,1.0,224.0,225.0,224.0,225.0,225.0,0.0,0.0,0.0,83.40462000000002,0.5060073137283325,0.5060073137283325,0.0,1.0,0.592532768934554,0.592532768934554,0.99997562497025,0.9799756407737732,0.99997562497025,0.9999989053198096,0.9999989053198096,0.9999985745991565,0.9999985745991565,-0.0,0.0,,1000.0,False,False,False,,[]
225,225,226,True,1.0,1.0,225.0,226.0,225.0,226.0,226.0,0.0,0.0,0.0,83.40462000000002,0.5060073137283325,0.5060073137283325,0.0,1.0,0.592532768934554,0.592532768934554,0.99997562497025,0.9799756407737732,0.99997562497025,0.9999989053198096,0.9999989053198096,0.9999985745991565,0.9999985745991565,-0.0,0.0,,1000.0,False,False,False,,[]
226,226,227,True,1.0,1.0,226.0,227.0,226.0,227.0,227.0,0.0,0.0,0.0,83.40462000000002,0.5060073137283325,0.5060073137283325,0.0,1.0,0.592532768934554,0.592532768934554,0.99997562497025,0.9799756407737732,0.99997562497025,0.9999989053198096,0.9999989053198096,0.9999985745991565,0.9999985745991565,-0.0,0.0,,1000.0,False,False,False,,[]
227,227,228,True,1.0,1.0,227.0,228.0,227.0,228.0,228.0,0.0,0.0,0.0,83.40462000000002,0.5060073137283325,0.5060073137283325,0.0,1.0,0.592532768934554,0.592532768934554,0.99997562497025,0.9799756407737732,0.99997562497025,0.9999989053198096,0.9999989053198096,0.9999985745991565,0.9999985745991565,-0.0,0.0,,1000.0,False,False,False,,[]
228,228,229,True,1.0,1.0,228.0,229.0,228.0,229.0,229.0,0.0,0.0,0.0,83.40462000000002,0.5060073137283325,0.5060073137283325,0.0,1.0,0.592532768934554,0.592532768934554,0.99997562497025,0.9799756407737732,0.99997562497025,0.9999989053198096,0.9999989053198096,0.9999985745991565,0.9999985745991565,-0.0,0.0,,1000.0,False,False,False,,[]
229,229,230,True,1.0,1.0,229.0,230.0,229.0,230.0,230.0,0.0,0.0,0.0,83.40462000000002,0.5060073137283325,0.5060073137283325,0.0,1.0,0.592532768934554,0.592532768934554,0.99997562497025,0.9799756407737732,0.99997562497025,0.9999989053198096,0.9999989053198096,0.9999985745991565,0.9999985745991565,-0.0,0.0,,1000.0,False,False,False,,[]
230,230,231,True,1.0,1.0,230.0,231.0,230.0,231.0,231.0,0.0,0.0,0.0,83.40462000000002,0.5060073137283325,0.5060073137283325,0.0,1.0,0.592532768934554,0.592532768934554,0.99997562497025,0.9799756407737732,0.99997562497025,0.9999989053198096,0.9999989053198096,0.9999985745991565,0.9999985745991565,-0.0,0.0,,1000.0,False,False,False,,[]
231,231,232,True,1.0,1.0,231.0,232.0,231.0,232.0,232.0,0.0,0.0,0.0,83.40462000000002,0.5060073137283325,0.5060073137283325,0.0,1.0,0.592532768934554,0.592532768934554,0.99997562497025,0.9799756407737732,0.99997562497025,0.9999989053198096,0.9999989053198096,0.9999985745991565,0.9999985745991565,-0.0,0.0,,1000.0,False,False,False,,[]
232,232,233,True,1.0,1.0,232.0,233.0,232.0,233.0,233.0,0.0,0.0,0.0,83.40462000000002,0.5060073137283325,0.5060073137283325,0.0,1.0,0.592532768934554,0.592532768934554,0.99997562497025,0.9799756407737732,0.99997562497025,0.9999989053198096,0.9999989053198096,0.9999985745991565,0.9999985745991565,-0.0,0.0,,1000.0,False,False,False,,[]
233,233,234,True,1.0,1.0,233.0,234.0,233.0,234.0,234.0,0.0,0.0,0.0,83.40462000000002,0.5060073137283325,0.5060073137283325,0.0,1.0,0.592532768934554,0.592532768934554,0.99997562497025,0.9799756407737732,0.99997562497025,0.9999989053198096,0.9999989053198096,0.9999985745991565,0.9999985745991565,-0.0,0.0,,1000.0,False,False,False,,[]
234,234,235,True,1.0,1.0,234.0,235.0,234.0,235.0,235.0,0.0,0.0,0.0,83.40462000000002,0.5060073137283325,0.5060073137283325,0.0,1.0,0.592532768934554,0.592532768934554,0.99997562497025,0.9799756407737732,0.99997562497025,0.9999989053198096,0.9999989053198096,0.9999985745991565,0.9999985745991565,-0.0,0.0,,1000.0,False,False,False,,[]
235,235,236,True,1.0,1.0,235.0,236.0,235.0,236.0,236.0,0.0,0.0,0.0,83.40462000000002,0.5060073137283325,0.5060073137283325,0.0,1.0,0.592532768934554,0.592532768934554,0.99997562497025,0.9799756407737732,0.99997562497025,0.9999989053198096,0.9999989053198096,0.9999985745991565,0.9999985745991565,-0.0,0.0,,1000.0,False,False,False,,[]
236,236,237,True,1.0,1.0,236.0,237.0,236.0,237.0,237.0,0.0,0.0,0.0,83.40462000000002,0.5060073137283325,0.5060073137283325,0.0,1.0,0.592532768934554,0.592532768934554,0.99997562497025,0.9799756407737732,0.99997562497025,0.9999989053198096,0.9999989053198096,0.9999985745991565,0.9999985745991565,-0.0,0.0,,1000.0,False,False,False,,[]
237,237,238,True,1.0,1.0,237.0,238.0,237.0,238.0,238.0,0.0,0.0,0.0,83.40462000000002,0.5060073137283325,0.5060073137283325,0.0,1.0,0.592532768934554,0.592532768934554,0.99997562497025,0.9799756407737732,0.99997562497025,0.9999989053198096,0.9999989053198096,0.9999985745991565,0.9999985745991565,-0.0,0.0,,1000.0,False,False,False,,[]
238,238,239,True,1.0,1.0,238.0,239.0,238.0,239.0,239.0,0.0,0.0,0.0,83.40462000000002,0.5060073137283325,0.5060073137283325,0.0,1.0,0.592532768934554,0.592532768934554,0.99997562497025,0.9799756407737732,0.99997562497025,0.9999989053198096,0.9999989053198096,0.9999985745991565,0.9999985745991565,-0.0,0.0,,1000.0,False,False,False,,[]
239,239,240,True,1.0,1.0,239.0,240.0,239.0,240.0,240.0,0.0,0.0,0.0,83.40462000000002,0.5060073137283325,0.5060073137283325,0.0,1.0,0.592532768934554,0.592532768934554,0.99997562497025,0.9799756407737732,0.99997562497025,0.9999989053198096,0.9999989053198096,0.9999985745991565,0.9999985745991565,-0.0,0.0,,1000.0,False,False,False,,[]
240,240,241,True,1.0,1.0,240.0,241.0,240.0,241.0,241.0,0.0,0.0,0.0,83.40462000000002,0.5060073137283325,0.5060073137283325,0.0,1.0,0.592532768934554,0.592532768934554,0.99997562497025,0.9799756407737732,0.99997562497025,0.9999989053198096,0.9999989053198096,0.9999985745991565,0.9999985745991565,-0.0,0.0,,1000.0,False,False,False,,[]
241,241,242,True,1.0,1.0,241.0,242.0,241.0,242.0,242.0,0.0,0.0,0.0,83.40462000000002,0.5060073137283325,0.5060073137283325,0.0,1.0,0.592532768934554,0.592532768934554,0.99997562497025,0.9799756407737732,0.99997562497025,0.9999989053198096,0.9999989053198096,0.9999985745991565,0.9999985745991565,-0.0,0.0,,1000.0,False,False,False,,[]
242,242,243,True,1.0,1.0,242.0,243.0,242.0,243.0,243.0,0.0,0.0,0.0,83.40462000000002,0.5060073137283325,0.5060073137283325,0.0,1.0,0.592532768934554,0.592532768934554,0.99997562497025,0.9799756407737732,0.99997562497025,0.9999989053198096,0.9999989053198096,0.9999985745991565,0.9999985745991565,-0.0,0.0,,1000.0,False,False,False,,[]
243,243,244,True,1.0,1.0,243.0,244.0,243.0,244.0,244.0,0.0,0.0,3.0,543.92962,0.5060073137283325,0.5060073137283325,0.0,1.0,0.592532768934554,0.5925121157690938,0.99997562497025,0.9799756407737732,0.9999755857349804,0.9999989053198096,0.9999989025181506,0.9999985745991565,0.999998571408164,-1.3673444444444445,-5.353300487278771,,970.3374215383885,False,False,False,,[]
244,244,245,True,1.0,1.0,244.0,245.0,244.0,245.0,245.0,0.0,3.0,6.0,544.0042684375,0.5060073137283325,0.5060073137283325,0.0,1.0,0.5925121157690938,0.59245013942691,0.9999755857349804,0.9799755811691284,0.9999754631400906,0.9999989025181506,0.9999988941120201,0.999998571408164,0.9999985618338726,-4.102596292892156,-16.06426789402532,,915.5696019632817,False,False,False,,[]
245,245,246,True,1.0,1.0,245.0,246.0,245.0,246.0,246.0,0.0,6.0,9.0,544.2282137500001,0.5060073733329773,0.5060073733329773,0.0,1.0,0.59245013942691,0.5923467872852388,0.9999754631400906,0.9799754619598389,0.9999752502552808,0.9999988941120201,0.9999988800960335,0.9999985618338726,0.9999985458701532,-6.840475285947714,-26.78887512118422,,866.0855653059742,False,False,False,,[]
246,246,247,True,1.0,1.0,246.0,247.0,246.0,247.0,247.0,0.0,9.0,12.0,544.6014559374998,0.5060074329376221,0.5060074329376221,0.0,1.0,0.5923467872852388,0.5922337358008045,0.9999752502552808,0.9799752831459045,0.9999750151717046,0.9999988800960335,0.9999988760887191,0.9999985458701532,0.9999985235056214,-7.481918781616358,-29.302944765377912,,859.8957358840393,False,False,False,,[]
247,247,248,True,1.0,1.0,247.0,248.0,247.0,248.0,248.0,0.0,12.0,15.0,545.1239950000004,0.5060074925422668,0.5060074925422668,0.0,1.0,0.5922337358008045,0.5920850312029766,0.9999750151717046,0.9799750447273254,0.9999746992750583,0.9999988760887191,0.999998868316426,0.9999985235056214,0.9999984947236371,-9.839980217457795,-38.54423175699051,,821.7949624390556,False,False,False,,[]
248,248,249,True,1.0,1.0,248.0,249.0,248.0,249.0,249.0,0.0,15.0,15.0,85.27083093750002,0.5060075521469116,0.5060075521469116,0.0,1.0,0.5920850312029766,0.5920568320587796,0.9999746992750583,0.9799747467041016,0.9999746453076078,0.999998868316426,0.9999988651931807,0.9999984947236371,0.9999984899326366,-1.8665784470401285,-7.309218175868915,,960.1442812079083,False,False,False,,[]
249,249,250,True,1.0,1.0,249.0,250.0,249.0,250.0,250.0,0.0,15.0,15.0,85.27083093750002,0.5060076117515564,0.5060076117515564,0.0,1.0,0.5920568320587796,0.5920286328148859,0.9999746453076078,0.9799746870994568,0.9999745913399612,0.9999988651931807,0.9999988620699352,0.9999984899326366,0.9999984851416367,-1.866578401130655,-7.309244017235525,,960.1441715321577,False,False,False,,[]
250,250,251,True,1.0,1.0,250.0,251.0,250.0,251.0,251.0,0.0,15.0,18.39999962,607.1991059376664,0.5060076117515564,0.5060076117515564,0.0,1.0,0.5920286328148859,0.591873994456032,0.9999745913399612,0.979974627494812,0.9999742636317602,0.9999988620699352,0.9999988548679459,0.9999984851416367,0.999998468954387,-10.231791543848928,-40.082262614948064,,825.9013104659284,False,False,False,,[]
251,251,252,True,1.0,1.0,251.0,252.0,251.0,252.0,252.0,0.0,18.39999962,21.79999924,608.1410032175127,0.506007730960846,0.506007730960846,0.0,1.0,0.591873994456032,0.5916985294250006,0.9999742636317602,0.9799742698669434,0.9999738950413901,0.9999988548679459,0.9999988463017911,0.999998468954387,0.9999984591978498,-11.608389190913229,-45.48053604333019,,812.5808578414385,False,False,False,,[]
252,252,253,True,1.0,1.0,252.0,253.0,252.0,253.0,253.0,0.0,21.79999924,25.20000076,609.2749556619951,0.5060078501701355,0.5060078501701355,0.0,1.0,0.5916985294250006,0.5914868770498812,0.9999738950413901,0.9799739122390747,0.9999734576704673,0.9999988463017911,0.9999988335247825,0.9999984591978498,0.9999984449820749,-13.99997550337168,-54.86029563091998,,779.7986904824438,False,False,False,,[]
253,253,254,True,1.0,1.0,253.0,254.0,253.0,254.0,254.0,0.0,25.20000076,28.60000038,610.6000890678702,0.506007969379425,0.506007969379425,0.0,1.0,0.5914868770498812,0.5912509178160676,0.9999734576704673,0.9799734950065613,0.9999729758240721,0.9999988335247825,0.9999988219231508,0.9999984449820749,0.9999984318720259,-15.605374113778362,-61.160633404472634,,764.0262494319949,False,False,False,,[]
254,254,255,True,1.0,1.0,254.0,255.0,254.0,255.0,255.0,0.0,28.60000038,32.0,612.1172769512846,0.5060080885887146,0.5060080885887146,0.0,1.0,0.5912509178160676,0.5909830457682299,0.9999729758240721,0.9799730181694031,0.9999724378532842,0.9999988219231508,0.9999988076401308,0.9999984318720259,0.9999984170682559,-17.71265607462844,-69.43243479952802,,740.3262037990037,False,False,False,,[]
255,255,256,True,1.0,1.0,255.0,256.0,255.0,256.0,256.0,0.0,32.0,32.0,91.89795333333335,0.5060082674026489,0.5060082674026489,0.0,1.0,0.5909830457682299,0.5909347380954071,0.9999724378532842,0.9799724817276001,0.999972343565523,0.9999988076401308,0.9999988025802897,0.9999984170682559,0.9999984128905349,-3.1961748443895095,-12.521348795667292,,937.2299509667257,False,False,False,,[]
256,256,257,True,1.0,1.0,256.0,257.0,256.0,257.0,257.0,0.0,32.0,32.0,91.89795333333335,0.5060082674026489,0.5060082674026489,0.0,1.0,0.5909347380954071,0.5908864303269153,0.999972343565523,0.9799723625183105,0.9999722492775663,0.9999988025802897,0.9999987975204486,0.9999984128905349,0.999998408712814,-3.1961748443895095,-12.521373593072425,,937.2298497575395,False,False,False,,[]
257,257,258,True,1.0,1.0,257.0,258.0,257.0,258.0,258.0,0.0,32.0,32.0,91.89795333333335,0.5060083270072937,0.5060083270072937,0.0,1.0,0.5908864303269153,0.5908381224641891,0.9999722492775663,0.979972243309021,0.999972154989417,0.9999987975204486,0.9999987924606072,0.999998408712814,0.999998404535093,-3.1961748705467783,-12.521398018648252,,937.2297497693497,False,False,False,,[]
258,258,259,True,1.0,1.0,258.0,259.0,258.0,259.0,259.0,0.0,32.0,32.0,91.89795333333335,0.5060083270072937,0.5060083270072937,0.0,1.0,0.5908381224641891,0.5907898145094053,0.999972154989417,0.9799721837043762,0.9999720607010796,0.9999987924606072,0.9999987874007658,0.999998404535093,0.9999984003573721,-3.1961748705467783,-12.521421879975216,,937.2296523760448,False,False,False,,[]
259,259,260,True,1.0,1.0,259.0,260.0,259.0,260.0,260.0,0.0,32.0,32.0,91.89795333333335,0.5060083866119385,0.5060083866119385,0.0,1.0,0.5907898145094053,0.5907415064639027,0.9999720607010796,0.9799720644950867,0.9999719664125566,0.9999987874007658,0.999998782340924,0.9999984003573721,0.9999983961796511,-3.1961748967040347,-12.521445394259358,,937.2295561002636,False,False,False,,[]
260,260,261,True,1.0,1.0,260.0,261.0,260.0,261.0,261.0,0.0,32.0,32.0,91.89795333333335,0.5060083866119385,0.5060083866119385,0.0,1.0,0.5907415064639027,0.5906931983297653,0.9999719664125566,0.9799720048904419,0.9999718721238525,0.999998782340924,0.9999987772810822,0.9999983961796511,0.9999983920019302,-3.1961748967040347,-12.521468368407247,,937.2294623377388,False,False,False,,[]
261,261,262,True,1.0,1.0,261.0,262.0,261.0,262.0,262.0,0.0,32.0,32.0,91.89795333333335,0.5060084462165833,0.5060084462165833,0.0,1.0,0.5906931983297653,0.5906448901082415,0.9999718721238525,0.9799718856811523,0.9999717778349698,0.9999987772810822,0.9999987722212401,0.9999983920019302,0.9999983878242092,-3.196174922861278,-12.521491018973972,,937.229369593751,False,False,False,,[]
262,262,263,True,1.0,1.0,262.0,263.0,262.0,263.0,263.0,0.0,32.0,32.0,91.89795333333335,0.5060084462165833,0.5060084462165833,0.0,1.0,0.5906448901082415,0.590596581801327,0.9999717778349698,0.9799718260765076,0.9999716835459126,0.9999987722212401,0.999998767161398,0.9999983878242092,0.9999983836464883,-3.196174922861278,-12.521513152238082,,937.2292792562308,False,False,False,,[]
263,263,264,True,1.0,1.0,263.0,264.0,263.0,264.0,264.0,0.0,32.0,32.0,91.89795333333335,0.506008505821228,0.506008505821228,0.0,1.0,0.590596581801327,0.5905482734101846,0.9999716835459126,0.979971706867218,0.9999715892566832,0.999998767161398,0.9999987621015556,0.9999983836464883,0.9999983794687674,-3.196174949018508,-12.521534984135807,,937.2291898523044,False,False,False,,[]
264,264,265,True,1.0,1.0,264.0,265.0,264.0,265.0,265.0,0.0,32.0,32.0,91.89795333333335,0.506008505821228,0.506008505821228,0.0,1.0,0.5905482734101846,0.5904999649367264,0.9999715892566832,0.9799715876579285,0.9999714949672854,0.9999987621015556,0.9999987570417131,0.9999983794687674,0.9999983752910464,-3.196174949018508,-12.521556320349749,,937.2291027620026,False,False,False,,[]
265,265,266,True,1.0,1.0,265.0,266.0,265.0,266.0,266.0,0.0,32.0,32.0,91.89795333333335,0.5060085654258728,0.5060085654258728,0.0,1.0,0.5904999649367264,0.5904516563820341,0.9999714949672854,0.9799715280532837,0.9999714006777217,0.9999987570417131,0.9999987519818704,0.9999983752910464,0.9999983711133255,-3.1961749751757242,-12.521577376247706,,937.2290165340047,False,False,False,,[]
266,266,267,True,1.0,1.0,266.0,267.0,266.0,267.0,267.0,0.0,32.0,32.0,91.89795333333335,0.5060085654258728,0.5060085654258728,0.0,1.0,0.5904516563820341,0.590403347747941,0.9999714006777217,0.9799714088439941,0.9999713063879957,0.9999987519818704,0.9999987469220276,0.9999983711133255,0.9999983669356045,-3.1961749751757242,-12.52159795693468,,937.228932530787,False,False,False,,[]
267,267,268,True,1.0,1.0,267.0,268.0,267.0,268.0,268.0,0.0,32.0,32.0,91.89795333333335,0.5060086250305176,0.5060086250305176,0.0,1.0,0.590403347747941,0.5903550390354517,0.9999713063879957,0.9799713492393494,0.9999712120981094,0.9999987469220276,0.9999987418621845,0.9999983669356045,0.9999983627578836,-3.196175001332928,-12.521618277219204,,937.2288492930325,False,False,False,,[]
268,268,269,True,1.0,1.0,268.0,269.0,268.0,269.0,269.0,0.0,32.0,32.0,91.89795333333335,0.5060086250305176,0.5060086250305176,0.0,1.0,0.5903550390354517,0.5903067302463249,0.9999712120981094,0.9799712300300598,0.9999711178080664,0.9999987418621845,0.9999987368023414,0.9999983627578836,0.9999983585801626,-3.196175001332928,-12.521638141688271,,937.2287682144242,False,False,False,,[]
269,269,270,True,1.0,1.0,269.0,270.0,269.0,270.0,270.0,0.0,32.0,32.0,91.89795333333335,0.5060086846351624,0.5060086846351624,0.0,1.0,0.5903067302463249,0.5902584213814922,0.9999711178080664,0.9799711108207703,0.9999710235178687,0.9999987368023414,0.999998731742498,0.9999983585801626,0.9999983544024417,-3.196175027490118,-12.521657764627816,,937.2286878373037,False,False,False,,[]
270,270,271,True,1.0,1.0,270.0,271.0,270.0,271.0,271.0,0.0,32.0,32.0,91.89795333333335,0.5060086846351624,0.5060086846351624,0.0,1.0,0.5902584213814922,0.5902101124426414,0.9999710235178687,0.9799710512161255,0.9999709292275197,0.999998731742498,0.9999987266826545,0.9999983544024417,0.9999983502247207,-3.196175027490118,-12.521676950106828,,937.2286095277548,False,False,False,,[]
271,271,272,True,1.0,1.0,271.0,272.0,271.0,272.0,272.0,0.0,32.0,32.0,91.89795333333335,0.5060087442398071,0.5060087442398071,0.0,1.0,0.5902101124426414,0.5901618034306356,0.9999709292275197,0.9799709320068359,0.9999708349370212,0.9999987266826545,0.9999987216228108,0.9999983502247207,0.9999983460469998,-3.1961750536472953,-12.521695911916156,,937.2285318398222,False,False,False,,[]
272,272,273,True,1.0,1.0,272.0,273.0,272.0,273.0,273.0,0.0,32.0,32.0,91.89795333333335,0.5060087442398071,0.5060087442398071,0.0,1.0,0.5901618034306356,0.5901134943470953,0.9999708349370212,0.9799708724021912,0.9999707406463765,0.9999987216228108,0.999998716562967,0.9999983460469998,0.9999983418692788,-3.1961750536472953,-12.521714453657202,,937.2284561604589,False,False,False,,[]
273,273,274,True,1.0,1.0,273.0,274.0,273.0,274.0,274.0,0.0,32.0,32.0,91.89795333333335,0.5060087442398071,0.5060087442398071,0.0,1.0,0.5901134943470953,0.5900651851932135,0.9999707406463765,0.9799707531929016,0.999970646355588,0.999998716562967,0.9999987115031232,0.9999983418692788,0.9999983376915579,-3.1961750536472953,-12.521732686151712,,937.2283817437209,False,False,False,,[]
274,274,275,True,1.0,1.0,274.0,275.0,274.0,275.0,275.0,0.0,32.0,32.0,91.89795333333335,0.5060088038444519,0.5060088038444519,0.0,1.0,0.5900651851932135,0.5900168759697566,0.999970646355588,0.9799706935882568,0.9999705520646572,0.9999987115031232,0.9999987064432793,0.9999983376915579,0.9999983335138369,-3.196175079804459,-12.52175072001973,,937.228307941576,False,False,False,,[]
275,275,276,True,1.0,1.0,275.0,276.0,275.0,276.0,276.0,0.0,32.0,32.0,91.89795333333335,0.5060088038444519,0.5060088038444519,0.0,1.0,0.5900168759697566,0.5899685666782513,0.9999705520646572,0.9799705743789673,0.9999704577735874,0.9999987064432793,0.9999987013834353,0.9999983335138369,0.999998329336116,-3.196175079804459,-12.521768358184207,,937.2282359485665,False,False,False,,[]
276,276,277,True,1.0,1.0,276.0,277.0,276.0,277.0,277.0,0.0,32.0,32.0,91.89795333333335,0.5060088634490967,0.5060088634490967,0.0,1.0,0.5899685666782513,0.5899202573194037,0.9999704577735874,0.9799704551696777,0.9999703634823799,0.9999987013834353,0.999998696323591,0.999998329336116,0.9999983251583952,-3.1961751059616086,-12.521785813303708,,937.2281645076381,False,False,False,,[]
277,277,278,True,1.0,1.0,277.0,278.0,277.0,278.0,278.0,0.0,32.0,32.0,91.89795333333335,0.5060088634490967,0.5060088634490967,0.0,1.0,0.5899202573194037,0.5898719478946819,0.9999703634823799,0.979970395565033,0.9999702691910377,0.999998696323591,0.9999986912637466,0.9999983251583952,0.9999983209806743,-3.1961751059616086,-12.521802887888608,,937.2280948146001,False,False,False,,[]
278,278,279,True,1.0,1.0,278.0,279.0,278.0,279.0,279.0,0.0,32.0,32.0,91.89795333333335,0.5060089230537415,0.5060089230537415,0.0,1.0,0.5898719478946819,0.5898236384047352,0.9999702691910377,0.9799702763557434,0.9999701748995622,0.9999986912637466,0.999998686203902,0.9999983209806743,0.9999983168029535,-3.1961751321187464,-12.521819794198652,,937.2280255163399,False,False,False,,[]
279,279,280,True,1.0,1.0,279.0,280.0,279.0,280.0,280.0,0.0,32.0,29.25,-330.2499633333336,0.5060089230537415,0.5060089230537415,0.0,1.0,0.5898236384047352,0.5899375986328251,0.9999701748995622,0.9799702167510986,0.9999699377155481,0.999998686203902,0.999998675307172,0.9999983168029535,0.9999983087046485,7.543495641237753,29.538491120920558,,1076.7122967152243,False,False,False,,[]
280,280,281,True,1.0,1.0,280.0,281.0,280.0,281.0,281.0,0.0,29.25,26.5,-331.6470295768232,0.5060089826583862,0.5060089826583862,0.0,1.0,0.5899375986328251,0.5900338776806637,0.9999699377155481,0.9799699783325195,0.9999697407673862,0.999998675307172,0.9999986620105116,0.9999983087046485,0.9999982953274139,6.373197306995309,24.955529199778248,,1052.5322383709129,False,False,False,,[]
281,281,282,True,1.0,1.0,281.0,282.0,281.0,282.0,282.0,0.0,26.5,23.75,-332.91864497395807,0.5060091018676758,0.5060091018676758,0.0,1.0,0.5900338776806637,0.5901233316107987,0.9999697407673862,0.9799697399139404,0.9999695589983614,0.9999986620105116,0.9999986524485135,0.9999982953274139,0.9999982832765867,5.921638443930853,23.18645869096262,,1052.259635454183,False,False,False,,[]
282,282,283,True,1.0,1.0,282.0,283.0,282.0,283.0,283.0,0.0,23.75,21.0,-334.06480952473987,0.5060091018676758,0.5060091018676758,0.0,1.0,0.5901233316107987,0.5901954814663779,0.9999695589983614,0.9799695611000061,0.9999694148518375,0.9999986524485135,0.999998635513563,0.9999982832765867,0.999998272551245,4.776155515578153,18.701242566146632,,1031.0074575557896,False,False,False,,[]
283,283,284,True,1.0,1.0,283.0,284.0,283.0,284.0,284.0,0.0,21.0,18.25,-335.0855232291664,0.5060091614723206,0.5060091614723206,0.0,1.0,0.5901954814663779,0.5902718919471316,0.9999694148518375,0.9799694418907166,0.9999692615554951,0.999998635513563,0.9999986309051421,0.999998272551245,0.999998267302452,5.058502610286454,19.805596611362372,,1053.9891531227847,False,False,False,,[]
284,284,285,True,1.0,1.0,284.0,285.0,284.0,285.0,285.0,0.0,18.25,15.5,-335.98078608723984,0.5060092210769653,0.5060092210769653,0.0,1.0,0.5902718919471316,0.5903329166008209,0.9999692615554951,0.9799692630767822,0.9999691409554641,0.9999986309051421,0.9999986263368192,0.999998267302452,0.9999982573962793,4.039929625085102,15.817590236274958,,1035.7222199988926,False,False,False,,[]
285,285,286,True,1.0,1.0,285.0,286.0,285.0,286.0,286.0,0.0,15.5,12.75,-336.75059809895833,0.5060092806816101,0.5060092806816101,0.0,1.0,0.5903329166008209,0.5903733915935633,0.9999691409554641,0.9799691438674927,0.9999690625586843,0.9999986263368192,0.9999986198235529,0.9999982573962793,0.9999982387931107,2.679440726741144,10.49111811882096,,1007.5758415676245,False,False,False,,[]
286,286,287,True,1.0,1.0,286.0,287.0,286.0,287.0,287.0,0.0,12.75,10.0,-337.39495926432295,0.5060092806816101,0.5060092806816101,0.0,1.0,0.5903733915935633,0.5904066684893887,0.9999690625586843,0.9799690842628479,0.9999689985563086,0.9999986198235529,0.9999986152332063,0.9999982387931107,0.9999982237831316,2.2029415561345798,8.625371397940743,,1007.3296657537593,False,False,False,,[]
287,287,288,True,1.0,1.0,287.0,288.0,287.0,288.0,288.0,0.0,10.0,6.66666698,-427.4603492618334,0.5060092806816101,0.5060092806816101,0.0,1.0,0.5904066684893887,0.5904323158130251,0.9999689985563086,0.9799690246582031,0.9999689495949039,0.9999986152332063,0.9999986053527272,0.9999982237831316,0.9999982098514132,1.6978632570397298,6.647786286565304,,996.9483268339267,False,False,False,,[]
288,288,289,True,1.0,1.0,288.0,289.0,288.0,289.0,289.0,0.0,6.66666698,3.33333325,-427.92125104217246,0.5060093402862549,0.5060093402862549,0.0,1.0,0.5904323158130251,0.5904464042933922,0.9999689495949039,0.9799689650535583,0.9999689230020393,0.9999986053527272,0.999998598005611,0.9999982098514132,0.9999982014833702,0.9326489019274541,3.6517341111485004,,995.7323257285562,False,False,False,,[]
289,289,290,True,1.0,1.0,289.0,290.0,289.0,290.0,290.0,0.0,3.33333325,0.0,-428.1976530918764,0.5060093402862549,0.5060093402862549,0.0,1.0,0.5904464042933922,0.5904511035525897,0.9999689230020393,0.9799689650535583,0.9999689142130022,0.999998598005611,0.9999985955549905,0.9999982014833702,0.999998198692221,0.31108375728965365,1.2180479839685177,,998.5806033465584,False,False,False,,[]
290,290,291,True,1.0,1.0,290.0,291.0,290.0,291.0,291.0,0.0,0.0,0.0,83.40462000000002,0.5060093402862549,0.5060093402862549,0.0,1.0,0.5904511035525897,0.5904511035525897,0.9999689142130022,0.9799689054489136,0.9999689142130022,0.9999985955549905,0.9999985955549905,0.999998198692221,0.999998198692221,-0.0,0.0,,1000.0,False,False,False,,[]
291,291,292,True,1.0,1.0,291.0,292.0,291.0,292.0,292.0,0.0,0.0,0.0,83.40462000000002,0.5060093402862549,0.5060093402862549,0.0,1.0,0.5904511035525897,0.5904511035525897,0.9999689142130022,0.9799689054489136,0.9999689142130022,0.9999985955549905,0.9999985955549905,0.999998198692221,0.999998198692221,-0.0,0.0,,1000.0,False,False,False,,[]
292,292,293,True,1.0,1.0,292.0,293.0,292.0,293.0,293.0,0.0,0.0,0.0,83.40462000000002,0.5060093402862549,0.5060093402862549,0.0,1.0,0.5904511035525897,0.5904511035525897,0.9999689142130022,0.9799689054489136,0.9999689142130022,0.9999985955549905,0.9999985955549905,0.999998198692221,0.999998198692221,-0.0,0.0,,1000.0,False,False,False,,[]
293,293,294,True,1.0,1.0,293.0,294.0,293.0,294.0,294.0,0.0,0.0,0.0,83.40462000000002,0.5060093402862549,0.5060093402862549,0.0,1.0,0.5904511035525897,0.5904511035525897,0.9999689142130022,0.9799689054489136,0.9999689142130022,0.9999985955549905,0.9999985955549905,0.999998198692221,0.999998198692221,-0.0,0.0,,1000.0,False,False,False,,[]
294,294,295,True,1.0,1.0,294.0,295.0,294.0,295.0,295.0,0.0,0.0,0.0,83.40462000000002,0.5060093402862549,0.5060093402862549,0.0,1.0,0.5904511035525897,0.5904511035525897,0.9999689142130022,0.9799689054489136,0.9999689142130022,0.9999985955549905,0.9999985955549905,0.999998198692221,0.999998198692221,-0.0,0.0,,1000.0,False,False,False,,[]
295,295,296,True,1.0,1.0,295.0,296.0,295.0,296.0,296.0,0.0,0.0,0.0,83.40462000000002,0.5060093402862549,0.5060093402862549,0.0,1.0,0.5904511035525897,0.5904511035525897,0.9999689142130022,0.9799689054489136,0.9999689142130022,0.9999985955549905,0.9999985955549905,0.999998198692221,0.999998198692221,-0.0,0.0,,1000.0,False,False,False,,[]
296,296,297,True,1.0,1.0,296.0,297.0,296.0,297.0,297.0,0.0,0.0,0.0,83.40462000000002,0.5060093402862549,0.5060093402862549,0.0,1.0,0.5904511035525897,0.5904511035525897,0.9999689142130022,0.9799689054489136,0.9999689142130022,0.9999985955549905,0.9999985955549905,0.999998198692221,0.999998198692221,-0.0,0.0,,1000.0,False,False,False,,[]
297,297,298,True,1.0,1.0,297.0,298.0,297.0,298.0,298.0,0.0,0.0,0.0,83.40462000000002,0.5060093402862549,0.5060093402862549,0.0,1.0,0.5904511035525897,0.5904511035525897,0.9999689142130022,0.9799689054489136,0.9999689142130022,0.9999985955549905,0.9999985955549905,0.999998198692221,0.999998198692221,-0.0,0.0,,1000.0,False,False,False,,[]
298,298,299,True,1.0,1.0,298.0,299.0,298.0,299.0,299.0,0.0,0.0,0.0,83.40462000000002,0.5060093402862549,0.5060093402862549,0.0,1.0,0.5904511035525897,0.5904511035525897,0.9999689142130022,0.9799689054489136,0.9999689142130022,0.9999985955549905,0.9999985955549905,0.999998198692221,0.999998198692221,-0.0,0.0,,1000.0,False,False,False,,[]
299,299,300,True,1.0,1.0,299.0,300.0,299.0,300.0,300.0,0.0,0.0,0.0,83.40462000000002,0.5060093402862549,0.5060093402862549,0.0,1.0,0.5904511035525897,0.5904511035525897,0.9999689142130022,0.9799689054489136,0.9999689142130022,0.9999985955549905,0.9999985955549905,0.999998198692221,0.999998198692221,-0.0,0.0,,1000.0,False,False,False,,[]
300,300,301,True,1.0,1.0,300.0,301.0,300.0,301.0,301.0,0.0,0.0,0.0,83.40462000000002,0.5060093402862549,0.5060093402862549,0.0,1.0,0.5904511035525897,0.5904511035525897,0.9999689142130022,0.9799689054489136,0.9999689142130022,0.9999985955549905,0.9999985955549905,0.999998198692221,0.999998198692221,-0.0,0.0,,1000.0,False,False,False,,[]
301,301,302,True,1.0,1.0,301.0,302.0,301.0,302.0,302.0,0.0,0.0,0.0,83.40462000000002,0.5060093402862549,0.5060093402862549,0.0,1.0,0.5904511035525897,0.5904511035525897,0.9999689142130022,0.9799689054489136,0.9999689142130022,0.9999985955549905,0.9999985955549905,0.999998198692221,0.999998198692221,-0.0,0.0,,1000.0,False,False,False,,[]
302,302,303,True,1.0,1.0,302.0,303.0,302.0,303.0,303.0,0.0,0.0,0.0,83.40462000000002,0.5060093402862549,0.5060093402862549,0.0,1.0,0.5904511035525897,0.5904511035525897,0.9999689142130022,0.9799689054489136,0.9999689142130022,0.9999985955549905,0.9999985955549905,0.999998198692221,0.999998198692221,-0.0,0.0,,1000.0,False,False,False,,[]
303,303,304,True,1.0,1.0,303.0,304.0,303.0,304.0,304.0,0.0,0.0,0.0,83.40462000000002,0.5060093402862549,0.5060093402862549,0.0,1.0,0.5904511035525897,0.5904511035525897,0.9999689142130022,0.9799689054489136,0.9999689142130022,0.9999985955549905,0.9999985955549905,0.999998198692221,0.999998198692221,-0.0,0.0,,1000.0,False,False,False,,[]
304,304,305,True,1.0,1.0,304.0,305.0,304.0,305.0,305.0,0.0,0.0,0.0,83.40462000000002,0.5060093402862549,0.5060093402862549,0.0,1.0,0.5904511035525897,0.5904511035525897,0.9999689142130022,0.9799689054489136,0.9999689142130022,0.9999985955549905,0.9999985955549905,0.999998198692221,0.999998198692221,-0.0,0.0,,1000.0,False,False,False,,[]
305,305,306,True,1.0,1.0,305.0,306.0,305.0,306.0,306.0,0.0,0.0,0.0,83.40462000000002,0.5060093402862549,0.5060093402862549,0.0,1.0,0.5904511035525897,0.5904511035525897,0.9999689142130022,0.9799689054489136,0.9999689142130022,0.9999985955549905,0.9999985955549905,0.999998198692221,0.999998198692221,-0.0,0.0,,1000.0,False,False,False,,[]
306,306,307,True,1.0,1.0,306.0,307.0,306.0,307.0,307.0,0.0,0.0,0.0,83.40462000000002,0.5060093402862549,0.5060093402862549,0.0,1.0,0.5904511035525897,0.5904511035525897,0.9999689142130022,0.9799689054489136,0.9999689142130022,0.9999985955549905,0.9999985955549905,0.999998198692221,0.999998198692221,-0.0,0.0,,1000.0,False,False,False,,[]
307,307,308,True,1.0,1.0,307.0,308.0,307.0,308.0,308.0,0.0,0.0,0.0,83.40462000000002,0.5060093402862549,0.5060093402862549,0.0,1.0,0.5904511035525897,0.5904511035525897,0.9999689142130022,0.9799689054489136,0.9999689142130022,0.9999985955549905,0.9999985955549905,0.999998198692221,0.999998198692221,-0.0,0.0,,1000.0,False,False,False,,[]
308,308,309,True,1.0,1.0,308.0,309.0,308.0,309.0,309.0,0.0,0.0,0.0,83.40462000000002,0.5060093402862549,0.5060093402862549,0.0,1.0,0.5904511035525897,0.5904511035525897,0.9999689142130022,0.9799689054489136,0.9999689142130022,0.9999985955549905,0.9999985955549905,0.999998198692221,0.999998198692221,-0.0,0.0,,1000.0,False,False,False,,[]
309,309,310,True,1.0,1.0,309.0,310.0,309.0,310.0,310.0,0.0,0.0,0.0,83.40462000000002,0.5060093402862549,0.5060093402862549,0.0,1.0,0.5904511035525897,0.5904511035525897,0.9999689142130022,0.9799689054489136,0.9999689142130022,0.9999985955549905,0.9999985955549905,0.999998198692221,0.999998198692221,-0.0,0.0,,1000.0,False,False,False,,[]
310,310,311,True,1.0,1.0,310.0,311.0,310.0,311.0,311.0,0.0,0.0,0.0,83.40462000000002,0.5060093402862549,0.5060093402862549,0.0,1.0,0.5904511035525897,0.5904511035525897,0.9999689142130022,0.9799689054489136,0.9999689142130022,0.9999985955549905,0.9999985955549905,0.999998198692221,0.999998198692221,-0.0,0.0,,1000.0,False,False,False,,[]
311,311,312,True,1.0,1.0,311.0,312.0,311.0,312.0,312.0,0.0,0.0,3.0,543.92962,0.5060093402862549,0.5060093402862549,0.0,1.0,0.5904511035525897,0.5904304495840917,0.9999689142130022,0.9799689054489136,0.9999688749761761,0.9999985955549905,0.9999985927533203,0.999998198692221,0.9999981955012415,-1.3673444444444445,-5.353508634671713,,970.3365206771598,False,False,False,,[]
312,312,313,True,1.0,1.0,312.0,313.0,312.0,313.0,313.0,0.0,3.0,6.0,544.0042684375,0.5060093402862549,0.5060093402862549,0.0,1.0,0.5904304495840917,0.5903684708599176,0.9999688749761761,0.9799689054489136,0.9999687523762889,0.9999985927533203,0.9999985843471562,0.9999981955012415,0.9999981859269893,-4.102596292892156,-16.064885305943044,,915.5671909575311,False,False,False,,[]
313,313,314,True,1.0,1.0,313.0,314.0,313.0,314.0,314.0,0.0,6.0,9.0,544.2282137500001,0.5060093402862549,0.5060093402862549,0.0,1.0,0.5903684708599176,0.5902651147892134,0.9999687523762889,0.979968786239624,0.9999685394825678,0.9999985843471562,0.999998570331115,0.9999981859269893,0.9999981699633336,-6.840475285947714,-26.789893526533376,,866.0819565240888,False,False,False,,[]
314,314,315,True,1.0,1.0,314.0,315.0,314.0,315.0,315.0,0.0,9.0,12.0,544.6014559374998,0.5060094594955444,0.5060094594955444,0.0,1.0,0.5902651147892134,0.5901520591790085,0.9999685394825678,0.9799685478210449,0.9999683043894635,0.999998570331115,0.9999985663237846,0.9999981699633336,0.9999981475988934,-7.481910365859532,-29.304014165127743,,859.8920366751663,False,False,False,,[]
315,315,316,True,1.0,1.0,315.0,316.0,315.0,316.0,316.0,0.0,12.0,15.0,545.1239950000004,0.5060095191001892,0.5060095191001892,0.0,1.0,0.5901520591790085,0.5900033491983219,0.9999683043894635,0.9799683094024658,0.9999679884820702,0.9999985663237846,0.9999985585514639,0.9999981475988934,0.9999981188170273,-9.83996993573136,-38.54562699395791,,821.7906624792215,False,False,False,,[]
316,316,317,True,1.0,1.0,316.0,317.0,316.0,317.0,317.0,0.0,15.0,15.0,85.27083093750002,0.506009578704834,0.506009578704834,0.0,1.0,0.5900033491983219,0.5899751490383836,0.9999679884820702,0.9799680113792419,0.9999679345126222,0.9999985585514639,0.9999985554282111,0.9999981188170273,0.9999981140260467,-1.8665768861159817,-7.309481456005532,,960.1431721375506,False,False,False,,[]
317,317,318,True,1.0,1.0,317.0,318.0,317.0,318.0,318.0,0.0,15.0,15.0,85.27083093750002,0.5060096383094788,0.5060096383094788,0.0,1.0,0.5899751490383836,0.5899469487901785,0.9999679345126222,0.9799679517745972,0.9999678805430006,0.9999985554282111,0.9999985523049582,0.9999981140260467,0.9999981092350666,-1.8665768402063836,-7.309504334738992,,960.1430750663923,False,False,False,,[]
318,318,319,True,1.0,1.0,318.0,319.0,318.0,319.0,319.0,0.0,15.0,17.22220039,426.39710913908345,0.5060096383094788,0.5060096383094788,0.0,1.0,0.5899469487901785,0.5898349142753709,0.9999678805430006,0.9799678921699524,0.9999676478058079,0.9999985523049582,0.99999854749073,0.9999981092350666,0.9999980930762682,-7.4135951374324724,-29.039346238127727,,864.8414828361215,False,False,False,,[]
319,319,320,True,1.0,1.0,319.0,320.0,319.0,320.0,320.0,0.0,17.22220039,19.44440079,426.99101518791775,0.5060096979141235,0.5060096979141235,0.0,1.0,0.5898349142753709,0.5897161827103607,0.9999676478058079,0.9799676537513733,0.9999673995351304,0.99999854749073,0.9999985370232479,0.9999980930762682,0.9999980868280953,-7.856288354274584,-30.77522165065441,,861.865173233263,False,False,False,,[]
320,320,321,True,1.0,1.0,320.0,321.0,320.0,321.0,321.0,0.0,19.44440079,21.66659927,427.6665420835615,0.5060097575187683,0.5060097575187683,0.0,1.0,0.5897161827103607,0.5895900053750204,0.9999673995351304,0.9799674153327942,0.9999671337663455,0.9999985370232479,0.9999985308626815,0.9999980868280953,0.9999980798114922,-8.348432686257024,-32.70516532021548,,857.6834060121726,False,False,False,,[]
321,321,322,True,1.0,1.0,321.0,322.0,321.0,322.0,322.0,0.0,21.66659927,23.88879967,428.4245748765282,0.5060098171234131,0.5060098171234131,0.0,1.0,0.5895900053750204,0.5894342712906966,0.9999671337663455,0.9799671769142151,0.9999668038848243,0.9999985308626815,0.9999985165567544,0.9999980798114922,0.9999980665482046,-10.302639481207185,-40.36627465672202,,822.1713627737513,False,False,False,,[]
322,322,323,True,1.0,1.0,322.0,323.0,322.0,323.0,323.0,0.0,23.88879967,26.11100006,429.2642291331187,0.5060099363327026,0.5060099363327026,0.0,1.0,0.5894342712906966,0.5892695401753136,0.9999668038848243,0.9799668192863464,0.9999664562514258,0.9999985165567544,0.9999985056983928,0.9999980665482046,0.9999980518121627,-10.896947690871329,-42.698305107263984,,816.2673204334907,False,False,False,,[]
323,323,324,True,1.0,1.0,323.0,324.0,323.0,324.0,324.0,0.0,26.11100006,28.33320045,430.18580203586635,0.5060100555419922,0.5060100555419922,0.0,1.0,0.5892695401753136,0.5890905372094193,0.9999664562514258,0.9799664616584778,0.9999660808076182,0.9999985056983928,0.9999984920728523,0.9999980518121627,0.9999980384809047,-11.83983335887182,-46.397568759812756,,804.1790644035773,False,False,False,,[]
324,324,325,True,1.0,1.0,324.0,325.0,324.0,325.0,325.0,0.0,28.33320045,30.55540085,431.18929358836357,0.5060101747512817,0.5060101747512817,0.0,1.0,0.5890905372094193,0.5889051864951677,0.9999660808076182,0.9799661040306091,0.9999656931358379,0.9999984920728523,0.9999984806134598,0.9999980384809047,0.9999980283473355,-12.25870544687803,-48.04290513401237,,802.7545050020043,False,False,False,,[]
325,325,326,True,1.0,1.0,325.0,326.0,325.0,326.0,326.0,0.0,30.55540085,32.77759933,432.2744059895129,0.5060102939605713,0.5060102939605713,0.0,1.0,0.5889051864951677,0.588700685747968,0.9999656931358379,0.9799656867980957,0.9999652691208455,0.9999984806134598,0.9999984669538259,0.9999980283473355,0.999998014468933,-13.523597342619167,-53.00659367415689,,784.6581856017151,False,False,False,,[]
326,326,327,True,1.0,1.0,326.0,327.0,326.0,327.0,327.0,0.0,32.77759933,35.0,433.47276704801527,0.5060104131698608,0.5060104131698608,0.0,1.0,0.588700685747968,0.5884807310539718,0.9999652691208455,0.9799652695655823,0.9999648163971148,0.9999984669538259,0.999998455433793,0.999998014468933,0.9999979956223778,-14.54386332287308,-57.012256683798746,,771.8469413500728,False,False,False,,[]
327,327,328,True,1.0,1.0,327.0,328.0,327.0,328.0,328.0,0.0,35.0,35.0,93.56510177083334,0.5060105323791504,0.5060105323791504,0.0,1.0,0.5884807310539718,0.5884266936761441,0.9999648163971148,0.9799648523330688,0.9999647103331701,0.999998455433793,0.9999984491662236,0.9999979956223778,0.9999979917072234,-3.5746705735847173,-14.00648833293505,,930.3827209883544,False,False,False,,[]
328,328,329,True,1.0,1.0,328.0,329.0,328.0,329.0,329.0,0.0,35.0,35.0,93.56510177083334,0.5060105919837952,0.5060105919837952,0.0,1.0,0.5884266936761441,0.5883726562374397,0.9999647103331701,0.9799647331237793,0.9999646042690997,0.9999984491662236,0.9999984428986537,0.9999979917072234,0.9999979877920687,-3.5746706431203004,-14.006504112173037,,930.3826567317116,False,False,False,,[]
329,329,330,True,1.0,1.0,329.0,330.0,329.0,330.0,330.0,0.0,35.0,36.875,381.3932267708337,0.5060105919837952,0.5060105919837952,0.0,1.0,0.5883726562374397,0.5881757395716023,0.9999646042690997,0.9799646139144897,0.9999641945475841,0.9999984428986537,0.9999984332401599,0.9999979877920687,0.9999979768521601,-13.020506196387455,-51.04079978507105,,794.6048114324476,False,False,False,,[]
330,330,331,True,1.0,1.0,330.0,331.0,330.0,331.0,331.0,0.0,36.875,38.75,382.5110093636071,0.5060107707977295,0.5060107707977295,0.0,1.0,0.5881757395716023,0.5879677464507996,0.9999641945475841,0.9799641966819763,0.9999637639954579,0.9999984332401599,0.9999984228962774,0.9999979768521601,0.9999979653077423,-13.751578366337538,-53.911816912036116,,785.5850586141472,False,False,False,,[]
331,331,332,True,1.0,1.0,331.0,332.0,331.0,332.0,332.0,0.0,38.75,40.625,383.68711104817646,0.506010890007019,0.506010890007019,0.0,1.0,0.5879677464507996,0.5877485444652352,0.9999637639954579,0.9799637794494629,0.9999633126568317,0.9999984228962774,0.9999984118318722,0.9999979653077423,0.9999979531536215,-14.491212052977298,-56.81715465831688,,776.6662286683311,False,False,False,,[]
332,332,333,True,1.0,1.0,332.0,333.0,332.0,333.0,333.0,0.0,40.625,42.5,384.9215318245446,0.5060110092163086,0.5060110092163086,0.0,1.0,0.5877485444652352,0.5875179490382775,0.9999633126568317,0.9799633026123047,0.9999628405001846,0.9999984118318722,0.9999983999713224,0.9999979531536215,0.999997940384343,-15.242842992059682,-59.77033466742173,,767.7891447337234,False,False,False,,[]
333,333,334,True,1.0,1.0,333.0,334.0,333.0,334.0,334.0,0.0,42.5,44.375,386.2142716927087,0.5060111284255981,0.5060111284255981,0.0,1.0,0.5875179490382775,0.5872757275850988,0.9999628405001846,0.9799628853797913,0.9999623474326017,0.9999983999713224,0.9999983872029404,0.999997940384343,0.9999979269941903,-16.009629804032688,-62.783800663908096,,758.905713312429,False,False,False,,[]
334,334,335,True,1.0,1.0,334.0,335.0,334.0,335.0,335.0,0.0,44.375,46.25,387.56533065266865,0.5060113072395325,0.5060113072395325,0.0,1.0,0.5872757275850988,0.5870207264971853,0.9999623474326017,0.9799623489379883,0.9999618317772773,0.9999983872029404,0.9999983733502775,0.9999979269941903,0.9999979121359631,-16.85237779604963,-66.09628198719425,,748.9079926538956,False,False,False,,[]
335,335,336,True,1.0,1.0,335.0,336.0,335.0,336.0,336.0,0.0,46.25,48.125,388.9747087044274,0.506011426448822,0.506011426448822,0.0,1.0,0.5870207264971853,0.5867526883758516,0.9999618317772773,0.9799618721008301,0.9999612935214539,0.9999983733502775,0.9999983579148617,0.9999979121359631,0.9999978962646359,-17.71186550268182,-69.47548104968581,,739.0052024836813,False,False,False,,[]
336,336,337,True,1.0,1.0,336.0,337.0,336.0,337.0,337.0,0.0,48.125,50.0,390.4424058479821,0.5060116052627563,0.5060116052627563,0.0,1.0,0.5867526883758516,0.58647305605395,0.9999612935214539,0.9799613356590271,0.9999607355522522,0.9999983579148617,0.999998342374885,0.9999978962646359,0.9999978791635961,-18.47583743804361,-72.4806978369024,,730.9566111624916,False,False,False,,[]
337,337,338,True,1.0,1.0,337.0,338.0,337.0,338.0,338.0,0.0,50.0,50.0,104.14029708333334,0.5060117840766907,0.5060117840766907,0.0,1.0,0.58647305605395,0.5863846900484835,0.9999607355522522,0.9799607396125793,0.9999605561848727,0.999998342374885,0.9999983343942453,0.9999978791635961,0.9999978684796933,-5.841541043046931,-22.904468616901347,,888.9147378309202,False,False,False,,[]
338,338,339,True,1.0,1.0,338.0,339.0,338.0,339.0,339.0,0.0,50.0,50.0,104.14029708333334,0.5060118436813354,0.5060118436813354,0.0,1.0,0.5863846900484835,0.5862963239855568,0.9999605561848727,0.979960560798645,0.9999603768173665,0.9999983343942453,0.9999983264136051,0.9999978684796933,0.9999978577957913,-5.841541034850139,-22.904483510610554,,888.9146825934523,False,False,False,,[]
339,339,340,True,1.0,1.0,339.0,340.0,339.0,340.0,340.0,0.0,50.0,50.0,104.14029708333334,0.5060119032859802,0.5060119032859802,0.0,1.0,0.5862963239855568,0.586207957864073,0.9999603768173665,0.9799603819847107,0.9999601974497312,0.9999983264136051,0.9999983184329643,0.9999978577957913,0.9999978471118901,-5.84154102665333,-22.90449868860103,,888.914626296344,False,False,False,,[]
340,340,341,True,1.0,1.0,340.0,341.0,340.0,341.0,341.0,0.0,50.0,50.0,104.14029708333334,0.506011962890625,0.506011962890625,0.0,1.0,0.586207957864073,0.5861195916829678,0.9999601974497312,0.9799602031707764,0.9999600180819643,0.9999983184329643,0.9999983104523228,0.9999978471118901,0.9999978364279898,-5.841541018456504,-22.90451414247004,,888.9145689652119,False,False,False,,[]
341,341,342,True,1.0,1.0,341.0,342.0,341.0,342.0,342.0,0.0,50.0,50.0,104.14029708333334,0.506011962890625,0.506011962890625,0.0,1.0,0.5861195916829678,0.5860312254410842,0.9999600180819643,0.979960024356842,0.9999598387140635,0.9999983104523228,0.9999983024716813,0.9999978364279898,0.9999978257440895,-5.841541018456504,-22.904529896220172,,888.9145103514396,False,False,False,,[]
342,342,343,True,1.0,1.0,342.0,343.0,342.0,343.0,343.0,0.0,50.0,50.0,104.14029708333334,0.5060120224952698,0.5060120224952698,0.0,1.0,0.5860312254410842,0.5859428591375441,0.9999598387140635,0.9799598455429077,0.9999596593460266,0.9999983024716813,0.9999982944910393,0.9999978257440895,0.9999978150601899,-5.841541010259664,-22.904545877596107,,888.9144510613048,False,False,False,,[]
343,343,344,True,1.0,1.0,343.0,344.0,343.0,344.0,344.0,0.0,50.0,50.0,104.14029708333334,0.5060120820999146,0.5060120820999146,0.0,1.0,0.5859428591375441,0.585854492771375,0.9999596593460266,0.9799596667289734,0.9999594799778516,0.9999982944910393,0.9999982865103967,0.9999978150601899,0.9999978043762913,-5.841541002062804,-22.904562111026763,,888.9143909239167,False,False,False,,[]
344,344,345,True,1.0,1.0,344.0,345.0,344.0,345.0,345.0,0.0,50.0,50.0,104.14029708333334,0.5060121417045593,0.5060121417045593,0.0,1.0,0.585854492771375,0.5857661263416335,0.9999594799778516,0.9799594879150391,0.9999593006095365,0.9999982865103967,0.9999982785297534,0.9999978043762913,0.9999977936923934,-5.8415409938659275,-22.90457858898956,,888.9143297075905,False,False,False,,[]
345,345,346,True,1.0,1.0,345.0,346.0,345.0,346.0,346.0,0.0,50.0,50.0,104.14029708333334,0.5060122013092041,0.5060122013092041,0.0,1.0,0.5857661263416335,0.5856777598474044,0.9999593006095365,0.9799593091011047,0.9999591212410792,0.9999982785297534,0.9999982705491096,0.9999977936923934,0.9999977830084964,-5.841540985669033,-22.904595304163607,,888.9142677770047,False,False,False,,[]
346,346,347,True,1.0,1.0,346.0,347.0,346.0,347.0,347.0,0.0,50.0,50.0,104.14029708333334,0.5060122609138489,0.5060122609138489,0.0,1.0,0.5856777598474044,0.5855893932878001,0.9999591212410792,0.9799591302871704,0.9999589418724777,0.9999982705491096,0.9999982625684652,0.9999977830084964,0.9999977723246002,-5.841540977472124,-22.90461224943431,,888.9142048993343,False,False,False,,[]
347,347,348,True,1.0,1.0,347.0,348.0,347.0,348.0,348.0,0.0,50.0,50.0,104.14029708333334,0.5060123205184937,0.5060123205184937,0.0,1.0,0.5855893932878001,0.5855010266619596,0.9999589418724777,0.9799589514732361,0.9999587625037301,0.9999982625684652,0.9999982545878202,0.9999977723246002,0.9999977616407048,-5.841540969275198,-22.90462941787045,,888.9141411044943,False,False,False,,[]
348,348,349,True,1.0,1.0,348.0,349.0,348.0,349.0,349.0,0.0,50.0,50.0,104.14029708333334,0.5060123801231384,0.5060123801231384,0.0,1.0,0.5855010266619596,0.5854126599690478,0.9999587625037301,0.9799587726593018,0.9999585831348345,0.9999982545878202,0.9999982466071746,0.9999977616407048,0.9999977509568102,-5.841540961078254,-22.9046468027379,,888.9140766849644,False,False,False,,[]
349,349,350,True,1.0,1.0,349.0,350.0,349.0,350.0,350.0,0.0,50.0,48.125,-183.68782791666698,0.5060124397277832,0.5060124397277832,0.0,1.0,0.5854126599690478,0.5855082071669993,0.9999585831348345,0.9799585938453674,0.999958387823625,0.9999982466071746,0.9999982359616064,0.9999977509568102,0.9999977372347384,6.319868179259575,24.765833709031703,,1054.4612768035659,False,False,False,,[]
350,350,351,True,1.0,1.0,350.0,351.0,350.0,351.0,351.0,0.0,48.125,46.25,-185.21384415201854,0.506012499332428,0.506012499332428,0.0,1.0,0.5855082071669993,0.5856013733310043,0.999958387823625,0.9799584150314331,0.9999581978226492,0.9999982359616064,0.9999982257046961,0.9999977372347384,0.999997724491968,6.16283151749625,24.14866971010053,,1053.9255617997726,False,False,False,,[]
351,351,352,True,1.0,1.0,351.0,352.0,351.0,352.0,352.0,0.0,46.25,44.375,-186.68154129557226,0.5060125589370728,0.5060125589370728,0.0,1.0,0.5856013733310043,0.585690633496139,0.9999581978226492,0.9799582362174988,0.999958016481729,0.9999982257046961,0.9999982156492406,0.999997724491968,0.9999977111736031,5.904841234706985,23.136234802923504,,1050.1468792489204,False,False,False,,[]
352,352,353,True,1.0,1.0,352.0,353.0,352.0,353.0,353.0,0.0,44.375,42.5,-188.09091934733104,0.5060125589370728,0.5060125589370728,0.0,1.0,0.585690633496139,0.5857763610245182,0.999958016481729,0.9799580574035645,0.9999578429185608,0.9999982156492406,0.999998205672319,0.9999977111736031,0.9999976980189245,5.671502083749928,22.220575355884048,,1047.3832092258808,False,False,False,,[]
353,353,354,True,1.0,1.0,353.0,354.0,353.0,354.0,354.0,0.0,42.5,40.625,-189.44197830729198,0.5060126185417175,0.5060126185417175,0.0,1.0,0.5857763610245182,0.5858559494688687,0.9999578429185608,0.9799578785896301,0.9999576827493432,0.999998205672319,0.9999981958123831,0.9999976980189245,0.9999976818459133,5.265624740941282,20.629324775624568,,1039.0026806377298,False,False,False,,[]
354,354,355,True,1.0,1.0,354.0,355.0,354.0,355.0,355.0,0.0,40.625,38.75,-190.73471817545507,0.5060126781463623,0.5060126781463623,0.0,1.0,0.5858559494688687,0.5859398467352743,0.9999576827493432,0.9799576997756958,0.9999575131955623,0.9999981958123831,0.9999981861038074,0.9999976818459133,0.9999976758039996,5.551138243510622,21.74617145234764,,1053.953346106696,False,False,False,,[]
355,355,356,True,1.0,1.0,355.0,356.0,355.0,356.0,356.0,0.0,38.75,36.875,-191.96913895182323,0.5060127377510071,0.5060127377510071,0.0,1.0,0.5859398467352743,0.5860199568695403,0.9999575131955623,0.9799575209617615,0.9999573518941607,0.9999981861038074,0.9999981764332496,0.9999976758039996,0.9999976700102758,5.3008431009385335,20.764546801762936,,1050.9895047442596,False,False,False,,[]
356,356,357,True,1.0,1.0,356.0,357.0,356.0,357.0,357.0,0.0,36.875,35.0,-193.14524063639354,0.5060127973556519,0.5060127973556519,0.0,1.0,0.5860199568695403,0.5860948177284333,0.9999573518941607,0.9799573421478271,0.9999572019342063,0.9999981764332496,0.9999981653203776,0.9999976700102758,0.9999976644701096,4.953726446356748,19.403934625060057,,1045.1634189406263,False,False,False,,[]
357,357,358,True,1.0,1.0,357.0,358.0,357.0,358.0,358.0,0.0,35.0,35.0,93.56510177083334,0.5060128569602966,0.5060128569602966,0.0,1.0,0.5860948177284333,0.5860407783650524,0.9999572019342063,0.9799572229385376,0.9999570958661584,0.9999981653203776,0.9999981590527851,0.9999976644701096,0.9999976605549453,-3.574673285462814,-14.007002988316874,,930.3806185478165,False,False,False,,[]
358,358,359,True,1.0,1.0,358.0,359.0,358.0,359.0,359.0,0.0,35.0,35.0,93.56510177083334,0.5060128569602966,0.5060128569602966,0.0,1.0,0.5860407783650524,0.5859867389508017,0.9999570958661584,0.979957103729248,0.9999569897980054,0.9999981590527851,0.9999981527851927,0.9999976605549453,0.999997656639781,-3.574673285462814,-14.007016173798826,,930.3805654136128,False,False,False,,[]
359,359,360,True,1.0,1.0,359.0,360.0,359.0,360.0,360.0,0.0,35.0,35.0,93.56510177083334,0.5060129165649414,0.5060129165649414,0.0,1.0,0.5859867389508017,0.5859326994851323,0.9999569897980054,0.9799569845199585,0.9999568837297461,0.9999981527851927,0.9999981465175996,0.999997656639781,0.9999976527246165,-3.574673354997889,-14.007029501503931,,930.380510939468,False,False,False,,[]
360,360,361,True,1.0,1.0,360.0,361.0,360.0,361.0,361.0,0.0,35.0,35.0,93.56510177083334,0.5060129165649414,0.5060129165649414,0.0,1.0,0.5859326994851323,0.5858786599695858,0.9999568837297461,0.9799569249153137,0.9999567776613838,0.9999981465175996,0.9999981402500064,0.9999976527246165,0.999997648809452,-3.574673354997889,-14.00704242966398,,930.3804588472119,False,False,False,,[]
361,361,362,True,1.0,1.0,361.0,362.0,361.0,362.0,362.0,0.0,35.0,35.0,93.56510177083334,0.5060129761695862,0.5060129761695862,0.0,1.0,0.5858786599695858,0.5858246204035885,0.9999567776613838,0.9799568057060242,0.9999566715929172,0.9999981402500064,0.9999981339824128,0.999997648809452,0.9999976448942871,-3.574673424532951,-14.007055506492488,,930.3804053838778,False,False,False,,[]
362,362,363,True,1.0,1.0,362.0,363.0,362.0,363.0,363.0,0.0,35.0,35.0,93.56510177083334,0.5060129761695862,0.5060129761695862,0.0,1.0,0.5858246204035885,0.5857705807886577,0.9999566715929172,0.9799566864967346,0.9999565655243495,0.9999981339824128,0.9999981277148191,0.9999976448942871,0.9999976409791222,-3.574673424532951,-14.007068190051637,,930.3803542717753,False,False,False,,[]
363,363,364,True,1.0,1.0,363.0,364.0,363.0,364.0,364.0,0.0,35.0,35.0,93.56510177083334,0.506013035774231,0.506013035774231,0.0,1.0,0.5857705807886577,0.5857165411241964,0.9999565655243495,0.9799565672874451,0.9999564594556795,0.9999981277148191,0.9999981214472249,0.9999976409791222,0.9999976370639572,-3.574673494068,-14.007081028380746,,930.3803018644192,False,False,False,,[]
364,364,365,True,1.0,1.0,364.0,365.0,364.0,365.0,365.0,0.0,35.0,35.0,93.56510177083334,0.506013035774231,0.506013035774231,0.0,1.0,0.5857165411241964,0.5856625014116987,0.9999564594556795,0.9799565076828003,0.9999563533869101,0.9999981214472249,0.9999981151796307,0.9999976370639572,0.9999976331487921,-3.574673494068,-14.007093479386134,,930.3802516923951,False,False,False,,[]
365,365,366,True,1.0,1.0,365.0,366.0,365.0,366.0,366.0,0.0,35.0,35.0,93.56510177083334,0.5060130953788757,0.5060130953788757,0.0,1.0,0.5856625014116987,0.5856084616505454,0.9999563533869101,0.9799563884735107,0.9999562473180402,0.9999981151796307,0.9999981089120358,0.9999976331487921,0.9999976292336268,-3.5746735636030356,-14.007106090946676,,930.3802000999931,False,False,False,,[]
366,366,367,True,1.0,1.0,366.0,367.0,366.0,367.0,367.0,0.0,35.0,35.0,93.56510177083334,0.5060130953788757,0.5060130953788757,0.0,1.0,0.5856084616505454,0.5855544218422088,0.9999562473180402,0.9799562692642212,0.9999561412490728,0.9999981089120358,0.9999981026444409,0.9999976292336268,0.9999976253184615,-3.5746735636030356,-14.007118320812827,,930.3801508201883,False,False,False,,[]
367,367,368,True,1.0,1.0,367.0,368.0,367.0,368.0,368.0,0.0,35.0,35.0,93.56510177083334,0.5060131549835205,0.5060131549835205,0.0,1.0,0.5855544218422088,0.5855003819860487,0.9999561412490728,0.9799561500549316,0.9999560351800066,0.9999981026444409,0.9999980963768454,0.9999976253184615,0.9999976214032958,-3.574673633138058,-14.00713071670302,,930.3801001018423,False,False,False,,[]
368,368,369,True,1.0,1.0,368.0,369.0,368.0,369.0,369.0,0.0,35.0,35.0,93.56510177083334,0.5060132145881653,0.5060132145881653,0.0,1.0,0.5855003819860487,0.5854463420824656,0.9999560351800066,0.9799560308456421,0.9999559291108424,0.9999980963768454,0.9999980901092494,0.9999976214032958,0.99999761748813,-3.574673702673068,-14.007143008743954,,930.3800498937059,False,False,False,,[]
369,369,370,True,1.0,1.0,369.0,370.0,369.0,370.0,370.0,0.0,35.0,35.0,93.56510177083334,0.5060132145881653,0.5060132145881653,0.0,1.0,0.5854463420824656,0.5853923021329016,0.9999559291108424,0.9799559712409973,0.9999558230415831,0.9999980901092494,0.9999980838416535,0.99999761748813,0.9999976135729641,-3.574673702673068,-14.007154926979814,,930.3800018660257,False,False,False,,[]
370,370,371,True,1.0,1.0,370.0,371.0,370.0,371.0,371.0,0.0,35.0,33.5,-136.69739822916634,0.5060132741928101,0.5060132741928101,0.0,1.0,0.5853923021329016,0.5854421366395363,0.9999558230415831,0.9799558520317078,0.9999557256283281,0.9999980838416535,0.9999980756365323,0.9999976135729641,0.9999976098360654,3.297564367080765,12.917104119687169,,1028.966604882179,False,False,False,,[]
371,371,372,True,1.0,1.0,371.0,372.0,371.0,372.0,372.0,0.0,33.5,32.0,-137.5496345572913,0.5060132741928101,0.5060132741928101,0.0,1.0,0.5854421366395363,0.5854880074497887,0.9999557256283281,0.9799557328224182,0.9999556363100581,0.9999980756365323,0.9999980676163744,0.9999976098360654,0.999997603789138,3.0353856973623925,11.889714017438418,,1023.4072665911957,False,False,False,,[]
372,372,373,True,1.0,1.0,372.0,373.0,372.0,373.0,373.0,0.0,32.0,28.8571434,-390.55672523833323,0.5060132741928101,0.5060132741928101,0.0,1.0,0.5854880074497887,0.5856219880435987,0.9999556363100581,0.9799556732177734,0.9999553519426757,0.9999980676163744,0.9999980548654782,0.999997603789138,0.9999975943037263,8.868664794024989,34.72776991555388,,1090.8784045601749,False,False,False,,[]
373,373,374,True,1.0,1.0,373.0,374.0,373.0,374.0,374.0,0.0,28.8571434,25.7142849,-392.14342289430266,0.5060133934020996,0.5060133934020996,0.0,1.0,0.5856219880435987,0.5857353769084522,0.9999553519426757,0.9799553751945496,0.9999551160797044,0.9999980548654782,0.9999980412456709,0.9999975943037263,0.9999975791999967,7.505731931130347,29.39039377005495,,1065.0523663346098,False,False,False,,[]
374,374,375,True,1.0,1.0,374.0,375.0,374.0,375.0,375.0,0.0,25.7142849,22.5714283,-393.5656839190104,0.5060134530067444,0.5060134530067444,0.0,1.0,0.5857353769084522,0.585838838285363,0.9999551160797044,0.9799551367759705,0.9999549029471174,0.9999980412456709,0.9999980280467687,0.9999975791999967,0.9999975705456493,6.8488383315915735,26.81718889528112,,1064.1636047889285,False,False,False,,[]
375,375,376,True,1.0,1.0,375.0,376.0,375.0,376.0,376.0,0.0,22.5714283,19.4285717,-394.82438158996354,0.5060135126113892,0.5060135126113892,0.0,1.0,0.585838838285363,0.5859338796866543,0.9999549029471174,0.9799548983573914,0.9999547087659292,0.9999980280467687,0.9999980222362648,0.9999975705456493,0.9999975622973725,6.291683347432848,24.63473121472985,,1065.6033385034445,False,False,False,,[]
376,376,377,True,1.0,1.0,376.0,377.0,376.0,377.0,377.0,0.0,19.4285717,16.2857151,-395.9192251508541,0.5060135722160339,0.5060135722160339,0.0,1.0,0.5859338796866543,0.5860118169129749,0.9999547087659292,0.979954719543457,0.9999545521728898,0.9999980222362648,0.9999980140081745,0.9999975622973725,0.9999975551983887,5.159410930615797,20.201329062282706,,1049.2638267828636,False,False,False,,[]
377,377,378,True,1.0,1.0,377.0,378.0,377.0,378.0,378.0,0.0,16.2857151,13.14285755,-396.85036043459894,0.5060136318206787,0.5060136318206787,0.0,1.0,0.5860118169129749,0.5860651466504753,0.9999545521728898,0.9799546003341675,0.9999544475703308,0.9999980140081745,0.9999980099159765,0.9999975551983887,0.9999975323606949,3.530299915537171,13.823067960105979,,1016.1977757463742,False,False,False,,[]
378,378,379,True,1.0,1.0,378.0,379.0,378.0,379.0,379.0,0.0,13.14285755,10.0,-397.61749598248434,0.5060136318206787,0.5060136318206787,0.0,1.0,0.5860651466504753,0.586104851315878,0.9999544475703308,0.9799544811248779,0.9999543707235452,0.9999980099159765,0.9999980042077808,0.9999975323606949,0.9999975143662382,2.6283335443384606,10.291449272370397,,1008.3870927011998,False,False,False,,[]
379,379,380,True,1.0,1.0,379.0,380.0,379.0,380.0,380.0,0.0,10.0,6.66666651,-427.46042141075003,0.5060136914253235,0.5060136914253235,0.0,1.0,0.586104851315878,0.5861305003664025,0.9999543707235452,0.9799543619155884,0.9999543217587612,0.9999980042077808,0.9999979943272351,0.9999975143662382,0.9999975004346422,1.6978660502285794,6.648233895941391,,996.9497628339302,False,False,False,,[]
380,380,381,True,1.0,1.0,380.0,381.0,380.0,381.0,381.0,0.0,6.66666651,3.33333325,-427.92117894523324,0.5060136914253235,0.5060136914253235,0.0,1.0,0.5861305003664025,0.5861445897614724,0.9999543217587612,0.9799543619155884,0.9999542951641464,0.9999979943272351,0.9999979869800573,0.9999975004346422,0.9999974920666747,0.9326487009586054,3.6519712021284674,,995.7330728649923,False,False,False,,[]
381,381,382,True,1.0,1.0,381.0,382.0,381.0,382.0,382.0,0.0,3.33333325,0.0,-428.1976530918764,0.5060136914253235,0.5060136914253235,0.0,1.0,0.5861445897614724,0.5861492893242608,0.9999542951641464,0.9799543023109436,0.9999542863745388,0.9999979869800573,0.9999979845294157,0.9999974920666747,0.99999748927555,0.3110837572896537,1.218126674733676,,998.5808526268187,False,False,False,,[]
382,382,383,True,1.0,1.0,382.0,383.0,382.0,383.0,383.0,0.0,0.0,0.0,83.40462000000002,0.5060136914253235,0.5060136914253235,0.0,1.0,0.5861492893242608,0.5861492893242608,0.9999542863745388,0.9799543023109436,0.9999542863745388,0.9999979845294157,0.9999979845294157,0.99999748927555,0.99999748927555,-0.0,0.0,,1000.0,False,False,False,,[]
383,383,384,True,1.0,1.0,383.0,384.0,383.0,384.0,384.0,0.0,0.0,0.0,83.40462000000002,0.5060136914253235,0.5060136914253235,0.0,1.0,0.5861492893242608,0.5861492893242608,0.9999542863745388,0.9799543023109436,0.9999542863745388,0.9999979845294157,0.9999979845294157,0.99999748927555,0.99999748927555,-0.0,0.0,,1000.0,False,False,False,,[]
384,384,385,True,1.0,1.0,384.0,385.0,384.0,385.0,385.0,0.0,0.0,0.0,83.40462000000002,0.5060136914253235,0.5060136914253235,0.0,1.0,0.5861492893242608,0.5861492893242608,0.9999542863745388,0.9799543023109436,0.9999542863745388,0.9999979845294157,0.9999979845294157,0.99999748927555,0.99999748927555,-0.0,0.0,,1000.0,False,False,False,,[]
385,385,386,True,1.0,1.0,385.0,386.0,385.0,386.0,386.0,0.0,0.0,0.0,83.40462000000002,0.5060136914253235,0.5060136914253235,0.0,1.0,0.5861492893242608,0.5861492893242608,0.9999542863745388,0.9799543023109436,0.9999542863745388,0.9999979845294157,0.9999979845294157,0.99999748927555,0.99999748927555,-0.0,0.0,,1000.0,False,False,False,,[]
386,386,387,True,1.0,1.0,386.0,387.0,386.0,387.0,387.0,0.0,0.0,0.0,83.40462000000002,0.5060136914253235,0.5060136914253235,0.0,1.0,0.5861492893242608,0.5861492893242608,0.9999542863745388,0.9799543023109436,0.9999542863745388,0.9999979845294157,0.9999979845294157,0.99999748927555,0.99999748927555,-0.0,0.0,,1000.0,False,False,False,,[]
387,387,388,True,1.0,1.0,387.0,388.0,387.0,388.0,388.0,0.0,0.0,0.0,83.40462000000002,0.5060136914253235,0.5060136914253235,0.0,1.0,0.5861492893242608,0.5861492893242608,0.9999542863745388,0.9799543023109436,0.9999542863745388,0.9999979845294157,0.9999979845294157,0.99999748927555,0.99999748927555,-0.0,0.0,,1000.0,False,False,False,,[]
388,388,389,True,1.0,1.0,388.0,389.0,388.0,389.0,389.0,0.0,0.0,0.0,83.40462000000002,0.5060136914253235,0.5060136914253235,0.0,1.0,0.5861492893242608,0.5861492893242608,0.9999542863745388,0.9799543023109436,0.9999542863745388,0.9999979845294157,0.9999979845294157,0.99999748927555,0.99999748927555,-0.0,0.0,,1000.0,False,False,False,,[]
389,389,390,True,1.0,1.0,389.0,390.0,389.0,390.0,390.0,0.0,0.0,0.0,83.40462000000002,0.5060136914253235,0.5060136914253235,0.0,1.0,0.5861492893242608,0.5861492893242608,0.9999542863745388,0.9799543023109436,0.9999542863745388,0.9999979845294157,0.9999979845294157,0.99999748927555,0.99999748927555,-0.0,0.0,,1000.0,False,False,False,,[]
390,390,391,True,1.0,1.0,390.0,391.0,390.0,391.0,391.0,0.0,0.0,0.0,83.40462000000002,0.5060136914253235,0.5060136914253235,0.0,1.0,0.5861492893242608,0.5861492893242608,0.9999542863745388,0.9799543023109436,0.9999542863745388,0.9999979845294157,0.9999979845294157,0.99999748927555,0.99999748927555,-0.0,0.0,,1000.0,False,False,False,,[]
391,391,392,True,1.0,1.0,391.0,392.0,391.0,392.0,392.0,0.0,0.0,0.0,83.40462000000002,0.5060136914253235,0.5060136914253235,0.0,1.0,0.5861492893242608,0.5861492893242608,0.9999542863745388,0.9799543023109436,0.9999542863745388,0.9999979845294157,0.9999979845294157,0.99999748927555,0.99999748927555,-0.0,0.0,,1000.0,False,False,False,,[]
392,392,393,True,1.0,1.0,392.0,393.0,392.0,393.0,393.0,0.0,0.0,0.0,83.40462000000002,0.5060136914253235,0.5060136914253235,0.0,1.0,0.5861492893242608,0.5861492893242608,0.9999542863745388,0.9799543023109436,0.9999542863745388,0.9999979845294157,0.9999979845294157,0.99999748927555,0.99999748927555,-0.0,0.0,,1000.0,False,False,False,,[]
393,393,394,True,1.0,1.0,393.0,394.0,393.0,394.0,394.0,0.0,0.0,0.0,83.40462000000002,0.5060136914253235,0.5060136914253235,0.0,1.0,0.5861492893242608,0.5861492893242608,0.9999542863745388,0.9799543023109436,0.9999542863745388,0.9999979845294157,0.9999979845294157,0.99999748927555,0.99999748927555,-0.0,0.0,,1000.0,False,False,False,,[]
394,394,395,True,1.0,1.0,394.0,395.0,394.0,395.0,395.0,0.0,0.0,0.0,83.40462000000002,0.5060136914253235,0.5060136914253235,0.0,1.0,0.5861492893242608,0.5861492893242608,0.9999542863745388,0.9799543023109436,0.9999542863745388,0.9999979845294157,0.9999979845294157,0.99999748927555,0.99999748927555,-0.0,0.0,,1000.0,False,False,False,,[]
395,395,396,True,1.0,1.0,395.0,396.0,395.0,396.0,396.0,0.0,0.0,0.0,83.40462000000002,0.5060136914253235,0.5060136914253235,0.0,1.0,0.5861492893242608,0.5861492893242608,0.9999542863745388,0.9799543023109436,0.9999542863745388,0.9999979845294157,0.9999979845294157,0.99999748927555,0.99999748927555,-0.0,0.0,,1000.0,False,False,False,,[]
396,396,397,True,1.0,1.0,396.0,397.0,396.0,397.0,397.0,0.0,0.0,0.0,83.40462000000002,0.5060136914253235,0.5060136914253235,0.0,1.0,0.5861492893242608,0.5861492893242608,0.9999542863745388,0.9799543023109436,0.9999542863745388,0.9999979845294157,0.9999979845294157,0.99999748927555,0.99999748927555,-0.0,0.0,,1000.0,False,False,False,,[]
397,397,398,True,1.0,1.0,397.0,398.0,397.0,398.0,398.0,0.0,0.0,0.0,83.40462000000002,0.5060136914253235,0.5060136914253235,0.0,1.0,0.5861492893242608,0.5861492893242608,0.9999542863745388,0.9799543023109436,0.9999542863745388,0.9999979845294157,0.9999979845294157,0.99999748927555,0.99999748927555,-0.0,0.0,,1000.0,False,False,False,,[]
398,398,399,True,1.0,1.0,398.0,399.0,398.0,399.0,399.0,0.0,0.0,0.0,83.40462000000002,0.5060136914253235,0.5060136914253235,0.0,1.0,0.5861492893242608,0.5861492893242608,0.9999542863745388,0.9799543023109436,0.9999542863745388,0.9999979845294157,0.9999979845294157,0.99999748927555,0.99999748927555,-0.0,0.0,,1000.0,False,False,False,,[]
399,399,400,True,1.0,1.0,399.0,400.0,399.0,400.0,400.0,0.0,0.0,0.0,83.40462000000002,0.5060136914253235,0.5060136914253235,0.0,1.0,0.5861492893242608,0.5861492893242608,0.9999542863745388,0.9799543023109436,0.9999542863745388,0.9999979845294157,0.9999979845294157,0.99999748927555,0.99999748927555,-0.0,0.0,,1000.0,False,False,False,,[]
400,400,401,True,1.0,1.0,400.0,401.0,400.0,401.0,401.0,0.0,0.0,3.75,659.0608700000001,0.5060136914253235,0.5060136914253235,0.0,1.0,0.5861492893242608,0.5861180038990711,0.9999542863745388,0.9799543023109436,0.9999542263195264,0.9999979845294157,0.9999979802860195,0.99999748927555,0.9999974844425921,-2.0709554738562095,-8.109182209173857,,955.6873753553139,False,False,False,,[]
401,401,402,True,1.0,1.0,401.0,402.0,401.0,402.0,402.0,0.0,3.75,7.5,659.1775081835939,0.5060137510299683,0.5060137510299683,0.0,1.0,0.5861180038990711,0.5860241117680713,0.9999542263195264,0.9799542427062988,0.9999540347019933,0.9999979802860195,0.9999979675535766,0.9999974844425921,0.9999974699411541,-6.213965951956956,-24.336840355140744,,876.9716124174619,False,False,False,,[]
402,402,403,True,1.0,1.0,402.0,403.0,402.0,403.0,403.0,0.0,7.5,11.25,659.5274227343749,0.5060137510299683,0.5060137510299683,0.0,1.0,0.5860241117680713,0.5858962433914603,0.9999540347019933,0.9799540638923645,0.9999537649254286,0.9999979675535766,0.999997958887453,0.9999974699411541,0.9999974457592611,-8.461386338000896,-33.143483217592745,,841.9676769784371,False,False,False,,[]
403,403,404,True,1.0,1.0,403.0,404.0,403.0,404.0,404.0,0.0,11.25,15.0,660.110613652344,0.5060138702392578,0.5060138702392578,0.0,1.0,0.5858962433914603,0.585724902456901,0.9999537649254286,0.9799537658691406,0.9999534043579962,0.999997958887453,0.999997952815801,0.9999974457592611,0.9999974118746829,-11.335987762335652,-44.411570237756344,,801.6970913955732,False,False,False,,[]
404,404,405,True,1.0,1.0,404.0,405.0,404.0,405.0,405.0,0.0,15.0,15.0,85.27083093750002,0.5060139894485474,0.5060139894485474,0.0,1.0,0.585724902456901,0.5856967004936918,0.9999534043579962,0.979953408241272,0.9999533503850018,0.999997952815801,0.9999979496925321,0.9999974118746829,0.9999974070837456,-1.866573488795849,-7.309948863820637,,960.1412078944521,False,False,False,,[]
405,405,406,True,1.0,1.0,405.0,406.0,405.0,406.0,406.0,0.0,15.0,15.0,85.27083093750002,0.5060139894485474,0.5060139894485474,0.0,1.0,0.5856967004936918,0.5856684984554879,0.9999533503850018,0.9799533486366272,0.9999532964118599,0.9999979496925321,0.9999979465692632,0.9999974070837456,0.9999974022928083,-1.866573488795849,-7.309968302472901,,960.14112516708,False,False,False,,[]
406,406,407,True,1.0,1.0,406.0,407.0,406.0,407.0,407.0,0.0,15.0,15.0,85.27083093750002,0.5060139894485474,0.5060139894485474,0.0,1.0,0.5856684984554879,0.5856402963441446,0.9999532964118599,0.9799532890319824,0.9999532424385742,0.9999979465692632,0.9999979434459944,0.9999974022928083,0.999997397501871,-1.866573488795849,-7.309987260174833,,960.1410444777823,False,False,False,,[]
407,407,408,True,1.0,1.0,407.0,408.0,407.0,408.0,408.0,0.0,15.0,15.0,85.27083093750002,0.5060139894485474,0.5060139894485474,0.0,1.0,0.5856402963441446,0.5856120941614678,0.9999532424385742,0.9799532890319824,0.9999531884651482,0.9999979434459944,0.9999979403227255,0.999997397501871,0.9999973927109337,-1.866573488795849,-7.310005749844557,,960.1409657908384,False,False,False,,[]
408,408,409,True,1.0,1.0,408.0,409.0,408.0,409.0,409.0,0.0,15.0,15.0,85.27083093750002,0.5060140490531921,0.5060140490531921,0.0,1.0,0.5856120941614678,0.5855838919099081,0.9999531884651482,0.9799532294273376,0.9999531344915868,0.9999979403227255,0.9999979371994564,0.9999973927109337,0.999997387919997,-1.8665734428859806,-7.310023604252402,,960.1408902127337,False,False,False,,[]
409,409,410,True,1.0,1.0,409.0,410.0,409.0,410.0,410.0,0.0,15.0,15.0,85.27083093750002,0.5060140490531921,0.5060140490531921,0.0,1.0,0.5855838919099081,0.585555689590482,0.9999531344915868,0.9799531698226929,0.9999530805178919,0.9999979371994564,0.9999979340761873,0.999997387919997,0.9999973831290604,-1.8665734428859806,-7.31004119524601,,960.1408153361351,False,False,False,,[]
410,410,411,True,1.0,1.0,410.0,411.0,410.0,411.0,411.0,0.0,15.0,15.0,85.27083093750002,0.5060140490531921,0.5060140490531921,0.0,1.0,0.585555689590482,0.5855274872048534,0.9999530805178919,0.9799531102180481,0.9999530265440668,0.9999979340761873,0.9999979309529182,0.9999973831290604,0.9999973783381237,-1.8665734428859806,-7.310058354931009,,960.1407423108218,False,False,False,,[]
411,411,412,True,1.0,1.0,411.0,412.0,411.0,412.0,412.0,0.0,15.0,15.0,85.27083093750002,0.5060141086578369,0.5060141086578369,0.0,1.0,0.5855274872048534,0.5854992847553353,0.9999530265440668,0.9799530506134033,0.9999529725701161,0.9999979309529182,0.9999979278296489,0.9999973783381237,0.9999973735471877,-1.8665733969761082,-7.310074915078384,,960.1406721342777,False,False,False,,[]
412,412,413,True,1.0,1.0,412.0,413.0,412.0,413.0,413.0,0.0,15.0,12.5,-298.50000239583346,0.5060141086578369,0.5060141086578369,0.0,1.0,0.5854992847553353,0.585534161950111,0.9999529725701161,0.9799529910087585,0.9999529053847432,0.9999979278296489,0.9999979221568229,0.9999973735471877,0.9999973574950497,2.308793108228112,9.040168885855065,,1006.4753539979671,False,False,False,,[]
413,413,414,True,1.0,1.0,413.0,414.0,413.0,414.0,414.0,0.0,12.5,10.0,-299.07023351562515,0.5060141086578369,0.5060141086578369,0.0,1.0,0.585534161950111,0.5855625199657966,0.9999529053847432,0.9799529314041138,0.9999528511048094,0.9999979221568229,0.9999979172574436,0.9999973574950497,0.999997344336393,1.8772475369306847,7.350397665688998,,1004.8958386896885,False,False,False,,[]
414,414,415,True,1.0,1.0,414.0,415.0,414.0,415.0,415.0,0.0,10.0,6.66666985,-427.4599086929167,0.5060141086578369,0.5060141086578369,0.0,1.0,0.5855625199657966,0.5855881678418985,0.9999528511048094,0.979952871799469,0.9999528021423236,0.9999979172574436,0.9999979073768988,0.999997344336393,0.9999973304048226,1.697864419227923,6.647929485621358,,996.9488503658705,False,False,False,,[]
415,415,416,True,1.0,1.0,415.0,416.0,415.0,416.0,416.0,0.0,6.66666985,3.33299995,-427.97285562119487,0.5060141682624817,0.5060141682624817,0.0,1.0,0.5855881678418985,0.5856022578609619,0.9999528021423236,0.9799528121948242,0.9999527755465146,0.9999979073768988,0.9999979000290692,0.9999973304048226,0.9999973220361288,0.9327305522150686,3.652132941229433,,995.7322068725819,False,False,False,,[]
416,416,417,True,1.0,1.0,416.0,417.0,416.0,417.0,417.0,0.0,3.33299995,0.0,-428.14650719332445,0.5060141682624817,0.5060141682624817,0.0,1.0,0.5856022578609619,0.5856069561945495,0.9999527755465146,0.9799528121948242,0.9999527667592166,0.9999979000290692,0.999997897578963,0.9999973220361288,0.9999973192456193,0.31101549846354387,1.2178080658994503,,998.5810044779993,False,False,False,,[]
417,417,418,True,1.0,1.0,417.0,418.0,417.0,418.0,418.0,0.0,0.0,0.0,83.40462000000002,0.5060141682624817,0.5060141682624817,0.0,1.0,0.5856069561945495,0.5856069561945495,0.9999527667592166,0.9799528121948242,0.9999527667592166,0.999997897578963,0.999997897578963,0.9999973192456193,0.9999973192456193,-0.0,0.0,,1000.0,False,False,False,,[]
418,418,419,True,1.0,1.0,418.0,419.0,418.0,419.0,419.0,0.0,0.0,0.0,83.40462000000002,0.5060141682624817,0.5060141682624817,0.0,1.0,0.5856069561945495,0.5856069561945495,0.9999527667592166,0.9799528121948242,0.9999527667592166,0.999997897578963,0.999997897578963,0.9999973192456193,0.9999973192456193,-0.0,0.0,,1000.0,False,False,False,,[]
419,419,420,True,1.0,1.0,419.0,420.0,419.0,420.0,420.0,0.0,0.0,0.0,83.40462000000002,0.5060141682624817,0.5060141682624817,0.0,1.0,0.5856069561945495,0.5856069561945495,0.9999527667592166,0.9799528121948242,0.9999527667592166,0.999997897578963,0.999997897578963,0.9999973192456193,0.9999973192456193,-0.0,0.0,,1000.0,False,False,False,,[]
420,420,421,True,1.0,1.0,420.0,421.0,420.0,421.0,421.0,0.0,0.0,0.0,83.40462000000002,0.5060141682624817,0.5060141682624817,0.0,1.0,0.5856069561945495,0.5856069561945495,0.9999527667592166,0.9799528121948242,0.9999527667592166,0.999997897578963,0.999997897578963,0.9999973192456193,0.9999973192456193,-0.0,0.0,,1000.0,False,False,False,,[]
421,421,422,True,1.0,1.0,421.0,422.0,421.0,422.0,422.0,0.0,0.0,0.0,83.40462000000002,0.5060141682624817,0.5060141682624817,0.0,1.0,0.5856069561945495,0.5856069561945495,0.9999527667592166,0.9799528121948242,0.9999527667592166,0.999997897578963,0.999997897578963,0.9999973192456193,0.9999973192456193,-0.0,0.0,,1000.0,False,False,False,,[]
422,422,423,True,1.0,1.0,422.0,423.0,422.0,423.0,423.0,0.0,0.0,0.0,83.40462000000002,0.5060141682624817,0.5060141682624817,0.0,1.0,0.5856069561945495,0.5856069561945495,0.9999527667592166,0.9799528121948242,0.9999527667592166,0.999997897578963,0.999997897578963,0.9999973192456193,0.9999973192456193,-0.0,0.0,,1000.0,False,False,False,,[]
423,423,424,True,1.0,1.0,423.0,424.0,423.0,424.0,424.0,0.0,0.0,0.0,83.40462000000002,0.5060141682624817,0.5060141682624817,0.0,1.0,0.5856069561945495,0.5856069561945495,0.9999527667592166,0.9799528121948242,0.9999527667592166,0.999997897578963,0.999997897578963,0.9999973192456193,0.9999973192456193,-0.0,0.0,,1000.0,False,False,False,,[]
424,424,425,True,1.0,1.0,424.0,425.0,424.0,425.0,425.0,0.0,0.0,0.0,83.40462000000002,0.5060141682624817,0.5060141682624817,0.0,1.0,0.5856069561945495,0.5856069561945495,0.9999527667592166,0.9799528121948242,0.9999527667592166,0.999997897578963,0.999997897578963,0.9999973192456193,0.9999973192456193,-0.0,0.0,,1000.0,False,False,False,,[]
425,425,426,True,1.0,1.0,425.0,426.0,425.0,426.0,426.0,0.0,0.0,0.0,83.40462000000002,0.5060141682624817,0.5060141682624817,0.0,1.0,0.5856069561945495,0.5856069561945495,0.9999527667592166,0.9799528121948242,0.9999527667592166,0.999997897578963,0.999997897578963,0.9999973192456193,0.9999973192456193,-0.0,0.0,,1000.0,False,False,False,,[]
426,426,427,True,1.0,1.0,426.0,427.0,426.0,427.0,427.0,0.0,0.0,0.0,83.40462000000002,0.5060141682624817,0.5060141682624817,0.0,1.0,0.5856069561945495,0.5856069561945495,0.9999527667592166,0.9799528121948242,0.9999527667592166,0.999997897578963,0.999997897578963,0.9999973192456193,0.9999973192456193,-0.0,0.0,,1000.0,False,False,False,,[]
427,427,428,True,1.0,1.0,427.0,428.0,427.0,428.0,428.0,0.0,0.0,0.0,83.40462000000002,0.5060141682624817,0.5060141682624817,0.0,1.0,0.5856069561945495,0.5856069561945495,0.9999527667592166,0.9799528121948242,0.9999527667592166,0.999997897578963,0.999997897578963,0.9999973192456193,0.9999973192456193,-0.0,0.0,,1000.0,False,False,False,,[]
428,428,429,True,1.0,1.0,428.0,429.0,428.0,429.0,429.0,0.0,0.0,0.0,83.40462000000002,0.5060141682624817,0.5060141682624817,0.0,1.0,0.5856069561945495,0.5856069561945495,0.9999527667592166,0.9799528121948242,0.9999527667592166,0.999997897578963,0.999997897578963,0.9999973192456193,0.9999973192456193,-0.0,0.0,,1000.0,False,False,False,,[]
429,429,430,True,1.0,1.0,429.0,430.0,429.0,430.0,430.0,0.0,0.0,0.0,83.40462000000002,0.5060141682624817,0.5060141682624817,0.0,1.0,0.5856069561945495,0.5856069561945495,0.9999527667592166,0.9799528121948242,0.9999527667592166,0.999997897578963,0.999997897578963,0.9999973192456193,0.9999973192456193,-0.0,0.0,,1000.0,False,False,False,,[]
430,430,431,True,1.0,1.0,430.0,431.0,430.0,431.0,431.0,0.0,0.0,0.0,83.40462000000002,0.5060141682624817,0.5060141682624817,0.0,1.0,0.5856069561945495,0.5856069561945495,0.9999527667592166,0.9799528121948242,0.9999527667592166,0.999997897578963,0.999997897578963,0.9999973192456193,0.9999973192456193,-0.0,0.0,,1000.0,False,False,False,,[]
431,431,432,True,1.0,1.0,431.0,432.0,431.0,432.0,432.0,0.0,0.0,0.0,83.40462000000002,0.5060141682624817,0.5060141682624817,0.0,1.0,0.5856069561945495,0.5856069561945495,0.9999527667592166,0.9799528121948242,0.9999527667592166,0.999997897578963,0.999997897578963,0.9999973192456193,0.9999973192456193,-0.0,0.0,,1000.0,False,False,False,,[]
432,432,433,True,1.0,1.0,432.0,433.0,432.0,433.0,433.0,0.0,0.0,0.0,83.40462000000002,0.5060141682624817,0.5060141682624817,0.0,1.0,0.5856069561945495,0.5856069561945495,0.9999527667592166,0.9799528121948242,0.9999527667592166,0.999997897578963,0.999997897578963,0.9999973192456193,0.9999973192456193,-0.0,0.0,,1000.0,False,False,False,,[]
433,433,434,True,1.0,1.0,433.0,434.0,433.0,434.0,434.0,0.0,0.0,0.0,83.40462000000002,0.5060141682624817,0.5060141682624817,0.0,1.0,0.5856069561945495,0.5856069561945495,0.9999527667592166,0.9799528121948242,0.9999527667592166,0.999997897578963,0.999997897578963,0.9999973192456193,0.9999973192456193,-0.0,0.0,,1000.0,False,False,False,,[]
434,434,435,True,1.0,1.0,434.0,435.0,434.0,435.0,435.0,0.0,0.0,0.0,83.40462000000002,0.5060141682624817,0.5060141682624817,0.0,1.0,0.5856069561945495,0.5856069561945495,0.9999527667592166,0.9799528121948242,0.9999527667592166,0.999997897578963,0.999997897578963,0.9999973192456193,0.9999973192456193,-0.0,0.0,,1000.0,False,False,False,,[]
435,435,436,True,1.0,1.0,435.0,436.0,435.0,436.0,436.0,0.0,0.0,0.0,83.40462000000002,0.5060141682624817,0.5060141682624817,0.0,1.0,0.5856069561945495,0.5856069561945495,0.9999527667592166,0.9799528121948242,0.9999527667592166,0.999997897578963,0.999997897578963,0.9999973192456193,0.9999973192456193,-0.0,0.0,,1000.0,False,False,False,,[]
436,436,437,True,1.0,1.0,436.0,437.0,436.0,437.0,437.0,0.0,0.0,0.0,83.40462000000002,0.5060141682624817,0.5060141682624817,0.0,1.0,0.5856069561945495,0.5856069561945495,0.9999527667592166,0.9799528121948242,0.9999527667592166,0.999997897578963,0.999997897578963,0.9999973192456193,0.9999973192456193,-0.0,0.0,,1000.0,False,False,False,,[]
437,437,438,True,1.0,1.0,437.0,438.0,437.0,438.0,438.0,0.0,0.0,0.0,83.40462000000002,0.5060141682624817,0.5060141682624817,0.0,1.0,0.5856069561945495,0.5856069561945495,0.9999527667592166,0.9799528121948242,0.9999527667592166,0.999997897578963,0.999997897578963,0.9999973192456193,0.9999973192456193,-0.0,0.0,,1000.0,False,False,False,,[]
438,438,439,True,1.0,1.0,438.0,439.0,438.0,439.0,439.0,0.0,0.0,3.0,543.92962,0.5060141682624817,0.5060141682624817,0.0,1.0,0.5856069561945495,0.5855863015192156,0.9999527667592166,0.9799528121948242,0.9999527275210207,0.999997897578963,0.999997894777266,0.9999973192456193,0.999997316054671,-1.3673444444444443,-5.353691846534598,,970.3357303519456,False,False,False,,[]
439,439,440,True,1.0,1.0,439.0,440.0,439.0,440.0,440.0,0.0,3.0,6.0,544.0042684375,0.5060141682624817,0.5060141682624817,0.0,1.0,0.5855863015192156,0.5855243206491686,0.9999527275210207,0.9799527525901794,0.9999526049166313,0.999997894777266,0.9999978863710216,0.999997316054671,0.9999973064805124,-4.102596292892155,-16.065441516188216,,915.5650259231661,False,False,False,,[]
440,440,441,True,1.0,1.0,440.0,441.0,440.0,441.0,441.0,0.0,6.0,9.0,544.2282137500001,0.5060142278671265,0.5060142278671265,0.0,1.0,0.5855243206491686,0.5854209609555112,0.9999526049166313,0.9799526333808899,0.9999523920146931,0.9999978863710216,0.9999978723548452,0.9999973064805124,0.9999972905170146,-6.840475285947714,-26.790832595994992,,866.078639509872,False,False,False,,[]
441,441,442,True,1.0,1.0,441.0,442.0,441.0,442.0,442.0,0.0,9.0,12.0,544.6014559374998,0.5060142874717712,0.5060142874717712,0.0,1.0,0.5854209609555112,0.585307901634266,0.9999523920146931,0.9799523949623108,0.9999521569130183,0.9999978723548452,0.9999978683474764,0.9999972905170146,0.999997268152793,-7.481890316556509,-29.304976066761643,,859.8887922942982,False,False,False,,[]
442,442,443,True,1.0,1.0,442.0,443.0,442.0,443.0,443.0,0.0,12.0,15.0,545.1239950000004,0.506014347076416,0.506014347076416,0.0,1.0,0.585307901634266,0.5851591866764381,0.9999521569130183,0.9799521565437317,0.9999518409956881,0.9999978683474764,0.9999978605750899,0.999997268152793,0.9999972393712082,-9.839945441020761,-38.546917069009716,,821.7867756861676,False,False,False,,[]
443,443,444,True,1.0,1.0,443.0,444.0,443.0,444.0,444.0,0.0,15.0,15.0,85.27083093750002,0.5060144662857056,0.5060144662857056,0.0,1.0,0.5851591866764381,0.5851309855469132,0.9999518409956881,0.9799518585205078,0.9999517870243333,0.9999978605750899,0.9999978574518192,0.9999972393712082,0.9999972345802756,-1.8665731215167962,-7.30973277282579,,960.1421302538336,False,False,False,,[]
444,444,445,True,1.0,1.0,444.0,445.0,444.0,445.0,445.0,0.0,15.0,15.0,85.27083093750002,0.5060144662857056,0.5060144662857056,0.0,1.0,0.5851309855469132,0.585102784319165,0.9999517870243333,0.979951798915863,0.9999517330527853,0.9999978574518192,0.9999978543285486,0.9999972345802756,0.9999972297893429,-1.8665731215167962,-7.309758232360485,,960.1420218956963,False,False,False,,[]
445,445,446,True,1.0,1.0,445.0,446.0,445.0,446.0,446.0,0.0,15.0,18.39999962,607.1991059376664,0.5060144662857056,0.5060144662857056,0.0,1.0,0.585102784319165,0.5849481347808813,0.9999517330527853,0.9799517393112183,0.9999514053223981,0.9999978543285486,0.9999978471264711,0.9999972297893429,0.999997213602318,-10.231782675002005,-40.08516032314905,,825.8922646572951,False,False,False,,[]
446,446,447,True,1.0,1.0,446.0,447.0,446.0,447.0,447.0,0.0,18.39999962,21.79999924,608.1410032175127,0.5060145854949951,0.5060145854949951,0.0,1.0,0.5849481347808813,0.5847726568915984,0.9999514053223981,0.9799514412879944,0.9999510367070709,0.9999978471264711,0.9999978385602003,0.999997213602318,0.9999972038459162,-11.608389190913227,-45.483868902118,,812.5707327619924,False,False,False,,[]
447,447,448,True,1.0,1.0,447.0,448.0,447.0,448.0,448.0,0.0,21.79999924,25.20000076,609.2749556619951,0.5060147047042847,0.5060147047042847,0.0,1.0,0.5847726568915984,0.5845609892175363,0.9999510367070709,0.9799510836601257,0.9999505993077058,0.9999978385602003,0.9999978257832992,0.9999972038459162,0.9999971896302464,-13.999959441121977,-54.864261116898845,,779.7877873799823,False,False,False,,[]
448,448,449,True,1.0,1.0,448.0,449.0,448.0,449.0,449.0,0.0,25.20000076,28.60000038,610.6000890678702,0.5060148239135742,0.5060148239135742,0.0,1.0,0.5845609892175363,0.5843250125485824,0.9999505993077058,0.9799506068229675,0.9999501174299312,0.9999978257832992,0.9999978141814568,0.9999971896302464,0.9999971765203793,-15.605378299609365,-61.16515259285672,,764.0142235894989,False,False,False,,[]
449,449,450,True,1.0,1.0,449.0,450.0,449.0,450.0,450.0,0.0,28.60000038,32.0,612.1172769512846,0.5060149431228638,0.5060149431228638,0.0,1.0,0.5843250125485824,0.5840571205852404,0.9999501174299312,0.9799501299858093,0.999949579424958,0.9999978141814568,0.999997799898146,0.9999971765203793,0.9999971617168147,-17.712665004104583,-69.43759689822892,,740.3133681814492,False,False,False,,[]
450,450,451,True,1.0,1.0,450.0,451.0,450.0,451.0,451.0,0.0,32.0,32.0,91.89795333333335,0.5060151219367981,0.5060151219367981,0.0,1.0,0.5840571205852404,0.584008809293033,0.999949579424958,0.9799495935440063,0.9999494851297985,0.999997799898146,0.9999977948382672,0.9999971617168147,0.9999971575390946,-3.1961778523887587,-12.522286940162713,,937.2260894709719,False,False,False,,[]
451,451,452,True,1.0,1.0,451.0,452.0,451.0,452.0,452.0,0.0,32.0,32.0,91.89795333333335,0.5060151219367981,0.5060151219367981,0.0,1.0,0.584008809293033,0.5839604979098201,0.9999494851297985,0.9799495339393616,0.9999493908344531,0.9999977948382672,0.9999977897783885,0.9999971575390946,0.9999971533613744,-3.1961778523887587,-12.522310528801713,,937.2259931975807,False,False,False,,[]
452,452,453,True,1.0,1.0,452.0,453.0,452.0,453.0,453.0,0.0,32.0,32.0,91.89795333333335,0.5060151815414429,0.5060151815414429,0.0,1.0,0.5839604979098201,0.5839121864370126,0.9999493908344531,0.979949414730072,0.9999492965389245,0.9999977897783885,0.9999977847185094,0.9999971533613744,0.9999971491836542,-3.1961778785445065,-12.522333751689985,,937.2258981148448,False,False,False,,[]
453,453,454,True,1.0,1.0,453.0,454.0,453.0,454.0,454.0,0.0,32.0,32.0,91.89795333333335,0.5060151815414429,0.5060151815414429,0.0,1.0,0.5839121864370126,0.5838638748767646,0.9999492965389245,0.9799492955207825,0.9999492022432172,0.9999977847185094,0.9999977796586303,0.9999971491836542,0.9999971450059341,-3.1961778785445065,-12.5223564162842,,937.225805606881,False,False,False,,[]
454,454,455,True,1.0,1.0,454.0,455.0,454.0,455.0,455.0,0.0,32.0,32.0,91.89795333333335,0.5060152411460876,0.5060152411460876,0.0,1.0,0.5838638748767646,0.5838155632303924,0.9999492022432172,0.9799492359161377,0.9999491079473338,0.9999977796586303,0.9999977745987509,0.9999971450059341,0.9999971408282139,-3.196177904700241,-12.522378739684964,,937.2257142063851,False,False,False,,[]
455,455,456,True,1.0,1.0,455.0,456.0,455.0,456.0,456.0,0.0,32.0,32.0,91.89795333333335,0.5060152411460876,0.5060152411460876,0.0,1.0,0.5838155632303924,0.5837672514999577,0.9999491079473338,0.9799491167068481,0.9999490136512786,0.9999977745987509,0.9999977695388715,0.9999971408282139,0.9999971366504937,-3.196177904700241,-12.522400528679658,,937.2256252702649,False,False,False,,[]
456,456,457,True,1.0,1.0,456.0,457.0,456.0,457.0,457.0,0.0,32.0,32.0,91.89795333333335,0.5060153007507324,0.5060153007507324,0.0,1.0,0.5837672514999577,0.5837189396866871,0.9999490136512786,0.9799490571022034,0.9999489193550541,0.9999977695388715,0.9999977644789918,0.9999971366504937,0.9999971324727736,-3.1961779308559626,-12.52242199973169,,937.2255373434072,False,False,False,,[]
457,457,458,True,1.0,1.0,457.0,458.0,457.0,458.0,458.0,0.0,32.0,32.0,91.89795333333335,0.5060153007507324,0.5060153007507324,0.0,1.0,0.5837189396866871,0.5836706277925552,0.9999489193550541,0.9799489378929138,0.9999488250586643,0.9999977644789918,0.9999977594191121,0.9999971324727736,0.9999971282950534,-3.1961779308559626,-12.52244295900042,,937.2254517946168,False,False,False,,[]
458,458,459,True,1.0,1.0,458.0,459.0,458.0,459.0,459.0,0.0,32.0,32.0,91.89795333333335,0.5060153603553772,0.5060153603553772,0.0,1.0,0.5836706277925552,0.5836223158187036,0.9999488250586643,0.9799488186836243,0.9999487307621115,0.9999977594191121,0.999997754359232,0.9999971282950534,0.9999971241173332,-3.196177957011671,-12.522463622334977,,937.2253671608818,False,False,False,,[]
459,459,460,True,1.0,1.0,459.0,460.0,459.0,460.0,460.0,0.0,32.0,32.0,91.89795333333335,0.5060153603553772,0.5060153603553772,0.0,1.0,0.5836223158187036,0.5835740037670242,0.9999487307621115,0.9799487590789795,0.9999486364653998,0.999997754359232,0.9999977492993519,0.9999971241173332,0.999997119939613,-3.196177957011671,-12.52248379531253,,937.225284832559,False,False,False,,[]
460,460,461,True,1.0,1.0,460.0,461.0,460.0,461.0,461.0,0.0,32.0,32.0,91.89795333333335,0.506015419960022,0.506015419960022,0.0,1.0,0.5835740037670242,0.5835256916385781,0.9999486364653998,0.9799486398696899,0.999948542168531,0.9999977492993519,0.9999977442394715,0.999997119939613,0.9999971157618929,-3.196177983167365,-12.522503693200026,,937.2252033194287,False,False,False,,[]
461,461,462,True,1.0,1.0,461.0,462.0,461.0,462.0,462.0,0.0,32.0,32.0,91.89795333333335,0.506015419960022,0.506015419960022,0.0,1.0,0.5835256916385781,0.5834773794351792,0.999948542168531,0.9799485802650452,0.999948447871509,0.9999977442394715,0.9999977391795911,0.9999971157618929,0.9999971115841727,-3.196177983167365,-12.522523121010783,,937.2251240235497,False,False,False,,[]
462,462,463,True,1.0,1.0,462.0,463.0,462.0,463.0,463.0,0.0,32.0,32.0,91.89795333333335,0.5060154795646667,0.5060154795646667,0.0,1.0,0.5834773794351792,0.5834290671578124,0.999948447871509,0.9799484610557556,0.9999483535743359,0.9999977391795911,0.9999977341197104,0.9999971115841727,0.9999971074064525,-3.196178009323047,-12.52254229346165,,937.2250454759625,False,False,False,,[]
463,463,464,True,1.0,1.0,463.0,464.0,463.0,464.0,464.0,0.0,32.0,32.0,91.89795333333335,0.5060154795646667,0.5060154795646667,0.0,1.0,0.5834290671578124,0.5833807548082173,0.9999483535743359,0.9799484014511108,0.999948259277015,0.9999977341197104,0.9999977290598296,0.9999971074064525,0.9999971032287324,-3.196178009323047,-12.522561015047938,,937.2249690609766,False,False,False,,[]
464,464,465,True,1.0,1.0,464.0,465.0,464.0,465.0,465.0,0.0,32.0,32.0,91.89795333333335,0.5060155391693115,0.5060155391693115,0.0,1.0,0.5833807548082173,0.583332442387307,0.999948259277015,0.9799482822418213,0.9999481649795484,0.9999977290598296,0.9999977239999486,0.9999971032287324,0.9999970990510123,-3.1961780354787153,-12.522579499959317,,937.2248934188566,False,False,False,,[]
465,465,466,True,1.0,1.0,465.0,466.0,465.0,466.0,466.0,0.0,32.0,32.0,91.89795333333335,0.5060155391693115,0.5060155391693115,0.0,1.0,0.583332442387307,0.5832841298967507,0.9999481649795484,0.9799481630325317,0.9999480706819395,0.9999977239999486,0.9999977189400675,0.9999970990510123,0.9999970948732922,-3.1961780354787153,-12.522597552186845,,937.2248197403326,False,False,False,,[]
466,466,467,True,1.0,1.0,466.0,467.0,466.0,467.0,467.0,0.0,32.0,32.0,91.89795333333335,0.5060155391693115,0.5060155391693115,0.0,1.0,0.5832841298967507,0.5832358173377887,0.9999480706819395,0.979948103427887,0.9999479763841908,0.9999977189400675,0.9999977138801864,0.9999970948732922,0.9999970906955722,-3.1961780354787153,-12.522615282941917,,937.2247473755242,False,False,False,,[]
467,467,468,True,1.0,1.0,467.0,468.0,467.0,468.0,468.0,0.0,32.0,32.0,91.89795333333335,0.5060155987739563,0.5060155987739563,0.0,1.0,0.5832358173377887,0.5831875047112332,0.9999479763841908,0.9799479842185974,0.9999478820863038,0.9999977138801864,0.999997708820305,0.9999970906955722,0.9999970865178521,-3.1961780616343702,-12.522632803215894,,937.2246755680588,False,False,False,,[]
468,468,469,True,1.0,1.0,468.0,469.0,468.0,469.0,469.0,0.0,32.0,32.0,91.89795333333335,0.5060155987739563,0.5060155987739563,0.0,1.0,0.5831875047112332,0.5831391920186549,0.9999478820863038,0.9799479246139526,0.999947787788282,0.999997708820305,0.9999977037604236,0.9999970865178521,0.9999970823401321,-3.1961780616343702,-12.522649916284704,,937.2246057256502,False,False,False,,[]
469,469,470,True,1.0,1.0,469.0,470.0,469.0,470.0,470.0,0.0,32.0,32.0,91.89795333333335,0.5060156583786011,0.5060156583786011,0.0,1.0,0.5831391920186549,0.5830908792608032,0.999947787788282,0.9799478054046631,0.9999476934901267,0.9999977037604236,0.9999976987005419,0.9999970823401321,0.999997078162412,-3.196178087790012,-12.522666835169064,,937.2245363754398,False,False,False,,[]
470,470,471,True,1.0,1.0,470.0,471.0,470.0,471.0,471.0,0.0,32.0,32.0,91.89795333333335,0.5060157179832458,0.5060157179832458,0.0,1.0,0.5830908792608032,0.5830425664387924,0.9999476934901267,0.9799476861953735,0.9999475991918403,0.9999976987005419,0.9999976936406598,0.999997078162412,0.999997073984692,-3.1961781139456407,-12.522683465206338,,937.2244682090452,False,False,False,,[]
471,471,472,True,1.0,1.0,471.0,472.0,471.0,472.0,472.0,0.0,32.0,32.0,91.89795333333335,0.5060157179832458,0.5060157179832458,0.0,1.0,0.5830425664387924,0.582994253554103,0.9999475991918403,0.9799476265907288,0.9999475048934258,0.9999976936406598,0.9999976885807778,0.999997073984692,0.9999970698069719,-3.1961781139456407,-12.52269971150928,,937.224401898872,False,False,False,,[]
472,472,473,True,1.0,1.0,472.0,473.0,472.0,473.0,473.0,0.0,32.0,32.0,91.89795333333335,0.5060157775878906,0.5060157775878906,0.0,1.0,0.582994253554103,0.5829459406073958,0.9999475048934258,0.9799475073814392,0.9999474105948845,0.9999976885807778,0.9999976835208954,0.9999970698069719,0.9999970656292518,-3.1961781401012557,-12.522715786479738,,937.2243359937122,False,False,False,,[]
473,473,474,True,1.0,1.0,473.0,474.0,473.0,474.0,474.0,0.0,32.0,32.0,91.89795333333335,0.5060157775878906,0.5060157775878906,0.0,1.0,0.5829459406073958,0.5828976276000951,0.9999474105948845,0.9799474477767944,0.9999473162962192,0.9999976835208954,0.999997678461013,0.9999970656292518,0.9999970614515318,-3.1961781401012557,-12.522731492334707,,937.2242718856751,False,False,False,,[]
474,474,475,True,1.0,1.0,474.0,475.0,474.0,475.0,475.0,0.0,32.0,29.25,-330.2499633333336,0.5060157775878906,0.5060157775878906,0.0,1.0,0.5828976276000951,0.583011596042202,0.9999473162962192,0.9799473285675049,0.9999470790932035,0.999997678461013,0.9999976675642427,0.9999970614515318,0.9999970533533268,7.543498442424339,29.54062019409409,,1076.719685714625,False,False,False,,[]
475,475,476,True,1.0,1.0,475.0,476.0,475.0,476.0,476.0,0.0,29.25,26.5,-331.6470295768232,0.5060158967971802,0.5060158967971802,0.0,1.0,0.583011596042202,0.583107882057549,0.9999470790932035,0.9799470901489258,0.9999468821294464,0.9999976675642427,0.9999976542675298,0.9999970533533268,0.9999970399762528,6.373202568208006,24.957335177957006,,1052.538349302678,False,False,False,,[]
476,476,477,True,1.0,1.0,476.0,477.0,476.0,477.0,477.0,0.0,26.5,23.75,-332.91864497395807,0.5060158967971802,0.5060158967971802,0.0,1.0,0.583107882057549,0.5831973424130982,0.9999468821294464,0.9799469113349915,0.9999467003462226,0.9999976542675298,0.9999976447054566,0.9999970399762528,0.9999970279255643,5.9216411437535434,23.188124158325206,,1052.2652482827498,False,False,False,,[]
477,477,478,True,1.0,1.0,477.0,478.0,477.0,478.0,478.0,0.0,23.75,21.0,-334.06480952473987,0.506015956401825,0.506015956401825,0.0,1.0,0.5831973424130982,0.5832694974178756,0.9999467003462226,0.9799467325210571,0.9999465561886851,0.9999976447054566,0.9999976277704143,0.9999970279255643,0.9999970172003431,4.776156225534571,18.702577238294058,,1031.0117907743381,False,False,False,,[]
478,478,479,True,1.0,1.0,478.0,479.0,478.0,479.0,479.0,0.0,21.0,18.25,-335.0855232291664,0.5060160160064697,0.5060160160064697,0.0,1.0,0.5832694974178756,0.5833459133277697,0.9999465561886851,0.9799465537071228,0.9999464028806364,0.9999976277704143,0.999997623161931,0.9999970172003431,0.9999970119516229,5.058502610286454,19.80700384457405,,1053.993895487269,False,False,False,,[]
479,479,480,True,1.0,1.0,479.0,480.0,479.0,480.0,480.0,0.0,18.25,15.5,-335.98078608723984,0.5060160756111145,0.5060160756111145,0.0,1.0,0.5833459133277697,0.5834069422295661,0.9999464028806364,0.9799464344978333,0.9999462822717088,0.999997623161931,0.9999976185935492,0.9999970119516229,0.9999970020454197,4.039924370012045,15.818691345630912,,1035.7257266999115,False,False,False,,[]
480,480,481,True,1.0,1.0,480.0,481.0,480.0,481.0,481.0,0.0,15.5,12.75,-336.75059809895833,0.5060161352157593,0.5060161352157593,0.0,1.0,0.5834069422295661,0.5834474202164843,0.9999462822717088,0.9799463152885437,0.9999462038688999,0.9999976185935492,0.9999976120802007,0.9999970020454197,0.9999969834425092,2.679449308654662,10.491894209202025,,1007.5784478479695,False,False,False,,[]
481,481,482,True,1.0,1.0,481.0,482.0,481.0,482.0,482.0,0.0,12.75,10.0,-337.39495926432295,0.5060161352157593,0.5060161352157593,0.0,1.0,0.5834474202164843,0.5834806996600592,0.9999462038688999,0.9799461960792542,0.9999461398614644,0.9999976120802007,0.999997607489888,0.9999969834425092,0.9999969684327384,2.2029546579635295,8.62603177460363,,1007.3319832785311,False,False,False,,[]
482,482,483,True,1.0,1.0,482.0,483.0,482.0,483.0,483.0,0.0,10.0,6.66666698,-427.4603492618334,0.5060161352157593,0.5060161352157593,0.0,1.0,0.5834806996600592,0.5835063488501536,0.9999461398614644,0.9799461364746094,0.9999460908964072,0.999997607489888,0.999997597609307,0.9999969684327384,0.9999969545012133,1.6978671888049652,6.64827007245923,,996.9499097082918,False,False,False,,[]
483,483,484,True,1.0,1.0,483.0,484.0,483.0,484.0,484.0,0.0,6.66666698,3.33333325,-427.92125104217246,0.5060161352157593,0.5060161352157593,0.0,1.0,0.5835063488501536,0.5835204383209908,0.9999460908964072,0.9799461364746094,0.9999460643016473,0.999997597609307,0.999997590262092,0.9999969545012133,0.9999969461332853,0.9326489019274539,3.6519908409841704,,995.7331360326114,False,False,False,,[]
484,484,485,True,1.0,1.0,484.0,485.0,484.0,485.0,485.0,0.0,3.33333325,0.0,-428.1976530918764,0.506016194820404,0.506016194820404,0.0,1.0,0.5835204383209908,0.5835251379098046,0.9999460643016473,0.9799460768699646,0.9999460555119909,0.999997590262092,0.9999975878114383,0.9999969461332853,0.9999969433421747,0.3110837572896537,1.2181334205576473,,998.580875700126,False,False,False,,[]
485,485,486,True,1.0,1.0,485.0,486.0,485.0,486.0,486.0,0.0,0.0,0.0,83.40462000000002,0.506016194820404,0.506016194820404,0.0,1.0,0.5835251379098046,0.5835251379098046,0.9999460555119909,0.9799460768699646,0.9999460555119909,0.9999975878114383,0.9999975878114383,0.9999969433421747,0.9999969433421747,-0.0,0.0,,1000.0,False,False,False,,[]
486,486,487,True,1.0,1.0,486.0,487.0,486.0,487.0,487.0,0.0,0.0,0.0,83.40462000000002,0.506016194820404,0.506016194820404,0.0,1.0,0.5835251379098046,0.5835251379098046,0.9999460555119909,0.9799460768699646,0.9999460555119909,0.9999975878114383,0.9999975878114383,0.9999969433421747,0.9999969433421747,-0.0,0.0,,1000.0,False,False,False,,[]
487,487,488,True,1.0,1.0,487.0,488.0,487.0,488.0,488.0,0.0,0.0,0.0,83.40462000000002,0.506016194820404,0.506016194820404,0.0,1.0,0.5835251379098046,0.5835251379098046,0.9999460555119909,0.9799460768699646,0.9999460555119909,0.9999975878114383,0.9999975878114383,0.9999969433421747,0.9999969433421747,-0.0,0.0,,1000.0,False,False,False,,[]
488,488,489,True,1.0,1.0,488.0,489.0,488.0,489.0,489.0,0.0,0.0,0.0,83.40462000000002,0.506016194820404,0.506016194820404,0.0,1.0,0.5835251379098046,0.5835251379098046,0.9999460555119909,0.9799460768699646,0.9999460555119909,0.9999975878114383,0.9999975878114383,0.9999969433421747,0.9999969433421747,-0.0,0.0,,1000.0,False,False,False,,[]
489,489,490,True,1.0,1.0,489.0,490.0,489.0,490.0,490.0,0.0,0.0,0.0,83.40462000000002,0.506016194820404,0.506016194820404,0.0,1.0,0.5835251379098046,0.5835251379098046,0.9999460555119909,0.9799460768699646,0.9999460555119909,0.9999975878114383,0.9999975878114383,0.9999969433421747,0.9999969433421747,-0.0,0.0,,1000.0,False,False,False,,[]
490,490,491,True,1.0,1.0,490.0,491.0,490.0,491.0,491.0,0.0,0.0,0.0,83.40462000000002,0.506016194820404,0.506016194820404,0.0,1.0,0.5835251379098046,0.5835251379098046,0.9999460555119909,0.9799460768699646,0.9999460555119909,0.9999975878114383,0.9999975878114383,0.9999969433421747,0.9999969433421747,-0.0,0.0,,1000.0,False,False,False,,[]
491,491,492,True,1.0,1.0,491.0,492.0,491.0,492.0,492.0,0.0,0.0,0.0,83.40462000000002,0.506016194820404,0.506016194820404,0.0,1.0,0.5835251379098046,0.5835251379098046,0.9999460555119909,0.9799460768699646,0.9999460555119909,0.9999975878114383,0.9999975878114383,0.9999969433421747,0.9999969433421747,-0.0,0.0,,1000.0,False,False,False,,[]
492,492,493,True,1.0,1.0,492.0,493.0,492.0,493.0,493.0,0.0,0.0,0.0,83.40462000000002,0.506016194820404,0.506016194820404,0.0,1.0,0.5835251379098046,0.5835251379098046,0.9999460555119909,0.9799460768699646,0.9999460555119909,0.9999975878114383,0.9999975878114383,0.9999969433421747,0.9999969433421747,-0.0,0.0,,1000.0,False,False,False,,[]
493,493,494,True,1.0,1.0,493.0,494.0,493.0,494.0,494.0,0.0,0.0,0.0,83.40462000000002,0.506016194820404,0.506016194820404,0.0,1.0,0.5835251379098046,0.5835251379098046,0.9999460555119909,0.9799460768699646,0.9999460555119909,0.9999975878114383,0.9999975878114383,0.9999969433421747,0.9999969433421747,-0.0,0.0,,1000.0,False,False,False,,[]
494,494,495,True,1.0,1.0,494.0,495.0,494.0,495.0,495.0,0.0,0.0,0.0,83.40462000000002,0.506016194820404,0.506016194820404,0.0,1.0,0.5835251379098046,0.5835251379098046,0.9999460555119909,0.9799460768699646,0.9999460555119909,0.9999975878114383,0.9999975878114383,0.9999969433421747,0.9999969433421747,-0.0,0.0,,1000.0,False,False,False,,[]
495,495,496,True,1.0,1.0,495.0,496.0,495.0,496.0,496.0,0.0,0.0,0.0,83.40462000000002,0.506016194820404,0.506016194820404,0.0,1.0,0.5835251379098046,0.5835251379098046,0.9999460555119909,0.9799460768699646,0.9999460555119909,0.9999975878114383,0.9999975878114383,0.9999969433421747,0.9999969433421747,-0.0,0.0,,1000.0,False,False,False,,[]
496,496,497,True,1.0,1.0,496.0,497.0,496.0,497.0,497.0,0.0,0.0,0.0,83.40462000000002,0.506016194820404,0.506016194820404,0.0,1.0,0.5835251379098046,0.5835251379098046,0.9999460555119909,0.9799460768699646,0.9999460555119909,0.9999975878114383,0.9999975878114383,0.9999969433421747,0.9999969433421747,-0.0,0.0,,1000.0,False,False,False,,[]
497,497,498,True,1.0,1.0,497.0,498.0,497.0,498.0,498.0,0.0,0.0,0.0,83.40462000000002,0.506016194820404,0.506016194820404,0.0,1.0,0.5835251379098046,0.5835251379098046,0.9999460555119909,0.9799460768699646,0.9999460555119909,0.9999975878114383,0.9999975878114383,0.9999969433421747,0.9999969433421747,-0.0,0.0,,1000.0,False,False,False,,[]
498,498,499,True,1.0,1.0,498.0,499.0,498.0,499.0,499.0,0.0,0.0,0.0,83.40462000000002,0.506016194820404,0.506016194820404,0.0,1.0,0.5835251379098046,0.5835251379098046,0.9999460555119909,0.9799460768699646,0.9999460555119909,0.9999975878114383,0.9999975878114383,0.9999969433421747,0.9999969433421747,-0.0,0.0,,1000.0,False,False,False,,[]
499,499,500,True,1.0,1.0,499.0,500.0,499.0,500.0,500.0,0.0,0.0,0.0,83.40462000000002,0.506016194820404,0.506016194820404,0.0,1.0,0.5835251379098046,0.5835251379098046,0.9999460555119909,0.9799460768699646,0.9999460555119909,0.9999975878114383,0.9999975878114383,0.9999969433421747,0.9999969433421747,-0.0,0.0,,1000.0,False,False,False,,[]
500,500,501,True,1.0,1.0,500.0,501.0,500.0,501.0,501.0,0.0,0.0,0.0,83.40462000000002,0.506016194820404,0.506016194820404,0.0,1.0,0.5835251379098046,0.5835251379098046,0.9999460555119909,0.9799460768699646,0.9999460555119909,0.9999975878114383,0.9999975878114383,0.9999969433421747,0.9999969433421747,-0.0,0.0,,1000.0,False,False,False,,[]
501,501,502,True,1.0,1.0,501.0,502.0,501.0,502.0,502.0,0.0,0.0,0.0,83.40462000000002,0.506016194820404,0.506016194820404,0.0,1.0,0.5835251379098046,0.5835251379098046,0.9999460555119909,0.9799460768699646,0.9999460555119909,0.9999975878114383,0.9999975878114383,0.9999969433421747,0.9999969433421747,-0.0,0.0,,1000.0,False,False,False,,[]
502,502,503,True,1.0,1.0,502.0,503.0,502.0,503.0,503.0,0.0,0.0,0.0,83.40462000000002,0.506016194820404,0.506016194820404,0.0,1.0,0.5835251379098046,0.5835251379098046,0.9999460555119909,0.9799460768699646,0.9999460555119909,0.9999975878114383,0.9999975878114383,0.9999969433421747,0.9999969433421747,-0.0,0.0,,1000.0,False,False,False,,[]
503,503,504,True,1.0,1.0,503.0,504.0,503.0,504.0,504.0,0.0,0.0,0.0,83.40462000000002,0.506016194820404,0.506016194820404,0.0,1.0,0.5835251379098046,0.5835251379098046,0.9999460555119909,0.9799460768699646,0.9999460555119909,0.9999975878114383,0.9999975878114383,0.9999969433421747,0.9999969433421747,-0.0,0.0,,1000.0,False,False,False,,[]
504,504,505,True,1.0,1.0,504.0,505.0,504.0,505.0,505.0,0.0,0.0,0.0,83.40462000000002,0.506016194820404,0.506016194820404,0.0,1.0,0.5835251379098046,0.5835251379098046,0.9999460555119909,0.9799460768699646,0.9999460555119909,0.9999975878114383,0.9999975878114383,0.9999969433421747,0.9999969433421747,-0.0,0.0,,1000.0,False,False,False,,[]
505,505,506,True,1.0,1.0,505.0,506.0,505.0,506.0,506.0,0.0,0.0,0.0,83.40462000000002,0.506016194820404,0.506016194820404,0.0,1.0,0.5835251379098046,0.5835251379098046,0.9999460555119909,0.9799460768699646,0.9999460555119909,0.9999975878114383,0.9999975878114383,0.9999969433421747,0.9999969433421747,-0.0,0.0,,1000.0,False,False,False,,[]
506,506,507,True,1.0,1.0,506.0,507.0,506.0,507.0,507.0,0.0,0.0,3.0,543.92962,0.506016194820404,0.506016194820404,0.0,1.0,0.5835251379098046,0.5835044825396253,0.9999460555119909,0.9799460768699646,0.9999460162724483,0.9999975878114383,0.9999975850097301,0.9999969433421747,0.9999969401512395,-1.3673444444444445,-5.353871950506478,,970.3349510980676,False,False,False,,[]
507,507,508,True,1.0,1.0,507.0,508.0,507.0,508.0,508.0,0.0,3.0,6.0,544.0042684375,0.506016194820404,0.506016194820404,0.0,1.0,0.5835044825396253,0.5834424996119022,0.9999460162724483,0.9799460172653198,0.9999458936637418,0.9999975850097301,0.9999975766034521,0.9999969401512395,0.9999969305771202,-4.102596292892156,-16.06597486582106,,915.562943923021,False,False,False,,[]
508,508,509,True,1.0,1.0,508.0,509.0,508.0,509.0,509.0,0.0,6.0,9.0,544.2282137500001,0.5060162544250488,0.5060162544250488,0.0,1.0,0.5834424996119022,0.5833391365294539,0.9999458936637418,0.9799458980560303,0.9999456807541174,0.9999975766034521,0.9999975625872195,0.9999969305771202,0.9999969146136879,-6.840475285947714,-26.791710970607323,,866.0755280758985,False,False,False,,[]
509,509,510,True,1.0,1.0,509.0,510.0,509.0,510.0,510.0,0.0,9.0,12.0,544.6014559374998,0.5060162544250488,0.5060162544250488,0.0,1.0,0.5833391365294539,0.5832260736688996,0.9999456807541174,0.979945719242096,0.9999454456442688,0.9999975625872195,0.9999975585798352,0.9999969146136879,0.9999968922495553,-7.481882148321942,-29.305893455684892,,859.8856252764485,False,False,False,,[]
510,510,511,True,1.0,1.0,510.0,511.0,510.0,511.0,511.0,0.0,12.0,15.0,545.1239950000004,0.5060163736343384,0.5060163736343384,0.0,1.0,0.5832260736688996,0.5830773541036722,0.9999454456442688,0.9799454808235168,0.9999451297177399,0.9999975585798352,0.9999975508074209,0.9999968922495553,0.9999968634680886,-9.839935159286448,-38.54811130692372,,821.7831039051872,False,False,False,,[]
511,511,512,True,1.0,1.0,511.0,512.0,511.0,512.0,512.0,0.0,15.0,15.0,85.27083093750002,0.5060164928436279,0.5060164928436279,0.0,1.0,0.5830773541036722,0.5830491521051467,0.9999451297177399,0.9799451231956482,0.9999450757446761,0.9999975508074209,0.9999975476841428,0.9999968634680886,0.9999968586771759,-1.8665715605782034,-7.309958017811464,,960.1411831670116,False,False,False,,[]
512,512,513,True,1.0,1.0,512.0,513.0,512.0,513.0,513.0,0.0,15.0,15.0,85.27083093750002,0.5060164928436279,0.5060164928436279,0.0,1.0,0.5830491521051467,0.5830209500196324,0.9999450757446761,0.9799451231956482,0.9999450217714412,0.9999975476841428,0.9999975445608648,0.9999968586771759,0.9999968538862632,-1.8665715605782034,-7.309980565317405,,960.1410872026399,False,False,False,,[]
513,513,514,True,1.0,1.0,513.0,514.0,513.0,514.0,514.0,0.0,15.0,17.22220039,426.39710913908345,0.5060164928436279,0.5060164928436279,0.0,1.0,0.5830209500196324,0.5829089078401832,0.9999450217714412,0.9799450635910034,0.9999447890165811,0.9999975445608648,0.9999975397465714,0.9999968538862632,0.9999968377275404,-7.413598593945509,-29.041332913223986,,864.8344364051412,False,False,False,,[]
514,514,515,True,1.0,1.0,514.0,515.0,514.0,515.0,515.0,0.0,17.22220039,19.44440079,426.99101518791775,0.5060165524482727,0.5060165524482727,0.0,1.0,0.5829089078401832,0.5827901681217952,0.9999447890165811,0.9799448251724243,0.9999445407268742,0.9999975397465714,0.9999975292789526,0.9999968377275404,0.9999968314794542,-7.856293592723529,-30.777335006168798,,861.8576661608897,False,False,False,,[]
515,515,516,True,1.0,1.0,515.0,516.0,515.0,516.0,516.0,0.0,19.44440079,21.66659927,427.6665420835615,0.5060166120529175,0.5060166120529175,0.0,1.0,0.5827901681217952,0.5826639821980921,0.9999445407268742,0.9799445867538452,0.9999442749377666,0.9999975292789526,0.9999975231183027,0.9999968314794542,0.9999968244629484,-8.348432686257022,-32.70739142382145,,857.6756034484962,False,False,False,,[]
516,516,517,True,1.0,1.0,516.0,517.0,516.0,517.0,517.0,0.0,21.66659927,23.88879967,428.4245748765282,0.506016731262207,0.506016731262207,0.0,1.0,0.5826639821980921,0.5825082376474341,0.9999442749377666,0.9799442887306213,0.9999439450354977,0.9999975231183027,0.9999975088123487,0.9999968244629484,0.9999968111997998,-10.30262983311545,-40.36898753057475,,822.1629613729715,False,False,False,,[]
517,517,518,True,1.0,1.0,517.0,518.0,517.0,518.0,518.0,0.0,23.88879967,26.11100006,429.2642291331187,0.5060167908668518,0.5060167908668518,0.0,1.0,0.5825082376474341,0.5823434953867868,0.9999439450354977,0.9799439907073975,0.9999435973802128,0.9999975088123487,0.9999974979539289,0.9999968111997998,0.9999967964639173,-10.896941227978122,-42.701193959778315,,816.258503641308,False,False,False,,[]
518,518,519,True,1.0,1.0,518.0,519.0,518.0,519.0,519.0,0.0,26.11100006,28.33320045,430.18580203586635,0.5060169100761414,0.5060169100761414,0.0,1.0,0.5823434953867868,0.5821644802538414,0.9999435973802128,0.9799436330795288,0.9999432219128829,0.9999974979539289,0.9999974843284066,0.9999967964639173,0.9999967831326905,-11.839828676710459,-46.400722459430476,,804.1697067864843,False,False,False,,[]
519,519,520,True,1.0,1.0,519.0,520.0,519.0,520.0,520.0,0.0,28.33320045,30.55540085,431.18929358836357,0.5060170292854309,0.5060170292854309,0.0,1.0,0.5821644802538414,0.5819791170011153,0.9999432219128829,0.9799432158470154,0.999942834217037,0.9999974843284066,0.99999747286902,0.9999967831326905,0.9999967729992619,-12.25869507567415,-48.046155106596466,,802.7449687501091,False,False,False,,[]
520,520,521,True,1.0,1.0,520.0,521.0,520.0,521.0,521.0,0.0,30.55540085,32.77759933,432.2744059895129,0.5060171484947205,0.5060171484947205,0.0,1.0,0.5819791170011153,0.5817746023062743,0.999942834217037,0.9799428582191467,0.9999424101758804,0.99999747286902,0.9999974592093072,0.9999967729992619,0.99999675912103,-13.52359160222019,-53.01020890278375,,784.6480438937584,False,False,False,,[]
521,521,522,True,1.0,1.0,521.0,522.0,521.0,522.0,522.0,0.0,32.77759933,35.0,433.47276704801527,0.50601726770401,0.50601726770401,0.0,1.0,0.5817746023062743,0.5815546327137886,0.9999424101758804,0.9799424409866333,0.9999419574247478,0.9999974592093072,0.9999974476893014,0.99999675912103,0.9999967402746731,-14.543848102296666,-57.016118372310366,,771.8365676221201,False,False,False,,[]
522,522,523,True,1.0,1.0,522.0,523.0,522.0,523.0,523.0,0.0,35.0,35.0,93.56510177083334,0.5060173869132996,0.5060173869132996,0.0,1.0,0.5815546327137886,0.5815005914934464,0.9999419574247478,0.9799419641494751,0.9999418513528624,0.9999974476893014,0.9999974414216638,0.9999967402746731,0.9999967363594895,-3.574678570091336,-14.007484312698228,,930.3786231402753,False,False,False,,[]
523,523,524,True,1.0,1.0,523.0,524.0,523.0,524.0,524.0,0.0,35.0,35.0,93.56510177083334,0.5060174465179443,0.5060174465179443,0.0,1.0,0.5815005914934464,0.5814465502173366,0.9999418513528624,0.9799418449401855,0.9999417452808618,0.9999974414216638,0.9999974351540256,0.9999967363594895,0.9999967324443056,-3.5746786396254207,-14.007498767645002,,930.3785642196509,False,False,False,,[]
524,524,525,True,1.0,1.0,524.0,525.0,524.0,525.0,525.0,0.0,35.0,36.875,381.3932267708337,0.5060174465179443,0.5060174465179443,0.0,1.0,0.5814465502173366,0.5812496199645979,0.9999417452808618,0.9799417853355408,0.9999413355336213,0.9999974351540256,0.9999974254953584,0.9999967324443056,0.9999967215045488,-13.020509502060701,-51.044321509863266,,794.5945949085399,False,False,False,,[]
525,525,526,True,1.0,1.0,525.0,526.0,525.0,526.0,526.0,0.0,36.875,38.75,382.5110093636071,0.5060175657272339,0.5060175657272339,0.0,1.0,0.5812496199645979,0.5810416124588941,0.9999413355336213,0.9799413681030273,0.999940904954628,0.9999974254953584,0.9999974151512873,0.9999967215045488,0.9999967099602899,-13.751582381525047,-53.91554547842251,,785.5745047483888,False,False,False,,[]
526,526,527,True,1.0,1.0,526.0,527.0,526.0,527.0,527.0,0.0,38.75,40.625,383.68711104817646,0.5060176849365234,0.5060176849365234,0.0,1.0,0.5810416124588941,0.5808223952733251,0.999940904954628,0.9799409508705139,0.9999404535880178,0.9999974151512873,0.9999974040866745,0.9999967099602899,0.9999966978063363,-14.49121699028226,-56.821094499456095,,776.6553476215543,False,False,False,,[]
527,527,528,True,1.0,1.0,527.0,528.0,527.0,528.0,528.0,0.0,40.625,42.5,384.9215318245446,0.5060178637504578,0.5060178637504578,0.0,1.0,0.5808223952733251,0.5805917838081419,0.9999404535880178,0.9799404740333557,0.9999399814022906,0.9999974040866745,0.9999973922258923,0.9999966978063363,0.9999966850372349,-15.242849201101158,-59.77449177549943,,767.7779435622396,False,False,False,,[]
528,528,529,True,1.0,1.0,528.0,529.0,528.0,529.0,529.0,0.0,42.5,44.375,386.2142716927087,0.5060179829597473,0.5060179829597473,0.0,1.0,0.5805917838081419,0.5803495454507696,0.9999399814022906,0.9799399971961975,0.999939488304552,0.9999973922258923,0.9999973794572493,0.9999966850372349,0.9999966716472681,-16.009637695335357,-62.788182230927845,,758.8941976545033,False,False,False,,[]
529,529,530,True,1.0,1.0,529.0,530.0,529.0,530.0,530.0,0.0,44.375,46.25,387.56533065266865,0.5060181617736816,0.5060181617736816,0.0,1.0,0.5803495454507696,0.5800945265705434,0.999939488304552,0.9799395203590393,0.9999389726180762,0.9999973794572493,0.9999973656042879,0.9999966716472681,0.9999966567893104,-16.852383151742906,-66.1008937546118,,748.8962503024865,False,False,False,,[]
530,530,531,True,1.0,1.0,530.0,531.0,530.0,531.0,531.0,0.0,46.25,48.125,388.9747087044274,0.5060182809829712,0.5060182809829712,0.0,1.0,0.5800945265705434,0.5798264698393706,0.9999389726180762,0.9799389839172363,0.999938434330317,0.9999973656042879,0.9999973501686629,0.9999966567893104,0.9999966409182797,-17.711862025934288,-69.48030471998055,,738.9933429197442,False,False,False,,[]
531,531,532,True,1.0,1.0,531.0,532.0,531.0,532.0,532.0,0.0,48.125,50.0,390.4424058479821,0.5060184597969055,0.5060184597969055,0.0,1.0,0.5798264698393706,0.5795468182897677,0.999938434330317,0.9799384474754333,0.9999378763287301,0.9999973501686629,0.999997334628645,0.9999966409182797,0.999996623817574,-18.475818128596618,-72.48568165705694,,730.94476424956,False,False,False,,[]
532,532,533,True,1.0,1.0,532.0,533.0,532.0,533.0,533.0,0.0,50.0,50.0,104.14029708333334,0.5060186386108398,0.5060186386108398,0.0,1.0,0.5795468182897677,0.5794584461213099,0.9999378763287301,0.9799379110336304,0.9999376969477594,0.999997334628645,0.9999973266479375,0.999996623817574,0.9999966131337659,-5.841540100305195,-22.906066064269137,,888.9088152670611,False,False,False,,[]
533,533,534,True,1.0,1.0,533.0,534.0,533.0,534.0,534.0,0.0,50.0,50.0,104.14029708333334,0.5060186982154846,0.5060186982154846,0.0,1.0,0.5794584461213099,0.5793700739053707,0.9999376969477594,0.979937732219696,0.9999375175666839,0.9999973266479375,0.9999973186672293,0.9999966131337659,0.9999966024499586,-5.841540092106463,-22.90607837146526,,888.9087696521221,False,False,False,,[]
534,534,535,True,1.0,1.0,534.0,535.0,534.0,535.0,535.0,0.0,50.0,50.0,104.14029708333334,0.5060187578201294,0.5060187578201294,0.0,1.0,0.5793700739053707,0.579281701640748,0.9999375175666839,0.9799375534057617,0.9999373381855011,0.9999973186672293,0.9999973106865205,0.9999966024499586,0.9999965917661521,-5.841540083907712,-22.906090990204575,,888.9087228769339,False,False,False,,[]
535,535,536,True,1.0,1.0,535.0,536.0,535.0,536.0,536.0,0.0,50.0,50.0,104.14029708333334,0.5060187578201294,0.5060187578201294,0.0,1.0,0.579281701640748,0.5791933293261509,0.9999373381855011,0.9799373745918274,0.9999371588042081,0.9999973106865205,0.9999973027058118,0.9999965917661521,0.9999965810823456,-5.841540083907712,-22.90610394356826,,888.9086746780579,False,False,False,,[]
536,536,537,True,1.0,1.0,536.0,537.0,536.0,537.0,537.0,0.0,50.0,50.0,104.14029708333334,0.5060188174247742,0.5060188174247742,0.0,1.0,0.5791933293261509,0.5791049569605706,0.9999371588042081,0.9799371957778931,0.9999369794228026,0.9999973027058118,0.9999972947251025,0.9999965810823456,0.9999965703985398,-5.841540075708945,-22.906117158397922,,888.9086256822034,False,False,False,,[]
537,537,538,True,1.0,1.0,537.0,538.0,537.0,538.0,538.0,0.0,50.0,50.0,104.14029708333334,0.506018877029419,0.506018877029419,0.0,1.0,0.5791049569605706,0.5790165845429076,0.9999369794228026,0.9799370169639587,0.9999368000412823,0.9999972947251025,0.9999972867443925,0.9999965703985398,0.999996559714735,-5.84154006751016,-22.90613065825607,,888.9085756332131,False,False,False,,[]
538,538,539,True,1.0,1.0,538.0,539.0,538.0,539.0,539.0,0.0,50.0,50.0,104.14029708333334,0.5060189366340637,0.5060189366340637,0.0,1.0,0.5790165845429076,0.5789282120720944,0.9999368000412823,0.9799368381500244,0.9999366206596447,0.9999972867443925,0.9999972787636819,0.999996559714735,0.9999965490309309,-5.841540059311359,-22.906144434776643,,888.9085245478431,False,False,False,,[]
539,539,540,True,1.0,1.0,539.0,540.0,539.0,540.0,540.0,0.0,50.0,50.0,104.14029708333334,0.5060189962387085,0.5060189962387085,0.0,1.0,0.5789282120720944,0.5788398395470952,0.9999366206596447,0.9799366593360901,0.9999364412778877,0.9999972787636819,0.9999972707829708,0.9999965490309309,0.9999965383471278,-5.84154005111254,-22.90615847982277,,888.9084725561898,False,False,False,,[]
540,540,541,True,1.0,1.0,540.0,541.0,540.0,541.0,541.0,0.0,50.0,50.0,104.14029708333334,0.5060190558433533,0.5060190558433533,0.0,1.0,0.5788398395470952,0.5787514669669043,0.9999364412778877,0.9799364805221558,0.9999362618960089,0.9999972707829708,0.9999972628022591,0.9999965383471278,0.9999965276633254,-5.841540042913706,-22.90617278547764,,888.9084194103425,False,False,False,,[]
541,541,542,True,1.0,1.0,541.0,542.0,541.0,542.0,542.0,0.0,50.0,50.0,104.14029708333334,0.506019115447998,0.506019115447998,0.0,1.0,0.5787514669669043,0.5786630943305461,0.9999362618960089,0.9799363017082214,0.9999360825140063,0.9999972628022591,0.9999972548215468,0.9999965276633254,0.9999965169795239,-5.841540034714853,-22.906187344035295,,888.9083655111177,False,False,False,,[]
542,542,543,True,1.0,1.0,542.0,543.0,542.0,543.0,543.0,0.0,50.0,50.0,104.14029708333334,0.5060191750526428,0.5060191750526428,0.0,1.0,0.5786630943305461,0.5785747216370739,0.9999360825140063,0.9799361228942871,0.9999359031318777,0.9999972548215468,0.9999972468408339,0.9999965169795239,0.9999965062957231,-5.841540026515986,-22.906202148000663,,888.9083106006917,False,False,False,,[]
543,543,544,True,1.0,1.0,543.0,544.0,543.0,544.0,544.0,0.0,50.0,50.0,104.14029708333334,0.5060192346572876,0.5060192346572876,0.0,1.0,0.5785747216370739,0.5784863488855689,0.9999359031318777,0.9799359440803528,0.9999357237496211,0.9999972468408339,0.9999972388601204,0.9999965062957231,0.9999964956119232,-5.841540018317098,-22.90621719008036,,888.9082547186287,False,False,False,,[]
544,544,545,True,1.0,1.0,544.0,545.0,544.0,545.0,545.0,0.0,50.0,48.125,-183.68782791666698,0.5060192942619324,0.5060192942619324,0.0,1.0,0.5784863488855689,0.5785819026291038,0.9999357237496211,0.9799357652664185,0.9999355284237809,0.9999972388601204,0.9999972282145204,0.9999964956119232,0.999996481889884,6.319867950175646,24.76753032424991,,1054.4669290054912,False,False,False,,[]
545,545,546,True,1.0,1.0,545.0,546.0,545.0,546.0,546.0,0.0,48.125,46.25,-185.21384415201854,0.5060193538665771,0.5060193538665771,0.0,1.0,0.5785819026291038,0.5786750751512759,0.9999355284237809,0.9799355268478394,0.9999353384086564,0.9999972282145204,0.9999972179575811,0.999996481889884,0.9999964691471612,6.1628322438423275,24.150317747010913,,1053.931073372691,False,False,False,,[]
546,546,547,True,1.0,1.0,546.0,547.0,546.0,547.0,547.0,0.0,46.25,44.375,-186.68154129557226,0.5060194134712219,0.5060194134712219,0.0,1.0,0.5786750751512759,0.5787643413579664,0.9999353384086564,0.979935348033905,0.9999351570543904,0.9999972179575811,0.9999972079020745,0.9999964691471612,0.9999964558288498,5.9048408983385405,23.137800774169513,,1050.1520726071733,False,False,False,,[]
547,547,548,True,1.0,1.0,547.0,548.0,547.0,548.0,548.0,0.0,44.375,42.5,-188.09091934733104,0.5060194730758667,0.5060194730758667,0.0,1.0,0.5787643413579664,0.5788500746604183,0.9999351570543904,0.9799351692199707,0.9999349834785516,0.9999972079020745,0.9999971979250976,0.9999964558288498,0.9999964426742326,5.671501931342837,22.222071995537547,,1047.3881603101527,False,False,False,,[]
548,548,549,True,1.0,1.0,548.0,549.0,548.0,549.0,549.0,0.0,42.5,40.625,-189.44197830729198,0.5060194730758667,0.5060194730758667,0.0,1.0,0.5788500746604183,0.5789296684498021,0.9999349834785516,0.9799349904060364,0.9999348232977396,0.9999971979250976,0.9999971880651031,0.9999964426742326,0.9999964265013012,5.265625342252297,20.63071020827575,,1039.00722190151,False,False,False,,[]
549,549,550,True,1.0,1.0,549.0,550.0,549.0,550.0,550.0,0.0,40.625,38.75,-190.73471817545507,0.5060195326805115,0.5060195326805115,0.0,1.0,0.5789296684498021,0.5790135713368029,0.9999348232977396,0.9799348711967468,0.9999346537316672,0.9999971880651031,0.9999971783564799,0.9999964265013012,0.9999964204594712,5.551139750255578,21.74762831059745,,1053.958264675049,False,False,False,,[]
550,550,551,True,1.0,1.0,550.0,551.0,550.0,551.0,551.0,0.0,38.75,36.875,-191.96913895182323,0.5060195922851562,0.5060195922851562,0.0,1.0,0.5790135713368029,0.5790936868057517,0.9999346537316672,0.9799346923828125,0.9999344924186825,0.9999971783564799,0.9999971686858669,0.9999964204594712,0.9999964146658279,5.300843942551636,20.7659295515331,,1050.99414560452,False,False,False,,[]
551,551,552,True,1.0,1.0,551.0,552.0,551.0,552.0,552.0,0.0,36.875,35.0,-193.14524063639354,0.506019651889801,0.506019651889801,0.0,1.0,0.5790936868057517,0.5791685526236918,0.9999344924186825,0.9799345135688782,0.9999343424480667,0.9999971686858669,0.9999971575729353,0.9999964146658279,0.9999964091257386,4.953726843026243,19.40522001007139,,1045.167690472413,False,False,False,,[]
552,552,553,True,1.0,1.0,552.0,553.0,552.0,553.0,553.0,0.0,35.0,35.0,93.56510177083334,0.5060197114944458,0.5060197114944458,0.0,1.0,0.5791685526236918,0.5791145095749066,0.9999343424480667,0.9799343347549438,0.9999342363724026,0.9999971575729353,0.9999971513052746,0.9999964091257386,0.9999964052105451,-3.5746812819109333,-14.00795824511097,,930.3766848128813,False,False,False,,[]
553,553,554,True,1.0,1.0,553.0,554.0,553.0,554.0,554.0,0.0,35.0,35.0,93.56510177083334,0.5060197114944458,0.5060197114944458,0.0,1.0,0.5791145095749066,0.5790604664790518,0.9999342363724026,0.9799342751502991,0.9999341302966414,0.9999971513052746,0.9999971450376138,0.9999964052105451,0.9999964012953516,-3.5746812819109333,-14.007970445560652,,930.3766356509805,False,False,False,,[]
554,554,555,True,1.0,1.0,554.0,555.0,554.0,555.0,555.0,0.0,35.0,35.0,93.56510177083334,0.5060197710990906,0.5060197710990906,0.0,1.0,0.5790604664790518,0.5790064233355758,0.9999341302966414,0.9799341559410095,0.9999340242207817,0.9999971450376138,0.9999971387699526,0.9999964012953516,0.9999963973801579,-3.5746813514445086,-14.007982788971534,,930.3765852427512,False,False,False,,[]
555,555,556,True,1.0,1.0,555.0,556.0,555.0,556.0,556.0,0.0,35.0,35.0,93.56510177083334,0.5060197710990906,0.5060197710990906,0.0,1.0,0.5790064233355758,0.5789523801460172,0.9999340242207817,0.97993403673172,0.9999339181448268,0.9999971387699526,0.9999971325022913,0.9999963973801579,0.9999963934649642,-3.5746813514445086,-14.007994733584574,,930.3765371081801,False,False,False,,[]
556,556,557,True,1.0,1.0,556.0,557.0,556.0,557.0,557.0,0.0,35.0,35.0,93.56510177083334,0.5060198307037354,0.5060198307037354,0.0,1.0,0.5789523801460172,0.5788983369097995,0.9999339181448268,0.9799339175224304,0.9999338120687754,0.9999971325022913,0.9999971262346293,0.9999963934649642,0.9999963895497701,-3.57468142097807,-14.008006827631627,,930.376487503942,False,False,False,,[]
557,557,558,True,1.0,1.0,557.0,558.0,557.0,558.0,558.0,0.0,35.0,35.0,93.56510177083334,0.5060198307037354,0.5060198307037354,0.0,1.0,0.5788983369097995,0.5788442936284369,0.9999338120687754,0.9799338579177856,0.9999337059926308,0.9999971262346293,0.9999971199669674,0.9999963895497701,0.999996385634576,-3.57468142097807,-14.008018529184044,,930.3764403540313,False,False,False,,[]
558,558,559,True,1.0,1.0,558.0,559.0,558.0,559.0,559.0,0.0,35.0,35.0,93.56510177083334,0.5060198903083801,0.5060198903083801,0.0,1.0,0.5788442936284369,0.5787902503013292,0.9999337059926308,0.9799337387084961,0.9999335999163916,0.9999971199669674,0.9999971136993049,0.999996385634576,0.9999963817193818,-3.574681490511619,-14.008030386313228,,930.3763919061861,False,False,False,,[]
559,559,560,True,1.0,1.0,559.0,560.0,559.0,560.0,560.0,0.0,35.0,35.0,93.56510177083334,0.5060198903083801,0.5060198903083801,0.0,1.0,0.5787902503013292,0.5787362069299676,0.9999335999163916,0.9799336194992065,0.999933493840061,0.9999971136993049,0.9999971074316424,0.9999963817193818,0.9999963778041875,-3.574681490511619,-14.008041856920919,,930.3763456812563,False,False,False,,[]
560,560,561,True,1.0,1.0,560.0,561.0,560.0,561.0,561.0,0.0,35.0,35.0,93.56510177083334,0.5060199499130249,0.5060199499130249,0.0,1.0,0.5787362069299676,0.5786821635137296,0.999933493840061,0.979933500289917,0.9999333877636377,0.9999971074316424,0.9999971011639793,0.9999963778041875,0.999996373888993,-3.574681560045155,-14.008053488908907,,930.3762981390761,False,False,False,,[]
561,561,562,True,1.0,1.0,561.0,562.0,561.0,562.0,562.0,0.0,35.0,35.0,93.56510177083334,0.5060200095176697,0.5060200095176697,0.0,1.0,0.5786821635137296,0.578628120053033,0.9999333877636377,0.9799333810806274,0.9999332816871225,0.9999971011639793,0.9999970948963156,0.999996373888993,0.9999963699737981,-3.574681629578677,-14.008065012555173,,930.3762508336932,False,False,False,,[]
562,562,563,True,1.0,1.0,562.0,563.0,562.0,563.0,563.0,0.0,35.0,35.0,93.56510177083334,0.5060200095176697,0.5060200095176697,0.0,1.0,0.578628120053033,0.5785740765493368,0.9999332816871225,0.9799333214759827,0.9999331756105184,0.9999970948963156,0.9999970886286519,0.9999963699737981,0.9999963660586033,-3.574681629578677,-14.008076158046013,,930.3762059251675,False,False,False,,[]
563,563,564,True,1.0,1.0,563.0,564.0,563.0,564.0,564.0,0.0,35.0,35.0,93.56510177083334,0.5060200691223145,0.5060200691223145,0.0,1.0,0.5785740765493368,0.578520033001987,0.9999331756105184,0.9799332022666931,0.9999330695338241,0.9999970886286519,0.9999970823609876,0.9999963660586033,0.9999963621434083,-3.574681699112187,-14.00808747306318,,930.3761596528785,False,False,False,,[]
564,564,565,True,1.0,1.0,564.0,565.0,564.0,565.0,565.0,0.0,35.0,35.0,93.56510177083334,0.5060200691223145,0.5060200691223145,0.0,1.0,0.578520033001987,0.5784659894124224,0.9999330695338241,0.9799330830574036,0.9999329634570425,0.9999970823609876,0.9999970760933233,0.9999963621434083,0.9999963582282132,-3.574681699112187,-14.008098415132508,,930.376115558336,False,False,False,,[]
565,565,566,True,1.0,1.0,565.0,566.0,565.0,566.0,566.0,0.0,35.0,33.5,-136.69739822916634,0.5060201287269592,0.5060201287269592,0.0,1.0,0.5784659894124224,0.5785158271278766,0.9999329634570425,0.979932963848114,0.9999328660372093,0.9999970760933233,0.9999970678881247,0.9999963582282132,0.9999963544913664,3.2975623278136976,12.917935845729472,,1028.9692786651385,False,False,False,,[]
566,566,567,True,1.0,1.0,566.0,567.0,566.0,567.0,567.0,0.0,33.5,32.0,-137.5496345572913,0.5060201287269592,0.5060201287269592,0.0,1.0,0.5785158271278766,0.5785617008996448,0.9999328660372093,0.9799329042434692,0.9999327767129139,0.9999970678881247,0.9999970598678879,0.9999963544913664,0.9999963484445206,3.0353851436293082,11.89048164229414,,1023.4097400901853,False,False,False,,[]
567,567,568,True,1.0,1.0,567.0,568.0,567.0,568.0,568.0,0.0,32.0,28.8571434,-390.55672523833323,0.506020188331604,0.506020188331604,0.0,1.0,0.5785617008996448,0.578695690146915,0.9999327767129139,0.9799327850341797,0.9999324923247574,0.9999970598678879,0.9999970471168966,0.9999963484445206,0.9999963389592416,8.868665952950854,34.73001289245945,,1090.8862751462643,False,False,False,,[]
568,568,569,True,1.0,1.0,568.0,569.0,568.0,569.0,569.0,0.0,28.8571434,25.7142849,-392.14342289430266,0.5060202479362488,0.5060202479362488,0.0,1.0,0.578695690146915,0.5788090864320719,0.9999324923247574,0.9799324870109558,0.9999322564446388,0.9999970471168966,0.9999970334970759,0.9999963389592416,0.9999963238556854,7.505740274056765,29.39231711265268,,1065.0590198804107,False,False,False,,[]
569,569,570,True,1.0,1.0,569.0,570.0,569.0,570.0,570.0,0.0,25.7142849,22.5714283,-393.5656839190104,0.5060203075408936,0.5060203075408936,0.0,1.0,0.5788090864320719,0.5789125544668831,0.9999322564446388,0.9799322485923767,0.9999320432969481,0.9999970334970759,0.9999970202981202,0.9999963238556854,0.9999963152014204,6.848839386241818,26.818914623058003,,1064.1694668014616,False,False,False,,[]
570,570,571,True,1.0,1.0,570.0,571.0,570.0,571.0,571.0,0.0,22.5714283,19.4285717,-394.82438158996354,0.5060203671455383,0.5060203671455383,0.0,1.0,0.5789125544668831,0.5790076019450467,0.9999320432969481,0.9799320697784424,0.9999318491021896,0.9999970202981202,0.9999970144875375,0.9999963152014204,0.9999963069532195,6.291682506823914,24.636306340021697,,1065.6086948141026,False,False,False,,[]
571,571,572,True,1.0,1.0,571.0,572.0,571.0,572.0,572.0,0.0,19.4285717,16.2857151,-395.9192251508541,0.5060204267501831,0.5060204267501831,0.0,1.0,0.5790076019450467,0.5790855440388836,0.9999318491021896,0.9799318909645081,0.9999316924986246,0.9999970144875375,0.99999700625934,0.9999963069532195,0.999996299854214,5.159403163488339,20.202590722496716,,1049.2678848624412,False,False,False,,[]
572,572,573,True,1.0,1.0,572.0,573.0,572.0,573.0,573.0,0.0,16.2857151,13.14285755,-396.85036043459894,0.5060204863548279,0.5060204863548279,0.0,1.0,0.5790855440388836,0.5791388773827836,0.9999316924986246,0.9799317121505737,0.9999315878886229,0.99999700625934,0.9999970021670866,0.999996299854214,0.999996277016837,3.5303132575904783,13.824002738879647,,1016.2010013522618,False,False,False,,[]
573,573,574,True,1.0,1.0,573.0,574.0,573.0,574.0,574.0,0.0,13.14285755,10.0,-397.61749598248434,0.5060205459594727,0.5060205459594727,0.0,1.0,0.5791388773827836,0.5791785847147725,0.9999315878886229,0.9799315929412842,0.9999315110364757,0.9999970021670866,0.9999969964588219,0.999996277016837,0.9999962590226322,2.6283426063964432,10.29214045151471,,1008.3894449526975,False,False,False,,[]
574,574,575,True,1.0,1.0,574.0,575.0,574.0,575.0,575.0,0.0,10.0,6.66666651,-427.46042141075003,0.5060205459594727,0.5060205459594727,0.0,1.0,0.5791785847147725,0.5792042354553547,0.9999315110364757,0.9799315333366394,0.9999314620683843,0.9999969964588219,0.9999969865781743,0.9999962590226322,0.9999962450912295,1.6978699820293037,6.648671958932864,,996.9512046932695,False,False,False,,[]
575,575,576,True,1.0,1.0,575.0,576.0,575.0,576.0,576.0,0.0,6.66666651,3.33333325,-427.92117894523324,0.5060205459594727,0.5060205459594727,0.0,1.0,0.5792042354553547,0.5792183257441359,0.9999314620683843,0.9799314737319946,0.9999314354720593,0.9999969865781743,0.9999969792308968,0.9999962450912295,0.9999962367233781,0.9326487009586055,3.652202852079302,,995.7338058052534,False,False,False,,[]
576,576,577,True,1.0,1.0,576.0,577.0,576.0,577.0,577.0,0.0,3.33333325,0.0,-428.1976530918764,0.5060205459594727,0.5060205459594727,0.0,1.0,0.5792183257441359,0.579223025604317,0.9999314354720593,0.9799314737319946,0.9999314266818929,0.9999969792308968,0.999996976780222,0.9999962367233781,0.9999962339322922,0.3110837572896537,1.2182037589617092,,998.5810989924972,False,False,False,,[]
577,577,578,True,1.0,1.0,577.0,578.0,577.0,578.0,578.0,0.0,0.0,0.0,83.40462000000002,0.5060205459594727,0.5060205459594727,0.0,1.0,0.579223025604317,0.579223025604317,0.9999314266818929,0.9799314737319946,0.9999314266818929,0.999996976780222,0.999996976780222,0.9999962339322922,0.9999962339322922,-0.0,0.0,,1000.0,False,False,False,,[]
578,578,579,True,1.0,1.0,578.0,579.0,578.0,579.0,579.0,0.0,0.0,0.0,83.40462000000002,0.5060205459594727,0.5060205459594727,0.0,1.0,0.579223025604317,0.579223025604317,0.9999314266818929,0.9799314737319946,0.9999314266818929,0.999996976780222,0.999996976780222,0.9999962339322922,0.9999962339322922,-0.0,0.0,,1000.0,False,False,False,,[]
579,579,580,True,1.0,1.0,579.0,580.0,579.0,580.0,580.0,0.0,0.0,0.0,83.40462000000002,0.5060205459594727,0.5060205459594727,0.0,1.0,0.579223025604317,0.579223025604317,0.9999314266818929,0.9799314737319946,0.9999314266818929,0.999996976780222,0.999996976780222,0.9999962339322922,0.9999962339322922,-0.0,0.0,,1000.0,False,False,False,,[]
580,580,581,True,1.0,1.0,580.0,581.0,580.0,581.0,581.0,0.0,0.0,0.0,83.40462000000002,0.5060205459594727,0.5060205459594727,0.0,1.0,0.579223025604317,0.579223025604317,0.9999314266818929,0.9799314737319946,0.9999314266818929,0.999996976780222,0.999996976780222,0.9999962339322922,0.9999962339322922,-0.0,0.0,,1000.0,False,False,False,,[]
581,581,582,True,1.0,1.0,581.0,582.0,581.0,582.0,582.0,0.0,0.0,0.0,83.40462000000002,0.5060205459594727,0.5060205459594727,0.0,1.0,0.579223025604317,0.579223025604317,0.9999314266818929,0.9799314737319946,0.9999314266818929,0.999996976780222,0.999996976780222,0.9999962339322922,0.9999962339322922,-0.0,0.0,,1000.0,False,False,False,,[]
582,582,583,True,1.0,1.0,582.0,583.0,582.0,583.0,583.0,0.0,0.0,0.0,83.40462000000002,0.5060205459594727,0.5060205459594727,0.0,1.0,0.579223025604317,0.579223025604317,0.9999314266818929,0.9799314737319946,0.9999314266818929,0.999996976780222,0.999996976780222,0.9999962339322922,0.9999962339322922,-0.0,0.0,,1000.0,False,False,False,,[]
583,583,584,True,1.0,1.0,583.0,584.0,583.0,584.0,584.0,0.0,0.0,0.0,83.40462000000002,0.5060205459594727,0.5060205459594727,0.0,1.0,0.579223025604317,0.579223025604317,0.9999314266818929,0.9799314737319946,0.9999314266818929,0.999996976780222,0.999996976780222,0.9999962339322922,0.9999962339322922,-0.0,0.0,,1000.0,False,False,False,,[]
584,584,585,True,1.0,1.0,584.0,585.0,584.0,585.0,585.0,0.0,0.0,0.0,83.40462000000002,0.5060205459594727,0.5060205459594727,0.0,1.0,0.579223025604317,0.579223025604317,0.9999314266818929,0.9799314737319946,0.9999314266818929,0.999996976780222,0.999996976780222,0.9999962339322922,0.9999962339322922,-0.0,0.0,,1000.0,False,False,False,,[]
585,585,586,True,1.0,1.0,585.0,586.0,585.0,586.0,586.0,0.0,0.0,0.0,83.40462000000002,0.5060205459594727,0.5060205459594727,0.0,1.0,0.579223025604317,0.579223025604317,0.9999314266818929,0.9799314737319946,0.9999314266818929,0.999996976780222,0.999996976780222,0.9999962339322922,0.9999962339322922,-0.0,0.0,,1000.0,False,False,False,,[]
586,586,587,True,1.0,1.0,586.0,587.0,586.0,587.0,587.0,0.0,0.0,0.0,83.40462000000002,0.5060205459594727,0.5060205459594727,0.0,1.0,0.579223025604317,0.579223025604317,0.9999314266818929,0.9799314737319946,0.9999314266818929,0.999996976780222,0.999996976780222,0.9999962339322922,0.9999962339322922,-0.0,0.0,,1000.0,False,False,False,,[]
587,587,588,True,1.0,1.0,587.0,588.0,587.0,588.0,588.0,0.0,0.0,0.0,83.40462000000002,0.5060205459594727,0.5060205459594727,0.0,1.0,0.579223025604317,0.579223025604317,0.9999314266818929,0.9799314737319946,0.9999314266818929,0.999996976780222,0.999996976780222,0.9999962339322922,0.9999962339322922,-0.0,0.0,,1000.0,False,False,False,,[]
588,588,589,True,1.0,1.0,588.0,589.0,588.0,589.0,589.0,0.0,0.0,0.0,83.40462000000002,0.5060205459594727,0.5060205459594727,0.0,1.0,0.579223025604317,0.579223025604317,0.9999314266818929,0.9799314737319946,0.9999314266818929,0.999996976780222,0.999996976780222,0.9999962339322922,0.9999962339322922,-0.0,0.0,,1000.0,False,False,False,,[]
589,589,590,True,1.0,1.0,589.0,590.0,589.0,590.0,590.0,0.0,0.0,0.0,83.40462000000002,0.5060205459594727,0.5060205459594727,0.0,1.0,0.579223025604317,0.579223025604317,0.9999314266818929,0.9799314737319946,0.9999314266818929,0.999996976780222,0.999996976780222,0.9999962339322922,0.9999962339322922,-0.0,0.0,,1000.0,False,False,False,,[]
590,590,591,True,1.0,1.0,590.0,591.0,590.0,591.0,591.0,0.0,0.0,0.0,83.40462000000002,0.5060205459594727,0.5060205459594727,0.0,1.0,0.579223025604317,0.579223025604317,0.9999314266818929,0.9799314737319946,0.9999314266818929,0.999996976780222,0.999996976780222,0.9999962339322922,0.9999962339322922,-0.0,0.0,,1000.0,False,False,False,,[]
591,591,592,True,1.0,1.0,591.0,592.0,591.0,592.0,592.0,0.0,0.0,0.0,83.40462000000002,0.5060205459594727,0.5060205459594727,0.0,1.0,0.579223025604317,0.579223025604317,0.9999314266818929,0.9799314737319946,0.9999314266818929,0.999996976780222,0.999996976780222,0.9999962339322922,0.9999962339322922,-0.0,0.0,,1000.0,False,False,False,,[]
592,592,593,True,1.0,1.0,592.0,593.0,592.0,593.0,593.0,0.0,0.0,0.0,83.40462000000002,0.5060205459594727,0.5060205459594727,0.0,1.0,0.579223025604317,0.579223025604317,0.9999314266818929,0.9799314737319946,0.9999314266818929,0.999996976780222,0.999996976780222,0.9999962339322922,0.9999962339322922,-0.0,0.0,,1000.0,False,False,False,,[]
593,593,594,True,1.0,1.0,593.0,594.0,593.0,594.0,594.0,0.0,0.0,0.0,83.40462000000002,0.5060205459594727,0.5060205459594727,0.0,1.0,0.579223025604317,0.579223025604317,0.9999314266818929,0.9799314737319946,0.9999314266818929,0.999996976780222,0.999996976780222,0.9999962339322922,0.9999962339322922,-0.0,0.0,,1000.0,False,False,False,,[]
594,594,595,True,1.0,1.0,594.0,595.0,594.0,595.0,595.0,0.0,0.0,0.0,83.40462000000002,0.5060205459594727,0.5060205459594727,0.0,1.0,0.579223025604317,0.579223025604317,0.9999314266818929,0.9799314737319946,0.9999314266818929,0.999996976780222,0.999996976780222,0.9999962339322922,0.9999962339322922,-0.0,0.0,,1000.0,False,False,False,,[]
595,595,596,True,1.0,1.0,595.0,596.0,595.0,596.0,596.0,0.0,0.0,3.75,659.0608700000001,0.5060205459594727,0.5060205459594727,0.0,1.0,0.579223025604317,0.5791917382534761,0.9999314266818929,0.9799314737319946,0.9999313666230709,0.999996976780222,0.9999969725367684,0.9999962339322922,0.9999962290994013,-2.0709554738562095,-8.109681337968354,,955.6852774635545,False,False,False,,[]
596,596,597,True,1.0,1.0,596.0,597.0,596.0,597.0,597.0,0.0,3.75,7.5,659.1775081835939,0.5060205459594727,0.5060205459594727,0.0,1.0,0.5791917382534761,0.5790978403442202,0.9999313666230709,0.9799314141273499,0.9999311749926622,0.9999969725367684,0.9999969598041546,0.9999962290994013,0.9999962145981629,-6.213965951956955,-24.338338079132882,,876.9662002147252,False,False,False,,[]
597,597,598,True,1.0,1.0,597.0,598.0,597.0,598.0,598.0,0.0,7.5,11.25,659.5274227343749,0.5060206651687622,0.5060206651687622,0.0,1.0,0.5790978403442202,0.5789699644819594,0.9999311749926622,0.9799311757087708,0.9999309051983286,0.9999969598041546,0.9999969511379125,0.9999962145981629,0.9999961904166084,-8.46136036667029,-33.14542349800736,,841.9612667172061,False,False,False,,[]
598,598,599,True,1.0,1.0,598.0,599.0,598.0,599.0,599.0,0.0,11.25,15.0,660.110613652344,0.506020724773407,0.506020724773407,0.0,1.0,0.5789699644819594,0.5787986136222172,0.9999309051983286,0.9799309372901917,0.9999305446115442,0.9999969511379125,0.9999969450661782,0.9999961904166084,0.9999961565325004,-11.335944634264838,-44.41414284517835,,801.6897178994782,False,False,False,,[]
599,599,600,True,1.0,1.0,599.0,600.0,599.0,600.0,600.0,0.0,15.0,15.0,85.27083093750002,0.5060208439826965,0.5060208439826965,0.0,1.0,0.5787986136222172,0.5787704099947936,0.9999305446115442,0.979930579662323,0.999930490635277,0.9999969450661782,0.9999969419428841,0.9999961565325004,0.9999961517416305,-1.8665682091369213,-7.310380228195681,,960.1394108864728,False,False,False,,[]
600,600,601,True,1.0,1.0,600.0,601.0,600.0,601.0,601.0,0.0,15.0,15.0,85.27083093750002,0.5060208439826965,0.5060208439826965,0.0,1.0,0.5787704099947936,0.5787422062940486,0.999930490635277,0.9799305200576782,0.9999304366588655,0.9999969419428841,0.9999969388195901,0.9999961517416305,0.9999961469507606,-1.8665682091369213,-7.310399233105155,,960.1393299989084,False,False,False,,[]
601,601,602,True,1.0,1.0,601.0,602.0,601.0,602.0,602.0,0.0,15.0,15.0,85.27083093750002,0.5060208439826965,0.5060208439826965,0.0,1.0,0.5787422062940486,0.5787140025218442,0.9999304366588655,0.9799304604530334,0.9999303826823135,0.9999969388195901,0.999996935696296,0.9999961469507606,0.9999961421598906,-1.8665682091369213,-7.310417755358993,,960.139251165581,False,False,False,,[]
602,602,603,True,1.0,1.0,602.0,603.0,602.0,603.0,603.0,0.0,15.0,15.0,85.27083093750002,0.5060209035873413,0.5060209035873413,0.0,1.0,0.5787140025218442,0.5786857986806863,0.9999303826823135,0.9799304008483887,0.9999303287056259,0.999996935696296,0.9999969325730017,0.9999961421598906,0.9999961373690213,-1.8665681632266309,-7.310435628144682,,960.1391754098656,False,False,False,,[]
603,603,604,True,1.0,1.0,603.0,604.0,603.0,604.0,604.0,0.0,15.0,15.0,85.27083093750002,0.5060209035873413,0.5060209035873413,0.0,1.0,0.5786857986806863,0.578657594771644,0.9999303287056259,0.9799303412437439,0.9999302747288049,0.9999969325730017,0.9999969294497074,0.9999961373690213,0.9999961325781519,-1.8665681632266309,-7.310453223754526,,960.1391005273937,False,False,False,,[]
604,604,605,True,1.0,1.0,604.0,605.0,604.0,605.0,605.0,0.0,15.0,15.0,85.27083093750002,0.5060209035873413,0.5060209035873413,0.0,1.0,0.578657594771644,0.578629390796433,0.9999302747288049,0.9799302816390991,0.9999302207518538,0.9999969294497074,0.9999969263264131,0.9999961325781519,0.9999961277872825,-1.8665681632266309,-7.310470374679221,,960.139027533455,False,False,False,,[]
605,605,606,True,1.0,1.0,605.0,606.0,605.0,606.0,606.0,0.0,15.0,15.0,85.27083093750002,0.5060209035873413,0.5060209035873413,0.0,1.0,0.578629390796433,0.5786011867567228,0.9999302207518538,0.9799302220344543,0.9999301667747758,0.9999969263264131,0.9999969232031188,0.9999961277872825,0.9999961229964132,-1.8665681632266309,-7.310487092897142,,960.1389563753394,False,False,False,,[]
606,606,607,True,1.0,1.0,606.0,607.0,606.0,607.0,607.0,0.0,15.0,15.0,85.27083093750002,0.5060209631919861,0.5060209631919861,0.0,1.0,0.5786011867567228,0.5785729826548315,0.9999301667747758,0.9799301624298096,0.9999301127975755,0.9999969232031188,0.9999969200798243,0.9999961229964132,0.9999961182055443,-1.8665681173163373,-7.310503210234284,,960.1388880912617,False,False,False,,[]
607,607,608,True,1.0,1.0,607.0,608.0,607.0,608.0,608.0,0.0,15.0,12.5,-298.50000239583346,0.5060209631919861,0.5060209631919861,0.0,1.0,0.5785729826548315,0.578607862099586,0.9999301127975755,0.9799301028251648,0.9999300456077205,0.9999969200798243,0.9999969144069264,0.9999961182055443,0.9999961021536291,2.308800445994659,9.040752080372547,,1006.4773318982599,False,False,False,,[]
608,608,609,True,1.0,1.0,608.0,609.0,608.0,609.0,609.0,0.0,12.5,10.0,-299.07023351562515,0.5060209631919861,0.5060209631919861,0.0,1.0,0.578607862099586,0.5786362220134899,0.9999300456077205,0.97993004322052,0.9999299913240525,0.9999969144069264,0.999996909507565,0.9999961021536291,0.9999960889951549,1.8772583078487037,7.3508896838714675,,1004.8975809398786,False,False,False,,[]
609,609,610,True,1.0,1.0,609.0,610.0,609.0,610.0,610.0,0.0,10.0,6.66666985,-427.4599086929167,0.5060210227966309,0.5060210227966309,0.0,1.0,0.5786362220134899,0.5786618715157317,0.9999299913240525,0.9799299836158752,0.9999299423583844,0.999996909507565,0.9999968996269173,0.9999960889951549,0.9999960750637795,1.697868385213003,6.648350981089563,,996.9502417810241,False,False,False,,[]
610,610,611,True,1.0,1.0,610.0,611.0,610.0,611.0,611.0,0.0,6.66666985,3.33299995,-427.97285562119487,0.5060210227966309,0.5060210227966309,0.0,1.0,0.5786618715157317,0.5786759623934598,0.9999299423583844,0.9799299836158752,0.9999299157609324,0.9999968996269173,0.9999968922789881,0.9999960750637795,0.9999960666952018,0.9327305522150686,3.6523555071160136,,995.7329117231499,False,False,False,,[]
611,611,612,True,1.0,1.0,611.0,612.0,611.0,612.0,612.0,0.0,3.33299995,0.0,-428.14650719332445,0.5060210227966309,0.5060210227966309,0.0,1.0,0.5786759623934598,0.578680661012749,0.9999299157609324,0.9799299240112305,0.9999299069730976,0.9999968922789881,0.9999968898288488,0.9999960666952018,0.999996063904731,0.31101549846354387,1.2178821197681504,,998.581241377708,False,False,False,,[]
612,612,613,True,1.0,1.0,612.0,613.0,612.0,613.0,613.0,0.0,0.0,0.0,83.40462000000002,0.5060210227966309,0.5060210227966309,0.0,1.0,0.578680661012749,0.578680661012749,0.9999299069730976,0.9799299240112305,0.9999299069730976,0.9999968898288488,0.9999968898288488,0.999996063904731,0.999996063904731,-0.0,0.0,,1000.0,False,False,False,,[]
613,613,614,True,1.0,1.0,613.0,614.0,613.0,614.0,614.0,0.0,0.0,0.0,83.40462000000002,0.5060210227966309,0.5060210227966309,0.0,1.0,0.578680661012749,0.578680661012749,0.9999299069730976,0.9799299240112305,0.9999299069730976,0.9999968898288488,0.9999968898288488,0.999996063904731,0.999996063904731,-0.0,0.0,,1000.0,False,False,False,,[]
614,614,615,True,1.0,1.0,614.0,615.0,614.0,615.0,615.0,0.0,0.0,0.0,83.40462000000002,0.5060210227966309,0.5060210227966309,0.0,1.0,0.578680661012749,0.578680661012749,0.9999299069730976,0.9799299240112305,0.9999299069730976,0.9999968898288488,0.9999968898288488,0.999996063904731,0.999996063904731,-0.0,0.0,,1000.0,False,False,False,,[]
615,615,616,True,1.0,1.0,615.0,616.0,615.0,616.0,616.0,0.0,0.0,0.0,83.40462000000002,0.5060210227966309,0.5060210227966309,0.0,1.0,0.578680661012749,0.578680661012749,0.9999299069730976,0.9799299240112305,0.9999299069730976,0.9999968898288488,0.9999968898288488,0.999996063904731,0.999996063904731,-0.0,0.0,,1000.0,False,False,False,,[]
616,616,617,True,1.0,1.0,616.0,617.0,616.0,617.0,617.0,0.0,0.0,0.0,83.40462000000002,0.5060210227966309,0.5060210227966309,0.0,1.0,0.578680661012749,0.578680661012749,0.9999299069730976,0.9799299240112305,0.9999299069730976,0.9999968898288488,0.9999968898288488,0.999996063904731,0.999996063904731,-0.0,0.0,,1000.0,False,False,False,,[]
617,617,618,True,1.0,1.0,617.0,618.0,617.0,618.0,618.0,0.0,0.0,0.0,83.40462000000002,0.5060210227966309,0.5060210227966309,0.0,1.0,0.578680661012749,0.578680661012749,0.9999299069730976,0.9799299240112305,0.9999299069730976,0.9999968898288488,0.9999968898288488,0.999996063904731,0.999996063904731,-0.0,0.0,,1000.0,False,False,False,,[]
618,618,619,True,1.0,1.0,618.0,619.0,618.0,619.0,619.0,0.0,0.0,0.0,83.40462000000002,0.5060210227966309,0.5060210227966309,0.0,1.0,0.578680661012749,0.578680661012749,0.9999299069730976,0.9799299240112305,0.9999299069730976,0.9999968898288488,0.9999968898288488,0.999996063904731,0.999996063904731,-0.0,0.0,,1000.0,False,False,False,,[]
619,619,620,True,1.0,1.0,619.0,620.0,619.0,620.0,620.0,0.0,0.0,0.0,83.40462000000002,0.5060210227966309,0.5060210227966309,0.0,1.0,0.578680661012749,0.578680661012749,0.9999299069730976,0.9799299240112305,0.9999299069730976,0.9999968898288488,0.9999968898288488,0.999996063904731,0.999996063904731,-0.0,0.0,,1000.0,False,False,False,,[]
620,620,621,True,1.0,1.0,620.0,621.0,620.0,621.0,621.0,0.0,0.0,0.0,83.40462000000002,0.5060210227966309,0.5060210227966309,0.0,1.0,0.578680661012749,0.578680661012749,0.9999299069730976,0.9799299240112305,0.9999299069730976,0.9999968898288488,0.9999968898288488,0.999996063904731,0.999996063904731,-0.0,0.0,,1000.0,False,False,False,,[]
621,621,622,True,1.0,1.0,621.0,622.0,621.0,622.0,622.0,0.0,0.0,0.0,83.40462000000002,0.5060210227966309,0.5060210227966309,0.0,1.0,0.578680661012749,0.578680661012749,0.9999299069730976,0.9799299240112305,0.9999299069730976,0.9999968898288488,0.9999968898288488,0.999996063904731,0.999996063904731,-0.0,0.0,,1000.0,False,False,False,,[]
622,622,623,True,1.0,1.0,622.0,623.0,622.0,623.0,623.0,0.0,0.0,0.0,83.40462000000002,0.5060210227966309,0.5060210227966309,0.0,1.0,0.578680661012749,0.578680661012749,0.9999299069730976,0.9799299240112305,0.9999299069730976,0.9999968898288488,0.9999968898288488,0.999996063904731,0.999996063904731,-0.0,0.0,,1000.0,False,False,False,,[]
623,623,624,True,1.0,1.0,623.0,624.0,623.0,624.0,624.0,0.0,0.0,0.0,83.40462000000002,0.5060210227966309,0.5060210227966309,0.0,1.0,0.578680661012749,0.578680661012749,0.9999299069730976,0.9799299240112305,0.9999299069730976,0.9999968898288488,0.9999968898288488,0.999996063904731,0.999996063904731,-0.0,0.0,,1000.0,False,False,False,,[]
624,624,625,True,1.0,1.0,624.0,625.0,624.0,625.0,625.0,0.0,0.0,0.0,83.40462000000002,0.5060210227966309,0.5060210227966309,0.0,1.0,0.578680661012749,0.578680661012749,0.9999299069730976,0.9799299240112305,0.9999299069730976,0.9999968898288488,0.9999968898288488,0.999996063904731,0.999996063904731,-0.0,0.0,,1000.0,False,False,False,,[]
625,625,626,True,1.0,1.0,625.0,626.0,625.0,626.0,626.0,0.0,0.0,0.0,83.40462000000002,0.5060210227966309,0.5060210227966309,0.0,1.0,0.578680661012749,0.578680661012749,0.9999299069730976,0.9799299240112305,0.9999299069730976,0.9999968898288488,0.9999968898288488,0.999996063904731,0.999996063904731,-0.0,0.0,,1000.0,False,False,False,,[]
626,626,627,True,1.0,1.0,626.0,627.0,626.0,627.0,627.0,0.0,0.0,0.0,83.40462000000002,0.5060210227966309,0.5060210227966309,0.0,1.0,0.578680661012749,0.578680661012749,0.9999299069730976,0.9799299240112305,0.9999299069730976,0.9999968898288488,0.9999968898288488,0.999996063904731,0.999996063904731,-0.0,0.0,,1000.0,False,False,False,,[]
627,627,628,True,1.0,1.0,627.0,628.0,627.0,628.0,628.0,0.0,0.0,0.0,83.40462000000002,0.5060210227966309,0.5060210227966309,0.0,1.0,0.578680661012749,0.578680661012749,0.9999299069730976,0.9799299240112305,0.9999299069730976,0.9999968898288488,0.9999968898288488,0.999996063904731,0.999996063904731,-0.0,0.0,,1000.0,False,False,False,,[]
628,628,629,True,1.0,1.0,628.0,629.0,628.0,629.0,629.0,0.0,0.0,0.0,83.40462000000002,0.5060210227966309,0.5060210227966309,0.0,1.0,0.578680661012749,0.578680661012749,0.9999299069730976,0.9799299240112305,0.9999299069730976,0.9999968898288488,0.9999968898288488,0.999996063904731,0.999996063904731,-0.0,0.0,,1000.0,False,False,False,,[]
629,629,630,True,1.0,1.0,629.0,630.0,629.0,630.0,630.0,0.0,0.0,0.0,83.40462000000002,0.5060210227966309,0.5060210227966309,0.0,1.0,0.578680661012749,0.578680661012749,0.9999299069730976,0.9799299240112305,0.9999299069730976,0.9999968898288488,0.9999968898288488,0.999996063904731,0.999996063904731,-0.0,0.0,,1000.0,False,False,False,,[]
630,630,631,True,1.0,1.0,630.0,631.0,630.0,631.0,631.0,0.0,0.0,0.0,83.40462000000002,0.5060210227966309,0.5060210227966309,0.0,1.0,0.578680661012749,0.578680661012749,0.9999299069730976,0.9799299240112305,0.9999299069730976,0.9999968898288488,0.9999968898288488,0.999996063904731,0.999996063904731,-0.0,0.0,,1000.0,False,False,False,,[]
631,631,632,True,1.0,1.0,631.0,632.0,631.0,632.0,632.0,0.0,0.0,0.0,83.40462000000002,0.5060210227966309,0.5060210227966309,0.0,1.0,0.578680661012749,0.578680661012749,0.9999299069730976,0.9799299240112305,0.9999299069730976,0.9999968898288488,0.9999968898288488,0.999996063904731,0.999996063904731,-0.0,0.0,,1000.0,False,False,False,,[]
632,632,633,True,1.0,1.0,632.0,633.0,632.0,633.0,633.0,0.0,0.0,0.0,83.40462000000002,0.5060210227966309,0.5060210227966309,0.0,1.0,0.578680661012749,0.578680661012749,0.9999299069730976,0.9799299240112305,0.9999299069730976,0.9999968898288488,0.9999968898288488,0.999996063904731,0.999996063904731,-0.0,0.0,,1000.0,False,False,False,,[]
633,633,634,True,1.0,1.0,633.0,634.0,633.0,634.0,634.0,0.0,0.0,3.0,543.92962,0.5060210227966309,0.5060210227966309,0.0,1.0,0.578680661012749,0.5786600051190818,0.9999299069730976,0.9799299240112305,0.9999298677325403,0.9999968898288488,0.999996887027114,0.999996063904731,0.999996060713827,-1.3673444444444445,-5.354007638543628,,970.334366961626,False,False,False,,[]
634,634,635,True,1.0,1.0,634.0,635.0,634.0,635.0,635.0,0.0,3.0,6.0,544.0042684375,0.5060210227966309,0.5060210227966309,0.0,1.0,0.5786600051190818,0.5785980205947483,0.9999298677325403,0.9799298644065857,0.999929745120484,0.999996887027114,0.9999968786207557,0.999996060713827,0.9999960511398013,-4.102596292892156,-16.06638870722665,,915.5613359303088,False,False,False,,[]
635,635,636,True,1.0,1.0,635.0,636.0,635.0,636.0,636.0,0.0,6.0,9.0,544.2282137500001,0.5060210824012756,0.5060210824012756,0.0,1.0,0.5785980205947483,0.5784946548037504,0.999929745120484,0.9799297451972961,0.9999295322047164,0.9999968786207557,0.9999968646043894,0.9999960511398013,0.9999960351765249,-6.840475285947714,-26.792413026648152,,866.07305237272,False,False,False,,[]
636,636,637,True,1.0,1.0,636.0,637.0,636.0,637.0,637.0,0.0,9.0,12.0,544.6014559374998,0.5060211420059204,0.5060211420059204,0.0,1.0,0.5784946548037504,0.5783815892342519,0.9999295322047164,0.9799295663833618,0.9999292970886116,0.9999968646043894,0.9999968605969664,0.9999960351765249,0.9999960128126136,-7.481861851496658,-29.30659561402554,,859.8832946501113,False,False,False,,[]
637,637,638,True,1.0,1.0,637.0,638.0,637.0,638.0,638.0,0.0,12.0,15.0,545.1239950000004,0.5060212016105652,0.5060212016105652,0.0,1.0,0.5783815892342519,0.5782328660028373,0.9999292970886116,0.9799293279647827,0.999928981154763,0.9999968605969664,0.9999968528244862,0.9999960128126136,0.9999959840314282,-9.83991066455708,-38.54906158267113,,821.780279255177,False,False,False,,[]
638,638,639,True,1.0,1.0,638.0,639.0,638.0,639.0,639.0,0.0,15.0,15.0,85.27083093750002,0.50602126121521,0.50602126121521,0.0,1.0,0.5782328660028373,0.5782046632812664,0.999928981154763,0.9799290299415588,0.9999289271802773,0.9999968528244862,0.9999968497011907,0.9999959840314282,0.9999959792405624,-1.8665678877648137,-7.310145431168555,,960.1404126476231,False,False,False,,[]
639,639,640,True,1.0,1.0,639.0,640.0,639.0,640.0,640.0,0.0,15.0,15.0,85.27083093750002,0.5060213208198547,0.5060213208198547,0.0,1.0,0.5782046632812664,0.5781764604636787,0.9999289271802773,0.9799289703369141,0.9999288732056026,0.9999968497011907,0.999996846577895,0.9999959792405624,0.9999959744496971,-1.866567841854498,-7.310170318743854,,960.1403070302429,False,False,False,,[]
640,640,641,True,1.0,1.0,640.0,641.0,640.0,641.0,641.0,0.0,15.0,18.39999962,607.1991059376664,0.5060213208198547,0.5060213208198547,0.0,1.0,0.5781764604636787,0.5780218019047734,0.9999288732056026,0.9799289107322693,0.9999285454573137,0.999996846577895,0.9999968393757294,0.9999959744496971,0.9999959582628968,-10.231773806135875,-40.08749846825998,,825.88498376542,False,False,False,,[]
641,641,642,True,1.0,1.0,641.0,642.0,641.0,642.0,642.0,0.0,18.39999962,21.79999924,608.1410032175127,0.5060214400291443,0.5060214400291443,0.0,1.0,0.5780218019047734,0.5778463136029675,0.9999285454573137,0.9799285531044006,0.9999281768217766,0.9999968393757294,0.9999968308093425,0.9999959582628968,0.9999959485066303,-11.608389190913226,-45.48656782809934,,812.5625361135467,False,False,False,,[]
642,642,643,True,1.0,1.0,642.0,643.0,642.0,643.0,643.0,0.0,21.79999924,25.20000076,609.2749556619951,0.5060215592384338,0.5060215592384338,0.0,1.0,0.5778463136029675,0.5776346335758354,0.9999281768217766,0.979928195476532,0.9999277393994463,0.9999968308093425,0.999996818032549,0.9999959485066303,0.9999959342910656,-13.999943378237,-54.86746303263097,,779.779008798475,False,False,False,,[]
643,643,644,True,1.0,1.0,643.0,644.0,643.0,644.0,644.0,0.0,25.20000076,28.60000038,610.6000890678702,0.5060216784477234,0.5060216784477234,0.0,1.0,0.5776346335758354,0.5773986427508404,0.9999277393994463,0.9799277782440186,0.9999272574961947,0.999996818032549,0.9999968064304958,0.9999959342910656,0.9999959211813804,-15.605382485555458,-61.168821838707245,,764.004456526377,False,False,False,,[]
644,644,645,True,1.0,1.0,644.0,645.0,644.0,645.0,645.0,0.0,28.60000038,32.0,612.1172769512846,0.5060217976570129,0.5060217976570129,0.0,1.0,0.5773986427508404,0.5771307345890483,0.9999272574961947,0.9799273014068604,0.9999267194634174,0.9999968064304958,0.9999967921468941,0.9999959211813804,0.9999959063780213,-17.712673933799085,-69.44179553651185,,740.3029199099614,False,False,False,,[]
645,645,646,True,1.0,1.0,645.0,646.0,645.0,646.0,646.0,0.0,32.0,32.0,91.89795333333335,0.5060219764709473,0.5060219764709473,0.0,1.0,0.5771307345890483,0.5770824203457298,0.9999267194634174,0.9799267649650574,0.9999266251622256,0.9999967921468941,0.9999967870869776,0.9999959063780213,0.9999959022003019,-3.1961808602130026,-12.523051868155775,,937.2229349008275,False,False,False,,[]
646,646,647,True,1.0,1.0,646.0,647.0,646.0,647.0,647.0,0.0,32.0,32.0,91.89795333333335,0.5060219764709473,0.5060219764709473,0.0,1.0,0.5770824203457298,0.57703410601501,0.9999266251622256,0.9799266457557678,0.9999265308608553,0.9999967870869776,0.9999967820270611,0.9999959022003019,0.9999958980225825,-3.1961808602130026,-12.523074522550266,,937.2228424377229,False,False,False,,[]
647,647,648,True,1.0,1.0,647.0,648.0,647.0,648.0,648.0,0.0,32.0,32.0,91.89795333333335,0.506022036075592,0.506022036075592,0.0,1.0,0.57703410601501,0.5769857915982853,0.9999265308608553,0.9799265265464783,0.9999264365593091,0.9999967820270611,0.9999967769671443,0.9999958980225825,0.9999958938448631,-3.196180886367228,-12.523096815040127,,937.222751162046,False,False,False,,[]
648,648,649,True,1.0,1.0,648.0,649.0,648.0,649.0,649.0,0.0,32.0,32.0,91.89795333333335,0.506022036075592,0.506022036075592,0.0,1.0,0.5769857915982853,0.5769374770976949,0.9999264365593091,0.9799264669418335,0.9999263422575916,0.9999967769671443,0.9999967719072275,0.9999958938448631,0.9999958896671437,-3.196180886367228,-12.523118553031605,,937.2226624384001,False,False,False,,[]
649,649,650,True,1.0,1.0,649.0,650.0,649.0,650.0,650.0,0.0,32.0,32.0,91.89795333333335,0.5060220956802368,0.5060220956802368,0.0,1.0,0.5769374770976949,0.5768891625145408,0.9999263422575916,0.979926347732544,0.9999262479557052,0.9999967719072275,0.9999967668473103,0.9999958896671437,0.9999958854894243,-3.196180912521441,-12.52313995355654,,937.2225747901291,False,False,False,,[]
650,650,651,True,1.0,1.0,650.0,651.0,650.0,651.0,651.0,0.0,32.0,32.0,91.89795333333335,0.5060220956802368,0.5060220956802368,0.0,1.0,0.5768891625145408,0.5768408478508704,0.9999262479557052,0.9799262881278992,0.9999261536536542,0.9999967668473103,0.9999967617873932,0.9999958854894243,0.9999958813117049,-3.196180912521441,-12.523160823351896,,937.2224896132374,False,False,False,,[]
651,651,652,True,1.0,1.0,651.0,652.0,651.0,652.0,652.0,0.0,32.0,32.0,91.89795333333335,0.5060221552848816,0.5060221552848816,0.0,1.0,0.5768408478508704,0.5767925331078966,0.9999261536536542,0.9799261689186096,0.9999260593514412,0.9999967617873932,0.9999967567274757,0.9999958813117049,0.9999958771339856,-3.1961809386756403,-12.523181378816895,,937.2224055211783,False,False,False,,[]
652,652,653,True,1.0,1.0,652.0,653.0,652.0,653.0,653.0,0.0,32.0,32.0,91.89795333333335,0.5060222148895264,0.5060222148895264,0.0,1.0,0.5767925331078966,0.5767442182871846,0.9999260593514412,0.9799260497093201,0.9999259650490693,0.9999967567274757,0.9999967516675579,0.9999958771339856,0.9999958729562664,-3.1961809648298267,-12.52320152855741,,937.2223229893631,False,False,False,,[]
653,653,654,True,1.0,1.0,653.0,654.0,653.0,654.0,654.0,0.0,32.0,32.0,91.89795333333335,0.5060222148895264,0.5060222148895264,0.0,1.0,0.5767442182871846,0.5766959033906534,0.9999259650490693,0.9799259901046753,0.9999258707465424,0.9999967516675579,0.99999674660764,0.9999958729562664,0.9999958687785471,-3.1961809648298267,-12.523221180881336,,937.2222427769873,False,False,False,,[]
654,654,655,True,1.0,1.0,654.0,655.0,654.0,655.0,655.0,0.0,32.0,32.0,91.89795333333335,0.5060222148895264,0.5060222148895264,0.0,1.0,0.5766959033906534,0.5766475884197861,0.9999258707465424,0.9799258708953857,0.9999257764438635,0.99999674660764,0.9999967415477222,0.9999958687785471,0.9999958646008278,-3.1961809648298267,-12.523240448792473,,937.2221641308024,False,False,False,,[]
655,655,656,True,1.0,1.0,655.0,656.0,655.0,656.0,656.0,0.0,32.0,32.0,91.89795333333335,0.5060222744941711,0.5060222744941711,0.0,1.0,0.5766475884197861,0.576599273375631,0.9999257764438635,0.979925811290741,0.9999256821410348,0.9999967415477222,0.9999967364878041,0.9999958646008278,0.9999958604231085,-3.1961809909839993,-12.523259445005822,,937.2220863077024,False,False,False,,[]
656,656,657,True,1.0,1.0,656.0,657.0,656.0,657.0,657.0,0.0,32.0,32.0,91.89795333333335,0.5060222744941711,0.5060222744941711,0.0,1.0,0.576599273375631,0.5765509582599886,0.9999256821410348,0.9799256920814514,0.9999255878380601,0.9999967364878041,0.9999967314278859,0.9999958604231085,0.9999958562453892,-3.1961809909839993,-12.523277974498027,,937.2220106806758,False,False,False,,[]
657,657,658,True,1.0,1.0,657.0,658.0,657.0,658.0,658.0,0.0,32.0,32.0,91.89795333333335,0.5060223340988159,0.5060223340988159,0.0,1.0,0.5765509582599886,0.5765026430738315,0.9999255878380601,0.9799256324768066,0.9999254935349411,0.9999967314278859,0.9999967263679674,0.9999958562453892,0.9999958520676699,-3.1961810171381595,-12.523296251926343,,937.2219357811629,False,False,False,,[]
658,658,659,True,1.0,1.0,658.0,659.0,658.0,659.0,659.0,0.0,32.0,32.0,91.89795333333335,0.5060223340988159,0.5060223340988159,0.0,1.0,0.5765026430738315,0.5764543278188865,0.9999254935349411,0.9799255132675171,0.9999253992316816,0.9999967263679674,0.999996721308049,0.9999958520676699,0.9999958478899507,-3.1961810171381595,-12.523314081731073,,937.2218630128708,False,False,False,,[]
659,659,660,True,1.0,1.0,659.0,660.0,659.0,660.0,660.0,0.0,32.0,32.0,91.89795333333335,0.5060223937034607,0.5060223937034607,0.0,1.0,0.5764543278188865,0.5764060124960545,0.9999253992316816,0.9799253940582275,0.9999253049282832,0.999996721308049,0.9999967162481301,0.9999958478899507,0.9999958437122314,-3.196181043292306,-12.523331678060627,,937.2217908993412,False,False,False,,[]
660,660,661,True,1.0,1.0,660.0,661.0,660.0,661.0,661.0,0.0,32.0,32.0,91.89795333333335,0.5060223937034607,0.5060223937034607,0.0,1.0,0.5764060124960545,0.5763576971069926,0.9999253049282832,0.9799253344535828,0.9999252106247496,0.9999967162481301,0.9999967111882113,0.9999958437122314,0.9999958395345121,-3.196181043292306,-12.523348844851053,,937.221720836284,False,False,False,,[]
661,661,662,True,1.0,1.0,661.0,662.0,661.0,662.0,662.0,0.0,32.0,32.0,91.89795333333335,0.5060224533081055,0.5060224533081055,0.0,1.0,0.5763576971069926,0.5763093816525336,0.9999252106247496,0.9799252152442932,0.9999251163210822,0.9999967111882113,0.9999967061282922,0.9999958395345121,0.9999958353567928,-3.1961810694464394,-12.523365795769429,,937.2216513488019,False,False,False,,[]
662,662,663,True,1.0,1.0,662.0,663.0,662.0,663.0,663.0,0.0,32.0,32.0,91.89795333333335,0.5060224533081055,0.5060224533081055,0.0,1.0,0.5763093816525336,0.5762610661342688,0.9999251163210822,0.9799251556396484,0.9999250220172844,0.9999967061282922,0.999996701068373,0.9999958353567928,0.9999958311790735,-3.1961810694464394,-12.523382334275048,,937.2215838537662,False,False,False,,[]
663,663,664,True,1.0,1.0,663.0,664.0,663.0,664.0,664.0,0.0,32.0,32.0,91.89795333333335,0.5060225129127502,0.5060225129127502,0.0,1.0,0.5762610661342688,0.5762127505529664,0.9999250220172844,0.9799250364303589,0.9999249277133577,0.999996701068373,0.9999966960084535,0.9999958311790735,0.9999958270013543,-3.196181095600559,-12.523398673567405,,937.2215168679909,False,False,False,,[]
664,664,665,True,1.0,1.0,664.0,665.0,664.0,665.0,665.0,0.0,32.0,32.0,91.89795333333335,0.5060225129127502,0.5060225129127502,0.0,1.0,0.5762127505529664,0.5761644349101552,0.9999249277133577,0.9799249172210693,0.9999248334093054,0.9999966960084535,0.999996690948534,0.9999958270013543,0.999995822823635,-3.196181095600559,-12.523414616656547,,937.2214518003505,False,False,False,,[]
665,665,666,True,1.0,1.0,665.0,666.0,665.0,666.0,666.0,0.0,32.0,32.0,91.89795333333335,0.506022572517395,0.506022572517395,0.0,1.0,0.5761644349101552,0.5761161192065429,0.9999248334093054,0.9799248576164246,0.9999247391051287,0.999996690948534,0.9999966858886142,0.999995822823635,0.9999958186459157,-3.1961811217546656,-12.52343037631106,,937.2213871787764,False,False,False,,[]
666,666,667,True,1.0,1.0,666.0,667.0,666.0,667.0,667.0,0.0,32.0,32.0,91.89795333333335,0.506022572517395,0.506022572517395,0.0,1.0,0.5761161192065429,0.5760678034435989,0.9999247391051287,0.979924738407135,0.9999246448008308,0.9999966858886142,0.9999966808286944,0.9999958186459157,0.9999958144681964,-3.1961811217546656,-12.523445755114667,,937.2213244135081,False,False,False,,[]
667,667,668,True,1.0,1.0,667.0,668.0,667.0,668.0,668.0,0.0,32.0,32.0,91.89795333333335,0.506022572517395,0.506022572517395,0.0,1.0,0.5760678034435989,0.5760194876223684,0.9999246448008308,0.9799246788024902,0.9999245504964137,0.9999966808286944,0.9999966757687746,0.9999958144681964,0.9999958102904771,-3.1961811217546656,-12.523460862926443,,937.2212627517866,False,False,False,,[]
668,668,669,True,1.0,1.0,668.0,669.0,668.0,669.0,669.0,0.0,32.0,32.0,91.89795333333335,0.5060226321220398,0.5060226321220398,0.0,1.0,0.5760194876223684,0.5759711717434741,0.9999245504964137,0.9799245595932007,0.9999244561918788,0.9999966757687746,0.9999966707088545,0.9999958102904771,0.9999958061127578,-3.196181147908759,-12.52347580940376,,937.2212014515804,False,False,False,,[]
669,669,670,True,1.0,1.0,669.0,670.0,669.0,670.0,670.0,0.0,32.0,29.25,-330.2499633333336,0.5060226321220398,0.5060226321220398,0.0,1.0,0.5759711717434741,0.576085146879966,0.9999244561918788,0.9799244999885559,0.9999242189733764,0.9999966707088545,0.9999966598120438,0.9999958061127578,0.9999957980146529,7.543501243808378,29.54235537870428,,1076.7257204339824,False,False,False,,[]
670,670,671,True,1.0,1.0,670.0,671.0,670.0,671.0,671.0,0.0,29.25,26.5,-331.6470295768232,0.5060226917266846,0.5060226917266846,0.0,1.0,0.576085146879966,0.576181438578244,0.9999242189733764,0.9799242615699768,0.9999240219968991,0.9999966598120438,0.9999966465152795,0.9999957980146529,0.9999957846377368,6.3732077389609945,24.95880819364607,,1052.5433538531304,False,False,False,,[]
671,671,672,True,1.0,1.0,671.0,672.0,671.0,672.0,672.0,0.0,26.5,23.75,-332.91864497395807,0.5060228109359741,0.5060228109359741,0.0,1.0,0.576181438578244,0.5762709041684562,0.9999240219968991,0.9799240231513977,0.9999238402021075,0.9999966465152795,0.9999966369531298,0.9999957846377368,0.9999957725871894,5.921643891072575,23.18948098298099,,1052.2698351276172,False,False,False,,[]
672,672,673,True,1.0,1.0,672.0,673.0,672.0,673.0,673.0,0.0,23.75,21.0,-334.06480952473987,0.5060228705406189,0.5060228705406189,0.0,1.0,0.5762709041684562,0.5763430633621399,0.9999238402021075,0.9799238443374634,0.9999236960356103,0.9999966369531298,0.999996620017995,0.9999957725871894,0.9999957618620897,4.7761569419398855,18.703663002819514,,1031.0153220470177,False,False,False,,[]
673,673,674,True,1.0,1.0,673.0,674.0,673.0,674.0,674.0,0.0,21.0,18.25,-335.0855232291664,0.5060228705406189,0.5060228705406189,0.0,1.0,0.5763430633621399,0.5764194836849282,0.9999236960356103,0.9799237251281738,0.9999235427180464,0.999996620017995,0.9999966154094493,0.9999957618620897,0.9999957566134424,5.058502610286455,19.8081476667213,,1053.9977523499992,False,False,False,,[]
674,674,675,True,1.0,1.0,674.0,675.0,674.0,675.0,675.0,0.0,18.25,15.5,-335.98078608723984,0.5060229301452637,0.5060229301452637,0.0,1.0,0.5764194836849282,0.5764805160237839,0.9999235427180464,0.9799235463142395,0.9999234221019208,0.9999966154094493,0.9999966108410084,0.9999957566134424,0.9999957467072087,4.039919115190453,15.81958223137888,,1035.728545473942,False,False,False,,[]
675,675,676,True,1.0,1.0,675.0,676.0,675.0,676.0,676.0,0.0,15.5,12.75,-336.75059809895833,0.5060229897499084,0.5060229897499084,0.0,1.0,0.5764805160237839,0.5765209964673651,0.9999234221019208,0.97992342710495,0.999923343694165,0.9999966108410084,0.9999966043275776,0.9999957467072087,0.9999957281045563,2.679457890578263,10.492530976248858,,1007.5806182186866,False,False,False,,[]
676,676,677,True,1.0,1.0,676.0,677.0,676.0,677.0,677.0,0.0,12.75,10.0,-337.39495926432295,0.5060229897499084,0.5060229897499084,0.0,1.0,0.5765209964673651,0.5765542780171872,0.999923343694165,0.9799233675003052,0.9999232796825467,0.9999966043275776,0.9999965997372987,0.9999957281045563,0.9999957130949938,2.2029677599529176,8.62657771388938,,1007.333941675542,False,False,False,,[]
677,677,678,True,1.0,1.0,677.0,678.0,677.0,678.0,678.0,0.0,10.0,6.66666698,-427.4603492618334,0.5060229897499084,0.5060229897499084,0.0,1.0,0.5765542780171872,0.5765799287337741,0.9999232796825467,0.9799233078956604,0.9999232307145023,0.9999965997372987,0.9999965898566157,0.9999957130949938,0.9999956991636619,1.6978711206234611,6.648665739313922,,996.9512207121413,False,False,False,,[]
678,678,679,True,1.0,1.0,678.0,679.0,678.0,679.0,679.0,0.0,6.66666698,3.33333325,-427.92125104217246,0.5060230493545532,0.5060230493545532,0.0,1.0,0.5765799287337741,0.5765940190085075,0.9999232307145023,0.9799232482910156,0.9999232041182041,0.9999965898566157,0.9999965825093003,0.9999956991636619,0.999995690795851,0.9326489019274541,3.6521992109007604,,995.733797182809,False,False,False,,[]
679,679,680,True,1.0,1.0,679.0,680.0,679.0,680.0,680.0,0.0,3.33333325,0.0,-428.1976530918764,0.5060230493545532,0.5060230493545532,0.0,1.0,0.5765940190085075,0.576598718864769,0.9999232041182041,0.9799232482910156,0.9999231953280451,0.9999965825093003,0.9999965800586135,0.999995690795851,0.9999956880047792,0.3110837572896537,1.2182027429910323,,998.5810978073738,False,False,False,,[]
680,680,681,True,1.0,1.0,680.0,681.0,680.0,681.0,681.0,0.0,0.0,0.0,83.40462000000002,0.5060230493545532,0.5060230493545532,0.0,1.0,0.576598718864769,0.576598718864769,0.9999231953280451,0.9799231886863708,0.9999231953280451,0.9999965800586135,0.9999965800586135,0.9999956880047792,0.9999956880047792,-0.0,0.0,,1000.0,False,False,False,,[]
681,681,682,True,1.0,1.0,681.0,682.0,681.0,682.0,682.0,0.0,0.0,0.0,83.40462000000002,0.5060230493545532,0.5060230493545532,0.0,1.0,0.576598718864769,0.576598718864769,0.9999231953280451,0.9799231886863708,0.9999231953280451,0.9999965800586135,0.9999965800586135,0.9999956880047792,0.9999956880047792,-0.0,0.0,,1000.0,False,False,False,,[]
682,682,683,True,1.0,1.0,682.0,683.0,682.0,683.0,683.0,0.0,0.0,0.0,83.40462000000002,0.5060230493545532,0.5060230493545532,0.0,1.0,0.576598718864769,0.576598718864769,0.9999231953280451,0.9799231886863708,0.9999231953280451,0.9999965800586135,0.9999965800586135,0.9999956880047792,0.9999956880047792,-0.0,0.0,,1000.0,False,False,False,,[]
683,683,684,True,1.0,1.0,683.0,684.0,683.0,684.0,684.0,0.0,0.0,0.0,83.40462000000002,0.5060230493545532,0.5060230493545532,0.0,1.0,0.576598718864769,0.576598718864769,0.9999231953280451,0.9799231886863708,0.9999231953280451,0.9999965800586135,0.9999965800586135,0.9999956880047792,0.9999956880047792,-0.0,0.0,,1000.0,False,False,False,,[]
684,684,685,True,1.0,1.0,684.0,685.0,684.0,685.0,685.0,0.0,0.0,0.0,83.40462000000002,0.5060230493545532,0.5060230493545532,0.0,1.0,0.576598718864769,0.576598718864769,0.9999231953280451,0.9799231886863708,0.9999231953280451,0.9999965800586135,0.9999965800586135,0.9999956880047792,0.9999956880047792,-0.0,0.0,,1000.0,False,False,False,,[]
685,685,686,True,1.0,1.0,685.0,686.0,685.0,686.0,686.0,0.0,0.0,0.0,83.40462000000002,0.5060230493545532,0.5060230493545532,0.0,1.0,0.576598718864769,0.576598718864769,0.9999231953280451,0.9799231886863708,0.9999231953280451,0.9999965800586135,0.9999965800586135,0.9999956880047792,0.9999956880047792,-0.0,0.0,,1000.0,False,False,False,,[]
686,686,687,True,1.0,1.0,686.0,687.0,686.0,687.0,687.0,0.0,0.0,0.0,83.40462000000002,0.5060230493545532,0.5060230493545532,0.0,1.0,0.576598718864769,0.576598718864769,0.9999231953280451,0.9799231886863708,0.9999231953280451,0.9999965800586135,0.9999965800586135,0.9999956880047792,0.9999956880047792,-0.0,0.0,,1000.0,False,False,False,,[]
687,687,688,True,1.0,1.0,687.0,688.0,687.0,688.0,688.0,0.0,0.0,0.0,83.40462000000002,0.5060230493545532,0.5060230493545532,0.0,1.0,0.576598718864769,0.576598718864769,0.9999231953280451,0.9799231886863708,0.9999231953280451,0.9999965800586135,0.9999965800586135,0.9999956880047792,0.9999956880047792,-0.0,0.0,,1000.0,False,False,False,,[]
688,688,689,True,1.0,1.0,688.0,689.0,688.0,689.0,689.0,0.0,0.0,0.0,83.40462000000002,0.5060230493545532,0.5060230493545532,0.0,1.0,0.576598718864769,0.576598718864769,0.9999231953280451,0.9799231886863708,0.9999231953280451,0.9999965800586135,0.9999965800586135,0.9999956880047792,0.9999956880047792,-0.0,0.0,,1000.0,False,False,False,,[]
689,689,690,True,1.0,1.0,689.0,690.0,689.0,690.0,690.0,0.0,0.0,0.0,83.40462000000002,0.5060230493545532,0.5060230493545532,0.0,1.0,0.576598718864769,0.576598718864769,0.9999231953280451,0.9799231886863708,0.9999231953280451,0.9999965800586135,0.9999965800586135,0.9999956880047792,0.9999956880047792,-0.0,0.0,,1000.0,False,False,False,,[]
690,690,691,True,1.0,1.0,690.0,691.0,690.0,691.0,691.0,0.0,0.0,0.0,83.40462000000002,0.5060230493545532,0.5060230493545532,0.0,1.0,0.576598718864769,0.576598718864769,0.9999231953280451,0.9799231886863708,0.9999231953280451,0.9999965800586135,0.9999965800586135,0.9999956880047792,0.9999956880047792,-0.0,0.0,,1000.0,False,False,False,,[]
691,691,692,True,1.0,1.0,691.0,692.0,691.0,692.0,692.0,0.0,0.0,0.0,83.40462000000002,0.5060230493545532,0.5060230493545532,0.0,1.0,0.576598718864769,0.576598718864769,0.9999231953280451,0.9799231886863708,0.9999231953280451,0.9999965800586135,0.9999965800586135,0.9999956880047792,0.9999956880047792,-0.0,0.0,,1000.0,False,False,False,,[]
692,692,693,True,1.0,1.0,692.0,693.0,692.0,693.0,693.0,0.0,0.0,0.0,83.40462000000002,0.5060230493545532,0.5060230493545532,0.0,1.0,0.576598718864769,0.576598718864769,0.9999231953280451,0.9799231886863708,0.9999231953280451,0.9999965800586135,0.9999965800586135,0.9999956880047792,0.9999956880047792,-0.0,0.0,,1000.0,False,False,False,,[]
693,693,694,True,1.0,1.0,693.0,694.0,693.0,694.0,694.0,0.0,0.0,0.0,83.40462000000002,0.5060230493545532,0.5060230493545532,0.0,1.0,0.576598718864769,0.576598718864769,0.9999231953280451,0.9799231886863708,0.9999231953280451,0.9999965800586135,0.9999965800586135,0.9999956880047792,0.9999956880047792,-0.0,0.0,,1000.0,False,False,False,,[]
694,694,695,True,1.0,1.0,694.0,695.0,694.0,695.0,695.0,0.0,0.0,0.0,83.40462000000002,0.5060230493545532,0.5060230493545532,0.0,1.0,0.576598718864769,0.576598718864769,0.9999231953280451,0.9799231886863708,0.9999231953280451,0.9999965800586135,0.9999965800586135,0.9999956880047792,0.9999956880047792,-0.0,0.0,,1000.0,False,False,False,,[]
695,695,696,True,1.0,1.0,695.0,696.0,695.0,696.0,696.0,0.0,0.0,0.0,83.40462000000002,0.5060230493545532,0.5060230493545532,0.0,1.0,0.576598718864769,0.576598718864769,0.9999231953280451,0.9799231886863708,0.9999231953280451,0.9999965800586135,0.9999965800586135,0.9999956880047792,0.9999956880047792,-0.0,0.0,,1000.0,False,False,False,,[]
696,696,697,True,1.0,1.0,696.0,697.0,696.0,697.0,697.0,0.0,0.0,0.0,83.40462000000002,0.5060230493545532,0.5060230493545532,0.0,1.0,0.576598718864769,0.576598718864769,0.9999231953280451,0.9799231886863708,0.9999231953280451,0.9999965800586135,0.9999965800586135,0.9999956880047792,0.9999956880047792,-0.0,0.0,,1000.0,False,False,False,,[]
697,697,698,True,1.0,1.0,697.0,698.0,697.0,698.0,698.0,0.0,0.0,0.0,83.40462000000002,0.5060230493545532,0.5060230493545532,0.0,1.0,0.576598718864769,0.576598718864769,0.9999231953280451,0.9799231886863708,0.9999231953280451,0.9999965800586135,0.9999965800586135,0.9999956880047792,0.9999956880047792,-0.0,0.0,,1000.0,False,False,False,,[]
698,698,699,True,1.0,1.0,698.0,699.0,698.0,699.0,699.0,0.0,0.0,0.0,83.40462000000002,0.5060230493545532,0.5060230493545532,0.0,1.0,0.576598718864769,0.576598718864769,0.9999231953280451,0.9799231886863708,0.9999231953280451,0.9999965800586135,0.9999965800586135,0.9999956880047792,0.9999956880047792,-0.0,0.0,,1000.0,False,False,False,,[]
699,699,700,True,1.0,1.0,699.0,700.0,699.0,700.0,700.0,0.0,0.0,0.0,83.40462000000002,0.5060230493545532,0.5060230493545532,0.0,1.0,0.576598718864769,0.576598718864769,0.9999231953280451,0.9799231886863708,0.9999231953280451,0.9999965800586135,0.9999965800586135,0.9999956880047792,0.9999956880047792,-0.0,0.0,,1000.0,False,False,False,,[]
700,700,701,True,1.0,1.0,700.0,701.0,700.0,701.0,701.0,0.0,0.0,0.0,83.40462000000002,0.5060230493545532,0.5060230493545532,0.0,1.0,0.576598718864769,0.576598718864769,0.9999231953280451,0.9799231886863708,0.9999231953280451,0.9999965800586135,0.9999965800586135,0.9999956880047792,0.9999956880047792,-0.0,0.0,,1000.0,False,False,False,,[]
701,701,702,True,1.0,1.0,701.0,702.0,701.0,702.0,702.0,0.0,0.0,3.0,543.92962,0.5060230493545532,0.5060230493545532,0.0,1.0,0.576598718864769,0.5765780623583576,0.9999231953280451,0.9799231886863708,0.9999231560863003,0.9999965800586135,0.9999965772568673,0.9999956880047792,0.9999956848138883,-1.3673444444444445,-5.354166461824749,,970.3336798976887,False,False,False,,[]
702,702,703,True,1.0,1.0,702.0,703.0,702.0,703.0,703.0,0.0,3.0,6.0,544.0042684375,0.5060230493545532,0.5060230493545532,0.0,1.0,0.5765780623583576,0.5765160760228238,0.9999231560863003,0.9799231886863708,0.9999230334704441,0.9999965772568673,0.9999965688504754,0.9999956848138883,0.999995675239902,-4.102596292892156,-16.066858170366842,,915.5595039043385,False,False,False,,[]
703,703,704,True,1.0,1.0,703.0,704.0,703.0,704.0,704.0,0.0,6.0,9.0,544.2282137500001,0.5060230493545532,0.5060230493545532,0.0,1.0,0.5765160760228238,0.5764127072542091,0.9999230334704441,0.9799230694770813,0.9999228205479228,0.9999965688504754,0.9999965548340546,0.999995675239902,0.9999956592766892,-6.840475285947714,-26.793184824938518,,866.0703191760399,False,False,False,,[]
704,704,705,True,1.0,1.0,704.0,705.0,704.0,705.0,705.0,0.0,9.0,12.0,544.6014559374998,0.5060231685638428,0.5060231685638428,0.0,1.0,0.5764127072542091,0.5762996385989703,0.9999228205479228,0.9799228310585022,0.9999225854246915,0.9999965548340546,0.9999965508266155,0.9999956592766892,0.9999956369128697,-7.481853435739833,-29.30739543790464,,859.880542197589,False,False,False,,[]
705,705,706,True,1.0,1.0,705.0,706.0,705.0,706.0,706.0,0.0,12.0,15.0,545.1239950000004,0.5060232281684875,0.5060232281684875,0.0,1.0,0.5762996385989703,0.5761509113519788,0.9999225854246915,0.9799225926399231,0.9999222694828259,0.9999965508266155,0.9999965430541078,0.9999956369128697,0.9999956081318023,-9.839900382814884,-38.55010242017534,,821.7770870787928,False,False,False,,[]
706,706,707,True,1.0,1.0,706.0,707.0,706.0,707.0,707.0,0.0,15.0,15.0,85.27083093750002,0.5060232877731323,0.5060232877731323,0.0,1.0,0.5761509113519788,0.5761227078735445,0.9999222694828259,0.9799222946166992,0.9999222155068517,0.9999965430541078,0.9999965399308048,0.9999956081318023,0.9999956033409564,-1.866566326812025,-7.310341610197993,,960.13958916381,False,False,False,,[]
707,707,708,True,1.0,1.0,707.0,708.0,707.0,708.0,708.0,0.0,15.0,15.0,85.27083093750002,0.5060233473777771,0.5060233473777771,0.0,1.0,0.5761227078735445,0.5760945043103252,0.9999222155068517,0.9799222350120544,0.9999221615307107,0.9999965399308048,0.9999965368075017,0.9999956033409564,0.999995598550111,-1.8665662809015848,-7.3103635864367424,,960.1394959376654,False,False,False,,[]
708,708,709,True,1.0,1.0,708.0,709.0,708.0,709.0,709.0,0.0,15.0,17.22220039,426.39710913908345,0.5060233473777771,0.5060233473777771,0.0,1.0,0.5760945043103252,0.5759824558937612,0.9999221615307107,0.9799221754074097,0.9999219287614735,0.9999965368075017,0.9999965319931431,0.999995598550111,0.9999955823914638,-7.413602050141463,-29.042949573392303,,864.8287039459992,False,False,False,,[]
709,709,710,True,1.0,1.0,709.0,710.0,709.0,710.0,710.0,0.0,17.22220039,19.44440079,426.99101518791775,0.5060234069824219,0.5060234069824219,0.0,1.0,0.5759824558937612,0.5758637095329111,0.9999219287614735,0.9799219369888306,0.9999216804562634,0.9999965319931431,0.9999965215253876,0.9999955823914638,0.9999955761434642,-7.85629883115958,-30.779056732352355,,861.8515435102131,False,False,False,,[]
710,710,711,True,1.0,1.0,710.0,711.0,710.0,711.0,711.0,0.0,19.44440079,21.66659927,427.6665420835615,0.5060234665870667,0.5060234665870667,0.0,1.0,0.5758637095329111,0.5757375166244725,0.9999216804562634,0.9799216985702515,0.9999214146506273,0.9999965215253876,0.9999965153646543,0.9999955761434642,0.9999955691270558,-8.348432686257024,-32.70920186728455,,857.6692598358313,False,False,False,,[]
711,711,712,True,1.0,1.0,711.0,712.0,711.0,712.0,712.0,0.0,21.66659927,23.88879967,428.4245748765282,0.5060235857963562,0.5060235857963562,0.0,1.0,0.5757375166244725,0.5755817635832657,0.9999214146506273,0.9799214601516724,0.9999210847315275,0.9999965153646543,0.9999965010586738,0.9999955691270558,0.9999955558640451,-10.302620267756604,-40.37118828080111,,822.1561598113714,False,False,False,,[]
712,712,713,True,1.0,1.0,712.0,713.0,712.0,713.0,713.0,0.0,23.88879967,26.11100006,429.2642291331187,0.506023645401001,0.506023645401001,0.0,1.0,0.5755817635832657,0.5754170122659292,0.9999210847315275,0.9799211025238037,0.9999207370584579,0.9999965010586738,0.9999964902001958,0.9999955558640451,0.9999955411283219,-10.896934764810364,-42.70354145361004,,816.2513518597046,False,False,False,,[]
713,713,714,True,1.0,1.0,713.0,714.0,713.0,714.0,714.0,0.0,26.11100006,28.33320045,430.18580203586635,0.5060237646102905,0.5060237646102905,0.0,1.0,0.5754170122659292,0.5752379872326239,0.9999207370584579,0.9799207448959351,0.999920361571988,0.9999964902001958,0.9999964765746917,0.9999955411283219,0.9999955277971263,-11.839823993903575,-46.40328863275048,,804.1620985981197,False,False,False,,[]
714,714,715,True,1.0,1.0,714.0,715.0,714.0,715.0,715.0,0.0,28.33320045,30.55540085,431.18929358836357,0.5060238838195801,0.5060238838195801,0.0,1.0,0.5752379872326239,0.5750526137854396,0.999920361571988,0.9799203872680664,0.9999199738565757,0.9999964765746917,0.9999964651153109,0.9999955277971263,0.9999955176638383,-12.258684704169768,-48.04879751017757,,802.7372330242591,False,False,False,,[]
715,715,716,True,1.0,1.0,715.0,716.0,715.0,716.0,716.0,0.0,30.55540085,32.77759933,432.2744059895129,0.5060240030288696,0.5060240030288696,0.0,1.0,0.5750526137854396,0.5748480877259768,0.9999199738565757,0.979919970035553,0.9999195497941007,0.9999964651153109,0.9999964514555192,0.9999955176638383,0.9999955037857772,-13.523585861561536,-53.01315461274444,,784.6397911082435,False,False,False,,[]
716,716,717,True,1.0,1.0,716.0,717.0,716.0,717.0,717.0,0.0,32.77759933,35.0,433.47276704801527,0.5060241222381592,0.5060241222381592,0.0,1.0,0.5748480877259768,0.5746281060097502,0.9999195497941007,0.9799195528030396,0.9999190970206702,0.9999964514555192,0.9999964399355407,0.9999955037857772,0.9999954849396184,-14.543832881263551,-57.01926084593505,,771.8281511214533,False,False,False,,[]
717,717,718,True,1.0,1.0,717.0,718.0,717.0,718.0,718.0,0.0,35.0,35.0,93.56510177083334,0.5060242414474487,0.5060242414474487,0.0,1.0,0.5746281060097502,0.5745740616269247,0.9999190970206702,0.9799191355705261,0.9999189909422492,0.9999964399355407,0.9999964336678349,0.9999954849396184,0.9999954810244056,-3.574686566425455,-14.008304028367908,,930.3752356922444,False,False,False,,[]
718,718,719,True,1.0,1.0,718.0,719.0,718.0,719.0,719.0,0.0,35.0,35.0,93.56510177083334,0.5060243010520935,0.5060243010520935,0.0,1.0,0.5745740616269247,0.5745200171925804,0.9999189909422492,0.9799190163612366,0.9999188848637218,0.9999964336678349,0.9999964274001284,0.9999954810244056,0.9999954771091926,-3.574686635958038,-14.00831738203762,,930.3751811128208,False,False,False,,[]
719,719,720,True,1.0,1.0,719.0,720.0,719.0,720.0,720.0,0.0,35.0,36.875,381.3932267708337,0.5060243606567383,0.5060243606567383,0.0,1.0,0.5745200171925804,0.5743230758265859,0.9999188848637218,0.979918897151947,0.9999184750954403,0.9999964274001284,0.9999964177412862,0.9999954771091926,0.9999954661695888,-13.020512836571399,-51.04720206577348,,794.5862360020355,False,False,False,,[]
720,720,721,True,1.0,1.0,720.0,721.0,720.0,721.0,721.0,0.0,36.875,38.75,382.5110093636071,0.5060244798660278,0.5060244798660278,0.0,1.0,0.5743230758265859,0.574115056544842,0.9999184750954403,0.9799184799194336,0.9999180444944529,0.9999964177412862,0.9999964073970232,0.9999954661695888,0.9999954546254914,-13.751586467263515,-53.918597828048895,,785.5658615087245,False,False,False,,[]
721,721,722,True,1.0,1.0,721.0,722.0,721.0,722.0,722.0,0.0,38.75,40.625,383.68711104817646,0.5060245990753174,0.5060245990753174,0.0,1.0,0.574115056544842,0.5738958269050333,0.9999180444944529,0.9799180626869202,0.9999175931049141,0.9999964073970232,0.9999963963321992,0.9999954546254914,0.9999954424717079,-14.491222014337323,-56.82432263840508,,776.6464275269002,False,False,False,,[]
722,722,723,True,1.0,1.0,722.0,723.0,722.0,723.0,723.0,0.0,40.625,42.5,384.9215318245446,0.5060247182846069,0.5060247182846069,0.0,1.0,0.5738958269050333,0.5736652022877975,0.9999175931049141,0.979917585849762,0.9999171208953406,0.9999963963321992,0.9999963844711847,0.9999954424717079,0.9999954297027838,-15.242855410300507,-59.7779007875255,,767.7687525318507,False,False,False,,[]
723,723,724,True,1.0,1.0,723.0,724.0,723.0,724.0,724.0,0.0,42.5,44.375,386.2142716927087,0.5060248374938965,0.5060248374938965,0.0,1.0,0.5736652022877975,0.5734229500540409,0.9999171208953406,0.9799171686172485,0.9999166277728482,0.9999963844711847,0.9999963717022806,0.9999954297027838,0.9999954163130028,-16.00964558683474,-62.79177898971141,,758.8847371666064,False,False,False,,[]
724,724,725,True,1.0,1.0,724.0,725.0,724.0,725.0,725.0,0.0,44.375,46.25,387.56533065266865,0.5060250163078308,0.5060250163078308,0.0,1.0,0.5734229500540409,0.5731679165649983,0.9999166277728482,0.9799166321754456,0.9999161120607953,0.9999963717022806,0.9999963578490205,0.9999954163130028,0.9999954014553146,-16.85238850780995,-66.10468035983416,,748.8866063486621,False,False,False,,[]
725,725,726,True,1.0,1.0,725.0,726.0,725.0,726.0,726.0,0.0,46.25,48.125,388.9747087044274,0.5060251355171204,0.5060251355171204,0.0,1.0,0.5731679165649983,0.5728998445659826,0.9999161120607953,0.9799161553382874,0.9999155737468362,0.9999963578490205,0.9999963424131865,0.9999954014553146,0.9999953855845803,-17.711858549333535,-69.48426214486584,,738.983622010894,False,False,False,,[]
726,726,727,True,1.0,1.0,726.0,727.0,726.0,727.0,727.0,0.0,48.125,50.0,390.4424058479821,0.5060253143310547,0.5060253143310547,0.0,1.0,0.5728998445659826,0.5726201772707613,0.9999155737468362,0.9799156188964844,0.9999150157187296,0.9999963424131865,0.9999963268731276,0.9999953855845803,0.999995368484209,-18.47579881901532,-72.48976292135838,,730.9350915729284,False,False,False,,[]
727,727,728,True,1.0,1.0,727.0,728.0,727.0,728.0,728.0,0.0,50.0,50.0,104.14029708333334,0.506025493144989,0.506025493144989,0.0,1.0,0.5726201772707613,0.5725318000368405,0.9999150157187296,0.9799150228500366,0.9999148363265878,0.9999963268731276,0.9999963188923521,0.999995368484209,0.9999953578004955,-5.841539157340135,-22.907379032274424,,888.9039512232955,False,False,False,,[]
728,728,729,True,1.0,1.0,728.0,729.0,728.0,729.0,729.0,0.0,50.0,50.0,104.14029708333334,0.5060255527496338,0.5060255527496338,0.0,1.0,0.5725318000368405,0.5724434227640335,0.9999148363265878,0.9799148440361023,0.9999146569343603,0.9999963188923521,0.9999963109115759,0.9999953578004955,0.9999953471167828,-5.841539149139458,-22.907389111556924,,888.9039138128314,False,False,False,,[]
729,729,730,True,1.0,1.0,729.0,730.0,729.0,730.0,730.0,0.0,50.0,50.0,104.14029708333334,0.5060256123542786,0.5060256123542786,0.0,1.0,0.5724434227640335,0.5723550454510368,0.9999146569343603,0.979914665222168,0.9999144775420442,0.9999963109115759,0.9999963029307992,0.9999953471167828,0.999995336433071,-5.8415391409387665,-22.907399528759793,,888.9038753196774,False,False,False,,[]
730,730,731,True,1.0,1.0,730.0,731.0,730.0,731.0,731.0,0.0,50.0,50.0,104.14029708333334,0.5060256719589233,0.5060256719589233,0.0,1.0,0.5723550454510368,0.5722666680965841,0.9999144775420442,0.9799144864082336,0.9999142981496366,0.9999963029307992,0.999996294950022,0.999995336433071,0.99999532574936,-5.841539132738057,-22.907410274132555,,888.903835510224,False,False,False,,[]
731,731,732,True,1.0,1.0,731.0,732.0,731.0,732.0,732.0,0.0,50.0,50.0,104.14029708333334,0.5060257315635681,0.5060257315635681,0.0,1.0,0.5722666680965841,0.5721782906994461,0.9999142981496366,0.9799143075942993,0.9999141187571349,0.999996294950022,0.9999962869692441,0.99999532574936,0.9999953150656498,-5.8415391245373325,-22.907421338167694,,888.903794518865,False,False,False,,[]
732,732,733,True,1.0,1.0,732.0,733.0,732.0,733.0,733.0,0.0,50.0,50.0,104.14029708333334,0.5060257911682129,0.5060257911682129,0.0,1.0,0.5721782906994461,0.5720899132584291,0.9999141187571349,0.979914128780365,0.9999139393645364,0.9999962869692441,0.9999962789884657,0.9999953150656498,0.9999953043819404,-5.841539116336588,-22.90743271163273,,888.9037523824451,False,False,False,,[]
733,733,734,True,1.0,1.0,733.0,734.0,733.0,734.0,734.0,0.0,50.0,50.0,104.14029708333334,0.5060257911682129,0.5060257911682129,0.0,1.0,0.5720899132584291,0.5720015357722497,0.9999139393645364,0.9799139499664307,0.9999137599718384,0.9999962789884657,0.9999962710076872,0.9999953043819404,0.999995293698231,-5.841539116336588,-22.907444417709698,,888.9037088285808,False,False,False,,[]
734,734,735,True,1.0,1.0,734.0,735.0,734.0,735.0,735.0,0.0,50.0,50.0,104.14029708333334,0.5060258507728577,0.5060258507728577,0.0,1.0,0.5720015357722497,0.5719131582399066,0.9999137599718384,0.9799137711524963,0.9999135805790386,0.9999962710076872,0.9999962630269081,0.999995293698231,0.9999952830145225,-5.841539108135828,-22.90745638330896,,888.9036644835357,False,False,False,,[]
735,735,736,True,1.0,1.0,735.0,736.0,735.0,736.0,736.0,0.0,50.0,50.0,104.14029708333334,0.5060259103775024,0.5060259103775024,0.0,1.0,0.5719131582399066,0.5718247806603075,0.9999135805790386,0.979913592338562,0.9999134011861345,0.9999962630269081,0.9999962550461285,0.9999952830145225,0.9999952723308148,-5.841539099935051,-22.907468632093888,,888.9036191700195,False,False,False,,[]
736,736,737,True,1.0,1.0,736.0,737.0,736.0,737.0,737.0,0.0,50.0,50.0,104.14029708333334,0.5060259699821472,0.5060259699821472,0.0,1.0,0.5718247806603075,0.5717364030323917,0.9999134011861345,0.9799134135246277,0.9999132217931238,0.9999962550461285,0.9999962470653483,0.9999952723308148,0.9999952616471078,-5.841539091734258,-22.907481155785504,,888.9035726588093,False,False,False,,[]
737,737,738,True,1.0,1.0,737.0,738.0,737.0,738.0,738.0,0.0,50.0,50.0,104.14029708333334,0.506026029586792,0.506026029586792,0.0,1.0,0.5717364030323917,0.5716480253551296,0.9999132217931238,0.9799132347106934,0.9999130424000043,0.9999962470653483,0.9999962390845675,0.9999952616471078,0.9999952509634018,-5.841539083533448,-22.907493946334053,,888.9035253340494,False,False,False,,[]
738,738,739,True,1.0,1.0,738.0,739.0,738.0,739.0,739.0,0.0,50.0,50.0,104.14029708333334,0.5060260891914368,0.5060260891914368,0.0,1.0,0.5716480253551296,0.571559647627522,0.9999130424000043,0.979913055896759,0.9999128630067738,0.9999962390845675,0.9999962311037861,0.9999952509634018,0.9999952402796966,-5.841539075332619,-22.907506995896057,,888.9034769566041,False,False,False,,[]
739,739,740,True,1.0,1.0,739.0,740.0,739.0,740.0,740.0,0.0,50.0,48.125,-183.68782791666698,0.5060261487960815,0.5060261487960815,0.0,1.0,0.571559647627522,0.5716552067490115,0.9999128630067738,0.9799128770828247,0.9999126676689125,0.9999962311037861,0.9999962204581544,0.9999952402796966,0.9999952265576901,6.319867721511236,24.768924290074686,,1054.4715732661844,False,False,False,,[]
740,740,741,True,1.0,1.0,740.0,741.0,740.0,741.0,741.0,0.0,48.125,46.25,-185.21384415201854,0.5060262084007263,0.5060262084007263,0.0,1.0,0.5716552067490115,0.5717483844912176,0.9999126676689125,0.9799126982688904,0.9999124776421721,0.9999962204581544,0.9999962102011861,0.9999952265576901,0.9999952138150149,6.162832970562039,24.15167077981642,,1053.9356019715995,False,False,False,,[]
741,741,742,True,1.0,1.0,741.0,742.0,741.0,742.0,742.0,0.0,46.25,44.375,-186.68154129557226,0.5060262680053711,0.5060262680053711,0.0,1.0,0.5717483844912176,0.5718376556494587,0.9999124776421721,0.979912519454956,0.9999122962769679,0.9999962102011861,0.9999962001456283,0.9999952138150149,0.9999952004967568,5.9048405623051625,23.139084216103175,,1050.1563294599423,False,False,False,,[]
742,742,743,True,1.0,1.0,742.0,743.0,742.0,743.0,743.0,0.0,44.375,42.5,-188.09091934733104,0.5060262680053711,0.5060262680053711,0.0,1.0,0.5718376556494587,0.5719233936796035,0.9999122962769679,0.9799123406410217,0.9999121226907546,0.9999962001456283,0.9999961901685971,0.9999952004967568,0.9999951873422002,5.671501781873508,22.223297413565817,,1047.3922154262282,False,False,False,,[]
743,743,744,True,1.0,1.0,743.0,744.0,743.0,744.0,744.0,0.0,42.5,40.625,-189.44197830729198,0.5060263276100159,0.5060263276100159,0.0,1.0,0.5719233936796035,0.5720029918429772,0.9999121226907546,0.9799121618270874,0.9999119625004547,0.9999961901685971,0.999996180308544,0.9999951873422002,0.9999951711693486,5.265625943901011,20.631843946450918,,1039.0109424261084,False,False,False,,[]
744,744,745,True,1.0,1.0,744.0,745.0,744.0,745.0,745.0,0.0,40.625,38.75,-190.73471817545507,0.5060263872146606,0.5060263872146606,0.0,1.0,0.5720029918429772,0.5720868993275373,0.9999119625004547,0.9799119830131531,0.9999117929243281,0.999996180308544,0.9999961705998733,0.9999951711693486,0.9999951651276026,5.551141257141089,21.748819997993092,,1053.9622953929065,False,False,False,,[]
745,745,746,True,1.0,1.0,745.0,746.0,745.0,746.0,746.0,0.0,38.75,36.875,-191.96913895182323,0.5060264468193054,0.5060264468193054,0.0,1.0,0.5720868993275373,0.5721670191548175,0.9999117929243281,0.9799118041992188,0.9999116316018799,0.9999961705998733,0.9999961609292051,0.9999951651276026,0.9999951593340396,5.3008447842913515,20.767059231028572,,1050.9979422999143,False,False,False,,[]
746,746,747,True,1.0,1.0,746.0,747.0,746.0,747.0,747.0,0.0,36.875,35.0,-193.14524063639354,0.5060265064239502,0.5060265064239502,0.0,1.0,0.5721670191548175,0.5722418890199265,0.9999116316018799,0.9799116253852844,0.999911481622563,0.9999961609292051,0.9999961498162141,0.9999951593340396,0.9999951537940271,4.953727239848005,19.40626903623224,,1045.1711800725063,False,False,False,,[]
747,747,748,True,1.0,1.0,747.0,748.0,747.0,748.0,748.0,0.0,35.0,35.0,93.56510177083334,0.506026566028595,0.506026566028595,0.0,1.0,0.5722418890199265,0.5721878429441069,0.999911481622563,0.9799115061759949,0.9999113755406435,0.9999961498162141,0.9999961435484851,0.9999951537940271,0.9999951498788044,-3.5746892781865505,-14.008742852433164,,930.3734387631768,False,False,False,,[]
748,748,749,True,1.0,1.0,748.0,749.0,748.0,749.0,749.0,0.0,35.0,35.0,93.56510177083334,0.506026566028595,0.506026566028595,0.0,1.0,0.5721878429441069,0.5721337968241573,0.9999113755406435,0.9799113869667053,0.9999112694586326,0.9999961435484851,0.9999961372807561,0.9999951498788044,0.9999951459635817,-3.5746892781865505,-14.008754290919738,,930.3733926651046,False,False,False,,[]
749,749,750,True,1.0,1.0,749.0,750.0,749.0,750.0,750.0,0.0,35.0,35.0,93.56510177083334,0.5060266256332397,0.5060266256332397,0.0,1.0,0.5721337968241573,0.5720797506595267,0.9999112694586326,0.9799112677574158,0.9999111633765295,0.9999961372807561,0.9999961310130265,0.9999951459635817,0.9999951420483587,-3.5746893477186252,-14.008765872275827,,930.3733452346063,False,False,False,,[]
750,750,751,True,1.0,1.0,750.0,751.0,750.0,751.0,751.0,0.0,35.0,35.0,93.56510177083334,0.5060266256332397,0.5060266256332397,0.0,1.0,0.5720797506595267,0.5720257044517537,0.9999111633765295,0.979911208152771,0.9999110572943373,0.9999961310130265,0.999996124745297,0.9999951420483587,0.9999951381331357,-3.5746893477186252,-14.008777054746977,,930.3733001740421,False,False,False,,[]
751,751,752,True,1.0,1.0,751.0,752.0,751.0,752.0,752.0,0.0,35.0,35.0,93.56510177083334,0.5060266852378845,0.5060266852378845,0.0,1.0,0.5720257044517537,0.5719716582002621,0.9999110572943373,0.9799110889434814,0.9999109512120546,0.999996124745297,0.9999961184775668,0.9999951381331357,0.9999951342179124,-3.574689417250687,-14.00878838662922,,930.373253740017,False,False,False,,[]
752,752,753,True,1.0,1.0,752.0,753.0,752.0,753.0,753.0,0.0,35.0,35.0,93.56510177083334,0.5060266852378845,0.5060266852378845,0.0,1.0,0.5719716582002621,0.5719176119065661,0.9999109512120546,0.9799109697341919,0.9999108451296848,0.9999961184775668,0.9999961122098365,0.9999951342179124,0.9999951303026892,-3.574689417250687,-14.008799325998487,,930.3732096546873,False,False,False,,[]
753,753,754,True,1.0,1.0,753.0,754.0,753.0,754.0,754.0,0.0,35.0,35.0,93.56510177083334,0.5060267448425293,0.5060267448425293,0.0,1.0,0.5719176119065661,0.5718635655700655,0.9999108451296848,0.9799108505249023,0.9999107390472265,0.9999961122098365,0.9999961059421058,0.9999951303026892,0.9999951263874657,-3.574689486782737,-14.008810420976612,,930.3731642809455,False,False,False,,[]
754,754,755,True,1.0,1.0,754.0,755.0,754.0,755.0,755.0,0.0,35.0,35.0,93.56510177083334,0.5060268044471741,0.5060268044471741,0.0,1.0,0.5718635655700655,0.5718095191911997,0.9999107390472265,0.9799107313156128,0.9999106329646806,0.9999961059421058,0.9999960996743744,0.9999951263874657,0.999995122472242,-3.574689556314772,-14.00882140201119,,930.3731193549393,False,False,False,,[]
755,755,756,True,1.0,1.0,755.0,756.0,755.0,756.0,756.0,0.0,35.0,35.0,93.56510177083334,0.5060268044471741,0.5060268044471741,0.0,1.0,0.5718095191911997,0.5717554727714487,0.9999106329646806,0.979910671710968,0.9999105268820503,0.9999960996743744,0.9999960934066431,0.999995122472242,0.9999951185570183,-3.574689556314772,-14.008831999458124,,930.37307665164,False,False,False,,[]
756,756,757,True,1.0,1.0,756.0,757.0,756.0,757.0,757.0,0.0,35.0,35.0,93.56510177083334,0.5060268640518188,0.5060268640518188,0.0,1.0,0.5717554727714487,0.5717014263101786,0.9999105268820503,0.9799105525016785,0.9999104207993341,0.9999960934066431,0.9999960871389111,0.9999951185570183,0.9999951146417942,-3.5746896258467946,-14.008842761196291,,930.3730324195819,False,False,False,,[]
757,757,758,True,1.0,1.0,757.0,758.0,757.0,758.0,758.0,0.0,35.0,35.0,93.56510177083334,0.5060268640518188,0.5060268640518188,0.0,1.0,0.5717014263101786,0.5716473798088479,0.9999104207993341,0.9799104332923889,0.9999103147165351,0.9999960871389111,0.9999960808711791,0.9999951146417942,0.9999951107265702,-3.5746896258467946,-14.008853144902803,,930.3729905742733,False,False,False,,[]
758,758,759,True,1.0,1.0,758.0,759.0,758.0,759.0,759.0,0.0,35.0,35.0,93.56510177083334,0.5060269236564636,0.5060269236564636,0.0,1.0,0.5716473798088479,0.5715933332668021,0.9999103147165351,0.9799103140830994,0.9999102086336521,0.9999960808711791,0.9999960746034465,0.9999951107265702,0.999995106811346,-3.5746896953788045,-14.008863698305255,,930.37294738395,False,False,False,,[]
759,759,760,True,1.0,1.0,759.0,760.0,759.0,760.0,760.0,0.0,35.0,35.0,93.56510177083334,0.5060269236564636,0.5060269236564636,0.0,1.0,0.5715933332668021,0.571539286685479,0.9999102086336521,0.9799102544784546,0.9999101025506878,0.9999960746034465,0.999996068335714,0.999995106811346,0.9999951028961217,-3.5746896953788045,-14.008873878934068,,930.3729063513686,False,False,False,,[]
760,760,761,True,1.0,1.0,760.0,761.0,760.0,761.0,761.0,0.0,35.0,33.5,-136.69739822916634,0.5060269832611084,0.5060269832611084,0.0,1.0,0.571539286685479,0.5715891270130979,0.9999101025506878,0.979910135269165,0.9999100051254995,0.999996068335714,0.9999960601304378,0.9999951028961217,0.9999950991593267,3.2975602886029054,12.91861291880808,,1028.9714502373204,False,False,False,,[]
761,761,762,True,1.0,1.0,761.0,762.0,761.0,762.0,762.0,0.0,33.5,32.0,-137.5496345572913,0.5060269832611084,0.5060269832611084,0.0,1.0,0.5715891270130979,0.5716350031975581,0.9999100051254995,0.9799100160598755,0.9999099157962954,0.9999960601304378,0.9999960521101221,0.9999950991593267,0.9999950931125625,3.0353845899492615,11.891107012070462,,1023.4117557346493,False,False,False,,[]
762,762,763,True,1.0,1.0,762.0,763.0,762.0,763.0,763.0,0.0,32.0,28.8571434,-390.55672523833323,0.5060269832611084,0.5060269832611084,0.0,1.0,0.5716350031975581,0.5717689994970414,0.9999099157962954,0.9799099564552307,0.9999096313912087,0.9999960521101221,0.9999960393590375,0.9999950931125625,0.999995083627414,8.868667092025388,34.731840826074105,,1090.8926969238905,False,False,False,,[]
763,763,764,True,1.0,1.0,763.0,764.0,763.0,764.0,764.0,0.0,28.8571434,25.7142849,-392.14342289430266,0.506027102470398,0.506027102470398,0.0,1.0,0.5717689994970414,0.571882401847908,0.9999096313912087,0.9799096584320068,0.9999093954970727,0.9999960393590375,0.9999960257392033,0.999995083627414,0.9999950685240312,7.50574861732217,29.393889344614507,,1065.0644919693777,False,False,False,,[]
764,764,765,True,1.0,1.0,764.0,765.0,764.0,765.0,765.0,0.0,25.7142849,22.5714283,-393.5656839190104,0.5060271620750427,0.5060271620750427,0.0,1.0,0.571882401847908,0.5719858753050966,0.9999093954970727,0.9799094200134277,0.999909182337081,0.9999960257392033,0.9999960125401941,0.9999950685240312,0.9999950598698486,6.848840441156884,26.820320103305743,,1064.1742470916945,False,False,False,,[]
765,765,766,True,1.0,1.0,765.0,766.0,765.0,766.0,766.0,0.0,22.5714283,19.4285717,-394.82438158996354,0.5060272216796875,0.5060272216796875,0.0,1.0,0.5719858753050966,0.5720809277256789,0.999909182337081,0.9799091815948486,0.9999089881312856,0.9999960125401941,0.9999960067295327,0.9999950598698486,0.9999950516217236,6.291681666271523,24.637587414926635,,1065.6130506349623,False,False,False,,[]
766,766,767,True,1.0,1.0,766.0,767.0,766.0,767.0,767.0,0.0,19.4285717,16.2857151,-395.9192251508541,0.5060272812843323,0.5060272812843323,0.0,1.0,0.5720809277256789,0.5721588737571599,0.9999089881312856,0.9799090027809143,0.9999088315192056,0.9999960067295327,0.999995998501228,0.9999950516217236,0.9999950445226964,5.159395396544584,20.203611359876056,,1049.271140696388,False,False,False,,[]
767,767,768,True,1.0,1.0,767.0,768.0,767.0,768.0,768.0,0.0,16.2857151,13.14285755,-396.85036043459894,0.506027340888977,0.506027340888977,0.0,1.0,0.5721588737571599,0.5722122100715288,0.9999088315192056,0.97990882396698,0.9999087269030735,0.999995998501228,0.9999959944089192,0.9999950445226964,0.9999950216856363,3.530326599643785,13.824772684400035,,1016.2037056727063,False,False,False,,[]
768,768,769,True,1.0,1.0,768.0,769.0,768.0,769.0,769.0,0.0,13.14285755,10.0,-397.61749598248434,0.506027340888977,0.506027340888977,0.0,1.0,0.5722122100715288,0.5722519195946144,0.9999087269030735,0.9799087643623352,0.9999086500465209,0.9999959944089192,0.9999959887005866,0.9999950216856363,0.9999950036916789,2.628351512226761,10.292708383785097,,1008.3914076619369,False,False,False,,[]
769,769,770,True,1.0,1.0,769.0,770.0,769.0,770.0,770.0,0.0,10.0,6.66666651,-427.46042141075003,0.5060274004936218,0.5060274004936218,0.0,1.0,0.5722519195946144,0.5722775717198467,0.9999086500465209,0.9799086451530457,0.9999086010757198,0.9999959887005866,0.9999959788198369,0.9999950036916789,0.9999949897604695,1.6978739138832872,6.649030860220621,,996.9524022969483,False,False,False,,[]
770,770,771,True,1.0,1.0,770.0,771.0,770.0,771.0,771.0,0.0,6.66666651,3.33333325,-427.92117894523324,0.5060274004936218,0.5060274004936218,0.0,1.0,0.5722775717198467,0.5722916627347133,0.9999086010757198,0.9799086451530457,0.9999085744780053,0.9999959788198369,0.99999597147246,0.9999949897604695,0.9999949813927341,0.9326487009586055,3.6523910534328716,,995.7344043490654,False,False,False,,[]
771,771,772,True,1.0,1.0,771.0,772.0,771.0,772.0,772.0,0.0,3.33333325,0.0,-428.1976530918764,0.5060274004936218,0.5060274004936218,0.0,1.0,0.5722916627347133,0.5722963628364269,0.9999085744780053,0.9799085855484009,0.9999085656873852,0.99999597147246,0.999995969021752,0.9999949813927341,0.999994978601687,0.31108375728965365,1.2182663641578617,,998.5813001292952,False,False,False,,[]
772,772,773,True,1.0,1.0,772.0,773.0,772.0,773.0,773.0,0.0,0.0,0.0,83.40462000000002,0.5060274004936218,0.5060274004936218,0.0,1.0,0.5722963628364269,0.5722963628364269,0.9999085656873852,0.9799085855484009,0.9999085656873852,0.999995969021752,0.999995969021752,0.999994978601687,0.999994978601687,-0.0,0.0,,1000.0,False,False,False,,[]
773,773,774,True,1.0,1.0,773.0,774.0,773.0,774.0,774.0,0.0,0.0,0.0,83.40462000000002,0.5060274004936218,0.5060274004936218,0.0,1.0,0.5722963628364269,0.5722963628364269,0.9999085656873852,0.9799085855484009,0.9999085656873852,0.999995969021752,0.999995969021752,0.999994978601687,0.999994978601687,-0.0,0.0,,1000.0,False,False,False,,[]
774,774,775,True,1.0,1.0,774.0,775.0,774.0,775.0,775.0,0.0,0.0,0.0,83.40462000000002,0.5060274004936218,0.5060274004936218,0.0,1.0,0.5722963628364269,0.5722963628364269,0.9999085656873852,0.9799085855484009,0.9999085656873852,0.999995969021752,0.999995969021752,0.999994978601687,0.999994978601687,-0.0,0.0,,1000.0,False,False,False,,[]
775,775,776,True,1.0,1.0,775.0,776.0,775.0,776.0,776.0,0.0,0.0,0.0,83.40462000000002,0.5060274004936218,0.5060274004936218,0.0,1.0,0.5722963628364269,0.5722963628364269,0.9999085656873852,0.9799085855484009,0.9999085656873852,0.999995969021752,0.999995969021752,0.999994978601687,0.999994978601687,-0.0,0.0,,1000.0,False,False,False,,[]
776,776,777,True,1.0,1.0,776.0,777.0,776.0,777.0,777.0,0.0,0.0,0.0,83.40462000000002,0.5060274004936218,0.5060274004936218,0.0,1.0,0.5722963628364269,0.5722963628364269,0.9999085656873852,0.9799085855484009,0.9999085656873852,0.999995969021752,0.999995969021752,0.999994978601687,0.999994978601687,-0.0,0.0,,1000.0,False,False,False,,[]
777,777,778,True,1.0,1.0,777.0,778.0,777.0,778.0,778.0,0.0,0.0,0.0,83.40462000000002,0.5060274004936218,0.5060274004936218,0.0,1.0,0.5722963628364269,0.5722963628364269,0.9999085656873852,0.9799085855484009,0.9999085656873852,0.999995969021752,0.999995969021752,0.999994978601687,0.999994978601687,-0.0,0.0,,1000.0,False,False,False,,[]
778,778,779,True,1.0,1.0,778.0,779.0,778.0,779.0,779.0,0.0,0.0,0.0,83.40462000000002,0.5060274004936218,0.5060274004936218,0.0,1.0,0.5722963628364269,0.5722963628364269,0.9999085656873852,0.9799085855484009,0.9999085656873852,0.999995969021752,0.999995969021752,0.999994978601687,0.999994978601687,-0.0,0.0,,1000.0,False,False,False,,[]
779,779,780,True,1.0,1.0,779.0,780.0,779.0,780.0,780.0,0.0,0.0,0.0,83.40462000000002,0.5060274004936218,0.5060274004936218,0.0,1.0,0.5722963628364269,0.5722963628364269,0.9999085656873852,0.9799085855484009,0.9999085656873852,0.999995969021752,0.999995969021752,0.999994978601687,0.999994978601687,-0.0,0.0,,1000.0,False,False,False,,[]
780,780,781,True,1.0,1.0,780.0,781.0,780.0,781.0,781.0,0.0,0.0,0.0,83.40462000000002,0.5060274004936218,0.5060274004936218,0.0,1.0,0.5722963628364269,0.5722963628364269,0.9999085656873852,0.9799085855484009,0.9999085656873852,0.999995969021752,0.999995969021752,0.999994978601687,0.999994978601687,-0.0,0.0,,1000.0,False,False,False,,[]
781,781,782,True,1.0,1.0,781.0,782.0,781.0,782.0,782.0,0.0,0.0,0.0,83.40462000000002,0.5060274004936218,0.5060274004936218,0.0,1.0,0.5722963628364269,0.5722963628364269,0.9999085656873852,0.9799085855484009,0.9999085656873852,0.999995969021752,0.999995969021752,0.999994978601687,0.999994978601687,-0.0,0.0,,1000.0,False,False,False,,[]
782,782,783,True,1.0,1.0,782.0,783.0,782.0,783.0,783.0,0.0,0.0,0.0,83.40462000000002,0.5060274004936218,0.5060274004936218,0.0,1.0,0.5722963628364269,0.5722963628364269,0.9999085656873852,0.9799085855484009,0.9999085656873852,0.999995969021752,0.999995969021752,0.999994978601687,0.999994978601687,-0.0,0.0,,1000.0,False,False,False,,[]
783,783,784,True,1.0,1.0,783.0,784.0,783.0,784.0,784.0,0.0,0.0,0.0,83.40462000000002,0.5060274004936218,0.5060274004936218,0.0,1.0,0.5722963628364269,0.5722963628364269,0.9999085656873852,0.9799085855484009,0.9999085656873852,0.999995969021752,0.999995969021752,0.999994978601687,0.999994978601687,-0.0,0.0,,1000.0,False,False,False,,[]
784,784,785,True,1.0,1.0,784.0,785.0,784.0,785.0,785.0,0.0,0.0,0.0,83.40462000000002,0.5060274004936218,0.5060274004936218,0.0,1.0,0.5722963628364269,0.5722963628364269,0.9999085656873852,0.9799085855484009,0.9999085656873852,0.999995969021752,0.999995969021752,0.999994978601687,0.999994978601687,-0.0,0.0,,1000.0,False,False,False,,[]
785,785,786,True,1.0,1.0,785.0,786.0,785.0,786.0,786.0,0.0,0.0,0.0,83.40462000000002,0.5060274004936218,0.5060274004936218,0.0,1.0,0.5722963628364269,0.5722963628364269,0.9999085656873852,0.9799085855484009,0.9999085656873852,0.999995969021752,0.999995969021752,0.999994978601687,0.999994978601687,-0.0,0.0,,1000.0,False,False,False,,[]
786,786,787,True,1.0,1.0,786.0,787.0,786.0,787.0,787.0,0.0,0.0,0.0,83.40462000000002,0.5060274004936218,0.5060274004936218,0.0,1.0,0.5722963628364269,0.5722963628364269,0.9999085656873852,0.9799085855484009,0.9999085656873852,0.999995969021752,0.999995969021752,0.999994978601687,0.999994978601687,-0.0,0.0,,1000.0,False,False,False,,[]
787,787,788,True,1.0,1.0,787.0,788.0,787.0,788.0,788.0,0.0,0.0,0.0,83.40462000000002,0.5060274004936218,0.5060274004936218,0.0,1.0,0.5722963628364269,0.5722963628364269,0.9999085656873852,0.9799085855484009,0.9999085656873852,0.999995969021752,0.999995969021752,0.999994978601687,0.999994978601687,-0.0,0.0,,1000.0,False,False,False,,[]
788,788,789,True,1.0,1.0,788.0,789.0,788.0,789.0,789.0,0.0,0.0,0.0,83.40462000000002,0.5060274004936218,0.5060274004936218,0.0,1.0,0.5722963628364269,0.5722963628364269,0.9999085656873852,0.9799085855484009,0.9999085656873852,0.999995969021752,0.999995969021752,0.999994978601687,0.999994978601687,-0.0,0.0,,1000.0,False,False,False,,[]
789,789,790,True,1.0,1.0,789.0,790.0,789.0,790.0,790.0,0.0,0.0,0.0,83.40462000000002,0.5060274004936218,0.5060274004936218,0.0,1.0,0.5722963628364269,0.5722963628364269,0.9999085656873852,0.9799085855484009,0.9999085656873852,0.999995969021752,0.999995969021752,0.999994978601687,0.999994978601687,-0.0,0.0,,1000.0,False,False,False,,[]
790,790,791,True,1.0,1.0,790.0,791.0,790.0,791.0,791.0,0.0,0.0,0.0,83.40462000000002,0.5060274004936218,0.5060274004936218,0.0,1.0,0.5722963628364269,0.5722963628364269,0.9999085656873852,0.9799085855484009,0.9999085656873852,0.999995969021752,0.999995969021752,0.999994978601687,0.999994978601687,-0.0,0.0,,1000.0,False,False,False,,[]
791,791,792,True,1.0,1.0,791.0,792.0,791.0,792.0,792.0,0.0,0.0,0.0,83.40462000000002,0.5060274004936218,0.5060274004936218,0.0,1.0,0.5722963628364269,0.5722963628364269,0.9999085656873852,0.9799085855484009,0.9999085656873852,0.999995969021752,0.999995969021752,0.999994978601687,0.999994978601687,-0.0,0.0,,1000.0,False,False,False,,[]
792,792,793,True,1.0,1.0,792.0,793.0,792.0,793.0,793.0,0.0,0.0,0.0,83.40462000000002,0.5060274004936218,0.5060274004936218,0.0,1.0,0.5722963628364269,0.5722963628364269,0.9999085656873852,0.9799085855484009,0.9999085656873852,0.999995969021752,0.999995969021752,0.999994978601687,0.999994978601687,-0.0,0.0,,1000.0,False,False,False,,[]
793,793,794,True,1.0,1.0,793.0,794.0,793.0,794.0,794.0,0.0,0.0,0.0,83.40462000000002,0.5060274004936218,0.5060274004936218,0.0,1.0,0.5722963628364269,0.5722963628364269,0.9999085656873852,0.9799085855484009,0.9999085656873852,0.999995969021752,0.999995969021752,0.999994978601687,0.999994978601687,-0.0,0.0,,1000.0,False,False,False,,[]
794,794,795,True,1.0,1.0,794.0,795.0,794.0,795.0,795.0,0.0,0.0,0.0,83.40462000000002,0.5060274004936218,0.5060274004936218,0.0,1.0,0.5722963628364269,0.5722963628364269,0.9999085656873852,0.9799085855484009,0.9999085656873852,0.999995969021752,0.999995969021752,0.999994978601687,0.999994978601687,-0.0,0.0,,1000.0,False,False,False,,[]
795,795,796,True,1.0,1.0,795.0,796.0,795.0,796.0,796.0,0.0,0.0,0.0,83.40462000000002,0.5060274004936218,0.5060274004936218,0.0,1.0,0.5722963628364269,0.5722963628364269,0.9999085656873852,0.9799085855484009,0.9999085656873852,0.999995969021752,0.999995969021752,0.999994978601687,0.999994978601687,-0.0,0.0,,1000.0,False,False,False,,[]
796,796,797,True,1.0,1.0,796.0,797.0,796.0,797.0,797.0,0.0,0.0,0.0,83.40462000000002,0.5060274004936218,0.5060274004936218,0.0,1.0,0.5722963628364269,0.5722963628364269,0.9999085656873852,0.9799085855484009,0.9999085656873852,0.999995969021752,0.999995969021752,0.999994978601687,0.999994978601687,-0.0,0.0,,1000.0,False,False,False,,[]
797,797,798,True,1.0,1.0,797.0,798.0,797.0,798.0,798.0,0.0,0.0,0.0,83.40462000000002,0.5060274004936218,0.5060274004936218,0.0,1.0,0.5722963628364269,0.5722963628364269,0.9999085656873852,0.9799085855484009,0.9999085656873852,0.999995969021752,0.999995969021752,0.999994978601687,0.999994978601687,-0.0,0.0,,1000.0,False,False,False,,[]
798,798,799,True,1.0,1.0,798.0,799.0,798.0,799.0,799.0,0.0,0.0,0.0,83.40462000000002,0.5060274004936218,0.5060274004936218,0.0,1.0,0.5722963628364269,0.5722963628364269,0.9999085656873852,0.9799085855484009,0.9999085656873852,0.999995969021752,0.999995969021752,0.999994978601687,0.999994978601687,-0.0,0.0,,1000.0,False,False,False,,[]
799,799,800,True,1.0,1.0,799.0,800.0,799.0,800.0,800.0,0.0,0.0,3.0,543.92962,0.5060274004936218,0.5060274004936218,0.0,1.0,0.5722963628364269,0.5722757059827036,0.9999085656873852,0.9799085855484009,0.9999085264449673,0.999995969021752,0.9999959662199818,0.999994978601687,0.9999949754108242,-1.367344444444444,-5.354256485081843,,970.3332932721189,False,False,False,,[]
800,800,801,True,1.0,1.0,800.0,801.0,800.0,801.0,801.0,0.0,3.0,6.0,544.0042684375,0.5060274600982666,0.5060274600982666,0.0,1.0,0.5722757059827036,0.5722137185750884,0.9999085264449673,0.9799085259437561,0.9999084038268617,0.9999959662199818,0.9999959578135166,0.9999949754108242,0.9999949658369233,-4.102596292892156,-16.06713605385281,,915.5584269228965,False,False,False,,[]
801,801,802,True,1.0,1.0,801.0,802.0,801.0,802.0,802.0,0.0,6.0,9.0,544.2282137500001,0.5060274600982666,0.5060274600982666,0.0,1.0,0.5722137185750884,0.5721103479663627,0.9999084038268617,0.9799084067344666,0.9999081909001669,0.9999959578135166,0.9999959437969737,0.9999949658369233,0.9999949498738531,-6.840475285947714,-26.793661781682438,,866.0686412268382,False,False,False,,[]
802,802,803,True,1.0,1.0,802.0,803.0,802.0,803.0,803.0,0.0,9.0,12.0,544.6014559374998,0.5060275197029114,0.5060275197029114,0.0,1.0,0.5721103479663627,0.5719972775120856,0.9999081909001669,0.9799082279205322,0.9999079557727808,0.9999959437969737,0.9999959397895001,0.9999949498738531,0.9999949275102306,-7.481835366614885,-29.307861748637173,,859.8790248950861,False,False,False,,[]
803,803,804,True,1.0,1.0,803.0,804.0,803.0,804.0,804.0,0.0,12.0,15.0,545.1239950000004,0.5060275793075562,0.5060275793075562,0.0,1.0,0.5719972775120856,0.5718485477956422,0.9999079557727808,0.9799079895019531,0.9999076398259851,0.9999959397895001,0.9999959320169329,0.9999949275102306,0.9999948987294167,-9.839878307301715,-38.55074250214241,,821.7752176076617,False,False,False,,[]
804,804,805,True,1.0,1.0,804.0,805.0,804.0,805.0,805.0,0.0,15.0,15.0,85.27083093750002,0.5060276985168457,0.5060276985168457,0.0,1.0,0.5718485477956422,0.5718203438223025,0.9999076398259851,0.9799076318740845,0.9999075858490376,0.9999959320169329,0.9999959288936138,0.9999948987294167,0.9999948939386141,-1.8665629294295545,-7.310469889644413,,960.1390681813939,False,False,False,,[]
805,805,806,True,1.0,1.0,805.0,806.0,805.0,806.0,806.0,0.0,15.0,15.0,85.27083093750002,0.5060276985168457,0.5060276985168457,0.0,1.0,0.5718203438223025,0.5717921397520234,0.9999075858490376,0.9799076318740845,0.9999075318718995,0.9999959288936138,0.9999959257702946,0.9999948939386141,0.9999948891478114,-1.8665629294295545,-7.310495016356307,,960.1389612429996,False,False,False,,[]
806,806,807,True,1.0,1.0,806.0,807.0,806.0,807.0,807.0,0.0,15.0,17.22222137,426.40032974391625,0.5060276985168457,0.5060276985168457,0.0,1.0,0.5717921397520234,0.5716800882516726,0.9999075318718995,0.9799075722694397,0.9999072990955538,0.9999959257702946,0.9999959209558551,0.9999948891478114,0.9999948729891606,-7.41365646573392,-29.043748890911143,,864.8258025613206,False,False,False,,[]
807,807,808,True,1.0,1.0,807.0,808.0,807.0,808.0,808.0,0.0,17.22222137,19.44444466,426.99453498747266,0.5060278177261353,0.5060278177261353,0.0,1.0,0.5716800882516726,0.571561338069574,0.9999072990955538,0.9799073338508606,0.999907050781425,0.9999959209558551,0.9999959104878157,0.9999948729891606,0.9999948667411542,-7.856389452613225,-30.78004719996795,,861.8478267035789,False,False,False,,[]
808,808,809,True,1.0,1.0,808.0,809.0,808.0,809.0,809.0,0.0,19.44444466,21.66666603,427.6700700397827,0.50602787733078,0.50602787733078,0.0,1.0,0.571561338069574,0.5714351411180489,0.999907050781425,0.9799070954322815,0.9999067849662215,0.9999959104878157,0.9999959043269613,0.9999948667411542,0.9999948597247317,-8.34852402099029,-32.710249835282234,,857.6654826035943,False,False,False,,[]
809,809,810,True,1.0,1.0,809.0,810.0,809.0,810.0,810.0,0.0,21.66666603,23.88888931,428.4281111419298,0.5060279369354248,0.5060279369354248,0.0,1.0,0.5714351411180489,0.5712793856789208,0.9999067849662215,0.9799067974090576,0.9999064550423683,0.9999959043269613,0.9999958900225714,0.9999948597247317,0.9999948464616862,-10.302556963249524,-40.37180982201731,,822.1552693301139,False,False,False,,[]
810,810,811,True,1.0,1.0,810.0,811.0,810.0,811.0,811.0,0.0,23.88888931,26.11111069,429.26748679567305,0.5060280561447144,0.5060280561447144,0.0,1.0,0.5712793856789208,0.57111462905027,0.9999064550423683,0.9799064993858337,0.9999061073588689,0.9999958900225714,0.9999958791640303,0.9999948464616862,0.9999948317259237,-10.897046246628653,-42.70491814629219,,816.2470500318319,False,False,False,,[]
811,811,812,True,1.0,1.0,811.0,812.0,811.0,812.0,812.0,0.0,26.11111069,28.33333397,430.1893637603737,0.5060281753540039,0.5060281753540039,0.0,1.0,0.57111462905027,0.5709355917114803,0.9999061073588689,0.9799061417579651,0.9999057318486096,0.9999958791640303,0.9999958655386283,0.9999948317259237,0.9999948183887011,-11.840371610383709,-46.40647821426752,,804.1487711592113,False,False,False,,[]
812,812,813,True,1.0,1.0,812.0,813.0,812.0,813.0,813.0,0.0,28.33333397,30.55555534,431.1925754135255,0.5060282945632935,0.5060282945632935,0.0,1.0,0.5709355917114803,0.5707502119104798,0.9999057318486096,0.9799057245254517,0.9999053441210023,0.9999958655386283,0.9999958540791987,0.9999948183887011,0.9999948082553769,-12.258823924426787,-48.05044441933286,,802.7322981054335,False,False,False,,[]
813,813,814,True,1.0,1.0,813.0,814.0,813.0,814.0,814.0,0.0,30.55555534,32.77777863,432.27829283773616,0.506028413772583,0.506028413772583,0.0,1.0,0.5707502119104798,0.570545670635281,0.9999053441210023,0.979905366897583,0.9999049200299851,0.9999958540791987,0.9999958404136204,0.9999948082553769,0.9999947943767147,-13.52427561000884,-53.01709853150504,,784.6247338963185,False,False,False,,[]
814,814,815,True,1.0,1.0,814.0,815.0,814.0,815.0,815.0,0.0,32.77777863,35.0,433.4453404953656,0.5060285329818726,0.5060285329818726,0.0,1.0,0.570545670635281,0.5703256912692155,0.9999049200299851,0.9799049496650696,0.999904467260877,0.9999958404136204,0.9999958288889457,0.9999947943767147,0.9999947755322691,-14.543331576509187,-57.01865168417946,,771.8280315881037,False,False,False,,[]
815,815,816,True,1.0,1.0,815.0,816.0,815.0,816.0,816.0,0.0,35.0,35.0,93.56510177083334,0.5060286521911621,0.5060286521911621,0.0,1.0,0.5703256912692155,0.5702716454992838,0.999904467260877,0.9799044728279114,0.9999043611795896,0.9999958288889457,0.9999958226211959,0.9999947755322691,0.9999947716170375,-3.5746917118014117,-14.00866356630654,,930.3737325989368,False,False,False,,[]
816,816,817,True,1.0,1.0,816.0,817.0,816.0,817.0,817.0,0.0,35.0,35.0,93.56510177083334,0.5060287117958069,0.5060287117958069,0.0,1.0,0.5702716454992838,0.5702175996629038,0.9999043611795896,0.9799043536186218,0.9999042550981648,0.9999958226211959,0.9999958163534456,0.9999947716170375,0.9999947677018056,-3.5746917813330303,-14.008680789697426,,930.3736624251945,False,False,False,,[]
817,817,818,True,1.0,1.0,817.0,818.0,817.0,818.0,818.0,0.0,35.0,36.875,381.3932267708337,0.5060287117958069,0.5060287117958069,0.0,1.0,0.5702175996629038,0.5700206533824426,0.9999042550981648,0.979904294013977,0.9999038453205786,0.9999958163534456,0.9999958066944934,0.9999947677018056,0.9999947567622982,-13.020514935061088,-51.04847589554003,,794.5825370976382,False,False,False,,[]
818,818,819,True,1.0,1.0,818.0,819.0,818.0,819.0,819.0,0.0,36.875,38.75,382.5110093636071,0.5060288310050964,0.5060288310050964,0.0,1.0,0.5700206533824426,0.5698126288223988,0.9999038453205786,0.9799038767814636,0.9999034147097331,0.9999958066944934,0.9999957963501096,0.9999947567622982,0.9999947452183026,-13.751589038517402,-53.91996596333482,,785.5619840745597,False,False,False,,[]
819,819,820,True,1.0,1.0,819.0,820.0,819.0,820.0,820.0,0.0,38.75,40.625,383.68711104817646,0.506028950214386,0.506028950214386,0.0,1.0,0.5698126288223988,0.5695933935271136,0.9999034147097331,0.9799034595489502,0.9999029633097827,0.9999957963501096,0.9999957852851526,0.9999947452183026,0.999994733064626,-14.491225176094748,-56.82578853793988,,776.6423726655502,False,False,False,,[]
820,820,821,True,1.0,1.0,820.0,821.0,820.0,821.0,821.0,0.0,40.625,42.5,384.9215318245446,0.5060291290283203,0.5060291290283203,0.0,1.0,0.5695933935271136,0.5693627628605198,0.9999029633097827,0.979902982711792,0.999902491089241,0.9999957852851526,0.9999957734239886,0.999994733064626,0.9999947202958159,-15.24285940586878,-59.77946878111825,,767.764519168656,False,False,False,,[]
821,821,822,True,1.0,1.0,821.0,822.0,821.0,822.0,822.0,0.0,42.5,44.375,386.2142716927087,0.5060292482376099,0.5060292482376099,0.0,1.0,0.5693627628605198,0.5691205041652895,0.999902491089241,0.9799025058746338,0.9999019979552224,0.9999957734239886,0.9999957606549167,0.9999947202958159,0.9999947069061544,-16.009650664947053,-62.79345380369525,,758.8803243111341,False,False,False,,[]
822,822,823,True,1.0,1.0,822.0,823.0,822.0,823.0,823.0,0.0,44.375,46.25,387.56533065266865,0.5060293674468994,0.5060293674468994,0.0,1.0,0.5691205041652895,0.5688654638050806,0.9999019979552224,0.9799020290374756,0.9999014822311398,0.9999957606549167,0.9999957468014671,0.9999947069061544,0.9999946920486373,-16.852391907942096,-66.106461366126,,748.882067812483,False,False,False,,[]
823,823,824,True,1.0,1.0,823.0,824.0,823.0,824.0,824.0,0.0,46.25,48.125,388.9747087044274,0.5060295462608337,0.5060295462608337,0.0,1.0,0.5688654638050806,0.5685973845686118,0.9999014822311398,0.9799014925956726,0.9999009439047611,0.9999957468014671,0.9999957313654985,0.9999946920486373,0.9999946761780939,-17.711856312294138,-69.48613809272281,,738.9790222029562,False,False,False,,[]
824,824,825,True,1.0,1.0,824.0,825.0,824.0,825.0,825.0,0.0,48.125,50.0,390.4424058479821,0.5060297250747681,0.5060297250747681,0.0,1.0,0.5685973845686118,0.5683177097685996,0.9999009439047611,0.9799009561538696,0.999900385864015,0.9999957313654985,0.999995715825413,0.9999946761780939,0.9999946590779376,-18.475786393648505,-72.49170816315369,,730.9305074693768,False,False,False,,[]
825,825,826,True,1.0,1.0,825.0,826.0,825.0,826.0,826.0,0.0,50.0,50.0,104.14029708333334,0.5060298442840576,0.5060298442840576,0.0,1.0,0.5683177097685996,0.5682293300821477,0.999900385864015,0.9799004197120667,0.9999002064664645,0.999995715825413,0.9999957078445944,0.9999946590779376,0.9999946483942842,-5.841538558646438,-22.90801472834999,,888.9015993291496,False,False,False,,[]
826,826,827,True,1.0,1.0,826.0,827.0,826.0,827.0,827.0,0.0,50.0,50.0,104.14029708333334,0.5060299038887024,0.5060299038887024,0.0,1.0,0.5682293300821477,0.5681409503402973,0.9999002064664645,0.9799002408981323,0.9999000270687919,0.9999957078445944,0.9999956998637751,0.9999946483942842,0.9999946377106316,-5.841538550444531,-22.90802908762104,,888.9015460821014,False,False,False,,[]
827,827,828,True,1.0,1.0,827.0,828.0,827.0,828.0,828.0,0.0,50.0,51.53845978,340.3066938114995,0.5060299634933472,0.5060299634933472,0.0,1.0,0.5681409503402973,0.5678825459453488,0.9999000270687919,0.979900062084198,0.9998995054700202,0.9999956998637751,0.999995686051375,0.9999946377106316,0.9999946162917689,-17.07030961547728,-66.97841917065537,,743.0549248042161,False,False,False,,[]
828,828,829,True,1.0,1.0,828.0,829.0,828.0,829.0,829.0,0.0,51.53845978,53.07691956,341.60236538503057,0.5060301423072815,0.5060301423072815,0.0,1.0,0.5678825459453488,0.5676211565645907,0.9998995054700202,0.979899525642395,0.9998989786835809,0.999995686051375,0.9999956713579663,0.9999946162917689,0.999994600094623,-17.266072551283465,-67.7521274925007,,743.51732122772,False,False,False,,[]
829,829,830,True,1.0,1.0,829.0,830.0,829.0,830.0,830.0,0.0,53.07691956,54.61537933,342.9372981542353,0.5060303211212158,0.5060303211212158,0.0,1.0,0.5676211565645907,0.5673504162165645,0.9998989786835809,0.979898989200592,0.9998984358003716,0.9999956713579663,0.9999956560663723,0.999994600094623,0.9999945829104644,-17.881924896640747,-70.17589820838838,,736.6458510860645,False,False,False,,[]
830,830,831,True,1.0,1.0,830.0,831.0,830.0,831.0,831.0,0.0,54.61537933,56.15383911,344.31149671530403,0.5060304403305054,0.5060304403305054,0.0,1.0,0.5673504162165645,0.5670704019197876,0.9998984358003716,0.9798984527587891,0.9998978771880019,0.9999956560663723,0.9999956402222746,0.9999945829104644,0.999994564843416,-18.49252984384969,-72.57970572455879,,730.0406805696636,False,False,False,,[]
831,831,832,True,1.0,1.0,831.0,832.0,831.0,832.0,832.0,0.0,56.15383911,57.69229889,345.7249564808531,0.5060306191444397,0.5060306191444397,0.0,1.0,0.5670704019197876,0.5667811202145273,0.9998978771880019,0.9798979163169861,0.9998973030961764,0.9999956402222746,0.999995623815403,0.999994564843416,0.9999945459949706,-19.102536895450786,-74.98181800346424,,723.6171686844096,False,False,False,,[]
832,832,833,True,1.0,1.0,832.0,833.0,832.0,833.0,833.0,0.0,57.69229889,59.23075867,347.17767897716027,0.506030797958374,0.506030797958374,0.0,1.0,0.5667811202145273,0.5664826682904013,0.9998973030961764,0.9798973202705383,0.9998967139267179,0.999995623815403,0.9999956068351397,0.9999945459949706,0.9999945265557745,-19.70596383594143,-77.35873873346027,,717.4690581669914,False,False,False,,[]
833,833,834,True,1.0,1.0,833.0,834.0,833.0,834.0,834.0,0.0,59.23075867,60.76921844,348.66966266914386,0.5060309767723083,0.5060309767723083,0.0,1.0,0.5664826682904013,0.5661754097225935,0.9998967139267179,0.9798967242240906,0.9998961105059834,0.9999956068351397,0.9999955892705109,0.9999945265557745,0.9999945069774582,-20.28524178138412,-79.64142077576474,,711.873689793411,False,False,False,,[]
834,834,835,True,1.0,1.0,834.0,835.0,834.0,835.0,835.0,0.0,60.76921844,62.30767822,350.20091215196794,0.5060311555862427,0.5060311555862427,0.0,1.0,0.5661754097225935,0.5658598113273964,0.9998961105059834,0.9798961281776428,0.999895493799622,0.9999955892705109,0.9999955715515799,0.9999945069774582,0.9999944873021314,-20.833572983437314,-81.80310403508243,,706.8819892876342,False,False,False,,[]
835,835,836,True,1.0,1.0,835.0,836.0,835.0,836.0,836.0,0.0,62.30767822,63.84614182,351.7720092421288,0.506031334400177,0.506031334400177,0.0,1.0,0.5658598113273964,0.565535610947945,0.999895493799622,0.9798955321311951,0.9998948636080176,0.9999955715515799,0.999995553385346,0.9999944873021314,0.9999944677155065,-21.399039463716626,-84.03273835379042,,701.7679787305203,False,False,False,,[]
836,836,837,True,1.0,1.0,836.0,837.0,836.0,837.0,837.0,0.0,63.84614182,65.38459778,353.3806139033603,0.5060315132141113,0.5060315132141113,0.0,1.0,0.565535610947945,0.5652030351109857,0.9998948636080176,0.9798948764801025,0.9998942205026135,0.999995553385346,0.9999955352590554,0.9999944677155065,0.9999944479645745,-21.949411528953547,-86.20365693987208,,696.9789309062647,False,False,False,,[]
837,837,838,True,1.0,1.0,837.0,838.0,837.0,838.0,838.0,0.0,65.38459778,66.92305756,355.0302324092223,0.5060317516326904,0.5060317516326904,0.0,1.0,0.5652030351109857,0.5648629759521435,0.9998942205026135,0.97989422082901,0.9998935660424062,0.9999955352590554,0.9999955178465547,0.9999944479645745,0.9999944282554923,-22.44081893558108,-88.1433339718881,,693.1799867304654,False,False,False,,[]
838,838,839,True,1.0,1.0,838.0,839.0,838.0,839.0,839.0,0.0,66.92305756,68.46151733,356.7185297547392,0.5060319304466248,0.5060319304466248,0.0,1.0,0.5648629759521435,0.5645153820712985,0.9998935660424062,0.9798935651779175,0.9998929003269638,0.9999955178465547,0.9999955011027204,0.9999944282554923,0.9999944087171294,-22.93548251296679,-90.09633391502712,,689.4423380761727,False,False,False,,[]
839,839,840,True,1.0,1.0,839.0,840.0,839.0,840.0,840.0,0.0,68.46151733,70.0,358.4496066955706,0.5060321092605591,0.5060321092605591,0.0,1.0,0.5645153820712985,0.5641603060397599,0.9998929003269638,0.979892909526825,0.9998922236136455,0.9999955011027204,0.9999954850693171,0.9999944087171294,0.9999943894882612,-23.42654748853192,-92.03570737480138,,685.8665238765286,False,False,False,,[]
840,840,841,True,1.0,1.0,840.0,841.0,840.0,841.0,841.0,0.0,70.0,70.0,124.04654708333334,0.5060323476791382,0.5060323476791382,0.0,1.0,0.5641603060397599,0.5640233940792058,0.9998922236136455,0.9798922538757324,0.9998919321900708,0.9999954850693171,0.9999954727060686,0.9999943894882612,0.9999943789254794,-9.038333453421322,-35.487580175625105,,841.0567940149621,False,False,False,,[]
841,841,842,True,1.0,1.0,841.0,842.0,841.0,842.0,842.0,0.0,70.0,70.0,124.04654708333334,0.506032407283783,0.506032407283783,0.0,1.0,0.5640233940792058,0.5638864829304889,0.9998919321900708,0.9798919558525085,0.9998916407684556,0.9999954727060686,0.9999954603428193,0.9999943789254794,0.9999943683626975,-9.038333510072798,-35.48736974739915,,841.057506353969,False,False,False,,[]
842,842,843,True,1.0,1.0,842.0,843.0,842.0,843.0,843.0,0.0,70.0,70.0,124.04654708333334,0.5060325264930725,0.5060325264930725,0.0,1.0,0.5638864829304889,0.5637495725646894,0.9998916407684556,0.9798916578292847,0.99989134934873,0.9999954603428193,0.9999954479795684,0.9999943683626975,0.9999943577999157,-9.038333623375655,-35.48716681524319,,841.0581928178967,False,False,False,,[]
843,843,844,True,1.0,1.0,843.0,844.0,843.0,844.0,844.0,0.0,70.0,70.0,124.04654708333334,0.5060325860977173,0.5060325860977173,0.0,1.0,0.5637495725646894,0.5636126629553687,0.99989134934873,0.9798913598060608,0.9998910579308303,0.9999954479795684,0.9999954356163168,0.9999943577999157,0.999994347237134,-9.038333680027034,-35.48697073590978,,841.0588565442474,False,False,False,,[]
844,844,845,True,1.0,1.0,844.0,845.0,844.0,845.0,845.0,0.0,70.0,70.0,124.04654708333334,0.5060327053070068,0.5060327053070068,0.0,1.0,0.5636126629553687,0.5634757540751157,0.9998910579308303,0.9798910617828369,0.9998907665146903,0.9999954356163168,0.9999954232530636,0.999994347237134,0.9999943366743523,-9.0383337933297,-35.48678176155906,,841.0594957295908,False,False,False,,[]
845,845,846,True,1.0,1.0,845.0,846.0,845.0,846.0,846.0,0.0,70.0,70.0,124.04654708333334,0.5060327649116516,0.5060327649116516,0.0,1.0,0.5634757540751157,0.5633388458989602,0.9998907665146903,0.979890763759613,0.9998904751002498,0.9999954232530636,0.9999954108898097,0.9999943366743523,0.9999943261115707,-9.038333849980983,-35.486599259523786,,841.0601135376837,False,False,False,,[]
846,846,847,True,1.0,1.0,846.0,847.0,846.0,847.0,847.0,0.0,70.0,70.0,124.04654708333334,0.5060328841209412,0.5060328841209412,0.0,1.0,0.5633388458989602,0.5632019384009191,0.9998904751002498,0.9798904657363892,0.9998901836874459,0.9999954108898097,0.9999953985265543,0.9999943261115707,0.9999943155487891,-9.038333963283456,-35.4864234922601,,841.0607079797611,False,False,False,,[]
847,847,848,True,1.0,1.0,847.0,848.0,847.0,848.0,848.0,0.0,70.0,70.0,124.04654708333334,0.5060329437255859,0.5060329437255859,0.0,1.0,0.5632019384009191,0.5630650315574118,0.9998901836874459,0.9798902273178101,0.9998898922762218,0.9999953985265543,0.9999953861632981,0.9999943155487891,0.9999943049860076,-9.038334019934643,-35.48625383710795,,841.061282192271,False,False,False,,[]
848,848,849,True,1.0,1.0,848.0,849.0,848.0,849.0,849.0,0.0,70.0,70.0,124.04654708333334,0.5060330033302307,0.5060330033302307,0.0,1.0,0.5630650315574118,0.5629281253446659,0.9998898922762218,0.9798899292945862,0.9998896008665202,0.9999953861632981,0.9999953738000411,0.9999943049860076,0.9999942944232262,-9.0383340765858,-35.486090343759486,,841.0618356075544,False,False,False,,[]
849,849,850,True,1.0,1.0,849.0,850.0,849.0,850.0,850.0,0.0,70.0,70.0,124.04654708333334,0.5060331225395203,0.5060331225395203,0.0,1.0,0.5629281253446659,0.5627912197386992,0.9998896008665202,0.9798896312713623,0.9998893094582831,0.9999953738000411,0.9999953614367826,0.9999942944232262,0.9999942838604448,-9.038334189888017,-35.48593306656435,,841.0623673311654,False,False,False,,[]
850,850,851,True,1.0,1.0,850.0,851.0,850.0,851.0,851.0,0.0,70.0,70.0,124.04654708333334,0.506033182144165,0.506033182144165,0.0,1.0,0.5627912197386992,0.5626543147178777,0.9998893094582831,0.9798893332481384,0.9998890180514584,0.9999953614367826,0.9999953490735233,0.9999942838604448,0.9999942732976634,-9.038334246539076,-35.4857813969083,,841.0628806889308,False,False,False,,[]
851,851,852,True,1.0,1.0,851.0,852.0,851.0,852.0,852.0,0.0,70.0,70.0,124.04654708333334,0.5060333013534546,0.5060333013534546,0.0,1.0,0.5626543147178777,0.5625174102594648,0.9998890180514584,0.9798890352249146,0.9998887266459909,0.9999953490735233,0.9999953367102625,0.9999942732976634,0.9999942627348822,-9.0383343598411,-35.48563562063123,,841.0633736048463,False,False,False,,[]
852,852,853,True,1.0,1.0,852.0,853.0,852.0,853.0,853.0,0.0,70.0,70.0,124.04654708333334,0.5060333609580994,0.5060333609580994,0.0,1.0,0.5625174102594648,0.5623805063430379,0.9998887266459909,0.9798887372016907,0.9998884352418317,0.9999953367102625,0.999995324347001,0.9999942627348822,0.999994252172101,-9.038334416492061,-35.48549513784253,,841.0638489883592,False,False,False,,[]
853,853,854,True,1.0,1.0,853.0,854.0,853.0,854.0,854.0,0.0,70.0,70.0,124.04654708333334,0.5060334801673889,0.5060334801673889,0.0,1.0,0.5623805063430379,0.5622436029470392,0.9998884352418317,0.9798884391784668,0.9998881438389285,0.999995324347001,0.9999953119837379,0.999994252172101,0.9999942416093199,-9.038334529793895,-35.48536024287193,,841.0643049679761,False,False,False,,[]
854,854,855,True,1.0,1.0,854.0,855.0,854.0,855.0,855.0,0.0,70.0,70.0,124.04654708333334,0.5060335397720337,0.5060335397720337,0.0,1.0,0.5622436029470392,0.5621067000521932,0.9998881438389285,0.9798881411552429,0.999887852437235,0.9999953119837379,0.9999952996204741,0.9999942416093199,0.9999942310465388,-9.038334586444758,-35.48523034410319,,841.0647444933697,False,False,False,,[]
855,855,856,True,1.0,1.0,855.0,856.0,855.0,856.0,856.0,0.0,70.0,70.0,124.04654708333334,0.5060336589813232,0.5060336589813232,0.0,1.0,0.5621067000521932,0.5619697976380578,0.999887852437235,0.979887843132019,0.9998875610367017,0.9999952996204741,0.9999952872572088,0.9999942310465388,0.9999942204837579,-9.0383346997464,-35.48510574390207,,841.065165678993,False,False,False,,[]
856,856,857,True,1.0,1.0,856.0,857.0,856.0,857.0,857.0,0.0,70.0,70.0,124.04654708333334,0.506033718585968,0.506033718585968,0.0,1.0,0.5619697976380578,0.5618328956864432,0.9998875610367017,0.9798876047134399,0.9998872696372848,0.9999952872572088,0.9999952748939427,0.9999942204837579,0.9999942099209769,-9.03833475639717,-35.48498585847289,,841.0655712804694,False,False,False,,[]
857,857,858,True,1.0,1.0,857.0,858.0,857.0,858.0,858.0,0.0,70.0,70.0,124.04654708333334,0.5060337781906128,0.5060337781906128,0.0,1.0,0.5618328956864432,0.5616959941788225,0.9998872696372848,0.9798873066902161,0.9998869782389395,0.9999952748939427,0.9999952625306758,0.9999942099209769,0.9999941993581959,-9.038334813047909,-35.48487077528575,,841.065960611425,False,False,False,,[]
858,858,859,True,1.0,1.0,858.0,859.0,858.0,859.0,859.0,0.0,70.0,70.0,124.04654708333334,0.5060338973999023,0.5060338973999023,0.0,1.0,0.5616959941788225,0.5615590930963169,0.9998869782389395,0.9798870086669922,0.9998866868416202,0.9999952625306758,0.9999952501674074,0.9999941993581959,0.999994188795415,-9.038334926349291,-35.484760585468905,,841.0663328968182,False,False,False,,[]
859,859,860,True,1.0,1.0,859.0,860.0,859.0,860.0,860.0,0.0,70.0,70.0,124.04654708333334,0.5060340166091919,0.5060340166091919,0.0,1.0,0.5615590930963169,0.561422192421399,0.9998866868416202,0.9798867106437683,0.9998863954452847,0.9999952501674074,0.9999952378041375,0.999994188795415,0.9999941782326343,-9.038335039650542,-35.484654938706456,,841.0666897916014,False,False,False,,[]
860,860,861,True,1.0,1.0,860.0,861.0,860.0,861.0,861.0,0.0,70.0,70.0,124.04654708333334,0.5060340762138367,0.5060340762138367,0.0,1.0,0.561422192421399,0.56128529213788,0.9998863954452847,0.9798864126205444,0.9998861040498939,0.9999952378041375,0.9999952254408667,0.9999941782326343,0.9999941676698535,-9.038335096301122,-35.4845534881206,,841.0670329415462,False,False,False,,[]
861,861,862,True,1.0,1.0,861.0,862.0,861.0,862.0,862.0,0.0,70.0,70.0,124.04654708333334,0.5060341358184814,0.5060341358184814,0.0,1.0,0.56128529213788,0.5611483922291794,0.9998861040498939,0.9798861145973206,0.9998858126554077,0.9999952254408667,0.9999952130775953,0.9999941676698535,0.9999941571070728,-9.03833515295167,-35.48445633520436,,841.067361684713,False,False,False,,[]
862,862,863,True,1.0,1.0,862.0,863.0,862.0,863.0,863.0,0.0,70.0,70.0,124.04654708333334,0.506034255027771,0.506034255027771,0.0,1.0,0.5611483922291794,0.5610114926783124,0.9998858126554077,0.9798858165740967,0.9998855212617851,0.9999952130775953,0.9999952007143224,0.9999941571070728,0.9999941465442922,-9.038335266252666,-35.48436358473297,,841.0676748083055,False,False,False,,[]
863,863,864,True,1.0,1.0,863.0,864.0,863.0,864.0,864.0,0.0,70.0,70.0,124.04654708333334,0.5060343742370605,0.5060343742370605,0.0,1.0,0.5610114926783124,0.5608745934695946,0.9998855212617851,0.9798855185508728,0.9998852298689883,0.9999952007143224,0.9999951883510478,0.9999941465442922,0.9999941359815117,-9.038335379553535,-35.48427489966622,,841.0679742375365,False,False,False,,[]
864,864,865,True,1.0,1.0,864.0,865.0,864.0,865.0,865.0,0.0,70.0,70.0,124.04654708333334,0.5060344338417053,0.5060344338417053,0.0,1.0,0.5608745934695946,0.5607376945886298,0.9998852298689883,0.9798852205276489,0.9998849384769827,0.9999951883510478,0.9999951759877725,0.9999941359815117,0.9999941254187311,-9.038335436203921,-35.484189946062784,,841.0682615040785,False,False,False,,[]
865,865,866,True,1.0,1.0,865.0,866.0,865.0,866.0,866.0,0.0,70.0,70.0,124.04654708333334,0.5060344934463501,0.5060344934463501,0.0,1.0,0.5607376945886298,0.5606007960205821,0.9998849384769827,0.9798849821090698,0.9998846470857322,0.9999951759877725,0.9999951636244965,0.9999941254187311,0.9999941148559507,-9.038335492854277,-35.484108837967064,,841.0685358098943,False,False,False,,[]
866,866,867,True,1.0,1.0,866.0,867.0,866.0,867.0,867.0,0.0,70.0,70.0,124.04654708333334,0.5060346126556396,0.5060346126556396,0.0,1.0,0.5606007960205821,0.5604638977501639,0.9998846470857322,0.979884684085846,0.9998843556952002,0.9999951636244965,0.999995151261219,0.9999941148559507,0.9999941042931704,-9.038335606154888,-35.48403169239398,,841.0687962306589,False,False,False,,[]
867,867,868,True,1.0,1.0,867.0,868.0,867.0,868.0,868.0,0.0,70.0,70.0,124.04654708333334,0.5060346722602844,0.5060346722602844,0.0,1.0,0.5604638977501639,0.5603269997642005,0.9998843556952002,0.9798843860626221,0.9998840643053546,0.999995151261219,0.9999951388979407,0.9999941042931704,0.99999409373039,-9.038335662805144,-35.483957961703034,,841.0690454626739,False,False,False,,[]
868,868,869,True,1.0,1.0,868.0,869.0,868.0,869.0,869.0,0.0,70.0,70.0,124.04654708333334,0.506034791469574,0.506034791469574,0.0,1.0,0.5603269997642005,0.5601901020481858,0.9998840643053546,0.9798840880393982,0.9998837729161606,0.9999951388979407,0.9999951265346608,0.99999409373039,0.9999940831676098,-9.038335776105564,-35.4838879910163,,841.0692814959244,False,False,False,,[]
869,869,870,True,1.0,1.0,869.0,870.0,869.0,870.0,870.0,0.0,70.0,70.0,124.04654708333334,0.5060348510742188,0.5060348510742188,0.0,1.0,0.5601901020481858,0.5600532045897051,0.9998837729161606,0.9798837900161743,0.9998834815275882,0.9999951265346608,0.9999951141713802,0.9999940831676098,0.9999940726048296,-9.038335832755726,-35.48382123817591,,841.0695070980303,False,False,False,,[]
870,870,871,True,1.0,1.0,870.0,871.0,870.0,871.0,871.0,0.0,70.0,70.0,124.04654708333334,0.5060349702835083,0.5060349702835083,0.0,1.0,0.5600532045897051,0.559916307374992,0.9998834815275882,0.9798834919929504,0.9998831901396041,0.9999951141713802,0.9999951018080981,0.9999940726048296,0.9999940620420495,-9.038335946055952,-35.48375805363989,,841.0697202130333,False,False,False,,[]
871,871,872,True,1.0,1.0,871.0,872.0,871.0,872.0,872.0,0.0,70.0,70.0,124.04654708333334,0.5060350298881531,0.5060350298881531,0.0,1.0,0.559916307374992,0.5597794103923515,0.9998831901396041,0.9798831939697266,0.9998828987521802,0.9999951018080981,0.9999950894448153,0.9999940620420495,0.9999940514792695,-9.03833600270602,-35.48369790043503,,841.0699234529775,False,False,False,,[]
872,872,873,True,1.0,1.0,872.0,873.0,872.0,873.0,873.0,0.0,70.0,70.0,124.04654708333334,0.5060351490974426,0.5060351490974426,0.0,1.0,0.5597794103923515,0.559642513628717,0.9998828987521802,0.9798828959465027,0.9998826073652848,0.9999950894448153,0.9999950770815309,0.9999940514792695,0.9999940409164895,-9.038336116006052,-35.48364113405275,,841.0701147480829,False,False,False,,[]
873,873,874,True,1.0,1.0,873.0,874.0,873.0,874.0,874.0,0.0,70.0,70.0,124.04654708333334,0.5060352087020874,0.5060352087020874,0.0,1.0,0.559642513628717,0.5595056170730748,0.9998826073652848,0.9798825979232788,0.9998823159788914,0.9999950770815309,0.9999950647182457,0.9999940409164895,0.9999940303537095,-9.038336172656022,-35.483587222447824,,841.070296846346,False,False,False,,[]
874,874,875,True,1.0,1.0,874.0,875.0,874.0,875.0,875.0,0.0,70.0,70.0,124.04654708333334,0.5060352683067322,0.5060352683067322,0.0,1.0,0.5595056170730748,0.5593687207138797,0.9998823159788914,0.9798823595046997,0.9998820245929723,0.9999950647182457,0.9999950523549598,0.9999940303537095,0.9999940197909296,-9.03833622930596,-35.48353630338302,,841.0704688848675,False,False,False,,[]
875,875,876,True,1.0,1.0,875.0,876.0,875.0,876.0,876.0,0.0,70.0,70.0,124.04654708333334,0.5060353875160217,0.5060353875160217,0.0,1.0,0.5593687207138797,0.5592318245390459,0.9998820245929723,0.9798820614814758,0.9998817332074981,0.9999950523549598,0.9999950399916723,0.9999940197909296,0.9999940092281497,-9.038336342605737,-35.483488516936106,,841.0706296801586,False,False,False,,[]
876,876,877,True,1.0,1.0,876.0,877.0,876.0,877.0,877.0,0.0,70.0,70.0,124.04654708333334,0.5060354471206665,0.5060354471206665,0.0,1.0,0.5592318245390459,0.5590949285385137,0.9998817332074981,0.979881763458252,0.9998814418224445,0.9999950399916723,0.9999950276283841,0.9999940092281497,0.99999399866537,-9.038336399255579,-35.48344333793349,,841.0707823462059,False,False,False,,[]
877,877,878,True,1.0,1.0,877.0,878.0,877.0,878.0,878.0,0.0,70.0,70.0,124.04654708333334,0.506035566329956,0.506035566329956,0.0,1.0,0.5590949285385137,0.5589580327008079,0.9998814418224445,0.9798814654350281,0.999881150437784,0.9999950276283841,0.9999950152650944,0.99999399866537,0.9999939881025902,-9.038336512555164,-35.48340113334069,,841.0709242322124,False,False,False,,[]
878,878,879,True,1.0,1.0,878.0,879.0,878.0,879.0,879.0,0.0,70.0,70.0,124.04654708333334,0.5060356259346008,0.5060356259346008,0.0,1.0,0.5589580327008079,0.5588211370164627,0.999881150437784,0.9798811674118042,0.9998808590534937,0.9999950152650944,0.9999950029018039,0.9999939881025902,0.9999939775398106,-9.038336569204908,-35.483361382251964,,841.0710584326914,False,False,False,,[]
879,879,880,True,1.0,1.0,879.0,880.0,879.0,880.0,880.0,0.0,70.0,70.0,124.04654708333334,0.5060357451438904,0.5060357451438904,0.0,1.0,0.5588211370164627,0.5586842414745808,0.9998808590534937,0.9798808693885803,0.9998805676695471,0.9999950029018039,0.9999949905385118,0.9999939775398106,0.9999939669770309,-9.038336682504301,-35.48332445579982,,841.0711824347575,False,False,False,,[]
880,880,881,True,1.0,1.0,880.0,881.0,880.0,881.0,881.0,0.0,70.0,70.0,124.04654708333334,0.5060358047485352,0.5060358047485352,0.0,1.0,0.5586842414745808,0.5585473460662586,0.9998805676695471,0.9798805713653564,0.9998802762859229,0.9999949905385118,0.999994978175219,0.9999939669770309,0.9999939564142514,-9.03833673915395,-35.483289837149215,,841.0712992430808,False,False,False,,[]
881,881,882,True,1.0,1.0,881.0,882.0,881.0,882.0,882.0,0.0,70.0,70.0,124.04654708333334,0.5060359239578247,0.5060359239578247,0.0,1.0,0.5585473460662586,0.5584104507811453,0.9998802762859229,0.9798802733421326,0.9998799849025961,0.999994978175219,0.9999949658119247,0.9999939564142514,0.9999939458514719,-9.03833685245315,-35.48325790135671,,841.0714064989447,False,False,False,,[]
882,882,883,True,1.0,1.0,882.0,883.0,882.0,883.0,883.0,0.0,70.0,70.0,124.04654708333334,0.5060359835624695,0.5060359835624695,0.0,1.0,0.5584104507811453,0.5582735556108697,0.9998799849025961,0.9798799753189087,0.9998796935195464,0.9999949658119247,0.9999949534486297,0.9999939458514719,0.9999939352886925,-9.038336909102702,-35.483228135433365,,841.0715067884186,False,False,False,,[]
883,883,884,True,1.0,1.0,883.0,884.0,883.0,884.0,884.0,0.0,70.0,70.0,124.04654708333334,0.506036102771759,0.506036102771759,0.0,1.0,0.5582735556108697,0.558136660545599,0.9998796935195464,0.9798797369003296,0.9998794021367502,0.9999949534486297,0.999994941085333,0.9999939352886925,0.9999939247259132,-9.03833702240171,-35.48320091816722,,841.0715979781094,False,False,False,,[]
884,884,885,True,1.0,1.0,884.0,885.0,884.0,885.0,885.0,0.0,70.0,70.0,124.04654708333334,0.5060361623764038,0.5060361623764038,0.0,1.0,0.558136660545599,0.5579997655774654,0.9998794021367502,0.9798794388771057,0.9998791107541884,0.999994941085333,0.9999949287220357,0.9999939247259132,0.9999939141631339,-9.03833707905117,-35.48317574019998,,841.0716827304273,False,False,False,,[]
885,885,886,True,1.0,1.0,885.0,886.0,885.0,886.0,886.0,0.0,70.0,70.0,124.04654708333334,0.5060362815856934,0.5060362815856934,0.0,1.0,0.5579997655774654,0.5578628706971265,0.9998791107541884,0.9798791408538818,0.9998788193718385,0.9999949287220357,0.9999949163587367,0.9999939141631339,0.9999939036003547,-9.038337192349982,-35.48315298385407,,841.0717588003779,False,False,False,,[]
886,886,887,True,1.0,1.0,886.0,887.0,886.0,887.0,887.0,0.0,70.0,70.0,124.04654708333334,0.5060363411903381,0.5060363411903381,0.0,1.0,0.5578628706971265,0.5577259758971912,0.9998788193718385,0.979878842830658,0.9998785279896827,0.9999949163587367,0.9999949039954371,0.9999939036003547,0.9999938930375755,-9.038337248999342,-35.483132143213886,,841.0718289351939,False,False,False,,[]
887,887,888,True,1.0,1.0,887.0,888.0,887.0,888.0,888.0,0.0,70.0,70.0,124.04654708333334,0.5060364603996277,0.5060364603996277,0.0,1.0,0.5577259758971912,0.5575890811687809,0.9998785279896827,0.9798785448074341,0.9998782366076995,0.9999949039954371,0.999994891632136,0.9999938930375755,0.9999938824747964,-9.038337362297968,-35.4831136039437,,841.071890723696,False,False,False,,[]
888,888,889,True,1.0,1.0,888.0,889.0,888.0,889.0,889.0,0.0,70.0,70.0,124.04654708333334,0.5060365200042725,0.5060365200042725,0.0,1.0,0.5575890811687809,0.5574521865049561,0.9998782366076995,0.9798782467842102,0.9998779452258721,0.999994891632136,0.999994879268834,0.9999938824747964,0.9999938719120173,-9.038337418947231,-35.48309686338723,,841.071946888458,False,False,False,,[]
889,889,890,True,1.0,1.0,889.0,890.0,889.0,890.0,890.0,0.0,70.0,70.0,124.04654708333334,0.506036639213562,0.506036639213562,0.0,1.0,0.5574521865049561,0.5573152918972772,0.9998779452258721,0.9798779487609863,0.9998776538441804,0.999994879268834,0.9999948669055305,0.9999938719120173,0.9999938613492383,-9.03833753224566,-35.483082310371806,,841.0719951746686,False,False,False,,[]
890,890,891,True,1.0,1.0,890.0,891.0,890.0,891.0,891.0,0.0,70.0,67.5,-259.7242862499992,0.5060366988182068,0.5060366988182068,0.0,1.0,0.5573152918972772,0.5575210724510696,0.9998776538441804,0.9798776507377625,0.9998772274302996,0.9999948669055305,0.9999948542542638,0.9999938613492383,0.9999938447199768,13.60115876179269,53.338319542993695,,1154.5459474472523,False,False,False,,[]
891,891,892,True,1.0,1.0,891.0,892.0,891.0,892.0,892.0,0.0,67.5,65.0,-262.57544184895943,0.5060368180274963,0.5060368180274963,0.0,1.0,0.5575210724510696,0.5577197058738846,0.9998772274302996,0.979877233505249,0.999876814461686,0.9999948542542638,0.9999948420629493,0.9999938447199768,0.9999938260958361,13.130496562718362,51.485783193641055,,1144.847353692003,False,False,False,,[]
892,892,893,True,1.0,1.0,892.0,893.0,892.0,893.0,893.0,0.0,65.0,62.5,-265.3229190624992,0.5060369372367859,0.5060369372367859,0.0,1.0,0.5577197058738846,0.557911677284059,0.999876814461686,0.9798768162727356,0.9998764141311675,0.9999948420629493,0.9999948301188327,0.9999938260958361,0.99999380666464,12.691704275080438,49.75898951718063,,1137.0911752619827,False,False,False,,[]
893,893,894,True,1.0,1.0,893.0,894.0,893.0,894.0,894.0,0.0,62.5,60.0,-267.9667178906242,0.5060370564460754,0.5060370564460754,0.0,1.0,0.557911677284059,0.5581011312052742,0.9998764141311675,0.9798764586448669,0.9998760186025372,0.9999948301188327,0.9999948182885305,0.99999380666464,0.9999937920863786,12.52691327494441,49.10645637896815,,1140.8915427087882,False,False,False,,[]
894,894,895,True,1.0,1.0,894.0,895.0,894.0,895.0,895.0,0.0,60.0,57.5,-270.50683833333443,0.506037175655365,0.506037175655365,0.0,1.0,0.5581011312052742,0.5582827052722379,0.9998760186025372,0.9798760414123535,0.9998756381952462,0.9999948182885305,0.9999948065665798,0.9999937920863786,0.9999937759698704,12.007200314569685,47.06399815701033,,1130.8314021011367,False,False,False,,[]
895,895,896,True,1.0,1.0,895.0,896.0,895.0,896.0,896.0,0.0,57.5,55.0,-272.94328039062515,0.5060372948646545,0.5060372948646545,0.0,1.0,0.5582827052722379,0.5584601501037886,0.9998756381952462,0.9798756837844849,0.9998752657664058,0.9999948065665798,0.9999947953032284,0.9999937759698704,0.9999937628939698,11.735474957327664,45.993700337924516,,1131.0460434038907,False,False,False,,[]
896,896,897,True,1.0,1.0,896.0,897.0,896.0,897.0,897.0,0.0,55.0,52.5,-275.27604406250015,0.5060374140739441,0.5060374140739441,0.0,1.0,0.5584601501037886,0.5586285923204402,0.9998752657664058,0.9798752665519714,0.9998749108597965,0.9999947953032284,0.9999947846215895,0.9999937628939698,0.9999937469026887,11.141112671314211,43.66022255608058,,1118.9169689625562,False,False,False,,[]
897,897,898,True,1.0,1.0,897.0,898.0,897.0,898.0,898.0,0.0,52.5,50.0,-277.5051293489575,0.5060375332832336,0.5060375332832336,0.0,1.0,0.5586285923204402,0.5587897159387029,0.9998749108597965,0.9798749089241028,0.9998745703241826,0.9999947846215895,0.9999947744317538,0.9999937469026887,0.9999937304785482,10.658011447986159,41.76324185370427,,1111.6744590908504,False,False,False,,[]
898,898,899,True,1.0,1.0,898.0,899.0,898.0,899.0,899.0,0.0,50.0,50.0,104.14029708333334,0.5060375928878784,0.5060375928878784,0.0,1.0,0.5587897159387029,0.558701345925414,0.9998745703241826,0.9798746109008789,0.9998743909479647,0.9999947744317538,0.9999947664508584,0.9999937304785482,0.9999937197950018,-5.8415374922567604,-22.905507444463527,,888.910952174925,False,False,False,,[]
899,899,900,True,1.0,1.0,899.0,900.0,899.0,900.0,900.0,0.0,50.0,50.0,104.14029708333334,0.5060376524925232,0.5060376524925232,0.0,1.0,0.558701345925414,0.5586129753307987,0.9998743909479647,0.9798744320869446,0.9998742115704647,0.9999947664508584,0.9999947584699624,0.9999937197950018,0.9999937091114562,-5.841537484052658,-22.90565812429687,,888.9103917026628,False,False,False,,[]
900,900,901,True,1.0,1.0,900.0,901.0,900.0,901.0,901.0,0.0,50.0,50.0,104.14029708333334,0.506037712097168,0.506037712097168,0.0,1.0,0.5586129753307987,0.5585246041685966,0.9998742115704647,0.9798742532730103,0.9998740321917131,0.9999947584699624,0.9999947504890658,0.9999937091114562,0.9999936984279115,-5.841537475848538,-22.905805242761666,,888.9098444913369,False,False,False,,[]
901,901,902,True,1.0,1.0,901.0,902.0,901.0,902.0,902.0,0.0,50.0,50.0,104.14029708333334,0.5060377717018127,0.5060377717018127,0.0,1.0,0.5585246041685966,0.558436232452178,0.9998740321917131,0.9798740744590759,0.9998738528117392,0.9999947504890658,0.9999947425081687,0.9999936984279115,0.9999936877443676,-5.841537467644399,-22.905948895717003,,888.9093101699958,False,False,False,,[]
902,902,903,True,1.0,1.0,902.0,903.0,902.0,903.0,903.0,0.0,50.0,50.0,104.14029708333334,0.5060378313064575,0.5060378313064575,0.0,1.0,0.558436232452178,0.5583478601945528,0.9998738528117392,0.9798738956451416,0.9998736734305719,0.9999947425081687,0.999994734527271,0.9999936877443676,0.9999936770608245,-5.841537459440246,-22.90608917643193,,888.9087884891022,False,False,False,,[]
903,903,904,True,1.0,1.0,903.0,904.0,903.0,904.0,904.0,0.0,50.0,50.0,104.14029708333334,0.5060378909111023,0.5060378909111023,0.0,1.0,0.5583478601945528,0.5582594874083814,0.9998736734305719,0.9798737168312073,0.9998734940482389,0.999994734527271,0.9999947265463726,0.9999936770608245,0.9999936663772823,-5.841537451236074,-22.906226175654222,,888.9082788388341,False,False,False,,[]
904,904,905,True,1.0,1.0,904.0,905.0,904.0,905.0,905.0,0.0,50.0,50.0,104.14029708333334,0.5060379505157471,0.5060379505157471,0.0,1.0,0.5582594874083814,0.558171114105983,0.9998734940482389,0.979873538017273,0.9998733146647675,0.9999947265463726,0.9999947185654736,0.9999936663772823,0.9999936556937408,-5.8415374430318865,-22.906359981674534,,888.9077811603743,False,False,False,,[]
905,905,906,True,1.0,1.0,905.0,906.0,905.0,906.0,906.0,0.0,50.0,50.0,104.14029708333334,0.5060380101203918,0.5060380101203918,0.0,1.0,0.558171114105983,0.5580827402993456,0.9998733146647675,0.9798733592033386,0.999873135280184,0.9999947185654736,0.9999947105845741,0.9999936556937408,0.9999936450102002,-5.841537434827682,-22.906490680413533,,888.9072951216436,False,False,False,,[]
906,906,907,True,1.0,1.0,906.0,907.0,906.0,907.0,907.0,0.0,50.0,50.0,104.14029708333334,0.5060380697250366,0.5060380697250366,0.0,1.0,0.5580827402993456,0.5579943660001347,0.999873135280184,0.9798731803894043,0.9998729558945142,0.9999947105845741,0.999994702603674,0.9999936450102002,0.9999936343266603,-5.841537426623459,-22.90661835545855,,888.9068201695865,False,False,False,,[]
907,907,908,True,1.0,1.0,907.0,908.0,907.0,908.0,908.0,0.0,50.0,50.0,104.14029708333334,0.5060380697250366,0.5060380697250366,0.0,1.0,0.5579943660001347,0.557905991219578,0.9998729558945142,0.97987300157547,0.999872776507783,0.999994702603674,0.9999946946227738,0.9999936343266603,0.9999936236431205,-5.841537426623459,-22.90674312031764,,888.9063559580052,False,False,False,,[]
908,908,909,True,1.0,1.0,908.0,909.0,908.0,909.0,909.0,0.0,50.0,50.0,104.14029708333334,0.5060381293296814,0.5060381293296814,0.0,1.0,0.557905991219578,0.5578176159688458,0.999872776507783,0.9798728227615356,0.9998725971200147,0.9999946946227738,0.9999946866418731,0.9999936236431205,0.9999936129595816,-5.841537418419222,-22.906864989770092,,888.9059027753049,False,False,False,,[]
909,909,910,True,1.0,1.0,909.0,910.0,909.0,910.0,910.0,0.0,50.0,50.0,104.14029708333334,0.5060381889343262,0.5060381889343262,0.0,1.0,0.5578176159688458,0.5577292402586876,0.9998725971200147,0.9798726439476013,0.9998724177312334,0.9999946866418731,0.9999946786609718,0.9999936129595816,0.9999936022760434,-5.841537410214966,-22.906984072987356,,888.9054598762315,False,False,False,,[]
910,910,911,True,1.0,1.0,910.0,911.0,910.0,911.0,911.0,0.0,50.0,50.0,104.14029708333334,0.506038248538971,0.506038248538971,0.0,1.0,0.5577292402586876,0.5576408640995638,0.9998724177312334,0.979872465133667,0.9998722383414619,0.9999946786609718,0.9999946706800699,0.9999936022760434,0.999993591592506,-5.841537402010693,-22.907100444888147,,888.9050269798603,False,False,False,,[]
911,911,912,True,1.0,1.0,911.0,912.0,911.0,912.0,912.0,0.0,50.0,50.0,104.14029708333334,0.5060383081436157,0.5060383081436157,0.0,1.0,0.5576408640995638,0.5575524875016535,0.9998722383414619,0.9798722863197327,0.9998720589507227,0.9999946706800699,0.9999946626991674,0.999993591592506,0.9999935809089695,-5.841537393806404,-22.907214178351225,,888.9046040744947,False,False,False,,[]
912,912,913,True,1.0,1.0,912.0,913.0,912.0,913.0,913.0,0.0,50.0,50.0,104.14029708333334,0.5060383677482605,0.5060383677482605,0.0,1.0,0.5575524875016535,0.5574641104748622,0.9998720589507227,0.9798721075057983,0.9998718795590378,0.9999946626991674,0.9999946547182643,0.9999935809089695,0.9999935702254338,-5.841537385602096,-22.90732534430709,,888.9041906367428,False,False,False,,[]
913,913,914,True,1.0,1.0,913.0,914.0,913.0,914.0,914.0,0.0,50.0,50.0,104.14029708333334,0.5060384273529053,0.5060384273529053,0.0,1.0,0.5574641104748622,0.5573757330288293,0.9998718795590378,0.9798718690872192,0.9998717001664282,0.9999946547182643,0.9999946467373606,0.9999935702254338,0.999993559541899,-5.841537377397775,-22.907434011756322,,888.9037864914806,False,False,False,,[]
914,914,915,True,1.0,1.0,914.0,915.0,914.0,915.0,915.0,0.0,50.0,50.0,104.14029708333334,0.50603848695755,0.50603848695755,0.0,1.0,0.5573757330288293,0.5572873551729348,0.9998717001664282,0.9798716902732849,0.9998715207729149,0.9999946467373606,0.9999946387564563,0.999993559541899,0.9999935488583649,-5.841537369193435,-22.907540247838334,,888.9033913987569,False,False,False,,[]
915,915,916,True,1.0,1.0,915.0,916.0,915.0,916.0,916.0,0.0,50.0,50.0,104.14029708333334,0.5060385465621948,0.5060385465621948,0.0,1.0,0.5572873551729348,0.5571989769163073,0.9998715207729149,0.9798715114593506,0.9998713413785176,0.9999946387564563,0.9999946307755515,0.9999935488583649,0.9999935381748317,-5.8415373609890775,-22.90764411787263,,888.9030051859066,False,False,False,,[]
916,916,917,True,1.0,1.0,916.0,917.0,916.0,917.0,917.0,0.0,50.0,50.0,104.14029708333334,0.5060386061668396,0.5060386061668396,0.0,1.0,0.5571989769163073,0.5571105982678296,0.9998713413785176,0.9798713326454163,0.9998711619832563,0.9999946307755515,0.999994622794646,0.9999935381748317,0.9999935274912993,-5.841537352784704,-22.907745685418398,,888.9026273783197,False,False,False,,[]
917,917,918,True,1.0,1.0,917.0,918.0,917.0,918.0,918.0,0.0,50.0,50.0,104.14029708333334,0.5060386657714844,0.5060386657714844,0.0,1.0,0.5571105982678296,0.5570222192361463,0.9998711619832563,0.9798711538314819,0.9998709825871499,0.999994622794646,0.99999461481374,0.9999935274912993,0.9999935168077677,-5.8415373445803125,-22.907845012315786,,888.9022579892209,False,False,False,,[]
918,918,919,True,1.0,1.0,918.0,919.0,918.0,919.0,919.0,0.0,50.0,50.0,104.14029708333334,0.5060387253761292,0.5060387253761292,0.0,1.0,0.5570222192361463,0.5569338398296697,0.9998709825871499,0.9798709750175476,0.9998708031902169,0.99999461481374,0.9999946068328334,0.9999935168077677,0.999993506124237,-5.841537336375905,-22.907942158731718,,888.9018968002443,False,False,False,,[]
919,919,920,True,1.0,1.0,919.0,920.0,919.0,920.0,920.0,0.0,50.0,50.0,104.14029708333334,0.5060387849807739,0.5060387849807739,0.0,1.0,0.5569338398296697,0.5568454600565863,0.9998708031902169,0.9798707962036133,0.9998706237924755,0.9999946068328334,0.9999945988519261,0.999993506124237,0.999993495440707,-5.841537328171481,-22.908037183210325,,888.9015433344158,False,False,False,,[]
920,920,921,True,1.0,1.0,920.0,921.0,920.0,921.0,921.0,0.0,50.0,50.0,104.14029708333334,0.5060387849807739,0.5060387849807739,0.0,1.0,0.5568454600565863,0.5567570799247388,0.9998706237924755,0.979870617389679,0.9998704443939428,0.9999945988519261,0.9999945908710188,0.999993495440707,0.9999934847571771,-5.841537328171481,-22.90813017488576,,888.9011973377565,False,False,False,,[]
921,921,922,True,1.0,1.0,921.0,922.0,921.0,922.0,922.0,0.0,50.0,50.0,104.14029708333334,0.5060388445854187,0.5060388445854187,0.0,1.0,0.5567570799247388,0.5566686994420041,0.9998704443939428,0.9798704385757446,0.9998702649946363,0.9999945908710188,0.999994582890111,0.9999934847571771,0.999993474073648,-5.841537319967039,-22.908221124818937,,888.9008592057951,False,False,False,,[]
922,922,923,True,1.0,1.0,922.0,923.0,922.0,923.0,923.0,0.0,50.0,50.0,104.14029708333334,0.5060389041900635,0.5060389041900635,0.0,1.0,0.5566686994420041,0.5565803186159274,0.9998702649946363,0.9798702597618103,0.9998700855945726,0.999994582890111,0.9999945749092026,0.999993474073648,0.9999934633901197,-5.841537311762581,-22.908310119104712,,888.9005282638312,False,False,False,,[]
923,923,924,True,1.0,1.0,923.0,924.0,923.0,924.0,924.0,0.0,50.0,50.0,104.14029708333334,0.5060389637947083,0.5060389637947083,0.0,1.0,0.5565803186159274,0.556491937453851,0.9998700855945726,0.979870080947876,0.9998699061937679,0.9999945749092026,0.9999945669282937,0.9999934633901197,0.9999934527065922,-5.841537303558107,-22.908397210217814,,888.9002044044753,False,False,False,,[]
924,924,925,True,1.0,1.0,924.0,925.0,924.0,925.0,925.0,0.0,50.0,50.0,104.14029708333334,0.506039023399353,0.506039023399353,0.0,1.0,0.556491937453851,0.5564035559629205,0.9998699061937679,0.9798699021339417,0.999869726792238,0.9999945669282937,0.9999945589473841,0.9999934527065922,0.9999934420230656,-5.841537295353615,-22.908482449188966,,888.8998874283163,False,False,False,,[]
925,925,926,True,1.0,1.0,925.0,926.0,925.0,926.0,926.0,0.0,50.0,50.0,104.14029708333334,0.5060390830039978,0.5060390830039978,0.0,1.0,0.5564035559629205,0.5563151741500899,0.999869726792238,0.9798697233200073,0.9998695473899981,0.9999945589473841,0.9999945509664739,0.9999934420230656,0.9999934313395398,-5.841537287149105,-22.908565885691978,,888.8995771663841,False,False,False,,[]
926,926,927,True,1.0,1.0,926.0,927.0,926.0,927.0,927.0,0.0,50.0,50.0,104.14029708333334,0.5060391426086426,0.5060391426086426,0.0,1.0,0.5563151741500899,0.5562267920221268,0.9998695473899981,0.979869544506073,0.9998693679870633,0.9999945509664739,0.9999945429855632,0.9999934313395398,0.9999934206560148,-5.841537278944579,-22.90864756803459,,888.8992735151511,False,False,False,,[]
927,927,928,True,1.0,1.0,927.0,928.0,927.0,928.0,928.0,0.0,50.0,50.0,104.14029708333334,0.5060392022132874,0.5060392022132874,0.0,1.0,0.5562267920221268,0.5561384095856173,0.9998693679870633,0.9798693656921387,0.999869188583448,0.9999945429855632,0.9999945350046519,0.9999934206560148,0.9999934099724906,-5.841537270740037,-22.90872754325014,,888.8989760419523,False,False,False,,[]
928,928,929,True,1.0,1.0,928.0,929.0,928.0,929.0,929.0,0.0,50.0,50.0,104.14029708333334,0.5060392618179321,0.5060392618179321,0.0,1.0,0.5561384095856173,0.5560500268469712,0.999869188583448,0.9798691868782043,0.9998690091791663,0.9999945350046519,0.9999945270237399,0.9999934099724906,0.9999933992889672,-5.841537262535478,-22.90880585706092,,888.8986848352881,False,False,False,,[]
929,929,930,True,1.0,1.0,929.0,930.0,929.0,930.0,930.0,0.0,50.0,50.0,104.14029708333334,0.5060393214225769,0.5060393214225769,0.0,1.0,0.5560500268469712,0.5559616438124265,0.9998690091791663,0.97986900806427,0.9998688297742322,0.9999945270237399,0.9999945190428274,0.9999933992889672,0.9999933886054447,-5.841537254330901,-22.90888255398815,,888.8983997419816,False,False,False,,[]
930,930,931,True,1.0,1.0,930.0,931.0,930.0,931.0,931.0,0.0,50.0,50.0,104.14029708333334,0.5060393810272217,0.5060393810272217,0.0,1.0,0.5559616438124265,0.5558732604880541,0.9998688297742322,0.9798688292503357,0.9998686503686588,0.9999945190428274,0.9999945110619143,0.9999933886054447,0.999993377921923,-5.8415372461263075,-22.908957677329102,,888.8981203141941,False,False,False,,[]
931,931,932,True,1.0,1.0,931.0,932.0,931.0,932.0,932.0,0.0,50.0,50.0,104.14029708333334,0.5060393810272217,0.5060393810272217,0.0,1.0,0.5558732604880541,0.5557848768796382,0.9998686503686588,0.9798686504364014,0.999868470962459,0.9999945110619143,0.9999945030810011,0.999993377921923,0.9999933672384013,-5.8415372461263075,-22.909031301392794,,888.8978463868203,False,False,False,,[]
932,932,933,True,1.0,1.0,932.0,933.0,932.0,933.0,933.0,0.0,50.0,50.0,104.14029708333334,0.5060394406318665,0.5060394406318665,0.0,1.0,0.5557848768796382,0.5556964929930532,0.999868470962459,0.979868471622467,0.9998682915556458,0.9999945030810011,0.9999944951000874,0.9999933672384013,0.9999933565548804,-5.841537237921698,-22.909103402813827,,888.8975783907455,False,False,False,,[]
933,933,934,True,1.0,1.0,933.0,934.0,933.0,934.0,934.0,0.0,50.0,50.0,104.14029708333334,0.5060395002365112,0.5060395002365112,0.0,1.0,0.5556964929930532,0.5556081088338957,0.9998682915556458,0.9798682928085327,0.9998681121482315,0.9999944951000874,0.9999944871191732,0.9999933565548804,0.9999933458713604,-5.841537229717071,-22.90917405365499,,888.8973156940025,False,False,False,,[]
934,934,935,True,1.0,1.0,934.0,935.0,934.0,935.0,935.0,0.0,50.0,50.0,104.14029708333334,0.506039559841156,0.506039559841156,0.0,1.0,0.5556081088338957,0.555519724407612,0.9998681121482315,0.9798681139945984,0.999867932740228,0.9999944871191732,0.9999944791382582,0.9999933458713604,0.9999933351878412,-5.841537221512426,-22.9092432927165,,888.8970582571067,False,False,False,,[]
935,935,936,True,1.0,1.0,935.0,936.0,935.0,936.0,936.0,0.0,50.0,50.0,104.14029708333334,0.5060396194458008,0.5060396194458008,0.0,1.0,0.555519724407612,0.5554313397195033,0.999867932740228,0.9798679351806641,0.9998677533316471,0.9999944791382582,0.9999944711573427,0.9999933351878412,0.9999933245043228,-5.841537213307765,-22.909311157762556,,888.8968059300428,False,False,False,,[]
936,936,937,True,1.0,1.0,936.0,937.0,936.0,937.0,937.0,0.0,50.0,50.0,104.14029708333334,0.5060396790504456,0.5060396790504456,0.0,1.0,0.5554313397195033,0.555342954774729,0.9998677533316471,0.9798677563667297,0.9998675739225001,0.9999944711573427,0.9999944631764267,0.9999933245043228,0.9999933138208051,-5.841537205103088,-22.90937768551676,,888.896558574463,False,False,False,,[]
937,937,938,True,1.0,1.0,937.0,938.0,937.0,938.0,938.0,0.0,50.0,50.0,104.14029708333334,0.5060397386550903,0.5060397386550903,0.0,1.0,0.555342954774729,0.5552545695783102,0.9998675739225001,0.9798675775527954,0.9998673945127983,0.9999944631764267,0.99999445519551,0.9999933138208051,0.9999933031372884,-5.8415371968983925,-22.90944291172628,,888.8963160725476,False,False,False,,[]
938,938,939,True,1.0,1.0,938.0,939.0,938.0,939.0,939.0,0.0,50.0,50.0,104.14029708333334,0.5060397982597351,0.5060397982597351,0.0,1.0,0.5552545695783102,0.5551661841351344,0.9998673945127983,0.9798673987388611,0.9998672151025522,0.99999445519551,0.9999944472145927,0.9999933031372884,0.9999932924537724,-5.841537188693683,-22.909506871166464,,888.8960782745456,False,False,False,,[]
939,939,940,True,1.0,1.0,939.0,940.0,939.0,940.0,940.0,0.0,50.0,50.0,104.14029708333334,0.5060398578643799,0.5060398578643799,0.0,1.0,0.5551661841351344,0.5550777984499582,0.9998672151025522,0.9798672199249268,0.9998670356917724,0.9999944472145927,0.9999944392336749,0.9999932924537724,0.9999932817702574,-5.841537180488952,-22.909569597663722,,888.8958451561506,False,False,False,,[]
940,940,941,True,1.0,1.0,940.0,941.0,940.0,941.0,941.0,0.0,50.0,50.0,104.14029708333334,0.5060398578643799,0.5060398578643799,0.0,1.0,0.5550777984499582,0.5549894125272872,0.9998670356917724,0.9798670411109924,0.9998668562804688,0.9999944392336749,0.9999944312527571,0.9999932817702574,0.9999932710867423,-5.841537180488952,-22.90963115632669,,888.8956161154898,False,False,False,,[]
941,941,942,True,1.0,1.0,941.0,942.0,941.0,942.0,942.0,0.0,50.0,50.0,104.14029708333334,0.5060399174690247,0.5060399174690247,0.0,1.0,0.5549894125272872,0.5549010263717516,0.9998668562804688,0.9798668622970581,0.9998666768686517,0.9999944312527571,0.9999944232718386,0.9999932710867423,0.999993260403228,-5.841537172284208,-22.909691514809634,,888.8953916370491,False,False,False,,[]
942,942,943,True,1.0,1.0,942.0,943.0,942.0,943.0,943.0,0.0,50.0,50.0,104.14029708333334,0.5060399770736694,0.5060399770736694,0.0,1.0,0.5549010263717516,0.5548126399877376,0.9998666768686517,0.9798666834831238,0.9998664974563307,0.9999944232718386,0.9999944152909196,0.999993260403228,0.9999932497197145,-5.841537164079446,-22.90975073646087,,888.8951714663383,False,False,False,,[]
943,943,944,True,1.0,1.0,943.0,944.0,943.0,944.0,944.0,0.0,50.0,50.0,104.14029708333334,0.5060400366783142,0.5060400366783142,0.0,1.0,0.5548126399877376,0.5547242533795138,0.9998664974563307,0.9798665046691895,0.9998663180435152,0.9999944152909196,0.99999440731,0.9999932497197145,0.9999932390362019,-5.8415371558746685,-22.909808851599955,,888.8949555021193,False,False,False,,[]
944,944,945,True,1.0,1.0,944.0,945.0,944.0,945.0,945.0,0.0,50.0,50.0,104.14029708333334,0.506040096282959,0.506040096282959,0.0,1.0,0.5547242533795138,0.5546358665512355,0.9998663180435152,0.9798663258552551,0.9998661386302145,0.99999440731,0.9999943993290797,0.9999932390362019,0.99999322835269,-5.841537147669871,-22.90986588972586,,888.8947433737584,False,False,False,,[]
945,945,946,True,1.0,1.0,945.0,946.0,945.0,946.0,946.0,0.0,50.0,50.0,104.14029708333334,0.5060401558876038,0.5060401558876038,0.0,1.0,0.5546358665512355,0.5545474795069472,0.9998661386302145,0.9798661470413208,0.9998659592164373,0.9999943993290797,0.9999943913481589,0.99999322835269,0.999993217669179,-5.841537139465059,-22.909921879535354,,888.8945353183639,False,False,False,,[]
946,946,947,True,1.0,1.0,946.0,947.0,946.0,947.0,947.0,0.0,50.0,50.0,104.14029708333334,0.5060402154922485,0.5060402154922485,0.0,1.0,0.5545474795069472,0.5544590922505854,0.9998659592164373,0.9798659682273865,0.9998657798021924,0.9999943913481589,0.9999943833672376,0.999993217669179,0.9999932069856688,-5.841537131260229,-22.90997684895505,,888.8943309701275,False,False,False,,[]
947,947,948,True,1.0,1.0,947.0,948.0,947.0,948.0,948.0,0.0,50.0,50.0,104.14029708333334,0.5060402750968933,0.5060402750968933,0.0,1.0,0.5544590922505854,0.5543707047859823,0.9998657798021924,0.9798657894134521,0.9998656003874883,0.9999943833672376,0.9999943753863155,0.9999932069856688,0.9999931963021595,-5.8415371230553825,-22.910030825150606,,888.8941303251846,False,False,False,,[]
948,948,949,True,1.0,1.0,948.0,949.0,948.0,949.0,949.0,0.0,50.0,50.0,104.14029708333334,0.5060403347015381,0.5060403347015381,0.0,1.0,0.5543707047859823,0.5542823171168675,0.9998656003874883,0.9798656105995178,0.9998654209723331,0.9999943753863155,0.9999943674053929,0.9999931963021595,0.999993185618651,-5.841537114850518,-22.910083834563377,,888.8939332677365,False,False,False,,[]
949,949,950,True,1.0,1.0,949.0,950.0,949.0,950.0,950.0,0.0,50.0,50.0,104.14029708333334,0.5060403943061829,0.5060403943061829,0.0,1.0,0.5542823171168675,0.5541939292468717,0.9998654209723331,0.9798654317855835,0.999865241556735,0.9999943674053929,0.9999943594244698,0.999993185618651,0.9999931749351433,-5.841537106645639,-22.910135902905846,,888.8937397194427,False,False,False,,[]
950,950,951,True,1.0,1.0,950.0,951.0,950.0,951.0,951.0,0.0,50.0,50.0,104.14029708333334,0.5060404539108276,0.5060404539108276,0.0,1.0,0.5541939292468717,0.5541055411795291,0.999865241556735,0.9798652529716492,0.9998650621407016,0.9999943594244698,0.9999943514435461,0.9999931749351433,0.9999931642516364,-5.84153709844074,-22.91018705520287,,888.8935496654732,False,False,False,,[]
951,951,952,True,1.0,1.0,951.0,952.0,951.0,952.0,952.0,0.0,50.0,50.0,104.14029708333334,0.5060404539108276,0.5060404539108276,0.0,1.0,0.5541055411795291,0.5540171529181557,0.9998650621407016,0.9798650741577148,0.9998648827242403,0.9999943514435461,0.9999943434626224,0.9999931642516364,0.9999931535681296,-5.84153709844074,-22.91023734799531,,888.8933625473842,False,False,False,,[]
952,952,953,True,1.0,1.0,952.0,953.0,952.0,953.0,953.0,0.0,50.0,50.0,104.14029708333334,0.5060405135154724,0.5060405135154724,0.0,1.0,0.5540171529181557,0.5539287644662244,0.9998648827242403,0.9798648953437805,0.9998647033073588,0.9999943434626224,0.999994335481698,0.9999931535681296,0.9999931428846235,-5.841537090235828,-22.910286740580528,,888.8931788578195,False,False,False,,[]
953,953,954,True,1.0,1.0,953.0,954.0,953.0,954.0,954.0,0.0,50.0,50.0,104.14029708333334,0.5060405731201172,0.5060405731201172,0.0,1.0,0.5539287644662244,0.5538403758269952,0.9998647033073588,0.9798647165298462,0.9998645238900642,0.999994335481698,0.9999943275007731,0.9999931428846235,0.9999931322011183,-5.841537082030895,-22.910335288206664,,888.8929984984386,False,False,False,,[]
954,954,955,True,1.0,1.0,954.0,955.0,954.0,955.0,955.0,0.0,50.0,50.0,104.14029708333334,0.506040632724762,0.506040632724762,0.0,1.0,0.5538403758269952,0.5537519870036415,0.9998645238900642,0.9798645377159119,0.9998643444723635,0.9999943275007731,0.9999943195198476,0.9999931322011183,0.9999931215176139,-5.841537073825948,-22.91038301329019,,888.8928211027343,False,False,False,,[]
955,955,956,True,1.0,1.0,955.0,956.0,955.0,956.0,956.0,0.0,50.0,50.0,104.14029708333334,0.5060406923294067,0.5060406923294067,0.0,1.0,0.5537519870036415,0.5536635979992524,0.9998643444723635,0.9798643589019775,0.9998641650542636,0.9999943195198476,0.9999943115389215,0.9999931215176139,0.9999931108341102,-5.841537065620982,-22.910429937651646,,888.8926466040343,False,False,False,,[]
956,956,957,True,1.0,1.0,956.0,957.0,956.0,957.0,957.0,0.0,50.0,50.0,104.14029708333334,0.5060407519340515,0.5060407519340515,0.0,1.0,0.5536635979992524,0.5535752088168352,0.9998641650542636,0.9798641800880432,0.9998639856357711,0.9999943115389215,0.9999943035579948,0.9999931108341102,0.9999931001506075,-5.841537057416001,-22.910476082515633,,888.8924751833936,False,False,False,,[]
957,957,958,True,1.0,1.0,957.0,958.0,957.0,958.0,958.0,0.0,50.0,50.0,104.14029708333334,0.5060408115386963,0.5060408115386963,0.0,1.0,0.5535752088168352,0.5534868194593177,0.9998639856357711,0.9798640012741089,0.9998638062168923,0.9999943035579948,0.9999942955770675,0.9999931001506075,0.9999930894671055,-5.841537049211003,-22.91052146853373,,888.8923064883414,False,False,False,,[]
958,958,959,True,1.0,1.0,958.0,959.0,958.0,959.0,959.0,0.0,50.0,50.0,104.14029708333334,0.5060408711433411,0.5060408711433411,0.0,1.0,0.5534868194593177,0.5533984299295499,0.9998638062168923,0.9798638224601746,0.9998636267976337,0.9999942955770675,0.9999942875961396,0.9999930894671055,0.9999930787836044,-5.841537041005987,-22.91056611580284,,888.8921405541391,False,False,False,,[]
959,959,960,True,1.0,1.0,959.0,960.0,959.0,960.0,960.0,0.0,50.0,50.0,104.14029708333334,0.5060409307479858,0.5060409307479858,0.0,1.0,0.5533984299295499,0.5533100402303066,0.9998636267976337,0.9798636436462402,0.9998634473780014,0.9999942875961396,0.9999942796152111,0.9999930787836044,0.9999930681001041,-5.841537032800955,-22.910610043874343,,888.8919772860437,False,False,False,,[]
960,960,961,True,1.0,1.0,960.0,961.0,960.0,961.0,961.0,0.0,50.0,50.0,104.14029708333334,0.5060409307479858,0.5060409307479858,0.0,1.0,0.5533100402303066,0.5532216503641648,0.9998634473780014,0.9798634648323059,0.999863267958001,0.9999942796152111,0.9999942716342827,0.9999930681001041,0.9999930574166038,-5.841537032800955,-22.910653303953158,,888.8918163349192,False,False,False,,[]
961,961,962,True,1.0,1.0,961.0,962.0,961.0,962.0,962.0,0.0,50.0,50.0,104.14029708333334,0.5060409903526306,0.5060409903526306,0.0,1.0,0.5532216503641648,0.5531332603338787,0.999863267958001,0.9798632860183716,0.9998630885376385,0.9999942716342827,0.9999942636533536,0.9999930574166038,0.9999930467331043,-5.8415370245959055,-22.910695850170317,,888.8916582091114,False,False,False,,[]
962,962,963,True,1.0,1.0,962.0,963.0,962.0,963.0,963.0,0.0,50.0,50.0,104.14029708333334,0.5060410499572754,0.5060410499572754,0.0,1.0,0.5531332603338787,0.5530448701420085,0.9998630885376385,0.9798631072044373,0.9998629091169197,0.9999942636533536,0.999994255672424,0.9999930467331043,0.9999930360496057,-5.8415370163908396,-22.91073773272681,,888.8915025537823,False,False,False,,[]
963,963,964,True,1.0,1.0,963.0,964.0,963.0,964.0,964.0,0.0,50.0,50.0,104.14029708333334,0.5060411095619202,0.5060411095619202,0.0,1.0,0.5530448701420085,0.5529564797910473,0.9998629091169197,0.9798629283905029,0.99986272969585,0.999994255672424,0.9999942476914937,0.9999930360496057,0.9999930253661078,-5.841537008185757,-22.91077896913407,,888.8913493068222,False,False,False,,[]
964,964,965,True,1.0,1.0,964.0,965.0,964.0,965.0,965.0,0.0,50.0,50.0,104.14029708333334,0.5060411691665649,0.5060411691665649,0.0,1.0,0.5529564797910473,0.5528680892834221,0.99986272969585,0.9798627495765686,0.9998625502744348,0.9999942476914937,0.9999942397105629,0.9999930253661078,0.9999930146826108,-5.841536999980657,-22.910819576445135,,888.8911984863872,False,False,False,,[]
965,965,966,True,1.0,1.0,965.0,966.0,965.0,966.0,966.0,0.0,50.0,50.0,104.14029708333334,0.5060412287712097,0.5060412287712097,0.0,1.0,0.5528680892834221,0.552779698621496,0.9998625502744348,0.9798625707626343,0.9998623708526794,0.9999942397105629,0.9999942317296314,0.9999930146826108,0.9999930039991146,-5.8415369917755395,-22.91085957123627,,888.8910497700097,False,False,False,,[]
966,966,967,True,1.0,1.0,966.0,967.0,966.0,967.0,967.0,0.0,50.0,50.0,104.14029708333334,0.5060412883758545,0.5060412883758545,0.0,1.0,0.552779698621496,0.5526913078075699,0.9998623708526794,0.9798623919487,0.9998621914305887,0.9999942317296314,0.9999942237486994,0.9999930039991146,0.9999929933156193,-5.841536983570406,-22.910898969648258,,888.8909034506779,False,False,False,,[]
967,967,968,True,1.0,1.0,967.0,968.0,967.0,968.0,968.0,0.0,50.0,51.53845978,340.3066938114995,0.5060413479804993,0.5060413479804993,0.0,1.0,0.5526913078075699,0.552432869885903,0.9998621914305887,0.9798622131347656,0.999861669773419,0.9999942237486994,0.9999942099357232,0.9999929933156193,0.9999929718967158,-17.070360840794624,-66.98710929607577,,743.0328493587677,False,False,False,,[]
968,968,969,True,1.0,1.0,968.0,969.0,968.0,969.0,969.0,0.0,51.53845978,53.07691956,341.60236538503057,0.5060415267944336,0.5060415267944336,0.0,1.0,0.552432869885903,0.5521714467492223,0.999861669773419,0.9798616766929626,0.9998611429284502,0.9999942099357232,0.9999941952416532,0.9999929718967158,0.9999929557001436,-17.266086083711045,-67.76087702764156,,743.4953769516084,False,False,False,,[]
969,969,970,True,1.0,1.0,969.0,970.0,969.0,970.0,970.0,0.0,53.07691956,54.61537933,342.9372981542353,0.5060416460037231,0.5060416460037231,0.0,1.0,0.5521714467492223,0.5519006710996143,0.9998611429284502,0.9798611402511597,0.9998605999849206,0.9999941952416532,0.9999941799494327,0.9999929557001436,0.9999929385165965,-17.881933064009097,-70.18504837837496,,736.6234141313184,False,False,False,,[]
970,970,971,True,1.0,1.0,970.0,971.0,970.0,971.0,971.0,0.0,54.61537933,56.15383911,344.31149671530403,0.5060418248176575,0.5060418248176575,0.0,1.0,0.5519006710996143,0.5516206198623717,0.9998605999849206,0.9798606038093567,0.9998600413103721,0.9999941799494327,0.9999941641046822,0.9999929385165965,0.9999929204501914,-18.492537893498053,-72.58928069329008,,730.0176745592113,False,False,False,,[]
971,971,972,True,1.0,1.0,971.0,972.0,971.0,972.0,972.0,0.0,56.15383911,57.69229889,345.7249564808531,0.5060420036315918,0.5060420036315918,0.0,1.0,0.5516206198623717,0.5513312993095613,0.9998600413103721,0.9798600673675537,0.9998594671541678,0.9999941641046822,0.9999941476971345,0.9999929204501914,0.9999929016021805,-19.102561051941535,-74.99188728845199,,723.5933304779146,False,False,False,,[]
972,972,973,True,1.0,1.0,972.0,973.0,972.0,973.0,973.0,0.0,57.69229889,59.23075867,347.17767897716027,0.5060421824455261,0.5060421824455261,0.0,1.0,0.5513312993095613,0.5510328068502857,0.9998594671541678,0.979859471321106,0.9998588779185973,0.9999941476971345,0.999994130716171,0.9999929016021805,0.9999928821634323,-19.705988985107062,-77.36924544424768,,717.4446600665989,False,False,False,,[]
973,973,974,True,1.0,1.0,973.0,974.0,973.0,974.0,974.0,0.0,59.23075867,60.76921844,348.66966266914386,0.5060423612594604,0.5060423612594604,0.0,1.0,0.5510328068502857,0.5507255059159974,0.9998588779185973,0.9798588752746582,0.9998582744298516,0.999994130716171,0.999994113150818,0.9999928821634323,0.9999928625854116,-20.28527922717186,-79.65240216750105,,711.8485570778637,False,False,False,,[]
974,974,975,True,1.0,1.0,974.0,975.0,974.0,975.0,975.0,0.0,60.76921844,62.30767822,350.20091215196794,0.5060425400733948,0.5060425400733948,0.0,1.0,0.5507255059159974,0.5504098641579832,0.9998582744298516,0.9798582792282104,0.9998576576549525,0.999994113150818,0.9999940954317438,0.9999928625854116,0.9999928429102856,-20.83357058527494,-81.81434367728002,,706.8569265791633,False,False,False,,[]
975,975,976,True,1.0,1.0,975.0,976.0,975.0,976.0,976.0,0.0,62.30767822,63.84614182,351.7720092421288,0.5060427188873291,0.5060427188873291,0.0,1.0,0.5504098641579832,0.5500856187230772,0.9998576576549525,0.9798576831817627,0.9998570273933046,0.9999940954317438,0.9999940772653791,0.9999928429102856,0.999992823323807,-21.399039568498484,-84.04441672764605,,701.7423490507033,False,False,False,,[]
976,976,977,True,1.0,1.0,976.0,977.0,976.0,977.0,977.0,0.0,63.84614182,65.38459778,353.3806139033603,0.5060428977012634,0.5060428977012634,0.0,1.0,0.5500856187230772,0.5497529964777494,0.9998570273933046,0.9798570275306702,0.9998563842169463,0.9999940772653791,0.999994059139227,0.999992823323807,0.9999928035729906,-21.949392626743922,-86.21568598894761,,696.9530642163542,False,False,False,,[]
977,977,978,True,1.0,1.0,977.0,978.0,977.0,978.0,978.0,0.0,65.38459778,66.92305756,355.0302324092223,0.5060430765151978,0.5060430765151978,0.0,1.0,0.5497529964777494,0.5494128894721007,0.9998563842169463,0.9798564314842224,0.9998557296847016,0.999994059139227,0.9999940417269784,0.9999928035729906,0.9999927838639924,-22.440793896094668,-88.15573586417256,,693.1536974437524,False,False,False,,[]
978,978,979,True,1.0,1.0,978.0,979.0,978.0,979.0,979.0,0.0,66.92305756,68.46151733,356.7185297547392,0.5060432553291321,0.5060432553291321,0.0,1.0,0.5494128894721007,0.5490652464823229,0.9998557296847016,0.9798557758331299,0.999855063896491,0.9999940417269784,0.9999940249836974,0.9999927838639924,0.9999927643256638,-22.935438359068606,-90.10906295039209,,689.4158165424526,False,False,False,,[]
979,979,980,True,1.0,1.0,979.0,980.0,979.0,980.0,980.0,0.0,68.46151733,70.0,358.4496066955706,0.5060434937477112,0.5060434937477112,0.0,1.0,0.5490652464823229,0.5487101200690528,0.999855063896491,0.9798550605773926,0.9998543871097273,0.9999940249836974,0.9999940089511378,0.9999927643256638,0.9999927450967964,-23.426484565312997,-92.04876631960518,,685.8397669683258,False,False,False,,[]
980,980,981,True,1.0,1.0,980.0,981.0,980.0,981.0,981.0,0.0,70.0,70.0,124.04654708333334,0.5060436725616455,0.5060436725616455,0.0,1.0,0.5487101200690528,0.5485731879946701,0.9998543871097273,0.9798544049263,0.9998540956376042,0.9999940089511378,0.9999939965877443,0.9999927450967964,0.9999927345340222,-9.038344216625996,-35.492793679984224,,841.0390350719289,False,False,False,,[]
981,981,982,True,1.0,1.0,981.0,982.0,981.0,982.0,982.0,0.0,70.0,70.0,124.04654708333334,0.5060437917709351,0.5060437917709351,0.0,1.0,0.5485731879946701,0.548436256658393,0.9998540956376042,0.9798541069030762,0.9998538041672627,0.9999939965877443,0.9999939842243495,0.9999927345340222,0.999992723971248,-9.038344329916727,-35.4926023630337,,841.0396822456695,False,False,False,,[]
982,982,983,True,1.0,1.0,982.0,983.0,982.0,983.0,983.0,0.0,70.0,70.0,124.04654708333334,0.5060438513755798,0.5060438513755798,0.0,1.0,0.548436256658393,0.548299326035494,0.9998538041672627,0.9798538088798523,0.9998535126986431,0.9999939842243495,0.9999939718609538,0.999992723971248,0.999992713408474,-9.038344386562047,-35.49241745542161,,841.0403081049952,False,False,False,,[]
983,983,984,True,1.0,1.0,983.0,984.0,983.0,984.0,984.0,0.0,70.0,70.0,124.04654708333334,0.5060439705848694,0.5060439705848694,0.0,1.0,0.548299326035494,0.5481623961002279,0.9998535126986431,0.9798535108566284,0.9998532212316832,0.9999939718609538,0.9999939594975567,0.999992713408474,0.9999927028457,-9.038344499852588,-35.49223922099769,,841.0409108775096,False,False,False,,[]
984,984,985,True,1.0,1.0,984.0,985.0,984.0,985.0,985.0,0.0,70.0,70.0,124.04654708333334,0.5060440301895142,0.5060440301895142,0.0,1.0,0.5481623961002279,0.5480254668292462,0.9998532212316832,0.9798532128334045,0.9998529297663268,0.9999939594975567,0.9999939471341587,0.9999927028457,0.999992692282926,-9.038344556497808,-35.49206703842669,,841.0414936329181,False,False,False,,[]
985,985,986,True,1.0,1.0,985.0,986.0,985.0,986.0,986.0,0.0,70.0,70.0,124.04654708333334,0.5060440897941589,0.5060440897941589,0.0,1.0,0.5480254668292462,0.5478885381990043,0.9998529297663268,0.9798529744148254,0.9998526383025169,0.9999939471341587,0.9999939347707599,0.999992692282926,0.999992681720152,-9.038344613143,-35.49190095872559,,841.042055705973,False,False,False,,[]
986,986,987,True,1.0,1.0,986.0,987.0,986.0,987.0,987.0,0.0,70.0,70.0,124.04654708333334,0.5060442090034485,0.5060442090034485,0.0,1.0,0.5478885381990043,0.547751610185742,0.9998526383025169,0.9798526763916016,0.9998523468401962,0.9999939347707599,0.9999939224073597,0.999992681720152,0.9999926711573781,-9.038344726433282,-35.491741037573426,,841.0425965203241,False,False,False,,[]
987,987,988,True,1.0,1.0,987.0,988.0,987.0,988.0,988.0,0.0,70.0,70.0,124.04654708333334,0.5060442686080933,0.5060442686080933,0.0,1.0,0.547751610185742,0.5476146827680429,0.9998523468401962,0.9798523783683777,0.999852055379313,0.9999939224073597,0.9999939100439588,0.9999926711573781,0.9999926605946042,-9.038344783078376,-35.491586667607436,,841.0431189272298,False,False,False,,[]
988,988,989,True,1.0,1.0,988.0,989.0,988.0,989.0,989.0,0.0,70.0,70.0,124.04654708333334,0.5060443878173828,0.5060443878173828,0.0,1.0,0.5476146827680429,0.5474777559233827,0.999852055379313,0.9798520803451538,0.999851763919813,0.9999939100439588,0.9999938976805562,0.9999926605946042,0.9999926500318305,-9.038344896368468,-35.49143813594649,,841.0436210906978,False,False,False,,[]
989,989,990,True,1.0,1.0,989.0,990.0,989.0,990.0,990.0,0.0,70.0,70.0,124.04654708333334,0.5060444474220276,0.5060444474220276,0.0,1.0,0.5474777559233827,0.5473408296315465,0.999851763919813,0.9798517823219299,0.9998514724616473,0.9999938976805562,0.9999938853171529,0.9999926500318305,0.9999926394690568,-9.038344953013466,-35.491294843919356,,841.0441060422344,False,False,False,,[]
990,990,991,True,1.0,1.0,990.0,991.0,990.0,991.0,991.0,0.0,70.0,70.0,124.04654708333334,0.5060445666313171,0.5060445666313171,0.0,1.0,0.5473408296315465,0.5472039038711796,0.9998514724616473,0.979851484298706,0.9998511810047644,0.9999938853171529,0.9999938729537481,0.9999926394690568,0.9999926289062832,-9.038345066303366,-35.49115708710265,,841.0445716244977,False,False,False,,[]
991,991,992,True,1.0,1.0,991.0,992.0,991.0,992.0,992.0,0.0,70.0,70.0,124.04654708333334,0.5060446262359619,0.5060446262359619,0.0,1.0,0.5472039038711796,0.5470669786232049,0.9998511810047644,0.9798511862754822,0.9998508895491184,0.9999938729537481,0.9999938605903425,0.9999926289062832,0.9999926183435096,-9.038345122948265,-35.49102427504911,,841.0450210822243,False,False,False,,[]
992,992,993,True,1.0,1.0,992.0,993.0,992.0,993.0,993.0,0.0,70.0,70.0,124.04654708333334,0.5060447454452515,0.5060447454452515,0.0,1.0,0.5470669786232049,0.5469300538673741,0.9998508895491184,0.9798508882522583,0.9998505980946601,0.9999938605903425,0.9999938482269354,0.9999926183435096,0.9999926077807361,-9.038345236237973,-35.490896711330095,,841.0454522046736,False,False,False,,[]
993,993,994,True,1.0,1.0,993.0,994.0,993.0,994.0,994.0,0.0,70.0,70.0,124.04654708333334,0.5060448050498962,0.5060448050498962,0.0,1.0,0.5469300538673741,0.546793129585687,0.9998505980946601,0.9798505902290344,0.9998503066413463,0.9999938482269354,0.9999938358635275,0.9999926077807361,0.9999925972179626,-9.038345292882775,-35.49077381328681,,841.0458680739556,False,False,False,,[]
994,994,995,True,1.0,1.0,994.0,995.0,994.0,995.0,995.0,0.0,70.0,70.0,124.04654708333334,0.506044864654541,0.506044864654541,0.0,1.0,0.546793129585687,0.5466562057598015,0.9998503066413463,0.9798503518104553,0.9998500151891327,0.9999938358635275,0.9999938235001189,0.9999925972179626,0.9999925866551892,-9.03834534952755,-35.4906556695354,,841.0462677650679,False,False,False,,[]
995,995,996,True,1.0,1.0,995.0,996.0,995.0,996.0,996.0,0.0,70.0,70.0,124.04654708333334,0.5060449838638306,0.5060449838638306,0.0,1.0,0.5466562057598015,0.5465192823710192,0.9998500151891327,0.9798500537872314,0.9998497237379742,0.9999938235001189,0.9999938111367087,0.9999925866551892,0.9999925760924159,-9.038345462817,-35.49054237234556,,841.0466505627676,False,False,False,,[]
996,996,997,True,1.0,1.0,996.0,997.0,996.0,997.0,997.0,0.0,70.0,70.0,124.04654708333334,0.5060451030731201,0.5060451030731201,0.0,1.0,0.5465192823710192,0.5463823594019896,0.9998497237379742,0.9798497557640076,0.9998494322878287,0.9999938111367087,0.9999937987732971,0.9999925760924159,0.9999925655296427,-9.038345576106323,-35.49043357247408,,841.0470181976342,False,False,False,,[]
997,997,998,True,1.0,1.0,997.0,998.0,997.0,998.0,998.0,0.0,70.0,70.0,124.04654708333334,0.5060451626777649,0.5060451626777649,0.0,1.0,0.5463823594019896,0.5462454368366959,0.9998494322878287,0.9798494577407837,0.9998491408386578,0.9999937987732971,0.9999937864098847,0.9999925655296427,0.9999925549668695,-9.038345632750934,-35.49032892412503,,841.0473721707045,False,False,False,,[]
998,998,999,True,1.0,1.0,998.0,999.0,998.0,999.0,999.0,0.0,70.0,70.0,124.04654708333334,0.5060452222824097,0.5060452222824097,0.0,1.0,0.5462454368366959,0.5461085146587258,0.9998491408386578,0.9798491597175598,0.9998488493904217,0.9999937864098847,0.9999937740464715,0.9999925549668695,0.9999925444040962,-9.038345689395515,-35.4902285298641,,841.0477117232377,False,False,False,,[]
999,999,1000,True,1.0,1.0,999.0,1000.0,999.0,1000.0,1000.0,0.0,70.0,70.0,124.04654708333334,0.5060453414916992,0.5060453414916992,0.0,1.0,0.5461085146587258,0.5459715928512585,0.9998488493904217,0.9798488616943359,0.9998485579430799,0.9999937740464715,0.9999937616830568,0.9999925444040962,0.9999925338413231,-9.03834580268458,-35.490132495516306,,841.048036040027,False,False,False,,[]
1000,1000,1001,True,1.0,1.0,1000.0,1001.0,1000.0,1001.0,1001.0,0.0,70.0,70.0,124.04654708333334,0.5060454607009888,0.5060454607009888,0.0,1.0,0.5459715928512585,0.5458346713987698,0.9998485579430799,0.9798485636711121,0.999848266496595,0.9999937616830568,0.9999937493196405,0.9999925338413231,0.9999925232785501,-9.038345915973517,-35.490040485063716,,841.0483467292358,False,False,False,,[]
1001,1001,1002,True,1.0,1.0,1001.0,1002.0,1001.0,1002.0,1002.0,0.0,70.0,70.0,124.04654708333334,0.5060455203056335,0.5060455203056335,0.0,1.0,0.5458346713987698,0.5456977502870201,0.999848266496595,0.9798482656478882,0.9998479750509324,0.9999937493196405,0.9999937369562235,0.9999925232785501,0.9999925127157772,-9.03834597261794,-35.48995216554141,,841.0486454533786,False,False,False,,[]
1002,1002,1003,True,1.0,1.0,1002.0,1003.0,1002.0,1003.0,1003.0,0.0,70.0,70.0,124.04654708333334,0.5060455799102783,0.5060455799102783,0.0,1.0,0.5456977502870201,0.5455608295013256,0.9998479750509324,0.9798479676246643,0.9998476836060568,0.9999937369562235,0.9999937245928058,0.9999925127157772,0.9999925021530042,-9.038346029262327,-35.48986765202064,,841.0489312152166,False,False,False,,[]
1003,1003,1004,True,1.0,1.0,1003.0,1004.0,1003.0,1004.0,1004.0,0.0,70.0,70.0,124.04654708333334,0.5060456991195679,0.5060456991195679,0.0,1.0,0.5455608295013256,0.5454239090265475,0.9998476836060568,0.9798477292060852,0.9998473921619317,0.9999937245928058,0.9999937122293865,0.9999925021530042,0.9999924915902313,-9.038346142551006,-35.48978706248359,,841.0492032136065,False,False,False,,[]
1004,1004,1005,True,1.0,1.0,1004.0,1005.0,1004.0,1005.0,1005.0,0.0,70.0,70.0,124.04654708333334,0.5060457587242126,0.5060457587242126,0.0,1.0,0.5454239090265475,0.5452869888496562,0.9998473921619317,0.9798474311828613,0.9998471007185257,0.9999937122293865,0.9999936998659664,0.9999924915902313,0.9999924810274585,-9.0383461991953,-35.489709850224926,,841.0494643149051,False,False,False,,[]
1005,1005,1006,True,1.0,1.0,1005.0,1006.0,1005.0,1006.0,1006.0,0.0,70.0,70.0,124.04654708333334,0.5060458779335022,0.5060458779335022,0.0,1.0,0.5452869888496562,0.5451500689562869,0.9998471007185257,0.9798471331596375,0.9998468092758039,0.9999936998659664,0.9999936875025448,0.9999924810274585,0.9999924704646858,-9.038346312483787,-35.489636361320215,,841.0497121766807,False,False,False,,[]
1006,1006,1007,True,1.0,1.0,1006.0,1007.0,1006.0,1007.0,1007.0,0.0,70.0,70.0,124.04654708333334,0.506045937538147,0.506045937538147,0.0,1.0,0.5451500689562869,0.545013149334163,0.9998468092758039,0.9798468351364136,0.9998465178337369,0.9999936875025448,0.9999936751391224,0.9999924704646858,0.9999924599019131,-9.038346369127982,-35.48956605452385,,841.0499498859754,False,False,False,,[]
1007,1007,1008,True,1.0,1.0,1007.0,1008.0,1007.0,1008.0,1008.0,0.0,70.0,70.0,124.04654708333334,0.5060460567474365,0.5060460567474365,0.0,1.0,0.545013149334163,0.5448762299696522,0.9998465178337369,0.9798465371131897,0.9998462263922916,0.9999936751391224,0.9999936627756986,0.9999924599019131,0.9999924493391404,-9.038346482416276,-35.48949928120149,,841.0501750702796,False,False,False,,[]
1008,1008,1009,True,1.0,1.0,1008.0,1009.0,1008.0,1009.0,1009.0,0.0,70.0,70.0,124.04654708333334,0.5060461163520813,0.5060461163520813,0.0,1.0,0.5448762299696522,0.5447393108511907,0.9998462263922916,0.9798462390899658,0.9998459349514401,0.9999936627756986,0.999993650412274,0.9999924493391404,0.9999924387763679,-9.038346539060376,-35.48943550525095,,841.0503906532924,False,False,False,,[]
1009,1009,1010,True,1.0,1.0,1009.0,1010.0,1009.0,1010.0,1010.0,0.0,70.0,70.0,124.04654708333334,0.5060462355613708,0.5060462355613708,0.0,1.0,0.5447393108511907,0.5446023919658394,0.9998459349514401,0.9798459410667419,0.9998456435111513,0.999993650412274,0.9999936380488478,0.9999924387763679,0.9999924282135954,-9.038346652348478,-35.48937508306212,,841.0505942488397,False,False,False,,[]
1010,1010,1011,True,1.0,1.0,1010.0,1011.0,1010.0,1011.0,1011.0,0.0,70.0,70.0,124.04654708333334,0.5060462951660156,0.5060462951660156,0.0,1.0,0.5446023919658394,0.544465473302709,0.9998456435111513,0.9798456430435181,0.999845352071399,0.9999936380488478,0.9999936256854208,0.9999924282135954,0.9999924176508229,-9.038346708992483,-35.48931748340575,,841.0507889165674,False,False,False,,[]
1011,1011,1012,True,1.0,1.0,1011.0,1012.0,1011.0,1012.0,1012.0,0.0,70.0,70.0,124.04654708333334,0.5060464143753052,0.5060464143753052,0.0,1.0,0.544465473302709,0.5443285548495168,0.999845352071399,0.9798453450202942,0.9998450606321534,0.9999936256854208,0.9999936133219924,0.9999924176508229,0.9999924070880506,-9.038346822280394,-35.48926306741633,,841.0509723200918,False,False,False,,[]
1012,1012,1013,True,1.0,1.0,1012.0,1013.0,1012.0,1013.0,1013.0,0.0,70.0,70.0,124.04654708333334,0.50604647397995,0.50604647397995,0.0,1.0,0.5443285548495168,0.5441916365960119,0.9998450606321534,0.9798451066017151,0.9998447691933897,0.9999936133219924,0.9999936009585633,0.9999924070880506,0.9999923965252783,-9.038346878924301,-35.48921130848542,,841.0511471139096,False,False,False,,[]
1013,1013,1014,True,1.0,1.0,1013.0,1014.0,1013.0,1014.0,1014.0,0.0,70.0,70.0,124.04654708333334,0.5060465335845947,0.5060465335845947,0.0,1.0,0.5441916365960119,0.544054718531391,0.9998447691933897,0.9798448085784912,0.9998444777550819,0.9999936009585633,0.9999935885951333,0.9999923965252783,0.999992385962506,-9.038346935568175,-35.48916234972551,,841.0513124203976,False,False,False,,[]
1014,1014,1015,True,1.0,1.0,1014.0,1015.0,1014.0,1015.0,1015.0,0.0,70.0,70.0,124.04654708333334,0.5060466527938843,0.5060466527938843,0.0,1.0,0.544054718531391,0.5439178006442906,0.9998444777550819,0.9798445105552673,0.9998441863172026,0.9999935885951333,0.9999935762317018,0.999992385962506,0.9999923753997337,-9.038347048855831,-35.48911633641278,,841.051467285676,False,False,False,,[]
1015,1015,1016,True,1.0,1.0,1015.0,1016.0,1015.0,1016.0,1016.0,0.0,70.0,70.0,124.04654708333334,0.506046712398529,0.506046712398529,0.0,1.0,0.5439178006442906,0.5437808829253539,0.9998441863172026,0.9798442125320435,0.9998438948797292,0.9999935762317018,0.9999935638682695,0.9999923753997337,0.9999923648369615,-9.038347105499607,-35.4890727484162,,841.0516144013153,False,False,False,,[]
1016,1016,1017,True,1.0,1.0,1016.0,1017.0,1016.0,1017.0,1017.0,0.0,70.0,70.0,124.04654708333334,0.5060468316078186,0.5060468316078186,0.0,1.0,0.5437808829253539,0.5436439653637889,0.9998438948797292,0.9798439145088196,0.9998436034426357,0.9999935638682695,0.9999935515048358,0.9999923648369615,0.9999923542741894,-9.038347218787068,-35.489031957633834,,841.0517516450146,False,False,False,,[]
1017,1017,1018,True,1.0,1.0,1017.0,1018.0,1017.0,1018.0,1018.0,0.0,70.0,70.0,124.04654708333334,0.5060468912124634,0.5060468912124634,0.0,1.0,0.5436439653637889,0.5435070479507953,0.9998436034426357,0.9798436164855957,0.9998433120059007,0.9999935515048358,0.9999935391414013,0.9999923542741894,0.9999923437114173,-9.038347275430752,-35.48899344795495,,841.051881556307,False,False,False,,[]
1018,1018,1019,True,1.0,1.0,1018.0,1019.0,1018.0,1019.0,1019.0,0.0,70.0,70.0,124.04654708333334,0.5060470104217529,0.5060470104217529,0.0,1.0,0.5435070479507953,0.5433701306761225,0.9998433120059007,0.9798433184623718,0.9998430205694996,0.9999935391414013,0.9999935267779653,0.9999923437114173,0.9999923331486453,-9.038347388718023,-35.48895759520164,,841.0520019942005,False,False,False,,[]
1019,1019,1020,True,1.0,1.0,1019.0,1020.0,1019.0,1020.0,1020.0,0.0,70.0,70.0,124.04654708333334,0.5060470700263977,0.5060470700263977,0.0,1.0,0.5433701306761225,0.5432332135314965,0.9998430205694996,0.979843020439148,0.9998427291334123,0.9999935267779653,0.9999935144145284,0.9999923331486453,0.9999923225858734,-9.038347445361607,-35.48892388707717,,841.0521157154554,False,False,False,,[]
1020,1020,1021,True,1.0,1.0,1020.0,1021.0,1020.0,1021.0,1021.0,0.0,70.0,70.0,124.04654708333334,0.5060471892356873,0.5060471892356873,0.0,1.0,0.5432332135314965,0.5430962965071789,0.9998427291334123,0.9798427224159241,0.9998424376976155,0.9999935144145284,0.99999350205109,0.9999923225858734,0.9999923120231016,-9.038347558648686,-35.48889270309389,,841.0522202629035,False,False,False,,[]
1021,1021,1022,True,1.0,1.0,1021.0,1022.0,1021.0,1022.0,1022.0,0.0,70.0,70.0,124.04654708333334,0.506047248840332,0.506047248840332,0.0,1.0,0.5430962965071789,0.5429593795953944,0.9998424376976155,0.979842483997345,0.9998421462620902,0.99999350205109,0.9999934896876509,0.9999923120231016,0.9999923014603298,-9.038347615292174,-35.48886353456279,,841.0523186033852,False,False,False,,[]
1022,1022,1023,True,1.0,1.0,1022.0,1023.0,1022.0,1023.0,1023.0,0.0,70.0,70.0,124.04654708333334,0.5060473680496216,0.5060473680496216,0.0,1.0,0.5429593795953944,0.5428224627868894,0.9998421462620902,0.9798421859741211,0.9998418548268143,0.9999934896876509,0.9999934773242103,0.9999923014603298,0.999992290897558,-9.038347728579058,-35.488836764516826,,841.0524082778472,False,False,False,,[]
1023,1023,1024,True,1.0,1.0,1023.0,1024.0,1023.0,1024.0,1024.0,0.0,70.0,70.0,124.04654708333334,0.5060474276542664,0.5060474276542664,0.0,1.0,0.5428224627868894,0.5426855460743598,0.9998418548268143,0.9798418879508972,0.99984156339177,0.9999934773242103,0.9999934649607689,0.999992290897558,0.9999922803347864,-9.038347785222454,-35.48881188766384,,841.0524920788665,False,False,False,,[]
1024,1024,1025,True,1.0,1.0,1024.0,1025.0,1024.0,1025.0,1025.0,0.0,70.0,70.0,124.04654708333334,0.5060475468635559,0.5060475468635559,0.0,1.0,0.5426855460743598,0.5425486294490112,0.99984156339177,0.9798415899276733,0.9998412719569362,0.9999934649607689,0.999993452597326,0.9999922803347864,0.9999922697720147,-9.038347898509143,-35.48878929035573,,841.0525675385152,False,False,False,,[]
1025,1025,1026,True,1.0,1.0,1025.0,1026.0,1025.0,1026.0,1026.0,0.0,70.0,70.0,124.04654708333334,0.5060476064682007,0.5060476064682007,0.0,1.0,0.5425486294490112,0.5424117129039859,0.9998412719569362,0.9798412919044495,0.9998409805222962,0.999993452597326,0.9999934402338823,0.9999922697720147,0.9999922592092432,-9.038347955152442,-35.488768470545914,,841.052637597644,False,False,False,,[]
1026,1026,1027,True,1.0,1.0,1026.0,1027.0,1026.0,1027.0,1027.0,0.0,70.0,70.0,124.04654708333334,0.5060477256774902,0.5060477256774902,0.0,1.0,0.5424117129039859,0.5422747964309238,0.9998409805222962,0.9798409938812256,0.9998406890878299,0.9999934402338823,0.9999934278704371,0.9999922592092432,0.9999922486464717,-9.038348068438939,-35.48874981771724,,841.052699842435,False,False,False,,[]
1027,1027,1028,True,1.0,1.0,1027.0,1028.0,1027.0,1028.0,1028.0,0.0,70.0,70.0,124.04654708333334,0.506047785282135,0.506047785282135,0.0,1.0,0.5422747964309238,0.5421378800233896,0.9998406890878299,0.9798406958580017,0.9998403976535217,0.9999934278704371,0.9999934155069912,0.9999922486464717,0.9999922380837003,-9.038348125082143,-35.4887328328716,,841.0527568362285,False,False,False,,[]
1028,1028,1029,True,1.0,1.0,1028.0,1029.0,1028.0,1029.0,1029.0,0.0,70.0,70.0,124.04654708333334,0.5060479044914246,0.5060479044914246,0.0,1.0,0.5421378800233896,0.5420009636734341,0.9998403976535217,0.9798403978347778,0.9998401062193526,0.9999934155069912,0.9999934031435437,0.9999922380837003,0.999992227520929,-9.038348238368448,-35.48871790847612,,841.0528063771696,False,False,False,,[]
1029,1029,1030,True,1.0,1.0,1029.0,1030.0,1029.0,1030.0,1030.0,0.0,70.0,70.0,124.04654708333334,0.5060479640960693,0.5060479640960693,0.0,1.0,0.5420009636734341,0.5418640473750219,0.9998401062193526,0.979840099811554,0.9998398147853078,0.9999934031435437,0.9999933907800954,0.999992227520929,0.9999922169581577,-9.038348295011554,-35.48870454843444,,841.0528510834166,False,False,False,,[]
1030,1030,1031,True,1.0,1.0,1030.0,1031.0,1030.0,1031.0,1031.0,0.0,70.0,70.85713959,255.62461697825154,0.5060480237007141,0.5060480237007141,0.0,1.0,0.5418640473750219,0.5416023944925016,0.9998398147853078,0.9798398613929749,0.999839287542062,0.9999933907800954,0.9999933781072594,0.9999922169581577,0.9999922001184784,-17.265877098347772,-67.82042714925934,,744.1086745408521,False,False,False,,[]
1031,1031,1032,True,1.0,1.0,1031.0,1032.0,1031.0,1032.0,1032.0,0.0,70.85713959,71.71427917,256.626017852912,0.5060482025146484,0.5060482025146484,0.0,1.0,0.5416023944925016,0.541336335811507,0.999839287542062,0.9798393249511719,0.9998387526884422,0.9999933781072594,0.9999933652668684,0.9999922001184784,0.9999921828046264,-17.555418461797775,-68.96241011380121,,740.9063272905056,False,False,False,,[]
1032,1032,1033,True,1.0,1.0,1032.0,1033.0,1032.0,1033.0,1033.0,0.0,71.71427917,72.57141876,257.6396091929359,0.5060483813285828,0.5060483813285828,0.0,1.0,0.541336335811507,0.5410657120164297,0.9998387526884422,0.9798387885093689,0.9998382100044131,0.9999933652668684,0.9999933521591436,0.9999921828046264,0.9999921650075427,-17.855413329671777,-70.14568768401692,,737.5735417751528,False,False,False,,[]
1033,1033,1034,True,1.0,1.0,1033.0,1034.0,1033.0,1034.0,1034.0,0.0,72.57141876,73.42855835,258.66538641672315,0.5060485005378723,0.5060485005378723,0.0,1.0,0.5410657120164297,0.5407907405165613,0.9998382100044131,0.9798382520675659,0.999837659915599,0.9999933521591436,0.9999933387845829,0.9999921650075427,0.9999921469700104,-18.141025047335884,-71.2726127659059,,734.5420360311464,False,False,False,,[]
1034,1034,1035,True,1.0,1.0,1034.0,1035.0,1034.0,1035.0,1035.0,0.0,73.42855835,74.28569794,259.7033510475974,0.5060486793518066,0.5060486793518066,0.0,1.0,0.5407907405165613,0.5405117297251502,0.999837659915599,0.9798376560211182,0.9998371029937936,0.9999933387845829,0.999993325138762,0.9999921469700104,0.999992129029419,-18.406260420071987,-72.31959713376656,,731.9093682722163,False,False,False,,[]
1035,1035,1036,True,1.0,1.0,1035.0,1036.0,1035.0,1036.0,1036.0,0.0,74.28569794,75.14283752,260.75350155048085,0.506048858165741,0.506048858165741,0.0,1.0,0.5405117297251502,0.5402286799714443,0.9998371029937936,0.9798371195793152,0.999836539284764,0.999993325138762,0.9999933112171806,0.999992129029419,0.9999921112275609,-18.671431371085298,-73.36649616055796,,729.3179489801125,False,False,False,,[]
1036,1036,1037,True,1.0,1.0,1036.0,1037.0,1036.0,1037.0,1037.0,0.0,75.14283752,75.99997711,261.81584251815696,0.5060490369796753,0.5060490369796753,0.0,1.0,0.5402286799714443,0.539941458151229,0.999836539284764,0.9798365831375122,0.9998359686127254,0.9999933112171806,0.999993297015256,0.9999921112275609,0.9999920934763207,-18.945331149038843,-74.44789579982894,,726.6162947298641,False,False,False,,[]
1037,1037,1038,True,1.0,1.0,1037.0,1038.0,1037.0,1038.0,1038.0,0.0,75.99997711,76.8571167,262.8903693701653,0.5060492157936096,0.5060492157936096,0.0,1.0,0.539941458151229,0.5396499042756182,0.9998359686127254,0.9798359870910645,0.9998353907626256,0.999993297015256,0.9999932825283242,0.9999920934763207,0.9999920756603586,-19.229727906806563,-75.57076455829625,,723.77660759508,False,False,False,,[]
1038,1038,1039,True,1.0,1.0,1038.0,1039.0,1038.0,1039.0,1039.0,0.0,76.8571167,77.71425629,263.9770836292585,0.506049394607544,0.506049394607544,0.0,1.0,0.5396499042756182,0.5393542366223765,0.9998353907626256,0.9798353910446167,0.9998348061455894,0.9999932825283242,0.999993267751638,0.9999920756603586,0.9999920580375898,-19.499693580894906,-76.63705572026042,,721.225546441994,False,False,False,,[]
1039,1039,1040,True,1.0,1.0,1039.0,1040.0,1039.0,1040.0,1040.0,0.0,77.71425629,78.5714035,265.077155028951,0.5060495138168335,0.5060495138168335,0.0,1.0,0.5393542366223765,0.5390543689002676,0.9998348061455894,0.9798348546028137,0.9998342146698095,0.999993267751638,0.9999932526802294,0.9999920580375898,0.999992040568569,-19.775299784893594,-77.72571357061646,,718.6201593195059,False,False,False,,[]
1040,1040,1041,True,1.0,1.0,1040.0,1041.0,1040.0,1041.0,1041.0,0.0,78.5714035,79.42854309,266.18708430052044,0.5060497522354126,0.5060497522354126,0.0,1.0,0.5390543689002676,0.5387500566755333,0.9998342146698095,0.979834258556366,0.9998336159917809,0.9999932526802294,0.999993237309452,0.999992040568569,0.9999920230514798,-20.066962417712684,-78.8777286511284,,715.7848262912332,False,False,False,,[]
1041,1041,1042,True,1.0,1.0,1041.0,1042.0,1041.0,1042.0,1042.0,0.0,79.42854309,80.28568268,267.31036088923446,0.5060498714447021,0.5060498714447021,0.0,1.0,0.5387500566755333,0.5384414997244272,0.9998336159917809,0.9798336625099182,0.9998330104891446,0.999993237309452,0.9999932216341729,0.9999920230514798,0.9999920057323869,-20.345413587112876,-79.97796172671293,,713.2150833110775,False,False,False,,[]
1042,1042,1043,True,1.0,1.0,1042.0,1043.0,1042.0,1043.0,1043.0,0.0,80.28568268,81.14282227,268.4458248850452,0.5060501098632812,0.5060501098632812,0.0,1.0,0.5384414997244272,0.5381286878156221,0.9998330104891446,0.9798330068588257,0.9998323981987781,0.9999932216341729,0.9999932056492943,0.9999920057323869,0.9999919886482076,-20.624490922295962,-81.08084676230247,,710.6764912396918,False,False,False,,[]
1043,1043,1044,True,1.0,1.0,1043.0,1044.0,1043.0,1044.0,1044.0,0.0,81.14282227,81.99996185,269.59347475285944,0.5060502886772156,0.5060502886772156,0.0,1.0,0.5381286878156221,0.5378115864540458,0.9998323981987781,0.9798324108123779,0.9998317791201653,0.9999932056492943,0.9999931893496415,0.9999919886482076,0.9999919718122602,-20.90579206294343,-82.19267292057181,,708.1426661806692,False,False,False,,[]
1044,1044,1045,True,1.0,1.0,1044.0,1045.0,1044.0,1045.0,1045.0,0.0,81.99996185,82.85710144,270.75331508432475,0.5060504674911499,0.5060504674911499,0.0,1.0,0.5378115864540458,0.5374901514812254,0.9998317791201653,0.9798318147659302,0.9998311532394861,0.9999931893496415,0.9999931727299464,0.9999919718122602,0.999991955228648,-21.18995235159015,-83.31594495504555,,705.6035906800565,False,False,False,,[]
1045,1045,1046,True,1.0,1.0,1045.0,1046.0,1045.0,1046.0,1046.0,0.0,82.85710144,83.71424103,271.92534130126575,0.5060506463050842,0.5060506463050842,0.0,1.0,0.5374901514812254,0.537164210916436,0.9998311532394861,0.9798311591148376,0.9998305203470707,0.9999931727299464,0.9999931557848505,0.999991955228648,0.9999919387704052,-21.485387597644234,-84.48379439342595,,702.9219046704329,False,False,False,,[]
1046,1046,1047,True,1.0,1.0,1046.0,1047.0,1046.0,1047.0,1047.0,0.0,83.71424103,84.57138062,273.1095549252917,0.5060508251190186,0.5060508251190186,0.0,1.0,0.537164210916436,0.5368337262059762,0.9998305203470707,0.9798305630683899,0.9998298804457073,0.9999931557848505,0.9999931385089037,0.9999919387704052,0.9999919224471079,-21.783307596639716,-85.66163695116947,,700.2437803535157,False,False,False,,[]
1047,1047,1048,True,1.0,1.0,1047.0,1048.0,1047.0,1048.0,1048.0,0.0,84.57138062,85.4285202,274.3059544213268,0.5060510039329529,0.5060510039329529,0.0,1.0,0.5368337262059762,0.5364992835236476,0.9998298804457073,0.9798299074172974,0.9998292344913342,0.9999931385089037,0.9999931211508465,0.9999919224471079,0.9999919066077269,-22.042579925003878,-86.68754325957516,,698.2091699210871,False,False,False,,[]
1048,1048,1049,True,1.0,1.0,1048.0,1049.0,1048.0,1049.0,1049.0,0.0,85.4285202,86.28565979,275.51454438044846,0.506051242351532,0.506051242351532,0.0,1.0,0.5364992835236476,0.5361603471638196,0.9998292344913342,0.9798292517662048,0.9998285817236593,0.9999931211508465,0.9999931034716585,0.9999919066077269,0.9999918910332254,-22.337076833728133,-87.85230446744755,,695.6682327000722,False,False,False,,[]
1049,1049,1050,True,1.0,1.0,1049.0,1050.0,1049.0,1050.0,1050.0,0.0,86.28565979,87.14279938,276.73532022560846,0.5060514211654663,0.5060514211654663,0.0,1.0,0.5361603471638196,0.5358166836096626,0.9998285817236593,0.9798285961151123,0.9998279218568836,0.9999931034716585,0.9999930854663198,0.9999918910332254,0.9999918755300723,-22.64689138000127,-89.07759323747197,,692.9244744381654,False,False,False,,[]
1050,1050,1051,True,1.0,1.0,1050.0,1051.0,1050.0,1051.0,1051.0,0.0,87.14279938,87.99993896,277.9682819427719,0.5060515999794006,0.5060515999794006,0.0,1.0,0.5358166836096626,0.5354684188466666,0.9998279218568836,0.9798279404640198,0.9998272551480135,0.9999930854663198,0.9999930671297254,0.9999918755300723,0.9999918602824364,-22.94835410901624,-90.27022656855736,,690.3598725349934,False,False,False,,[]
1051,1051,1052,True,1.0,1.0,1051.0,1052.0,1051.0,1052.0,1052.0,0.0,87.99993896,88.85707855,279.21343412259716,0.5060518383979797,0.5060518383979797,0.0,1.0,0.5354684188466666,0.5351158718920682,0.9998272551480135,0.9798272848129272,0.9998265821320456,0.9999930671297254,0.9999930484566831,0.9999918602824364,0.9999918456835266,-23.228763976649898,-91.38017063191323,,688.1741725370138,False,False,False,,[]
1052,1052,1053,True,1.0,1.0,1052.0,1053.0,1052.0,1053.0,1053.0,0.0,88.85707855,89.71421814,280.47077218888734,0.5060520172119141,0.5060520172119141,0.0,1.0,0.5351158718920682,0.5347588698502167,0.9998265821320456,0.9798266291618347,0.999825902616866,0.9999930484566831,0.9999930296897502,0.9999918456835266,0.9999918312943671,-23.52050207836042,-92.53492924792059,,685.8194776139047,False,False,False,,[]
1053,1053,1054,True,1.0,1.0,1053.0,1054.0,1053.0,1054.0,1054.0,0.0,89.71421814,90.57135773,281.74029766226454,0.5060522556304932,0.5060522556304932,0.0,1.0,0.5347588698502167,0.5343967698208668,0.999825902616866,0.9798259139060974,0.9998252157435082,0.9999930296897502,0.9999930103279205,0.9999918312943671,0.999991817105941,-23.854491047583505,-93.85632760750326,,682.9026214401903,False,False,False,,[]
1054,1054,1055,True,1.0,1.0,1054.0,1055.0,1054.0,1055.0,1055.0,0.0,90.57135773,91.42849731,283.0220090076509,0.5060524344444275,0.5060524344444275,0.0,1.0,0.5343967698208668,0.5340300139173421,0.9998252157435082,0.9798252582550049,0.9998245222243239,0.9999930103279205,0.9999929911000973,0.999991817105941,0.9999918027174461,-24.15932182981689,-95.06313019360755,,680.3997925679125,False,False,False,,[]
1055,1055,1056,True,1.0,1.0,1055.0,1056.0,1055.0,1056.0,1056.0,0.0,91.42849731,92.2856369,284.3159108151285,0.5060526132583618,0.5060526132583618,0.0,1.0,0.5340300139173421,0.5336574034316369,0.9998245222243239,0.9798245429992676,0.9998238204498,0.9999929911000973,0.999992971027724,0.9999918027174461,0.9999917881270296,-24.542957200126104,-96.58063789478247,,676.8415224114591,False,False,False,,[]
1056,1056,1057,True,1.0,1.0,1056.0,1057.0,1056.0,1057.0,1057.0,0.0,92.2856369,93.14277649,285.62199850963975,0.5060528516769409,0.5060528516769409,0.0,1.0,0.5336574034316369,0.5332800009945765,0.9998238204498,0.9798238277435303,0.9998231120032662,0.999992971027724,0.9999929510504906,0.9999917881270296,0.9999917733328229,-24.8566016972086,-97.82271168606738,,674.3004078238399,False,False,False,,[]
1057,1057,1058,True,1.0,1.0,1057.0,1058.0,1057.0,1058.0,1058.0,0.0,93.14277649,93.99992371,286.941444879822,0.50605309009552,0.50605309009552,0.0,1.0,0.5332800009945765,0.5328966678008689,0.9998231120032662,0.979823112487793,0.9998223954060566,0.9999929510504906,0.9999929302449504,0.9999917733328229,0.9999917583328763,-25.245091353084653,-99.35996380902672,,670.7815081408821,False,False,False,,[]
1058,1058,1059,True,1.0,1.0,1058.0,1059.0,1058.0,1059.0,1059.0,0.0,93.99992371,94.85706329,288.27074648246906,0.5060532689094543,0.5060532689094543,0.0,1.0,0.5328966678008689,0.5325081808316467,0.9998223954060566,0.9798223972320557,0.999821671822936,0.9999929302449504,0.9999929093052459,0.9999917583328763,0.9999917431254048,-25.58238863921161,-100.69582242237168,,668.0060377858829,False,False,False,,[]
1059,1059,1060,True,1.0,1.0,1059.0,1060.0,1059.0,1060.0,1060.0,0.0,94.85706329,95.71420288,289.6133980260875,0.5060535073280334,0.5060535073280334,0.0,1.0,0.5325081808316467,0.5321144014701129,0.999821671822936,0.9798216819763184,0.99982094116073,0.9999929093052459,0.9999928881555095,0.9999917431254048,0.9999917277084273,-25.928730510053086,-102.06761050956321,,665.1535327823082,False,False,False,,[]
1060,1060,1061,True,1.0,1.0,1060.0,1061.0,1060.0,1061.0,1061.0,0.0,95.71420288,96.57134247,290.9682354573084,0.5060536861419678,0.5060536861419678,0.0,1.0,0.5321144014701129,0.5317145837069304,0.99982094116073,0.979820966720581,0.9998202025399083,0.9999928881555095,0.9999928662069764,0.9999917277084273,0.9999917120800016,-26.32405265919971,-103.63276421692777,,661.7009083298996,False,False,False,,[]
1061,1061,1062,True,1.0,1.0,1061.0,1062.0,1061.0,1062.0,1062.0,0.0,96.57134247,97.42848206,292.3352602956143,0.5060539245605469,0.5060539245605469,0.0,1.0,0.5317145837069304,0.5313096081885522,0.9998202025399083,0.979820191860199,0.9998194572219665,0.9999928662069764,0.9999928442420855,0.9999917120800016,0.9999916962381717,-26.66137802886624,-104.96965436360945,,659.0593496433496,False,False,False,,[]
1062,1062,1063,True,1.0,1.0,1062.0,1063.0,1062.0,1063.0,1063.0,0.0,97.42848206,98.28562164,293.71447100593537,0.506054162979126,0.506054162979126,0.0,1.0,0.5313096081885522,0.5308985232477798,0.9998194572219665,0.9798194766044617,0.9998187040925279,0.9999928442420855,0.9999928215012823,0.9999916962381717,0.9999916801809626,-27.061196890589642,-106.55321664822007,,655.653481658543,False,False,False,,[]
1063,1063,1064,True,1.0,1.0,1063.0,1064.0,1063.0,1064.0,1064.0,0.0,98.28562164,99.14276123,295.1058721772041,0.5060544013977051,0.5060544013977051,0.0,1.0,0.5308985232477798,0.5304817200508819,0.9998187040925279,0.9798187017440796,0.9998179437720567,0.9999928215012823,0.9999927983550158,0.9999916801809626,0.9999916639063813,-27.43520496007437,-108.03538863592347,,652.6324191229285,False,False,False,,[]
1064,1064,1065,True,1.0,1.0,1064.0,1065.0,1064.0,1065.0,1065.0,0.0,99.14276123,100.0,296.52468419314533,0.5060545802116394,0.5060545802116394,0.0,1.0,0.5304817200508819,0.5300591181905714,0.9998179437720567,0.9798179864883423,0.9998171762793822,0.9999927983550158,0.9999927747946423,0.9999916639063813,0.9999916474115603,-27.81441085988901,-109.53840219247839,,649.6010738773618,False,False,False,,[]
1065,1065,1066,True,1.0,1.0,1065.0,1066.0,1065.0,1066.0,1066.0,0.0,100.0,100.0,166.34732833333337,0.5060548186302185,0.5060548186302185,0.0,1.0,0.5300591181905714,0.529808225611652,0.9998171762793822,0.9798172116279602,0.9998166678395685,0.9999927747946423,0.9999927563192239,0.9999916474115603,0.999991631619246,-16.520802226449813,-65.03135645590328,,748.5005888087162,False,False,False,,[]
1066,1066,1067,True,1.0,1.0,1066.0,1067.0,1066.0,1067.0,1067.0,0.0,100.0,100.0,166.34732833333337,0.5060549974441528,0.5060549974441528,0.0,1.0,0.529808225611652,0.529557334348886,0.9998166678395685,0.9798166751861572,0.9998161594020734,0.9999927563192239,0.9999927378438018,0.999991631619246,0.9999916158269422,-16.520801791844193,-65.03101530895603,,748.5014599449529,False,False,False,,[]
1067,1067,1068,True,1.0,1.0,1067.0,1068.0,1067.0,1068.0,1068.0,0.0,100.0,100.0,166.34732833333337,0.5060551166534424,0.5060551166534424,0.0,1.0,0.529557334348886,0.5293064443430074,0.9998161594020734,0.979816198348999,0.9998156509667924,0.9999927378438018,0.9999927193683773,0.9999916158269422,0.9999916000346453,-16.52080150210716,-65.0306895237135,,748.5022906576223,False,False,False,,[]
1068,1068,1069,True,1.0,1.0,1068.0,1069.0,1068.0,1069.0,1069.0,0.0,100.0,100.0,166.34732833333337,0.5060552954673767,0.5060552954673767,0.0,1.0,0.5293064443430074,0.5290555555407186,0.9998156509667924,0.979815661907196,0.9998151425336316,0.9999927193683773,0.999992700892949,0.9999916000346453,0.9999915842423589,-16.52080106750171,-65.03037755326002,,748.5030875556853,False,False,False,,[]
1069,1069,1070,True,1.0,1.0,1069.0,1070.0,1069.0,1070.0,1070.0,0.0,100.0,100.0,166.34732833333337,0.506055474281311,0.506055474281311,0.0,1.0,0.5290555555407186,0.5288046678880425,0.9998151425336316,0.9798151850700378,0.999814634102496,0.999992700892949,0.999992682417517,0.9999915842423589,0.999991568450083,-16.520800632896353,-65.0300795736543,,748.5038488962367,False,False,False,,[]
1070,1070,1071,True,1.0,1.0,1070.0,1071.0,1070.0,1071.0,1071.0,0.0,100.0,100.0,166.34732833333337,0.5060555934906006,0.5060555934906006,0.0,1.0,0.5288046678880425,0.5285537813302812,0.999814634102496,0.9798146486282349,0.9998141256732893,0.999992682417517,0.9999926639420826,0.999991568450083,0.999991552657814,-16.52080034315951,-65.02979577171408,,748.5045729440177,False,False,False,,[]
1071,1071,1072,True,1.0,1.0,1071.0,1072.0,1071.0,1072.0,1072.0,0.0,100.0,100.0,166.34732833333337,0.5060557723045349,0.5060557723045349,0.0,1.0,0.5285537813302812,0.528302895818581,0.9998141256732893,0.9798141717910767,0.9998136172459253,0.9999926639420826,0.9999926454666445,0.999991552657814,0.9999915368655555,-16.520799908554324,-65.029524632686,,748.5052659836382,False,False,False,,[]
1072,1072,1073,True,1.0,1.0,1072.0,1073.0,1072.0,1073.0,1073.0,0.0,100.0,100.0,166.34732833333337,0.5060558915138245,0.5060558915138245,0.0,1.0,0.528302895818581,0.5280520113010866,0.9998136172459253,0.9798136353492737,0.9998131088203127,0.9999926454666445,0.9999926269912038,0.9999915368655555,0.999991521073304,-16.520799618817588,-65.02926693457312,,748.5059236709612,False,False,False,,[]
1073,1073,1074,True,1.0,1.0,1073.0,1074.0,1073.0,1074.0,1074.0,0.0,100.0,100.0,166.34732833333337,0.5060560703277588,0.5060560703277588,0.0,1.0,0.5280520113010866,0.5278011277317092,0.9998131088203127,0.9798130989074707,0.9998126003963703,0.9999926269912038,0.9999926085157596,0.999991521073304,0.9999915052810631,-16.520799184212574,-65.02902118262271,,748.5065522969929,False,False,False,,[]
1074,1074,1075,True,1.0,1.0,1074.0,1075.0,1074.0,1075.0,1075.0,0.0,100.0,100.0,166.34732833333337,0.5060561895370483,0.5060561895370483,0.0,1.0,0.5278011277317092,0.5275502450612837,0.9998126003963703,0.9798126220703125,0.9998120919740116,0.9999926085157596,0.9999925900403128,0.9999915052810631,0.999991489488829,-16.520798894475956,-65.02878817429296,,748.5071471585176,False,False,False,,[]
1075,1075,1076,True,1.0,1.0,1075.0,1076.0,1075.0,1076.0,1076.0,0.0,100.0,100.0,166.34732833333337,0.5060563683509827,0.5060563683509827,0.0,1.0,0.5275502450612837,0.5272993632463385,0.9998120919740116,0.9798120856285095,0.9998115835531598,0.9999925900403128,0.9999925715648623,0.999991489488829,0.9999914736966055,-16.520798459871106,-65.02856643377281,,748.5077146797604,False,False,False,,[]
1076,1076,1077,True,1.0,1.0,1076.0,1077.0,1076.0,1077.0,1077.0,0.0,100.0,100.0,166.34732833333337,0.506056547164917,0.506056547164917,0.0,1.0,0.5272993632463385,0.5270484822424564,0.9998115835531598,0.9798116087913513,0.9998110751337369,0.9999925715648623,0.9999925530894082,0.9999914736966055,0.9999914579043924,-16.520798025266362,-65.02835620624538,,748.5082529373773,False,False,False,,[]
1077,1077,1078,True,1.0,1.0,1077.0,1078.0,1077.0,1078.0,1078.0,0.0,100.0,100.0,166.34732833333337,0.5060566663742065,0.5060566663742065,0.0,1.0,0.5270484822424564,0.5267976020042396,0.9998110751337369,0.9798110723495483,0.9998105667156628,0.9999925530894082,0.9999925346139515,0.9999914579043924,0.9999914421121863,-16.520797735529918,-65.02815774579157,,748.5087600322787,False,False,False,,[]
1078,1078,1079,True,1.0,1.0,1078.0,1079.0,1078.0,1079.0,1079.0,0.0,100.0,100.0,166.34732833333337,0.5060568451881409,0.5060568451881409,0.0,1.0,0.5267976020042396,0.5265467224918818,0.9998105667156628,0.9798105955123901,0.9998100582988674,0.9999925346139515,0.9999925161384912,0.9999914421121863,0.9999914263199906,-16.520797300925345,-65.02796960312884,,748.5092420763094,False,False,False,,[]
1079,1079,1080,True,1.0,1.0,1079.0,1080.0,1079.0,1080.0,1080.0,0.0,100.0,100.0,166.34732833333337,0.5060569643974304,0.5060569643974304,0.0,1.0,0.5265467224918818,0.5262958436623297,0.9998100582988674,0.9798100590705872,0.9998095498832749,0.9999925161384912,0.9999924976630283,0.9999914263199906,0.9999914105278019,-16.520797011189014,-65.02779261990192,,748.5096945756437,False,False,False,,[]
1080,1080,1081,True,1.0,1.0,1080.0,1081.0,1080.0,1081.0,1081.0,0.0,100.0,100.0,166.34732833333337,0.5060571432113647,0.5060571432113647,0.0,1.0,0.5262958436623297,0.5260449654780576,0.9998095498832749,0.979809582233429,0.9998090414688191,0.9999924976630283,0.9999924791875618,0.9999914105278019,0.9999913947356238,-16.520796576584605,-65.02762536333576,,748.5101236500601,False,False,False,,[]
1081,1081,1082,True,1.0,1.0,1081.0,1082.0,1081.0,1082.0,1082.0,0.0,100.0,100.0,166.34732833333337,0.5060572624206543,0.5060572624206543,0.0,1.0,0.5260449654780576,0.5257940878982307,0.9998090414688191,0.979809045791626,0.999808533055428,0.9999924791875618,0.9999924607120928,0.9999913947356238,0.9999913789434526,-16.52079628684839,-65.0274686911242,,748.5105243790315,False,False,False,,[]
1082,1082,1083,True,1.0,1.0,1082.0,1083.0,1082.0,1083.0,1083.0,0.0,100.0,100.0,166.34732833333337,0.5060574412345886,0.5060574412345886,0.0,1.0,0.5257940878982307,0.5255432108874818,0.999808533055428,0.9798085689544678,0.9998080246430395,0.9999924607120928,0.9999924422366201,0.9999913789434526,0.9999913631512919,-16.52079585224415,-65.02732118610125,,748.5109032405884,False,False,False,,[]
1083,1083,1084,True,1.0,1.0,1083.0,1084.0,1083.0,1084.0,1084.0,0.0,100.0,100.0,166.34732833333337,0.506057620048523,0.506057620048523,0.0,1.0,0.5255432108874818,0.5252923344092777,0.9998080246430395,0.9798080325126648,0.9998075162315891,0.9999924422366201,0.9999924237611437,0.9999913631512919,0.9999913473591416,-16.520795417640013,-65.02718315049506,,748.5112579641535,False,False,False,,[]
1084,1084,1085,True,1.0,1.0,1084.0,1085.0,1084.0,1085.0,1085.0,0.0,100.0,100.0,166.34732833333337,0.5060577392578125,0.5060577392578125,0.0,1.0,0.5252923344092777,0.5250414584258909,0.9998075162315891,0.9798075556755066,0.9998070078210105,0.9999924237611437,0.9999924052856648,0.9999913473591416,0.9999913315669984,-16.520795127903977,-65.02705489385936,,748.511586524534,False,False,False,,[]
1085,1085,1086,True,1.0,1.0,1085.0,1086.0,1085.0,1086.0,1086.0,0.0,100.0,100.0,166.34732833333337,0.5060579180717468,0.5060579180717468,0.0,1.0,0.5250414584258909,0.5247905829049768,0.9998070078210105,0.9798070192337036,0.9998064994112466,0.9999924052856648,0.9999923868101822,0.9999913315669984,0.9999913157748656,-16.520794693300004,-65.02693502092656,,748.5118950725523,False,False,False,,[]
1086,1086,1087,True,1.0,1.0,1086.0,1087.0,1086.0,1087.0,1087.0,0.0,100.0,100.0,166.34732833333337,0.5060580372810364,0.5060580372810364,0.0,1.0,0.5247905829049768,0.5245397078107413,0.9998064994112466,0.9798065423965454,0.9998059910022343,0.9999923868101822,0.9999923683346972,0.9999913157748656,0.9999912999827397,-16.520794403564086,-65.02682442584366,,748.512178795488,False,False,False,,[]
1087,1087,1088,True,1.0,1.0,1087.0,1088.0,1087.0,1088.0,1088.0,0.0,100.0,100.0,166.34732833333337,0.5060582160949707,0.5060582160949707,0.0,1.0,0.5245397078107413,0.5242888331127207,0.9998059910022343,0.9798060059547424,0.99980548259392,0.9999923683346972,0.9999923498592084,0.9999912999827397,0.9999912841906243,-16.520793968960287,-65.02672172695799,,748.5124436157148,False,False,False,,[]
1088,1088,1089,True,1.0,1.0,1088.0,1089.0,1088.0,1089.0,1089.0,0.0,100.0,100.0,166.34732833333337,0.5060583353042603,0.5060583353042603,0.0,1.0,0.5242888331127207,0.5240379587769504,0.99980548259392,0.9798055291175842,0.9998049741862438,0.9999923498592084,0.9999923313837171,0.9999912841906243,0.9999912683985159,-16.52079367922447,-65.02662783165556,,748.5126848784473,False,False,False,,[]
1089,1089,1090,True,1.0,1.0,1089.0,1090.0,1089.0,1090.0,1090.0,0.0,100.0,100.0,166.34732833333337,0.5060585141181946,0.5060585141181946,0.0,1.0,0.5240379587769504,0.5237870847747468,0.9998049741862438,0.9798049926757812,0.9998044657791553,0.9999923313837171,0.9999923129082222,0.9999912683985159,0.9999912526064181,-16.520793244620844,-65.02654137116518,,748.5129085467585,False,False,False,,[]
1090,1090,1091,True,1.0,1.0,1090.0,1091.0,1090.0,1091.0,1091.0,0.0,100.0,100.0,166.34732833333337,0.5060586929321289,0.5060586929321289,0.0,1.0,0.5237870847747468,0.5235362110760787,0.9998044657791553,0.9798044562339783,0.9998039573726015,0.9999923129082222,0.9999922944327235,0.9999912526064181,0.9999912368143307,-16.520792810017312,-65.02646269475298,,748.5131123043134,False,False,False,,[]
1091,1091,1092,True,1.0,1.0,1091.0,1092.0,1091.0,1092.0,1092.0,0.0,100.0,100.0,166.34732833333337,0.5060588121414185,0.5060588121414185,0.0,1.0,0.5235362110760787,0.5232853376495442,0.9998039573726015,0.9798039793968201,0.9998034489665272,0.9999922944327235,0.9999922759572224,0.9999912368143307,0.9999912210222502,-16.52079252028168,-65.02639215775451,,748.5132941825506,False,False,False,,[]
1092,1092,1093,True,1.0,1.0,1092.0,1093.0,1092.0,1093.0,1093.0,0.0,100.0,100.0,166.34732833333337,0.5060589909553528,0.5060589909553528,0.0,1.0,0.5232853376495442,0.5230344644689522,0.9998034489665272,0.9798034429550171,0.999802940560886,0.9999922759572224,0.9999922574817176,0.9999912210222502,0.9999912052301803,-16.52079208567832,-65.02632840945097,,748.5134600431747,False,False,False,,[]
1093,1093,1094,True,1.0,1.0,1093.0,1094.0,1093.0,1094.0,1094.0,0.0,100.0,100.0,166.34732833333337,0.5060591101646423,0.5060591101646423,0.0,1.0,0.5230344644689522,0.5227835915044949,0.999802940560886,0.9798029661178589,0.9998024321556257,0.9999922574817176,0.9999922390062104,0.9999912052301803,0.9999911894381173,-16.520791795942802,-65.02627238731407,,748.513605023402,False,False,False,,[]
1094,1094,1095,True,1.0,1.0,1094.0,1095.0,1094.0,1095.0,1095.0,0.0,100.0,100.0,166.34732833333337,0.5060592889785767,0.5060592889785767,0.0,1.0,0.5227835915044949,0.5225327187315325,0.9998024321556257,0.9798024296760559,0.9998019237507026,0.9999922390062104,0.9999922205306994,0.9999911894381173,0.9999911736460647,-16.520791361339608,-65.02622275186076,,748.513734942091,False,False,False,,[]
1095,1095,1096,True,1.0,1.0,1095.0,1096.0,1095.0,1096.0,1096.0,0.0,100.0,101.0,319.8556616666652,0.5060594081878662,0.5060594081878662,0.0,1.0,0.5225327187315325,0.5220727956400754,0.9998019237507026,0.9798019528388977,0.9998011130622463,0.9999922205306994,0.9999921945501402,0.9999911736460647,0.9999911563629736,-30.267431894980604,-119.21206530568116,,631.2112818216218,False,False,False,,[]
1096,1096,1097,True,1.0,1.0,1096.0,1097.0,1096.0,1097.0,1097.0,0.0,101.0,102.0,321.52281010416715,0.5060596466064453,0.5060596466064453,0.0,1.0,0.5220727956400754,0.5216062834793309,0.9998011130622463,0.9798011183738708,0.9998002952944256,0.9999921945501402,0.999992168501782,0.9999911563629736,0.999991138891448,-30.697618865500598,-120.9199520649685,,628.2161420434713,False,False,False,,[]
1097,1097,1098,True,1.0,1.0,1097.0,1098.0,1097.0,1098.0,1098.0,0.0,102.0,103.0,323.2065470833338,0.5060598850250244,0.5060598850250244,0.0,1.0,0.5216062834793309,0.5211332668345363,0.9998002952944256,0.9798003435134888,0.9997994707031166,0.999992168501782,0.9999921423947803,0.999991138891448,0.9999911213846229,-31.12213333324114,-122.60591433076229,,625.3558265006175,False,False,False,,[]
1098,1098,1099,True,1.0,1.0,1098.0,1099.0,1098.0,1099.0,1099.0,0.0,103.0,104.0,324.9068726041671,0.5060601234436035,0.5060601234436035,0.0,1.0,0.5211332668345363,0.5206535884893311,0.9997994707031166,0.9797995090484619,0.9997986392949153,0.9999921423947803,0.9999921162385531,0.9999911213846229,0.9999911037345407,-31.556861701482042,-124.332627077189,,622.4225967735447,False,False,False,,[]
1099,1099,1100,True,1.0,1.0,1099.0,1100.0,1099.0,1100.0,1100.0,0.0,104.0,105.0,326.6237866666652,0.5060604214668274,0.5060604214668274,0.0,1.0,0.5206535884893311,0.5201671848916416,0.9997986392949153,0.9797986745834351,0.9997978011824936,0.9999921162385531,0.9999920900427907,0.9999911037345407,0.9999910859350395,-31.995645473163258,-126.07581252109962,,619.498042927637,False,False,False,,[]
1100,1100,1101,True,1.0,1.0,1100.0,1101.0,1100.0,1101.0,1101.0,0.0,105.0,106.0,328.3572892708338,0.5060606598854065,0.5060606598854065,0.0,1.0,0.5201671848916416,0.5196739968222285,0.9997978011824936,0.9797978401184082,0.9997969564894126,0.9999920900427907,0.9999920638174464,0.9999910859350395,0.9999910679851558,-32.438197109689426,-127.83434759188503,,616.5864446476621,False,False,False,,[]
1101,1101,1102,True,1.0,1.0,1101.0,1102.0,1101.0,1102.0,1102.0,0.0,106.0,107.0,330.1073804166671,0.5060608983039856,0.5060608983039856,0.0,1.0,0.5196739968222285,0.5191741190491774,0.9997969564894126,0.9797969460487366,0.9997961054888066,0.9999920638174464,0.9999920375727561,0.9999910679851558,0.9999910500517923,-32.874402830603216,-129.56831877483597,,613.814802942847,False,False,False,,[]
1102,1102,1103,True,1.0,1.0,1102.0,1103.0,1102.0,1103.0,1103.0,0.0,107.0,108.0,331.87406010416714,0.5060611963272095,0.5060611963272095,0.0,1.0,0.5191741190491774,0.5186673628140166,0.9997961054888066,0.9797961115837097,0.9997952481920248,0.9999920375727561,0.9999920113192439,0.9999910500517923,0.9999910319942732,-33.322880187429284,-131.3512161536736,,610.9493319950896,False,False,False,,[]
1103,1103,1104,True,1.0,1.0,1103.0,1104.0,1103.0,1104.0,1104.0,0.0,108.0,109.0,333.6573283333338,0.5060614347457886,0.5060614347457886,0.0,1.0,0.5186673628140166,0.5181527782639727,0.9997952481920248,0.9797952771186829,0.9997943839653529,0.9999920113192439,0.9999919842286346,0.9999910319942732,0.9999910139161052,-33.83358081332985,-133.38031537139912,,607.4684622644768,False,False,False,,[]
1104,1104,1105,True,1.0,1.0,1104.0,1105.0,1104.0,1105.0,1105.0,0.0,109.0,110.0,335.45718510416515,0.5060616731643677,0.5060616731643677,0.0,1.0,0.5181527782639727,0.5176311304690936,0.9997943839653529,0.9797943830490112,0.9997935137034265,0.9999919842286346,0.9999919570592127,0.9999910139161052,0.9999909957574893,-34.29390795649757,-135.21110843264012,,604.5941810899268,False,False,False,,[]
1105,1105,1106,True,1.0,1.0,1105.0,1106.0,1105.0,1106.0,1106.0,0.0,110.0,111.0,337.2736304166671,0.5060619115829468,0.5060619115829468,0.0,1.0,0.5176311304690936,0.5171025142214571,0.9997935137034265,0.9797935485839844,0.9997926376911624,0.9999919570592127,0.9999919298191841,0.9999909957574893,0.9999909776918638,-34.747880091812874,-137.01733138737202,,601.85740604618,False,False,False,,[]
1106,1106,1107,True,1.0,1.0,1106.0,1107.0,1106.0,1107.0,1107.0,0.0,111.0,112.0,339.1066642708338,0.5060622096061707,0.5060622096061707,0.0,1.0,0.5171025142214571,0.5165667475960769,0.9997926376911624,0.9797926545143127,0.9997917559908104,0.9999919298191841,0.9999919025169935,0.9999909776918638,0.9999909595907748,-35.21365745812724,-138.87070929857168,,599.039162688457,False,False,False,,[]
1107,1107,1108,True,1.0,1.0,1107.0,1108.0,1107.0,1108.0,1108.0,0.0,112.0,113.0,340.95628666666715,0.5060624480247498,0.5060624480247498,0.0,1.0,0.5165667475960769,0.5160220758719677,0.9997917559908104,0.9797917604446411,0.9997908675100483,0.9999919025169935,0.9999918736990735,0.9999909595907748,0.9999909414820567,-35.7944137984258,-141.17891088909758,,595.0799603728481,False,False,False,,[]
1108,1108,1109,True,1.0,1.0,1108.0,1109.0,1108.0,1109.0,1109.0,0.0,113.0,114.0,342.8224976041652,0.5060627460479736,0.5060627460479736,0.0,1.0,0.5160220758719677,0.5154703046239217,0.9997908675100483,0.9797908663749695,0.9997899738670809,0.9999918736990735,0.9999918448411405,0.9999909414820567,0.9999909235263289,-36.25653362202141,-143.01910749352484,,592.4348888395149,False,False,False,,[]
1109,1109,1110,True,1.0,1.0,1109.0,1110.0,1109.0,1110.0,1110.0,0.0,114.0,115.0,344.7052970833338,0.5060629844665527,0.5060629844665527,0.0,1.0,0.5154703046239217,0.514909497366578,0.9997899738670809,0.9797899723052979,0.9997890660041368,0.9999918448411405,0.9999918146015414,0.9999909235263289,0.9999909054187534,-36.84551928793223,-145.36124110351477,,588.2558047440773,False,False,False,,[]
1110,1110,1111,True,1.0,1.0,1110.0,1111.0,1110.0,1111.0,1111.0,0.0,115.0,116.0,346.6046851041671,0.5060632824897766,0.5060632824897766,0.0,1.0,0.514909497366578,0.5143403715694492,0.9997890660041368,0.9797890782356262,0.9997881396979355,0.9999918146015414,0.9999917834092824,0.9999909054187534,0.9999908874801731,-37.387249121987395,-147.5174066157818,,584.4920500604721,False,False,False,,[]
1111,1111,1112,True,1.0,1.0,1111.0,1112.0,1111.0,1112.0,1112.0,0.0,116.0,117.0,348.52066166666714,0.5060635209083557,0.5060635209083557,0.0,1.0,0.5143403715694492,0.5137630860858516,0.9997881396979355,0.9797881841659546,0.9997871951366633,0.9999917834092824,0.9999917517020291,0.9999908874801731,0.9999908693970538,-37.91838090551953,-149.63239734850362,,580.8779678190177,False,False,False,,[]
1112,1112,1113,True,1.0,1.0,1112.0,1113.0,1112.0,1113.0,1113.0,0.0,117.0,118.0,350.4532267708338,0.5060638189315796,0.5060638189315796,0.0,1.0,0.5137630860858516,0.5131773908259761,0.9997871951366633,0.9797872304916382,0.9997862315897525,0.9999917517020291,0.9999917192693364,0.9999908693970538,0.9999908512563654,-38.46572897018815,-151.81221135974045,,577.1594907420479,False,False,False,,[]
1113,1113,1114,True,1.0,1.0,1113.0,1114.0,1113.0,1114.0,1114.0,0.0,118.0,119.0,352.40238041666714,0.5060641169548035,0.5060641169548035,0.0,1.0,0.5131773908259761,0.5125832169163325,0.9997862315897525,0.9797862768173218,0.9997852487248089,0.9999917192693364,0.9999916861862406,0.9999908512563654,0.9999908329699381,-39.01740298194993,-154.00987737962626,,573.4504176136704,False,False,False,,[]
1114,1114,1115,True,1.0,1.0,1114.0,1115.0,1114.0,1115.0,1115.0,0.0,119.0,120.0,354.3681226041672,0.5060644149780273,0.5060644149780273,0.0,1.0,0.5125832169163325,0.511980765690109,0.9997852487248089,0.9797852635383606,0.9997842468281033,0.9999916861862406,0.9999916526333661,0.9999908329699381,0.9999908146089023,-39.555691404814766,-156.15535783713918,,569.9451484634624,False,False,False,,[]
1115,1115,1116,True,1.0,1.0,1115.0,1116.0,1115.0,1116.0,1116.0,0.0,120.0,120.0,202.84212000000008,0.5060647130012512,0.5060647130012512,0.0,1.0,0.511980765690109,0.5116320766226677,0.9997842468281033,0.9797842502593994,0.999783579491673,0.9999916526333661,0.9999916349834634,0.9999908146089023,0.9999907991107929,-22.91016241650076,-90.38020628075802,,690.3356422184718,False,False,False,,[]
1116,1116,1117,True,1.0,1.0,1116.0,1117.0,1116.0,1117.0,1117.0,0.0,120.0,120.0,202.84212000000008,0.5060648918151855,0.5060648918151855,0.0,1.0,0.5116320766226677,0.5112833900757704,0.999783579491673,0.9797835946083069,0.9997829121589689,0.9999916349834634,0.9999916173335596,0.9999907991107929,0.9999907836126863,-22.910162313192842,-90.37955295580545,,690.3370217396614,False,False,False,,[]
1117,1117,1118,True,1.0,1.0,1117.0,1118.0,1117.0,1118.0,1118.0,0.0,120.0,120.0,202.84212000000008,0.5060651302337646,0.5060651302337646,0.0,1.0,0.5112833900757704,0.5109347059365812,0.9997829121589689,0.9797829389572144,0.9997822448298243,0.9999916173335596,0.9999915996836541,0.9999907836126863,0.9999907681145835,-22.910162175448384,-90.37892887785542,,690.3383398630062,False,False,False,,[]
1118,1118,1119,True,1.0,1.0,1118.0,1119.0,1118.0,1119.0,1119.0,0.0,120.0,120.0,202.84212000000008,0.506065309047699,0.506065309047699,0.0,1.0,0.5109347059365812,0.51058602409432,0.9997822448298243,0.9797822833061218,0.9997815775040754,0.9999915996836541,0.9999915820337475,0.9999907681145835,0.9999907526164835,-22.910162072139602,-90.37833351412004,,690.3395970753663,False,False,False,,[]
1119,1119,1120,True,1.0,1.0,1119.0,1120.0,1119.0,1120.0,1120.0,0.0,120.0,120.0,202.84212000000008,0.5060655474662781,0.5060655474662781,0.0,1.0,0.51058602409432,0.5102373444422762,0.9997815775040754,0.9797815680503845,0.9997809101815645,0.9999915820337475,0.9999915643838392,0.9999907526164835,0.9999907371183872,-22.91016193439399,-90.37776580973217,,690.340796130356,False,False,False,,[]
1120,1120,1121,True,1.0,1.0,1120.0,1121.0,1120.0,1121.0,1121.0,0.0,120.0,120.0,202.84212000000008,0.5060657262802124,0.5060657262802124,0.0,1.0,0.5102373444422762,0.5098886668756286,0.9997809101815645,0.979780912399292,0.9997802428621366,0.9999915643838392,0.9999915467339298,0.9999907371183872,0.9999907216202936,-22.91016183108435,-90.37722527505451,,690.3419376949363,False,False,False,,[]
1121,1121,1122,True,1.0,1.0,1121.0,1122.0,1121.0,1122.0,1122.0,0.0,120.0,120.0,202.84212000000008,0.5060659050941467,0.5060659050941467,0.0,1.0,0.5098886668756286,0.5095399912929388,0.9997802428621366,0.9797802567481995,0.9997795755456418,0.9999915467339298,0.9999915290840191,0.9999907216202936,0.9999907061222028,-22.910161727774327,-90.37671103319481,,690.343023714048,False,False,False,,[]
1122,1122,1123,True,1.0,1.0,1122.0,1123.0,1122.0,1123.0,1123.0,0.0,120.0,120.0,202.84212000000008,0.5060661435127258,0.5060661435127258,0.0,1.0,0.5095399912929388,0.5091913175960738,0.9997795755456418,0.9797796010971069,0.9997789082319349,0.9999915290840191,0.9999915114341068,0.9999907061222028,0.9999906906241157,-22.91016159002707,-90.37622222738979,,690.3440563233199,False,False,False,,[]
1123,1123,1124,True,1.0,1.0,1123.0,1124.0,1123.0,1124.0,1124.0,0.0,120.0,120.0,202.84212000000008,0.5060663223266602,0.5060663223266602,0.0,1.0,0.5091913175960738,0.5088426456885567,0.9997789082319349,0.9797789454460144,0.9997782409208735,0.9999915114341068,0.9999914937841934,0.9999906906241157,0.9999906751260315,-22.91016148671619,-90.37575842843042,,690.3450359516954,False,False,False,,[]
1124,1124,1125,True,1.0,1.0,1124.0,1125.0,1124.0,1125.0,1125.0,0.0,120.0,120.0,202.84212000000008,0.5060665011405945,0.5060665011405945,0.0,1.0,0.5088426456885567,0.5084939754770668,0.9997782409208735,0.9797782897949219,0.9997775736123196,0.9999914937841934,0.9999914761342787,0.9999906751260315,0.99999065962795,-22.910161383404947,-90.37531881821609,,690.3459644785358,False,False,False,,[]
1125,1125,1126,True,1.0,1.0,1125.0,1126.0,1125.0,1126.0,1126.0,0.0,120.0,117.5,-180.9287133333364,0.5060667395591736,0.5060667395591736,0.0,1.0,0.5084939754770668,0.5087424197281941,0.9997775736123196,0.9797775745391846,0.9997770694932625,0.9999914761342787,0.9999914588194017,0.99999065962795,0.9999906418700848,16.355561106384123,64.39674989220265,,1194.6854701043658,False,False,False,,[]
1126,1126,1127,True,1.0,1.0,1126.0,1127.0,1126.0,1127.0,1127.0,0.0,117.5,115.0,-185.8534366406242,0.5060668587684631,0.5060668587684631,0.0,1.0,0.5087424197281941,0.5089910857452308,0.9997770694932625,0.9797770977020264,0.9997765649821975,0.9999914588194017,0.9999914409582223,0.9999906418700848,0.9999906231742093,16.374943262781848,64.45423161589437,,1192.830405587362,False,False,False,,[]
1127,1127,1128,True,1.0,1.0,1127.0,1128.0,1127.0,1128.0,1128.0,0.0,115.0,112.5,-190.67448156249915,0.5060670375823975,0.5060670375823975,0.0,1.0,0.5089910857452308,0.509240354198936,0.9997765649821975,0.9797765612602234,0.9997760594068689,0.9999914409582223,0.9999914225701103,0.9999906231742093,0.9999906045778368,16.419277464735156,64.61038320039385,,1192.9279931836338,False,False,False,,[]
1128,1128,1129,True,1.0,1.0,1128.0,1129.0,1128.0,1129.0,1129.0,0.0,112.5,110.0,-195.39184809895943,0.506067156791687,0.506067156791687,0.0,1.0,0.509240354198936,0.5094896166110451,0.9997760594068689,0.9797760844230652,0.9997755538422087,0.9999914225701103,0.9999914036759908,0.9999906045778368,0.9999905858716076,16.423367287901137,64.60881721867307,,1192.0451452141624,False,False,False,,[]
1129,1129,1130,True,1.0,1.0,1129.0,1130.0,1129.0,1130.0,1130.0,0.0,110.0,107.5,-200.0055362499992,0.5060673356056213,0.5060673356056213,0.0,1.0,0.5094896166110451,0.5097388099376998,0.9997755538422087,0.9797755479812622,0.9997750483995481,0.9999914036759908,0.9999913842983399,0.9999905858716076,0.9999905675112644,16.423155597609608,64.59091026890233,,1191.7687863342062,False,False,False,,[]
1130,1130,1131,True,1.0,1.0,1130.0,1131.0,1130.0,1131.0,1131.0,0.0,107.5,105.0,-204.5155460156261,0.5060674548149109,0.5060674548149109,0.0,1.0,0.5097388099376998,0.5099890392828903,0.9997750483995481,0.979775071144104,0.9997745411286583,0.9999913842983399,0.9999913644611829,0.9999905675112644,0.9999905513951102,16.495711130481578,64.85944627337587,,1195.5272146631928,False,False,False,,[]
1131,1131,1132,True,1.0,1.0,1131.0,1132.0,1131.0,1132.0,1132.0,0.0,105.0,102.5,-208.9218773958325,0.5060676336288452,0.5060676336288452,0.0,1.0,0.5099890392828903,0.5102382624605935,0.9997745411286583,0.979774534702301,0.9997740356332815,0.9999913644611829,0.9999913441900846,0.9999905513951102,0.9999905354820778,16.433408834051136,64.59864766064298,,1194.0148944722598,False,False,False,,[]
1132,1132,1133,True,1.0,1.0,1132.0,1133.0,1132.0,1133.0,1133.0,0.0,102.5,100.0,-213.2245303906242,0.5060677528381348,0.5060677528381348,0.0,1.0,0.5102382624605935,0.5104865189136679,0.9997740356332815,0.9797740578651428,0.999773531846288,0.9999913441900846,0.9999913239850756,0.9999905354820778,0.9999905197604172,16.37354136379534,64.34807263691171,,1193.2477699273134,False,False,False,,[]
1133,1133,1134,True,1.0,1.0,1133.0,1134.0,1133.0,1134.0,1134.0,0.0,100.0,97.5,-217.4235050000011,0.5060679316520691,0.5060679316520691,0.0,1.0,0.5104865189136679,0.5107339900021708,0.999773531846288,0.9797735214233398,0.9997730294489607,0.9999913239850756,0.9999913043841937,0.9999905197604172,0.9999905043387496,16.325486317883577,64.14450613994225,,1193.6148379877118,False,False,False,,[]
1134,1134,1135,True,1.0,1.0,1134.0,1135.0,1134.0,1135.0,1135.0,0.0,97.5,95.0,-221.5188012239575,0.5060681104660034,0.5060681104660034,0.0,1.0,0.5107339900021708,0.510980195781545,0.9997730294489607,0.9797730445861816,0.9997725292938875,0.9999913043841937,0.9999912853974677,0.9999905043387496,0.9999904891038846,16.245589216674748,63.816538013779315,,1193.2728257052765,False,False,False,,[]
1135,1135,1136,True,1.0,1.0,1135.0,1136.0,1135.0,1136.0,1136.0,0.0,95.0,92.5,-225.5104190625011,0.506068229675293,0.506068229675293,0.0,1.0,0.510980195781545,0.5112247545001157,0.9997725292938875,0.9797725677490234,0.9997720320637431,0.9999912853974677,0.999991267032422,0.9999904891038846,0.9999904740552565,16.140317731258225,63.38961985353682,,1192.4949572603864,False,False,False,,[]
1136,1136,1137,True,1.0,1.0,1136.0,1137.0,1136.0,1137.0,1137.0,0.0,92.5,90.0,-229.39835851562415,0.5060684084892273,0.5060684084892273,0.0,1.0,0.5112247545001157,0.511466761985575,0.9997720320637431,0.9797720313072205,0.9997715393779242,0.999991267032422,0.9999912492942509,0.9999904740552565,0.9999904585298101,15.975148299339644,62.72834023103854,,1189.7330123188049,False,False,False,,[]
1137,1137,1138,True,1.0,1.0,1137.0,1138.0,1137.0,1138.0,1138.0,0.0,90.0,87.5,-233.18261958333443,0.5060685276985168,0.5060685276985168,0.0,1.0,0.511466761985575,0.5117061422199884,0.9997715393779242,0.9797715544700623,0.9997710513891763,0.9999912492942509,0.9999912321859818,0.9999904585298101,0.9999904428882573,15.804767032232512,62.04735675998835,,1187.410886282987,False,False,False,,[]
1138,1138,1139,True,1.0,1.0,1138.0,1139.0,1138.0,1139.0,1139.0,0.0,87.5,85.0,-236.86320226562415,0.5060687065124512,0.5060687065124512,0.0,1.0,0.5117061422199884,0.5119421888409084,0.9997710513891763,0.979771077632904,0.9997705693855119,0.9999912321859818,0.9999912157086427,0.9999904428882573,0.9999904266936818,15.587522182590787,61.18328414244491,,1183.6761678164823,False,False,False,,[]
1139,1139,1140,True,1.0,1.0,1139.0,1140.0,1139.0,1140.0,1140.0,0.0,85.0,82.5,-240.44010656249915,0.5060688257217407,0.5060688257217407,0.0,1.0,0.5119421888409084,0.5121746384188056,0.9997705693855119,0.9797706007957458,0.999770093871211,0.9999912157086427,0.9999911998614153,0.9999904266936818,0.9999904100518183,15.352669600108872,60.25093059097142,,1179.8144000828584,False,False,False,,[]
1140,1140,1141,True,1.0,1.0,1140.0,1141.0,1140.0,1141.0,1141.0,0.0,82.5,80.0,-243.91333247395943,0.5060689449310303,0.5060689449310303,0.0,1.0,0.5121746384188056,0.5124033043228557,0.999770093871211,0.9797701239585876,0.9997696252177638,0.9999911998614153,0.9999911846417929,0.9999904100518183,0.9999903931537604,15.10528496187711,59.27020232980619,,1176.0318301860248,False,False,False,,[]
1141,1141,1142,True,1.0,1.0,1141.0,1142.0,1141.0,1142.0,1142.0,0.0,80.0,76.25,-439.1682966666674,0.5060691237449646,0.5060691237449646,0.0,1.0,0.5124033043228557,0.512815035257252,0.9997696252177638,0.9797696471214294,0.9997688712701008,0.9999911846417929,0.9999911671984498,0.9999903931537604,0.999990373688135,27.21861081917963,106.72065819550328,,1427.4034040688603,False,False,False,,[]
1142,1142,1143,True,1.0,1.0,1142.0,1143.0,1142.0,1143.0,1143.0,0.0,76.25,72.5,-444.0282209830717,0.5060693621635437,0.5060693621635437,0.0,1.0,0.512815035257252,0.5132103591877288,0.9997688712701008,0.9797688722610474,0.9997681385601016,0.9999911671984498,0.999991150023496,0.999990373688135,0.9999903542691158,26.138986436011635,102.46796277957885,,1399.4997354849006,False,False,False,,[]
1143,1143,1144,True,1.0,1.0,1143.0,1144.0,1143.0,1144.0,1144.0,0.0,72.5,68.75,-448.6548689322924,0.506069540977478,0.506069540977478,0.0,1.0,0.5132103591877288,0.5135907542165978,0.9997681385601016,0.9797681570053101,0.9997674259859775,0.999991150023496,0.9999911340697655,0.9999903542691158,0.9999903364755528,25.156448804929614,98.59839148285415,,1380.0533330654796,False,False,False,,[]
1144,1144,1145,True,1.0,1.0,1144.0,1145.0,1144.0,1145.0,1145.0,0.0,68.75,65.0,-453.04824051432365,0.5060697793960571,0.5060697793960571,0.0,1.0,0.5135907542165978,0.5139521477782366,0.9997674259859775,0.9797674417495728,0.9997667401272452,0.9999911340697655,0.9999911181239801,0.9999903364755528,0.9999903174246068,23.903546619220048,93.6732111767603,,1347.3656199151633,False,False,False,,[]
1145,1145,1146,True,1.0,1.0,1145.0,1146.0,1145.0,1146.0,1146.0,0.0,65.0,61.25,-457.20833572916547,0.5060699582099915,0.5060699582099915,0.0,1.0,0.5139521477782366,0.5142912848907376,0.9997667401272452,0.9797667860984802,0.9997660870566611,0.9999911181239801,0.9999910993142054,0.9999903174246068,0.9999902971486051,22.43436650717223,87.90433956026651,,1306.7527244322305,False,False,False,,[]
1146,1146,1147,True,1.0,1.0,1146.0,1147.0,1146.0,1147.0,1147.0,0.0,61.25,57.5,-461.13515457682365,0.5060701370239258,0.5060701370239258,0.0,1.0,0.5142912848907376,0.5146068553342974,0.9997660870566611,0.9797661304473877,0.9997654703944822,0.9999910993142054,0.9999910808927547,0.9999902971486051,0.9999902709273422,20.877705794814673,81.79585897068368,,1264.6406052142936,False,False,False,,[]
1147,1147,1148,True,1.0,1.0,1147.0,1148.0,1147.0,1148.0,1148.0,0.0,57.5,53.75,-464.82869705729144,0.5060703754425049,0.5060703754425049,0.0,1.0,0.5146068553342974,0.5149072178340323,0.9997654703944822,0.9797654747962952,0.9997648781140824,0.9999910808927547,0.9999910660599182,0.9999902709273422,0.9999902461654118,19.87397409007759,77.85395993128334,,1252.4104091946801,False,False,False,,[]
1148,1148,1149,True,1.0,1.0,1148.0,1149.0,1148.0,1149.0,1149.0,0.0,53.75,50.0,-468.2889631705727,0.5060705542564392,0.5060705542564392,0.0,1.0,0.5149072178340323,0.5151885576739792,0.9997648781140824,0.9797648787498474,0.9997643172729126,0.9999910660599182,0.9999910512327534,0.9999902461654118,0.9999902229009282,18.61712035542971,72.92328651425993,,1230.2605837826457,False,False,False,,[]
1149,1149,1150,True,1.0,1.0,1149.0,1150.0,1149.0,1150.0,1150.0,0.0,50.0,45.0,-663.4013695833336,0.5060706734657288,0.5060706734657288,0.0,1.0,0.5151885576739792,0.5155568694175597,0.9997643172729126,0.9797643423080444,0.9997636215488166,0.9999910512327534,0.9999910357728201,0.9999902229009282,0.9999901927228727,24.38250529577416,95.46640393607724,,1338.8697295192633,False,False,False,,[]
1150,1150,1151,True,1.0,1.0,1150.0,1151.0,1150.0,1151.0,1151.0,0.0,45.0,40.0,-667.3411482291668,0.5060709118843079,0.5060709118843079,0.0,1.0,0.5155568694175597,0.5158895681931044,0.9997636215488166,0.9797636270523071,0.9997629782554653,0.9999910357728201,0.9999910192876595,0.9999901927228727,0.9999901700880729,22.02631998728783,86.23552262118177,,1297.4366855412584,False,False,False,,[]
1151,1151,1152,True,1.0,1.0,1151.0,1152.0,1151.0,1152.0,1152.0,0.0,40.0,35.0,-670.8662133333335,0.5060710906982422,0.5060710906982422,0.0,1.0,0.5158895681931044,0.5161805318312319,0.9997629782554653,0.9797629714012146,0.9997624013802353,0.9999910192876595,0.9999910002264347,0.9999901700880729,0.9999901500107014,19.263720372035134,75.41777500265316,,1240.9065110739414,False,False,False,,[]
1152,1152,1153,True,1.0,1.0,1152.0,1153.0,1152.0,1153.0,1153.0,0.0,35.0,30.0,-673.9765648958324,0.5060712695121765,0.5060712695121765,0.0,1.0,0.5161805318312319,0.516426173192108,0.9997624013802353,0.9797624349594116,0.9997619022266981,0.9999910002264347,0.9999909818232425,0.9999901500107014,0.9999901250022902,16.262937474207042,63.67024073908155,,1179.6826612817736,False,False,False,,[]
1153,1153,1154,True,1.0,1.0,1153.0,1154.0,1153.0,1154.0,1154.0,0.0,30.0,25.0,-676.6722029166668,0.5060714483261108,0.5060714483261108,0.0,1.0,0.516426173192108,0.5166280394890742,0.9997619022266981,0.9797618985176086,0.999761483161737,0.9999909818232425,0.9999909603452455,0.9999901250022902,0.9999901020374681,13.364397055673109,52.3237441736195,,1130.6039564907376,False,False,False,,[]
1154,1154,1155,True,1.0,1.0,1154.0,1155.0,1154.0,1155.0,1155.0,0.0,25.0,20.0,-678.9531273958335,0.5060715675354004,0.5060715675354004,0.0,1.0,0.5166280394890742,0.5167990375727773,0.999761483161737,0.9797614812850952,0.9997611232629172,0.9999909603452455,0.9999909473507933,0.9999901020374681,0.9999900843778927,11.320692079917402,44.322703295862205,,1116.5127678628883,False,False,False,,[]
1155,1155,1156,True,1.0,1.0,1155.0,1156.0,1155.0,1156.0,1156.0,0.0,20.0,15.0,-680.819338333333,0.5060716867446899,0.5060716867446899,0.0,1.0,0.5167990375727773,0.5169314754676472,0.9997611232629172,0.9797611236572266,0.9997608425937372,0.9999909473507933,0.9999909354458233,0.9999900843778927,0.9999900715031437,8.767440564958036,34.32790235025102,,1086.4738177361855,False,False,False,,[]
1156,1156,1157,True,1.0,1.0,1156.0,1157.0,1156.0,1157.0,1157.0,0.0,15.0,10.0,-682.2708357291668,0.5060717463493347,0.5060717463493347,0.0,1.0,0.5169314754676472,0.517004906268613,0.9997608425937372,0.9797608852386475,0.9997606957040891,0.9999909354458233,0.9999909246778412,0.9999900715031437,0.9999900381526712,4.8605080792124715,19.033263610342857,,1014.8403984072803,False,False,False,,[]
1157,1157,1158,True,1.0,1.0,1157.0,1158.0,1157.0,1158.0,1158.0,0.0,10.0,5.0,-683.3076195833332,0.5060718059539795,0.5060718059539795,0.0,1.0,0.517004906268613,0.5170386583638229,0.9997606957040891,0.9797607064247131,0.9997606307575644,0.9999909246778412,0.9999909070777799,0.9999900381526712,0.9999900181119823,2.233890294791667,8.748543078424166,,989.7233976765626,False,False,False,,[]
1158,1158,1159,True,1.0,1.0,1158.0,1159.0,1158.0,1159.0,1159.0,0.0,5.0,0.0,-683.9296898958332,0.5060718059539795,0.5060718059539795,0.0,1.0,0.5170386583638229,0.5170499199906344,0.9997606307575644,0.9797606468200684,0.9997606095592614,0.9999909070777799,0.9999909012057518,0.9999900181119823,0.9999900114256711,0.7453079953993055,2.9190136695437134,,996.5950902735781,False,False,False,,[]
1159,1159,1160,True,1.0,1.0,1159.0,1160.0,1159.0,1160.0,1160.0,0.0,0.0,0.0,83.40462000000002,0.5060718059539795,0.5060718059539795,0.0,1.0,0.5170499199906344,0.5170499199906344,0.9997606095592614,0.9797606468200684,0.9997606095592614,0.9999909012057518,0.9999909012057518,0.9999900114256711,0.9999900114256711,-0.0,0.0,,1000.0,False,False,False,,[]
1160,1160,1161,True,1.0,1.0,1160.0,1161.0,1160.0,1161.0,1161.0,0.0,0.0,0.0,83.40462000000002,0.5060718059539795,0.5060718059539795,0.0,1.0,0.5170499199906344,0.5170499199906344,0.9997606095592614,0.9797606468200684,0.9997606095592614,0.9999909012057518,0.9999909012057518,0.9999900114256711,0.9999900114256711,-0.0,0.0,,1000.0,False,False,False,,[]
1161,1161,1162,True,1.0,1.0,1161.0,1162.0,1161.0,1162.0,1162.0,0.0,0.0,0.0,83.40462000000002,0.5060718059539795,0.5060718059539795,0.0,1.0,0.5170499199906344,0.5170499199906344,0.9997606095592614,0.9797606468200684,0.9997606095592614,0.9999909012057518,0.9999909012057518,0.9999900114256711,0.9999900114256711,-0.0,0.0,,1000.0,False,False,False,,[]
1162,1162,1163,True,1.0,1.0,1162.0,1163.0,1162.0,1163.0,1163.0,0.0,0.0,0.0,83.40462000000002,0.5060718059539795,0.5060718059539795,0.0,1.0,0.5170499199906344,0.5170499199906344,0.9997606095592614,0.9797606468200684,0.9997606095592614,0.9999909012057518,0.9999909012057518,0.9999900114256711,0.9999900114256711,-0.0,0.0,,1000.0,False,False,False,,[]
1163,1163,1164,True,1.0,1.0,1163.0,1164.0,1163.0,1164.0,1164.0,0.0,0.0,0.0,83.40462000000002,0.5060718059539795,0.5060718059539795,0.0,1.0,0.5170499199906344,0.5170499199906344,0.9997606095592614,0.9797606468200684,0.9997606095592614,0.9999909012057518,0.9999909012057518,0.9999900114256711,0.9999900114256711,-0.0,0.0,,1000.0,False,False,False,,[]
1164,1164,1165,True,1.0,1.0,1164.0,1165.0,1164.0,1165.0,1165.0,0.0,0.0,0.0,83.40462000000002,0.5060718059539795,0.5060718059539795,0.0,1.0,0.5170499199906344,0.5170499199906344,0.9997606095592614,0.9797606468200684,0.9997606095592614,0.9999909012057518,0.9999909012057518,0.9999900114256711,0.9999900114256711,-0.0,0.0,,1000.0,False,False,False,,[]
1165,1165,1166,True,1.0,1.0,1165.0,1166.0,1165.0,1166.0,1166.0,0.0,0.0,0.0,83.40462000000002,0.5060718059539795,0.5060718059539795,0.0,1.0,0.5170499199906344,0.5170499199906344,0.9997606095592614,0.9797606468200684,0.9997606095592614,0.9999909012057518,0.9999909012057518,0.9999900114256711,0.9999900114256711,-0.0,0.0,,1000.0,False,False,False,,[]
1166,1166,1167,True,1.0,1.0,1166.0,1167.0,1166.0,1167.0,1167.0,0.0,0.0,0.0,83.40462000000002,0.5060718059539795,0.5060718059539795,0.0,1.0,0.5170499199906344,0.5170499199906344,0.9997606095592614,0.9797606468200684,0.9997606095592614,0.9999909012057518,0.9999909012057518,0.9999900114256711,0.9999900114256711,-0.0,0.0,,1000.0,False,False,False,,[]
1167,1167,1168,True,1.0,1.0,1167.0,1168.0,1167.0,1168.0,1168.0,0.0,0.0,0.0,83.40462000000002,0.5060718059539795,0.5060718059539795,0.0,1.0,0.5170499199906344,0.5170499199906344,0.9997606095592614,0.9797606468200684,0.9997606095592614,0.9999909012057518,0.9999909012057518,0.9999900114256711,0.9999900114256711,-0.0,0.0,,1000.0,False,False,False,,[]
1168,1168,1169,True,1.0,1.0,1168.0,1169.0,1168.0,1169.0,1169.0,0.0,0.0,0.0,83.40462000000002,0.5060718059539795,0.5060718059539795,0.0,1.0,0.5170499199906344,0.5170499199906344,0.9997606095592614,0.9797606468200684,0.9997606095592614,0.9999909012057518,0.9999909012057518,0.9999900114256711,0.9999900114256711,-0.0,0.0,,1000.0,False,False,False,,[]
1169,1169,1170,True,1.0,1.0,1169.0,1170.0,1169.0,1170.0,1170.0,0.0,0.0,0.0,83.40462000000002,0.5060718059539795,0.5060718059539795,0.0,1.0,0.5170499199906344,0.5170499199906344,0.9997606095592614,0.9797606468200684,0.9997606095592614,0.9999909012057518,0.9999909012057518,0.9999900114256711,0.9999900114256711,-0.0,0.0,,1000.0,False,False,False,,[]
1170,1170,1171,True,1.0,1.0,1170.0,1171.0,1170.0,1171.0,1171.0,0.0,0.0,0.0,83.40462000000002,0.5060718059539795,0.5060718059539795,0.0,1.0,0.5170499199906344,0.5170499199906344,0.9997606095592614,0.9797606468200684,0.9997606095592614,0.9999909012057518,0.9999909012057518,0.9999900114256711,0.9999900114256711,-0.0,0.0,,1000.0,False,False,False,,[]
1171,1171,1172,True,1.0,1.0,1171.0,1172.0,1171.0,1172.0,1172.0,0.0,0.0,0.0,83.40462000000002,0.5060718059539795,0.5060718059539795,0.0,1.0,0.5170499199906344,0.5170499199906344,0.9997606095592614,0.9797606468200684,0.9997606095592614,0.9999909012057518,0.9999909012057518,0.9999900114256711,0.9999900114256711,-0.0,0.0,,1000.0,False,False,False,,[]
1172,1172,1173,True,1.0,1.0,1172.0,1173.0,1172.0,1173.0,1173.0,0.0,0.0,0.0,83.40462000000002,0.5060718059539795,0.5060718059539795,0.0,1.0,0.5170499199906344,0.5170499199906344,0.9997606095592614,0.9797606468200684,0.9997606095592614,0.9999909012057518,0.9999909012057518,0.9999900114256711,0.9999900114256711,-0.0,0.0,,1000.0,False,False,False,,[]
1173,1173,1174,True,1.0,1.0,1173.0,1174.0,1173.0,1174.0,1174.0,0.0,0.0,0.0,83.40462000000002,0.5060718059539795,0.5060718059539795,0.0,1.0,0.5170499199906344,0.5170499199906344,0.9997606095592614,0.9797606468200684,0.9997606095592614,0.9999909012057518,0.9999909012057518,0.9999900114256711,0.9999900114256711,-0.0,0.0,,1000.0,False,False,False,,[]
1174,1174,1175,True,1.0,1.0,1174.0,1175.0,1174.0,1175.0,1175.0,0.0,0.0,0.0,83.40462000000002,0.5060718059539795,0.5060718059539795,0.0,1.0,0.5170499199906344,0.5170499199906344,0.9997606095592614,0.9797606468200684,0.9997606095592614,0.9999909012057518,0.9999909012057518,0.9999900114256711,0.9999900114256711,-0.0,0.0,,1000.0,False,False,False,,[]
1175,1175,1176,True,1.0,1.0,1175.0,1176.0,1175.0,1176.0,1176.0,0.0,0.0,0.0,83.40462000000002,0.5060718059539795,0.5060718059539795,0.0,1.0,0.5170499199906344,0.5170499199906344,0.9997606095592614,0.9797606468200684,0.9997606095592614,0.9999909012057518,0.9999909012057518,0.9999900114256711,0.9999900114256711,-0.0,0.0,,1000.0,False,False,False,,[]
1176,1176,1177,True,1.0,1.0,1176.0,1177.0,1176.0,1177.0,1177.0,0.0,0.0,0.0,83.40462000000002,0.5060718059539795,0.5060718059539795,0.0,1.0,0.5170499199906344,0.5170499199906344,0.9997606095592614,0.9797606468200684,0.9997606095592614,0.9999909012057518,0.9999909012057518,0.9999900114256711,0.9999900114256711,-0.0,0.0,,1000.0,False,False,False,,[]
1177,1177,1178,True,1.0,1.0,1177.0,1178.0,1177.0,1178.0,1178.0,0.0,0.0,0.0,83.40462000000002,0.5060718059539795,0.5060718059539795,0.0,1.0,0.5170499199906344,0.5170499199906344,0.9997606095592614,0.9797606468200684,0.9997606095592614,0.9999909012057518,0.9999909012057518,0.9999900114256711,0.9999900114256711,-0.0,0.0,,1000.0,False,False,False,,[]
1178,1178,1179,True,1.0,1.0,1178.0,1179.0,1178.0,1179.0,1179.0,0.0,0.0,0.0,83.40462000000002,0.5060718059539795,0.5060718059539795,0.0,1.0,0.5170499199906344,0.5170499199906344,0.9997606095592614,0.9797606468200684,0.9997606095592614,0.9999909012057518,0.9999909012057518,0.9999900114256711,0.9999900114256711,-0.0,0.0,,1000.0,True,False,False,,[]
