attempt,cycle_index_before,cycle_index_after,completed_step,dt_requested_s,dt_completed_s,time_before_s,time_after_s,original_cycle_time_before_s,original_cycle_time_after_s,original_cycle_time_target_s,slope_rad,velocity_before_kmh,target_velocity_kmh,wheel_torque_nm,normalized_action,sigma_tor,sigma_min,sigma_max,soc_before,soc_after,battery_soh_before,observed_battery_soh,battery_soh_after,motor1_soh_before,motor1_soh_after,motor2_soh_before,motor2_soh_after,battery_power_kw,battery_current_a,predicted_motor_power_kw,reward,terminated,truncated,constraint_violation,constraint_stage,violated_constraints
0,0,1,True,1.0,1.0,0.0,1.0,0.0,1.0,1.0,0.0,0.0,0.0,83.40462000000002,0.5,0.5,0.0,1.0,0.6,0.6,1.0,1.0,1.0,1.0,1.0,1.0,1.0,-0.0,0.0,,1000.0,False,False,False,,[]
1,1,2,True,1.0,1.0,1.0,2.0,1.0,2.0,2.0,0.0,0.0,0.0,83.40462000000002,0.5,0.5,0.0,1.0,0.6,0.6,1.0,1.0,1.0,1.0,1.0,1.0,1.0,-0.0,0.0,,1000.0,False,False,False,,[]
2,2,3,True,1.0,1.0,2.0,3.0,2.0,3.0,3.0,0.0,0.0,0.0,83.40462000000002,0.5,0.5,0.0,1.0,0.6,0.6,1.0,1.0,1.0,1.0,1.0,1.0,1.0,-0.0,0.0,,1000.0,False,False,False,,[]
3,3,4,True,1.0,1.0,3.0,4.0,3.0,4.0,4.0,0.0,0.0,0.0,83.40462000000002,0.5,0.5,0.0,1.0,0.6,0.6,1.0,1.0,1.0,1.0,1.0,1.0,1.0,-0.0,0.0,,1000.0,False,False,False,,[]
4,4,5,True,1.0,1.0,4.0,5.0,4.0,5.0,5.0,0.0,0.0,0.0,83.40462000000002,0.5,0.5,0.0,1.0,0.6,0.6,1.0,1.0,1.0,1.0,1.0,1.0,1.0,-0.0,0.0,,1000.0,False,False,False,,[]
5,5,6,True,1.0,1.0,5.0,6.0,5.0,6.0,6.0,0.0,0.0,0.0,83.40462000000002,0.5,0.5,0.0,1.0,0.6,0.6,1.0,1.0,1.0,1.0,1.0,1.0,1.0,-0.0,0.0,,1000.0,False,False,False,,[]
6,6,7,True,1.0,1.0,6.0,7.0,6.0,7.0,7.0,0.0,0.0,0.0,83.40462000000002,0.5,0.5,0.0,1.0,0.6,0.6,1.0,1.0,1.0,1.0,1.0,1.0,1.0,-0.0,0.0,,1000.0,False,False,False,,[]
7,7,8,True,1.0,1.0,7.0,8.0,7.0,8.0,8.0,0.0,0.0,0.0,83.40462000000002,0.5,0.5,0.0,1.0,0.6,0.6,1.0,1.0,1.0,1.0,1.0,1.0,1.0,-0.0,0.0,,1000.0,False,False,False,,[]
8,8,9,True,1.0,1.0,8.0,9.0,8.0,9.0,9.0,0.0,0.0,0.0,83.40462000000002,0.5,0.5,0.0,1.0,0.6,0.6,1.0,1.0,1.0,1.0,1.0,1.0,1.0,-0.0,0.0,,1000.0,False,False,False,,[]
9,9,10,True,1.0,1.0,9.0,10.0,9.0,10.0,10.0,0.0,0.0,0.0,83.40462000000002,0.5,0.5,0.0,1.0,0.6,0.6,1.0,1.0,1.0,1.0,1.0,1.0,1.0,-0.0,0.0,,1000.0,False,False,False,,[]
10,10,11,True,1.0,1.0,10.0,11.0,10.0,11.0,11.0,0.0,0.0,0.0,83.40462000000002,0.5,0.5,0.0,1.0,0.6,0.6,1.0,1.0,1.0,1.0,1.0,1.0,1.0,-0.0,0.0,,1000.0,False,False,False,,[]
11,11,12,True,1.0,1.0,11.0,12.0,11.0,12.0,12.0,0.0,0.0,0.2,114.10628666666669,0.5,0.5,0.0,1.0,0.6,0.5999997112459878,1.0,1.0,0.9999999994622677,1.0,0.9999999999612827,1.0,0.9999999999548299,-0.01912289034132172,-0.07484503994749414,,999.5737671679196,False,False,False,,[]
12,12,13,True,1.0,1.0,12.0,13.0,12.0,13.0,13.0,0.0,0.2,1.7,313.66745177083334,0.5,0.5,0.0,1.0,0.5999997112459878,0.5999921703756457,0.9999999994622677,1.0,0.9999999853192967,0.9999999999612827,0.999999998950198,0.9999999999548299,0.9999999987752309,-0.49938675914578795,-1.9545935927017273,,988.9770094232979,False,False,False,,[]
13,13,14,True,1.0,1.0,13.0,14.0,13.0,14.0,14.0,0.0,1.7,5.4,651.4094237760416,0.5,0.5,0.0,1.0,0.5999921703756457,0.599933639930989,0.9999999853192967,1.0,0.999999869930342,0.999999998950198,0.9999999911036812,0.9999999987752309,0.9999999896209614,-3.8754876058403678,-15.171091254990005,,919.9038550101333,False,False,False,,[]
14,14,15,True,1.0,1.0,14.0,15.0,14.0,15.0,15.0,0.0,5.4,9.9,774.4339809375001,0.5000000596046448,0.5000000596046448,0.0,1.0,0.599933639930989,0.5997836435234783,0.999999869930342,0.9999998807907104,0.9999995514562247,0.9999999911036812,0.9999999710016286,0.9999999896209614,0.9999999661685723,-9.928640781250001,-38.87906882676548,,816.0612202164491,False,False,False,,[]
15,15,16,True,1.0,1.0,15.0,16.0,15.0,16.0,16.0,0.0,9.9,13.1,575.4442081510417,0.5000001192092896,0.5000001192092896,0.0,1.0,0.5997836435234783,0.5996496348480933,0.9999995514562247,0.9999995231628418,0.9999992670214267,0.9999999710016286,0.999999964151443,0.9999999661685723,0.999999939972133,-8.870267123703718,-34.735048659815824,,836.4709496877525,False,False,False,,[]
16,16,17,True,1.0,1.0,16.0,17.0,16.0,17.0,17.0,0.0,13.1,16.9,668.1596664843747,0.5000002384185791,0.5000002384185791,0.0,1.0,0.5996496348480933,0.5994478143555725,0.9999992670214267,0.9999992847442627,0.9999988480426725,0.999999964151443,0.9999999547148364,0.999999939972133,0.9999999002975278,-13.3552792367142,-52.311871661385666,,773.4971536037613,False,False,False,,[]
17,17,18,True,1.0,1.0,17.0,18.0,17.0,18.0,18.0,0.0,16.9,21.7,822.6135466927088,0.5000003576278687,0.5000003576278687,0.0,1.0,0.5994478143555725,0.5992199334912612,0.9999988480426725,0.9999988675117493,0.9999983808171603,0.9999999547148364,0.999999943720933,0.9999999002975278,0.9999998874713256,-15.07734230880273,-59.066720029478354,,770.1647295838271,False,False,False,,[]
18,18,19,True,1.0,1.0,18.0,19.0,18.0,19.0,19.0,0.0,21.7,26.0,747.3961425260419,0.5000004768371582,0.5000004768371582,0.0,1.0,0.5992199334912612,0.5989640329333158,0.9999983808171603,0.9999983906745911,0.9999978635880568,0.999999943720933,0.9999999313774397,0.9999998874713256,0.9999998730706109,-16.928203228153944,-66.32942461945483,,749.4186330412334,False,False,False,,[]
19,19,20,True,1.0,1.0,19.0,20.0,19.0,20.0,20.0,0.0,26.0,27.5,319.274047083333,0.5000006556510925,0.5000006556510925,0.0,1.0,0.5989640329333158,0.5988301311288385,0.9999978635880568,0.9999978542327881,0.9999975794098054,0.9999999313774397,0.9999999184635971,0.9999998730706109,0.9999998641625173,-8.860327134581992,-34.707347720503705,,844.4936221428169,False,False,False,,[]
20,20,21,True,1.0,1.0,20.0,21.0,20.0,21.0,21.0,0.0,27.5,28.1,181.78216231770853,0.5000007152557373,0.5000007152557373,0.0,1.0,0.5988301311288385,0.5987448637452595,0.9999975794098054,0.9999975562095642,0.9999974068559339,0.9999999184635971,0.9999999089387285,0.9999998641625173,0.9999998562908174,-5.642778485147919,-22.101305823677958,,892.9214497440137,False,False,False,,[]
21,21,22,True,1.0,1.0,21.0,22.0,21.0,22.0,22.0,0.0,28.1,28.3,120.65552585937492,0.5000007748603821,0.5000007748603821,0.0,1.0,0.5987448637452595,0.5986889013003107,0.9999974068559339,0.9999973773956299,0.999997296806436,0.9999999089387285,0.999999903486586,0.9999998562908174,0.9999998508623553,-3.7037053689195054,-14.505465730719937,,927.7746032665734,False,False,False,,[]
22,22,23,True,1.0,1.0,22.0,23.0,22.0,23.0,23.0,0.0,28.3,28.8,166.80158523437524,0.5000008344650269,0.5000008344650269,0.0,1.0,0.5986889013003107,0.5986117178408891,0.999997296806436,0.9999973177909851,0.9999971418421907,0.999999903486586,0.999999896483296,0.9999998508623553,0.999999843411819,-5.107756976943913,-20.005952682099302,,903.2332687425427,False,False,False,,[]
23,23,24,True,1.0,1.0,23.0,24.0,23.0,24.0,24.0,0.0,28.8,29.1,136.33672000000035,0.5000008344650269,0.5000008344650269,0.0,1.0,0.5986117178408891,0.5985497569573855,0.9999971418421907,0.9999971389770508,0.9999970192797331,0.999999896483296,0.9999998904436938,0.999999843411819,0.9999998393162732,-4.100491190502843,-16.060261004116132,,922.2095262908045,False,False,False,,[]
24,24,25,True,1.0,1.0,24.0,25.0,24.0,25.0,25.0,0.0,29.1,30.8,351.3924581510413,0.5000008940696716,0.5000008940696716,0.0,1.0,0.5985497569573855,0.5983939908031755,0.9999970192797331,0.9999970197677612,0.9999966893346396,0.9999998904436938,0.9999998793164107,0.9999998393162732,0.9999998308140263,-10.30522854580453,-40.374587171242176,,827.5472652216869,False,False,False,,[]
25,25,26,True,1.0,1.0,25.0,26.0,25.0,26.0,26.0,0.0,30.8,31.9,260.13206374999993,0.5000010132789612,0.5000010132789612,0.0,1.0,0.5983939908031755,0.5982689475857373,0.9999966893346396,0.9999966621398926,0.9999964262467108,0.9999998793164107,0.9999998686483698,0.9999998308140263,0.9999998226766762,-8.273022157705661,-32.41120195997291,,854.5858863574141,False,False,False,,[]
26,26,27,True,1.0,1.0,26.0,27.0,26.0,27.0,27.0,0.0,31.9,34.1,429.56328627604245,0.500001072883606,0.500001072883606,0.0,1.0,0.5982689475857373,0.5980553932250884,0.9999964262467108,0.9999964237213135,0.9999959853440614,0.9999998686483698,0.9999998571049568,0.9999998226766762,0.9999998037244405,-14.12456745534142,-55.3532902801998,,776.3129683789618,False,False,False,,[]
27,27,28,True,1.0,1.0,27.0,28.0,27.0,28.0,28.0,0.0,34.1,36.6,476.8201144010409,0.5000011920928955,0.5000011920928955,0.0,1.0,0.5980553932250884,0.5978103174505219,0.9999959853440614,0.9999960064888,0.999995487194954,0.9999998571049568,0.9999998428795958,0.9999998037244405,0.9999997901072293,-16.20660115584118,-63.52364076763153,,756.0103250510278,False,False,False,,[]
28,28,29,True,1.0,1.0,28.0,29.0,28.0,29.0,29.0,0.0,36.6,39.1,478.2861267708335,0.5000013709068298,0.5000013709068298,0.0,1.0,0.5978103174505219,0.5975487491915948,0.999995487194954,0.9999954700469971,0.9999949600983915,0.9999998428795958,0.9999998290091163,0.9999997901072293,0.9999997754821678,-17.294860674630023,-67.7984927138977,,744.7272624087118,False,False,False,,[]
29,29,30,True,1.0,1.0,29.0,30.0,29.0,30.0,30.0,0.0,39.1,41.3,433.80331752604144,0.5000015497207642,0.5000015497207642,0.0,1.0,0.5975487491915948,0.597296893669671,0.9999949600983915,0.9999949336051941,0.9999944499634661,0.9999998290091163,0.9999998157580611,0.9999997754821678,0.9999997613937313,-16.651668373178925,-65.28095128266207,,751.7618443303589,False,False,False,,[]
30,30,31,True,1.0,1.0,30.0,31.0,30.0,31.0,31.0,0.0,41.3,42.5,281.7620748177087,0.5000016689300537,0.5000016689300537,0.0,1.0,0.597296893669671,0.5971207571497179,0.9999944499634661,0.9999944567680359,0.9999940800702533,0.9999998157580611,0.9999998051929265,0.9999997613937313,0.9999997482276656,-11.647239554931325,-45.654585971827686,,808.5008747788809,False,False,False,,[]
31,31,32,True,1.0,1.0,31.0,32.0,31.0,32.0,32.0,0.0,42.5,43.3,221.1928133593746,0.5000017881393433,0.5000017881393433,0.0,1.0,0.5971207571497179,0.5969734205602019,0.9999940800702533,0.9999940991401672,0.9999937669067496,0.9999998051929265,0.999999794805468,0.9999997482276656,0.9999997346683492,-9.743210735993417,-38.18964400256534,,831.5318785704291,False,False,False,,[]
32,32,33,True,1.0,1.0,32.0,33.0,32.0,33.0,33.0,0.0,43.3,43.9,191.06046544270802,0.5000019073486328,0.5000019073486328,0.0,1.0,0.5969734205602019,0.5968412433247471,0.9999937669067496,0.9999937415122986,0.9999934868613916,0.999999794805468,0.9999997848046299,0.9999997346683492,0.9999997213986838,-8.74084021017655,-34.26033942986809,,844.985489749142,False,False,False,,[]
33,33,34,True,1.0,1.0,33.0,34.0,33.0,34.0,34.0,0.0,43.9,44.4,176.14358835937526,0.5000019669532776,0.5000019669532776,0.0,1.0,0.5968412433247471,0.5967165999856013,0.9999934868613916,0.9999935030937195,0.9999932247173647,0.9999997848046299,0.999999775116861,0.9999997213986838,0.9999997084024638,-8.24258358789268,-32.30755350657894,,852.1213807811248,False,False,False,,[]
34,34,35,True,1.0,1.0,34.0,35.0,34.0,35.0,35.0,0.0,44.4,44.5,115.10644708333378,0.5000020265579224,0.5000020265579224,0.0,1.0,0.5967165999856013,0.5966300974777317,0.9999932247173647,0.9999932050704956,0.9999930494523556,0.999999775116861,0.9999997673714555,0.9999997084024638,0.9999996979917418,-5.720899309681463,-22.421450039817522,,891.1185576003965,False,False,False,,[]
35,35,36,True,1.0,1.0,35.0,36.0,35.0,36.0,36.0,0.0,44.5,44.2,53.77684981770899,0.5000020861625671,0.5000020861625671,0.0,1.0,0.5966300974777317,0.5965873939024926,0.9999930494523556,0.9999930262565613,0.9999929665584679,0.9999997673714555,0.9999997631019084,0.9999996979917418,0.9999996922675884,-2.824594628146537,-11.06876670197534,,942.5189152032385,False,False,False,,[]
36,36,37,True,1.0,1.0,36.0,37.0,36.0,37.0,37.0,0.0,44.2,42.7,-130.65386072916633,0.5000020861625671,0.5000020861625671,0.0,1.0,0.5965873939024926,0.5966442551732644,0.9999929665584679,0.9999929666519165,0.9999928546430764,0.9999997631019084,0.9999997549402675,0.9999996922675884,0.9999996811876133,3.7622621303132,14.738441384048613,,1027.1455204946376,False,False,False,,[]
37,37,38,True,1.0,1.0,37.0,38.0,37.0,38.0,38.0,0.0,42.7,39.9,-331.2958522656265,0.5000021457672119,0.5000021457672119,0.0,1.0,0.5966442551732644,0.596802100024781,0.9999928546430764,0.999992847442627,0.9999925205818571,0.9999997549402675,0.999999745219445,0.9999996811876133,0.99999966896126,10.447797675968687,40.91338551310558,,1114.195642699576,False,False,False,,[]
38,38,39,True,1.0,1.0,38.0,39.0,38.0,39.0,39.0,0.0,39.9,37.0,-348.5649845572916,0.5000022649765015,0.5000022649765015,0.0,1.0,0.596802100024781,0.5969574212830032,0.9999925205818571,0.9999925494194031,0.99999219151887,0.999999745219445,0.9999997354882378,0.99999966896126,0.9999996581338805,10.281676707616658,40.25927013122368,,1113.4076663316264,False,False,False,,[]
39,39,40,True,1.0,1.0,39.0,40.0,39.0,40.0,40.0,0.0,37.0,34.6,-273.66052322916636,0.5000023245811462,0.5000023245811462,0.0,1.0,0.5969574212830032,0.5970663372212712,0.99999219151887,0.9999921917915344,0.9999919659493351,0.9999997354882378,0.999999723409534,0.9999996581338805,0.9999996502191089,7.209440374297743,28.2310111990664,,1071.082966641961,False,False,False,,[]
40,40,41,True,1.0,1.0,40.0,41.0,40.0,41.0,41.0,0.0,34.6,32.3,-259.7349773958336,0.500002384185791,0.500002384185791,0.0,1.0,0.5970663372212712,0.597156314738912,0.9999919659493351,0.9999919533729553,0.9999917830227159,0.999999723409534,0.9999997106766917,0.9999996502191089,0.9999996372878268,5.955919704874836,23.32217257246373,,1048.2408086226226,False,False,False,,[]
41,41,42,True,1.0,1.0,41.0,42.0,41.0,42.0,42.0,0.0,32.3,29.0,-414.51955018229137,0.5000024437904358,0.5000024437904358,0.0,1.0,0.597156314738912,0.5973001639587179,0.9999917830227159,0.999991774559021,0.9999914768434496,0.9999997106766917,0.9999996995122291,0.9999996372878268,0.9999996250769783,9.524059248922013,37.28571777368152,,1098.7272126992495,False,False,False,,[]
42,42,43,True,1.0,1.0,42.0,43.0,42.0,43.0,43.0,0.0,29.0,25.1,-508.3023982291666,0.5000025629997253,0.5000025629997253,0.0,1.0,0.5973001639587179,0.5974565302156086,0.9999914768434496,0.9999914765357971,0.9999911457091573,0.9999996995122291,0.9999996863849338,0.9999996250769783,0.9999996139690663,10.354050138941558,40.53013378608277,,1109.8996191405797,False,False,False,,[]
43,43,44,True,1.0,1.0,43.0,44.0,43.0,44.0,44.0,0.0,25.1,22.2,-356.5440730989588,0.5000026822090149,0.5000026822090149,0.0,1.0,0.5974565302156086,0.597544577768985,0.9999911457091573,0.9999911189079285,0.9999909670438478,0.9999996863849338,0.9999996738314487,0.9999996139690663,0.9999996025720296,5.829456748049621,22.82192583515274,,1048.4713556849124,False,False,False,,[]
44,44,45,True,1.0,1.0,44.0,45.0,44.0,45.0,45.0,0.0,22.2,20.9,-112.06846489583312,0.5000027418136597,0.5000027418136597,0.0,1.0,0.597544577768985,0.5975674193045996,0.9999909670438478,0.9999909400939941,0.9999909235582888,0.9999996738314487,0.9999996690759663,0.9999996025720296,0.9999995976829471,1.5120633309823783,5.920526031310887,,1008.9274081965641,False,False,False,,[]
45,45,46,True,1.0,1.0,45.0,46.0,45.0,46.0,46.0,0.0,20.9,20.4,10.273473776041461,0.5000027418136597,0.5000027418136597,0.0,1.0,0.5975674193045996,0.597562257873486,0.9999909235582888,0.9999909400939941,0.9999909139004847,0.9999996690759663,0.9999996683808867,0.9999995976829471,0.9999995968853816,-0.3416540669079549,-1.337842944612857,,992.4377666012584,False,False,False,,[]
46,46,47,True,1.0,1.0,46.0,47.0,46.0,47.0,47.0,0.0,20.4,19.5,-51.3011362499995,0.5000027418136597,0.5000027418136597,0.0,1.0,0.597562257873486,0.5975702108729826,0.9999909139004847,0.9999909400939941,0.9999908989785468,0.9999996683808867,0.9999996655046088,0.9999995968853816,0.9999995936569436,0.5264649235515769,2.061417469503208,,1000.3562165958758,False,False,False,,[]
47,47,48,True,1.0,1.0,47.0,48.0,47.0,48.0,48.0,0.0,19.5,18.4,-82.30065018229205,0.5000027418136597,0.5000027418136597,0.0,1.0,0.5975702108729826,0.5975833363375734,0.9999908989785468,0.9999908804893494,0.9999908742267625,0.9999996655046088,0.9999996616707774,0.9999995936569436,0.999999589356353,0.8688945307591125,3.4021204219600936,,1002.5222096739966,False,False,False,,[]
48,48,49,True,1.0,1.0,48.0,49.0,48.0,49.0,49.0,0.0,18.4,17.8,-5.892271666666334,0.5000027418136597,0.5000027418136597,0.0,1.0,0.5975833363375734,0.5975840519013774,0.9999908742267625,0.9999908804893494,0.999990872893647,0.9999996616707774,0.999999661316041,0.999999589356353,0.9999995889424816,0.04736869171657765,0.18547413798930187,,999.8136792421799,False,False,False,,[]
49,49,50,True,1.0,1.0,49.0,50.0,49.0,50.0,50.0,0.0,17.8,17.8,86.03257677083336,0.5000027418136597,0.5000027418136597,0.0,1.0,0.5975840519013774,0.5975534262310961,0.999990872893647,0.9999908804893494,0.9999908141430206,0.999999661316041,0.999999657616493,0.9999995889424816,0.9999995844922811,-2.027173165132364,-7.938173736921645,,957.2579707253035,False,False,False,,[]
50,50,51,True,1.0,1.0,50.0,51.0,50.0,51.0,51.0,0.0,17.8,17.4,24.629243437499735,0.5000027418136597,0.5000027418136597,0.0,1.0,0.5975534262310961,0.5975432246301086,0.9999908141430206,0.9999908208847046,0.9999907949599582,0.999999657616493,0.9999996562669435,0.9999995844922811,0.9999995829054346,-0.6753055534843477,-2.6442549759741314,,985.167026507993,False,False,False,,[]
51,51,52,True,1.0,1.0,51.0,52.0,51.0,52.0,52.0,0.0,17.4,15.7,-175.04837322916674,0.5000027418136597,0.5000027418136597,0.0,1.0,0.5975432246301086,0.5975699976988104,0.9999907949599582,0.9999908208847046,0.9999907437931591,0.9999996562669435,0.9999996522949494,0.9999995829054346,0.9999995742378966,1.772487756461052,6.939579407506633,,1009.0989001801333,False,False,False,,[]
52,52,53,True,1.0,1.0,52.0,53.0,52.0,53.0,53.0,0.0,15.7,13.1,-313.6725918489582,0.5000027418136597,0.5000027418136597,0.0,1.0,0.5975699976988104,0.5976083045023429,0.9999907437931591,0.9999907612800598,0.9999906697531966,0.9999996522949494,0.9999996461613656,0.9999995742378966,0.9999995563574654,2.5362176831769956,9.929123475645397,,1006.9365769219676,False,False,False,,[]
53,53,54,True,1.0,1.0,53.0,54.0,53.0,54.0,54.0,0.0,13.1,12.1,-68.68033351562518,0.5000028014183044,0.5000028014183044,0.0,1.0,0.5976083045023429,0.5976145920064218,0.9999906697531966,0.9999906420707703,0.9999906579753755,0.9999996461613656,0.9999996438576444,0.9999995563574654,0.9999995529318246,0.4162524514354353,1.6297210572197913,,999.380743693699,False,False,False,,[]
54,54,55,True,1.0,1.0,54.0,55.0,54.0,55.0,55.0,0.0,12.1,12.0,69.26815085937507,0.5000028014183044,0.5000028014183044,0.0,1.0,0.5976145920064218,0.5975950477762114,0.9999906579753755,0.9999906420707703,0.999990620887031,0.9999996438576444,0.9999996415463568,0.9999995529318246,0.9999995496276765,-1.2937998333293765,-5.065864470525999,,971.9415061967824,False,False,False,,[]
55,55,56,True,1.0,1.0,55.0,56.0,55.0,56.0,56.0,0.0,12.0,12.0,84.59899500000002,0.5000028014183044,0.5000028014183044,0.0,1.0,0.5975950477762114,0.5975715027510419,0.999990620887031,0.9999906420707703,0.9999905760313141,0.9999996415463568,0.9999996388244242,0.9999995496276765,0.9999995456089789,-1.5586274353346286,-6.102870523960746,,966.3971841237408,False,False,False,,[]
56,56,57,True,1.0,1.0,56.0,57.0,56.0,57.0,57.0,0.0,12.0,12.0,84.59899500000002,0.5000028014183044,0.5000028014183044,0.0,1.0,0.5975715027510419,0.5975479576915932,0.9999905760313141,0.9999905824661255,0.9999905311755305,0.9999996388244242,0.9999996361024917,0.9999995456089789,0.9999995415902813,-1.5586274353346286,-6.102879409109707,,966.3971458677343,False,False,False,,[]
57,57,58,True,1.0,1.0,57.0,58.0,57.0,58.0,58.0,0.0,12.0,12.3,130.65149500000035,0.5000028610229492,0.5000028610229492,0.0,1.0,0.5975479576915932,0.5975123536510819,0.9999905311755305,0.9999905228614807,0.9999904625412198,0.9999996361024917,0.9999996323735809,0.9999995415902813,0.9999995353063781,-2.3568107769930937,-9.228567300521807,,950.1365619726726,False,False,False,,[]
58,58,59,True,1.0,1.0,58.0,59.0,58.0,59.0,59.0,0.0,12.3,12.6,130.71196023437486,0.5000028610229492,0.5000028610229492,0.0,1.0,0.5975123536510819,0.5974760267050069,0.9999904625412198,0.9999904632568359,0.999990392463815,0.9999996323735809,0.9999996286329362,0.9999995353063781,0.9999995288643369,-2.4046425413982817,-9.415944422656711,,949.2012435038384,False,False,False,,[]
59,59,60,True,1.0,1.0,59.0,60.0,59.0,60.0,60.0,0.0,12.6,14.7,407.0889184374999,0.5000028610229492,0.5000028610229492,0.0,1.0,0.5974760267050069,0.5973619847760919,0.999990392463815,0.9999904036521912,0.9999901550907867,0.9999996286329362,0.9999996217628916,0.9999995288643369,0.9999995068674737,-7.547048095949926,-29.5596679747601,,857.1579385900787,False,False,False,,[]
60,60,61,True,1.0,1.0,60.0,61.0,60.0,61.0,61.0,0.0,14.7,15.3,177.30192898437517,0.5000029802322388,0.5000029802322388,0.0,1.0,0.5973619847760919,0.5973073018558039,0.9999901550907867,0.9999901652336121,0.9999900476919764,0.9999996217628916,0.9999996177789903,0.9999995068674737,0.9999994966399869,-3.6193319906965615,-14.173812938636384,,926.2396557378341,False,False,False,,[]
61,61,62,True,1.0,1.0,61.0,62.0,61.0,62.0,62.0,0.0,15.3,15.9,177.4512258593752,0.5000029802322388,0.5000029802322388,0.0,1.0,0.5973073018558039,0.5972547818019336,0.9999900476919764,0.9999900460243225,0.9999899447591195,0.9999996177789903,0.9999996139454349,0.9999994966399869,0.9999994875214999,-3.476155025424809,-13.613197963199157,,929.5707194487297,False,False,False,,[]
62,62,63,True,1.0,1.0,62.0,63.0,62.0,63.0,63.0,0.0,15.9,16.2,131.55399460937485,0.5000030398368835,0.5000030398368835,0.0,1.0,0.5972547818019336,0.5972128620349001,0.9999899447591195,0.999989926815033,0.9999898634490886,0.9999996139454349,0.9999996099363724,0.9999994875214999,0.9999994805144304,-2.774611328407165,-10.865603615089427,,942.4476420757476,False,False,False,,[]
63,63,64,True,1.0,1.0,63.0,64.0,63.0,64.0,64.0,0.0,16.2,17.1,223.73886843750006,0.5000030398368835,0.5000030398368835,0.0,1.0,0.5972128620349001,0.5971491622591716,0.9999898634490886,0.9999898672103882,0.9999897372324699,0.9999996099363724,0.9999996059792412,0.9999994805144304,0.9999994709340927,-4.215880881600609,-16.510981868833596,,917.549963591155,False,False,False,,[]
64,64,65,True,1.0,1.0,64.0,65.0,64.0,65.0,65.0,0.0,17.1,17.8,193.28578106770846,0.5000030994415283,0.5000030994415283,0.0,1.0,0.5971491622591716,0.5970928388416562,0.9999897372324699,0.9999897480010986,0.9999896264340046,0.9999996059792412,0.9999996018214573,0.9999994709340927,0.9999994635804057,-3.7277133668861797,-14.59902981998363,,926.8573017152106,False,False,False,,[]
65,65,66,True,1.0,1.0,65.0,66.0,65.0,66.0,66.0,0.0,17.8,18.1,132.0850767708332,0.5000030994415283,0.5000030994415283,0.0,1.0,0.5970928388416562,0.5970506896554152,0.9999896264340046,0.9999896287918091,0.9999895446606282,0.9999996018214573,0.9999995974236844,0.9999994635804057,0.9999994582316791,-2.7896942327519656,-10.925069073679087,,943.3312403457586,False,False,False,,[]
66,66,67,True,1.0,1.0,66.0,67.0,66.0,67.0,67.0,0.0,18.1,18.4,132.17440606770822,0.5000030994415283,0.5000030994415283,0.0,1.0,0.5970506896554152,0.5970082538373375,0.9999895446606282,0.9999895691871643,0.9999894623080704,0.9999995974236844,0.999999592992986,0.9999994582316791,0.9999994530355915,-2.808644986029817,-10.999364045743725,,943.1312066438684,False,False,False,,[]
67,67,68,True,1.0,1.0,67.0,68.0,67.0,68.0,68.0,0.0,18.4,20.3,377.8785616666671,0.5000031590461731,0.5000031590461731,0.0,1.0,0.5970082538373375,0.5969033168134815,0.9999894623080704,0.9999894499778748,0.9999892458233329,0.999999592992986,0.9999995879296774,0.9999994530355915,0.9999994471284727,-6.943922287037045,-27.19967658346113,,879.0776593676321,False,False,False,,[]
68,68,69,True,1.0,1.0,68.0,69.0,68.0,69.0,69.0,0.0,20.3,23.2,531.9967727343744,0.5000032186508179,0.5000032186508179,0.0,1.0,0.5969033168134815,0.5967372199390271,0.9999892458233329,0.9999892711639404,0.9999888955098815,0.9999995879296774,0.9999995799171506,0.9999994471284727,0.9999994377806452,-10.988537328559014,-43.05230985859189,,820.6888611410558,False,False,False,,[]
69,69,70,True,1.0,1.0,69.0,70.0,69.0,70.0,70.0,0.0,23.2,26.5,594.4464283333335,0.5000033378601074,0.5000033378601074,0.0,1.0,0.5967372199390271,0.5965151080250454,0.9999888955098815,0.9999889135360718,0.9999884388241163,0.9999995799171506,0.9999995672670242,0.9999994377806452,0.9999994190615936,-14.690913890585525,-57.57140810405212,,769.7342533390112,False,False,False,,[]
70,70,71,True,1.0,1.0,70.0,71.0,70.0,71.0,71.0,0.0,26.5,29.8,595.806771692709,0.500003457069397,0.500003457069397,0.0,1.0,0.5965151080250454,0.596265243224648,0.9999884388241163,0.9999884366989136,0.9999879321962094,0.9999995672670242,0.9999995554182606,0.9999994190615936,0.999999397259208,-16.523788083736846,-64.76495626299634,,749.5247598570365,False,False,False,,[]
71,71,72,True,1.0,1.0,71.0,72.0,71.0,72.0,72.0,0.0,29.8,32.6,520.5935976041662,0.5000036358833313,0.5000036358833313,0.0,1.0,0.596265243224648,0.5960301973341774,0.9999879321962094,0.9999879598617554,0.999987451994692,0.9999995554182606,0.9999995438026085,0.999999397259208,0.9999993827752263,-15.543142206344033,-60.92389480998357,,763.8452629264073,False,False,False,,[]
72,72,73,True,1.0,1.0,72.0,73.0,72.0,73.0,73.0,0.0,32.6,34.4,368.53443927083333,0.5000037550926208,0.5000037550926208,0.0,1.0,0.5960301973341774,0.5958326784193513,0.999987451994692,0.9999874234199524,0.9999870411333072,0.9999995438026085,0.9999995263618524,0.9999993827752263,0.9999993648266692,-13.062046655254601,-51.19690272292224,,784.9328272809635,False,False,False,,[]
73,73,74,True,1.0,1.0,73.0,74.0,73.0,74.0,74.0,0.0,34.4,35.5,262.07889499999993,0.5000038743019104,0.5000038743019104,0.0,1.0,0.5958326784193513,0.5956914707216739,0.9999870411333072,0.9999870657920837,0.9999867402602489,0.9999995263618524,0.999999512690636,0.9999993648266692,0.9999993574268503,-9.339222767825673,-36.6010352379564,,838.6686365596233,False,False,False,,[]
74,74,75,True,1.0,1.0,74.0,75.0,74.0,75.0,75.0,0.0,35.5,36.4,232.01497481770838,0.5000039935112,0.5000039935112,0.0,1.0,0.5956914707216739,0.5955639989765594,0.9999867402602489,0.9999867677688599,0.9999864714248285,0.999999512690636,0.9999995009879098,0.9999993574268503,0.9999993506884521,-8.430801583472416,-33.040676333678405,,852.6629090488137,False,False,False,,[]
75,75,76,True,1.0,1.0,75.0,76.0,75.0,76.0,76.0,0.0,36.4,37.4,247.9025304166661,0.5000040531158447,0.5000040531158447,0.0,1.0,0.5955639989765594,0.5954275901436085,0.9999864714248285,0.999986469745636,0.9999861812150592,0.9999995009879098,0.9999994905807366,0.9999993506884521,0.999999343298374,-9.021357993719976,-35.357169500886606,,845.1463229436315,False,False,False,,[]
76,76,77,True,1.0,1.0,76.0,77.0,76.0,77.0,77.0,0.0,37.4,38.5,263.8654809375009,0.5000041723251343,0.5000041723251343,0.0,1.0,0.5954275901436085,0.5952794354691123,0.9999861812150592,0.9999861717224121,0.9999858664166554,0.9999994905807366,0.9999994800848351,0.999999343298374,0.9999993352086081,-9.797474235448085,-38.401691629408035,,834.5711537424002,False,False,False,,[]
77,77,78,True,1.0,1.0,77.0,78.0,77.0,78.0,78.0,0.0,38.5,39.3,218.5054696093746,0.500004231929779,0.500004231929779,0.0,1.0,0.5952794354691123,0.5951520576135282,0.9999858664166554,0.9999858736991882,0.9999855978039192,0.9999994800848351,0.999999469952948,0.9999993352086081,0.9999993283418228,-8.423736216779481,-33.01634016741944,,853.7975795002803,False,False,False,,[]
78,78,79,True,1.0,1.0,78.0,79.0,78.0,79.0,79.0,0.0,39.3,39.5,126.91670502604158,0.5000043511390686,0.5000043511390686,0.0,1.0,0.5951520576135282,0.5950747093427061,0.9999855978039192,0.9999855756759644,0.9999854424837354,0.999999469952948,0.9999994623180122,0.9999993283418228,0.9999993243020545,-5.1158488713337595,-20.048671797084236,,905.3419757989212,False,False,False,,[]
79,79,80,True,1.0,1.0,79.0,80.0,79.0,80.0,80.0,0.0,39.5,39.0,19.59158940104244,0.5000043511390686,0.5000043511390686,0.0,1.0,0.5950747093427061,0.5950592439497615,0.9999854424837354,0.9999854564666748,0.999985413252517,0.9999994623180122,0.9999994608010123,0.9999993243020545,0.9999993217123321,-1.0230808881912261,-4.008629851258108,,977.9996656523424,False,False,False,,[]
80,80,81,True,1.0,1.0,80.0,81.0,80.0,81.0,81.0,0.0,39.0,38.5,19.266039270833133,0.5000044107437134,0.5000044107437134,0.0,1.0,0.5950592439497615,0.5950441963850335,0.999985413252517,0.99998539686203,0.9999853848226608,0.9999994608010123,0.9999994593269256,0.9999993217123321,0.9999993191850165,-0.9954614867931356,-3.9003287775031943,,978.5770378012522,False,False,False,,[]
81,81,82,True,1.0,1.0,81.0,82.0,81.0,82.0,82.0,0.0,38.5,37.3,-88.51119705729201,0.5000044107437134,0.5000044107437134,0.0,1.0,0.5950441963850335,0.5950788470557686,0.9999853848226608,0.99998539686203,0.9999853180884405,0.9999994593269256,0.9999994536041924,0.9999993191850165,0.9999993150017183,2.292695254127779,8.981453854561911,,1018.4037963856221,False,False,False,,[]
82,82,83,True,1.0,1.0,82.0,83.0,82.0,83.0,83.0,0.0,37.3,37.0,48.89185606770802,0.5000044107437134,0.5000044107437134,0.0,1.0,0.5950788470557686,0.5950458206214616,0.9999853180884405,0.9999853372573853,0.9999852545833461,0.9999994536041924,0.9999994502036093,0.9999993150017183,0.9999993104883745,-2.1848533609057723,-8.560451772384127,,954.8445689458805,False,False,False,,[]
83,83,84,True,1.0,1.0,83.0,84.0,83.0,84.0,84.0,0.0,37.0,36.7,48.706976770834,0.5000044107437134,0.5000044107437134,0.0,1.0,0.5950458206214616,0.5950131521712149,0.9999852545833461,0.9999852776527405,0.9999851917885986,0.9999994502036093,0.9999994468311021,0.9999993104883745,0.999999306021416,-2.1611958379966563,-8.467662303961598,,955.3038265887656,False,False,False,,[]
84,84,85,True,1.0,1.0,84.0,85.0,84.0,85.0,85.0,0.0,36.7,35.9,-28.230576223958877,0.5000044107437134,0.5000044107437134,0.0,1.0,0.5950131521712149,0.5950219158754423,0.9999851917885986,0.9999852180480957,0.9999851753325175,0.9999994468311021,0.9999994448118925,0.999999306021416,0.9999993027810383,0.5798482885448625,2.2715521357402086,,1001.8619693985993,False,False,False,,[]
85,85,86,True,1.0,1.0,85.0,86.0,85.0,86.0,86.0,0.0,35.9,35.3,1.9893591927086658,0.5000044703483582,0.5000044703483582,0.0,1.0,0.5950219158754423,0.5950203775484252,0.9999851753325175,0.9999851584434509,0.9999851724642634,0.9999994448118925,0.9999994446647674,0.9999993027810383,0.9999993025046634,-0.1017827119102206,-0.39873436282648306,,997.7563926553166,False,False,False,,[]
86,86,87,True,1.0,1.0,86.0,87.0,86.0,87.0,87.0,0.0,35.3,34.6,-13.715805390625095,0.5000044703483582,0.5000044703483582,0.0,1.0,0.5950203775484252,0.5950242720988739,0.9999851724642634,0.9999851584434509,0.9999851651860071,0.9999994446647674,0.9999994436689217,0.9999993025046634,0.9999993007925649,0.25769130428458714,1.0094674763145635,,1000.4589911896477,False,False,False,,[]
87,87,88,True,1.0,1.0,87.0,88.0,87.0,88.0,88.0,0.0,34.6,34.2,31.930855937500226,0.5000044703483582,0.5000044703483582,0.0,1.0,0.5950242720988739,0.5950027216708605,0.9999851651860071,0.9999851584434509,0.9999851242102369,0.9999994436689217,0.9999994413870429,0.9999993007925649,0.999999297433974,-1.4258529657079912,-5.585870941047233,,969.6607927285739,False,False,False,,[]
88,88,89,True,1.0,1.0,88.0,89.0,88.0,89.0,89.0,0.0,34.2,31.9,-259.96323572916697,0.5000044703483582,0.5000044703483582,0.0,1.0,0.5950027216708605,0.595093446086606,0.9999851242102369,0.9999850988388062,0.9999849396303374,0.9999994413870429,0.9999994299699748,0.999999297433974,0.9999992854493327,6.004846663518425,23.51576856122231,,1051.3751485144344,False,False,False,,[]
89,89,90,True,1.0,1.0,89.0,90.0,89.0,90.0,90.0,0.0,31.9,27.3,-614.293380390625,0.5000045299530029,0.5000045299530029,0.0,1.0,0.595093446086606,0.5953004685424599,0.9999849396303374,0.9999849200248718,0.9999845108922709,0.9999994299699748,0.9999994128616667,0.9999992854493327,0.999999270759771,13.708222639324035,53.66022055733952,,1152.5395013146288,False,False,False,,[]
90,90,91,True,1.0,1.0,90.0,91.0,90.0,91.0,91.0,0.0,27.3,22.0,-724.0079095572917,0.5000046491622925,0.5000046491622925,0.0,1.0,0.5953004685424599,0.5955022897145514,0.9999845108922709,0.9999845027923584,0.9999840919122376,0.9999994128616667,0.9999994002224897,0.999999270759771,0.999999249802899,13.365077373922023,52.31204780612632,,1144.593156721913,False,False,False,,[]
91,91,92,True,1.0,1.0,91.0,92.0,91.0,92.0,92.0,0.0,22.0,17.0,-680.1226195833332,0.500004768371582,0.500004768371582,0.0,1.0,0.5955022897145514,0.595656350866979,0.9999840919122376,0.999984085559845,0.9999837653498809,0.9999994002224897,0.9999993910386475,0.999999249802899,0.9999992390886209,10.20183929375,39.93265070921699,,1112.9744733712803,False,False,False,,[]
92,92,93,True,1.0,1.0,92.0,93.0,92.0,93.0,93.0,0.0,17.0,14.2,-344.0216690625002,0.5000048875808716,0.5000048875808716,0.0,1.0,0.595656350866979,0.5957063184117127,0.9999837653498809,0.9999837875366211,0.9999836676638589,0.9999993910386475,0.9999993838285048,0.9999992390886209,0.9999992233228363,3.3080089549744525,12.951587594976159,,1017.5248459575731,False,False,False,,[]
93,93,94,True,1.0,1.0,93.0,94.0,93.0,94.0,94.0,0.0,14.2,12.0,-252.64125656250008,0.5000048875808716,0.5000048875808716,0.0,1.0,0.5957063184117127,0.595734326218447,0.9999836676638589,0.9999836683273315,0.9999836140726217,0.9999993838285048,0.9999993792663779,0.9999992233228363,0.9999992102215894,1.8541407181861058,7.259623505538846,,1005.0102870785929,False,False,False,,[]
94,94,95,True,1.0,1.0,94.0,95.0,94.0,95.0,95.0,0.0,12.0,9.1,-360.5751716666666,0.5000048875808716,0.5000048875808716,0.0,1.0,0.595734326218447,0.5957669195030666,0.9999836140726217,0.9999836087226868,0.9999835514269629,0.9999993792663779,0.9999993744541411,0.9999992102215894,0.9999991951629638,2.157785898468658,8.448179373391808,,1006.499831206897,False,False,False,,[]
95,95,96,True,1.0,1.0,95.0,96.0,95.0,96.0,96.0,0.0,9.1,5.8,-422.4860314322917,0.5000049471855164,0.5000049471855164,0.0,1.0,0.5957669195030666,0.5957876437139954,0.9999835514269629,0.999983549118042,0.9999835120539903,0.9999993744541411,0.9999993637742348,0.9999991951629638,0.9999991827033197,1.3719963046384547,5.371715472744742,,993.6874645206035,False,False,False,,[]
96,96,97,True,1.0,1.0,96.0,97.0,96.0,97.0,97.0,0.0,5.8,3.6,-254.03469406249988,0.5000049471855164,0.5000049471855164,0.0,1.0,0.5957876437139954,0.5957955052870887,0.9999835120539903,0.9999834895133972,0.9999834973049118,0.9999993637742348,0.9999993597229787,0.9999991827033197,0.9999991779769477,0.5204454373229164,2.0377197457737712,,997.6147402404696,False,False,False,,[]
97,97,98,True,1.0,1.0,97.0,98.0,97.0,98.0,98.0,0.0,3.6,2.2,-131.39955291666664,0.5000049471855164,0.5000049471855164,0.0,1.0,0.5957955052870887,0.595798014352835,0.9999834973049118,0.9999834895133972,0.9999834926222432,0.9999993597229787,0.999999358430002,0.9999991779769477,0.9999991764685048,0.16610251176388885,0.6503498414324147,,999.2399573400779,False,False,False,,[]
98,98,99,True,1.0,1.0,98.0,99.0,98.0,99.0,99.0,0.0,2.2,0.0,-254.27356906250003,0.5000049471855164,0.5000049471855164,0.0,1.0,0.595798014352835,0.5957998560169342,0.9999834926222432,0.9999834895133972,0.9999834891873893,0.999999358430002,0.999999357480944,0.9999991764685048,0.9999991753612925,0.1219209164479167,0.47735933451936186,,999.4422197419203,False,False,False,,[]
99,99,100,True,1.0,1.0,99.0,100.0,99.0,100.0,100.0,0.0,0.0,0.0,83.40462000000002,0.5000049471855164,0.5000049471855164,0.0,1.0,0.5957998560169342,0.5957998560169342,0.9999834891873893,0.9999834895133972,0.9999834891873893,0.999999357480944,0.999999357480944,0.9999991753612925,0.9999991753612925,-0.0,0.0,,1000.0,False,False,False,,[]
100,100,101,True,1.0,1.0,100.0,101.0,100.0,101.0,101.0,0.0,0.0,0.0,83.40462000000002,0.5000049471855164,0.5000049471855164,0.0,1.0,0.5957998560169342,0.5957998560169342,0.9999834891873893,0.9999834895133972,0.9999834891873893,0.999999357480944,0.999999357480944,0.9999991753612925,0.9999991753612925,-0.0,0.0,,1000.0,False,False,False,,[]
101,101,102,True,1.0,1.0,101.0,102.0,101.0,102.0,102.0,0.0,0.0,0.0,83.40462000000002,0.5000049471855164,0.5000049471855164,0.0,1.0,0.5957998560169342,0.5957998560169342,0.9999834891873893,0.9999834895133972,0.9999834891873893,0.999999357480944,0.999999357480944,0.9999991753612925,0.9999991753612925,-0.0,0.0,,1000.0,False,False,False,,[]
102,102,103,True,1.0,1.0,102.0,103.0,102.0,103.0,103.0,0.0,0.0,0.0,83.40462000000002,0.5000049471855164,0.5000049471855164,0.0,1.0,0.5957998560169342,0.5957998560169342,0.9999834891873893,0.9999834895133972,0.9999834891873893,0.999999357480944,0.999999357480944,0.9999991753612925,0.9999991753612925,-0.0,0.0,,1000.0,False,False,False,,[]
103,103,104,True,1.0,1.0,103.0,104.0,103.0,104.0,104.0,0.0,0.0,0.0,83.40462000000002,0.5000049471855164,0.5000049471855164,0.0,1.0,0.5957998560169342,0.5957998560169342,0.9999834891873893,0.9999834895133972,0.9999834891873893,0.999999357480944,0.999999357480944,0.9999991753612925,0.9999991753612925,-0.0,0.0,,1000.0,False,False,False,,[]
104,104,105,True,1.0,1.0,104.0,105.0,104.0,105.0,105.0,0.0,0.0,0.0,83.40462000000002,0.5000049471855164,0.5000049471855164,0.0,1.0,0.5957998560169342,0.5957998560169342,0.9999834891873893,0.9999834895133972,0.9999834891873893,0.999999357480944,0.999999357480944,0.9999991753612925,0.9999991753612925,-0.0,0.0,,1000.0,False,False,False,,[]
105,105,106,True,1.0,1.0,105.0,106.0,105.0,106.0,106.0,0.0,0.0,0.0,83.40462000000002,0.5000049471855164,0.5000049471855164,0.0,1.0,0.5957998560169342,0.5957998560169342,0.9999834891873893,0.9999834895133972,0.9999834891873893,0.999999357480944,0.999999357480944,0.9999991753612925,0.9999991753612925,-0.0,0.0,,1000.0,False,False,False,,[]
106,106,107,True,1.0,1.0,106.0,107.0,106.0,107.0,107.0,0.0,0.0,0.0,83.40462000000002,0.5000049471855164,0.5000049471855164,0.0,1.0,0.5957998560169342,0.5957998560169342,0.9999834891873893,0.9999834895133972,0.9999834891873893,0.999999357480944,0.999999357480944,0.9999991753612925,0.9999991753612925,-0.0,0.0,,1000.0,False,False,False,,[]
107,107,108,True,1.0,1.0,107.0,108.0,107.0,108.0,108.0,0.0,0.0,0.0,83.40462000000002,0.5000049471855164,0.5000049471855164,0.0,1.0,0.5957998560169342,0.5957998560169342,0.9999834891873893,0.9999834895133972,0.9999834891873893,0.999999357480944,0.999999357480944,0.9999991753612925,0.9999991753612925,-0.0,0.0,,1000.0,False,False,False,,[]
108,108,109,True,1.0,1.0,108.0,109.0,108.0,109.0,109.0,0.0,0.0,0.0,83.40462000000002,0.5000049471855164,0.5000049471855164,0.0,1.0,0.5957998560169342,0.5957998560169342,0.9999834891873893,0.9999834895133972,0.9999834891873893,0.999999357480944,0.999999357480944,0.9999991753612925,0.9999991753612925,-0.0,0.0,,1000.0,False,False,False,,[]
109,109,110,True,1.0,1.0,109.0,110.0,109.0,110.0,110.0,0.0,0.0,0.0,83.40462000000002,0.5000049471855164,0.5000049471855164,0.0,1.0,0.5957998560169342,0.5957998560169342,0.9999834891873893,0.9999834895133972,0.9999834891873893,0.999999357480944,0.999999357480944,0.9999991753612925,0.9999991753612925,-0.0,0.0,,1000.0,False,False,False,,[]
110,110,111,True,1.0,1.0,110.0,111.0,110.0,111.0,111.0,0.0,0.0,0.0,83.40462000000002,0.5000049471855164,0.5000049471855164,0.0,1.0,0.5957998560169342,0.5957998560169342,0.9999834891873893,0.9999834895133972,0.9999834891873893,0.999999357480944,0.999999357480944,0.9999991753612925,0.9999991753612925,-0.0,0.0,,1000.0,False,False,False,,[]
111,111,112,True,1.0,1.0,111.0,112.0,111.0,112.0,112.0,0.0,0.0,0.0,83.40462000000002,0.5000049471855164,0.5000049471855164,0.0,1.0,0.5957998560169342,0.5957998560169342,0.9999834891873893,0.9999834895133972,0.9999834891873893,0.999999357480944,0.999999357480944,0.9999991753612925,0.9999991753612925,-0.0,0.0,,1000.0,False,False,False,,[]
112,112,113,True,1.0,1.0,112.0,113.0,112.0,113.0,113.0,0.0,0.0,0.0,83.40462000000002,0.5000049471855164,0.5000049471855164,0.0,1.0,0.5957998560169342,0.5957998560169342,0.9999834891873893,0.9999834895133972,0.9999834891873893,0.999999357480944,0.999999357480944,0.9999991753612925,0.9999991753612925,-0.0,0.0,,1000.0,False,False,False,,[]
113,113,114,True,1.0,1.0,113.0,114.0,113.0,114.0,114.0,0.0,0.0,0.0,83.40462000000002,0.5000049471855164,0.5000049471855164,0.0,1.0,0.5957998560169342,0.5957998560169342,0.9999834891873893,0.9999834895133972,0.9999834891873893,0.999999357480944,0.999999357480944,0.9999991753612925,0.9999991753612925,-0.0,0.0,,1000.0,False,False,False,,[]
114,114,115,True,1.0,1.0,114.0,115.0,114.0,115.0,115.0,0.0,0.0,0.0,83.40462000000002,0.5000049471855164,0.5000049471855164,0.0,1.0,0.5957998560169342,0.5957998560169342,0.9999834891873893,0.9999834895133972,0.9999834891873893,0.999999357480944,0.999999357480944,0.9999991753612925,0.9999991753612925,-0.0,0.0,,1000.0,False,False,False,,[]
115,115,116,True,1.0,1.0,115.0,116.0,115.0,116.0,116.0,0.0,0.0,0.0,83.40462000000002,0.5000049471855164,0.5000049471855164,0.0,1.0,0.5957998560169342,0.5957998560169342,0.9999834891873893,0.9999834895133972,0.9999834891873893,0.999999357480944,0.999999357480944,0.9999991753612925,0.9999991753612925,-0.0,0.0,,1000.0,False,False,False,,[]
116,116,117,True,1.0,1.0,116.0,117.0,116.0,117.0,117.0,0.0,0.0,0.0,83.40462000000002,0.5000049471855164,0.5000049471855164,0.0,1.0,0.5957998560169342,0.5957998560169342,0.9999834891873893,0.9999834895133972,0.9999834891873893,0.999999357480944,0.999999357480944,0.9999991753612925,0.9999991753612925,-0.0,0.0,,1000.0,False,False,False,,[]
117,117,118,True,1.0,1.0,117.0,118.0,117.0,118.0,118.0,0.0,0.0,0.0,83.40462000000002,0.5000049471855164,0.5000049471855164,0.0,1.0,0.5957998560169342,0.5957998560169342,0.9999834891873893,0.9999834895133972,0.9999834891873893,0.999999357480944,0.999999357480944,0.9999991753612925,0.9999991753612925,-0.0,0.0,,1000.0,False,False,False,,[]
118,118,119,True,1.0,1.0,118.0,119.0,118.0,119.0,119.0,0.0,0.0,0.0,83.40462000000002,0.5000049471855164,0.5000049471855164,0.0,1.0,0.5957998560169342,0.5957998560169342,0.9999834891873893,0.9999834895133972,0.9999834891873893,0.999999357480944,0.999999357480944,0.9999991753612925,0.9999991753612925,-0.0,0.0,,1000.0,False,False,False,,[]
119,119,120,True,1.0,1.0,119.0,120.0,119.0,120.0,120.0,0.0,0.0,0.0,83.40462000000002,0.5000049471855164,0.5000049471855164,0.0,1.0,0.5957998560169342,0.5957998560169342,0.9999834891873893,0.9999834895133972,0.9999834891873893,0.999999357480944,0.999999357480944,0.9999991753612925,0.9999991753612925,-0.0,0.0,,1000.0,False,False,False,,[]
120,120,121,True,1.0,1.0,120.0,121.0,120.0,121.0,121.0,0.0,0.0,0.0,83.40462000000002,0.5000049471855164,0.5000049471855164,0.0,1.0,0.5957998560169342,0.5957998560169342,0.9999834891873893,0.9999834895133972,0.9999834891873893,0.999999357480944,0.999999357480944,0.9999991753612925,0.9999991753612925,-0.0,0.0,,1000.0,False,False,False,,[]
121,121,122,True,1.0,1.0,121.0,122.0,121.0,122.0,122.0,0.0,0.0,0.0,83.40462000000002,0.5000049471855164,0.5000049471855164,0.0,1.0,0.5957998560169342,0.5957998560169342,0.9999834891873893,0.9999834895133972,0.9999834891873893,0.999999357480944,0.999999357480944,0.9999991753612925,0.9999991753612925,-0.0,0.0,,1000.0,False,False,False,,[]
122,122,123,True,1.0,1.0,122.0,123.0,122.0,123.0,123.0,0.0,0.0,0.0,83.40462000000002,0.5000049471855164,0.5000049471855164,0.0,1.0,0.5957998560169342,0.5957998560169342,0.9999834891873893,0.9999834895133972,0.9999834891873893,0.999999357480944,0.999999357480944,0.9999991753612925,0.9999991753612925,-0.0,0.0,,1000.0,False,False,False,,[]
123,123,124,True,1.0,1.0,123.0,124.0,123.0,124.0,124.0,0.0,0.0,0.0,83.40462000000002,0.5000049471855164,0.5000049471855164,0.0,1.0,0.5957998560169342,0.5957998560169342,0.9999834891873893,0.9999834895133972,0.9999834891873893,0.999999357480944,0.999999357480944,0.9999991753612925,0.9999991753612925,-0.0,0.0,,1000.0,False,False,False,,[]
124,124,125,True,1.0,1.0,124.0,125.0,124.0,125.0,125.0,0.0,0.0,0.0,83.40462000000002,0.5000049471855164,0.5000049471855164,0.0,1.0,0.5957998560169342,0.5957998560169342,0.9999834891873893,0.9999834895133972,0.9999834891873893,0.999999357480944,0.999999357480944,0.9999991753612925,0.9999991753612925,-0.0,0.0,,1000.0,False,False,False,,[]
125,125,126,True,1.0,1.0,125.0,126.0,125.0,126.0,126.0,0.0,0.0,0.0,83.40462000000002,0.5000049471855164,0.5000049471855164,0.0,1.0,0.5957998560169342,0.5957998560169342,0.9999834891873893,0.9999834895133972,0.9999834891873893,0.999999357480944,0.999999357480944,0.9999991753612925,0.9999991753612925,-0.0,0.0,,1000.0,False,False,False,,[]
126,126,127,True,1.0,1.0,126.0,127.0,126.0,127.0,127.0,0.0,0.0,0.0,83.40462000000002,0.5000049471855164,0.5000049471855164,0.0,1.0,0.5957998560169342,0.5957998560169342,0.9999834891873893,0.9999834895133972,0.9999834891873893,0.999999357480944,0.999999357480944,0.9999991753612925,0.9999991753612925,-0.0,0.0,,1000.0,False,False,False,,[]
127,127,128,True,1.0,1.0,127.0,128.0,127.0,128.0,128.0,0.0,0.0,0.0,83.40462000000002,0.5000049471855164,0.5000049471855164,0.0,1.0,0.5957998560169342,0.5957998560169342,0.9999834891873893,0.9999834895133972,0.9999834891873893,0.999999357480944,0.999999357480944,0.9999991753612925,0.9999991753612925,-0.0,0.0,,1000.0,False,False,False,,[]
128,128,129,True,1.0,1.0,128.0,129.0,128.0,129.0,129.0,0.0,0.0,0.0,83.40462000000002,0.5000049471855164,0.5000049471855164,0.0,1.0,0.5957998560169342,0.5957998560169342,0.9999834891873893,0.9999834895133972,0.9999834891873893,0.999999357480944,0.999999357480944,0.9999991753612925,0.9999991753612925,-0.0,0.0,,1000.0,False,False,False,,[]
129,129,130,True,1.0,1.0,129.0,130.0,129.0,130.0,130.0,0.0,0.0,0.0,83.40462000000002,0.5000049471855164,0.5000049471855164,0.0,1.0,0.5957998560169342,0.5957998560169342,0.9999834891873893,0.9999834895133972,0.9999834891873893,0.999999357480944,0.999999357480944,0.9999991753612925,0.9999991753612925,-0.0,0.0,,1000.0,False,False,False,,[]
130,130,131,True,1.0,1.0,130.0,131.0,130.0,131.0,131.0,0.0,0.0,0.0,83.40462000000002,0.5000049471855164,0.5000049471855164,0.0,1.0,0.5957998560169342,0.5957998560169342,0.9999834891873893,0.9999834895133972,0.9999834891873893,0.999999357480944,0.999999357480944,0.9999991753612925,0.9999991753612925,-0.0,0.0,,1000.0,False,False,False,,[]
131,131,132,True,1.0,1.0,131.0,132.0,131.0,132.0,132.0,0.0,0.0,0.0,83.40462000000002,0.5000049471855164,0.5000049471855164,0.0,1.0,0.5957998560169342,0.5957998560169342,0.9999834891873893,0.9999834895133972,0.9999834891873893,0.999999357480944,0.999999357480944,0.9999991753612925,0.9999991753612925,-0.0,0.0,,1000.0,False,False,False,,[]
132,132,133,True,1.0,1.0,132.0,133.0,132.0,133.0,133.0,0.0,0.0,0.0,83.40462000000002,0.5000049471855164,0.5000049471855164,0.0,1.0,0.5957998560169342,0.5957998560169342,0.9999834891873893,0.9999834895133972,0.9999834891873893,0.999999357480944,0.999999357480944,0.9999991753612925,0.9999991753612925,-0.0,0.0,,1000.0,False,False,False,,[]
133,133,134,True,1.0,1.0,133.0,134.0,133.0,134.0,134.0,0.0,0.0,0.0,83.40462000000002,0.5000049471855164,0.5000049471855164,0.0,1.0,0.5957998560169342,0.5957998560169342,0.9999834891873893,0.9999834895133972,0.9999834891873893,0.999999357480944,0.999999357480944,0.9999991753612925,0.9999991753612925,-0.0,0.0,,1000.0,False,False,False,,[]
134,134,135,True,1.0,1.0,134.0,135.0,134.0,135.0,135.0,0.0,0.0,0.0,83.40462000000002,0.5000049471855164,0.5000049471855164,0.0,1.0,0.5957998560169342,0.5957998560169342,0.9999834891873893,0.9999834895133972,0.9999834891873893,0.999999357480944,0.999999357480944,0.9999991753612925,0.9999991753612925,-0.0,0.0,,1000.0,False,False,False,,[]
135,135,136,True,1.0,1.0,135.0,136.0,135.0,136.0,136.0,0.0,0.0,0.0,83.40462000000002,0.5000049471855164,0.5000049471855164,0.0,1.0,0.5957998560169342,0.5957998560169342,0.9999834891873893,0.9999834895133972,0.9999834891873893,0.999999357480944,0.999999357480944,0.9999991753612925,0.9999991753612925,-0.0,0.0,,1000.0,False,False,False,,[]
136,136,137,True,1.0,1.0,136.0,137.0,136.0,137.0,137.0,0.0,0.0,0.0,83.40462000000002,0.5000049471855164,0.5000049471855164,0.0,1.0,0.5957998560169342,0.5957998560169342,0.9999834891873893,0.9999834895133972,0.9999834891873893,0.999999357480944,0.999999357480944,0.9999991753612925,0.9999991753612925,-0.0,0.0,,1000.0,False,False,False,,[]
137,137,138,True,1.0,1.0,137.0,138.0,137.0,138.0,138.0,0.0,0.0,0.2,114.10628666666669,0.5000049471855164,0.5000049471855164,0.0,1.0,0.5957998560169342,0.5957995672156275,0.9999834891873893,0.9999834895133972,0.999983488649569,0.999999357480944,0.9999993574422265,0.9999991753612925,0.9999991753161228,-0.01912289034132172,-0.0748572986937703,,999.5737112280922,False,False,False,,[]
138,138,139,True,1.0,1.0,138.0,139.0,138.0,139.0,139.0,0.0,0.2,1.9,344.3691184375,0.5000049471855164,0.5000049471855164,0.0,1.0,0.5957995672156275,0.595790415258676,0.999983488649569,0.9999834895133972,0.9999834714579164,0.9999993574422265,0.9999993562153175,0.9999991753161228,0.9999991738847575,-0.6059788408905229,-2.372187241826579,,986.6512046709724,False,False,False,,[]
139,139,140,True,1.0,1.0,139.0,140.0,139.0,140.0,140.0,0.0,1.9,6.1,728.1695623177084,0.5000049471855164,0.5000049471855164,0.0,1.0,0.595790415258676,0.5957166789062995,0.9999834714579164,0.9999834895133972,0.9999833239129525,0.9999993562153175,0.99999934633226,0.9999991738847575,0.9999991623547517,-4.881310959059549,-19.112462535986197,,900.9788947555566,False,False,False,,[]
140,140,141,True,1.0,1.0,140.0,141.0,140.0,141.0,141.0,0.0,6.1,11.7,943.3599164843752,0.5000050067901611,0.5070859641587795,0.014162056550127367,1.0,0.5957166789062995,0.5955384615961424,0.9999833239129525,0.9999833106994629,0.9999829499887185,0.99999934633226,0.9999993315340082,0.9999991623547517,0.9999991295897713,-11.79369033726368,-46.193926792716226,,791.6572212689236,False,False,False,,[]
141,141,142,True,1.0,1.0,141.0,142.0,141.0,142.0,142.0,0.0,11.7,16.4,806.0291894010419,0.5000051259994507,0.5000051259994507,0.0,1.0,0.5955384615961424,0.5953062086416918,0.9999829499887185,0.9999829530715942,0.9999824748300745,0.9999993315340082,0.9999993176979026,0.9999991295897713,0.999999084760266,-15.365838001711404,-60.19996579360788,,747.1415691008931,False,False,False,,[]
142,142,143,True,1.0,1.0,142.0,143.0,142.0,143.0,143.0,0.0,16.4,18.9,469.4062804166663,0.5000052452087402,0.5000052452087402,0.0,1.0,0.5953062086416918,0.5951835199047948,0.9999824748300745,0.999982476234436,0.9999822172897956,0.9999993176979026,0.9999993088626431,0.999999084760266,0.9999990780670587,-8.119129023667929,-31.80092060371602,,859.1277626328662,False,False,False,,[]
143,143,144,True,1.0,1.0,143.0,144.0,143.0,144.0,144.0,0.0,18.9,19.9,239.8757498177088,0.500005304813385,0.500005304813385,0.0,1.0,0.5951835199047948,0.5951167474230107,0.9999822172897956,0.9999822378158569,0.9999820845865286,0.9999993088626431,0.9999993056401565,0.9999990780670587,0.9999990743075707,-4.4193632919881765,-17.307427278439036,,919.9422272611108,False,False,False,,[]
144,144,145,True,1.0,1.0,144.0,145.0,144.0,145.0,145.0,0.0,19.9,20.8,224.8467341927084,0.5000053644180298,0.5000053644180298,0.0,1.0,0.5951167474230107,0.5950510925148323,0.9999820845865286,0.9999820590019226,0.9999819542468977,0.9999993056401565,0.9999993024716537,0.9999990743075707,0.9999990706110635,-4.345328623762217,-17.017752199811575,,921.1887288636725,False,False,False,,[]
145,145,146,True,1.0,1.0,145.0,146.0,145.0,146.0,146.0,0.0,20.8,22.8,394.00971999999996,0.5000054240226746,0.5000054240226746,0.0,1.0,0.5950510925148323,0.5949278200014313,0.9999819542468977,0.9999819397926331,0.9999816953333722,0.9999993024716537,0.9999992965237138,0.9999990706110635,0.9999990636719508,-8.157086320987652,-31.95223547354801,,860.5474889220277,False,False,False,,[]
146,146,147,True,1.0,1.0,146.0,147.0,146.0,147.0,147.0,0.0,22.8,25.4,486.8379804166667,0.5000054836273193,0.5000054836273193,0.0,1.0,0.5949278200014313,0.5947525529259812,0.9999816953333722,0.999981701374054,0.9999813271272668,0.9999992965237138,0.9999992829006675,0.9999990636719508,0.9999990541933996,-11.595243559071802,-45.42922595666068,,809.592516254963,False,False,False,,[]
147,147,148,True,1.0,1.0,147.0,148.0,147.0,148.0,148.0,0.0,25.4,27.7,441.8249184374997,0.5000056028366089,0.5000056028366089,0.0,1.0,0.5947525529259812,0.5945716884346015,0.9999813271272668,0.9999813437461853,0.9999809480883614,0.9999992829006675,0.9999992691644679,0.9999990541933996,0.9999990395209815,-11.964594155426607,-46.88007616560376,,801.8108097124809,False,False,False,,[]
148,148,149,True,1.0,1.0,148.0,149.0,148.0,149.0,149.0,0.0,27.7,29.2,320.0312310677086,0.5000057220458984,0.5000057220458984,0.0,1.0,0.5945716884346015,0.5944283996792186,0.9999809480883614,0.9999809265136719,0.9999806430337927,0.9999992691644679,0.9999992580640406,0.9999990395209815,0.9999990261302021,-9.479394668086687,-37.14044539526915,,834.5257183027455,False,False,False,,[]
149,149,150,True,1.0,1.0,149.0,150.0,149.0,150.0,150.0,0.0,29.2,29.8,182.58164708333402,0.500005841255188,0.500005841255188,0.0,1.0,0.5944283996792186,0.5943459015219541,0.9999806430337927,0.999980628490448,0.9999804765356107,0.9999992580640406,0.9999992503599356,0.9999990261302021,0.9999990217788994,-5.458532334147361,-21.383522362954878,,899.925265953991,False,False,False,,[]
150,150,151,True,1.0,1.0,150.0,151.0,150.0,151.0,151.0,0.0,29.8,29.4,29.366930937499248,0.500005841255188,0.500005841255188,0.0,1.0,0.5943459015219541,0.5943287187498546,0.9999804765356107,0.9999804496765137,0.9999804440037556,0.9999992503599356,0.9999992485541133,0.9999990217788994,0.9999990190581245,-1.1371187096203994,-4.45377452818764,,975.6453981576873,False,False,False,,[]
151,151,152,True,1.0,1.0,151.0,152.0,151.0,152.0,152.0,0.0,29.4,27.2,-247.14447739583315,0.500005841255188,0.500005841255188,0.0,1.0,0.5943287187498546,0.594401963109241,0.9999804440037556,0.9999804496765137,0.9999802975137826,0.9999992485541133,0.9999992393470237,0.9999990190581245,0.9999990084498714,4.848575177752389,18.98493795293678,,1040.3445832169134,False,False,False,,[]
152,152,153,True,1.0,1.0,152.0,153.0,152.0,153.0,153.0,0.0,27.2,22.6,-616.59728,0.5000059008598328,0.5000059008598328,0.0,1.0,0.594401963109241,0.5945740352511253,0.9999802975137826,0.9999802708625793,0.9999799355212186,0.9999992393470237,0.9999992278151603,0.9999990084498714,0.9999989892435652,11.39479981467533,44.60109917641005,,1117.486640348391,False,False,False,,[]
153,153,154,True,1.0,1.0,153.0,154.0,153.0,154.0,154.0,0.0,22.6,17.3,-725.9531648958333,0.5000060200691223,0.5000060200691223,0.0,1.0,0.5945740352511253,0.5947422554403805,0.9999799355212186,0.9999799132347107,0.9999795810489344,0.9999992278151603,0.9999992177862171,0.9999989892435652,0.9999989775434134,11.140588953593753,43.602673054955,,1124.9148991774491,False,False,False,,[]
154,154,155,True,1.0,1.0,154.0,155.0,154.0,155.0,155.0,0.0,17.3,13.3,-528.1463210156248,0.5000061392784119,0.5000061392784119,0.0,1.0,0.5947422554403805,0.594813947447522,0.9999795810489344,0.999979555606842,0.9999794378812743,0.9999992177862171,0.9999992073650711,0.9999989775434134,0.9999989488743082,4.746858072066198,18.582568251084073,,1018.625558017129,False,False,False,,[]
155,155,156,True,1.0,1.0,155.0,156.0,155.0,156.0,156.0,0.0,13.3,12.0,-114.68903976562528,0.5000061988830566,0.5000061988830566,0.0,1.0,0.594813947447522,0.594824892804765,0.9999794378812743,0.9999794363975525,0.9999794172846742,0.9999992073650711,0.9999992039361957,0.9999989488743082,0.999998943131182,0.7246037232964392,2.8370365973915472,,999.7137775778505,False,False,False,,[]
156,156,157,True,1.0,1.0,156.0,157.0,156.0,157.0,157.0,0.0,12.0,12.6,176.70399500000016,0.5000061988830566,0.5000061988830566,0.0,1.0,0.594824892804765,0.5947775386224862,0.9999794172846742,0.9999794363975525,0.9999793249441251,0.9999992039361957,0.9999991995310502,0.999998943131182,0.9999989345274396,-3.1344074880339035,-12.274204046673827,,934.9314583830771,False,False,False,,[]
157,157,158,True,1.0,1.0,157.0,158.0,157.0,158.0,158.0,0.0,12.6,14.1,314.98391843749994,0.5000061988830566,0.5000061988830566,0.0,1.0,0.5947775386224862,0.5946929269221113,0.9999793249441251,0.9999793171882629,0.9999791538269419,0.9999991995310502,0.9999991956152202,0.9999989345274396,0.9999989178816052,-5.599788193181191,-21.931352737159536,,891.0391976947394,False,False,False,,[]
158,158,159,True,1.0,1.0,158.0,159.0,158.0,159.0,159.0,0.0,14.1,17.2,560.9294373177084,0.5000062584877014,0.5000062584877014,0.0,1.0,0.5946929269221113,0.5945350921962077,0.9999791538269419,0.9999791383743286,0.9999788197857513,0.9999991956152202,0.9999991855230764,0.9999989178816052,0.9999988917162044,-10.443160531181892,-40.910760954213934,,814.6663472701658,False,False,False,,[]
159,159,160,True,1.0,1.0,159.0,160.0,159.0,160.0,160.0,0.0,17.2,20.1,531.0325637500005,0.5000063180923462,0.5000063180923462,0.0,1.0,0.5945350921962077,0.5943881951678348,0.9999788197857513,0.9999788403511047,0.9999785075012383,0.9999991855230764,0.999999177104446,0.9999988917162044,0.9999988808907971,-9.71924623587607,-38.07570975425737,,835.1640704822643,False,False,False,,[]
160,160,161,True,1.0,1.0,160.0,161.0,160.0,161.0,161.0,0.0,20.1,23.4,593.3330883593742,0.5000064373016357,0.5000064373016357,0.0,1.0,0.5943881951678348,0.5942029339685216,0.9999785075012383,0.9999784827232361,0.9999781200012787,0.999999177104446,0.9999991681680612,0.9999988808907971,0.9999988704652835,-12.255455528790492,-48.019702861977514,,804.2638248140648,False,False,False,,[]
161,161,162,True,1.0,1.0,161.0,162.0,161.0,162.0,162.0,0.0,23.4,25.5,410.3137309375004,0.5000065565109253,0.5000065565109253,0.0,1.0,0.5942029339685216,0.594044265604323,0.9999781200012787,0.9999781250953674,0.9999777843118329,0.9999991681680612,0.9999991547993613,0.9999988704652835,0.9999988563992531,-10.496466314794427,-41.12684000028546,,819.8925350327294,False,False,False,,[]
162,162,163,True,1.0,1.0,162.0,163.0,162.0,163.0,163.0,0.0,25.5,27.6,411.1654696093754,0.5000066757202148,0.5000066757202148,0.0,1.0,0.594044265604323,0.5938743257406892,0.9999777843118329,0.9999777674674988,0.9999774264782849,0.9999991547993613,0.9999991410799152,0.9999988563992531,0.9999988424516613,-11.241121581257248,-44.0484126538732,,810.77339048802,False,False,False,,[]
163,163,164,True,1.0,1.0,163.0,164.0,163.0,164.0,164.0,0.0,27.6,29.5,381.3886970833333,0.5000067949295044,0.5000067949295044,0.0,1.0,0.5938743257406892,0.5937060433974839,0.9999774264782849,0.9999774098396301,0.999977071884406,0.9999991410799152,0.9999991297635641,0.9999988424516613,0.9999988268571279,-11.130911938360743,-43.618783358819854,,812.5769915886914,False,False,False,,[]
164,164,165,True,1.0,1.0,164.0,165.0,164.0,165.0,165.0,0.0,29.5,31.1,336.23604252604184,0.500006914138794,0.500006914138794,0.0,1.0,0.5937060433974839,0.5935549789469041,0.999977071884406,0.9999770522117615,0.9999767512818143,0.9999991297635641,0.9999991188052937,0.9999988268571279,0.99999881862663,-9.992047701199745,-39.155905590283446,,831.7298426854774,False,False,False,,[]
165,165,166,True,1.0,1.0,165.0,166.0,165.0,166.0,166.0,0.0,31.1,32.1,244.93525502604115,0.5000069737434387,0.5000069737434387,0.0,1.0,0.5935549789469041,0.5934363956490274,0.9999767512818143,0.9999767541885376,0.9999765033571298,0.9999991188052937,0.9999991091262234,0.99999881862663,0.9999988104196444,-7.844050802720452,-30.736790809642812,,861.1322450285398,False,False,False,,[]
166,166,167,True,1.0,1.0,166.0,167.0,166.0,167.0,167.0,0.0,32.1,33.2,260.8102862760425,0.5000070333480835,0.5000070333480835,0.0,1.0,0.5934363956490274,0.5933026070372197,0.9999765033571298,0.9999765157699585,0.9999762194505454,0.9999991091262234,0.9999990977245761,0.9999988104196444,0.9999987993390138,-8.8491571302622,-34.678008180563786,,844.1229493219863,False,False,False,,[]
167,167,168,True,1.0,1.0,167.0,168.0,167.0,168.0,168.0,0.0,33.2,35.2,399.5635637499999,0.500007152557373,0.500007152557373,0.0,1.0,0.5933026070372197,0.5931006779727453,0.9999762194505454,0.9999762177467346,0.9999758002674595,0.9999990977245761,0.9999990874763316,0.9999987993390138,0.9999987836976147,-13.352808873227088,-52.34001351174624,,787.5646586042565,False,False,False,,[]
168,168,169,True,1.0,1.0,168.0,169.0,168.0,169.0,169.0,0.0,35.2,37.2,400.69821999999994,0.5000072717666626,0.5000072717666626,0.0,1.0,0.5931006779727453,0.5928843935024426,0.9999758002674595,0.9999758005142212,0.9999753543104275,0.9999990874763316,0.9999990710255002,0.9999987836976147,0.9999987719793072,-14.300514812014654,-56.0609347024636,,775.765512127991,False,False,False,,[]
169,169,170,True,1.0,1.0,169.0,170.0,169.0,170.0,170.0,0.0,37.2,38.0,217.68923041666625,0.5000073909759521,0.5000073909759521,0.0,1.0,0.5928843935024426,0.5927612877896776,0.9999753543104275,0.9999753832817078,0.999975095789427,0.9999990710255002,0.9999990609417573,0.9999987719793072,0.9999987653668391,-8.141459373161362,-31.909000748674817,,857.8874859099384,False,False,False,,[]
170,170,171,True,1.0,1.0,170.0,171.0,170.0,171.0,171.0,0.0,38.0,37.4,3.276547083332688,0.5000074505805969,0.5000074505805969,0.0,1.0,0.5927612877896776,0.5927586227298074,0.999975095789427,0.9999750852584839,0.9999750908148676,0.9999990609417573,0.9999990606878163,0.9999987653668391,0.9999987648892766,-0.17631278043817025,-0.6907835183626283,,996.1210853415233,False,False,False,,[]
171,171,172,True,1.0,1.0,171.0,172.0,171.0,172.0,172.0,0.0,37.4,35.1,-258.0628523958326,0.5000074505805969,0.5000074505805969,0.0,1.0,0.5927586227298074,0.5928622552975782,0.9999750908148676,0.9999750852584839,0.9999748772938684,0.9999990606878163,0.999999048741282,0.9999987648892766,0.9999987573318793,6.858494365850478,26.861561566186488,,1066.981396197657,False,False,False,,[]
172,172,173,True,1.0,1.0,172.0,173.0,172.0,173.0,173.0,0.0,35.1,31.0,-535.760922057292,0.5000075101852417,0.5000075101852417,0.0,1.0,0.5928622552975782,0.5930594965907862,0.9999748772938684,0.9999749064445496,0.9999744669578317,0.999999048741282,0.9999990351357726,0.9999987573318793,0.9999987339648536,13.058378997076055,51.12494319951386,,1135.3768319815356,False,False,False,,[]
173,173,174,True,1.0,1.0,173.0,174.0,173.0,174.0,174.0,0.0,31.0,27.1,-507.3070857291666,0.5000076293945312,0.5000076293945312,0.0,1.0,0.5930594965907862,0.5932287600318741,0.9999744669578317,0.9999744892120361,0.9999741104456672,0.9999990351357726,0.9999990228238319,0.9999987339648536,0.9999987220591336,11.206347070770338,43.87308392998813,,1122.831682318744,False,False,False,,[]
174,174,175,True,1.0,1.0,174.0,175.0,174.0,175.0,175.0,0.0,27.1,25.3,-186.81898455729169,0.5000077486038208,0.5000077486038208,0.0,1.0,0.5932287600318741,0.5932776451129659,0.9999741104456672,0.9999741315841675,0.9999740149769993,0.9999990228238319,0.9999990140043533,0.9999987220591336,0.9999987144295883,3.235592660544101,12.67101301899464,,1023.4253783294929,False,False,False,,[]
175,175,176,True,1.0,1.0,175.0,176.0,175.0,176.0,176.0,0.0,25.3,25.1,58.01203315104178,0.5000078082084656,0.5000078082084656,0.0,1.0,0.5932776451129659,0.5932509771653254,0.9999740149769993,0.9999740123748779,0.9999739640163411,0.9999990140043533,0.9999990111468486,0.9999987144295883,0.9999987108698468,-1.764741522496318,-6.912332028416439,,963.2229350225807,False,False,False,,[]
176,176,177,True,1.0,1.0,176.0,177.0,176.0,177.0,177.0,0.0,25.1,25.9,211.4367602343746,0.5000078082084656,0.5000078082084656,0.0,1.0,0.5932509771653254,0.593161372429847,0.9999739640163411,0.9999739527702332,0.9999737819140189,0.9999990111468486,0.9999990017387733,0.9999987108698468,0.999998702550527,-5.928414469711239,-23.225547435994223,,888.4605618088563,False,False,False,,[]
177,177,178,True,1.0,1.0,177.0,178.0,177.0,178.0,178.0,0.0,25.9,27.8,380.63433315104214,0.5000078678131104,0.5000078678131104,0.0,1.0,0.593161372429847,0.5930060595782214,0.9999737819140189,0.9999737739562988,0.9999734528677037,0.9999990017387733,0.9999989881578599,0.999998702550527,0.9999986940510822,-10.273435613794776,-40.257091141354856,,826.2429014015079,False,False,False,,[]
178,178,179,True,1.0,1.0,178.0,179.0,178.0,179.0,179.0,0.0,27.8,29.2,304.72643093749974,0.5000079870223999,0.5000079870223999,0.0,1.0,0.5930060595782214,0.5928695780849329,0.9999734528677037,0.999973475933075,0.9999731624827093,0.9999989881578599,0.9999989777937197,0.9999986940510822,0.999998681199426,-9.027897221648692,-35.37600306037161,,841.2298251216429,False,False,False,,[]
179,179,180,True,1.0,1.0,179.0,180.0,179.0,180.0,180.0,0.0,29.2,29.6,151.87998041666745,0.5000080466270447,0.5000080466270447,0.0,1.0,0.5928695780849329,0.5928007418460166,0.9999731624827093,0.9999731779098511,0.9999730254014675,0.9999989777937197,0.999998971115912,0.999998681199426,0.9999986775920942,-4.554128032308576,-17.842353127099205,,915.0558229862272,False,False,False,,[]
180,180,181,True,1.0,1.0,180.0,181.0,180.0,181.0,181.0,0.0,29.6,29.5,75.32089499999958,0.5000081062316895,0.5000081062316895,0.0,1.0,0.5928007418460166,0.5927625460938297,0.9999730254014675,0.9999729990959167,0.9999729515841665,0.999998971115912,0.9999989670080224,0.9999986775920942,0.9999986735113664,-2.5272059773692783,-9.900338966848532,,948.9771974635995,False,False,False,,[]
181,181,182,True,1.0,1.0,181.0,182.0,181.0,182.0,182.0,0.0,29.5,29.2,44.57020919270801,0.5000081062316895,0.5000081062316895,0.0,1.0,0.5927625460938297,0.5927377841712745,0.9999729515841665,0.999972939491272,0.999972904353942,0.9999989670080224,0.9999989642904601,0.9999986735113664,0.9999986699780523,-1.6384364079301934,-6.41829032629047,,965.4971657438495,False,False,False,,[]
182,182,183,True,1.0,1.0,182.0,183.0,182.0,183.0,183.0,0.0,29.2,28.3,-47.68085291666666,0.5000081062316895,0.5000081062316895,0.0,1.0,0.5927377841712745,0.5927499755134406,0.999972904353942,0.9999728798866272,0.9999728813847097,0.9999989642904601,0.9999989614487411,0.9999986699780523,0.9999986663957222,0.8067722813574754,3.1599958894442777,,1003.4824552739861,False,False,False,,[]
183,183,184,True,1.0,1.0,183.0,184.0,183.0,184.0,184.0,0.0,28.3,26.1,-247.67091476562484,0.5000081062316895,0.5000081062316895,0.0,1.0,0.5927499755134406,0.592818457527901,0.9999728813847097,0.9999728798866272,0.9999727450561241,0.9999989614487411,0.9999989500204951,0.9999986663957222,0.9999986565700107,4.532773432723001,17.750538148134403,,1034.7630706698933,False,False,False,,[]
184,184,185,True,1.0,1.0,184.0,185.0,184.0,185.0,185.0,0.0,26.1,23.6,-294.7160730989585,0.5000081658363342,0.5000081658363342,0.0,1.0,0.592818457527901,0.5928933716237426,0.9999727450561241,0.9999727606773376,0.9999725949817108,0.9999989500204951,0.9999989382603787,0.9999986565700107,0.9999986457010048,4.958852460252368,19.417733642146025,,1038.7209537522933,False,False,False,,[]
185,185,186,True,1.0,1.0,185.0,186.0,185.0,186.0,186.0,0.0,23.6,21.0,-311.0974695833334,0.500008225440979,0.500008225440979,0.0,1.0,0.5928933716237426,0.5929596178986896,0.9999725949817108,0.9999725818634033,0.9999724633919803,0.9999989382603787,0.9999989219553456,0.9999986457010048,0.9999986355302365,4.3851982347906375,17.171034466248475,,1027.339033155814,False,False,False,,[]
186,186,187,True,1.0,1.0,186.0,187.0,186.0,187.0,187.0,0.0,21.0,18.9,-235.30510656250033,0.5000082850456238,0.5000082850456238,0.0,1.0,0.5929596178986896,0.5930141684828454,0.9999724633919803,0.9999724626541138,0.9999723562669512,0.9999989219553456,0.9999989187046232,0.9999986355302365,0.9999986317378528,3.6110283660937545,14.139511413194699,,1038.2005639518675,False,False,False,,[]
187,187,188,True,1.0,1.0,187.0,188.0,187.0,188.0,188.0,0.0,18.9,17.1,-189.9475835156245,0.5000082850456238,0.5000082850456238,0.0,1.0,0.5930141684828454,0.5930499501819162,0.9999723562669512,0.9999723434448242,0.9999722872781771,0.9999989187046232,0.9999989144674876,0.9999986317378528,0.9999986262135903,2.368556509666708,9.27461639916817,,1019.4941799946911,False,False,False,,[]
188,188,189,True,1.0,1.0,188.0,189.0,188.0,189.0,189.0,0.0,17.1,15.7,-129.0817189322919,0.5000083446502686,0.5000083446502686,0.0,1.0,0.5930499501819162,0.5930678471479995,0.9999722872781771,0.9999722838401794,0.9999722533704684,0.9999989144674876,0.9999989103885233,0.9999986262135903,0.9999986191628744,1.1846517385325623,4.638893608787861,,1003.3879545100104,False,False,False,,[]
189,189,190,True,1.0,1.0,189.0,190.0,189.0,190.0,190.0,0.0,15.7,14.5,-98.7609251822915,0.5000083446502686,0.5000083446502686,0.0,1.0,0.5930678471479995,0.5930796165093677,0.9999722533704684,0.9999722242355347,0.9999722312054254,0.9999989103885233,0.9999989070014259,0.9999986191628744,0.9999986137463117,0.7790494013238383,3.050618466629878,,1000.7497587707909,False,False,False,,[]
190,190,191,True,1.0,1.0,190.0,191.0,190.0,191.0,191.0,0.0,14.5,13.7,-37.65817622395838,0.5000083446502686,0.5000083446502686,0.0,1.0,0.5930796165093677,0.5930833249497001,0.9999722312054254,0.9999722242355347,0.9999722242762391,0.9999989070014259,0.9999989054268796,0.9999986137463117,0.9999986116444097,0.2454709799097944,0.9612277341604583,,999.3395099772482,False,False,False,,[]
191,191,192,True,1.0,1.0,191.0,192.0,191.0,192.0,192.0,0.0,13.7,12.9,-37.84529497395814,0.5000083446502686,0.5000083446502686,0.0,1.0,0.5930833249497001,0.5930868413141397,0.9999722242762391,0.9999722242355347,0.9999722177071793,0.9999989054268796,0.9999989039353594,0.9999986116444097,0.9999986096519131,0.23276008757922875,0.9114416627561872,,999.3758314313893,False,False,False,,[]
192,192,193,True,1.0,1.0,192.0,193.0,192.0,193.0,193.0,0.0,12.9,12.5,23.38153627604165,0.5000083446502686,0.5000083446502686,0.0,1.0,0.5930868413141397,0.5930795860374218,0.9999722177071793,0.9999722242355347,0.9999722041036428,0.9999989039353594,0.9999989030066521,0.9999986096519131,0.9999986084764451,-0.48024153437145983,-1.8805677252758768,,989.3938896940409,False,False,False,,[]
193,193,194,True,1.0,1.0,193.0,194.0,193.0,194.0,194.0,0.0,12.5,12.2,38.648099817708015,0.5000083446502686,0.5000083446502686,0.0,1.0,0.5930795860374218,0.5930681694420357,0.9999722041036428,0.9999722242355347,0.9999721826103769,0.9999989030066521,0.9999989015966424,0.9999986084764451,0.9999986065870222,-0.7556835120202524,-2.9591815241025006,,983.4143680761244,False,False,False,,[]
194,194,195,True,1.0,1.0,194.0,195.0,194.0,195.0,195.0,0.0,12.2,12.0,53.93747260416678,0.5000083446502686,0.5000083446502686,0.0,1.0,0.5930681694420357,0.59305274000964,0.9999721826103769,0.9999721646308899,0.9999721534481536,0.9999989015966424,0.9999988997341742,0.9999986065870222,0.9999986040035129,-1.021292731717073,-3.9993088769333993,,977.7162508145142,False,False,False,,[]
195,195,196,True,1.0,1.0,195.0,196.0,195.0,196.0,196.0,0.0,12.0,12.0,84.59899500000002,0.5000083446502686,0.5000083446502686,0.0,1.0,0.59305274000964,0.593029192187699,0.9999721534481536,0.9999721646308899,0.9999721085869859,0.9999988997341742,0.999998897012218,0.9999986040035129,0.99999859998486,-1.5586247867148058,-6.103595447109639,,966.3940826909334,False,False,False,,[]
196,196,197,True,1.0,1.0,196.0,197.0,196.0,197.0,197.0,0.0,12.0,12.0,84.59899500000002,0.5000083446502686,0.5000083446502686,0.0,1.0,0.593029192187699,0.5930056443716756,0.9999721085869859,0.9999721050262451,0.9999720637258298,0.999998897012218,0.9999988942902618,0.99999859998486,0.999998595966207,-1.5586247867148058,-6.103593913281664,,966.3940892958145,False,False,False,,[]
197,197,198,True,1.0,1.0,197.0,198.0,197.0,198.0,198.0,0.0,12.0,12.0,84.59899500000002,0.5000084042549133,0.5000084042549133,0.0,1.0,0.5930056443716756,0.5929820965616891,0.9999720637258298,0.9999720454216003,0.9999720188646855,0.9999988942902618,0.9999988915683053,0.999998595966207,0.9999985919475545,-1.558624758234912,-6.103592348487778,,966.3940962402663,False,False,False,,[]
198,198,199,True,1.0,1.0,198.0,199.0,198.0,199.0,199.0,0.0,12.0,12.5,161.35316166666692,0.5000084042549133,0.5000084042549133,0.0,1.0,0.5929820965616891,0.5929386241051403,0.9999720188646855,0.9999720454216003,0.9999719344147897,0.9999988915683053,0.9999988873498634,0.9999985919475545,0.999998584123217,-2.8772533137710514,-11.268060737444513,,939.8847588221072,False,False,False,,[]
199,199,200,True,1.0,1.0,199.0,200.0,199.0,200.0,200.0,0.0,12.5,13.0,161.45476648437497,0.5000084042549133,0.5000084042549133,0.0,1.0,0.5929386241051403,0.5928937052115222,0.9999719344147897,0.9999719262123108,0.9999718470314751,0.9999988873498634,0.9999988831431857,0.999998584123217,0.9999985759743907,-2.9729488838216755,-11.64297722582781,,938.075102452184,False,False,False,,[]
200,200,201,True,1.0,1.0,200.0,201.0,200.0,201.0,201.0,0.0,13.0,14.0,238.31468510416664,0.5000084638595581,0.5000084638595581,0.0,1.0,0.5928937052115222,0.5928269030215798,0.9999718470314751,0.999971866607666,0.9999717142653078,0.9999988831431857,0.9999988786204714,0.9999985759743907,0.9999985632388165,-4.420948538019859,-17.315127633066236,,911.2969974613235,False,False,False,,[]
201,201,202,True,1.0,1.0,201.0,202.0,201.0,202.0,202.0,0.0,14.0,15.0,238.53863041666685,0.5000084638595581,0.5000084638595581,0.0,1.0,0.5928269030215798,0.5927557321205053,0.9999717142653078,0.9999716877937317,0.9999715722107225,0.9999988786204714,0.9999988742109097,0.9999985632388165,0.9999985495470124,-4.709921004547352,-18.447497558528788,,906.2258140153336,False,False,False,,[]
202,202,203,True,1.0,1.0,202.0,203.0,202.0,203.0,203.0,0.0,15.0,16.5,315.5333309374997,0.5000085234642029,0.5000085234642029,0.0,1.0,0.5927557321205053,0.5926694291005432,0.9999715722107225,0.9999715685844421,0.9999713973840223,0.9999988742109097,0.999998869328963,0.9999985495470124,0.9999985357473345,-5.710948388601058,-22.369742774152943,,890.894538329736,False,False,False,,[]
203,203,204,True,1.0,1.0,203.0,204.0,203.0,204.0,204.0,0.0,16.5,19.0,469.4335685677085,0.5000085830688477,0.5000085830688477,0.0,1.0,0.5926694291005432,0.5925449844047135,0.9999713973840223,0.9999713897705078,0.9999711357086282,0.999998869328963,0.9999988601372809,0.9999985357473345,0.9999985283858933,-8.233712604699816,-32.25606515906707,,856.7766278073423,False,False,False,,[]
204,204,205,True,1.0,1.0,204.0,205.0,204.0,205.0,205.0,0.0,19.0,21.2,424.1171851041665,0.5000086426734924,0.5000086426734924,0.0,1.0,0.5925449844047135,0.5924226217519389,0.9999711357086282,0.9999711513519287,0.9999708789347673,0.9999988601372809,0.9999988542340759,0.9999985283858933,0.9999985214990588,-8.095684160108023,-31.716399599148307,,861.4525231311188,False,False,False,,[]
205,205,206,True,1.0,1.0,205.0,206.0,205.0,206.0,206.0,0.0,21.2,23.8,486.25406375000006,0.500008761882782,0.500008761882782,0.0,1.0,0.5924226217519389,0.59224547372551,0.9999708789347673,0.9999708533287048,0.9999705070808378,0.9999988542340759,0.9999988363035969,0.9999985214990588,0.9999985070036842,-11.717890259271964,-45.916768450382506,,802.079456478791,False,False,False,,[]
206,206,207,True,1.0,1.0,206.0,207.0,206.0,207.0,207.0,0.0,23.8,26.9,563.9786601041665,0.5000088214874268,0.5000088214874268,0.0,1.0,0.59224547372551,0.5920292938338662,0.9999705070808378,0.9999704957008362,0.9999700613170891,0.9999988363035969,0.999998823459184,0.9999985070036842,0.9999984884840086,-14.297126886839404,-56.033827914077506,,773.9217141567121,False,False,False,,[]
207,207,208,True,1.0,1.0,207.0,208.0,207.0,208.0,208.0,0.0,26.9,29.6,503.8789373177094,0.5000090003013611,0.5000090003013611,0.0,1.0,0.5920292938338662,0.5918139626511273,0.9999700613170891,0.9999700784683228,0.9999696171229011,0.999998823459184,0.999998811453735,0.9999984884840086,0.9999984691426425,-14.239962397184426,-55.81384256590956,,774.5348934013984,False,False,False,,[]
208,208,209,True,1.0,1.0,208.0,209.0,208.0,209.0,209.0,0.0,29.6,32.0,459.091728333333,0.5000091195106506,0.5000091195106506,0.0,1.0,0.5918139626511273,0.5916052315781891,0.9999696171229011,0.9999696016311646,0.9999691851931074,0.999998811453735,0.9999987970856822,0.9999984691426425,0.9999984576173822,-13.802772370006094,-54.10309410556403,,782.5844498776727,False,False,False,,[]
209,209,210,True,1.0,1.0,209.0,210.0,209.0,210.0,210.0,0.0,32.0,35.2,583.1246200000003,0.5000092387199402,0.5000092387199402,0.0,1.0,0.5916052315781891,0.5913105992662234,0.9999691851931074,0.9999691843986511,0.9999686022745906,0.9999987970856822,0.9999987817358471,0.9999984576173822,0.9999984313984698,-19.476565218655175,-76.36869526149876,,717.1065496626914,False,False,False,,[]
210,210,211,True,1.0,1.0,210.0,211.0,210.0,211.0,211.0,0.0,35.2,37.5,446.7507199999992,0.5000094175338745,0.5000094175338745,0.0,1.0,0.5913105992662234,0.5910765332093613,0.9999686022745906,0.9999685883522034,0.9999681238400218,0.9999987817358471,0.9999987698099747,0.9999984313984698,0.9999984182792888,-15.474215215476473,-60.669921938667926,,765.1375381853164,False,False,False,,[]
211,211,212,True,1.0,1.0,211.0,212.0,211.0,212.0,212.0,0.0,37.5,39.2,356.0326050260423,0.5000095367431641,0.5000095367431641,0.0,1.0,0.5910765332093613,0.5908800825842305,0.9999681238400218,0.9999681115150452,0.9999677150011436,0.9999987698099747,0.9999987600751302,0.9999984182792888,0.999998407248868,-12.988010857889028,-50.920002033895955,,794.8495161509096,False,False,False,,[]
212,212,213,True,1.0,1.0,212.0,213.0,212.0,213.0,213.0,0.0,39.2,40.5,295.7107616666665,0.5000097155570984,0.5000097155570984,0.0,1.0,0.5908800825842305,0.5907082035305781,0.9999677150011436,0.9999676942825317,0.9999673533847999,0.9999987600751302,0.9999987497150714,0.999998407248868,0.9999983977289711,-11.363734804934854,-44.551050706712296,,814.3848750581682,False,False,False,,[]
213,213,214,True,1.0,1.0,213.0,214.0,213.0,214.0,214.0,0.0,40.5,41.6,265.86846440104154,0.5000097751617432,0.5000097751617432,0.0,1.0,0.5907082035305781,0.5905389371726208,0.9999673533847999,0.9999673366546631,0.9999669968669354,0.9999987497150714,0.9999987392201791,0.9999983977289711,0.9999983807749995,-11.190584829444965,-43.87383998251395,,811.4465846664498,False,False,False,,[]
214,214,215,True,1.0,1.0,214.0,215.0,214.0,215.0,215.0,0.0,41.6,43.1,328.020853333334,0.5000098943710327,0.5000098943710327,0.0,1.0,0.5905389371726208,0.590338904609073,0.9999669968669354,0.9999669790267944,0.9999665812569605,0.9999987392201791,0.9999987294854626,0.9999983807749995,0.9999983692242275,-13.22276068058666,-51.848440471585015,,791.8414676220185,False,False,False,,[]
215,215,216,True,1.0,1.0,215.0,216.0,215.0,216.0,216.0,0.0,43.1,45.0,390.4779737760412,0.5000100135803223,0.5000100135803223,0.0,1.0,0.590338904609073,0.5900903162488684,0.9999665812569605,0.999966561794281,0.9999660768831523,0.9999987294854626,0.9999987163518459,0.9999983692242275,0.9999983553285738,-16.429033321276037,-64.43410296504047,,754.1165271457803,False,False,False,,[]
216,216,217,True,1.0,1.0,216.0,217.0,216.0,217.0,217.0,0.0,45.0,47.1,422.5680184375004,0.5000101923942566,0.5000101923942566,0.0,1.0,0.5900903162488684,0.5898058356008679,0.9999660768831523,0.9999660849571228,0.9999655107805139,0.9999987163518459,0.9999987001843812,0.9999983553285738,0.9999983379735247,-18.797615269766915,-73.7373839617584,,727.4772538151155,False,False,False,,[]
217,217,218,True,1.0,1.0,217.0,218.0,217.0,218.0,218.0,0.0,47.1,49.0,393.4705466927079,0.5000103712081909,0.5000103712081909,0.0,1.0,0.5898058356008679,0.5895299470968595,0.9999655107805139,0.999965488910675,0.9999649591365203,0.9999987001843812,0.9999986849273943,0.9999983379735247,0.9999983210943245,-18.228778436115093,-71.51030023897698,,733.5739458545692,False,False,False,,[]
218,218,219,True,1.0,1.0,218.0,219.0,218.0,219.0,219.0,0.0,49.0,50.6,348.9324976041668,0.5000104904174805,0.5000104904174805,0.0,1.0,0.5895299470968595,0.5892695487846604,0.9999649591365203,0.9999649524688721,0.9999644340698536,0.9999986849273943,0.9999986710463802,0.9999983210943245,0.9999982990359341,-17.204737331671204,-67.49524252197698,,741.3753671532737,False,False,False,,[]
219,219,220,True,1.0,1.0,219.0,220.0,219.0,220.0,220.0,0.0,50.6,51.8,288.8509392708327,0.5000106692314148,0.5000106692314148,0.0,1.0,0.5892695487846604,0.5890541339252886,0.9999644340698536,0.9999644160270691,0.9999639897208416,0.9999986710463802,0.999998660805166,0.9999982990359341,0.9999982842725762,-14.233626849140883,-55.83553154916525,,778.2983444777932,False,False,False,,[]
220,220,221,True,1.0,1.0,220.0,221.0,220.0,221.0,221.0,0.0,51.8,52.7,243.81763927083432,0.5000107884407043,0.5000107884407043,0.0,1.0,0.5890541339252886,0.58886520730906,0.9999639897208416,0.9999639987945557,0.999963595199798,0.999998660805166,0.9999986495484996,0.9999982842725762,0.9999982711002909,-12.483800934647038,-48.969778926447354,,798.207116843048,False,False,False,,[]
221,221,222,True,1.0,1.0,221.0,222.0,221.0,222.0,222.0,0.0,52.7,53.1,167.84354877604147,0.5000109076499939,0.5000109076499939,0.0,1.0,0.58886520730906,0.5887247323193333,0.999963595199798,0.9999635815620422,0.9999632958010034,0.9999986495484996,0.9999986387209525,0.9999982711002909,0.9999982575537141,-9.283290839023204,-36.41111733716134,,836.9678711034045,False,False,False,,[]
222,222,223,True,1.0,1.0,222.0,223.0,222.0,223.0,223.0,0.0,53.1,53.5,168.19456231770812,0.5000110268592834,0.5000110268592834,0.0,1.0,0.5887247323193333,0.5885858332334494,0.9999632958010034,0.9999632835388184,0.9999629995765933,0.9999986387209525,0.9999986278337094,0.9999982575537141,0.9999982463375342,-9.179029080499088,-36.00264306112055,,839.8950484820267,False,False,False,,[]
223,223,224,True,1.0,1.0,223.0,224.0,223.0,224.0,224.0,0.0,53.5,53.8,153.1973966927077,0.5000110864639282,0.5000110864639282,0.0,1.0,0.5885858332334494,0.5884550063524413,0.9999629995765933,0.9999629855155945,0.9999627227581671,0.9999986278337094,0.9999986173561316,0.9999982463375342,0.9999982336667488,-8.645659415778383,-33.91032755729384,,846.2692020606896,False,False,False,,[]
224,224,225,True,1.0,1.0,224.0,225.0,224.0,225.0,225.0,0.0,53.8,54.2,168.81522260416747,0.5000112056732178,0.5000112056732178,0.0,1.0,0.5884550063524413,0.5883140738794662,0.9999627227581671,0.9999627470970154,0.9999624224387587,0.9999986173561316,0.9999986063655101,0.9999982336667488,0.9999982224448393,-9.313067673437414,-36.52969699512798,,838.0986611501829,False,False,False,,[]
225,225,226,True,1.0,1.0,225.0,226.0,225.0,226.0,226.0,0.0,54.2,54.8,199.87520177083303,0.5000112652778625,0.5000112652778625,0.0,1.0,0.5883140738794662,0.5881453279038934,0.9999624224387587,0.9999624490737915,0.9999620669381116,0.9999986063655101,0.9999985946787512,0.9999982224448393,0.9999982070634925,-11.149867250735554,-43.73895686845964,,812.1074527888381,False,False,False,,[]
226,226,227,True,1.0,1.0,226.0,227.0,226.0,227.0,227.0,0.0,54.8,55.3,185.06681375000025,0.5000113844871521,0.5000113844871521,0.0,1.0,0.5881453279038934,0.5879900684831686,0.9999620669381116,0.9999620914459229,0.9999617379977632,0.9999985946787512,0.9999985831906688,0.9999982070634925,0.9999981956020332,-10.258891279045947,-40.24324185186673,,825.6936051257715,False,False,False,,[]
227,227,228,True,1.0,1.0,227.0,228.0,227.0,228.0,228.0,0.0,55.3,55.8,185.52341335937425,0.5000115036964417,0.5000115036964417,0.0,1.0,0.5879900684831686,0.5878333628679818,0.9999617379977632,0.9999617338180542,0.9999614061913042,0.9999985831906688,0.9999985716350728,0.9999981956020332,0.9999981842563982,-10.354176253219755,-40.61809545639735,,824.5467623208368,False,False,False,,[]
228,228,229,True,1.0,1.0,228.0,229.0,228.0,229.0,229.0,0.0,55.8,56.2,170.63332677083415,0.5000115633010864,0.5000115633010864,0.0,1.0,0.5878333628679818,0.5876843292199359,0.9999614061913042,0.9999614357948303,0.9999610896378065,0.9999985716350728,0.9999985603569681,0.9999981842563982,0.9999981710705584,-9.84728037069046,-38.62952157352458,,829.7702017271635,False,False,False,,[]
229,229,230,True,1.0,1.0,229.0,230.0,229.0,230.0,230.0,0.0,56.2,56.5,155.65407677083368,0.500011682510376,0.500011682510376,0.0,1.0,0.5876843292199359,0.5875480454388493,0.9999610896378065,0.9999610781669617,0.9999607997295529,0.9999985603569681,0.9999985494281073,0.9999981710705584,0.9999981601096154,-9.00504136262145,-35.32475605762069,,842.3433109327765,False,False,False,,[]
230,230,231,True,1.0,1.0,230.0,231.0,230.0,231.0,231.0,0.0,56.5,56.5,109.88200606770836,0.5000117421150208,0.5000117421150208,0.0,1.0,0.5875480454388493,0.5874471115290737,0.9999607997295529,0.9999607801437378,0.9999605923170708,0.9999985494281073,0.999998540174571,0.9999981601096154,0.9999981504118396,-6.66993596502442,-26.162069413828704,,876.7111988454848,False,False,False,,[]
231,231,232,True,1.0,1.0,231.0,232.0,231.0,232.0,232.0,0.0,56.5,56.2,63.82950606770803,0.5000118017196655,0.5000118017196655,0.0,1.0,0.5874471115290737,0.5873862519138107,0.9999605923170708,0.9999606013298035,0.999960472062614,0.999998540174571,0.9999985339287547,0.9999981504118396,0.999998144018362,-4.022257515263644,-15.774812276166843,,921.2137852954426,False,False,False,,[]
232,232,233,True,1.0,1.0,232.0,233.0,232.0,233.0,233.0,0.0,56.2,54.9,-89.9592565624998,0.5000118613243103,0.5000118613243103,0.0,1.0,0.5873862519138107,0.587436870798049,0.999960472062614,0.9999604821205139,0.9999603730401547,0.9999985339287547,0.9999985259485583,0.999998144018362,0.9999981358522767,3.346681115026683,13.120414794573685,,1025.189265917887,False,False,False,,[]
233,233,234,True,1.0,1.0,233.0,234.0,233.0,234.0,234.0,0.0,54.9,52.9,-198.6130314322925,0.5000119209289551,0.5000119209289551,0.0,1.0,0.587436870798049,0.5875551250875454,0.9999603730401547,0.9999603629112244,0.9999601258828977,0.9999985259485583,0.9999985143396186,0.9999981358522767,0.9999981242694286,7.820633373067607,30.65151183747158,,1075.6699101938486,False,False,False,,[]
234,234,235,True,1.0,1.0,234.0,235.0,234.0,235.0,235.0,0.0,52.9,51.0,-185.05044289062442,0.5000119805335999,0.5000119805335999,0.0,1.0,0.5875551250875454,0.5876585451000985,0.9999601258828977,0.9999601244926453,0.9999599128441431,0.9999985143396186,0.9999985031863116,0.9999981242694286,0.9999981112575033,6.839933312383145,26.806467253783058,,1061.5158010436965,False,False,False,,[]
235,235,236,True,1.0,1.0,235.0,236.0,235.0,236.0,236.0,0.0,51.0,49.8,-79.23198156250035,0.5000120401382446,0.5000120401382446,0.0,1.0,0.5876585451000985,0.5876967809311185,0.9999599128441431,0.9999598860740662,0.9999598389464882,0.9999985031863116,0.9999984965805164,0.9999981112575033,0.9999981022425354,2.5285246421165133,9.910727400394183,,1015.4606962933489,False,False,False,,[]
236,236,237,True,1.0,1.0,236.0,237.0,236.0,237.0,237.0,0.0,49.8,49.2,11.869743437501313,0.5000120401382446,0.5000120401382446,0.0,1.0,0.5876967809311185,0.5876871370362824,0.9999598389464882,0.9999598264694214,0.9999598208220262,0.9999984965805164,0.9999984961736467,0.9999981022425354,0.9999981008185598,-0.6376888146559057,-2.499697541527586,,986.887047835142,False,False,False,,[]
237,237,238,True,1.0,1.0,237.0,238.0,237.0,238.0,238.0,0.0,49.2,48.4,-19.324602916668187,0.5000120401382446,0.5000120401382446,0.0,1.0,0.5876871370362824,0.587696887806138,0.9999598208220262,0.9999598264694214,0.9999598024947901,0.9999984961736467,0.9999984955206074,0.9999981008185598,0.9999980985330325,0.6448160416535201,2.5273995465896304,,1005.0043989397964,False,False,False,,[]
238,238,239,True,1.0,1.0,238.0,239.0,238.0,239.0,239.0,0.0,48.4,46.9,-127.42805291666632,0.5000120401382446,0.5000120401382446,0.0,1.0,0.587696887806138,0.5877584724033276,0.9999598024947901,0.9999598264694214,0.9999596807214841,0.9999984955206074,0.9999984867823681,0.9999980985330325,0.9999980876250597,4.073414364736959,15.962727591516474,,1030.6739435070028,False,False,False,,[]
239,239,240,True,1.0,1.0,239.0,240.0,239.0,240.0,240.0,0.0,46.9,44.3,-297.4728855989589,0.5000120997428894,0.5000120997428894,0.0,1.0,0.5877584724033276,0.5879146532778845,0.9999596807214841,0.9999597072601318,0.9999593499544779,0.9999984867823681,0.9999984766663638,0.9999980876250597,0.9999980756124973,10.334073009259384,40.4820826851632,,1112.3168714702103,False,False,False,,[]
240,240,241,True,1.0,1.0,240.0,241.0,240.0,241.0,241.0,0.0,44.3,41.5,-330.1412897656245,0.500012218952179,0.500012218952179,0.0,1.0,0.5879146532778845,0.5880792831583215,0.9999593499544779,0.9999593496322632,0.99995900251989,0.9999984766663638,0.9999984668566145,0.9999980756124973,0.999998064170766,10.894534720597747,42.67206500926587,,1121.8748031304067,False,False,False,,[]
241,241,242,True,1.0,1.0,241.0,242.0,241.0,242.0,242.0,0.0,41.5,39.5,-209.32723872395823,0.5000122785568237,0.5000122785568237,0.0,1.0,0.5880792831583215,0.5881728901282012,0.99995900251989,0.9999589920043945,0.9999588115376058,0.9999984668566145,0.999998456692561,0.999998064170766,0.999998056138525,6.193786422902967,24.262926592806554,,1059.6727664869588,False,False,False,,[]
242,242,243,True,1.0,1.0,242.0,243.0,242.0,243.0,243.0,0.0,39.5,37.0,-287.42507726562513,0.5000123381614685,0.5000123381614685,0.0,1.0,0.5881728901282012,0.5882980223637557,0.9999588115376058,0.9999588131904602,0.9999585482394571,0.999998456692561,0.9999984462311505,0.999998056138525,0.9999980472569374,8.28115272780675,32.434275455740696,,1086.3182183811018,False,False,False,,[]
243,243,244,True,1.0,1.0,243.0,244.0,243.0,244.0,244.0,0.0,37.0,34.6,-273.66052322916636,0.5000123977661133,0.5000123977661133,0.0,1.0,0.5882980223637557,0.5884069572914119,0.9999585482394571,0.9999585747718811,0.9999583226264033,0.9999984462311505,0.9999984341524573,0.9999980472569374,0.9999980393423253,7.209449460219479,28.235933248467862,,1071.099954441769,False,False,False,,[]
244,244,245,True,1.0,1.0,244.0,245.0,244.0,245.0,245.0,0.0,34.6,32.3,-259.7349773958336,0.5000125169754028,0.5000125169754028,0.0,1.0,0.5884069572914119,0.5884969502551058,0.9999583226264033,0.999958336353302,0.9999581396656172,0.9999984341524573,0.9999984214194498,0.9999980393423253,0.9999980264112929,5.955922723083241,23.326176189461805,,1048.2541196109769,False,False,False,,[]
245,245,246,True,1.0,1.0,245.0,246.0,245.0,246.0,246.0,0.0,32.3,29.0,-414.51955018229137,0.5000125765800476,0.5000125765800476,0.0,1.0,0.5884969502551058,0.5886408236698982,0.9999581396656172,0.9999581575393677,0.9999578334378122,0.9999984214194498,0.999998410255008,0.9999980264112929,0.9999980142002394,9.52404969082419,37.291989114197946,,1098.7503394575297,False,False,False,,[]
246,246,247,True,1.0,1.0,246.0,247.0,246.0,247.0,247.0,0.0,29.0,25.1,-508.3023982291666,0.5000126361846924,0.5000126361846924,0.0,1.0,0.5886408236698982,0.588797216421409,0.9999578334378122,0.9999578595161438,0.9999575022510335,0.999998410255008,0.9999983971278568,0.9999980142002394,0.9999980030925513,10.354070868281458,40.537001191598996,,1109.9262454653153,False,False,False,,[]
247,247,248,True,1.0,1.0,247.0,248.0,247.0,248.0,248.0,0.0,25.1,22.2,-356.5440730989588,0.5000127553939819,0.5000127553939819,0.0,1.0,0.588797216421409,0.5888852786204403,0.9999575022510335,0.9999575018882751,0.999957323553445,0.9999983971278568,0.9999983845742613,0.9999980030925513,0.9999979916956968,5.829459570883301,22.82572198890967,,1048.4839862420156,False,False,False,,[]
248,248,249,True,1.0,1.0,248.0,249.0,248.0,249.0,249.0,0.0,22.2,20.9,-112.06846489583312,0.5000128149986267,0.5000128149986267,0.0,1.0,0.5888852786204403,0.5889081238955788,0.999957323553445,0.9999573230743408,0.9999572800606076,0.9999983845742613,0.9999983798187576,0.9999979916956968,0.999997986806624,1.5120625436555382,5.921495315896385,,1008.9304621494035,False,False,False,,[]
249,249,250,True,1.0,1.0,249.0,250.0,249.0,250.0,250.0,0.0,20.9,20.4,10.273473776041461,0.5000128149986267,0.5000128149986267,0.0,1.0,0.5889081238955788,0.5889029616244804,0.9999572800606076,0.999957263469696,0.9999572704012237,0.9999983798187576,0.9999983791236645,0.999997986806624,0.999997986009074,-0.3416541338939931,-1.3380606687053753,,992.4367855391955,False,False,False,,[]
250,250,251,True,1.0,1.0,250.0,251.0,250.0,251.0,251.0,0.0,20.4,19.5,-51.3011362499995,0.5000128149986267,0.5000128149986267,0.0,1.0,0.5889029616244804,0.5889109159008199,0.9999572704012237,0.999957263469696,0.9999572554768715,0.9999983791236645,0.9999983762473407,0.999997986009074,0.9999979827806844,0.5264646525049984,2.061748427189697,,1000.3572553039472,False,False,False,,[]
251,251,252,True,1.0,1.0,251.0,252.0,251.0,252.0,252.0,0.0,19.5,18.4,-82.30065018229205,0.5000128149986267,0.5000128149986267,0.0,1.0,0.5889109159008199,0.5889240434522585,0.9999572554768715,0.999957263469696,0.9999572307211013,0.9999983762473407,0.9999983724134613,0.9999979827806844,0.9999979784801427,0.8688941638834103,3.4026613328770114,,1002.5239074635518,False,False,False,,[]
252,252,253,True,1.0,1.0,252.0,253.0,252.0,253.0,253.0,0.0,18.4,17.8,-5.892271666666334,0.5000128149986267,0.5000128149986267,0.0,1.0,0.5889240434522585,0.5889247591290083,0.9999572307211013,0.9999572038650513,0.9999572293877753,0.9999983724134613,0.999998372058718,0.9999979784801427,0.9999979780662794,0.04736869175291629,0.1855034135693982,,999.8137722138031,False,False,False,,[]
253,253,254,True,1.0,1.0,253.0,254.0,253.0,254.0,254.0,0.0,17.8,17.8,86.03257677083336,0.5000128149986267,0.5000128149986267,0.0,1.0,0.5889247591290083,0.5888941286803538,0.9999572293877753,0.9999572038650513,0.9999571706277077,0.999998372058718,0.9999983683591256,0.9999979780662794,0.9999979736161365,-2.027172574610095,-7.939412291230222,,957.2527390924389,False,False,False,,[]
254,254,255,True,1.0,1.0,254.0,255.0,254.0,255.0,255.0,0.0,17.8,17.4,24.629243437499735,0.5000128746032715,0.5000128746032715,0.0,1.0,0.5888941286803538,0.5888839254990047,0.9999571706277077,0.9999571442604065,0.999957151441644,0.9999983683591256,0.9999983670095512,0.9999979736161365,0.9999979720293195,-0.6753054714277029,-2.6446646056903718,,985.1652059107288,False,False,False,,[]
255,255,256,True,1.0,1.0,255.0,256.0,255.0,256.0,256.0,0.0,17.4,15.7,-175.04837322916674,0.5000128746032715,0.5000128746032715,0.0,1.0,0.5888839254990047,0.5889107027691245,0.999957151441644,0.9999571442604065,0.9999571002666051,0.9999983670095512,0.9999983630375412,0.9999979720293195,0.9999979633619073,1.7724934243167354,6.940668415063739,,1009.1024511863496,False,False,False,,[]
256,256,257,True,1.0,1.0,256.0,257.0,256.0,257.0,257.0,0.0,15.7,14.5,-98.7609251822915,0.5000128746032715,0.5000128746032715,0.0,1.0,0.5889107027691245,0.5889224722616339,0.9999571002666051,0.9999570846557617,0.9999570781013124,0.9999983630375412,0.9999983596504283,0.9999979633619073,0.9999979579453945,0.7790510801504394,3.050652458421338,,1000.7498994486049,False,False,False,,[]
257,257,258,True,1.0,1.0,257.0,258.0,257.0,258.0,258.0,0.0,14.5,15.4,223.30599044270838,0.5000128746032715,0.5000128746032715,0.0,1.0,0.5889224722616339,0.5888540125398308,0.9999570781013124,0.9999570846557617,0.9999569418200772,0.9999983596504283,0.9999983555460507,0.9999979579453945,0.9999979447380264,-4.530445782176284,-17.744759891348668,,909.5873858452729,False,False,False,,[]
258,258,259,True,1.0,1.0,258.0,259.0,258.0,259.0,259.0,0.0,15.4,17.9,469.1425226041663,0.5000129342079163,0.5000129342079163,0.0,1.0,0.5888540125398308,0.5887348283237516,0.9999569418200772,0.9999569654464722,0.9999566924925136,0.9999983555460507,0.9999983500825979,0.9999979447380264,0.9999979321173386,-7.885824906765553,-30.89254880773381,,860.4362779863583,False,False,False,,[]
259,259,260,True,1.0,1.0,259.0,260.0,259.0,260.0,260.0,0.0,17.9,20.6,500.53468731770886,0.500012993812561,0.500012993812561,0.0,1.0,0.5887348283237516,0.588596518995466,0.9999566924925136,0.9999566674232483,0.9999563976918586,0.9999983500825979,0.9999983434103121,0.9999979321173386,0.9999979243334098,-9.150325480404456,-35.849777891621855,,845.84792959767,False,False,False,,[]
260,260,261,True,1.0,1.0,260.0,261.0,260.0,261.0,261.0,0.0,20.6,23.2,486.0460434374996,0.5000131130218506,0.5000131130218506,0.0,1.0,0.588596518995466,0.5884437102745714,0.9999563976918586,0.9999563694000244,0.9999560736180975,0.9999983434103121,0.9999983360392283,0.9999979243334098,0.999997915734263,-10.10864990624999,-39.60802045586232,,832.5103082978759,False,False,False,,[]
261,261,262,True,1.0,1.0,261.0,262.0,261.0,262.0,262.0,0.0,23.2,25.7,471.6397616666668,0.5000131726264954,0.5000131726264954,0.0,1.0,0.5884437102745714,0.5882643079719975,0.9999560736180975,0.9999560713768005,0.9999556974024286,0.9999983360392283,0.9999983224037384,0.999997915734263,0.9999979000787693,-11.866271953097526,-46.501076827166436,,802.3654677664357,False,False,False,,[]
262,262,263,True,1.0,1.0,262.0,263.0,262.0,263.0,263.0,0.0,25.7,28.7,549.4079029427082,0.5000132918357849,0.5000132918357849,0.0,1.0,0.5882643079719975,0.5880474516256001,0.9999556974024286,0.9999557137489319,0.9999552503889131,0.9999983224037384,0.9999983101361026,0.9999979000787693,0.9999978880062618,-14.341036191931849,-56.20916498618877,,777.6667538316407,False,False,False,,[]
263,263,264,True,1.0,1.0,263.0,264.0,263.0,264.0,264.0,0.0,28.7,32.5,673.568194609375,0.5000134110450745,0.5000134110450745,0.0,1.0,0.5880474516256001,0.5877488351352026,0.9999552503889131,0.9999552369117737,0.99995466095108,0.9999983101361026,0.9999982937004298,0.9999978880062618,0.9999978713554054,-19.741378952793422,-77.40139431103074,,719.0898493575016,False,False,False,,[]
264,264,265,True,1.0,1.0,264.0,265.0,264.0,265.0,265.0,0.0,32.5,36.1,644.7954435677093,0.5000135898590088,0.5000135898590088,0.0,1.0,0.5877488351352026,0.5874252870900345,0.99995466095108,0.9999546408653259,0.9999540317742911,0.9999982937004298,0.9999982753685612,0.9999978713554054,0.999997851263959,-21.38559595601718,-83.863653307572,,701.8090339720707,False,False,False,,[]
265,265,266,True,1.0,1.0,265.0,266.0,265.0,266.0,266.0,0.0,36.1,39.0,539.3879633593749,0.5000137686729431,0.5000137686729431,0.0,1.0,0.5874252870900345,0.5871315831792578,0.9999540317742911,0.9999540448188782,0.9999534503814664,0.9999982753685612,0.9999982590494966,0.999997851263959,0.999997834901655,-19.412558414565652,-76.12805367331028,,722.2695988727281,False,False,False,,[]
266,266,267,True,1.0,1.0,266.0,267.0,266.0,267.0,267.0,0.0,39.0,40.8,372.3352059374991,0.5000139474868774,0.5000139474868774,0.0,1.0,0.5871315831792578,0.5869179243322227,0.9999534503814664,0.9999534487724304,0.9999530092850493,0.9999982590494966,0.999998248556966,0.999997834901655,0.9999978229000284,-14.12407012399489,-55.38037315151571,,781.0897265174096,False,False,False,,[]
267,267,268,True,1.0,1.0,267.0,268.0,267.0,268.0,268.0,0.0,40.8,42.9,419.5790950000004,0.500014066696167,0.500014066696167,0.0,1.0,0.5869179243322227,0.586664147920905,0.9999530092850493,0.999953031539917,0.9999524957759255,0.999998248556966,0.9999982351350502,0.9999978229000284,0.9999978087146046,-16.772876703440822,-65.77884581351937,,750.3369032085792,False,False,False,,[]
268,268,269,True,1.0,1.0,268.0,269.0,268.0,269.0,269.0,0.0,42.9,44.4,328.93197898437467,0.5000142455101013,0.5000142455101013,0.0,1.0,0.586664147920905,0.5864578593720278,0.9999524957759255,0.999952495098114,0.9999520684109101,0.9999982351350502,0.999998225192423,0.9999978087146046,0.9999977971155339,-13.635214513454844,-53.469991868979605,,787.0503469022063,False,False,False,,[]
269,269,270,True,1.0,1.0,269.0,270.0,269.0,270.0,270.0,0.0,44.4,45.9,330.0181137500007,0.5000143647193909,0.5000143647193909,0.0,1.0,0.5864578593720278,0.5862433553695436,0.9999520684109101,0.9999520778656006,0.9999516257481255,0.999998225192423,0.9999982146673151,0.9999977971155339,0.999997784911369,-14.177059952548744,-55.59943744388314,,780.3358160185018,False,False,False,,[]
270,270,271,True,1.0,1.0,270.0,271.0,270.0,271.0,271.0,0.0,45.9,46.0,116.2299060677078,0.5000145435333252,0.5000145435333252,0.0,1.0,0.5862433553695436,0.5861533536138164,0.9999516257481255,0.9999516010284424,0.9999514427678908,0.9999982146673151,0.9999982066419979,0.999997784911369,0.9999977742065904,-5.950403451781401,-23.328455084513536,,887.2879257098286,False,False,False,,[]
271,271,272,True,1.0,1.0,271.0,272.0,271.0,272.0,272.0,0.0,46.0,45.6,39.551963750000226,0.5000145435333252,0.5000145435333252,0.0,1.0,0.5861533536138164,0.5861206035052818,0.9999514427678908,0.9999514222145081,0.9999513798111521,0.9999982066419979,0.9999982032614398,0.9999977742065904,0.9999977698163593,-2.165630212863657,-8.488828132158233,,955.2771967866712,False,False,False,,[]
272,272,273,True,1.0,1.0,272.0,273.0,272.0,273.0,273.0,0.0,45.6,45.3,54.598894999999686,0.50001460313797,0.50001460313797,0.0,1.0,0.5861206035052818,0.5860762017295459,0.9999513798111521,0.9999513626098633,0.9999512934775022,0.9999982032614398,0.9999981988299157,0.9999977698163593,0.9999977638758443,-2.9360558938741104,-11.50894027076326,,940.3735641922091,False,False,False,,[]
273,273,274,True,1.0,1.0,273.0,274.0,273.0,274.0,274.0,0.0,45.3,43.7,-145.18812309895748,0.50001460313797,0.50001460313797,0.0,1.0,0.5860762017295459,0.5861418785590855,0.9999512934775022,0.9999513030052185,0.9999511630915564,0.9999981988299157,0.9999981900008539,0.9999977638758443,0.9999977519131111,4.344428960491557,17.023434216659716,,1032.893996697798,False,False,False,,[]
274,274,275,True,1.0,1.0,274.0,275.0,274.0,275.0,275.0,0.0,43.7,40.8,-345.93006059895924,0.5000146627426147,0.5000146627426147,0.0,1.0,0.5861418785590855,0.5863116727911828,0.9999511630915564,0.999951183795929,0.9999508055424159,0.9999981900008539,0.9999981797714715,0.9999977519131111,0.9999977401058953,11.236042201304233,44.01066495962743,,1126.1295753198604,False,False,False,,[]
275,275,276,True,1.0,1.0,275.0,276.0,275.0,276.0,276.0,0.0,40.8,38.0,-332.6117383333328,0.5000147819519043,0.5000147819519043,0.0,1.0,0.5863116727911828,0.5864629976283802,0.9999508055424159,0.9999508261680603,0.9999504844212546,0.9999981797714715,0.9999981696210821,0.9999977401058953,0.9999977295190594,10.014325315695732,39.223397801560715,,1109.2321898459995,False,False,False,,[]
276,276,277,True,1.0,1.0,276.0,277.0,276.0,277.0,277.0,0.0,38.0,34.4,-457.2484529166667,0.5000148415565491,0.5000148415565491,0.0,1.0,0.5864629976283802,0.5866506396964596,0.9999504844212546,0.9999504685401917,0.9999500923573539,0.9999981696210821,0.999998153098519,0.9999977295190594,0.9999977161471585,12.420320848166131,48.6368240461843,,1134.4829910127314,False,False,False,,[]
277,277,278,True,1.0,1.0,277.0,278.0,277.0,278.0,278.0,0.0,34.4,30.9,-444.05943833333384,0.5000149607658386,0.5000149607658386,0.0,1.0,0.5866506396964596,0.5868125837481716,0.9999500923573539,0.999950110912323,0.9999497502051515,0.999998153098519,0.9999981415507082,0.9999977161471585,0.9999976980060958,10.719625009907263,41.975898203750994,,1108.696564639041,False,False,False,,[]
278,278,279,True,1.0,1.0,278.0,279.0,278.0,279.0,279.0,0.0,30.9,25.5,-737.6209272656246,0.5000150799751282,0.5000150799751282,0.0,1.0,0.5868125837481716,0.5870457464786506,0.9999497502051515,0.9999497532844543,0.9999492734016927,0.9999981415507082,0.9999981252558311,0.9999976980060958,0.9999976727842242,15.43874344689912,60.43577974017283,,1168.177402598343,False,False,False,,[]
279,279,280,True,1.0,1.0,279.0,280.0,279.0,280.0,280.0,0.0,25.5,21.4,-540.586197057292,0.5000151991844177,0.5000151991844177,0.0,1.0,0.5870457464786506,0.5871874128694949,0.9999492734016927,0.9999492764472961,0.9999489716062436,0.9999981252558311,0.999998111810302,0.9999976727842242,0.9999976609456892,9.3788103445107,36.71992850685009,,1094.3346948759713,False,False,False,,[]
280,280,281,True,1.0,1.0,280.0,281.0,280.0,281.0,281.0,0.0,21.4,20.2,-97.0069357291665,0.5000153183937073,0.5000153183937073,0.0,1.0,0.5871874128694949,0.5872055048772753,0.9999489716062436,0.9999489784240723,0.9999489373224668,0.999998111810302,0.9999981073323204,0.9999976609456892,0.9999976562039401,1.197383459266161,4.689448416666752,,1005.4736977129916,False,False,False,,[]
281,281,282,True,1.0,1.0,281.0,282.0,281.0,282.0,282.0,0.0,20.2,22.9,501.26151427083335,0.5000153183937073,0.5000153183937073,0.0,1.0,0.5872055048772753,0.5870504222100551,0.9999489373224668,0.9999489188194275,0.9999486087327062,0.9999981073323204,0.9999980998519453,0.9999976562039401,0.9999976474773705,-10.258485880851337,-40.19742734348414,,830.4622951026793,False,False,False,,[]
282,282,283,True,1.0,1.0,282.0,283.0,282.0,283.0,283.0,0.0,22.9,26.6,655.7350519010422,0.5000154376029968,0.5000154376029968,0.0,1.0,0.5870504222100551,0.5868099144179157,0.9999486087327062,0.9999486207962036,0.9999481187259315,0.9999980998519453,0.999998088291254,0.9999976474773705,0.9999976276248376,-15.904129869655746,-62.33961972253243,,757.0471471945601,False,False,False,,[]
283,283,284,True,1.0,1.0,283.0,284.0,283.0,284.0,284.0,0.0,26.6,30.2,641.9033142708333,0.5000155568122864,0.5000155568122864,0.0,1.0,0.5868099144179157,0.586532530769726,0.9999481187259315,0.9999481439590454,0.999947564551236,0.999998088291254,0.9999980702266134,0.9999976276248376,0.9999976044255816,-18.33891603460035,-71.89784161077968,,727.7676016363679,False,False,False,,[]
284,284,285,True,1.0,1.0,284.0,285.0,284.0,285.0,285.0,0.0,30.2,34.1,689.6518267708337,0.5000157356262207,0.5000157356262207,0.0,1.0,0.586532530769726,0.5862045336266702,0.999947564551236,0.9999475479125977,0.9999469284788837,0.9999980702266134,0.9999980518757967,0.9999976044255816,0.9999975807573178,-21.679551664658756,-85.01685948004933,,697.5332287653664,False,False,False,,[]
285,285,286,True,1.0,1.0,285.0,286.0,285.0,286.0,286.0,0.0,34.1,37.4,599.626781067707,0.500015914440155,0.500015914440155,0.0,1.0,0.5862045336266702,0.5858933934688062,0.9999469284788837,0.9999469518661499,0.9999463188489841,0.9999980518757967,0.999998034377091,0.9999975807573178,0.9999975634396873,-20.56401333765906,-80.6475289183729,,710.7727281599593,False,False,False,,[]
286,286,287,True,1.0,1.0,286.0,287.0,286.0,287.0,287.0,0.0,37.4,40.7,601.5838142708341,0.5000160932540894,0.5000160932540894,0.0,1.0,0.5858933934688062,0.5855533459602107,0.9999463188489841,0.9999462962150574,0.9999456644063184,0.999998034377091,0.9999980160307907,0.9999975634396873,0.9999975444617752,-22.470087443909005,-88.14031422796307,,693.0890762938872,False,False,False,,[]
287,287,288,True,1.0,1.0,287.0,288.0,287.0,288.0,288.0,0.0,40.7,44.0,603.7214966927081,0.5000163316726685,0.5000163316726685,0.0,1.0,0.5855533459602107,0.5851864826704666,0.9999456644063184,0.9999456405639648,0.9999449707346914,0.9999980160307907,0.9999979988995399,0.9999975444617752,0.9999975238069705,-24.237148675004335,-95.09096470166455,,678.4184536121412,False,False,False,,[]
288,288,289,True,1.0,1.0,288.0,289.0,288.0,289.0,289.0,0.0,44.0,47.3,606.039828333333,0.5000165104866028,0.5000165104866028,0.0,1.0,0.5851864826704666,0.5847880096437075,0.9999449707346914,0.9999449849128723,0.9999442338752552,0.9999979988995399,0.999997982944982,0.9999975238069705,0.9999974971722234,-26.31952895820143,-103.28420853595837,,660.1756980200578,False,False,False,,[]
289,289,290,True,1.0,1.0,289.0,290.0,289.0,290.0,290.0,0.0,47.3,49.2,393.6271425260431,0.5000167489051819,0.5000167489051819,0.0,1.0,0.5847880096437075,0.5845107773733788,0.9999442338752552,0.9999442100524902,0.9999436799565035,0.999997982944982,0.9999979676469305,0.9999974971722234,0.9999974801221272,-18.315963539038616,-71.85860446920944,,732.615603237453,False,False,False,,[]
290,290,291,True,1.0,1.0,290.0,291.0,290.0,291.0,291.0,0.0,49.2,49.8,195.5870637499987,0.5000169277191162,0.5000169277191162,0.0,1.0,0.5845107773733788,0.5843646440268092,0.9999436799565035,0.9999436736106873,0.9999433692000387,0.9999979676469305,0.9999979568058558,0.9999974801221272,0.9999974704347663,-9.657826278604814,-37.87776343081591,,834.9075315395631,False,False,False,,[]
291,291,292,True,1.0,1.0,291.0,292.0,291.0,292.0,292.0,0.0,49.8,49.2,11.869743437501313,0.500016987323761,0.500016987323761,0.0,1.0,0.5843646440268092,0.584354999035978,0.9999433692000387,0.9999433755874634,0.9999433510734974,0.9999979568058558,0.999997956398982,0.9999974704347663,0.9999974690108048,-0.6376880259623147,-2.499981623467493,,986.8857877311274,False,False,False,,[]
292,292,293,True,1.0,1.0,292.0,293.0,292.0,293.0,293.0,0.0,49.2,48.1,-65.37710291666751,0.500016987323761,0.500016987323761,0.0,1.0,0.584354999035978,0.5843849897613419,0.9999433510734974,0.9999433755874634,0.99994329357664,0.999997956398982,0.9999979509021368,0.9999974690108048,0.9999974615238952,1.983182057553202,7.773596014316347,,1011.3854541886396,False,False,False,,[]
293,293,294,True,1.0,1.0,293.0,294.0,293.0,294.0,294.0,0.0,48.1,47.3,-20.212338723958876,0.500016987323761,0.500016987323761,0.0,1.0,0.5843849897613419,0.5843938612568875,0.99994329357664,0.9999433159828186,0.9999432769163967,0.9999979509021368,0.9999979490580623,0.9999974615238952,0.9999974591872829,0.5866337315134751,2.2994916454143595,,1003.033961387043,False,False,False,,[]
294,294,295,True,1.0,1.0,294.0,295.0,294.0,295.0,295.0,0.0,47.3,46.8,25.207142526041462,0.5000170469284058,0.5000170469284058,0.0,1.0,0.5843938612568875,0.5843723246853008,0.9999432769163967,0.9999432563781738,0.9999432359675281,0.9999979490580623,0.9999979467724376,0.9999974591872829,0.9999974563341726,-1.4240458859632168,-5.582279355276078,,970.1483476738858,False,False,False,,[]
295,295,296,True,1.0,1.0,295.0,296.0,295.0,296.0,296.0,0.0,46.8,46.7,86.22023041666822,0.5000170469284058,0.5000170469284058,0.0,1.0,0.5843723246853008,0.5843030420162092,0.9999432359675281,0.9999432563781738,0.9999430979369917,0.9999979467724376,0.9999979402462471,0.9999974563341726,0.9999974478207154,-4.580553291271847,-17.9580678285392,,910.6428345781709,False,False,False,,[]
296,296,297,True,1.0,1.0,296.0,297.0,296.0,297.0,297.0,0.0,46.7,46.8,116.84434565104017,0.5000170469284058,0.5000170469284058,0.0,1.0,0.5843030420162092,0.5842116176462482,0.9999430979369917,0.9999430775642395,0.9999429118056186,0.9999979402462471,0.9999979320987076,0.9999974478207154,0.9999974372598686,-6.04403778824445,-23.697196693901898,,885.9389926569578,False,False,False,,[]
297,297,298,True,1.0,1.0,297.0,298.0,297.0,298.0,298.0,0.0,46.8,47.1,147.62356375000132,0.5000171065330505,0.5000171065330505,0.0,1.0,0.5842116176462482,0.5840992455422344,0.9999429118056186,0.9999428987503052,0.9999426782900217,0.9999979320987076,0.9999979227099258,0.9999974372598686,0.9999974255389719,-7.428362148371203,-29.12684936037082,,864.4287500755812,False,False,False,,[]
298,298,299,True,1.0,1.0,298.0,299.0,298.0,299.0,299.0,0.0,47.1,47.3,132.5063800260406,0.5000172257423401,0.5000172257423401,0.0,1.0,0.5840992455422344,0.5839965540050813,0.9999426782900217,0.9999426603317261,0.9999424669025785,0.9999979227099258,0.9999979138070098,0.9999974255389719,0.9999974144516031,-6.788544516482856,-26.617646430059768,,874.2630001785011,False,False,False,,[]
299,299,300,True,1.0,1.0,299.0,300.0,299.0,300.0,300.0,0.0,47.3,47.3,101.96130919270834,0.5000172853469849,0.5000172853469849,0.0,1.0,0.5839965540050813,0.5839153233449647,0.9999424669025785,0.9999424815177917,0.9999423031656172,0.9999979138070098,0.9999979063431108,0.9999974144516031,0.9999974050562191,-5.370163320132128,-21.05498710225018,,897.2926212296487,False,False,False,,[]
300,300,301,True,1.0,1.0,300.0,301.0,300.0,301.0,301.0,0.0,47.3,47.1,71.25964252604277,0.5000172853469849,0.5000172853469849,0.0,1.0,0.5839153233449647,0.5838569821525115,0.9999423031656172,0.9999423027038574,0.9999421881710528,0.9999979063431108,0.999997900635927,0.9999974050562191,0.9999973978790195,-3.8572189723506716,-15.12203708387464,,923.5955299237486,False,False,False,,[]
301,301,302,True,1.0,1.0,301.0,302.0,301.0,302.0,302.0,0.0,47.1,46.6,25.050546692708128,0.5000173449516296,0.5000173449516296,0.0,1.0,0.5838569821525115,0.5838356385275613,0.9999421881710528,0.9999421834945679,0.9999421475967053,0.999997900635927,0.9999978983706139,0.9999973978790195,0.9999973950398252,-1.4113090995704956,-5.532267587095556,,970.3974747425038,False,False,False,,[]
302,302,303,True,1.0,1.0,302.0,303.0,302.0,303.0,303.0,0.0,46.6,45.8,-21.39053989583387,0.5000173449516296,0.5000173449516296,0.0,1.0,0.5838356385275613,0.5838448216593097,0.9999421475967053,0.9999421238899231,0.9999421303459658,0.9999978983706139,0.9999978964560702,0.9999973950398252,0.9999973927863282,0.6072919977750237,2.380267749217527,,1003.3008769379564,False,False,False,,[]
303,303,304,True,1.0,1.0,303.0,304.0,303.0,304.0,304.0,0.0,45.8,44.8,-52.70531906250042,0.5000173449516296,0.5000173449516296,0.0,1.0,0.5838448216593097,0.5838670815157394,0.9999421303459658,0.9999421238899231,0.9999420879919115,0.9999978964560702,0.999997892168187,0.9999973927863282,0.9999973870427178,1.4721929294070688,5.769754786572798,,1008.0573596113157,False,False,False,,[]
304,304,305,True,1.0,1.0,304.0,305.0,304.0,305.0,305.0,0.0,44.8,43.3,-130.21094666666633,0.5000174045562744,0.5000174045562744,0.0,1.0,0.5838670815157394,0.5839245692366752,0.9999420879919115,0.9999420642852783,0.9999419747741668,0.999997892168187,0.9999978839093123,0.9999973870427178,0.9999973758881263,3.8026408208752627,14.900817266569602,,1027.4878484175026,False,False,False,,[]
305,305,306,True,1.0,1.0,305.0,306.0,305.0,306.0,306.0,0.0,43.3,41.8,-131.30703455729133,0.5000174045562744,0.5000174045562744,0.0,1.0,0.5839245692366752,0.5839804584589395,0.9999419747741668,0.9999419450759888,0.9999418648765329,0.9999978839093123,0.9999978758115046,0.9999973758881263,0.9999973649528104,3.6971050760582687,14.486486410910695,,1026.5531683989552,False,False,False,,[]
306,306,307,True,1.0,1.0,306.0,307.0,306.0,307.0,307.0,0.0,41.8,40.8,-55.61163156250042,0.5000174045562744,0.5000174045562744,0.0,1.0,0.5839804584589395,0.5840000705090779,0.9999418648765329,0.999941885471344,0.9999418276570198,0.9999978758115046,0.9999978716831679,0.9999973649528104,0.9999973571832942,1.29727416299103,5.0834433958590175,,1004.0082478103047,False,False,False,,[]
307,307,308,True,1.0,1.0,307.0,308.0,307.0,308.0,308.0,0.0,40.8,40.3,20.457428333333127,0.5000174641609192,0.5000174641609192,0.0,1.0,0.5840000705090779,0.5839835555997698,0.9999418276570198,0.9999418258666992,0.99994179641004,0.9999978716831679,0.999997870050456,0.9999973571832942,0.9999973544608789,-1.0923270664862603,-4.280664492666215,,976.5675216608388,False,False,False,,[]
308,308,309,True,1.0,1.0,308.0,309.0,308.0,309.0,309.0,0.0,40.3,40.1,66.17359565104276,0.5000174641609192,0.5000174641609192,0.0,1.0,0.5839835555997698,0.5839385496673302,0.99994179641004,0.9999418258666992,0.9999417088499486,0.999997870050456,0.9999978653859737,0.9999973544608789,0.999997349769789,-2.9765701300019556,-11.665537688355332,,940.6297864845964,False,False,False,,[]
309,309,310,True,1.0,1.0,309.0,310.0,309.0,310.0,310.0,0.0,40.1,39.7,35.33855710937523,0.5000174641609192,0.5000174641609192,0.0,1.0,0.5839385496673302,0.5839119466069318,0.9999417088499486,0.9999417066574097,0.9999416580165124,0.9999978653859737,0.9999978627142359,0.999997349769789,0.9999973457592327,-1.7595696782273884,-6.89551325524829,,963.0490612325741,False,False,False,,[]
310,310,311,True,1.0,1.0,310.0,311.0,310.0,311.0,311.0,0.0,39.7,39.2,19.722970651041464,0.500017523765564,0.500017523765564,0.0,1.0,0.5839119466069318,0.5838963024816205,0.9999416580165124,0.9999416470527649,0.9999416284423004,0.9999978627142359,0.999997861179789,0.9999973457592327,0.9999973431411245,-1.034779394191727,-4.054957280697724,,977.7521287370839,False,False,False,,[]
311,311,312,True,1.0,1.0,311.0,312.0,311.0,312.0,312.0,0.0,39.2,38.5,-11.305905000000092,0.500017523765564,0.500017523765564,0.0,1.0,0.5838963024816205,0.5838998727651964,0.9999416284423004,0.9999416470527649,0.9999416217721602,0.999997861179789,0.999997860293819,0.9999973431411245,0.999997341542537,0.23617500541491301,0.9254175028806619,,1000.4188874986987,False,False,False,,[]
312,312,313,True,1.0,1.0,312.0,313.0,312.0,313.0,313.0,0.0,38.5,37.4,-73.1603637239592,0.500017523765564,0.500017523765564,0.0,1.0,0.5838998727651964,0.5839272611895079,0.9999416217721602,0.9999416470527649,0.999941569397818,0.999997860293819,0.9999978554003699,0.999997341542537,0.9999973366446724,1.8119392962231478,7.099079581536216,,1012.514349643159,False,False,False,,[]
313,313,314,True,1.0,1.0,313.0,314.0,313.0,314.0,314.0,0.0,37.4,36.0,-119.90535239583258,0.500017523765564,0.500017523765564,0.0,1.0,0.5839272611895079,0.5839746033227238,0.999941569397818,0.9999415874481201,0.9999414770818528,0.9999978554003699,0.999997848258656,0.9999973366446724,0.9999973330897131,3.1323378363227303,12.271080929562665,,1028.1865661581562,False,False,False,,[]
314,314,315,True,1.0,1.0,314.0,315.0,314.0,315.0,315.0,0.0,36.0,34.4,-151.45933833333345,0.5000175833702087,0.5000175833702087,0.0,1.0,0.5839746033227238,0.584031727026764,0.9999414770818528,0.9999414682388306,0.999941364621067,0.999997848258656,0.9999978393615067,0.9999973330897131,0.9999973287827746,3.7798159188416047,14.806464087224604,,1033.777156842984,False,False,False,,[]
315,315,316,True,1.0,1.0,315.0,316.0,315.0,316.0,316.0,0.0,34.4,33.0,-121.69193833333354,0.5000175833702087,0.5000175833702087,0.0,1.0,0.584031727026764,0.5840728899679205,0.999941364621067,0.999941349029541,0.9999412848381112,0.9999978393615067,0.9999978322686711,0.9999973287827746,0.9999973222852011,2.7237062146297357,10.669434347766854,,1019.985843909744,False,False,False,,[]
316,316,317,True,1.0,1.0,316.0,317.0,316.0,317.0,317.0,0.0,33.0,31.7,-107.12375239583312,0.5000176429748535,0.5000176429748535,0.0,1.0,0.5840728899679205,0.5841089860063862,0.9999412848381112,0.9999412894248962,0.9999412152218718,0.9999978322686711,0.9999978267584653,0.9999973222852011,0.9999973178734431,2.388494562653427,9.35609317029994,,1019.5887995732649,False,False,False,,[]
317,317,318,True,1.0,1.0,317.0,318.0,317.0,318.0,318.0,0.0,31.7,30.0,-169.22471684895788,0.5000176429748535,0.5000176429748535,0.0,1.0,0.5841089860063862,0.5841653549869422,0.9999412152218718,0.9999412298202515,0.999941104328833,0.9999978267584653,0.9999978189556558,0.9999973178734431,0.99999731314458,3.7303443101252522,14.610839760141774,,1033.8567447828066,False,False,False,,[]
318,318,319,True,1.0,1.0,318.0,319.0,318.0,319.0,319.0,0.0,30.0,28.0,-216.14720291666708,0.5000176429748535,0.5000176429748535,0.0,1.0,0.5841653549869422,0.5842338431245327,0.999941104328833,0.9999411106109619,0.9999409679872412,0.9999978189556558,0.9999978103965301,0.99999731314458,0.9999973075386964,4.5327346485200835,17.7521252634636,,1042.4147830484858,False,False,False,,[]
319,319,320,True,1.0,1.0,319.0,320.0,319.0,320.0,320.0,0.0,28.0,26.1,-201.75850499999996,0.5000177025794983,0.5000177025794983,0.0,1.0,0.5842338431245327,0.584293910138863,0.9999409679872412,0.9999409914016724,0.9999408493909022,0.9999978103965301,0.9999978035722069,0.9999973075386964,0.9999973024735094,3.975491370755219,15.569370114406873,,1037.6865659781586,False,False,False,,[]
320,320,321,True,1.0,1.0,320.0,321.0,320.0,321.0,321.0,0.0,26.1,25.6,12.300593567708617,0.5000177621841431,0.5000177621841431,0.0,1.0,0.584293910138863,0.5842872630335533,0.9999408493909022,0.9999408721923828,0.9999408369350911,0.9999978035722069,0.9999978029116325,0.9999973024735094,0.9999973013251845,-0.43986083151286504,-1.7229296962788736,,990.3916307392449,False,False,False,,[]
321,321,322,True,1.0,1.0,321.0,322.0,321.0,322.0,322.0,0.0,25.6,24.9,-18.615480000000595,0.5000177621841431,0.5000177621841431,0.0,1.0,0.5842872630335533,0.5842911332286761,0.9999408369350911,0.999940812587738,0.999940829702523,0.9999978029116325,0.9999978019351359,0.9999973013251845,0.9999972997114119,0.2561152654296651,1.0031545758326297,,1000.5569791445637,False,False,False,,[]
322,322,323,True,1.0,1.0,322.0,323.0,322.0,323.0,323.0,0.0,24.9,24.9,88.54715085937502,0.5000177621841431,0.5000177621841431,0.0,1.0,0.5842911332286761,0.5842518700090488,0.999940829702523,0.999940812587738,0.9999407537429482,0.9999978019351359,0.9999977973546763,0.9999972997114119,0.9999972953051327,-2.5979898457691717,-10.177026527398517,,947.1078922993504,False,False,False,,[]
323,323,324,True,1.0,1.0,323.0,324.0,323.0,324.0,324.0,0.0,24.9,24.3,-3.557849140624666,0.5000177621841431,0.5000177621841431,0.0,1.0,0.5842518700090488,0.5842525609262844,0.9999407537429482,0.9999407529830933,0.9999407524557811,0.9999977973546763,0.9999977971728495,0.9999972953051327,0.9999972949674617,0.04572264358503021,0.1790857474896902,,1000.0427045660552,False,False,False,,[]
324,324,325,True,1.0,1.0,324.0,325.0,324.0,325.0,325.0,0.0,24.3,23.9,26.898970651041406,0.5000177621841431,0.5000177621841431,0.0,1.0,0.5842525609262844,0.5842396485120058,0.9999407524557811,0.9999407529830933,0.999940728110838,0.9999977971728495,0.9999977958260969,0.9999972949674617,0.999997292893299,-0.8544787240343108,-3.346897781004864,,981.577918468775,False,False,False,,[]
325,325,326,True,1.0,1.0,325.0,326.0,325.0,326.0,326.0,0.0,23.9,23.9,88.14239044270835,0.5000177621841431,0.5000177621841431,0.0,1.0,0.5842396485120058,0.5842017513229941,0.999940728110838,0.9999407529830933,0.9999406548919302,0.9999977958260969,0.9999977914496885,0.999997292893299,0.9999972884168146,-2.5076704772566263,-9.82295139183425,,948.701821070933,False,False,False,,[]
326,326,327,True,1.0,1.0,326.0,327.0,326.0,327.0,327.0,0.0,23.9,23.6,42.08989044270851,0.5000178217887878,0.5000178217887878,0.0,1.0,0.5842017513229941,0.5841825196878735,0.9999406548919302,0.9999406337738037,0.999940618407944,0.9999977914496885,0.999997789372975,0.9999972884168146,0.9999972855496578,-1.27263635057264,-4.984839823274643,,972.9293083838046,False,False,False,,[]
327,327,328,True,1.0,1.0,327.0,328.0,327.0,328.0,328.0,0.0,23.6,23.3,41.9716970833335,0.5000178217887878,0.5000178217887878,0.0,1.0,0.5841825196878735,0.5841635108877119,0.999940618407944,0.9999406337738037,0.9999405823545543,0.999997789372975,0.9999977873282517,0.9999972855496578,0.9999972826886832,-1.2578987880455106,-4.927081001870104,,973.2172206326978,False,False,False,,[]
328,328,329,True,1.0,1.0,328.0,329.0,328.0,329.0,329.0,0.0,23.3,20.5,-341.915836640625,0.5000178217887878,0.5000178217887878,0.0,1.0,0.5841635108877119,0.5842505233678236,0.9999405823545543,0.9999405741691589,0.9999404059683017,0.9999977873282517,0.9999977821429116,0.9999972826886832,0.999997276639551,5.759966786484375,22.55363484494872,,1061.7282232833238,False,False,False,,[]
329,329,330,True,1.0,1.0,329.0,330.0,329.0,330.0,330.0,0.0,20.5,17.5,-373.63471268229205,0.5000178813934326,0.5000178813934326,0.0,1.0,0.5842505233678236,0.5843330135755925,0.9999404059683017,0.9999403953552246,0.999940239487458,0.9999977821429116,0.9999977772268787,0.999997276639551,0.9999972709045893,5.460815031510421,21.381461853726407,,1058.4151255963707,False,False,False,,[]
330,330,331,True,1.0,1.0,330.0,331.0,330.0,331.0,331.0,0.0,17.5,16.9,-6.160259557291832,0.5000179409980774,0.5000179409980774,0.0,1.0,0.5843330135755925,0.5843337231149011,0.999940239487458,0.9999402165412903,0.9999402381655742,0.9999977772268787,0.9999977768747615,0.9999972709045893,0.9999972704911704,0.0469614059561344,0.18391258876245928,,999.8118502540837,False,False,False,,[]
331,331,332,True,1.0,1.0,331.0,332.0,331.0,332.0,332.0,0.0,16.9,16.7,55.071880026041775,0.5000179409980774,0.5000179409980774,0.0,1.0,0.5843337231149011,0.5843129954155036,0.9999402381655742,0.9999402165412903,0.9999401987858395,0.9999977768747615,0.9999977743141705,0.9999972704911704,0.9999972671605148,-1.3718031809704085,-5.37261968380489,,970.3491200812247,False,False,False,,[]
332,332,333,True,1.0,1.0,332.0,333.0,332.0,333.0,333.0,0.0,16.7,15.9,-37.0888574739579,0.5000179409980774,0.5000179409980774,0.0,1.0,0.5843129954155036,0.58431730151886,0.9999401987858395,0.9999402165412903,0.9999401907352198,0.9999977743141705,0.9999977725175292,0.9999972671605148,0.9999972648765043,0.28501008250955334,1.1161419899734013,,999.420725320887,False,False,False,,[]
333,333,334,True,1.0,1.0,333.0,334.0,333.0,334.0,334.0,0.0,15.9,15.6,39.44899460937469,0.5000179409980774,0.5000179409980774,0.0,1.0,0.58431730151886,0.5843028046435698,0.9999401907352198,0.9999402165412903,0.9999401633605505,0.9999977725175292,0.9999977706876982,0.9999972648765043,0.9999972625362565,-0.9594676654725423,-3.7575900752253877,,979.0441273711872,False,False,False,,[]
334,334,335,True,1.0,1.0,334.0,335.0,334.0,335.0,335.0,0.0,15.6,15.0,-6.681886249999666,0.5000179409980774,0.5000179409980774,0.0,1.0,0.5843028046435698,0.5843034872047561,0.9999401633605505,0.9999401569366455,0.9999401620889609,0.9999977706876982,0.9999977703485613,0.9999972625362565,0.9999972621341306,0.04517728162760477,0.17691985949256614,,999.8141739340595,False,False,False,,[]
335,335,336,True,1.0,1.0,335.0,336.0,335.0,336.0,336.0,0.0,15.0,14.5,8.516664270833127,0.5000179409980774,0.5000179409980774,0.0,1.0,0.5843034872047561,0.5843003488787547,0.9999401620889609,0.9999401569366455,0.9999401562282973,0.9999977703485613,0.999997769934458,0.9999972621341306,0.9999972616368663,-0.2077190367342518,-0.8134540995606879,,995.385631106318,False,False,False,,[]
336,336,337,True,1.0,1.0,336.0,337.0,336.0,337.0,337.0,0.0,14.5,14.3,54.44682377604178,0.5000179409980774,0.5000179409980774,0.0,1.0,0.5843003488787547,0.5842819756558589,0.9999401562282973,0.9999401569366455,0.9999401214020474,0.999997769934458,0.9999977677590091,0.9999972616368663,0.9999972585333019,-1.2160361727856346,-4.762339374580859,,973.5819878606031,False,False,False,,[]
337,337,338,True,1.0,1.0,337.0,338.0,337.0,338.0,338.0,0.0,14.3,14.5,115.80238210937492,0.5000180006027222,0.5000180006027222,0.0,1.0,0.5842819756558589,0.5842454792933524,0.9999401214020474,0.9999400973320007,0.9999400509861561,0.9999977677590091,0.9999977642943587,0.9999972585333019,0.9999972519323639,-2.4153873878059446,-9.45985716171549,,949.1236143790113,False,False,False,,[]
338,338,339,True,1.0,1.0,338.0,339.0,338.0,339.0,339.0,0.0,14.5,15.4,223.30599044270838,0.5000180006027222,0.5000180006027222,0.0,1.0,0.5842454792933524,0.5841770174790935,0.9999400509861561,0.999940037727356,0.9999399147004766,0.9999977642943587,0.9999977601899847,0.9999972519323639,0.9999972387251357,-4.530429829603038,-17.745302255916833,,909.5854056319024,False,False,False,,[]
339,339,340,True,1.0,1.0,339.0,340.0,339.0,340.0,340.0,0.0,15.4,17.8,453.79168927083356,0.5000180006027222,0.5000180006027222,0.0,1.0,0.5841770174790935,0.5840621373157358,0.9999399147004766,0.9999399185180664,0.9999396753865406,0.9999977601899847,0.9999977549734909,0.9999972387251357,0.9999972265541932,-7.600886960899524,-29.776938342311517,,864.9030191675645,False,False,False,,[]
340,340,341,True,1.0,1.0,340.0,341.0,340.0,341.0,341.0,0.0,17.8,21.1,592.6100767708335,0.5000181198120117,0.5000181198120117,0.0,1.0,0.5840621373157358,0.5838966644304682,0.9999396753865406,0.9999396800994873,0.9999393262970689,0.9999977549734909,0.9999977469916547,0.9999972265541932,0.9999972172427258,-10.946121550990231,-42.8905718613653,,821.2371021094312,False,False,False,,[]
341,341,342,True,1.0,1.0,341.0,342.0,341.0,342.0,342.0,0.0,21.1,24.1,547.6223123177082,0.5000181794166565,0.5000181794166565,0.0,1.0,0.5838966644304682,0.5837017262642118,0.9999393262970689,0.9999393224716187,0.9999389203260519,0.9999977469916547,0.9999977298363223,0.9999972172427258,0.9999972014566326,-12.893312739713911,-50.52797269364133,,788.3471608802945,False,False,False,,[]
342,342,343,True,1.0,1.0,342.0,343.0,342.0,343.0,343.0,0.0,24.1,25.0,226.37951544270837,0.5000183582305908,0.5000183582305908,0.0,1.0,0.5837017262642118,0.5836090581630078,0.9999389203260519,0.9999389052391052,0.9999387314328726,0.9999977298363223,0.9999977199275615,0.9999972014566326,0.9999971929270786,-6.1306638729410725,-24.019571832071513,,884.9590931201724,False,False,False,,[]
343,343,344,True,1.0,1.0,343.0,344.0,343.0,344.0,344.0,0.0,25.0,25.3,134.6410392708332,0.5000183582305908,0.5000183582305908,0.0,1.0,0.5836090581630078,0.5835535485510082,0.9999387314328726,0.9999387264251709,0.9999386223222113,0.9999977199275615,0.9999977146383827,0.9999971929270786,0.9999971875136777,-3.6727009022468806,-14.388091430289808,,928.3988557716193,False,False,False,,[]
344,344,345,True,1.0,1.0,344.0,345.0,344.0,345.0,345.0,0.0,25.3,25.5,119.41536648437491,0.5000184178352356,0.5000184178352356,0.0,1.0,0.5835535485510082,0.583501315455053,0.9999386223222113,0.9999386072158813,0.9999385199804903,0.9999977146383827,0.9999977084513871,0.9999971875136777,0.9999971826350057,-3.4559228878184816,-13.538818471567259,,931.5037916250124,False,False,False,,[]
345,345,346,True,1.0,1.0,345.0,346.0,345.0,346.0,346.0,0.0,25.5,26.4,226.95546960937503,0.5000184178352356,0.5000184178352356,0.0,1.0,0.583501315455053,0.5834044470940116,0.9999385199804903,0.9999385476112366,0.9999383217125613,0.9999977084513871,0.999997698755979,0.9999971826350057,0.9999971736057717,-6.408203864630923,-25.108279181919656,,880.7315174688181,False,False,False,,[]
346,346,347,True,1.0,1.0,346.0,347.0,346.0,347.0,347.0,0.0,26.4,26.6,119.88706166666705,0.5000184774398804,0.5000184774398804,0.0,1.0,0.5834044470940116,0.5833495678275024,0.9999383217125613,0.9999383091926575,0.9999382139074162,0.999997698755979,0.9999976921739107,0.9999971736057717,0.9999971685158826,-3.630856333981522,-14.224705879198133,,928.2191959487974,False,False,False,,[]
347,347,348,True,1.0,1.0,347.0,348.0,347.0,348.0,348.0,0.0,26.6,27.1,166.02748093749975,0.5000185370445251,0.5000185370445251,0.0,1.0,0.5833495678275024,0.5832784067446407,0.9999382139074162,0.9999381899833679,0.9999380718737919,0.9999976921739107,0.9999976845714261,0.9999971685158826,0.9999971639701081,-4.707800396628904,-18.444952677740392,,911.1511839721968,False,False,False,,[]
348,348,349,True,1.0,1.0,348.0,349.0,348.0,349.0,349.0,0.0,27.1,27.7,181.60101544270802,0.5000185966491699,0.5000185966491699,0.0,1.0,0.5832784067446407,0.5831943629082864,0.9999380718737919,0.9999380707740784,0.999937901999442,0.9999976845714261,0.9999976751661114,0.9999971639701081,0.9999971562118609,-5.559782695769605,-21.784162383039163,,894.2985339078183,False,False,False,,[]
349,349,350,True,1.0,1.0,349.0,350.0,349.0,350.0,350.0,0.0,27.7,28.1,151.17206440104198,0.5000186562538147,0.5000186562538147,0.0,1.0,0.5831943629082864,0.5831223769427448,0.999937901999442,0.999937891960144,0.9999377582034067,0.9999976751661114,0.9999976668274019,0.9999971562118609,0.9999971495617783,-4.76220540859651,-18.65876226837086,,907.972978778059,False,False,False,,[]
350,350,351,True,1.0,1.0,350.0,351.0,350.0,351.0,351.0,0.0,28.1,28.2,105.30469252604163,0.5000186562538147,0.5000186562538147,0.0,1.0,0.5831223769427448,0.5830727740848661,0.9999377582034067,0.9999377727508545,0.9999376612649338,0.9999976668274019,0.99999766159023,0.9999971495617783,0.9999971448034318,-3.281647048470483,-12.857060762163355,,935.1980477787379,False,False,False,,[]
351,351,352,True,1.0,1.0,351.0,352.0,351.0,352.0,352.0,0.0,28.2,28.1,74.64972260416673,0.5000187158584595,0.5000187158584595,0.0,1.0,0.5830727740848661,0.5830366365920789,0.9999376612649338,0.9999376535415649,0.9999375915659175,0.99999766159023,0.9999976577001748,0.9999971448034318,0.9999971409108738,-2.3908929538809005,-9.36683813043535,,951.574372902249,False,False,False,,[]
352,352,353,True,1.0,1.0,352.0,353.0,352.0,353.0,353.0,0.0,28.1,28.0,74.60302585937507,0.5000187158584595,0.5000187158584595,0.0,1.0,0.5830366365920789,0.582999926778202,0.9999375915659175,0.9999375939369202,0.9999375207234031,0.9999976577001748,0.9999976534278191,0.9999971409108738,0.9999971370318131,-2.428759744505163,-9.515183756911204,,950.6196066769515,False,False,False,,[]
353,353,354,True,1.0,1.0,353.0,354.0,353.0,354.0,354.0,0.0,28.0,27.9,74.55649499999957,0.5000187158584595,0.5000187158584595,0.0,1.0,0.582999926778202,0.5829632259107501,0.9999375207234031,0.9999375343322754,0.9999374498987733,0.9999976534278191,0.9999976490986631,0.9999971370318131,0.9999971331662567,-2.428172968462599,-9.512864843524158,,950.5901827042185,False,False,False,,[]
354,354,355,True,1.0,1.0,354.0,355.0,354.0,355.0,355.0,0.0,27.9,27.9,89.860963359375,0.5000187754631042,0.5000187754631042,0.0,1.0,0.5829632259107501,0.5829198479959486,0.9999374498987733,0.9999374747276306,0.9999373656403282,0.9999976490986631,0.9999976438901799,0.9999971331662567,0.9999971291155202,-2.869879833208129,-11.24355551654745,,942.4511266125073,False,False,False,,[]
355,355,356,True,1.0,1.0,355.0,356.0,355.0,356.0,356.0,0.0,27.9,28.1,120.56263002604206,0.5000187754631042,0.5000187754631042,0.0,1.0,0.5829198479959486,0.5828615743051047,0.9999373656403282,0.9999373555183411,0.9999372507863988,0.9999976438901799,0.9999976369046986,0.9999971291155202,0.999997123728466,-3.8551992256847534,-15.104540666754929,,924.1020059274989,False,False,False,,[]
356,356,357,True,1.0,1.0,356.0,357.0,356.0,357.0,357.0,0.0,28.1,28.2,105.30469252604163,0.500018835067749,0.500018835067749,0.0,1.0,0.5828615743051047,0.5828119712041817,0.9999372507863988,0.9999372363090515,0.9999371538474279,0.9999976369046986,0.9999976316675248,0.999997123728466,0.9999971189701212,-3.281647096970819,-12.857123759235288,,935.1977914603497,False,False,False,,[]
357,357,358,True,1.0,1.0,357.0,358.0,357.0,358.0,358.0,0.0,28.2,28.0,59.29888927083345,0.500018835067749,0.500018835067749,0.0,1.0,0.5828119712041817,0.582781897398247,0.9999371538474279,0.9999371767044067,0.999937096186606,0.9999976316675248,0.9999976283724811,0.9999971189701212,0.9999971151618575,-1.9897417142294584,-7.795130498273524,,958.8249909527754,False,False,False,,[]
358,358,359,True,1.0,1.0,358.0,359.0,358.0,359.0,359.0,0.0,28.0,26.9,-78.95183833333371,0.500018835067749,0.500018835067749,0.0,1.0,0.582781897398247,0.582802531986582,0.999937096186606,0.999937117099762,0.99993705698734,0.9999976283724811,0.9999976238701166,0.9999971151618575,0.9999971112104395,1.3654494415399727,5.3484852964451814,,1008.3296898511077,False,False,False,,[]
359,359,360,True,1.0,1.0,359.0,360.0,359.0,360.0,360.0,0.0,26.9,25.0,-202.25939601562445,0.5000188946723938,0.5000188946723938,0.0,1.0,0.582802531986582,0.5828554669383912,0.99993705698734,0.9999370574951172,0.999936953199217,0.9999976238701166,0.9999976149188319,0.9999971112104395,0.9999971030763567,3.503311157649554,13.720739508916187,,1026.1364884830878,False,False,False,,[]
360,360,361,True,1.0,1.0,360.0,361.0,360.0,361.0,361.0,0.0,25.0,23.2,-187.72646072916712,0.5000188946723938,0.5000188946723938,0.0,1.0,0.5828554669383912,0.5829028193689061,0.999936953199217,0.9999369382858276,0.9999368608622422,0.9999976149188319,0.9999976064059427,0.9999971030763567,0.9999970991527428,3.13392614642836,12.273749989466223,,1026.3591928333515,False,False,False,,[]
361,361,362,True,1.0,1.0,361.0,362.0,361.0,362.0,362.0,0.0,23.2,21.9,-111.69190499999979,0.5000189542770386,0.5000189542770386,0.0,1.0,0.5829028193689061,0.582924751972358,0.9999368608622422,0.9999368786811829,0.9999368191442133,0.9999976064059427,0.9999975991777841,0.9999970991527428,0.9999970943300689,1.4515041567333282,5.684930814742339,,1005.7427589758802,False,False,False,,[]
362,362,363,True,1.0,1.0,362.0,363.0,362.0,363.0,363.0,0.0,21.9,21.1,-35.42403143229123,0.5000189542770386,0.5000189542770386,0.0,1.0,0.582924751972358,0.5829305047798762,0.9999368191442133,0.9999368190765381,0.9999368083736269,0.9999975991777841,0.9999975969212249,0.9999970943300689,0.999997091853978,0.38071233423449286,1.4911277087037433,,999.9431020637866,False,False,False,,[]
363,363,364,True,1.0,1.0,363.0,364.0,363.0,364.0,364.0,0.0,21.1,20.7,25.693978984374738,0.5000189542770386,0.5000189542770386,0.0,1.0,0.5829305047798762,0.5829181264023149,0.9999368083736269,0.9999368190765381,0.999936785047741,0.9999975969212249,0.9999975952558001,0.999997091853978,0.9999970899829879,-0.819150712541607,-3.2084754638934823,,982.0796189336664,False,False,False,,[]
364,364,365,True,1.0,1.0,364.0,365.0,364.0,365.0,365.0,0.0,20.7,20.7,86.958632109375,0.5000189542770386,0.5000189542770386,0.0,1.0,0.5829181264023149,0.5828836647805661,0.999936785047741,0.9999367594718933,0.9999367186898862,0.9999975952558001,0.9999975910458052,0.9999970899829879,0.9999970854393921,-2.280390673461985,-8.932452357281445,,952.5161208996146,False,False,False,,[]
365,365,366,True,1.0,1.0,365.0,366.0,365.0,366.0,366.0,0.0,20.7,20.8,102.30946544270829,0.5000190138816833,0.5000190138816833,0.0,1.0,0.5828836647805661,0.5828446827859313,0.9999367186898862,0.9999366998672485,0.9999366432951211,0.9999975910458052,0.999997586470118,0.9999970854393921,0.999997080615739,-2.579472552666906,-10.104133009343924,,947.0407147541254,False,False,False,,[]
366,366,367,True,1.0,1.0,366.0,367.0,366.0,367.0,367.0,0.0,20.8,21.2,148.39638666666647,0.5000190138816833,0.5000190138816833,0.0,1.0,0.5828446827859313,0.5827938926385904,0.9999366432951211,0.9999366402626038,0.999936543920983,0.999997586470118,0.9999975815993861,0.999997080615739,0.9999970758750193,-3.36069309167778,-13.164806190755577,,934.2834261397197,False,False,False,,[]
367,367,368,True,1.0,1.0,367.0,368.0,367.0,368.0,368.0,0.0,21.2,22.1,225.28989708333387,0.5000190734863281,0.5000190734863281,0.0,1.0,0.5827938926385904,0.5827238840040718,0.999936543920983,0.9999365210533142,0.9999364043450295,0.9999975815993861,0.9999975782217363,0.9999970758750193,0.9999970719347285,-4.632028748199598,-18.14623806719939,,916.3516039879936,False,False,False,,[]
368,368,369,True,1.0,1.0,368.0,369.0,368.0,369.0,369.0,0.0,22.1,23.5,302.3672914843748,0.5000190734863281,0.5000190734863281,0.0,1.0,0.5827238840040718,0.5826094824575734,0.9999364043450295,0.9999364018440247,0.9999361661396873,0.9999975782217363,0.999997565960238,0.9999970719347285,0.9999970617726126,-7.568048875174868,-29.652880852389966,,861.5893759709119,False,False,False,,[]
369,369,370,True,1.0,1.0,369.0,370.0,369.0,370.0,370.0,0.0,23.5,24.3,210.79179773437508,0.5000191330909729,0.5000191330909729,0.0,1.0,0.5826094824575734,0.5825277896435455,0.9999361661396873,0.9999361634254456,0.9999360013966954,0.999997565960238,0.9999975567594108,0.9999970617726126,0.9999970563989989,-5.404626891062562,-21.174777396031498,,898.681276275865,False,False,False,,[]
370,370,371,True,1.0,1.0,370.0,371.0,370.0,371.0,371.0,0.0,24.3,24.5,119.00397065104158,0.5000191926956177,0.5000191926956177,0.0,1.0,0.5825277896435455,0.5824777361635595,0.9999360013966954,0.9999359846115112,0.9999359035344442,0.9999975567594108,0.9999975508190134,0.9999970563989989,0.9999970517151459,-3.311699314404134,-12.97386201237087,,934.1743781124843,False,False,False,,[]
371,371,372,True,1.0,1.0,371.0,372.0,371.0,372.0,372.0,0.0,24.5,23.8,-19.072577265625096,0.5000191926956177,0.5000191926956177,0.0,1.0,0.5824777361635595,0.5824815335258395,0.9999359035344442,0.9999359250068665,0.9999358964384908,0.9999975508190134,0.9999975498621215,0.9999970517151459,0.9999970501397205,0.2512868728665373,0.9842763029980468,,1000.5557583930682,False,False,False,,[]
372,372,373,True,1.0,1.0,372.0,373.0,372.0,373.0,373.0,0.0,23.8,21.3,-295.6680065624996,0.5000191926956177,0.5000191926956177,0.0,1.0,0.5824815335258395,0.5825451939627252,0.9999358964384908,0.9999359250068665,0.9999357703046734,0.9999975498621215,0.9999975342645414,0.9999970501397205,0.999997040263669,4.213542099977923,16.50078524075723,,1026.2445874473954,False,False,False,,[]
373,373,374,True,1.0,1.0,373.0,374.0,373.0,374.0,374.0,0.0,21.3,17.7,-465.46235226562555,0.5000192523002625,0.5000192523002625,0.0,1.0,0.5825451939627252,0.5826506622411357,0.9999357703046734,0.9999357461929321,0.9999355526108514,0.9999975342645414,0.999997527979121,0.999997040263669,0.9999970329312432,6.981935283984384,27.33737776399754,,1075.3625356616524,False,False,False,,[]
374,374,375,True,1.0,1.0,374.0,375.0,374.0,375.0,375.0,0.0,17.7,14.4,-420.5743678906248,0.5000193119049072,0.5000193119049072,0.0,1.0,0.5826506622411357,0.5827206044963316,0.9999355526108514,0.9999355673789978,0.9999354131762929,0.999997527979121,0.9999975233046438,0.9999970329312432,0.9999970168429585,4.629898159787285,18.129032546775374,,1036.5229618336746,False,False,False,,[]
375,375,376,True,1.0,1.0,375.0,376.0,375.0,376.0,376.0,0.0,14.4,11.9,-298.64631333333347,0.500019371509552,0.500019371509552,0.0,1.0,0.5827206044963316,0.5827550161653654,0.9999354131762929,0.9999353885650635,0.9999353469178629,0.9999975233046438,0.9999975191485556,0.9999970168429585,0.999997001297362,2.277760021383494,8.919504613566408,,1008.1500273943185,False,False,False,,[]
376,376,377,True,1.0,1.0,376.0,377.0,376.0,377.0,377.0,0.0,11.9,10.2,-176.38499497395844,0.5000194311141968,0.5000194311141968,0.0,1.0,0.5827550161653654,0.5827697902911465,0.9999353469178629,0.9999353289604187,0.9999353190120895,0.9999975191485556,0.9999975146139293,0.999997001297362,0.9999969935821416,0.9778876389182645,3.829453402456436,,999.7337725375717,False,False,False,,[]
377,377,378,True,1.0,1.0,377.0,378.0,377.0,378.0,378.0,0.0,10.2,8.9,-115.29327739583313,0.5000194311141968,0.5000194311141968,0.0,1.0,0.5827697902911465,0.5827775396569539,0.9999353190120895,0.9999353289604187,0.9999353044751187,0.9999975146139293,0.999997511412176,0.9999969935821416,0.9999969892236944,0.512922179337364,2.0086356172643516,,998.7370652778399,False,False,False,,[]
378,378,379,True,1.0,1.0,378.0,379.0,378.0,379.0,379.0,0.0,8.9,8.0,-54.09589080729166,0.5000194311141968,0.5000194311141968,0.0,1.0,0.5827775396569539,0.582780588546824,0.9999353044751187,0.9999353289604187,0.9999352987819707,0.999997511412176,0.9999975099024129,0.9999969892236944,0.9999969874142492,0.20180263946168547,0.7902722543275882,,999.161071225652,False,False,False,,[]
379,379,380,True,1.0,1.0,379.0,380.0,379.0,380.0,380.0,0.0,8.0,7.2,-38.87121333333338,0.5000194311141968,0.5000194311141968,0.0,1.0,0.582780588546824,0.5827825340737932,0.9999352987819707,0.9999352693557739,0.9999352951530355,0.9999975099024129,0.9999975088999851,0.9999969874142492,0.9999969862448411,0.12877335288888905,0.5042805904191673,,999.4111444646837,False,False,False,,[]
380,380,381,True,1.0,1.0,380.0,381.0,380.0,381.0,381.0,0.0,7.2,6.1,-85.02457166666679,0.5000194311141968,0.5000194311141968,0.0,1.0,0.5827825340737932,0.5827862576002121,0.9999352951530355,0.9999352693557739,0.9999352881955582,0.9999975088999851,0.9999975069814158,0.9999969862448411,0.9999969840066842,0.2464622519722226,0.9651380477565351,,998.8723255924826,False,False,False,,[]
381,381,382,True,1.0,1.0,381.0,382.0,381.0,382.0,382.0,0.0,6.1,4.9,-100.49675018229149,0.5000194311141968,0.5000194311141968,0.0,1.0,0.5827862576002121,0.5827898975733126,0.9999352881955582,0.9999352693557739,0.9999352813947577,0.9999975069814158,0.9999975051058767,0.9999969840066842,0.9999969818187254,0.24093451646267308,0.9434810276561181,,998.8976117820856,False,False,False,,[]
382,382,383,True,1.0,1.0,382.0,383.0,382.0,383.0,383.0,0.0,4.9,3.7,-100.60623455729164,0.5000194311141968,0.5000194311141968,0.0,1.0,0.5827898975733126,0.5827927464461821,0.9999352813947577,0.9999352693557739,0.9999352760761394,0.9999975051058767,0.9999975036379487,0.9999969818187254,0.9999969801062759,0.18857219861892355,0.7384278477768329,,999.1373782789257,False,False,False,,[]
383,383,384,True,1.0,1.0,383.0,384.0,383.0,384.0,384.0,0.0,3.7,2.3,-131.39349809895842,0.5000194311141968,0.5000194311141968,0.0,1.0,0.5827927464461821,0.5827953422427498,0.9999352760761394,0.9999352693557739,0.9999352712311941,0.9999975036379487,0.9999975023004095,0.9999969801062759,0.9999969785459348,0.17182226674479176,0.6728304703532587,,999.2140399842735,False,False,False,,[]
384,384,385,True,1.0,1.0,384.0,385.0,384.0,385.0,385.0,0.0,2.3,0.9,-131.46316997395832,0.5000194311141968,0.5000194311141968,0.0,1.0,0.5827953422427498,0.5827967273930463,0.9999352712311941,0.9999352693557739,0.9999352686489292,0.9999975023004095,0.999997501586677,0.9999969785459348,0.9999969777133116,0.09168713393055555,0.35903095686025627,,999.5807439511473,False,False,False,,[]
385,385,386,True,1.0,1.0,385.0,386.0,385.0,386.0,386.0,0.0,0.9,0.0,-54.746161640625,0.5000194311141968,0.5000194311141968,0.0,1.0,0.5827967273930463,0.5827968896251007,0.9999352686489292,0.9999352693557739,0.9999352683468499,0.999997501586677,0.9999975015030825,0.9999969777133116,0.9999969776157923,0.010738670167968749,0.04205054847811733,,999.9509127372395,False,False,False,,[]
386,386,387,True,1.0,1.0,386.0,387.0,386.0,387.0,387.0,0.0,0.0,0.0,83.40462000000002,0.5000194311141968,0.5000194311141968,0.0,1.0,0.5827968896251007,0.5827968896251007,0.9999352683468499,0.9999352693557739,0.9999352683468499,0.9999975015030825,0.9999975015030825,0.9999969776157923,0.9999969776157923,-0.0,0.0,,1000.0,False,False,False,,[]
387,387,388,True,1.0,1.0,387.0,388.0,387.0,388.0,388.0,0.0,0.0,0.0,83.40462000000002,0.5000194311141968,0.5000194311141968,0.0,1.0,0.5827968896251007,0.5827968896251007,0.9999352683468499,0.9999352693557739,0.9999352683468499,0.9999975015030825,0.9999975015030825,0.9999969776157923,0.9999969776157923,-0.0,0.0,,1000.0,False,False,False,,[]
388,388,389,True,1.0,1.0,388.0,389.0,388.0,389.0,389.0,0.0,0.0,0.0,83.40462000000002,0.5000194311141968,0.5000194311141968,0.0,1.0,0.5827968896251007,0.5827968896251007,0.9999352683468499,0.9999352693557739,0.9999352683468499,0.9999975015030825,0.9999975015030825,0.9999969776157923,0.9999969776157923,-0.0,0.0,,1000.0,False,False,False,,[]
389,389,390,True,1.0,1.0,389.0,390.0,389.0,390.0,390.0,0.0,0.0,0.0,83.40462000000002,0.5000194311141968,0.5000194311141968,0.0,1.0,0.5827968896251007,0.5827968896251007,0.9999352683468499,0.9999352693557739,0.9999352683468499,0.9999975015030825,0.9999975015030825,0.9999969776157923,0.9999969776157923,-0.0,0.0,,1000.0,False,False,False,,[]
390,390,391,True,1.0,1.0,390.0,391.0,390.0,391.0,391.0,0.0,0.0,0.0,83.40462000000002,0.5000194311141968,0.5000194311141968,0.0,1.0,0.5827968896251007,0.5827968896251007,0.9999352683468499,0.9999352693557739,0.9999352683468499,0.9999975015030825,0.9999975015030825,0.9999969776157923,0.9999969776157923,-0.0,0.0,,1000.0,False,False,False,,[]
391,391,392,True,1.0,1.0,391.0,392.0,391.0,392.0,392.0,0.0,0.0,0.5,160.15878666666669,0.5000194311141968,0.5000194311141968,0.0,1.0,0.5827968896251007,0.582795875939011,0.9999352683468499,0.9999352693557739,0.9999352664577733,0.9999975015030825,0.9999975013672192,0.9999969776157923,0.9999969774572974,-0.06710188816267249,-0.26274743443962273,,998.5052855654019,False,False,False,,[]
392,392,393,True,1.0,1.0,392.0,393.0,392.0,393.0,393.0,0.0,0.5,2.1,329.0200269010418,0.5000194311141968,0.5000194311141968,0.0,1.0,0.582795875939011,0.5827850469189867,0.9999352664577733,0.9999352693557739,0.9999352460824117,0.9999975013672192,0.9999974999158527,0.9999969774572974,0.9999969757641681,-0.7168192307212239,-2.8068819903175553,,984.2412620115261,False,False,False,,[]
393,393,394,True,1.0,1.0,393.0,394.0,393.0,394.0,394.0,0.0,2.1,4.8,497.913697734375,0.5000194311141968,0.5000194311141968,0.0,1.0,0.5827850469189867,0.5827415518022176,0.9999352460824117,0.9999352693557739,0.999935161586623,0.9999974999158527,0.9999974940869801,0.9999969757641681,0.9999969689643453,-2.8788373674938725,-11.273934266527828,,939.3434106057297,False,False,False,,[]
394,394,395,True,1.0,1.0,394.0,395.0,394.0,395.0,395.0,0.0,4.8,8.3,620.8748866666668,0.5000194311141968,0.5000194311141968,0.0,1.0,0.5827415518022176,0.5826385608004638,0.999935161586623,0.9999351501464844,0.9999349495206238,0.9999974940869801,0.9999974802876886,0.9999969689643453,0.9999969528664232,-6.8153687073347875,-26.695267654597576,,866.4799345517584,False,False,False,,[]
395,395,396,True,1.0,1.0,395.0,396.0,395.0,396.0,396.0,0.0,8.3,12.3,698.0093456510417,0.5000194907188416,0.5000194907188416,0.0,1.0,0.5826385608004638,0.5824959131834823,0.9999349495206238,0.99993497133255,0.9999346457534012,0.9999974802876886,0.9999974753090131,0.9999969528664232,0.9999969244072133,-9.438095103345166,-36.97426232161749,,828.8697147124496,False,False,False,,[]
396,396,397,True,1.0,1.0,396.0,397.0,396.0,397.0,397.0,0.0,12.3,16.6,744.7452935677085,0.5000196099281311,0.5000196099281311,0.0,1.0,0.5824959131834823,0.5822751828927635,0.9999346457534012,0.9999346733093262,0.9999341916038808,0.9999974753090131,0.999997462178927,0.9999969244072133,0.999996881808166,-14.599974371199622,-57.21329135431391,,756.5015391044896,False,False,False,,[]
397,397,398,True,1.0,1.0,397.0,398.0,397.0,398.0,398.0,0.0,16.6,20.9,745.7760226041663,0.5000197291374207,0.5000197291374207,0.0,1.0,0.5822751828927635,0.5820716124516144,0.9999341916038808,0.999934196472168,0.9999337693350596,0.999997462178927,0.9999974524955852,0.999996881808166,0.9999968677549768,-13.46454477151797,-52.765458345847506,,787.690691811306,False,False,False,,[]
398,398,399,True,1.0,1.0,398.0,399.0,398.0,399.0,399.0,0.0,20.9,24.2,593.605140442708,0.5000198483467102,0.5000198483467102,0.0,1.0,0.5820716124516144,0.5818647214168065,0.9999337693350596,0.9999337792396545,0.9999333408427734,0.9999974524955852,0.9999974363276755,0.9999968677549768,0.9999968512063027,-13.683006230760807,-53.62615622221627,,779.7533321245012,False,False,False,,[]
399,399,400,True,1.0,1.0,399.0,400.0,399.0,400.0,400.0,0.0,24.2,25.6,303.1737434375008,0.5000199675559998,0.5000199675559998,0.0,1.0,0.5818647214168065,0.581741791327754,0.9999333408427734,0.9999333620071411,0.9999330827349298,0.9999974363276755,0.9999974243652182,0.9999968512063027,0.9999968400508703,-8.13168489188055,-31.863479082371413,,853.345156904883,False,False,False,,[]
400,400,401,True,1.0,1.0,400.0,401.0,400.0,401.0,401.0,0.0,25.6,25.6,88.84035333333335,0.5000200867652893,0.5000200867652893,0.0,1.0,0.581741791327754,0.5817020092896821,0.9999330827349298,0.9999330639839172,0.9999330057325643,0.9999974243652182,0.999997419863279,0.9999968400508703,0.9999968357257543,-2.63212801974753,-10.311504268245134,,946.692386090112,False,False,False,,[]
401,401,402,True,1.0,1.0,401.0,402.0,401.0,402.0,402.0,0.0,25.6,24.9,-18.615480000000595,0.5000200867652893,0.5000200867652893,0.0,1.0,0.5817020092896821,0.5817058796932933,0.9999330057325643,0.9999330043792725,0.9999329984996052,0.999997419863279,0.9999974188867778,0.9999968357257543,0.999996834111988,0.2561153214412319,1.0032086160412101,,1000.557150609211,False,False,False,,[]
402,402,403,True,1.0,1.0,402.0,403.0,402.0,403.0,403.0,0.0,24.9,23.3,-157.06618247395795,0.5000200867652893,0.5000200867652893,0.0,1.0,0.5817058796932933,0.581744971576163,0.9999329984996052,0.9999330043792725,0.9999329228841779,0.9999974188867778,0.9999974114858894,0.999996834111988,0.9999968304937064,2.587154605200981,10.132616039804303,,1020.9406880247017,False,False,False,,[]
403,403,404,True,1.0,1.0,403.0,404.0,403.0,404.0,404.0,0.0,23.3,21.6,-173.05666997395844,0.5000201463699341,0.5000201463699341,0.0,1.0,0.581744971576163,0.581779770416475,0.9999329228841779,0.9999329447746277,0.9999328558548806,0.9999974114858894,0.9999974002659976,0.9999968304937064,0.9999968243477659,2.3030819830632874,9.019859408879476,,1010.8464617463179,False,False,False,,[]
404,404,405,True,1.0,1.0,404.0,405.0,404.0,405.0,405.0,0.0,21.6,20.2,-127.63727166666688,0.5000201463699341,0.5000201463699341,0.0,1.0,0.581779770416475,0.58180567218125,0.9999328558548806,0.9999328851699829,0.9999328063954317,0.9999974002659976,0.9999973953222311,0.9999968243477659,0.999996819420152,1.714254475693972,6.713737429670859,,1011.2086813463418,False,False,False,,[]
405,405,406,True,1.0,1.0,405.0,406.0,405.0,406.0,406.0,0.0,20.2,18.7,-143.47348572916684,0.5000201463699341,0.5000201463699341,0.0,1.0,0.58180567218125,0.5818333810464837,0.9999328063954317,0.9999328255653381,0.9999327533917037,0.9999973953222311,0.9999973907139991,0.999996819420152,0.9999968143767176,1.833912284425509,7.1821378685720285,,1012.9216655222461,False,False,False,,[]
406,406,407,True,1.0,1.0,406.0,407.0,406.0,407.0,407.0,0.0,18.7,17.0,-174.6591230989579,0.5000201463699341,0.5000201463699341,0.0,1.0,0.5818333810464837,0.5818652537330536,0.9999327533917037,0.9999327659606934,0.9999326921742343,0.9999973907139991,0.9999973865383374,0.9999968143767176,0.9999968087546635,2.1095780640021884,8.261400358915786,,1016.2118551187285,False,False,False,,[]
407,407,408,True,1.0,1.0,407.0,408.0,407.0,408.0,408.0,0.0,17.0,15.3,-175.16250239583343,0.5000202059745789,0.5000202059745789,0.0,1.0,0.5818652537330536,0.5818911182043415,0.9999326921742343,0.9999327063560486,0.9999326427877991,0.9999973865383374,0.999997382632095,0.9999968087546635,0.9999967999670358,1.711922858881233,6.704070957805324,,1008.3002854157012,False,False,False,,[]
408,408,409,True,1.0,1.0,408.0,409.0,408.0,409.0,409.0,0.0,15.3,14.2,-83.51294080729178,0.5000202059745789,0.5000202059745789,0.0,1.0,0.5818911182043415,0.5819003205247644,0.9999326427877991,0.9999326467514038,0.9999326255006887,0.999997382632095,0.999997379620921,0.9999967999670358,0.9999967950909701,0.6090676955358345,2.3852414536227045,,999.5865405401222,False,False,False,,[]
409,409,410,True,1.0,1.0,409.0,410.0,409.0,410.0,410.0,0.0,14.2,13.9,39.02457677083351,0.5000202059745789,0.5000202059745789,0.0,1.0,0.5819003205247644,0.5818872108020915,0.9999326255006887,0.9999326467514038,0.9999326007789711,0.999997379620921,0.9999973780035074,0.9999967950909701,0.9999967929205775,-0.8676372784556236,-3.398040116818016,,980.9983556512381,False,False,False,,[]
410,410,411,True,1.0,1.0,410.0,411.0,410.0,411.0,411.0,0.0,13.9,14.0,100.35798940104164,0.5000202059745789,0.5000202059745789,0.0,1.0,0.5818872108020915,0.5818560842310255,0.9999326007789711,0.999932587146759,0.9999325410381771,0.9999973780035074,0.9999973748491282,0.9999967929205775,0.9999967873787895,-2.0599352571105496,-8.068007220289026,,956.2086851674271,False,False,False,,[]
411,411,412,True,1.0,1.0,411.0,412.0,411.0,412.0,412.0,0.0,14.0,14.2,115.73196374999992,0.5000202655792236,0.5000202655792236,0.0,1.0,0.5818560842310255,0.5818203656607606,0.9999325410381771,0.9999325275421143,0.9999324721753711,0.9999973748491282,0.99999737145741,0.9999967873787895,0.9999967809193306,-2.363790188670505,-9.258253412682397,,950.1584611909111,False,False,False,,[]
412,412,413,True,1.0,1.0,412.0,413.0,412.0,413.0,413.0,0.0,14.2,14.5,131.12957677083344,0.5000202655792236,0.5000202655792236,0.0,1.0,0.5818203656607606,0.5817797206098441,0.9999324721753711,0.9999324679374695,0.9999323934361042,0.99999737145741,0.9999973678413177,0.9999967809193306,0.999996773470703,-2.689761837907001,-10.535197197566138,,943.766879707283,False,False,False,,[]
413,413,414,True,1.0,1.0,413.0,414.0,413.0,414.0,414.0,0.0,14.5,14.9,146.55182377604197,0.5000202655792236,0.5000202655792236,0.0,1.0,0.5817797206098441,0.5817338085110779,0.9999323934361042,0.9999324083328247,0.9999323040338275,0.9999973678413177,0.999997364061291,0.999996773470703,0.9999967649429962,-3.03824839525981,-11.900416000176415,,937.0665540663302,False,False,False,,[]
414,414,415,True,1.0,1.0,414.0,415.0,414.0,415.0,415.0,0.0,14.9,15.9,238.75436440104164,0.5000203251838684,0.5000203251838684,0.0,1.0,0.5817338085110779,0.581664783232696,0.9999323040338275,0.9999322891235352,0.9999321665507078,0.999997364061291,0.999997359017161,0.9999967649429962,0.999996753136051,-4.567399325087818,-17.891352156605155,,909.4012087291652,False,False,False,,[]
415,415,416,True,1.0,1.0,415.0,416.0,415.0,416.0,416.0,0.0,15.9,17.4,315.7639946093747,0.5000203251838684,0.5000203251838684,0.0,1.0,0.581664783232696,0.5815808390175499,0.9999321665507078,0.9999321699142456,0.999931996894253,0.999997359017161,0.9999973552512794,0.999996753136051,0.9999967419689466,-5.554223110163456,-21.7583405658764,,896.1835468702458,False,False,False,,[]
416,416,417,True,1.0,1.0,416.0,417.0,416.0,417.0,417.0,0.0,17.4,18.7,285.4766267708332,0.5000203847885132,0.5000203847885132,0.0,1.0,0.5815808390175499,0.5815012999602559,0.999931996894253,0.9999319911003113,0.9999318368321587,0.9999973552512794,0.9999973488954592,0.9999967419689466,0.9999967358246854,-5.2626997923762495,-20.61652365060607,,902.4901387610249,False,False,False,,[]
417,417,418,True,1.0,1.0,417.0,418.0,417.0,418.0,418.0,0.0,18.7,19.1,147.70837690104247,0.500020444393158,0.500020444393158,0.0,1.0,0.5815012999602559,0.5814546607845654,0.9999318368321587,0.999931812286377,0.9999317459494627,0.9999973488954592,0.9999973444398893,0.9999967358246854,0.999996730791357,-3.0861331830458867,-12.088874338964446,,938.7764335217888,False,False,False,,[]
418,418,419,True,1.0,1.0,418.0,419.0,418.0,419.0,419.0,0.0,19.1,18.8,40.37795294270802,0.5000205039978027,0.5000205039978027,0.0,1.0,0.5814546607845654,0.5814376093307531,0.9999317459494627,0.9999317526817322,0.9999317136703773,0.9999973444398893,0.999997342194504,0.999996730791357,0.999996728213364,-1.1283987857284514,-4.41973682815765,,975.5119759114413,False,False,False,,[]
419,419,420,True,1.0,1.0,419.0,420.0,419.0,420.0,420.0,0.0,18.8,17.6,-97.8738529166665,0.5000205039978027,0.5000205039978027,0.0,1.0,0.5814376093307531,0.581453090472312,0.9999317136703773,0.9999316930770874,0.9999316844089414,0.999997342194504,0.9999973381307105,0.999996728213364,0.999996723542188,1.0245923624668976,4.012711892077307,,1003.8346770257887,False,False,False,,[]
420,420,421,True,1.0,1.0,420.0,421.0,420.0,421.0,421.0,0.0,17.6,16.6,-67.53447999999995,0.5000205039978027,0.5000205039978027,0.0,1.0,0.581453090472312,0.581461993738697,0.9999316844089414,0.9999316930770874,0.9999316676885143,0.9999973381307105,0.9999973350980795,0.999996723542188,0.9999967195602077,0.5892471162575146,2.307726646987916,,1000.2166593755428,False,False,False,,[]
421,421,422,True,1.0,1.0,421.0,422.0,421.0,422.0,422.0,0.0,16.6,16.2,24.286855937499737,0.5000205039978027,0.5000205039978027,0.0,1.0,0.581461993738697,0.5814524135220068,0.9999316676885143,0.9999316930770874,0.9999316496848486,0.9999973350980795,0.9999973338564373,0.9999967195602077,0.9999967180306001,-0.6340239049227733,-2.483192166105328,,986.045646528746,False,False,False,,[]
422,422,423,True,1.0,1.0,422.0,423.0,422.0,423.0,423.0,0.0,16.2,16.4,116.28303510416657,0.5000205039978027,0.5000205039978027,0.0,1.0,0.5814524135220068,0.5814138429412499,0.9999316496848486,0.9999316334724426,0.9999315751158139,0.9999973338564373,0.9999973299287099,0.9999967180306001,0.9999967115998287,-2.5524085873686553,-9.99749453221684,,946.6236926041408,False,False,False,,[]
423,423,424,True,1.0,1.0,423.0,424.0,423.0,424.0,424.0,0.0,16.4,17.2,208.4421137500001,0.5000205039978027,0.5000205039978027,0.0,1.0,0.5814138429412499,0.5813533447653614,0.9999315751158139,0.9999315738677979,0.9999314556177967,0.9999973299287099,0.9999973258858899,0.9999967115998287,0.9999967024903395,-4.003172008854308,-15.681127190308901,,921.1493512072917,False,False,False,,[]
424,424,425,True,1.0,1.0,424.0,425.0,424.0,425.0,425.0,0.0,17.2,19.1,377.52423041666714,0.5000205636024475,0.5000205636024475,0.0,1.0,0.5813533447653614,0.5812500627436603,0.9999314556177967,0.9999314546585083,0.9999312428920127,0.9999973258858899,0.9999973172519454,0.9999967024903395,0.9999966969549419,-6.833168965450434,-26.770700024907192,,878.1759678530663,False,False,False,,[]
425,425,426,True,1.0,1.0,425.0,426.0,425.0,426.0,426.0,0.0,19.1,22.6,623.7096196093746,0.5000206232070923,0.5000206232070923,0.0,1.0,0.5812500627436603,0.5810607284260288,0.9999312428920127,0.9999312162399292,0.9999308475918692,0.9999973172519454,0.9999973082465072,0.9999966969549419,0.9999966838752362,-12.522623886983048,-49.07545513006539,,799.3927967033533,False,False,False,,[]
426,426,427,True,1.0,1.0,426.0,427.0,426.0,427.0,427.0,0.0,22.6,27.4,824.4810017708334,0.5000207424163818,0.5000207424163818,0.0,1.0,0.5810607284260288,0.5807572722570079,0.9999308475918692,0.9999308586120605,0.9999302502965918,0.9999973082465072,0.9999972929614748,0.9999966838752362,0.9999966612000319,-20.06211064981931,-78.65583901021516,,713.701532504157,False,False,False,,[]
427,427,428,True,1.0,1.0,427.0,428.0,427.0,428.0,428.0,0.0,27.4,31.6,734.3666267708342,0.5000209212303162,0.5000209212303162,0.0,1.0,0.5807572722570079,0.5804428194968269,0.9999302502965918,0.9999302625656128,0.9999296354030167,0.9999972929614748,0.9999972752254594,0.9999966612000319,0.9999966436990667,-20.78602857732806,-81.50615543893622,,708.6272757621515,False,False,False,,[]
428,428,429,True,1.0,1.0,428.0,429.0,428.0,429.0,429.0,0.0,31.6,33.4,368.00194708333237,0.5000211000442505,0.5000211000442505,0.0,1.0,0.5804428194968269,0.5802595262485338,0.9999296354030167,0.9999296069145203,0.9999292516849376,0.9999972752254594,0.9999972619762958,0.9999966436990667,0.9999966289052608,-12.11969775151408,-47.509609957565374,,800.1869071360265,False,False,False,,[]
429,429,430,True,1.0,1.0,429.0,430.0,429.0,430.0,430.0,0.0,33.4,33.5,108.0082101041671,0.50002121925354,0.50002121925354,0.0,1.0,0.5802595262485338,0.5801988117007154,0.9999292516849376,0.9999292492866516,0.9999291317341482,0.9999972619762958,0.9999972552537271,0.9999966289052608,0.9999966233785896,-4.015882121769378,-15.737210794544728,,921.6939284802426,False,False,False,,[]
430,430,431,True,1.0,1.0,430.0,431.0,430.0,431.0,431.0,0.0,33.5,32.8,-14.742967890625097,0.5000212788581848,0.5000212788581848,0.0,1.0,0.5801988117007154,0.5802027942614921,0.9999291317341482,0.9999291300773621,0.9999291242907746,0.9999972552537271,0.9999972542383985,0.9999966233785896,0.9999966216472692,0.263473828501417,1.0322797533356445,,1000.491816163199,False,False,False,,[]
431,431,432,True,1.0,1.0,431.0,432.0,431.0,432.0,432.0,0.0,32.8,31.9,-45.829571666666666,0.5000212788581848,0.5000212788581848,0.0,1.0,0.5802027942614921,0.5802159145305349,0.9999291242907746,0.9999291300773621,0.9999290995489137,0.9999972542383985,0.999997251158345,0.9999966216472692,0.99999661769549,0.8680437150463434,3.400773735882746,,1003.6273604703267,False,False,False,,[]
432,432,433,True,1.0,1.0,432.0,433.0,432.0,433.0,433.0,0.0,31.9,31.3,-0.2600470572913322,0.5000212788581848,0.5000212788581848,0.0,1.0,0.5802159145305349,0.5802159788057569,0.9999290995489137,0.9999290704727173,0.9999290994292435,0.999997251158345,0.9999972511412734,0.99999661769549,0.999996617663022,0.004252430887117066,0.016660137539071414,,1000.0027684966582,False,False,False,,[]
433,433,434,True,1.0,1.0,433.0,434.0,433.0,434.0,434.0,0.0,31.3,31.1,60.82876752604178,0.5000212788581848,0.5000212788581848,0.0,1.0,0.5802159788057569,0.5801818916688833,0.9999290994292435,0.9999290704727173,0.9999290338165224,0.9999972511412734,0.9999972474122022,0.999996617663022,0.9999966134074597,-2.2550042620446984,-8.835385877629719,,953.6224394896882,False,False,False,,[]
434,434,435,True,1.0,1.0,434.0,435.0,434.0,435.0,435.0,0.0,31.1,30.6,14.672755026041463,0.5000212788581848,0.5000212788581848,0.0,1.0,0.5801818916688833,0.580172505116731,0.9999290338165224,0.9999290108680725,0.9999290161801434,0.9999972474122022,0.9999972464718186,0.9999966134074597,0.9999966118030377,-0.6210108040570301,-2.432994317871362,,986.4900234271176,False,False,False,,[]
435,435,436,True,1.0,1.0,435.0,436.0,435.0,436.0,436.0,0.0,30.6,29.2,-123.74062322916689,0.5000212788581848,0.5000212788581848,0.0,1.0,0.580172505116731,0.5802120757425419,0.9999290161801434,0.9999290108680725,0.999928939602828,0.9999972464718186,0.9999972407216438,0.9999966118030377,0.9999966082307007,2.618423097081889,10.256706210176317,,1023.1125026730841,False,False,False,,[]
436,436,437,True,1.0,1.0,436.0,437.0,436.0,437.0,437.0,0.0,29.2,26.7,-293.2941862500001,0.5000213384628296,0.5000213384628296,0.0,1.0,0.5802120757425419,0.580296364555023,0.999928939602828,0.9999289512634277,0.9999287691924836,0.9999972407216438,0.9999972280250484,0.9999966082307007,0.9999965960478708,5.578464082136612,21.847660195102172,,1044.2428495148868,False,False,False,,[]
437,437,438,True,1.0,1.0,437.0,438.0,437.0,438.0,438.0,0.0,26.7,23.0,-478.6633105989583,0.5000213384628296,0.5000213384628296,0.0,1.0,0.580296364555023,0.5804243989712133,0.9999287691924836,0.9999287724494934,0.9999284990217283,0.9999972280250484,0.9999972143955098,0.9999965960478708,0.9999965799786182,8.475313515006542,33.18652067655366,,1076.795492590098,False,False,False,,[]
438,438,439,True,1.0,1.0,438.0,439.0,438.0,439.0,439.0,0.0,23.0,18.2,-649.0477107291666,0.5000214576721191,0.5000214576721191,0.0,1.0,0.5804243989712133,0.5805775249043554,0.9999284990217283,0.9999284744262695,0.9999281743173624,0.9999972143955098,0.9999972051365773,0.9999965799786182,0.9999965663966166,10.137809071057285,39.690241870431464,,1108.4195757620714,False,False,False,,[]
439,439,440,True,1.0,1.0,439.0,440.0,439.0,440.0,440.0,0.0,18.2,12.9,-727.4421523958332,0.5000215768814087,0.5000215768814087,0.0,1.0,0.5805775249043554,0.5806810645903112,0.9999281743173624,0.9999281764030457,0.9999279610071167,0.9999972051365773,0.9999971910095194,0.9999965663966166,0.9999965296865538,6.854412741284329,26.837486599737122,,1032.3875893418437,False,False,False,,[]
440,440,441,True,1.0,1.0,440.0,441.0,440.0,441.0,441.0,0.0,12.9,7.7,-713.4584637239583,0.5000216364860535,0.5000216364860535,0.0,1.0,0.5806810645903112,0.5807479568012567,0.9999279610071167,0.9999279379844666,0.9999278280503286,0.9999971910095194,0.9999971859206285,0.9999965296865538,0.999996500597578,4.428068926232824,17.338461077061552,,1019.8032174370695,False,False,False,,[]
441,441,442,True,1.0,1.0,441.0,442.0,441.0,442.0,442.0,0.0,7.7,3.8,-514.7861126822917,0.5000216364860535,0.5000216364860535,0.0,1.0,0.5807479568012567,0.580767450176165,0.9999278280503286,0.999927818775177,0.9999277910603306,0.9999971859206285,0.9999971758765991,0.999996500597578,0.9999964888805578,1.290265192684462,5.052682776237354,,994.0687155170233,False,False,False,,[]
442,442,443,True,1.0,1.0,442.0,443.0,442.0,443.0,443.0,0.0,3.8,1.3,-300.24644406249996,0.5000216364860535,0.5000216364860535,0.0,1.0,0.580767450176165,0.5807724923947005,0.9999277910603306,0.999927818775177,0.9999277816266912,0.9999971758765991,0.9999971732786457,0.9999964888805578,0.9999964858498744,0.33373547051562485,1.3069430444041303,,998.4725544730298,False,False,False,,[]
443,443,444,True,1.0,1.0,443.0,444.0,443.0,444.0,444.0,0.0,1.3,0.2,-85.44052934895831,0.5000216960906982,0.5000216960906982,0.0,1.0,0.5807724923947005,0.5807729144113308,0.9999277816266912,0.9999277591705322,0.9999277808406881,0.9999971732786457,0.9999971730612062,0.9999964858498744,0.999996485596217,0.027932480748697905,0.10938671057521143,,999.8723356872864,False,False,False,,[]
444,444,445,True,1.0,1.0,444.0,445.0,444.0,445.0,445.0,0.0,0.2,0.0,52.703285104166675,0.5000216960906982,0.5000216960906982,0.0,1.0,0.5807729144113308,0.5807727809676732,0.9999277808406881,0.9999277591705322,0.9999277805922203,0.9999971730612062,0.9999971730433227,0.999996485596217,0.9999964855753548,-0.00883245937726943,-0.03458859606644916,,999.8030027043764,False,False,False,,[]
445,445,446,True,1.0,1.0,445.0,446.0,445.0,446.0,446.0,0.0,0.0,0.0,83.40462000000002,0.5000216960906982,0.5000216960906982,0.0,1.0,0.5807727809676732,0.5807727809676732,0.9999277805922203,0.9999277591705322,0.9999277805922203,0.9999971730433227,0.9999971730433227,0.9999964855753548,0.9999964855753548,-0.0,0.0,,1000.0,False,False,False,,[]
446,446,447,True,1.0,1.0,446.0,447.0,446.0,447.0,447.0,0.0,0.0,0.0,83.40462000000002,0.5000216960906982,0.5000216960906982,0.0,1.0,0.5807727809676732,0.5807727809676732,0.9999277805922203,0.9999277591705322,0.9999277805922203,0.9999971730433227,0.9999971730433227,0.9999964855753548,0.9999964855753548,-0.0,0.0,,1000.0,False,False,False,,[]
447,447,448,True,1.0,1.0,447.0,448.0,447.0,448.0,448.0,0.0,0.0,0.0,83.40462000000002,0.5000216960906982,0.5000216960906982,0.0,1.0,0.5807727809676732,0.5807727809676732,0.9999277805922203,0.9999277591705322,0.9999277805922203,0.9999971730433227,0.9999971730433227,0.9999964855753548,0.9999964855753548,-0.0,0.0,,1000.0,False,False,False,,[]
448,448,449,True,1.0,1.0,448.0,449.0,448.0,449.0,449.0,0.0,0.0,0.0,83.40462000000002,0.5000216960906982,0.5000216960906982,0.0,1.0,0.5807727809676732,0.5807727809676732,0.9999277805922203,0.9999277591705322,0.9999277805922203,0.9999971730433227,0.9999971730433227,0.9999964855753548,0.9999964855753548,-0.0,0.0,,1000.0,False,False,False,,[]
449,449,450,True,1.0,1.0,449.0,450.0,449.0,450.0,450.0,0.0,0.0,0.0,83.40462000000002,0.5000216960906982,0.5000216960906982,0.0,1.0,0.5807727809676732,0.5807727809676732,0.9999277805922203,0.9999277591705322,0.9999277805922203,0.9999971730433227,0.9999971730433227,0.9999964855753548,0.9999964855753548,-0.0,0.0,,1000.0,False,False,False,,[]
450,450,451,True,1.0,1.0,450.0,451.0,450.0,451.0,451.0,0.0,0.0,0.0,83.40462000000002,0.5000216960906982,0.5000216960906982,0.0,1.0,0.5807727809676732,0.5807727809676732,0.9999277805922203,0.9999277591705322,0.9999277805922203,0.9999971730433227,0.9999971730433227,0.9999964855753548,0.9999964855753548,-0.0,0.0,,1000.0,False,False,False,,[]
451,451,452,True,1.0,1.0,451.0,452.0,451.0,452.0,452.0,0.0,0.0,0.0,83.40462000000002,0.5000216960906982,0.5000216960906982,0.0,1.0,0.5807727809676732,0.5807727809676732,0.9999277805922203,0.9999277591705322,0.9999277805922203,0.9999971730433227,0.9999971730433227,0.9999964855753548,0.9999964855753548,-0.0,0.0,,1000.0,False,False,False,,[]
452,452,453,True,1.0,1.0,452.0,453.0,452.0,453.0,453.0,0.0,0.0,0.0,83.40462000000002,0.5000216960906982,0.5000216960906982,0.0,1.0,0.5807727809676732,0.5807727809676732,0.9999277805922203,0.9999277591705322,0.9999277805922203,0.9999971730433227,0.9999971730433227,0.9999964855753548,0.9999964855753548,-0.0,0.0,,1000.0,False,False,False,,[]
453,453,454,True,1.0,1.0,453.0,454.0,453.0,454.0,454.0,0.0,0.0,0.0,83.40462000000002,0.5000216960906982,0.5000216960906982,0.0,1.0,0.5807727809676732,0.5807727809676732,0.9999277805922203,0.9999277591705322,0.9999277805922203,0.9999971730433227,0.9999971730433227,0.9999964855753548,0.9999964855753548,-0.0,0.0,,1000.0,False,False,False,,[]
454,454,455,True,1.0,1.0,454.0,455.0,454.0,455.0,455.0,0.0,0.0,0.0,83.40462000000002,0.5000216960906982,0.5000216960906982,0.0,1.0,0.5807727809676732,0.5807727809676732,0.9999277805922203,0.9999277591705322,0.9999277805922203,0.9999971730433227,0.9999971730433227,0.9999964855753548,0.9999964855753548,-0.0,0.0,,1000.0,False,False,False,,[]
455,455,456,True,1.0,1.0,455.0,456.0,455.0,456.0,456.0,0.0,0.0,0.0,83.40462000000002,0.5000216960906982,0.5000216960906982,0.0,1.0,0.5807727809676732,0.5807727809676732,0.9999277805922203,0.9999277591705322,0.9999277805922203,0.9999971730433227,0.9999971730433227,0.9999964855753548,0.9999964855753548,-0.0,0.0,,1000.0,False,False,False,,[]
456,456,457,True,1.0,1.0,456.0,457.0,456.0,457.0,457.0,0.0,0.0,0.0,83.40462000000002,0.5000216960906982,0.5000216960906982,0.0,1.0,0.5807727809676732,0.5807727809676732,0.9999277805922203,0.9999277591705322,0.9999277805922203,0.9999971730433227,0.9999971730433227,0.9999964855753548,0.9999964855753548,-0.0,0.0,,1000.0,False,False,False,,[]
457,457,458,True,1.0,1.0,457.0,458.0,457.0,458.0,458.0,0.0,0.0,0.0,83.40462000000002,0.5000216960906982,0.5000216960906982,0.0,1.0,0.5807727809676732,0.5807727809676732,0.9999277805922203,0.9999277591705322,0.9999277805922203,0.9999971730433227,0.9999971730433227,0.9999964855753548,0.9999964855753548,-0.0,0.0,,1000.0,False,False,False,,[]
458,458,459,True,1.0,1.0,458.0,459.0,458.0,459.0,459.0,0.0,0.0,0.0,83.40462000000002,0.5000216960906982,0.5000216960906982,0.0,1.0,0.5807727809676732,0.5807727809676732,0.9999277805922203,0.9999277591705322,0.9999277805922203,0.9999971730433227,0.9999971730433227,0.9999964855753548,0.9999964855753548,-0.0,0.0,,1000.0,False,False,False,,[]
459,459,460,True,1.0,1.0,459.0,460.0,459.0,460.0,460.0,0.0,0.0,0.0,83.40462000000002,0.5000216960906982,0.5000216960906982,0.0,1.0,0.5807727809676732,0.5807727809676732,0.9999277805922203,0.9999277591705322,0.9999277805922203,0.9999971730433227,0.9999971730433227,0.9999964855753548,0.9999964855753548,-0.0,0.0,,1000.0,False,False,False,,[]
460,460,461,True,1.0,1.0,460.0,461.0,460.0,461.0,461.0,0.0,0.0,0.0,83.40462000000002,0.5000216960906982,0.5000216960906982,0.0,1.0,0.5807727809676732,0.5807727809676732,0.9999277805922203,0.9999277591705322,0.9999277805922203,0.9999971730433227,0.9999971730433227,0.9999964855753548,0.9999964855753548,-0.0,0.0,,1000.0,False,False,False,,[]
461,461,462,True,1.0,1.0,461.0,462.0,461.0,462.0,462.0,0.0,0.0,0.0,83.40462000000002,0.5000216960906982,0.5000216960906982,0.0,1.0,0.5807727809676732,0.5807727809676732,0.9999277805922203,0.9999277591705322,0.9999277805922203,0.9999971730433227,0.9999971730433227,0.9999964855753548,0.9999964855753548,-0.0,0.0,,1000.0,False,False,False,,[]
462,462,463,True,1.0,1.0,462.0,463.0,462.0,463.0,463.0,0.0,0.0,0.0,83.40462000000002,0.5000216960906982,0.5000216960906982,0.0,1.0,0.5807727809676732,0.5807727809676732,0.9999277805922203,0.9999277591705322,0.9999277805922203,0.9999971730433227,0.9999971730433227,0.9999964855753548,0.9999964855753548,-0.0,0.0,,1000.0,False,False,False,,[]
463,463,464,True,1.0,1.0,463.0,464.0,463.0,464.0,464.0,0.0,0.0,0.0,83.40462000000002,0.5000216960906982,0.5000216960906982,0.0,1.0,0.5807727809676732,0.5807727809676732,0.9999277805922203,0.9999277591705322,0.9999277805922203,0.9999971730433227,0.9999971730433227,0.9999964855753548,0.9999964855753548,-0.0,0.0,,1000.0,False,False,False,,[]
464,464,465,True,1.0,1.0,464.0,465.0,464.0,465.0,465.0,0.0,0.0,0.0,83.40462000000002,0.5000216960906982,0.5000216960906982,0.0,1.0,0.5807727809676732,0.5807727809676732,0.9999277805922203,0.9999277591705322,0.9999277805922203,0.9999971730433227,0.9999971730433227,0.9999964855753548,0.9999964855753548,-0.0,0.0,,1000.0,False,False,False,,[]
465,465,466,True,1.0,1.0,465.0,466.0,465.0,466.0,466.0,0.0,0.0,0.0,83.40462000000002,0.5000216960906982,0.5000216960906982,0.0,1.0,0.5807727809676732,0.5807727809676732,0.9999277805922203,0.9999277591705322,0.9999277805922203,0.9999971730433227,0.9999971730433227,0.9999964855753548,0.9999964855753548,-0.0,0.0,,1000.0,False,False,False,,[]
466,466,467,True,1.0,1.0,466.0,467.0,466.0,467.0,467.0,0.0,0.0,0.0,83.40462000000002,0.5000216960906982,0.5000216960906982,0.0,1.0,0.5807727809676732,0.5807727809676732,0.9999277805922203,0.9999277591705322,0.9999277805922203,0.9999971730433227,0.9999971730433227,0.9999964855753548,0.9999964855753548,-0.0,0.0,,1000.0,False,False,False,,[]
467,467,468,True,1.0,1.0,467.0,468.0,467.0,468.0,468.0,0.0,0.0,0.0,83.40462000000002,0.5000216960906982,0.5000216960906982,0.0,1.0,0.5807727809676732,0.5807727809676732,0.9999277805922203,0.9999277591705322,0.9999277805922203,0.9999971730433227,0.9999971730433227,0.9999964855753548,0.9999964855753548,-0.0,0.0,,1000.0,False,False,False,,[]
468,468,469,True,1.0,1.0,468.0,469.0,468.0,469.0,469.0,0.0,0.0,0.0,83.40462000000002,0.5000216960906982,0.5000216960906982,0.0,1.0,0.5807727809676732,0.5807727809676732,0.9999277805922203,0.9999277591705322,0.9999277805922203,0.9999971730433227,0.9999971730433227,0.9999964855753548,0.9999964855753548,-0.0,0.0,,1000.0,False,False,False,,[]
469,469,470,True,1.0,1.0,469.0,470.0,469.0,470.0,470.0,0.0,0.0,0.0,83.40462000000002,0.5000216960906982,0.5000216960906982,0.0,1.0,0.5807727809676732,0.5807727809676732,0.9999277805922203,0.9999277591705322,0.9999277805922203,0.9999971730433227,0.9999971730433227,0.9999964855753548,0.9999964855753548,-0.0,0.0,,1000.0,False,False,False,,[]
470,470,471,True,1.0,1.0,470.0,471.0,470.0,471.0,471.0,0.0,0.0,0.0,83.40462000000002,0.5000216960906982,0.5000216960906982,0.0,1.0,0.5807727809676732,0.5807727809676732,0.9999277805922203,0.9999277591705322,0.9999277805922203,0.9999971730433227,0.9999971730433227,0.9999964855753548,0.9999964855753548,-0.0,0.0,,1000.0,False,False,False,,[]
471,471,472,True,1.0,1.0,471.0,472.0,471.0,472.0,472.0,0.0,0.0,0.0,83.40462000000002,0.5000216960906982,0.5000216960906982,0.0,1.0,0.5807727809676732,0.5807727809676732,0.9999277805922203,0.9999277591705322,0.9999277805922203,0.9999971730433227,0.9999971730433227,0.9999964855753548,0.9999964855753548,-0.0,0.0,,1000.0,False,False,False,,[]
472,472,473,True,1.0,1.0,472.0,473.0,472.0,473.0,473.0,0.0,0.0,0.0,83.40462000000002,0.5000216960906982,0.5000216960906982,0.0,1.0,0.5807727809676732,0.5807727809676732,0.9999277805922203,0.9999277591705322,0.9999277805922203,0.9999971730433227,0.9999971730433227,0.9999964855753548,0.9999964855753548,-0.0,0.0,,1000.0,False,False,False,,[]
473,473,474,True,1.0,1.0,473.0,474.0,473.0,474.0,474.0,0.0,0.0,0.0,83.40462000000002,0.5000216960906982,0.5000216960906982,0.0,1.0,0.5807727809676732,0.5807727809676732,0.9999277805922203,0.9999277591705322,0.9999277805922203,0.9999971730433227,0.9999971730433227,0.9999964855753548,0.9999964855753548,-0.0,0.0,,1000.0,False,False,False,,[]
474,474,475,True,1.0,1.0,474.0,475.0,474.0,475.0,475.0,0.0,0.0,0.0,83.40462000000002,0.5000216960906982,0.5000216960906982,0.0,1.0,0.5807727809676732,0.5807727809676732,0.9999277805922203,0.9999277591705322,0.9999277805922203,0.9999971730433227,0.9999971730433227,0.9999964855753548,0.9999964855753548,-0.0,0.0,,1000.0,False,False,False,,[]
475,475,476,True,1.0,1.0,475.0,476.0,475.0,476.0,476.0,0.0,0.0,0.0,83.40462000000002,0.5000216960906982,0.5000216960906982,0.0,1.0,0.5807727809676732,0.5807727809676732,0.9999277805922203,0.9999277591705322,0.9999277805922203,0.9999971730433227,0.9999971730433227,0.9999964855753548,0.9999964855753548,-0.0,0.0,,1000.0,False,False,False,,[]
476,476,477,True,1.0,1.0,476.0,477.0,476.0,477.0,477.0,0.0,0.0,0.0,83.40462000000002,0.5000216960906982,0.5000216960906982,0.0,1.0,0.5807727809676732,0.5807727809676732,0.9999277805922203,0.9999277591705322,0.9999277805922203,0.9999971730433227,0.9999971730433227,0.9999964855753548,0.9999964855753548,-0.0,0.0,,1000.0,False,False,False,,[]
477,477,478,True,1.0,1.0,477.0,478.0,477.0,478.0,478.0,0.0,0.0,0.0,83.40462000000002,0.5000216960906982,0.5000216960906982,0.0,1.0,0.5807727809676732,0.5807727809676732,0.9999277805922203,0.9999277591705322,0.9999277805922203,0.9999971730433227,0.9999971730433227,0.9999964855753548,0.9999964855753548,-0.0,0.0,,1000.0,False,False,False,,[]
478,478,479,True,1.0,1.0,478.0,479.0,478.0,479.0,479.0,0.0,0.0,0.0,83.40462000000002,0.5000216960906982,0.5000216960906982,0.0,1.0,0.5807727809676732,0.5807727809676732,0.9999277805922203,0.9999277591705322,0.9999277805922203,0.9999971730433227,0.9999971730433227,0.9999964855753548,0.9999964855753548,-0.0,0.0,,1000.0,False,False,False,,[]
479,479,480,True,1.0,1.0,479.0,480.0,479.0,480.0,480.0,0.0,0.0,0.0,83.40462000000002,0.5000216960906982,0.5000216960906982,0.0,1.0,0.5807727809676732,0.5807727809676732,0.9999277805922203,0.9999277591705322,0.9999277805922203,0.9999971730433227,0.9999971730433227,0.9999964855753548,0.9999964855753548,-0.0,0.0,,1000.0,False,False,False,,[]
480,480,481,True,1.0,1.0,480.0,481.0,480.0,481.0,481.0,0.0,0.0,0.0,83.40462000000002,0.5000216960906982,0.5000216960906982,0.0,1.0,0.5807727809676732,0.5807727809676732,0.9999277805922203,0.9999277591705322,0.9999277805922203,0.9999971730433227,0.9999971730433227,0.9999964855753548,0.9999964855753548,-0.0,0.0,,1000.0,False,False,False,,[]
481,481,482,True,1.0,1.0,481.0,482.0,481.0,482.0,482.0,0.0,0.0,0.0,83.40462000000002,0.5000216960906982,0.5000216960906982,0.0,1.0,0.5807727809676732,0.5807727809676732,0.9999277805922203,0.9999277591705322,0.9999277805922203,0.9999971730433227,0.9999971730433227,0.9999964855753548,0.9999964855753548,-0.0,0.0,,1000.0,False,False,False,,[]
482,482,483,True,1.0,1.0,482.0,483.0,482.0,483.0,483.0,0.0,0.0,0.0,83.40462000000002,0.5000216960906982,0.5000216960906982,0.0,1.0,0.5807727809676732,0.5807727809676732,0.9999277805922203,0.9999277591705322,0.9999277805922203,0.9999971730433227,0.9999971730433227,0.9999964855753548,0.9999964855753548,-0.0,0.0,,1000.0,False,False,False,,[]
483,483,484,True,1.0,1.0,483.0,484.0,483.0,484.0,484.0,0.0,0.0,0.0,83.40462000000002,0.5000216960906982,0.5000216960906982,0.0,1.0,0.5807727809676732,0.5807727809676732,0.9999277805922203,0.9999277591705322,0.9999277805922203,0.9999971730433227,0.9999971730433227,0.9999964855753548,0.9999964855753548,-0.0,0.0,,1000.0,False,False,False,,[]
484,484,485,True,1.0,1.0,484.0,485.0,484.0,485.0,485.0,0.0,0.0,0.0,83.40462000000002,0.5000216960906982,0.5000216960906982,0.0,1.0,0.5807727809676732,0.5807727809676732,0.9999277805922203,0.9999277591705322,0.9999277805922203,0.9999971730433227,0.9999971730433227,0.9999964855753548,0.9999964855753548,-0.0,0.0,,1000.0,False,False,False,,[]
485,485,486,True,1.0,1.0,485.0,486.0,485.0,486.0,486.0,0.0,0.0,0.0,83.40462000000002,0.5000216960906982,0.5000216960906982,0.0,1.0,0.5807727809676732,0.5807727809676732,0.9999277805922203,0.9999277591705322,0.9999277805922203,0.9999971730433227,0.9999971730433227,0.9999964855753548,0.9999964855753548,-0.0,0.0,,1000.0,False,False,False,,[]
486,486,487,True,1.0,1.0,486.0,487.0,486.0,487.0,487.0,0.0,0.0,0.0,83.40462000000002,0.5000216960906982,0.5000216960906982,0.0,1.0,0.5807727809676732,0.5807727809676732,0.9999277805922203,0.9999277591705322,0.9999277805922203,0.9999971730433227,0.9999971730433227,0.9999964855753548,0.9999964855753548,-0.0,0.0,,1000.0,False,False,False,,[]
487,487,488,True,1.0,1.0,487.0,488.0,487.0,488.0,488.0,0.0,0.0,0.0,83.40462000000002,0.5000216960906982,0.5000216960906982,0.0,1.0,0.5807727809676732,0.5807727809676732,0.9999277805922203,0.9999277591705322,0.9999277805922203,0.9999971730433227,0.9999971730433227,0.9999964855753548,0.9999964855753548,-0.0,0.0,,1000.0,False,False,False,,[]
488,488,489,True,1.0,1.0,488.0,489.0,488.0,489.0,489.0,0.0,0.0,0.0,83.40462000000002,0.5000216960906982,0.5000216960906982,0.0,1.0,0.5807727809676732,0.5807727809676732,0.9999277805922203,0.9999277591705322,0.9999277805922203,0.9999971730433227,0.9999971730433227,0.9999964855753548,0.9999964855753548,-0.0,0.0,,1000.0,False,False,False,,[]
489,489,490,True,1.0,1.0,489.0,490.0,489.0,490.0,490.0,0.0,0.0,0.0,83.40462000000002,0.5000216960906982,0.5000216960906982,0.0,1.0,0.5807727809676732,0.5807727809676732,0.9999277805922203,0.9999277591705322,0.9999277805922203,0.9999971730433227,0.9999971730433227,0.9999964855753548,0.9999964855753548,-0.0,0.0,,1000.0,False,False,False,,[]
490,490,491,True,1.0,1.0,490.0,491.0,490.0,491.0,491.0,0.0,0.0,0.0,83.40462000000002,0.5000216960906982,0.5000216960906982,0.0,1.0,0.5807727809676732,0.5807727809676732,0.9999277805922203,0.9999277591705322,0.9999277805922203,0.9999971730433227,0.9999971730433227,0.9999964855753548,0.9999964855753548,-0.0,0.0,,1000.0,False,False,False,,[]
491,491,492,True,1.0,1.0,491.0,492.0,491.0,492.0,492.0,0.0,0.0,0.0,83.40462000000002,0.5000216960906982,0.5000216960906982,0.0,1.0,0.5807727809676732,0.5807727809676732,0.9999277805922203,0.9999277591705322,0.9999277805922203,0.9999971730433227,0.9999971730433227,0.9999964855753548,0.9999964855753548,-0.0,0.0,,1000.0,False,False,False,,[]
492,492,493,True,1.0,1.0,492.0,493.0,492.0,493.0,493.0,0.0,0.0,0.0,83.40462000000002,0.5000216960906982,0.5000216960906982,0.0,1.0,0.5807727809676732,0.5807727809676732,0.9999277805922203,0.9999277591705322,0.9999277805922203,0.9999971730433227,0.9999971730433227,0.9999964855753548,0.9999964855753548,-0.0,0.0,,1000.0,False,False,False,,[]
493,493,494,True,1.0,1.0,493.0,494.0,493.0,494.0,494.0,0.0,0.0,0.0,83.40462000000002,0.5000216960906982,0.5000216960906982,0.0,1.0,0.5807727809676732,0.5807727809676732,0.9999277805922203,0.9999277591705322,0.9999277805922203,0.9999971730433227,0.9999971730433227,0.9999964855753548,0.9999964855753548,-0.0,0.0,,1000.0,False,False,False,,[]
494,494,495,True,1.0,1.0,494.0,495.0,494.0,495.0,495.0,0.0,0.0,0.0,83.40462000000002,0.5000216960906982,0.5000216960906982,0.0,1.0,0.5807727809676732,0.5807727809676732,0.9999277805922203,0.9999277591705322,0.9999277805922203,0.9999971730433227,0.9999971730433227,0.9999964855753548,0.9999964855753548,-0.0,0.0,,1000.0,False,False,False,,[]
495,495,496,True,1.0,1.0,495.0,496.0,495.0,496.0,496.0,0.0,0.0,0.0,83.40462000000002,0.5000216960906982,0.5000216960906982,0.0,1.0,0.5807727809676732,0.5807727809676732,0.9999277805922203,0.9999277591705322,0.9999277805922203,0.9999971730433227,0.9999971730433227,0.9999964855753548,0.9999964855753548,-0.0,0.0,,1000.0,False,False,False,,[]
496,496,497,True,1.0,1.0,496.0,497.0,496.0,497.0,497.0,0.0,0.0,0.0,83.40462000000002,0.5000216960906982,0.5000216960906982,0.0,1.0,0.5807727809676732,0.5807727809676732,0.9999277805922203,0.9999277591705322,0.9999277805922203,0.9999971730433227,0.9999971730433227,0.9999964855753548,0.9999964855753548,-0.0,0.0,,1000.0,False,False,False,,[]
497,497,498,True,1.0,1.0,497.0,498.0,497.0,498.0,498.0,0.0,0.0,0.0,83.40462000000002,0.5000216960906982,0.5000216960906982,0.0,1.0,0.5807727809676732,0.5807727809676732,0.9999277805922203,0.9999277591705322,0.9999277805922203,0.9999971730433227,0.9999971730433227,0.9999964855753548,0.9999964855753548,-0.0,0.0,,1000.0,False,False,False,,[]
498,498,499,True,1.0,1.0,498.0,499.0,498.0,499.0,499.0,0.0,0.0,0.0,83.40462000000002,0.5000216960906982,0.5000216960906982,0.0,1.0,0.5807727809676732,0.5807727809676732,0.9999277805922203,0.9999277591705322,0.9999277805922203,0.9999971730433227,0.9999971730433227,0.9999964855753548,0.9999964855753548,-0.0,0.0,,1000.0,False,False,False,,[]
499,499,500,True,1.0,1.0,499.0,500.0,499.0,500.0,500.0,0.0,0.0,0.0,83.40462000000002,0.5000216960906982,0.5000216960906982,0.0,1.0,0.5807727809676732,0.5807727809676732,0.9999277805922203,0.9999277591705322,0.9999277805922203,0.9999971730433227,0.9999971730433227,0.9999964855753548,0.9999964855753548,-0.0,0.0,,1000.0,False,False,False,,[]
500,500,501,True,1.0,1.0,500.0,501.0,500.0,501.0,501.0,0.0,0.0,0.0,83.40462000000002,0.5000216960906982,0.5000216960906982,0.0,1.0,0.5807727809676732,0.5807727809676732,0.9999277805922203,0.9999277591705322,0.9999277805922203,0.9999971730433227,0.9999971730433227,0.9999964855753548,0.9999964855753548,-0.0,0.0,,1000.0,False,False,False,,[]
501,501,502,True,1.0,1.0,501.0,502.0,501.0,502.0,502.0,0.0,0.0,0.0,83.40462000000002,0.5000216960906982,0.5000216960906982,0.0,1.0,0.5807727809676732,0.5807727809676732,0.9999277805922203,0.9999277591705322,0.9999277805922203,0.9999971730433227,0.9999971730433227,0.9999964855753548,0.9999964855753548,-0.0,0.0,,1000.0,False,False,False,,[]
502,502,503,True,1.0,1.0,502.0,503.0,502.0,503.0,503.0,0.0,0.0,0.0,83.40462000000002,0.5000216960906982,0.5000216960906982,0.0,1.0,0.5807727809676732,0.5807727809676732,0.9999277805922203,0.9999277591705322,0.9999277805922203,0.9999971730433227,0.9999971730433227,0.9999964855753548,0.9999964855753548,-0.0,0.0,,1000.0,False,False,False,,[]
503,503,504,True,1.0,1.0,503.0,504.0,503.0,504.0,504.0,0.0,0.0,0.0,83.40462000000002,0.5000216960906982,0.5000216960906982,0.0,1.0,0.5807727809676732,0.5807727809676732,0.9999277805922203,0.9999277591705322,0.9999277805922203,0.9999971730433227,0.9999971730433227,0.9999964855753548,0.9999964855753548,-0.0,0.0,,1000.0,False,False,False,,[]
504,504,505,True,1.0,1.0,504.0,505.0,504.0,505.0,505.0,0.0,0.0,0.0,83.40462000000002,0.5000216960906982,0.5000216960906982,0.0,1.0,0.5807727809676732,0.5807727809676732,0.9999277805922203,0.9999277591705322,0.9999277805922203,0.9999971730433227,0.9999971730433227,0.9999964855753548,0.9999964855753548,-0.0,0.0,,1000.0,False,False,False,,[]
505,505,506,True,1.0,1.0,505.0,506.0,505.0,506.0,506.0,0.0,0.0,0.0,83.40462000000002,0.5000216960906982,0.5000216960906982,0.0,1.0,0.5807727809676732,0.5807727809676732,0.9999277805922203,0.9999277591705322,0.9999277805922203,0.9999971730433227,0.9999971730433227,0.9999964855753548,0.9999964855753548,-0.0,0.0,,1000.0,False,False,False,,[]
506,506,507,True,1.0,1.0,506.0,507.0,506.0,507.0,507.0,0.0,0.0,0.0,83.40462000000002,0.5000216960906982,0.5000216960906982,0.0,1.0,0.5807727809676732,0.5807727809676732,0.9999277805922203,0.9999277591705322,0.9999277805922203,0.9999971730433227,0.9999971730433227,0.9999964855753548,0.9999964855753548,-0.0,0.0,,1000.0,False,False,False,,[]
507,507,508,True,1.0,1.0,507.0,508.0,507.0,508.0,508.0,0.0,0.0,0.0,83.40462000000002,0.5000216960906982,0.5000216960906982,0.0,1.0,0.5807727809676732,0.5807727809676732,0.9999277805922203,0.9999277591705322,0.9999277805922203,0.9999971730433227,0.9999971730433227,0.9999964855753548,0.9999964855753548,-0.0,0.0,,1000.0,False,False,False,,[]
508,508,509,True,1.0,1.0,508.0,509.0,508.0,509.0,509.0,0.0,0.0,0.0,83.40462000000002,0.5000216960906982,0.5000216960906982,0.0,1.0,0.5807727809676732,0.5807727809676732,0.9999277805922203,0.9999277591705322,0.9999277805922203,0.9999971730433227,0.9999971730433227,0.9999964855753548,0.9999964855753548,-0.0,0.0,,1000.0,False,False,False,,[]
509,509,510,True,1.0,1.0,509.0,510.0,509.0,510.0,510.0,0.0,0.0,0.0,83.40462000000002,0.5000216960906982,0.5000216960906982,0.0,1.0,0.5807727809676732,0.5807727809676732,0.9999277805922203,0.9999277591705322,0.9999277805922203,0.9999971730433227,0.9999971730433227,0.9999964855753548,0.9999964855753548,-0.0,0.0,,1000.0,False,False,False,,[]
510,510,511,True,1.0,1.0,510.0,511.0,510.0,511.0,511.0,0.0,0.0,0.0,83.40462000000002,0.5000216960906982,0.5000216960906982,0.0,1.0,0.5807727809676732,0.5807727809676732,0.9999277805922203,0.9999277591705322,0.9999277805922203,0.9999971730433227,0.9999971730433227,0.9999964855753548,0.9999964855753548,-0.0,0.0,,1000.0,False,False,False,,[]
511,511,512,True,1.0,1.0,511.0,512.0,511.0,512.0,512.0,0.0,0.0,0.5,160.15878666666669,0.5000216960906982,0.5000216960906982,0.0,1.0,0.5807727809676732,0.5807717674631278,0.9999277805922203,0.9999277591705322,0.9999277787034825,0.9999971730433227,0.9999971729074588,0.9999964855753548,0.9999964854168607,-0.06710188816267249,-0.2627003781555921,,998.5055005604652,False,False,False,,[]
512,512,513,True,1.0,1.0,512.0,513.0,512.0,513.0,513.0,0.0,0.5,2.5,390.4233602343751,0.5000216960906982,0.5000216960906982,0.0,1.0,0.5807717674631278,0.5807569429541922,0.9999277787034825,0.9999277591705322,0.9999277507011639,0.9999971729074588,0.9999971709202642,0.9999964854168607,0.9999964830986681,-0.9814564108455884,-3.842512716100681,,978.5404819177385,False,False,False,,[]
513,513,514,True,1.0,1.0,513.0,514.0,513.0,514.0,514.0,0.0,2.5,6.6,712.8406258593751,0.5000216960906982,0.5000216960906982,0.0,1.0,0.5807569429541922,0.5806748225505705,0.9999277507011639,0.9999277591705322,0.9999275850266015,0.9999971709202642,0.9999971599145762,0.9999964830986681,0.9999964702598129,-5.43560390088848,-21.28560861877308,,890.8428810131363,False,False,False,,[]
514,514,515,True,1.0,1.0,514.0,515.0,514.0,515.0,515.0,0.0,6.6,11.8,882.0092517708333,0.5000216960906982,0.5000216960906982,0.0,1.0,0.5806748225505705,0.5805065600191268,0.9999275850266015,0.9999275803565979,0.9999272304714804,0.9999971599145762,0.9999971486760789,0.9999964702598129,0.9999964381392292,-11.1340219036274,-43.6136481502008,,801.8750247295305,False,False,False,,[]
515,515,516,True,1.0,1.0,515.0,516.0,515.0,516.0,516.0,0.0,11.8,16.8,852.1011809375004,0.5000218152999878,0.5000218152999878,0.0,1.0,0.5805065600191268,0.5802567751686649,0.9999272304714804,0.9999272227287292,0.9999267239846351,0.9999971486760789,0.9999971338987238,0.9999964381392292,0.9999963899056421,-16.52302202836379,-64.74423323973336,,733.4365401026306,False,False,False,,[]
516,516,517,True,1.0,1.0,516.0,517.0,516.0,517.0,517.0,0.0,16.8,20.5,653.7264283333333,0.5000219941139221,0.5000219941139221,0.0,1.0,0.5802567751686649,0.5800727741173245,0.9999267239846351,0.999926745891571,0.9999263389053622,0.9999971338987238,0.9999971215811115,0.9999963899056421,0.9999963759200743,-12.172775331267335,-47.69307250744569,,800.7609415276853,False,False,False,,[]
517,517,518,True,1.0,1.0,517.0,518.0,517.0,518.0,518.0,0.0,20.5,21.9,301.8019539843748,0.5000221133232117,0.5000221133232117,0.0,1.0,0.5800727741173245,0.5799775001331127,0.9999263389053622,0.9999263286590576,0.9999261442046837,0.9999971215811115,0.9999971171503789,0.9999963759200743,0.999996367502553,-6.3042604733218,-24.695016707711154,,886.845355995173,False,False,False,,[]
518,518,519,True,1.0,1.0,518.0,519.0,518.0,519.0,519.0,0.0,21.9,21.9,87.38263523437502,0.5000221729278564,0.5000221729278564,0.0,1.0,0.5799775001331127,0.5799416712454631,0.9999261442046837,0.9999261498451233,0.9999260751217388,0.9999971171503789,0.999997112846461,0.999996367502553,0.999996362942206,-2.3711593758651817,-9.286847678759335,,950.9306046781776,False,False,False,,[]
519,519,520,True,1.0,1.0,519.0,520.0,519.0,520.0,520.0,0.0,21.9,21.3,-4.722364765624666,0.5000221729278564,0.5000221729278564,0.0,1.0,0.5799416712454631,0.5799423589821303,0.9999260751217388,0.9999260902404785,0.9999260738405009,0.999997112846461,0.9999971125058129,0.999996362942206,0.9999963625520245,0.045519464311155146,0.17826134414037606,,999.828812679909,False,False,False,,[]
520,520,521,True,1.0,1.0,520.0,521.0,520.0,521.0,521.0,0.0,21.3,20.3,-66.34068559895827,0.5000221729278564,0.5000221729278564,0.0,1.0,0.5799423589821303,0.5799537176435632,0.9999260738405009,0.9999260902404785,0.9999260524575153,0.9999971125058129,0.9999971089365303,0.9999963625520245,0.9999963586335179,0.7518332322667504,2.9441650434133377,,1001.7355806160731,False,False,False,,[]
521,521,522,True,1.0,1.0,521.0,522.0,521.0,522.0,522.0,0.0,20.3,19.2,-82.03656059895872,0.5000221729278564,0.5000221729278564,0.0,1.0,0.5799537176435632,0.5799673530087871,0.9999260524575153,0.9999260306358337,0.9999260267313393,0.9999971089365303,0.9999971050034475,0.9999963586335179,0.9999963541053939,0.9025492806560683,3.534286666050988,,1002.6083265601391,False,False,False,,[]
522,522,523,True,1.0,1.0,522.0,523.0,522.0,523.0,523.0,0.0,19.2,17.8,-128.4494466666664,0.5000221729278564,0.5000221729278564,0.0,1.0,0.5799673530087871,0.5799897869445622,0.9999260267313393,0.9999260306358337,0.9999259840387927,0.9999971050034475,0.9999971005528595,0.9999963541053939,0.9999963489753997,1.4850071729521124,5.814876152893219,,1008.6584236627205,False,False,False,,[]
523,523,524,True,1.0,1.0,523.0,524.0,523.0,524.0,524.0,0.0,17.8,15.5,-267.03658989583363,0.5000222325325012,0.5000222325325012,0.0,1.0,0.5799897869445622,0.5800355277272972,0.9999259840387927,0.999925971031189,0.9999258949850369,0.9999971005528595,0.9999970970406331,0.9999963489753997,0.9999963384777385,3.028076688973457,11.85601088492248,,1023.3586938948562,False,False,False,,[]
524,524,525,True,1.0,1.0,524.0,525.0,524.0,525.0,525.0,0.0,15.5,11.9,-467.23268143229166,0.5000222325325012,0.5000222325325012,0.0,1.0,0.5800355277272972,0.5800902957806745,0.9999258949850369,0.9999259114265442,0.999925787410064,0.9999970970406331,0.9999970888613328,0.9999963384777385,0.9999963131395376,3.625896369068324,14.19587943539297,,1010.6043266467614,False,False,False,,[]
525,525,526,True,1.0,1.0,525.0,526.0,525.0,526.0,526.0,0.0,11.9,7.6,-575.506661640625,0.500022292137146,0.500022292137146,0.0,1.0,0.5800902957806745,0.5801388129934466,0.999925787410064,0.9999257922172546,0.9999256926939056,0.9999970888613328,0.9999970822364886,0.9999963131395376,0.9999962909280875,3.212100945669741,12.575661550535473,,1010.3146076463241,False,False,False,,[]
526,526,527,True,1.0,1.0,526.0,527.0,526.0,527.0,527.0,0.0,7.6,4.0,-468.7463029166667,0.500022292137146,0.500022292137146,0.0,1.0,0.5801388129934466,0.5801567143696092,0.9999256926939056,0.9999256730079651,0.9999256587776952,0.9999970822364886,0.999997073011205,0.9999962909280875,0.9999962801662162,1.1850868068611111,4.640036701345245,,994.5524386633681,False,False,False,,[]
527,527,528,True,1.0,1.0,527.0,528.0,527.0,528.0,528.0,0.0,4.0,2.0,-223.47933833333337,0.500022292137146,0.500022292137146,0.0,1.0,0.5801567143696092,0.5801611289708034,0.9999256587776952,0.9999256730079651,0.9999256505233536,0.999997073011205,0.9999970707362515,0.9999962801662162,0.9999962775123405,0.29224221166666664,1.1442646295321421,,998.662130199534,False,False,False,,[]
528,528,529,True,1.0,1.0,528.0,529.0,528.0,529.0,529.0,0.0,2.0,1.0,-70.07053625,0.500022292137146,0.500022292137146,0.0,1.0,0.5801611289708034,0.5801618210585812,0.9999256505233536,0.9999256730079651,0.9999256492340042,0.9999970707362515,0.999997070379603,0.9999962775123405,0.9999962770962876,0.045815350625,0.1793891520021002,,999.7904951693275,False,False,False,,[]
529,529,530,True,1.0,1.0,529.0,530.0,529.0,530.0,530.0,0.0,1.0,0.0,-70.0954190625,0.500022292137146,0.500022292137146,0.0,1.0,0.5801618210585812,0.5801620518353533,0.9999256492340042,0.9999256730079651,0.9999256488042644,0.999997070379603,0.9999970702606779,0.9999962770962876,0.999996276957554,0.01527720671875,0.0598173393392875,,999.9301489995337,False,False,False,,[]
530,530,531,True,1.0,1.0,530.0,531.0,530.0,531.0,531.0,0.0,0.0,0.0,83.40462000000002,0.500022292137146,0.500022292137146,0.0,1.0,0.5801620518353533,0.5801620518353533,0.9999256488042644,0.9999256730079651,0.9999256488042644,0.9999970702606779,0.9999970702606779,0.999996276957554,0.999996276957554,-0.0,0.0,,1000.0,False,False,False,,[]
531,531,532,True,1.0,1.0,531.0,532.0,531.0,532.0,532.0,0.0,0.0,0.0,83.40462000000002,0.500022292137146,0.500022292137146,0.0,1.0,0.5801620518353533,0.5801620518353533,0.9999256488042644,0.9999256730079651,0.9999256488042644,0.9999970702606779,0.9999970702606779,0.999996276957554,0.999996276957554,-0.0,0.0,,1000.0,False,False,False,,[]
532,532,533,True,1.0,1.0,532.0,533.0,532.0,533.0,533.0,0.0,0.0,0.2,114.10628666666669,0.500022292137146,0.500022292137146,0.0,1.0,0.5801620518353533,0.5801617629699177,0.9999256488042644,0.9999256730079651,0.9999256482663246,0.9999970702606779,0.9999970702219589,0.999996276957554,0.9999962769123859,-0.01912289034132172,-0.07487392090132333,,999.573635439875,False,False,False,,[]
533,533,534,True,1.0,1.0,533.0,534.0,533.0,534.0,534.0,0.0,0.2,1.2,236.91328510416665,0.500022292137146,0.500022292137146,0.0,1.0,0.5801617629699177,0.5801575646378756,0.9999256482663246,0.9999256730079651,0.9999256404180198,0.9999970702219589,0.9999970696592273,0.9999962769123859,0.9999962762559242,-0.27792743350580956,-1.0882076653267119,,993.835876266347,False,False,False,,[]
534,534,535,True,1.0,1.0,534.0,535.0,534.0,535.0,535.0,0.0,1.2,3.2,390.4332304166667,0.500022292137146,0.500022292137146,0.0,1.0,0.5801575646378756,0.580135818531323,0.9999256404180198,0.9999256134033203,0.9999255990622726,0.9999970696592273,0.999997066744598,0.9999962762559242,0.9999962728558265,-1.4395057933914306,-5.636590818437159,,968.8078663295711,False,False,False,,[]
535,535,536,True,1.0,1.0,535.0,536.0,535.0,536.0,536.0,0.0,3.2,5.2,390.50622,0.500022292137146,0.500022292137146,0.0,1.0,0.580135818531323,0.5800942926995337,0.9999255990622726,0.9999256134033203,0.9999255185473759,0.999997066744598,0.9999970611792653,0.9999962728558265,0.9999962663635173,-2.7486611764705877,-10.763495599780798,,941.9433558874227,False,False,False,,[]
536,536,537,True,1.0,1.0,536.0,537.0,536.0,537.0,537.0,0.0,5.2,8.2,544.1538970833334,0.5000223517417908,0.5000223517417908,0.0,1.0,0.5800942926995337,0.5800019691154366,0.9999255185473759,0.9999254941940308,0.9999253304198701,0.9999970611792653,0.9999970488081038,0.9999962663635173,0.999996251931786,-6.109990129811184,-23.930272997974512,,878.781551564054,False,False,False,,[]
537,537,538,True,1.0,1.0,537.0,538.0,537.0,538.0,538.0,0.0,8.2,13.0,820.8023267708336,0.5000224113464355,0.5000224113464355,0.0,1.0,0.5800019691154366,0.5798293351096478,0.9999253304198701,0.9999253153800964,0.9999249673330023,0.9999970488081038,0.9999970427830304,0.999996251931786,0.999996217491537,-11.42167056188482,-44.74673430042601,,800.3790499171482,False,False,False,,[]
538,538,539,True,1.0,1.0,538.0,539.0,538.0,539.0,539.0,0.0,13.0,18.8,975.1546851041669,0.5000225305557251,0.5231740628580315,0.04630515116619005,1.0,0.5798293351096478,0.5795672643631048,0.9999249673330023,0.9999249577522278,0.9999244393657272,0.9999970427830304,0.9999970315487496,0.999996217491537,0.9999961764247779,-17.332864682988962,-67.92873750396761,,731.4387289073236,False,False,False,,[]
539,539,540,True,1.0,1.0,539.0,540.0,539.0,540.0,540.0,0.0,18.8,23.1,746.4219804166669,0.5000226497650146,0.5000226497650146,0.0,1.0,0.5795672643631048,0.579339757373152,0.9999244393657272,0.9999244213104248,0.9999239728208017,0.9999970315487496,0.9999970207197945,0.9999961764247779,0.9999961608608187,-15.04696540089749,-58.9698117957574,,768.9028635606568,False,False,False,,[]
540,540,541,True,1.0,1.0,540.0,541.0,540.0,541.0,541.0,0.0,23.1,24.5,302.74219252604144,0.500022828578949,0.500022828578949,0.0,1.0,0.579339757373152,0.5792247997896592,0.9999239728208017,0.9999239444732666,0.9999237333274491,0.9999970207197945,0.9999970091124685,0.9999961608608187,0.9999961525435008,-7.605159873057614,-29.79700564131624,,862.9381804005726,False,False,False,,[]
541,541,542,True,1.0,1.0,541.0,542.0,541.0,542.0,542.0,0.0,24.5,24.5,88.38325606770834,0.5000228881835938,0.5000228881835938,0.0,1.0,0.5792247997896592,0.5791860691147518,0.9999237333274491,0.9999237060546875,0.9999236584371741,0.9999970091124685,0.9999970046138864,0.9999961525435008,0.9999961480964575,-2.5627977228689587,-10.038990936015852,,947.7187827291142,False,False,False,,[]
542,542,543,True,1.0,1.0,542.0,543.0,542.0,543.0,543.0,0.0,24.5,24.3,57.68158940104178,0.5000228881835938,0.5000228881835938,0.0,1.0,0.5791860691147518,0.5791598278956788,0.9999236584371741,0.9999236464500427,0.9999236083128945,0.9999970046138864,0.9999970016899588,0.9999961480964575,0.9999961445225385,-1.736437319507682,-6.8017239837329715,,963.6218362801859,False,False,False,,[]
543,543,544,True,1.0,1.0,543.0,544.0,543.0,544.0,544.0,0.0,24.3,23.6,-19.15352934895843,0.5000229477882385,0.5000229477882385,0.0,1.0,0.5791598278956788,0.5791636103760391,0.9999236083128945,0.999923586845398,0.9999236012448531,0.9999970016899588,0.9999970007369564,0.9999961445225385,0.9999961429545864,0.25031905978638097,0.9804189094055463,,1000.555029664777,False,False,False,,[]
544,544,545,True,1.0,1.0,544.0,545.0,544.0,545.0,545.0,0.0,23.6,22.3,-111.53663624999979,0.5000229477882385,0.5000229477882385,0.0,1.0,0.5791636103760391,0.5791879259582484,0.9999236012448531,0.999923586845398,0.9999235548862127,0.9999970007369564,0.9999969954513255,0.9999961429545864,0.999996138184372,1.6093004798444963,6.302598908652888,,1009.7173918373932,False,False,False,,[]
545,545,546,True,1.0,1.0,545.0,546.0,545.0,546.0,546.0,0.0,22.3,20.1,-250.18905539062482,0.5000229477882385,0.5000229477882385,0.0,1.0,0.5791879259582484,0.579247221840306,0.9999235548862127,0.9999235272407532,0.9999234379006817,0.9999969954513255,0.9999969917783119,0.999996138184372,0.999996130968604,3.92496333107178,15.369492629330793,,1038.1074151629164,False,False,False,,[]
546,546,547,True,1.0,1.0,546.0,547.0,546.0,547.0,547.0,0.0,20.1,18.5,-158.85774497395892,0.5000229477882385,0.5000229477882385,0.0,1.0,0.579247221840306,0.5792785746818506,0.9999234379006817,0.9999234676361084,0.9999233777122886,0.9999969917783119,0.9999969872841658,0.999996130968604,0.9999961259043613,2.0752327876007604,8.126656528359476,,1016.0284723533966,False,False,False,,[]
547,547,548,True,1.0,1.0,547.0,548.0,547.0,548.0,548.0,0.0,18.5,17.2,-113.31749914062479,0.5000230073928833,0.5000230073928833,0.0,1.0,0.5792785746818506,0.5792966084458496,0.9999233777122886,0.9999233484268188,0.9999233435408289,0.9999969872841658,0.9999969830244843,0.9999961259043613,0.9999961207566023,1.193629106713945,4.674351628530589,,1005.2364551641726,False,False,False,,[]
548,548,549,True,1.0,1.0,548.0,549.0,548.0,549.0,549.0,0.0,17.2,16.3,-52.29910291666666,0.5000230073928833,0.5000230073928833,0.0,1.0,0.5792966084458496,0.5793031013512594,0.9999233435408289,0.9999233484268188,0.9999233313758036,0.9999969830244843,0.9999969805724389,0.9999961207566023,0.9999961175872681,0.42974893631594,1.6829610822168757,,999.6551423725201,False,False,False,,[]
549,549,550,True,1.0,1.0,549.0,550.0,549.0,550.0,550.0,0.0,16.3,15.4,-52.54917518229167,0.5000230073928833,0.5000230073928833,0.0,1.0,0.5793031013512594,0.5793092203842984,0.9999233313758036,0.9999233484268188,0.9999233199154531,0.9999969805724389,0.9999969782434168,0.9999961175872681,0.9999961145031847,0.40500846767265836,1.5860533637127476,,999.5600860844452,False,False,False,,[]
550,550,551,True,1.0,1.0,550.0,551.0,550.0,551.0,551.0,0.0,15.4,14.7,-22.084144062500098,0.5000230073928833,0.5000230073928833,0.0,1.0,0.5793092203842984,0.5793115089688695,0.9999233199154531,0.9999233484268188,0.9999233156451897,0.9999969782434168,0.9999969771990029,0.9999961145031847,0.999996113215029,0.15147775884296266,0.5932011208138251,,999.5292103887828,False,False,False,,[]
551,551,552,True,1.0,1.0,551.0,552.0,551.0,552.0,552.0,0.0,14.7,14.3,23.79359565104189,0.5000230073928833,0.5000230073928833,0.0,1.0,0.5793115089688695,0.5793030837696911,0.9999233156451897,0.9999232888221741,0.9999232998299759,0.9999969771990029,0.9999969761215672,0.999996113215029,0.9999961118493476,-0.5576380361554895,-2.183811627045976,,987.7032547705119,False,False,False,,[]
552,552,553,True,1.0,1.0,552.0,553.0,552.0,553.0,553.0,0.0,14.3,13.7,-7.0042845572918315,0.5000230073928833,0.5000230073928833,0.0,1.0,0.5793030837696911,0.5793037368315191,0.9999232998299759,0.9999232888221741,0.9999232986133777,0.9999969761215672,0.9999969757966289,0.9999961118493476,0.9999961114611855,0.0432256334745691,0.1692736258420272,,999.8183346642534,False,False,False,,[]
553,553,554,True,1.0,1.0,553.0,554.0,553.0,554.0,554.0,0.0,13.7,13.3,23.55803835937522,0.5000230073928833,0.5000230073928833,0.0,1.0,0.5793037368315191,0.5792959678425271,0.9999232986133777,0.9999232888221741,0.9999232840393161,0.9999969757966289,0.9999969748025791,0.9999961114611855,0.9999961102022769,-0.5142147036491574,-2.013721946745532,,988.6509263886062,False,False,False,,[]
554,554,555,True,1.0,1.0,554.0,555.0,554.0,555.0,555.0,0.0,13.3,13.1,54.17012690104154,0.5000230073928833,0.5000230073928833,0.0,1.0,0.5792959678425271,0.5792792058433088,0.9999232840393161,0.9999232888221741,0.9999232523171637,0.9999969748025791,0.9999969728162885,0.9999961102022769,0.9999961073718293,-1.109419763481722,-4.344710197370301,,975.8468606342192,False,False,False,,[]
555,555,556,True,1.0,1.0,555.0,556.0,555.0,556.0,556.0,0.0,13.1,13.1,84.82799981770835,0.5000230073928833,0.5000230073928833,0.0,1.0,0.5792792058433088,0.5792540044668689,0.9999232523171637,0.9999232292175293,0.9999232042280676,0.9999969728162885,0.9999969700808387,0.9999961073718293,0.9999961029730533,-1.667951737422741,-6.532196773224908,,964.1857894398742,False,False,False,,[]
556,556,557,True,1.0,1.0,556.0,557.0,556.0,557.0,557.0,0.0,13.1,13.3,115.52966648437514,0.5000230073928833,0.5000230073928833,0.0,1.0,0.5792540044668689,0.5792201280785526,0.9999232042280676,0.9999232292175293,0.9999231390344488,0.9999969700808387,0.9999969666581956,0.9999961029730533,0.9999960969365037,-2.2420410719154797,-8.780759851583936,,952.5125416799114,False,False,False,,[]
557,557,558,True,1.0,1.0,557.0,558.0,557.0,558.0,558.0,0.0,13.3,13.8,161.625960234375,0.5000230669975281,0.5000230669975281,0.0,1.0,0.5792201280785526,0.5791729631881227,0.9999231390344488,0.9999231100082397,0.999923047080048,0.9999969666581956,0.9999969625272328,0.9999960969365037,0.9999960882674502,-3.1213657153711236,-12.22513959942812,,935.3134008438867,False,False,False,,[]
558,558,559,True,1.0,1.0,558.0,559.0,558.0,559.0,559.0,0.0,13.8,14.5,192.44001427083325,0.5000230669975281,0.5000230669975281,0.0,1.0,0.5791729631881227,0.5791157399109049,0.999923047080048,0.999923050403595,0.9999229344122558,0.9999969625272328,0.9999969582491562,0.9999960882674502,0.9999960774885838,-3.786866104269411,-14.83227345486266,,922.8949002622547,False,False,False,,[]
559,559,560,True,1.0,1.0,559.0,560.0,559.0,560.0,560.0,0.0,14.5,16.5,392.165157109375,0.5000231266021729,0.5000231266021729,0.0,1.0,0.5791157399109049,0.5790029871621621,0.9999229344122558,0.9999229311943054,0.9999227000183921,0.9999969582491562,0.9999969501483448,0.9999960774885838,0.9999960584430371,-7.4602241237665785,-29.22551247413979,,859.5950411558226,False,False,False,,[]
560,560,561,True,1.0,1.0,560.0,561.0,560.0,561.0,561.0,0.0,16.5,17.0,162.4169019010419,0.5000231862068176,0.5000231862068176,0.0,1.0,0.5790029871621621,0.578953090661433,0.9999227000183921,0.9999226927757263,0.9999226024780398,0.9999969501483448,0.9999969460295918,0.9999960584430371,0.9999960505509305,-3.3019015447335978,-12.933172988999603,,933.1305617662732,False,False,False,,[]
561,561,562,True,1.0,1.0,561.0,562.0,561.0,562.0,562.0,0.0,17.0,17.0,85.80166427083334,0.5000232458114624,0.5000232458114624,0.0,1.0,0.578953090661433,0.5789226589241222,0.9999226024780398,0.9999225735664368,0.9999225441105184,0.9999969460295918,0.9999969425018865,0.9999960505509305,0.9999960457228384,-2.01392249736733,-7.887906310944829,,957.2819745839321,False,False,False,,[]
562,562,563,True,1.0,1.0,562.0,563.0,562.0,563.0,563.0,0.0,17.0,17.0,85.80166427083334,0.5000232458114624,0.5000232458114624,0.0,1.0,0.5789226589241222,0.5788922271218887,0.9999225441105184,0.9999225735664368,0.9999224857428688,0.9999969425018865,0.9999969389741813,0.9999960457228384,0.9999960408947463,-2.01392249736733,-7.887923138930143,,957.2819033385497,False,False,False,,[]
563,563,564,True,1.0,1.0,563.0,564.0,563.0,564.0,564.0,0.0,17.0,15.4,-159.8116690625001,0.5000232458114624,0.5000232458114624,0.0,1.0,0.5788922271218887,0.5789152678514059,0.9999224857428688,0.999922513961792,0.9999224418695372,0.9999969389741813,0.9999969348895106,0.9999960408947463,0.9999960326591444,1.5250478908811342,5.9721570908682375,,1006.3734878613466,False,False,False,,[]
564,564,565,True,1.0,1.0,564.0,565.0,564.0,565.0,565.0,0.0,15.4,10.1,-728.2224773958334,0.5000232458114624,0.5000232458114624,0.0,1.0,0.5789152678514059,0.5789997767377604,0.9999224418695372,0.9999224543571472,0.9999222709774723,0.9999969348895106,0.9999969284597783,0.9999960326591444,0.9999959959059257,5.594781169897858,21.90470334307021,,1024.8387386528232,False,False,False,,[]
565,565,566,True,1.0,1.0,565.0,566.0,565.0,566.0,566.0,0.0,10.1,4.8,-729.3434480989583,0.5000233054161072,0.5000233054161072,0.0,1.0,0.5789997767377604,0.5790355565311686,0.9999222709774723,0.9999222755432129,0.9999222019925009,0.9999969284597783,0.9999969100222322,0.9999959959059257,0.9999959743974605,2.3684960949162317,9.274122451412929,,989.0563731042045,False,False,False,,[]
566,566,567,True,1.0,1.0,566.0,567.0,566.0,567.0,567.0,0.0,4.8,0.0,-653.24428,0.500023365020752,0.500023365020752,0.0,1.0,0.5790355565311686,0.5790458808194622,0.9999222019925009,0.9999222159385681,0.9999221825764075,0.9999969100222322,0.9999969047023543,0.9999959743974605,0.9999959681915163,0.6833940159999999,2.676055525700261,,996.8667051625523,False,False,False,,[]
567,567,568,True,1.0,1.0,567.0,568.0,567.0,568.0,568.0,0.0,0.0,0.0,83.40462000000002,0.500023365020752,0.500023365020752,0.0,1.0,0.5790458808194622,0.5790458808194622,0.9999221825764075,0.9999221563339233,0.9999221825764075,0.9999969047023543,0.9999969047023543,0.9999959681915163,0.9999959681915163,-0.0,0.0,,1000.0,False,False,False,,[]
568,568,569,True,1.0,1.0,568.0,569.0,568.0,569.0,569.0,0.0,0.0,0.0,83.40462000000002,0.500023365020752,0.500023365020752,0.0,1.0,0.5790458808194622,0.5790458808194622,0.9999221825764075,0.9999221563339233,0.9999221825764075,0.9999969047023543,0.9999969047023543,0.9999959681915163,0.9999959681915163,-0.0,0.0,,1000.0,False,False,False,,[]
569,569,570,True,1.0,1.0,569.0,570.0,569.0,570.0,570.0,0.0,0.0,0.0,83.40462000000002,0.500023365020752,0.500023365020752,0.0,1.0,0.5790458808194622,0.5790458808194622,0.9999221825764075,0.9999221563339233,0.9999221825764075,0.9999969047023543,0.9999969047023543,0.9999959681915163,0.9999959681915163,-0.0,0.0,,1000.0,False,False,False,,[]
570,570,571,True,1.0,1.0,570.0,571.0,570.0,571.0,571.0,0.0,0.0,0.0,83.40462000000002,0.500023365020752,0.500023365020752,0.0,1.0,0.5790458808194622,0.5790458808194622,0.9999221825764075,0.9999221563339233,0.9999221825764075,0.9999969047023543,0.9999969047023543,0.9999959681915163,0.9999959681915163,-0.0,0.0,,1000.0,False,False,False,,[]
571,571,572,True,1.0,1.0,571.0,572.0,571.0,572.0,572.0,0.0,0.0,0.0,83.40462000000002,0.500023365020752,0.500023365020752,0.0,1.0,0.5790458808194622,0.5790458808194622,0.9999221825764075,0.9999221563339233,0.9999221825764075,0.9999969047023543,0.9999969047023543,0.9999959681915163,0.9999959681915163,-0.0,0.0,,1000.0,False,False,False,,[]
572,572,573,True,1.0,1.0,572.0,573.0,572.0,573.0,573.0,0.0,0.0,0.0,83.40462000000002,0.500023365020752,0.500023365020752,0.0,1.0,0.5790458808194622,0.5790458808194622,0.9999221825764075,0.9999221563339233,0.9999221825764075,0.9999969047023543,0.9999969047023543,0.9999959681915163,0.9999959681915163,-0.0,0.0,,1000.0,False,False,False,,[]
573,573,574,True,1.0,1.0,573.0,574.0,573.0,574.0,574.0,0.0,0.0,0.0,83.40462000000002,0.500023365020752,0.500023365020752,0.0,1.0,0.5790458808194622,0.5790458808194622,0.9999221825764075,0.9999221563339233,0.9999221825764075,0.9999969047023543,0.9999969047023543,0.9999959681915163,0.9999959681915163,-0.0,0.0,,1000.0,False,False,False,,[]
574,574,575,True,1.0,1.0,574.0,575.0,574.0,575.0,575.0,0.0,0.0,0.0,83.40462000000002,0.500023365020752,0.500023365020752,0.0,1.0,0.5790458808194622,0.5790458808194622,0.9999221825764075,0.9999221563339233,0.9999221825764075,0.9999969047023543,0.9999969047023543,0.9999959681915163,0.9999959681915163,-0.0,0.0,,1000.0,False,False,False,,[]
575,575,576,True,1.0,1.0,575.0,576.0,575.0,576.0,576.0,0.0,0.0,0.0,83.40462000000002,0.500023365020752,0.500023365020752,0.0,1.0,0.5790458808194622,0.5790458808194622,0.9999221825764075,0.9999221563339233,0.9999221825764075,0.9999969047023543,0.9999969047023543,0.9999959681915163,0.9999959681915163,-0.0,0.0,,1000.0,False,False,False,,[]
576,576,577,True,1.0,1.0,576.0,577.0,576.0,577.0,577.0,0.0,0.0,0.0,83.40462000000002,0.500023365020752,0.500023365020752,0.0,1.0,0.5790458808194622,0.5790458808194622,0.9999221825764075,0.9999221563339233,0.9999221825764075,0.9999969047023543,0.9999969047023543,0.9999959681915163,0.9999959681915163,-0.0,0.0,,1000.0,False,False,False,,[]
577,577,578,True,1.0,1.0,577.0,578.0,577.0,578.0,578.0,0.0,0.0,0.0,83.40462000000002,0.500023365020752,0.500023365020752,0.0,1.0,0.5790458808194622,0.5790458808194622,0.9999221825764075,0.9999221563339233,0.9999221825764075,0.9999969047023543,0.9999969047023543,0.9999959681915163,0.9999959681915163,-0.0,0.0,,1000.0,False,False,False,,[]
578,578,579,True,1.0,1.0,578.0,579.0,578.0,579.0,579.0,0.0,0.0,0.0,83.40462000000002,0.500023365020752,0.500023365020752,0.0,1.0,0.5790458808194622,0.5790458808194622,0.9999221825764075,0.9999221563339233,0.9999221825764075,0.9999969047023543,0.9999969047023543,0.9999959681915163,0.9999959681915163,-0.0,0.0,,1000.0,False,False,False,,[]
579,579,580,True,1.0,1.0,579.0,580.0,579.0,580.0,580.0,0.0,0.0,0.0,83.40462000000002,0.500023365020752,0.500023365020752,0.0,1.0,0.5790458808194622,0.5790458808194622,0.9999221825764075,0.9999221563339233,0.9999221825764075,0.9999969047023543,0.9999969047023543,0.9999959681915163,0.9999959681915163,-0.0,0.0,,1000.0,False,False,False,,[]
580,580,581,True,1.0,1.0,580.0,581.0,580.0,581.0,581.0,0.0,0.0,0.0,83.40462000000002,0.500023365020752,0.500023365020752,0.0,1.0,0.5790458808194622,0.5790458808194622,0.9999221825764075,0.9999221563339233,0.9999221825764075,0.9999969047023543,0.9999969047023543,0.9999959681915163,0.9999959681915163,-0.0,0.0,,1000.0,False,False,False,,[]
581,581,582,True,1.0,1.0,581.0,582.0,581.0,582.0,582.0,0.0,0.0,0.0,83.40462000000002,0.500023365020752,0.500023365020752,0.0,1.0,0.5790458808194622,0.5790458808194622,0.9999221825764075,0.9999221563339233,0.9999221825764075,0.9999969047023543,0.9999969047023543,0.9999959681915163,0.9999959681915163,-0.0,0.0,,1000.0,False,False,False,,[]
582,582,583,True,1.0,1.0,582.0,583.0,582.0,583.0,583.0,0.0,0.0,0.0,83.40462000000002,0.500023365020752,0.500023365020752,0.0,1.0,0.5790458808194622,0.5790458808194622,0.9999221825764075,0.9999221563339233,0.9999221825764075,0.9999969047023543,0.9999969047023543,0.9999959681915163,0.9999959681915163,-0.0,0.0,,1000.0,False,False,False,,[]
583,583,584,True,1.0,1.0,583.0,584.0,583.0,584.0,584.0,0.0,0.0,0.0,83.40462000000002,0.500023365020752,0.500023365020752,0.0,1.0,0.5790458808194622,0.5790458808194622,0.9999221825764075,0.9999221563339233,0.9999221825764075,0.9999969047023543,0.9999969047023543,0.9999959681915163,0.9999959681915163,-0.0,0.0,,1000.0,False,False,False,,[]
584,584,585,True,1.0,1.0,584.0,585.0,584.0,585.0,585.0,0.0,0.0,0.0,83.40462000000002,0.500023365020752,0.500023365020752,0.0,1.0,0.5790458808194622,0.5790458808194622,0.9999221825764075,0.9999221563339233,0.9999221825764075,0.9999969047023543,0.9999969047023543,0.9999959681915163,0.9999959681915163,-0.0,0.0,,1000.0,False,False,False,,[]
585,585,586,True,1.0,1.0,585.0,586.0,585.0,586.0,586.0,0.0,0.0,0.0,83.40462000000002,0.500023365020752,0.500023365020752,0.0,1.0,0.5790458808194622,0.5790458808194622,0.9999221825764075,0.9999221563339233,0.9999221825764075,0.9999969047023543,0.9999969047023543,0.9999959681915163,0.9999959681915163,-0.0,0.0,,1000.0,False,False,False,,[]
586,586,587,True,1.0,1.0,586.0,587.0,586.0,587.0,587.0,0.0,0.0,0.0,83.40462000000002,0.500023365020752,0.500023365020752,0.0,1.0,0.5790458808194622,0.5790458808194622,0.9999221825764075,0.9999221563339233,0.9999221825764075,0.9999969047023543,0.9999969047023543,0.9999959681915163,0.9999959681915163,-0.0,0.0,,1000.0,False,False,False,,[]
587,587,588,True,1.0,1.0,587.0,588.0,587.0,588.0,588.0,0.0,0.0,0.0,83.40462000000002,0.500023365020752,0.500023365020752,0.0,1.0,0.5790458808194622,0.5790458808194622,0.9999221825764075,0.9999221563339233,0.9999221825764075,0.9999969047023543,0.9999969047023543,0.9999959681915163,0.9999959681915163,-0.0,0.0,,1000.0,False,False,False,,[]
588,588,589,True,1.0,1.0,588.0,589.0,588.0,589.0,589.0,0.0,0.0,0.0,83.40462000000002,0.500023365020752,0.500023365020752,0.0,1.0,0.5790458808194622,0.5790458808194622,0.9999221825764075,0.9999221563339233,0.9999221825764075,0.9999969047023543,0.9999969047023543,0.9999959681915163,0.9999959681915163,-0.0,0.0,,1000.0,False,False,False,,[]
589,589,590,True,1.0,1.0,589.0,590.0,589.0,590.0,590.0,0.0,0.0,0.0,83.40462000000002,0.500023365020752,0.500023365020752,0.0,1.0,0.5790458808194622,0.5790458808194622,0.9999221825764075,0.9999221563339233,0.9999221825764075,0.9999969047023543,0.9999969047023543,0.9999959681915163,0.9999959681915163,-0.0,0.0,,1000.0,False,False,False,,[]
590,590,591,True,1.0,1.0,590.0,591.0,590.0,591.0,591.0,0.0,0.0,0.0,83.40462000000002,0.500023365020752,0.500023365020752,0.0,1.0,0.5790458808194622,0.5790458808194622,0.9999221825764075,0.9999221563339233,0.9999221825764075,0.9999969047023543,0.9999969047023543,0.9999959681915163,0.9999959681915163,-0.0,0.0,,1000.0,False,False,False,,[]
591,591,592,True,1.0,1.0,591.0,592.0,591.0,592.0,592.0,0.0,0.0,0.0,83.40462000000002,0.500023365020752,0.500023365020752,0.0,1.0,0.5790458808194622,0.5790458808194622,0.9999221825764075,0.9999221563339233,0.9999221825764075,0.9999969047023543,0.9999969047023543,0.9999959681915163,0.9999959681915163,-0.0,0.0,,1000.0,False,False,False,,[]
592,592,593,True,1.0,1.0,592.0,593.0,592.0,593.0,593.0,0.0,0.0,0.0,83.40462000000002,0.500023365020752,0.500023365020752,0.0,1.0,0.5790458808194622,0.5790458808194622,0.9999221825764075,0.9999221563339233,0.9999221825764075,0.9999969047023543,0.9999969047023543,0.9999959681915163,0.9999959681915163,-0.0,0.0,,1000.0,False,False,False,,[]
593,593,594,True,1.0,1.0,593.0,594.0,593.0,594.0,594.0,0.0,0.0,0.0,83.40462000000002,0.500023365020752,0.500023365020752,0.0,1.0,0.5790458808194622,0.5790458808194622,0.9999221825764075,0.9999221563339233,0.9999221825764075,0.9999969047023543,0.9999969047023543,0.9999959681915163,0.9999959681915163,-0.0,0.0,,1000.0,False,False,False,,[]
594,594,595,True,1.0,1.0,594.0,595.0,594.0,595.0,595.0,0.0,0.0,0.0,83.40462000000002,0.500023365020752,0.500023365020752,0.0,1.0,0.5790458808194622,0.5790458808194622,0.9999221825764075,0.9999221563339233,0.9999221825764075,0.9999969047023543,0.9999969047023543,0.9999959681915163,0.9999959681915163,-0.0,0.0,,1000.0,False,False,False,,[]
595,595,596,True,1.0,1.0,595.0,596.0,595.0,596.0,596.0,0.0,0.0,0.0,83.40462000000002,0.500023365020752,0.500023365020752,0.0,1.0,0.5790458808194622,0.5790458808194622,0.9999221825764075,0.9999221563339233,0.9999221825764075,0.9999969047023543,0.9999969047023543,0.9999959681915163,0.9999959681915163,-0.0,0.0,,1000.0,False,False,False,,[]
596,596,597,True,1.0,1.0,596.0,597.0,596.0,597.0,597.0,0.0,0.0,0.0,83.40462000000002,0.500023365020752,0.500023365020752,0.0,1.0,0.5790458808194622,0.5790458808194622,0.9999221825764075,0.9999221563339233,0.9999221825764075,0.9999969047023543,0.9999969047023543,0.9999959681915163,0.9999959681915163,-0.0,0.0,,1000.0,False,False,False,,[]
597,597,598,True,1.0,1.0,597.0,598.0,597.0,598.0,598.0,0.0,0.0,0.0,83.40462000000002,0.500023365020752,0.500023365020752,0.0,1.0,0.5790458808194622,0.5790458808194622,0.9999221825764075,0.9999221563339233,0.9999221825764075,0.9999969047023543,0.9999969047023543,0.9999959681915163,0.9999959681915163,-0.0,0.0,,1000.0,False,False,False,,[]
598,598,599,True,1.0,1.0,598.0,599.0,598.0,599.0,599.0,0.0,0.0,0.0,83.40462000000002,0.500023365020752,0.500023365020752,0.0,1.0,0.5790458808194622,0.5790458808194622,0.9999221825764075,0.9999221563339233,0.9999221825764075,0.9999969047023543,0.9999969047023543,0.9999959681915163,0.9999959681915163,-0.0,0.0,,1000.0,False,False,False,,[]
599,599,600,True,1.0,1.0,599.0,600.0,599.0,600.0,600.0,0.0,0.0,0.0,83.40462000000002,0.500023365020752,0.500023365020752,0.0,1.0,0.5790458808194622,0.5790458808194622,0.9999221825764075,0.9999221563339233,0.9999221825764075,0.9999969047023543,0.9999969047023543,0.9999959681915163,0.9999959681915163,-0.0,0.0,,1000.0,False,False,False,,[]
600,600,601,True,1.0,1.0,600.0,601.0,600.0,601.0,601.0,0.0,0.0,1.0,236.91295333333338,0.500023365020752,0.500023365020752,0.0,1.0,0.5790458808194622,0.5790428821658185,0.9999221825764075,0.9999221563339233,0.9999221769773401,0.9999969047023543,0.9999969043004028,0.9999959681915163,0.9999959677226167,-0.1985193173565723,-0.7772510244399934,,995.5901217204711,False,False,False,,[]
601,601,602,True,1.0,1.0,601.0,602.0,601.0,602.0,602.0,0.0,1.0,2.1,252.27208093750005,0.500023365020752,0.500023365020752,0.0,1.0,0.5790428821658185,0.5790329834947417,0.9999221769773401,0.9999221563339233,0.9999221583694216,0.9999969043004028,0.9999969029735715,0.9999959677226167,0.9999959661747915,-0.6553070646105666,-2.5657355430732953,,985.5769492046104,False,False,False,,[]
602,602,603,True,1.0,1.0,602.0,603.0,602.0,603.0,603.0,0.0,2.1,4.8,497.913697734375,0.500023365020752,0.500023365020752,0.0,1.0,0.5790329834947417,0.5789894928897772,0.9999221583694216,0.9999221563339233,0.9999220738827707,0.9999969029735715,0.999996897144653,0.9999959661747915,0.9999959593750222,-2.878837367493872,-11.272764806806796,,939.348204741254,False,False,False,,[]
603,603,604,True,1.0,1.0,603.0,604.0,603.0,604.0,604.0,0.0,4.8,9.1,743.6815533333335,0.500023365020752,0.500023365020752,0.0,1.0,0.5789894928897772,0.5788585987847363,0.9999220738827707,0.9999220967292786,0.9999217969038898,0.999996897144653,0.9999968796063882,0.9999959593750222,0.9999959389156254,-8.661952062454612,-33.92775202658435,,835.7083784528135,False,False,False,,[]
604,604,605,True,1.0,1.0,604.0,605.0,604.0,605.0,605.0,0.0,9.1,14.2,866.9839685677084,0.5000234842300415,0.5000234842300415,0.0,1.0,0.5788585987847363,0.5786525638374725,0.9999217969038898,0.9999217987060547,0.9999213700136251,0.9999968796063882,0.9999968680904757,0.9999959389156254,0.9999958989342345,-13.630487752343972,-53.40425833078334,,769.0998582859197,False,False,False,,[]
605,605,606,True,1.0,1.0,605.0,606.0,605.0,606.0,606.0,0.0,14.2,19.8,944.7237434375002,0.500023603439331,0.5078158540722825,0.01558523699629466,1.0,0.5786525638374725,0.5784041599491292,0.9999213700136251,0.9999213814735413,0.9999208659659297,0.9999968680904757,0.9999968554651151,0.9999958989342345,0.9999958717602879,-16.42991236709965,-64.38628785859589,,747.0447106931408,False,False,False,,[]
606,606,607,True,1.0,1.0,606.0,607.0,606.0,607.0,607.0,0.0,19.8,25.5,961.6538059375,0.5000237226486206,0.5164809466089684,0.03291600963055641,1.0,0.5784041599491292,0.5780881548735827,0.9999208659659297,0.9999208450317383,0.9999202486170047,0.9999968554651151,0.9999968398850346,0.9999958717602879,0.999995851600825,-20.894686421389828,-81.90851558165122,,707.473997292819,False,False,False,,[]
607,607,608,True,1.0,1.0,607.0,608.0,607.0,608.0,608.0,0.0,25.5,30.5,856.3396362760416,0.5000239014625549,0.5000239014625549,0.0,1.0,0.5780881548735827,0.5777316822216957,0.9999202486170047,0.9999202489852905,0.9999195698707588,0.9999968398850346,0.9999968199597506,0.999995851600825,0.99999582440511,-23.564525321276093,-92.39771136910511,,679.5933127972212,False,False,False,,[]
608,608,609,True,1.0,1.0,608.0,609.0,608.0,609.0,609.0,0.0,30.5,34.8,751.2061987760419,0.500024139881134,0.500024139881134,0.0,1.0,0.5777316822216957,0.57736664269473,0.9999195698707588,0.999919593334198,0.9999188787932554,0.9999968199597506,0.9999968000334877,0.99999582440511,0.9999957957715314,-24.12684996740247,-94.61824538948258,,674.4420305611386,False,False,False,,[]
609,609,610,True,1.0,1.0,609.0,610.0,609.0,610.0,610.0,0.0,34.8,38.8,707.4826470833332,0.5000243186950684,0.5000243186950684,0.0,1.0,0.57736664269473,0.5769910027239228,0.9999188787932554,0.9999188780784607,0.9999181727917303,0.9999968000334877,0.9999967807243668,0.9999957957715314,0.9999957747391857,-24.82321113951643,-97.36588043324905,,672.6842352818493,False,False,False,,[]
610,610,611,True,1.0,1.0,610.0,611.0,610.0,611.0,611.0,0.0,38.8,42.9,725.2753137500004,0.5000245571136475,0.5000245571136475,0.0,1.0,0.5769910027239228,0.5765692655393466,0.9999181727917303,0.9999181628227234,0.9999174063608424,0.9999967807243668,0.9999967638855871,0.9999957747391857,0.9999957508049893,-27.861499043012323,-109.3142782421441,,649.7078834336941,False,False,False,,[]
611,611,612,True,1.0,1.0,611.0,612.0,611.0,612.0,612.0,0.0,42.9,46.4,635.9486456510413,0.5000247955322266,0.5000247955322266,0.0,1.0,0.5765692655393466,0.5761651584393056,0.9999174063608424,0.9999173879623413,0.9999166621639641,0.9999967638855871,0.9999967478625011,0.9999957508049893,0.9999957278663739,-26.694130456319517,-104.7445603306264,,658.9835818420787,False,False,False,,[]
612,612,613,True,1.0,1.0,612.0,613.0,612.0,613.0,613.0,0.0,46.4,48.3,392.9276866666671,0.5000249743461609,0.5000249743461609,0.0,1.0,0.5761651584393056,0.5758933393859867,0.9999166621639641,0.999916672706604,0.9999161174390861,0.9999967478625011,0.999996732401629,0.9999957278663739,0.9999957114572193,-17.96047770039741,-70.45549862024906,,736.2894251131537,False,False,False,,[]
613,613,614,True,1.0,1.0,613.0,614.0,613.0,614.0,614.0,0.0,48.3,48.7,164.15757481770913,0.5000251531600952,0.5000251531600952,0.0,1.0,0.5758933393859867,0.5757654017828963,0.9999161174390861,0.999916136264801,0.9999158474981872,0.999996732401629,0.9999967222611297,0.9999957114572193,0.9999956981811962,-8.456618487075804,-33.161426721046574,,848.6455759493364,False,False,False,,[]
614,614,615,True,1.0,1.0,614.0,615.0,614.0,615.0,615.0,0.0,48.7,48.5,72.37439252604081,0.5000252723693848,0.5000252723693848,0.0,1.0,0.5757654017828963,0.5757035045489359,0.9999158474981872,0.9999158382415771,0.9999157250692557,0.9999967222611297,0.9999967163136081,0.9999956981811962,0.999995690072619,-4.092147119013288,-16.0437630425197,,918.9519098305101,False,False,False,,[]
615,615,616,True,1.0,1.0,615.0,616.0,615.0,616.0,616.0,0.0,48.5,48.4,87.56398523437457,0.5000252723693848,0.5000252723693848,0.0,1.0,0.5757035045489359,0.5756300885530072,0.9999157250692557,0.9999157190322876,0.9999155782113504,0.9999967163136081,0.9999967094842964,0.999995690072619,0.9999956807403206,-4.8535381187472915,-19.02942614471444,,905.5810444800596,False,False,False,,[]
616,616,617,True,1.0,1.0,616.0,617.0,616.0,617.0,617.0,0.0,48.4,48.2,72.13278041666777,0.5000253319740295,0.5000253319740295,0.0,1.0,0.5756300885530072,0.5755687630324597,0.9999155782113504,0.999915599822998,0.9999154569810547,0.9999967094842964,0.9999967035887232,0.9999956807403206,0.9999956727028502,-4.054402123730512,-15.8955749259211,,919.6403596209877,False,False,False,,[]
617,617,618,True,1.0,1.0,617.0,618.0,617.0,618.0,618.0,0.0,48.2,47.8,41.270868437499246,0.5000253319740295,0.5000253319740295,0.0,1.0,0.5755687630324597,0.5755330477519593,0.9999154569810547,0.9999154806137085,0.9999153881248126,0.9999967035887232,0.9999966999099252,0.9999956727028502,0.9999956679460066,-2.3614467206895653,-9.257400705706686,,951.4417016167725,False,False,False,,[]
618,618,619,True,1.0,1.0,618.0,619.0,618.0,619.0,619.0,0.0,47.8,47.0,-20.450964895832897,0.5000253915786743,0.5000253915786743,0.0,1.0,0.5755330477519593,0.5755419625993905,0.9999153881248126,0.999915361404419,0.9999153713824465,0.9999966999099252,0.9999966980510046,0.9999956679460066,0.9999956655967169,0.5895316772699338,2.31072845414173,,1003.0416239011618,False,False,False,,[]
619,619,620,True,1.0,1.0,619.0,620.0,619.0,620.0,620.0,0.0,47.0,45.9,-67.13250239583323,0.5000253915786743,0.5000253915786743,0.0,1.0,0.5755419625993905,0.5755714892504176,0.9999153713824465,0.999915361404419,0.9999153148009845,0.9999966980510046,0.9999966926909825,0.9999956655967169,0.9999956583819165,1.9527795641699404,7.653307946222941,,1011.4226865070385,False,False,False,,[]
620,620,621,True,1.0,1.0,620.0,621.0,620.0,621.0,621.0,0.0,45.9,44.9,-52.62926059895876,0.5000253915786743,0.5000253915786743,0.0,1.0,0.5755714892504176,0.575593763858828,0.9999153148009845,0.9999153017997742,0.9999152724182498,0.9999966926909825,0.9999966883988063,0.9999956583819165,0.9999956526328854,1.4731946369463755,5.773578499985793,,1008.0595648847649,False,False,False,,[]
621,621,622,True,1.0,1.0,621.0,622.0,621.0,622.0,622.0,0.0,44.9,44.4,23.371786276041462,0.5000253915786743,0.5000253915786743,0.0,1.0,0.575593763858828,0.5755747386310767,0.9999152724182498,0.9999153017997742,0.9999152363331225,0.9999966883988063,0.9999966863611135,0.9999956526328854,0.9999956501038332,-1.2581788980563602,-4.93133903314592,,973.5197891245094,False,False,False,,[]
622,622,623,True,1.0,1.0,622.0,623.0,622.0,623.0,623.0,0.0,44.4,44.3,84.40478041666624,0.5000254511833191,0.5000254511833191,0.0,1.0,0.5755747386310767,0.5755096417579911,0.9999152363331225,0.9999152421951294,0.9999151071718451,0.9999966863611135,0.999996680190658,0.9999956501038332,0.9999956418027963,-4.304463761415129,-16.873109503771115,,915.3448000893558,False,False,False,,[]
623,623,624,True,1.0,1.0,623.0,624.0,623.0,624.0,624.0,0.0,44.3,44.5,130.38371023437588,0.5000254511833191,0.5000254511833191,0.0,1.0,0.5755096417579911,0.5754131366737646,0.9999151071718451,0.9999151229858398,0.9999149097176467,0.999996680190658,0.99999667185994,0.9999956418027963,0.9999956305507243,-6.380677826440135,-25.014117831505605,,880.4108887994282,False,False,False,,[]
624,624,625,True,1.0,1.0,624.0,625.0,624.0,625.0,625.0,0.0,44.5,45.1,191.93434981770903,0.5000255107879639,0.5000255107879639,0.0,1.0,0.5754131366737646,0.5752773409426599,0.9999149097176467,0.9999148845672607,0.9999146209854786,0.99999667185994,0.9999966617784665,0.9999956305507243,0.9999956171415334,-8.97726043960363,-35.19825350231772,,841.6377645038256,False,False,False,,[]
625,625,626,True,1.0,1.0,625.0,626.0,625.0,626.0,626.0,0.0,45.1,45.7,192.38024981770806,0.5000256299972534,0.5000256299972534,0.0,1.0,0.5752773409426599,0.5751397596998811,0.9999146209854786,0.9999146461486816,0.9999143279455037,0.9999966617784665,0.9999966516504273,0.9999956171415334,0.9999956036894205,-9.09498959699254,-35.66105812828185,,840.0076192508328,False,False,False,,[]
626,626,627,True,1.0,1.0,626.0,627.0,626.0,627.0,627.0,0.0,45.7,46.0,146.7796216927077,0.5000256896018982,0.5000256896018982,0.0,1.0,0.5751397596998811,0.5750295010208174,0.9999143279455037,0.9999143481254578,0.9999140992949466,0.9999966516504273,0.9999966425061493,0.9999956036894205,0.9999955914548331,-7.289216408591385,-28.579049613299393,,866.1738828449309,False,False,False,,[]
627,627,628,True,1.0,1.0,627.0,628.0,627.0,628.0,628.0,0.0,46.0,46.0,100.95529708333336,0.500025749206543,0.500025749206543,0.0,1.0,0.5750295010208174,0.5749511565125788,0.9999140992949466,0.9999141097068787,0.9999139418208581,0.9999966425061493,0.9999966352440347,0.9999955914548331,0.9999955823962168,-5.1798040708211195,-20.306896535442416,,900.566111019254,False,False,False,,[]
628,628,629,True,1.0,1.0,628.0,629.0,628.0,629.0,629.0,0.0,46.0,46.0,100.95529708333336,0.5000258088111877,0.5000258088111877,0.0,1.0,0.5749511565125788,0.5748728118449147,0.9999139418208581,0.9999139308929443,0.9999137843464246,0.9999966352440347,0.9999966279819195,0.9999955823962168,0.9999955733376016,-5.17980404129379,-20.306937858545062,,900.5659540974926,False,False,False,,[]
629,629,630,True,1.0,1.0,629.0,630.0,629.0,630.0,630.0,0.0,46.0,46.1,116.30613041666712,0.5000258684158325,0.5000258684158325,0.0,1.0,0.5748728118449147,0.5747847568392973,0.9999137843464246,0.9999138116836548,0.9999136056646906,0.9999966279819195,0.9999966199411632,0.9999955733376016,0.9999955642286105,-5.821619004812792,-22.823857456008838,,890.41412758772,False,False,False,,[]
630,630,631,True,1.0,1.0,630.0,631.0,630.0,631.0,631.0,0.0,46.1,46.7,193.13668731770903,0.5000259280204773,0.5000259280204773,0.0,1.0,0.5747847568392973,0.5746441420195413,0.9999136056646906,0.9999136328697205,0.9999133059844664,0.9999966199411632,0.9999966097416515,0.9999955642286105,0.9999955506733096,-9.294932906472905,-36.44736128074735,,837.2841599978734,False,False,False,,[]
631,631,632,True,1.0,1.0,631.0,632.0,631.0,632.0,632.0,0.0,46.7,47.7,255.00184565104112,0.5000259876251221,0.5000259876251221,0.0,1.0,0.5746441420195413,0.5744654726842694,0.9999133059844664,0.9999133348464966,0.9999129311857855,0.9999966097416515,0.9999965991034528,0.9999955506733096,0.9999955380291736,-11.808665338670263,-46.31109170245949,,806.8214898211834,False,False,False,,[]
632,632,633,True,1.0,1.0,632.0,633.0,632.0,633.0,633.0,0.0,47.7,48.9,286.4864914843744,0.5000261068344116,0.5000261068344116,0.0,1.0,0.5744654726842694,0.5742656968341473,0.9999129311857855,0.9999129176139832,0.9999125160601091,0.9999965991034528,0.9999965888356733,0.9999955380291736,0.9999955267176873,-13.202187011005014,-51.78190035163854,,791.8485942766239,False,False,False,,[]
633,633,634,True,1.0,1.0,633.0,634.0,633.0,634.0,634.0,0.0,48.9,50.3,318.14963002604185,0.5000262260437012,0.5000262260437012,0.0,1.0,0.5742656968341473,0.5740350759096262,0.9999125160601091,0.9999125003814697,0.9999120438572309,0.9999965888356733,0.9999965771807936,0.9999955267176873,0.9999955110372323,-15.238315190849429,-59.77694363587896,,766.1798721463564,False,False,False,,[]
634,634,635,True,1.0,1.0,634.0,635.0,634.0,635.0,635.0,0.0,50.3,51.6,303.9507050260425,0.5000264048576355,0.5000264048576355,0.0,1.0,0.5740350759096262,0.5738096285606524,0.9999120438572309,0.9999120235443115,0.999911581067761,0.9999965771807936,0.9999965661736933,0.9999955110372323,0.9999954960216315,-14.895768157211402,-58.43595285400643,,770.5650339641401,False,False,False,,[]
635,635,636,True,1.0,1.0,635.0,636.0,635.0,636.0,636.0,0.0,51.6,52.6,258.99694708333277,0.500026524066925,0.500026524066925,0.0,1.0,0.5738096285606524,0.5736080116153184,0.999911581067761,0.9999116063117981,0.9999111624721543,0.9999965661736933,0.9999965552536608,0.9999954960216315,0.9999954795659746,-13.321451027377176,-52.25911223058413,,786.8735669088751,False,False,False,,[]
636,636,637,True,1.0,1.0,636.0,637.0,636.0,637.0,637.0,0.0,52.6,53.0,167.75621010416648,0.5000266432762146,0.5000266432762146,0.0,1.0,0.5736080116153184,0.5734678513864426,0.9999111624721543,0.9999111890792847,0.999910863707004,0.9999965552536608,0.9999965444401779,0.9999954795659746,0.9999954660501563,-9.26216687107509,-36.3295313246085,,837.2642576018899,False,False,False,,[]
637,637,638,True,1.0,1.0,637.0,638.0,637.0,638.0,638.0,0.0,53.0,53.0,106.70322677083335,0.5000267028808594,0.5000267028808594,0.0,1.0,0.5734678513864426,0.5733748105381132,0.999910863707004,0.9999108910560608,0.999910673984854,0.9999965444401779,0.9999965359147989,0.9999954660501563,0.9999954564483978,-6.149177355119611,-24.116187886965964,,884.8459679658562,False,False,False,,[]
638,638,639,True,1.0,1.0,638.0,639.0,638.0,639.0,639.0,0.0,53.0,52.9,91.35239343749959,0.5000268220901489,0.5000268220901489,0.0,1.0,0.5733748105381132,0.5732943487099209,0.999910673984854,0.9999106526374817,0.9999105119195691,0.9999965359147989,0.9999965282261497,0.9999954564483978,0.9999954480266475,-5.318026037125494,-20.85570586744677,,898.6512318687411,False,False,False,,[]
639,639,640,True,1.0,1.0,639.0,640.0,639.0,640.0,640.0,0.0,52.9,52.7,75.91372377604277,0.5000268220901489,0.5000268220901489,0.0,1.0,0.5732943487099209,0.5732269212442977,0.9999105119195691,0.9999105334281921,0.9999103778286996,0.9999965282261497,0.9999965215244241,0.9999954480266475,0.9999954408737456,-4.456742470727732,-17.47719908951148,,913.4996409489436,False,False,False,,[]
640,640,641,True,1.0,1.0,640.0,641.0,640.0,641.0,641.0,0.0,52.7,52.6,91.08938210937458,0.5000268816947937,0.5000268816947937,0.0,1.0,0.5732269212442977,0.5731475186550763,0.9999103778286996,0.9999103546142578,0.9999102180625602,0.9999965215244241,0.9999965138946089,0.9999954408737456,0.9999954328204841,-5.248118322495943,-20.58115112619831,,900.0395550270225,False,False,False,,[]
641,641,642,True,1.0,1.0,641.0,642.0,641.0,642.0,642.0,0.0,52.6,53.1,183.10704343750027,0.5000269412994385,0.5000269412994385,0.0,1.0,0.5731475186550763,0.5729957115000883,0.9999102180625602,0.9999102354049683,0.9999098959812058,0.9999965138946089,0.9999965026851876,0.9999954328204841,0.9999954184722478,-10.031465638631397,-39.34841457288668,,826.7380662555545,False,False,False,,[]
642,642,643,True,1.0,1.0,642.0,643.0,642.0,643.0,643.0,0.0,53.1,54.3,291.0012289843744,0.500027060508728,0.500027060508728,0.0,1.0,0.5729957115000883,0.5727658548030121,0.9999098959812058,0.9999098777770996,0.9999094251646917,0.9999965026851876,0.9999964916138542,0.9999954184722478,0.9999954010727327,-15.184877682915623,-59.57885588214235,,766.0433236231514,False,False,False,,[]
643,643,644,True,1.0,1.0,643.0,644.0,643.0,644.0,644.0,0.0,54.3,55.2,246.017694609376,0.5000271797180176,0.5000271797180176,0.0,1.0,0.5727658548030121,0.5725652311911251,0.9999094251646917,0.9999094009399414,0.9999090084402605,0.9999964916138542,0.9999964798574038,0.9999954010727327,0.9999953861960414,-13.254119764767367,-52.00164020111644,,788.0660344880273,False,False,False,,[]
644,644,645,True,1.0,1.0,644.0,645.0,644.0,645.0,645.0,0.0,55.2,55.5,154.73009499999938,0.5000272989273071,0.5000272989273071,0.0,1.0,0.5725652311911251,0.572430188364395,0.9999090084402605,0.999908983707428,0.9999087215203423,0.9999964798574038,0.9999964691236668,0.9999953861960414,0.9999953738584725,-8.922999858788119,-35.0031006884559,,842.5976065743756,False,False,False,,[]
645,645,646,True,1.0,1.0,645.0,646.0,645.0,646.0,646.0,0.0,55.5,55.9,170.35638106770813,0.5000273585319519,0.5000273585319519,0.0,1.0,0.572430188364395,0.572284226930877,0.9999087215203423,0.9999087452888489,0.9999084111080174,0.9999964691236668,0.9999964578877824,0.9999953738584725,0.9999953626092852,-9.643970931917742,-37.83320356785313,,833.6892229685878,False,False,False,,[]
646,646,647,True,1.0,1.0,646.0,647.0,646.0,647.0,647.0,0.0,55.9,56.3,170.72597377604149,0.5000274777412415,0.5000274777412415,0.0,1.0,0.572284226930877,0.5721365329626471,0.9999084111080174,0.9999083876609802,0.999908097230147,0.9999964578877824,0.9999964465954797,0.9999953626092852,0.9999953508678217,-9.75819863942284,-38.282276565177376,,831.866806567951,False,False,False,,[]
647,647,648,True,1.0,1.0,647.0,648.0,647.0,648.0,648.0,0.0,56.3,56.7,171.09822065104245,0.500027596950531,0.500027596950531,0.0,1.0,0.5721365329626471,0.571985906655497,0.999908097230147,0.9999080896377563,0.9999077775004422,0.9999964465954797,0.9999964352472505,0.9999953508678217,0.9999953375944319,-9.951649954073492,-39.04233881330712,,828.3488157196315,False,False,False,,[]
648,648,649,True,1.0,1.0,648.0,649.0,648.0,649.0,649.0,0.0,56.7,56.9,140.7714550260416,0.5000276565551758,0.5000276565551758,0.0,1.0,0.571985906655497,0.5718576833405605,0.9999077775004422,0.9999077916145325,0.9999075068810797,0.9999964352472505,0.9999964246486162,0.9999953375944319,0.999995324982824,-8.471942198120633,-33.23548323153557,,848.5395196957292,False,False,False,,[]
649,649,650,True,1.0,1.0,649.0,650.0,649.0,650.0,650.0,0.0,56.9,56.8,94.90740085937458,0.5000277757644653,0.5000277757644653,0.0,1.0,0.5718576833405605,0.5717682294935424,0.9999075068810797,0.9999074935913086,0.9999073251122385,0.9999964246486162,0.9999964161748723,0.999995324982824,0.9999953157087953,-5.911034472070812,-23.186437147091414,,888.5899248922638,False,False,False,,[]
650,650,651,True,1.0,1.0,650.0,651.0,650.0,651.0,651.0,0.0,56.8,56.0,-12.642738333332895,0.5000277757644653,0.5000277757644653,0.0,1.0,0.5717682294935424,0.571775513405281,0.9999073251122385,0.9999073147773743,0.9999073114546293,0.9999964161748723,0.9999964155823237,0.9999953157087953,0.9999953139807202,0.4814644565587895,1.887989922633529,,1003.6105159475125,False,False,False,,[]
651,651,652,True,1.0,1.0,651.0,652.0,651.0,652.0,652.0,0.0,56.0,54.2,-166.8995466666667,0.5000277757644653,0.5000277757644653,0.0,1.0,0.571775513405281,0.5718748873040111,0.9999073114546293,0.9999073147773743,0.9999071075592703,0.9999964155823237,0.9999964045097797,0.9999953139807202,0.9999953025284258,6.570832964512916,25.757714550867526,,1059.837946504783,False,False,False,,[]
652,652,653,True,1.0,1.0,652.0,653.0,652.0,653.0,653.0,0.0,54.2,52.1,-214.597298229167,0.5000278353691101,0.5000278353691101,0.0,1.0,0.5718748873040111,0.5720004194504023,0.9999071075592703,0.9999071359634399,0.9999068433162887,0.9999964045097797,0.9999963927996239,0.9999953025284258,0.9999952888417895,8.30190763369793,32.53793234458799,,1079.5767417968073,False,False,False,,[]
653,653,654,True,1.0,1.0,653.0,654.0,653.0,654.0,654.0,0.0,52.1,50.1,-201.0979949739582,0.5000279545783997,0.5000279545783997,0.0,1.0,0.5720004194504023,0.5721117851487247,0.9999068433162887,0.9999068379402161,0.9999066121197928,0.9999963927996239,0.9999963815700671,0.9999952888417895,0.9999952751446833,7.365424857670703,28.865989005178182,,1067.599761137127,False,False,False,,[]
654,654,655,True,1.0,1.0,654.0,655.0,654.0,655.0,655.0,0.0,50.1,47.2,-340.9508439322916,0.5000280141830444,0.5000280141830444,0.0,1.0,0.5721117851487247,0.5723029734886643,0.9999066121197928,0.999906599521637,0.9999062132813868,0.9999963815700671,0.9999963689611384,0.9999952751446833,0.9999952609663517,12.64898823005363,49.55601771234613,,1142.2269456316476,False,False,False,,[]
655,655,656,True,1.0,1.0,655.0,656.0,655.0,656.0,656.0,0.0,47.2,43.2,-512.1504049999999,0.500028133392334,0.500028133392334,0.0,1.0,0.5723029734886643,0.5725688932821268,0.9999062132813868,0.9999062418937683,0.9999056786668796,0.9999963689611384,0.9999963521888237,0.9999952609663517,0.9999952392061776,17.599479349758898,68.92641046547048,,1210.5450881012428,False,False,False,,[]
656,656,657,True,1.0,1.0,656.0,657.0,656.0,657.0,657.0,0.0,43.2,39.2,-515.1496133333333,0.5000283122062683,0.5000283122062683,0.0,1.0,0.5725688932821268,0.5728129223598446,0.9999056786668796,0.9999057054519653,0.9999051823787762,0.9999963521888237,0.9999963346667082,0.9999952392061776,0.9999952220606353,16.1519821302999,63.25233694444284,,1190.0973564672815,False,False,False,,[]
657,657,658,True,1.0,1.0,657.0,658.0,657.0,658.0,658.0,0.0,39.2,36.5,-318.32257166666676,0.5000284314155579,0.5000284314155579,0.0,1.0,0.5728129223598446,0.5729509724204714,0.9999051823787762,0.9999051690101624,0.9999048882053613,0.9999963346667082,0.9999963241756219,0.9999952220606353,0.9999952123274756,9.13555704314302,35.782575714468905,,1096.9825524523596,False,False,False,,[]
658,658,659,True,1.0,1.0,658.0,659.0,658.0,659.0,659.0,0.0,36.5,34.3,-243.2636710156258,0.5000285506248474,0.5000285506248474,0.0,1.0,0.5729509724204714,0.5730460132235011,0.9999048882053613,0.9999048709869385,0.999904694025509,0.9999963241756219,0.9999963127810155,0.9999952123274756,0.9999952053708129,6.289082179417537,24.63457614529184,,1060.7508436414546,False,False,False,,[]
659,659,660,True,1.0,1.0,659.0,660.0,659.0,660.0,660.0,0.0,34.3,31.0,-413.4147533072914,0.5000286102294922,0.5000286102294922,0.0,1.0,0.5730460132235011,0.5731959480154021,0.999904694025509,0.9999046921730042,0.9999043756742537,0.9999963127810155,0.9999963012199442,0.9999952053708129,0.9999951883692656,9.923914626555451,38.86309806071792,,1098.342329639735,False,False,False,,[]
660,660,661,True,1.0,1.0,660.0,661.0,660.0,661.0,661.0,0.0,31.0,26.0,-676.1662523958331,0.500028669834137,0.500028669834137,0.0,1.0,0.5731959480154021,0.5734118273655555,0.9999043756742537,0.9999043941497803,0.9999039304661147,0.9999963012199442,0.99999628659014,0.9999951883692656,0.9999951642667669,14.292875491432602,55.95592755978468,,1152.90551596927,False,False,False,,[]
661,661,662,True,1.0,1.0,661.0,662.0,661.0,662.0,662.0,0.0,26.0,20.7,-724.5826195833333,0.5000288486480713,0.5000288486480713,0.0,1.0,0.5734118273655555,0.5736083897113483,0.9999039304661147,0.9999039173126221,0.9999035214156029,0.99999628659014,0.9999962748736293,0.9999951642667669,0.9999951505990818,13.014618590208334,50.948960029494806,,1149.7862130034514,False,False,False,,[]
662,662,663,True,1.0,1.0,662.0,663.0,662.0,663.0,663.0,0.0,20.7,15.4,-726.6355345572916,0.5000289678573608,0.5000289678573608,0.0,1.0,0.5736083897113483,0.5737476934706214,0.9999035214156029,0.9999035000801086,0.9999032243755872,0.9999962748736293,0.9999962593311431,0.9999951505990818,0.9999951311629217,9.222734385527382,36.107534403569275,,1080.63844151765,False,False,False,,[]
663,663,664,True,1.0,1.0,663.0,664.0,663.0,664.0,664.0,0.0,15.4,13.1,-267.6974773958333,0.5000290274620056,0.5000290274620056,0.0,1.0,0.5737476934706214,0.5737800057928066,0.9999032243755872,0.9999032020568848,0.9999031622870178,0.9999962593311431,0.9999962540980418,0.9999951311629217,0.9999951160629813,2.138704852358034,8.375353910423655,,1005.8039145962388,False,False,False,,[]
664,664,665,True,1.0,1.0,664.0,665.0,664.0,665.0,665.0,0.0,13.1,12.0,-84.03116684895846,0.5000290870666504,0.5000290870666504,0.0,1.0,0.5737800057928066,0.5737877568421785,0.9999031622870178,0.99990314245224,0.9999031477468648,0.9999962540980418,0.9999962513833441,0.9999951160629813,0.9999951118885226,0.5130039793259185,2.0090719971955378,,999.4082281196653,False,False,False,,[]
665,665,666,True,1.0,1.0,665.0,666.0,665.0,666.0,666.0,0.0,12.0,12.5,161.35316166666692,0.5000290870666504,0.5000290870666504,0.0,1.0,0.5737877568421785,0.5737442780626553,0.9999031477468648,0.99990314245224,0.9999030632841636,0.9999962513833441,0.999996247164811,0.9999951118885226,0.9999951040645089,-2.877224573031608,-11.26969965241642,,939.8782474067616,False,False,False,,[]
666,666,667,True,1.0,1.0,666.0,667.0,666.0,667.0,667.0,0.0,12.5,14.0,314.96309981770827,0.5000290870666504,0.5000290870666504,0.0,1.0,0.5737442780626553,0.5736602805542278,0.9999030632841636,0.9999030828475952,0.9999028935111488,0.999996247164811,0.9999962432735461,0.9999951040645089,0.9999950875452106,-5.557808416693001,-21.772154184413886,,891.7540963606722,False,False,False,,[]
667,667,668,True,1.0,1.0,667.0,668.0,667.0,668.0,668.0,0.0,14.0,19.0,852.57196375,0.5000291466712952,0.5000291466712952,0.0,1.0,0.5736602805542278,0.5734390252302592,0.9999028935111488,0.9999029040336609,0.9999024383972797,0.9999962432735461,0.9999962335317566,0.9999950875452106,0.9999950598026145,-14.63295303200723,-57.34937997263409,,766.7235263975396,False,False,False,,[]
668,668,669,True,1.0,1.0,668.0,669.0,668.0,669.0,669.0,0.0,19.0,23.2,731.1338517708331,0.5000292658805847,0.5000292658805847,0.0,1.0,0.5734390252302592,0.5732171987706801,0.9999024383972797,0.9999024271965027,0.9999019822351431,0.9999962335317566,0.9999962228485112,0.9999950598026145,0.9999950470497521,-14.669473398206708,-57.49741832290059,,774.666076064234,False,False,False,,[]
669,669,670,True,1.0,1.0,669.0,670.0,669.0,670.0,670.0,0.0,23.2,28.0,824.7089283333338,0.5000293850898743,0.5000293850898743,0.0,1.0,0.5732171987706801,0.5729057641013792,0.9999019822351431,0.9999020099639893,0.9999013721359485,0.9999962228485112,0.9999962069844737,0.9999950470497521,0.9999950235084591,-20.58780692063274,-80.7238662828066,,708.2905813127245,False,False,False,,[]
670,670,671,True,1.0,1.0,670.0,671.0,670.0,671.0,671.0,0.0,28.0,32.0,703.9406616666669,0.5000295639038086,0.5000295639038086,0.0,1.0,0.5729057641013792,0.5725995103193399,0.9999013721359485,0.9999013543128967,0.9999007703297488,0.9999962069844737,0.9999961899381672,0.9999950235084591,0.9999950064485446,-20.243265814012013,-79.38098030458899,,714.0099926535344,False,False,False,,[]
671,671,672,True,1.0,1.0,671.0,672.0,671.0,672.0,672.0,0.0,32.0,34.0,398.91462,0.5000298023223877,0.5000298023223877,0.0,1.0,0.5725995103193399,0.5724000143147305,0.9999007703297488,0.999900758266449,0.9999003557321829,0.9999961899381672,0.9999961784132047,0.9999950064485446,0.9999949887393985,-13.189568175112214,-51.70936439472851,,787.2838729064918,False,False,False,,[]
672,672,673,True,1.0,1.0,672.0,673.0,672.0,673.0,673.0,0.0,34.0,36.0,400.00946374999995,0.5000299215316772,0.5000299215316772,0.0,1.0,0.5724000143147305,0.5721933160124888,0.9999003557321829,0.9999003410339355,0.9998999276004134,0.9999961784132047,0.9999961641306285,0.9999949887393985,0.9999949774295303,-13.664558738040517,-53.57619994105144,,784.2498023117959,False,False,False,,[]
673,673,674,True,1.0,1.0,673.0,674.0,673.0,674.0,674.0,0.0,36.0,38.0,401.17066166666666,0.5000300407409668,0.5000300407409668,0.0,1.0,0.5721933160124888,0.5719798145682979,0.9998999276004134,0.9998999238014221,0.9998994867959063,0.9999961641306285,0.9999961536307074,0.9999949774295303,0.9999949654386788,-14.113079212857018,-55.33957433426952,,781.2056498144489,False,False,False,,[]
674,674,675,True,1.0,1.0,674.0,675.0,674.0,675.0,675.0,0.0,38.0,40.0,402.39821374999997,0.5000301599502563,0.5000301599502563,0.0,1.0,0.5719798145682979,0.5717537154142527,0.9998994867959063,0.9998995065689087,0.999899022816838,0.9999961536307074,0.9999961422328545,0.9999949654386788,0.9999949527610019,-14.944235543529267,-58.60490072851947,,771.2641831172601,False,False,False,,[]
675,675,676,True,1.0,1.0,675.0,676.0,675.0,676.0,676.0,0.0,40.0,40.3,142.7279533333327,0.5000302791595459,0.5000302791595459,0.0,1.0,0.5717537154142527,0.5716656904890959,0.999899022816838,0.9998990297317505,0.9998988442013994,0.9999961422328545,0.999996133907102,0.9999949527610019,0.9999949481317213,-5.820212167852056,-22.81606060065652,,893.78164651667,False,False,False,,[]
676,676,677,True,1.0,1.0,676.0,677.0,676.0,677.0,677.0,0.0,40.3,40.5,127.5769289843759,0.5000303387641907,0.5000303387641907,0.0,1.0,0.5716656904890959,0.5715837752734668,0.9998988442013994,0.9998988509178162,0.9998986789739647,0.999996133907102,0.99999612617061,0.9999949481317213,0.9999949417120886,-5.416289521989081,-21.232423891049276,,898.8003931920581,False,False,False,,[]
677,677,678,True,1.0,1.0,677.0,678.0,677.0,678.0,678.0,0.0,40.5,39.0,-133.25320226562465,0.5000303983688354,0.5000303983688354,0.0,1.0,0.5715837752734668,0.5716413923268031,0.9998986789739647,0.9998986721038818,0.9998985654871518,0.99999612617061,0.999996118238581,0.9999949417120886,0.9999949374331741,3.811326781398266,14.93434022476993,,1035.2582334566316,False,False,False,,[]
678,678,679,True,1.0,1.0,678.0,679.0,678.0,679.0,679.0,0.0,39.0,35.7,-410.55729406249975,0.5000304579734802,0.5000304579734802,0.0,1.0,0.5716413923268031,0.5718192331807004,0.9998985654871518,0.9998985528945923,0.9998981922915147,0.999996118238581,0.9999961071905096,0.9999949374331741,0.999994925045689,11.76915555278695,46.096349330170945,,1132.61280061499,False,False,False,,[]
679,679,680,True,1.0,1.0,679.0,680.0,679.0,680.0,680.0,0.0,35.7,31.8,-504.70691476562536,0.500030517578125,0.500030517578125,0.0,1.0,0.5718192331807004,0.5720095366062714,0.9998981922915147,0.9998981952667236,0.99989779514094,0.9999961071905096,0.9999960946600743,0.999994925045689,0.9999949025530384,12.595731134220944,49.32664790799887,,1130.6657008237273,False,False,False,,[]
680,680,681,True,1.0,1.0,680.0,681.0,680.0,681.0,681.0,0.0,31.8,27.1,-629.6970482291672,0.5000306367874146,0.5000306367874146,0.0,1.0,0.5720095366062714,0.5722239589120134,0.99989779514094,0.9998977780342102,0.9998973526294935,0.9999960946600743,0.9999960806779294,0.9999949025530384,0.9999948875722189,14.194713863372444,55.57826164833053,,1164.4265771938008,False,False,False,,[]
681,681,682,True,1.0,1.0,681.0,682.0,681.0,682.0,682.0,0.0,27.1,22.8,-570.5898178906251,0.5000308156013489,0.5000308156013489,0.0,1.0,0.5722239589120134,0.5723823783100763,0.9998973526294935,0.9998973608016968,0.9998970174321496,0.9999960806779294,0.9999960691073014,0.9999948875722189,0.9999948692928928,10.486693861496047,41.06230797789991,,1105.0330726672619,False,False,False,,[]
682,682,683,True,1.0,1.0,682.0,683.0,682.0,683.0,683.0,0.0,22.8,21.1,-173.24785291666623,0.5000308752059937,0.5000308752059937,0.0,1.0,0.5723823783100763,0.5724247696245622,0.9998970174321496,0.9998970031738281,0.9998969351695388,0.9999960691073014,0.9999960650598883,0.9999948692928928,0.9999948656043361,2.8053478483397316,10.987828714753102,,1027.1465417576574,False,False,False,,[]
683,683,684,True,1.0,1.0,683.0,684.0,683.0,684.0,684.0,0.0,21.1,18.9,-250.6210210156258,0.5000309348106384,0.5000309348106384,0.0,1.0,0.5724247696245622,0.572483027844271,0.9998969351695388,0.9998969435691833,0.9998968203478399,0.9999960650598883,0.999996061588743,0.9999948656043361,0.9999948615551677,3.8557080156250123,15.100530548492529,,1040.8597142719966,False,False,False,,[]
684,684,685,True,1.0,1.0,684.0,685.0,684.0,685.0,685.0,0.0,18.9,18.9,86.36741648437501,0.5000309348106384,0.5000309348106384,0.0,1.0,0.572483027844271,0.5724510203952262,0.9998968203478399,0.9998968243598938,0.9998967588634287,0.999996061588743,0.9999960576513598,0.9999948615551677,0.9999948571509886,-2.1178369978273395,-8.296330792402827,,955.5684991048535,False,False,False,,[]
685,685,686,True,1.0,1.0,685.0,686.0,685.0,686.0,686.0,0.0,18.9,21.3,454.78741648437574,0.5000309944152832,0.5000309944152832,0.0,1.0,0.5724510203952262,0.5723197791540228,0.9998967588634287,0.999896764755249,0.9998964810556639,0.9999960576513598,0.9999960513209787,0.9999948571509886,0.9999948497664596,-8.681127323206034,-34.01772971992687,,852.7061579732937,False,False,False,,[]
686,686,687,True,1.0,1.0,686.0,687.0,686.0,687.0,687.0,0.0,21.3,23.9,486.2893144010413,0.500031054019928,0.500031054019928,0.0,1.0,0.5723197791540228,0.5721419453086553,0.9998964810556639,0.9998964667320251,0.999896107873594,0.9999960513209787,0.9999960334084865,0.9999948497664596,0.9999948351991306,-11.760835342441455,-46.09453271927024,,801.5184777019758,False,False,False,,[]
687,687,688,True,1.0,1.0,687.0,688.0,687.0,688.0,688.0,0.0,23.9,25.9,395.159057109375,0.5000311732292175,0.5000311732292175,0.0,1.0,0.5721419453086553,0.5719858635425809,0.999896107873594,0.9998961091041565,0.9998957773029737,0.9999960334084865,0.9999960200795202,0.9999948351991306,0.9999948213142263,-10.322364964984173,-40.45639376647889,,822.1299636785533,False,False,False,,[]
688,688,689,True,1.0,1.0,688.0,689.0,688.0,689.0,689.0,0.0,25.9,28.4,472.7393331510418,0.5000312924385071,0.5000312924385071,0.0,1.0,0.5719858635425809,0.571795951254908,0.9998957773029737,0.9998957514762878,0.9998953808989913,0.9999960200795202,0.9999960066258442,0.9999948213142263,0.9999948109458772,-12.557757030270698,-49.22526496478723,,797.8460002327674,False,False,False,,[]
689,689,690,True,1.0,1.0,689.0,690.0,689.0,690.0,690.0,0.0,28.4,30.3,381.76028041666666,0.5000313520431519,0.5000313520431519,0.0,1.0,0.571795951254908,0.5716295320651391,0.9998953808989913,0.9998953938484192,0.9998950299536257,0.9999960066258442,0.9999959943982328,0.9999948109458772,0.9999948018944547,-11.004418686506051,-43.1358539880936,,817.8000660014466,False,False,False,,[]
690,690,691,True,1.0,1.0,690.0,691.0,690.0,691.0,691.0,0.0,30.3,30.9,183.1245071093747,0.5000314712524414,0.5000314712524414,0.0,1.0,0.5716295320651391,0.5715436011913473,0.9998950299536257,0.9998950362205505,0.9998948559441546,0.9999959943982328,0.9999959864725505,0.9999948018944547,0.9999947971671832,-5.683300645473556,-22.273282486843705,,896.0695725217246,False,False,False,,[]
691,691,692,True,1.0,1.0,691.0,692.0,691.0,692.0,692.0,0.0,30.9,31.1,122.02573940104257,0.5000315308570862,0.5000315308570862,0.0,1.0,0.5715436011913473,0.5714842133270487,0.9998948559441546,0.9998948574066162,0.9998947387666073,0.9999959864725505,0.9999959805224669,0.9999947971671832,0.9999947935096647,-3.928063304746577,-15.3933344261847,,925.3148572558451,False,False,False,,[]
692,692,693,True,1.0,1.0,692.0,693.0,692.0,693.0,693.0,0.0,31.1,31.8,198.8827550260418,0.500031590461731,0.500031590461731,0.0,1.0,0.5714842133270487,0.5713875053105668,0.9998947387666073,0.9998947381973267,0.9998945408579141,0.9999959805224669,0.9999959719905306,0.9999947935096647,0.9999947870182344,-6.395733476346069,-25.06671787210918,,883.7652091417502,False,False,False,,[]
693,693,694,True,1.0,1.0,693.0,694.0,693.0,694.0,694.0,0.0,31.8,32.7,229.94961843750005,0.5000316500663757,0.5000316500663757,0.0,1.0,0.5713875053105668,0.5712723249966933,0.9998945408579141,0.9998945593833923,0.999894300848253,0.9999959719905306,0.9999959625181062,0.9999947870182344,0.9999947779992048,-7.616793294904338,-29.85473735600133,,863.8019801458023,False,False,False,,[]
694,694,695,True,1.0,1.0,694.0,695.0,694.0,695.0,695.0,0.0,32.7,33.2,169.0277675260419,0.5000317096710205,0.5000317096710205,0.0,1.0,0.5712723249966933,0.5711831070464407,0.999894300848253,0.9998943209648132,0.9998941196005818,0.9999959625181062,0.9999959543181259,0.9999947779992048,0.9999947702227171,-5.90024122651624,-23.125292705470297,,890.2189271639403,False,False,False,,[]
695,695,696,True,1.0,1.0,695.0,696.0,695.0,696.0,696.0,0.0,33.2,32.4,-30.259769583333874,0.5000317692756653,0.5000317692756653,0.0,1.0,0.5711831070464407,0.5711915429114218,0.9998941196005818,0.9998941421508789,0.9998941037651817,0.9999959543181259,0.999995952256135,0.9999947702227171,0.9999947671412606,0.5580510127800514,2.186576203119132,,1001.711802786462,False,False,False,,[]
696,696,697,True,1.0,1.0,696.0,697.0,696.0,697.0,697.0,0.0,32.4,28.3,-537.272552916667,0.5000317692756653,0.5000317692756653,0.0,1.0,0.5711915429114218,0.5713807545640394,0.9998941037651817,0.9998940825462341,0.9998937086994067,0.999995952256135,0.9999959406560928,0.9999947671412606,0.9999947539686764,12.524250722792392,49.04366035846821,,1142.7689194308361,False,False,False,,[]
697,697,698,True,1.0,1.0,697.0,698.0,697.0,698.0,698.0,0.0,28.3,25.8,-293.7234147656246,0.5000318884849548,0.5000318884849548,0.0,1.0,0.5713807545640394,0.5714689734125096,0.9998937086994067,0.9998937249183655,0.9998935296565067,0.9999959406560928,0.9999959307208467,0.9999947539686764,0.9999947475503269,5.83812072723609,22.86632552348296,,1057.0388332380492,False,False,False,,[]
698,698,699,True,1.0,1.0,698.0,699.0,698.0,699.0,699.0,0.0,25.8,23.1,-325.54688156250006,0.5000319480895996,0.5000319480895996,0.0,1.0,0.5714689734125096,0.5715510278913551,0.9998935296565067,0.9998935461044312,0.9998933641256206,0.9999959307208467,0.9999959184618766,0.9999947475503269,0.9999947359024463,5.430392391220084,21.268520916786503,,1043.3997313540308,False,False,False,,[]
699,699,700,True,1.0,1.0,699.0,700.0,699.0,700.0,700.0,0.0,23.1,21.8,-111.7303074739586,0.5000320076942444,0.5000320076942444,0.0,1.0,0.5715510278913551,0.5715723413520225,0.9998933641256206,0.9998933672904968,0.9998933236098111,0.9999959184618766,0.9999959107200748,0.9999947359024463,0.9999947310673671,1.4103393646738374,5.524449004992089,,1004.7070512669804,False,False,False,,[]
700,700,701,True,1.0,1.0,700.0,701.0,700.0,701.0,701.0,0.0,21.8,21.2,-4.758610729166831,0.5000320076942444,0.5000320076942444,0.0,1.0,0.5715723413520225,0.5715730314750628,0.9998933236098111,0.999893307685852,0.9998933223241245,0.9999959107200748,0.9999959103784367,0.9999947310673671,0.9999947306761232,0.04566460686855719,0.1788798920463177,,999.8287017553364,False,False,False,,[]
701,701,702,True,1.0,1.0,701.0,702.0,701.0,702.0,702.0,0.0,21.2,21.0,56.430730416666776,0.5000320076942444,0.5000320076942444,0.0,1.0,0.5715730314750628,0.5715482366541137,0.9998933223241245,0.999893307685852,0.9998932750296284,0.9999959103784367,0.9999959071541492,0.9999947306761232,0.9999947271377035,-1.640540185042175,-6.426817590011987,,964.9836594393041,False,False,False,,[]
702,702,703,True,1.0,1.0,702.0,703.0,702.0,703.0,703.0,0.0,21.0,21.0,87.0623934375,0.5000320076942444,0.5000320076942444,0.0,1.0,0.5715482366541137,0.5715133519033054,0.9998932750296284,0.9998932480812073,0.9998932078292033,0.9999959071541492,0.9999959028756416,0.9999947271377035,0.9999947225989588,-2.3080736173132905,-9.042127409495679,,951.9982983039478,False,False,False,,[]
703,703,704,True,1.0,1.0,703.0,704.0,703.0,704.0,704.0,0.0,21.0,20.9,71.71156010416672,0.5000320672988892,0.5000320672988892,0.0,1.0,0.5715133519033054,0.5714834085200156,0.9998932078292033,0.9998931884765625,0.9998931504257667,0.9999959028756416,0.9999958990842788,0.9999947225989588,0.9999947184870496,-1.9811696625282347,-7.761324948723592,,958.2334783436473,False,False,False,,[]
704,704,705,True,1.0,1.0,704.0,705.0,704.0,705.0,705.0,0.0,20.9,19.9,-66.48069289062495,0.5000320672988892,0.5000320672988892,0.0,1.0,0.5714834085200156,0.5714944475956153,0.9998931504257667,0.9998931288719177,0.999893129650906,0.9999958990842788,0.9999958955575773,0.9999947184870496,0.9999947144978766,0.7304835706559428,2.8613283954459146,,1001.4478081785325,False,False,False,,[]
705,705,706,True,1.0,1.0,705.0,706.0,705.0,706.0,706.0,0.0,19.9,17.9,-220.32743247395874,0.5000320672988892,0.5000320672988892,0.0,1.0,0.5714944475956153,0.5715411144649327,0.999893129650906,0.9998931288719177,0.9998930387117816,0.9999958955575773,0.9999958919246668,0.9999947144978766,0.9999947098387796,3.0884762431692963,12.096052527062563,,1030.1641853298033,False,False,False,,[]
706,706,707,True,1.0,1.0,706.0,707.0,706.0,707.0,707.0,0.0,17.9,15.1,-343.76114601562443,0.5000320672988892,0.5000320672988892,0.0,1.0,0.5715411144649327,0.5716004407888329,0.9998930387117816,0.9998930096626282,0.9998929216627059,0.9999958919246668,0.9999958879967071,0.9999947098387796,0.9999946970044559,3.926592841938567,15.377383154908522,,1031.841741532368,False,False,False,,[]
707,707,708,True,1.0,1.0,707.0,708.0,707.0,708.0,708.0,0.0,15.1,12.8,-267.7733699739583,0.5000321269035339,0.5000321269035339,0.0,1.0,0.5716004407888329,0.5716320766594187,0.9998929216627059,0.9998929500579834,0.9998928609141612,0.9999958879967071,0.9999958828640041,0.9999946970044559,0.9999946822183098,2.0937644342443082,8.200017655849113,,1005.6741816656375,False,False,False,,[]
708,708,709,True,1.0,1.0,708.0,709.0,708.0,709.0,709.0,0.0,12.8,12.0,-38.04311333333362,0.5000321269035339,0.5000321269035339,0.0,1.0,0.5716320766594187,0.5716353739274874,0.9998928609141612,0.9998928904533386,0.9998928547557241,0.9999958828640041,0.9999958814671485,0.9999946822183098,0.9999946803510226,0.21821033620967387,0.8546518833991139,,999.4176208775048,False,False,False,,[]
709,709,710,True,1.0,1.0,709.0,710.0,709.0,710.0,710.0,0.0,12.0,13.2,268.8089950000001,0.5000321269035339,0.5000321269035339,0.0,1.0,0.5716353739274874,0.5715651501903787,0.9998928547557241,0.9998928308486938,0.9998927147214574,0.9999958814671485,0.9999958767863949,0.9999946803510226,0.999994666944142,-4.646336257659272,-18.20199265858671,,907.1818702416401,False,False,False,,[]
710,710,711,True,1.0,1.0,710.0,711.0,710.0,711.0,711.0,0.0,13.2,17.1,683.5323137500002,0.5000321865081787,0.5000321865081787,0.0,1.0,0.5715651501903787,0.5713565038059369,0.9998927147214574,0.9998927116394043,0.9998922829497019,0.9999958767863949,0.9999958653649793,0.999994666944142,0.9999946266638572,-13.798762997504335,-54.081142847310055,,767.1504576206504,False,False,False,,[]
711,711,712,True,1.0,1.0,711.0,712.0,711.0,712.0,712.0,0.0,17.1,21.1,699.8632810677086,0.5000323057174683,0.5000323057174683,0.0,1.0,0.5713565038059369,0.5711645487357657,0.9998922829497019,0.9998922944068909,0.9998918826503045,0.9999958653649793,0.9999958561079195,0.9999946266638572,0.9999946158653495,-12.69457613332691,-49.75475418837784,,798.6961589725499,False,False,False,,[]
712,712,713,True,1.0,1.0,712.0,713.0,712.0,713.0,713.0,0.0,21.1,21.8,194.55314565104135,0.5000324249267578,0.5000324249267578,0.0,1.0,0.5711645487357657,0.5711016720497818,0.9998918826503045,0.9998918771743774,0.9998917581648564,0.9999958561079195,0.999995852537067,0.9999946158653495,0.9999946104486261,-4.159635075283348,-16.297637007024576,,922.2430961111029,False,False,False,,[]
713,713,714,True,1.0,1.0,713.0,714.0,713.0,714.0,714.0,0.0,21.8,21.2,-4.758610729166831,0.5000324845314026,0.5000324845314026,0.0,1.0,0.5711016720497818,0.5711023621817403,0.9998917581648564,0.9998917579650879,0.9998917568791532,0.999995852537067,0.9999958521954286,0.9999946104486261,0.9999946100573827,0.04566460613371751,0.1788822036435396,,999.8287091167011,False,False,False,,[]
714,714,715,True,1.0,1.0,714.0,715.0,714.0,715.0,715.0,0.0,21.2,18.5,-327.34010291666675,0.5000324845314026,0.5000324845314026,0.0,1.0,0.5711023621817403,0.5711778816363459,0.9998917568791532,0.9998917579650879,0.9998916055024135,0.9999958521954286,0.9999958476956995,0.9999946100573827,0.9999946048083808,4.9982315714583345,19.57464263375916,,1053.333486666316,False,False,False,,[]
715,715,716,True,1.0,1.0,715.0,716.0,715.0,716.0,716.0,0.0,18.5,13.9,-619.8949991406248,0.5000325441360474,0.5000325441360474,0.0,1.0,0.5711778816363459,0.5712842640917682,0.9998916055024135,0.9998915791511536,0.999891385725206,0.9999958476956995,0.9999958407412965,0.9999946048083808,0.999994583785735,7.041920459162338,27.57433244548866,,1059.8021849013796,False,False,False,,[]
716,716,717,True,1.0,1.0,716.0,717.0,716.0,717.0,717.0,0.0,13.9,12.0,-206.6586772656252,0.5000326037406921,0.5000326037406921,0.0,1.0,0.5712842640917682,0.5713061041771708,0.999891385725206,0.9998914003372192,0.9998913441869154,0.9999958407412965,0.999995836178159,0.999994583785735,0.99999457319231,1.445394620440143,5.660950136333001,,1002.5361093635396,False,False,False,,[]
717,717,718,True,1.0,1.0,717.0,718.0,717.0,718.0,718.0,0.0,12.0,12.0,84.59899500000002,0.5000326037406921,0.5000326037406921,0.0,1.0,0.5713061041771708,0.571282550522577,0.9998913441869154,0.9998913407325745,0.9998912993143798,0.999995836178159,0.9999958334560991,0.99999457319231,0.999994569173852,-1.558613195202724,-6.105107270680917,,966.3876590779793,False,False,False,,[]
718,718,719,True,1.0,1.0,718.0,719.0,718.0,719.0,719.0,0.0,12.0,13.0,238.10732833333353,0.5000326037406921,0.5000326037406921,0.0,1.0,0.571282550522577,0.571219871295807,0.9998912993143798,0.9998912811279297,0.9998911752438371,0.9999958334560991,0.9999958287025591,0.999994569173852,0.9999945573924829,-4.1471614099284295,-16.246455578786644,,916.0686958277377,False,False,False,,[]
719,719,720,True,1.0,1.0,719.0,720.0,719.0,720.0,720.0,0.0,13.0,16.0,545.3313517708334,0.5000326633453369,0.5000326633453369,0.0,1.0,0.571219871295807,0.5710582598236421,0.9998911752438371,0.9998911619186401,0.9998908337467838,0.9999958287025591,0.9999958194774202,0.9999945573924829,0.9999945260926945,-10.689508123284241,-41.889693585136826,,808.8742533942013,False,False,False,,[]
720,720,721,True,1.0,1.0,720.0,721.0,720.0,721.0,721.0,0.0,16.0,18.5,469.2987866666663,0.5000327825546265,0.5000327825546265,0.0,1.0,0.5710582598236421,0.5709347117606153,0.9998908337467838,0.9998908042907715,0.9998905741845534,0.9999958194774202,0.9999958120323462,0.9999945260926945,0.9999945147823406,-8.172386660437951,-32.02365793654849,,855.9740510317481,False,False,False,,[]
721,721,722,True,1.0,1.0,721.0,722.0,721.0,722.0,722.0,0.0,18.5,20.6,408.61083419270875,0.5000328421592712,0.5000328421592712,0.0,1.0,0.5709347117606153,0.5708200231922501,0.9998905741845534,0.9998905658721924,0.9998903353145167,0.9999958120323462,0.999995806500328,0.9999945147823406,0.9999945083291671,-7.586269523710784,-29.727276920250425,,869.1414061621668,False,False,False,,[]
722,722,723,True,1.0,1.0,722.0,723.0,722.0,723.0,723.0,0.0,20.6,22.5,378.5902101041666,0.500032901763916,0.500032901763916,0.0,1.0,0.5708200231922501,0.5707021191623348,0.9998903353145167,0.9998903274536133,0.9998900889737419,0.999995806500328,0.9999958008503902,0.9999945083291671,0.9999945009730292,-7.798615767230949,-30.560724554032593,,865.3931321439763,False,False,False,,[]
723,723,724,True,1.0,1.0,723.0,724.0,723.0,724.0,724.0,0.0,22.5,24.0,317.8660946093747,0.5000329613685608,0.5000329613685608,0.0,1.0,0.5707021191623348,0.5705871102713997,0.9998900889737419,0.9998900890350342,0.9998898493614731,0.9999958008503902,0.9999957891175005,0.9999945009730292,0.9999944950028996,-7.606925701906632,-29.810304530382925,,864.5484778157553,False,False,False,,[]
724,724,725,True,1.0,1.0,724.0,725.0,724.0,725.0,725.0,0.0,24.0,26.6,487.30378666666724,0.5000330209732056,0.5000330209732056,0.0,1.0,0.5705871102713997,0.5703967110722923,0.9998898493614731,0.9998898506164551,0.9998894520281411,0.9999957891175005,0.9999957755466485,0.9999944950028996,0.9999944783630429,-12.58999662435084,-49.35147240864753,,793.4346513332805,False,False,False,,[]
725,725,726,True,1.0,1.0,725.0,726.0,725.0,726.0,726.0,0.0,26.6,29.9,595.850814270833,0.5000331401824951,0.5000331401824951,0.0,1.0,0.5703967110722923,0.5701450683279241,0.9998894520281411,0.9998894333839417,0.9998889422675695,0.9999957755466485,0.999995763017461,0.9999944783630429,0.999994456447028,-16.63540554138826,-65.22579934022771,,747.9073529885208,False,False,False,,[]
726,726,727,True,1.0,1.0,726.0,727.0,726.0,727.0,727.0,0.0,29.9,34.8,843.0106144010417,0.5000333189964294,0.5000333189964294,0.0,1.0,0.5701450683279241,0.5697412231328554,0.9998889422675695,0.9998889565467834,0.9998881984093121,0.999995763017461,0.9999957403545366,0.999994456447028,0.9999944272034181,-26.68192960959304,-104.67667456183453,,653.5360149393813,False,False,False,,[]
727,727,728,True,1.0,1.0,727.0,728.0,727.0,728.0,728.0,0.0,34.8,37.8,553.9743137499994,0.5000335574150085,0.5000335574150085,0.0,1.0,0.5697412231328554,0.5694497864784275,0.9998881984093121,0.9998881816864014,0.9998876207527426,0.9999957403545366,0.9999957243387511,0.9999944272034181,0.9999944109586943,-19.25904828559033,-75.54038082771842,,723.8703676856119,False,False,False,,[]
728,728,729,True,1.0,1.0,728.0,729.0,728.0,729.0,729.0,0.0,37.8,40.2,463.67580593750165,0.5000337362289429,0.5000337362289429,0.0,1.0,0.5694497864784275,0.5691883059710533,0.9998876207527426,0.9998876452445984,0.9998870938083054,0.9999957243387511,0.9999957104390319,0.9999944109586943,0.999994396350553,-17.279371608631575,-67.77574751139575,,744.7775389338522,False,False,False,,[]
729,729,730,True,1.0,1.0,729.0,730.0,729.0,730.0,730.0,0.0,40.2,41.6,311.7201601041659,0.5000338554382324,0.5000338554382324,0.0,1.0,0.5691883059710533,0.5689996090078582,0.9998870938083054,0.9998871088027954,0.9998866997262826,0.9999957104390319,0.9999957002959711,0.999994396350553,0.9999943822058867,-12.471445377724189,-48.91025286017137,,798.4714747896197,False,False,False,,[]
730,730,731,True,1.0,1.0,730.0,731.0,730.0,731.0,731.0,0.0,41.6,41.9,143.8108533333327,0.500033974647522,0.500033974647522,0.0,1.0,0.5689996090078582,0.5688980842922949,0.9998866997262826,0.999886691570282,0.99988649097912,0.9999957002959711,0.9999956917845395,0.9999943822058867,0.9999943694111603,-6.711521780452762,-26.315206273984185,,874.3508897191648,False,False,False,,[]
731,731,732,True,1.0,1.0,731.0,732.0,731.0,732.0,732.0,0.0,41.9,42.0,113.31695815104212,0.5000340342521667,0.5000340342521667,0.0,1.0,0.5688980842922949,0.5688172990705801,0.99988649097912,0.9998865127563477,0.9998863282109736,0.9999956917845395,0.9999956845098925,0.9999943694111603,0.9999943595536003,-5.340774996738701,-20.93952946847913,,897.5095733762721,False,False,False,,[]
732,732,733,True,1.0,1.0,732.0,733.0,732.0,733.0,733.0,0.0,42.0,42.2,128.73738041666758,0.5000340938568115,0.5000340938568115,0.0,1.0,0.5688172990705801,0.5687264847066176,0.9998863282109736,0.9998863339424133,0.9998861434318147,0.9999956845098925,0.999995676555126,0.9999943595536003,0.9999943488618804,-6.003602283477456,-23.539083139074858,,886.5729505562102,False,False,False,,[]
733,733,734,True,1.0,1.0,733.0,734.0,733.0,734.0,734.0,0.0,42.2,42.4,128.87705593749894,0.5000341534614563,0.5000341534614563,0.0,1.0,0.5687264847066176,0.5686351860861557,0.9998861434318147,0.999886155128479,0.9998859575793201,0.999995676555126,0.9999956685770499,0.9999943488618804,0.9999943381164117,-6.035563435786952,-23.664602423716662,,886.0476964190746,False,False,False,,[]
734,734,735,True,1.0,1.0,734.0,735.0,734.0,735.0,735.0,0.0,42.4,42.7,144.36822833333466,0.5000342130661011,0.5000342130661011,0.0,1.0,0.5686351860861557,0.5685336462140922,0.9998859575793201,0.9998859763145447,0.9998857487978982,0.9999956685770499,0.9999956599849036,0.9999943381164117,0.9999943265527219,-6.712326651121534,-26.319134838874355,,875.216949589938,False,False,False,,[]
735,735,736,True,1.0,1.0,735.0,736.0,735.0,736.0,736.0,0.0,42.7,43.1,159.93081440104146,0.5000342726707458,0.5000342726707458,0.0,1.0,0.5685336462140922,0.5684218115273659,0.9998857487978982,0.9998857378959656,0.9998855165212337,0.9999956599849036,0.9999956508414475,0.9999943265527219,0.999994314327859,-7.392544827725769,-28.987550799436416,,864.7297447749711,False,False,False,,[]
736,736,737,True,1.0,1.0,736.0,737.0,736.0,737.0,737.0,0.0,43.1,43.7,190.91714044270805,0.5000343322753906,0.5000343322753906,0.0,1.0,0.5684218115273659,0.5682901487000913,0.9998855165212337,0.9998854994773865,0.999885237706101,0.9999956508414475,0.9999956408544135,0.999994314327859,0.9999943010710491,-8.702554571026244,-34.12700482959321,,845.459916829054,False,False,False,,[]
737,737,738,True,1.0,1.0,737.0,738.0,737.0,738.0,738.0,0.0,43.7,44.0,145.2966060677077,0.5000344514846802,0.5000344514846802,0.0,1.0,0.5682901487000913,0.5681853227987588,0.999885237706101,0.9998852610588074,0.9998850214741164,0.9999956408544135,0.9999956321192031,0.9999943010710491,0.9999942892533498,-6.9291294212164285,-27.170873625385457,,871.83805400189,False,False,False,,[]
738,738,739,True,1.0,1.0,738.0,739.0,738.0,739.0,739.0,0.0,44.0,44.1,114.81316166666713,0.500034511089325,0.500034511089325,0.0,1.0,0.5681853227987588,0.5680997532632743,0.9998850214741164,0.9998850226402283,0.9998848482575935,0.9999956321192031,0.999995624455479,0.9999942892533498,0.9999942789542089,-5.656536393795068,-22.179623597577898,,892.1768160166074,False,False,False,,[]
739,739,740,True,1.0,1.0,739.0,740.0,739.0,740.0,740.0,0.0,44.1,45.3,283.7454008593744,0.5000345706939697,0.5000345706939697,0.0,1.0,0.5680997532632743,0.5679130040794823,0.9998848482575935,0.999884843826294,0.9998844579038081,0.999995624455479,0.999995614059178,0.9999942789542089,0.9999942661690407,-12.340999602073307,-48.4053884388864,,800.6622877251491,False,False,False,,[]
740,740,741,True,1.0,1.0,740.0,741.0,740.0,741.0,741.0,0.0,45.3,46.4,269.2843769010416,0.5000346302986145,0.5000346302986145,0.0,1.0,0.5679130040794823,0.5677300962643407,0.9998844579038081,0.9998844861984253,0.999884074927429,0.999995614059178,0.9999956034613761,0.9999942661690407,0.999994253216204,-12.086737953321936,-47.40970568472067,,803.37023988969,False,False,False,,[]
741,741,742,True,1.0,1.0,741.0,742.0,741.0,742.0,742.0,0.0,46.4,47.2,224.06852000000055,0.5000348091125488,0.5000348091125488,0.0,1.0,0.5677300962643407,0.5675700813043942,0.999884074927429,0.9998840689659119,0.9998837365785384,0.9999956034613761,0.9999955928626987,0.999994253216204,0.9999942397676841,-10.574259215731598,-41.475877618110296,,821.0874662923287,False,False,False,,[]
742,742,743,True,1.0,1.0,742.0,743.0,742.0,743.0,743.0,0.0,47.2,47.3,117.23376166666614,0.5000348687171936,0.5000348687171936,0.0,1.0,0.5675700813043942,0.5674779620994117,0.9998837365785384,0.9998837113380432,0.999883548905022,0.9999955928626987,0.9999955846389623,0.9999942397676841,0.9999942294632499,-6.0886131513465465,-23.87729793147558,,885.4143442073022,False,False,False,,[]
743,743,744,True,1.0,1.0,743.0,744.0,743.0,744.0,744.0,0.0,47.3,47.4,117.31214252604212,0.5000349283218384,0.5000349283218384,0.0,1.0,0.5674779620994117,0.567385624528533,0.999883548905022,0.9998835325241089,0.9998833607464408,0.9999955846389623,0.9999955764000611,0.9999942294632499,0.9999942191500303,-6.103025669499499,-23.93389837174889,,885.1864099868347,False,False,False,,[]
744,744,745,True,1.0,1.0,744.0,745.0,744.0,745.0,745.0,0.0,47.4,47.4,102.03985593750001,0.5000349879264832,0.5000349879264832,0.0,1.0,0.567385624528533,0.5673041553436947,0.9998833607464408,0.9998833537101746,0.9998831964903611,0.9999955764000611,0.9999955689203096,0.9999942191500303,0.9999942097300221,-5.384852656293389,-21.116812710084055,,897.0262706649595,False,False,False,,[]
745,745,746,True,1.0,1.0,745.0,746.0,745.0,746.0,746.0,0.0,47.4,47.5,117.39068927083378,0.5000350475311279,0.5000350475311279,0.0,1.0,0.5673041553436947,0.5672115759403411,0.9998831964903611,0.9998831748962402,0.999883007794356,0.9999955689203096,0.9999955606662546,0.9999942097300221,0.9999941993907091,-6.119000515851058,-23.996581349254505,,884.9225701107448,False,False,False,,[]
746,746,747,True,1.0,1.0,746.0,747.0,746.0,747.0,747.0,0.0,47.5,47.9,163.52190190104147,0.5000351071357727,0.5000351071357727,0.0,1.0,0.5672115759403411,0.5670870329050218,0.999883007794356,0.9998829960823059,0.9998827458869842,0.9999955606662546,0.9999955507072879,0.9999941993907091,0.9999941870649335,-8.230772240983875,-32.281554754767456,,852.501462945536,False,False,False,,[]
747,747,748,True,1.0,1.0,747.0,748.0,747.0,748.0,748.0,0.0,47.9,48.6,209.8909112760418,0.5000351667404175,0.5000351667404175,0.0,1.0,0.5670870329050218,0.5669312048809063,0.9998827458869842,0.9998827576637268,0.9998824158192516,0.9999955507072879,0.9999955400764591,0.9999941870649335,0.999994173396108,-10.29714311948795,-40.39062385074079,,824.3109398376673,False,False,False,,[]
748,748,749,True,1.0,1.0,748.0,749.0,748.0,749.0,749.0,0.0,48.6,49.4,225.80202260416627,0.500035285949707,0.500035285949707,0.0,1.0,0.5669312048809063,0.5667635130633903,0.9998824158192516,0.9998824000358582,0.9998820623809752,0.9999955400764591,0.9999955293240496,0.999994173396108,0.9999941597516024,-11.08036483342712,-43.46571910013788,,814.7087118459401,False,False,False,,[]
749,749,750,True,1.0,1.0,749.0,750.0,749.0,750.0,750.0,0.0,49.4,49.8,165.04896010416647,0.5000354051589966,0.5000354051589966,0.0,1.0,0.5667635130633903,0.5666337071523494,0.9998820623809752,0.9998820424079895,0.9998817879970202,0.9999955293240496,0.9999955189576929,0.9999941597516024,0.9999941474692493,-8.57775986986073,-33.645692141813896,,847.5344680859484,False,False,False,,[]
750,750,751,True,1.0,1.0,750.0,751.0,750.0,751.0,751.0,0.0,49.8,49.8,103.97474343750001,0.5000354647636414,0.5000354647636414,0.0,1.0,0.5666337071523494,0.5665447650022861,0.9998817879970202,0.9998818039894104,0.9998816073583855,0.9999955189576929,0.9999955110763341,0.9999941474692493,0.999994136068124,-5.878083234364664,-23.05380529640667,,887.8719814157366,False,False,False,,[]
751,751,752,True,1.0,1.0,751.0,752.0,751.0,752.0,752.0,0.0,49.8,49.7,88.62391010416724,0.5000355243682861,0.5000355243682861,0.0,1.0,0.5665447650022861,0.5664683748663019,0.9998816073583855,0.9998816251754761,0.9998814541059095,0.9999955110763341,0.9999955040037576,0.999994136068124,0.9999941262970838,-5.048740931275337,-19.800323247110438,,902.0719688518344,False,False,False,,[]
752,752,753,True,1.0,1.0,752.0,753.0,752.0,753.0,753.0,0.0,49.7,49.3,42.48888210937425,0.5000355839729309,0.5000355839729309,0.0,1.0,0.5664683748663019,0.5664303933987888,0.9998814541059095,0.9998814463615417,0.9998813807181218,0.9999955040037576,0.9999955001116476,0.9999941262970838,0.9999941212000669,-2.5105734068158583,-9.844796379386738,,948.4882003847322,False,False,False,,[]
753,753,754,True,1.0,1.0,753.0,754.0,753.0,754.0,754.0,0.0,49.3,48.5,-19.242904348957904,0.5000355839729309,0.5000355839729309,0.0,1.0,0.5664303933987888,0.5664401256015142,0.9998813807181218,0.999881386756897,0.9998813624261162,0.9999955001116476,0.999995499460006,0.9999941212000669,0.9999941189196458,0.6434094998961798,2.5225869464452813,,1004.9957731499597,False,False,False,,[]
754,754,755,True,1.0,1.0,754.0,755.0,754.0,755.0,755.0,0.0,48.5,47.6,-35.24268143229166,0.5000355839729309,0.5000355839729309,0.0,1.0,0.5664401256015142,0.5664557471138312,0.9998813624261162,0.999881386756897,0.9998813328953059,0.999995499460006,0.9999954962606855,0.9999941189196458,0.9999941148157351,1.0328274161106226,4.049095992555859,,1005.3941406834956,False,False,False,,[]
755,755,756,True,1.0,1.0,755.0,756.0,755.0,756.0,756.0,0.0,47.6,46.3,-97.36338624999979,0.5000355839729309,0.5000355839729309,0.0,1.0,0.5664557471138312,0.5665008766975667,0.9998813328953059,0.9998813271522522,0.9998812450840266,0.9999954962606855,0.9999954890828708,0.9999941148157351,0.9999941057445072,2.984194786876117,11.697588104243918,,1020.5116861104451,False,False,False,,[]
756,756,757,True,1.0,1.0,756.0,757.0,756.0,757.0,757.0,0.0,46.3,43.7,-297.936701223958,0.5000356435775757,0.5000356435775757,0.0,1.0,0.5665008766975667,0.5666548081711904,0.9998812450840266,0.9998812675476074,0.9998809187791956,0.9999954890828708,0.999995478890755,0.9999941057445072,0.9999940935078786,10.182812061746136,39.89903796327928,,1109.7205647860367,False,False,False,,[]
757,757,758,True,1.0,1.0,757.0,758.0,757.0,758.0,758.0,0.0,43.7,39.3,-576.1925605989588,0.5000357031822205,0.5000357031822205,0.0,1.0,0.5666548081711904,0.5669317072370599,0.9998809187791956,0.9998809099197388,0.9998803654240357,0.999995478890755,0.9999954612371147,0.9999940935078786,0.999994074191311,18.326310566745175,71.77223787337998,,1226.3819410448782,False,False,False,,[]
758,758,759,True,1.0,1.0,758.0,759.0,758.0,759.0,759.0,0.0,39.3,34.1,-702.0282949739576,0.5000358819961548,0.5000358819961548,0.0,1.0,0.5669317072370599,0.5672298006918359,0.9998803654240357,0.9998803734779358,0.9998797768394394,0.9999954612371147,0.9999954420108661,0.999994074191311,0.9999940533783085,19.73338797973134,77.26582347794145,,1248.744612083498,False,False,False,,[]
759,759,760,True,1.0,1.0,759.0,760.0,759.0,760.0,760.0,0.0,34.1,29.0,-689.8432189322924,0.5000360608100891,0.5000360608100891,0.0,1.0,0.5672298006918359,0.5674780342036098,0.9998797768394394,0.999879777431488,0.9998792730930169,0.9999954420108661,0.9999954241563194,0.9999940533783085,0.9999940331969137,16.432747329362055,64.34212625177888,,1190.2252910129844,False,False,False,,[]
760,760,761,True,1.0,1.0,760.0,761.0,760.0,761.0,761.0,0.0,29.0,23.7,-723.2140648958333,0.5000362396240234,0.5000362396240234,0.0,1.0,0.5674780342036098,0.5676928951160852,0.9998792730930169,0.9998793005943298,0.9998788297692652,0.9999954241563194,0.9999954102620736,0.9999940331969137,0.9999940103909789,14.223908888509246,55.691948513634955,,1154.5055853366318,False,False,False,,[]
761,761,762,True,1.0,1.0,761.0,762.0,761.0,762.0,762.0,0.0,23.7,18.4,-725.5307376822917,0.500036358833313,0.500036358833313,0.0,1.0,0.5676928951160852,0.5678698913621855,0.9998788297692652,0.9998788237571716,0.9998784582094075,0.9999954102620736,0.9999953996856721,0.9999940103909789,0.9999939974708113,11.71718659189489,45.877426989192365,,1131.6616992695613,False,False,False,,[]
762,762,763,True,1.0,1.0,762.0,763.0,762.0,763.0,763.0,0.0,18.4,14.3,-543.1714383333332,0.5000364780426025,0.5000364780426025,0.0,1.0,0.5678698913621855,0.5679651777574805,0.9998784582094075,0.999878466129303,0.9998782634810016,0.9999953996856721,0.9999953935355349,0.9999939974708113,0.9999939803818825,6.306951884140657,24.698233660462076,,1055.4919495822246,False,False,False,,[]
763,763,764,True,1.0,1.0,763.0,764.0,763.0,764.0,764.0,0.0,14.3,12.0,-267.96845122395865,0.5000365376472473,0.5000365376472473,0.0,1.0,0.5679651777574805,0.5679953835812444,0.9998782634810016,0.9998782873153687,0.9998782055595806,0.9999953935355349,0.9999953890804945,0.9999939803818825,0.9999939664336561,1.99900981421317,7.82934951960013,,1006.0467583917786,False,False,False,,[]
764,764,765,True,1.0,1.0,764.0,765.0,764.0,765.0,765.0,0.0,12.0,12.8,207.405661666667,0.5000365376472473,0.5000365376472473,0.0,1.0,0.5679953835812444,0.5679403148076986,0.9998782055595806,0.9998782277107239,0.9998780973621102,0.9999953890804945,0.9999953844203967,0.9999939664336561,0.9999939562535605,-3.6435505986583077,-14.27382610306759,,925.301592388058,False,False,False,,[]
765,765,766,True,1.0,1.0,765.0,766.0,765.0,766.0,766.0,0.0,12.8,16.0,575.99022,0.5000365972518921,0.5000365972518921,0.0,1.0,0.5679403148076986,0.5677694100619953,0.9998780973621102,0.9998781085014343,0.9998777376453575,0.9999953844203967,0.9999953737472596,0.9999939562535605,0.9999939234223332,-11.303427160327633,-44.29851008627254,,799.7563715477909,False,False,False,,[]
766,766,767,True,1.0,1.0,766.0,767.0,766.0,767.0,767.0,0.0,16.0,19.1,561.403786666667,0.5000366568565369,0.5000366568565369,0.0,1.0,0.5677694100619953,0.5676215690681116,0.9998777376453575,0.9998777508735657,0.9998774234736703,0.9999953737472596,0.9999953637008349,0.9999939234223332,0.9999939130624993,-9.77813708476613,-38.3203856146688,,833.5664393700326,False,False,False,,[]
767,767,768,True,1.0,1.0,767.0,768.0,767.0,768.0,768.0,0.0,19.1,22.4,593.0079529427076,0.5000367760658264,0.5000367760658264,0.0,1.0,0.5676215690681116,0.5674410943556393,0.9998774234736703,0.9998774528503418,0.999877045186905,0.9999953637008349,0.9999953551794732,0.9999939130624993,0.9999938994636763,-11.934703040633165,-46.779045472811916,,806.1762298842146,False,False,False,,[]
768,768,769,True,1.0,1.0,768.0,769.0,768.0,769.0,769.0,0.0,22.4,25.6,578.7930200000008,0.500036895275116,0.500036895275116,0.0,1.0,0.5674410943556393,0.5672373925790805,0.999877045186905,0.9998770356178284,0.9998766226714473,0.9999953551794732,0.9999953420704006,0.9999938994636763,0.9999938882422593,-13.468879160380057,-52.79950048403286,,787.2256503536336,False,False,False,,[]
769,769,770,True,1.0,1.0,769.0,770.0,769.0,770.0,770.0,0.0,25.6,30.1,779.627853333333,0.5000370144844055,0.5000370144844055,0.0,1.0,0.5672373925790805,0.566914551628169,0.9998766226714473,0.9998766183853149,0.9998759945961228,0.9999953420704006,0.9999953248995402,0.9999938882422593,0.9999938626808575,-21.336922638141477,-83.68037447626322,,700.093447159818,False,False,False,,[]
770,770,771,True,1.0,1.0,770.0,771.0,770.0,771.0,771.0,0.0,30.1,35.3,889.1626456510418,0.5000371932983398,0.5000371932983398,0.0,1.0,0.566914551628169,0.5664835528491976,0.9998759945961228,0.9998760223388672,0.9998752169339157,0.9999953248995402,0.9999953022287301,0.9999938626808575,0.9999938294921559,-28.472092184091316,-111.71488350938368,,639.1309816939913,False,False,False,,[]
771,771,772,True,1.0,1.0,771.0,772.0,771.0,772.0,772.0,0.0,35.3,39.9,799.8783612760412,0.500037431716919,0.500037431716919,0.0,1.0,0.5664835528491976,0.5660530166573103,0.9998752169339157,0.9998751878738403,0.999874439825238,0.9999953022287301,0.9999952830520661,0.9999938294921559,0.9999938051967306,-28.436958443437092,-111.59498093717038,,644.4465164338493,False,False,False,,[]
772,772,773,True,1.0,1.0,772.0,773.0,772.0,773.0,773.0,0.0,39.9,44.5,802.747515442709,0.500037670135498,0.500037670135498,0.0,1.0,0.5660530166573103,0.565573579380814,0.999874439825238,0.9998744130134583,0.9998736086606762,0.9999952830520661,0.9999952665597718,0.9999938051967306,0.9999937778311968,-31.656995777871,-124.27014206785944,,622.50548015528,False,False,False,,[]
773,773,774,True,1.0,1.0,773.0,774.0,773.0,774.0,774.0,0.0,44.5,47.5,560.3543498177088,0.5000379085540771,0.5000379085540771,0.0,1.0,0.565573579380814,0.5652005093570874,0.9998736086606762,0.9998736381530762,0.999872906242993,0.9999952665597718,0.9999952502929198,0.9999937778311968,0.9999937528441964,-24.637579995195072,-96.6997501499126,,673.5976976042624,False,False,False,,[]
774,774,775,True,1.0,1.0,774.0,775.0,774.0,775.0,775.0,0.0,47.5,50.9,624.0469019010408,0.5000381469726562,0.5000381469726562,0.0,1.0,0.5652005093570874,0.5647609514426896,0.999872906242993,0.9998729228973389,0.9998721184814109,0.9999952502929198,0.9999952354091843,0.9999937528441964,0.9999937230812673,-29.018737616566288,-113.9334114119144,,639.8031506106777,False,False,False,,[]
775,775,776,True,1.0,1.0,775.0,776.0,775.0,776.0,776.0,0.0,50.9,54.1,596.1201664843762,0.5000383853912354,0.5000383853912354,0.0,1.0,0.5647609514426896,0.5643128216774601,0.9998721184814109,0.9998721480369568,0.9998713208787963,0.9999952354091843,0.9999952202378796,0.9999937230812673,0.9999936927433163,-29.579395426594477,-116.15523514746982,,635.5665793943642,False,False,False,,[]
776,776,777,True,1.0,1.0,776.0,777.0,776.0,777.0,777.0,0.0,54.1,56.3,445.3987081510405,0.5000386238098145,0.5000386238098145,0.0,1.0,0.5643128216774601,0.5639566473421185,0.9998713208787963,0.9998713135719299,0.9998706425662518,0.9999952202378796,0.999995204545919,0.9999936927433163,0.9999936689101934,-23.513054495731325,-92.32038772055724,,683.2791537783356,False,False,False,,[]
777,777,778,True,1.0,1.0,777.0,778.0,777.0,778.0,778.0,0.0,56.3,58.1,386.0098873177094,0.5000388026237488,0.5000388026237488,0.0,1.0,0.5639566473421185,0.5636338910206641,0.9998706425662518,0.9998706579208374,0.9998700146228592,0.999995204545919,0.999995187952287,0.9999936689101934,0.9999936475065737,-21.306919524702668,-83.65843852097731,,702.4702093770154,False,False,False,,[]
778,778,779,True,1.0,1.0,778.0,779.0,778.0,779.0,779.0,0.0,58.1,59.8,372.36701023437456,0.5000389814376831,0.5000389814376831,0.0,1.0,0.5636338910206641,0.5633121214019259,0.9998700146228592,0.9998700022697449,0.9998693882192752,0.999995187952287,0.9999951707221381,0.9999936475065737,0.9999936262277499,-21.239945059019096,-83.40268517694616,,702.7807170966454,False,False,False,,[]
779,779,780,True,1.0,1.0,779.0,780.0,779.0,780.0,780.0,0.0,59.8,61.1,312.62609760416655,0.5000391602516174,0.5000391602516174,0.0,1.0,0.5633121214019259,0.5630357075976862,0.9998693882192752,0.9998694062232971,0.9998688356854489,0.9999951707221381,0.9999951563113576,0.9999936262277499,0.9999936079948322,-18.24704330138043,-71.64645805892454,,732.9707700461389,False,False,False,,[]
780,780,781,True,1.0,1.0,780.0,781.0,780.0,781.0,781.0,0.0,61.1,62.1,267.87720815104217,0.5000393390655518,0.5000393390655518,0.0,1.0,0.5630357075976862,0.562796171402556,0.9998688356854489,0.9998688101768494,0.999868347417381,0.9999951563113576,0.9999951444006944,0.9999936079948322,0.9999935930671583,-15.813431557869341,-62.0877817777497,,760.3398584834429,False,False,False,,[]
781,781,782,True,1.0,1.0,781.0,782.0,781.0,782.0,782.0,0.0,62.1,62.8,222.84656231770748,0.5000395178794861,0.5000395178794861,0.0,1.0,0.562796171402556,0.5625858621059348,0.999868347417381,0.9998683333396912,0.9998679125455344,0.9999951444006944,0.9999951318418127,0.9999935930671583,0.9999935755357628,-13.884579892322519,-54.512169684239744,,778.8848926366486,False,False,False,,[]
782,782,783,True,1.0,1.0,782.0,783.0,782.0,783.0,783.0,0.0,62.8,63.3,192.87006375000024,0.5000396370887756,0.5000396370887756,0.0,1.0,0.5625858621059348,0.5623961770128666,0.9998679125455344,0.9998679161071777,0.9998675165753715,0.9999951318418127,0.9999951191071922,0.9999935755357628,0.9999935570580323,-12.523362232929664,-49.16637612327137,,793.3394643304915,False,False,False,,[]
783,783,784,True,1.0,1.0,783.0,784.0,783.0,784.0,784.0,0.0,63.3,63.6,162.6913508593763,0.5000397562980652,0.5000397562980652,0.0,1.0,0.5623961770128666,0.5622371723060048,0.9998675165753715,0.9998674988746643,0.9998671802213194,0.9999951191071922,0.9999951066327916,0.9999935570580323,0.9999935450357448,-10.49854629774225,-41.214020018580946,,821.6003327111431,False,False,False,,[]
784,784,785,True,1.0,1.0,784.0,785.0,784.0,785.0,785.0,0.0,63.6,64.0,178.35794708333316,0.50003981590271,0.50003981590271,0.0,1.0,0.5622371723060048,0.562057344627721,0.9998671802213194,0.9998672008514404,0.9998668031838417,0.9999951066327916,0.9999950938340857,0.9999935450357448,0.9999935267964888,-11.872510888106051,-46.61133421116633,,800.9166408174576,False,False,False,,[]
785,785,786,True,1.0,1.0,785.0,786.0,785.0,786.0,786.0,0.0,64.0,64.7,224.83378666666582,0.5000399351119995,0.5000399351119995,0.0,1.0,0.562057344627721,0.5618452528692636,0.9998668031838417,0.999866783618927,0.9998663649962818,0.9999950938340857,0.9999950811422197,0.9999935267964888,0.9999935143298132,-14.00094128605139,-54.97418379214255,,780.5980444942776,False,False,False,,[]
786,786,787,True,1.0,1.0,786.0,787.0,786.0,787.0,787.0,0.0,64.7,65.2,194.87935085937525,0.5000401139259338,0.5000401139259338,0.0,1.0,0.5618452528692636,0.5616576309329028,0.9998663649962818,0.9998663663864136,0.9998659729709193,0.9999950811422197,0.9999950680230433,0.9999935143298132,0.9999935038799332,-12.386151529894377,-48.63160590473161,,799.7482207158168,False,False,False,,[]
787,787,788,True,1.0,1.0,787.0,788.0,787.0,788.0,788.0,0.0,65.2,65.3,134.01473041666713,0.5000402331352234,0.5000402331352234,0.0,1.0,0.5616576309329028,0.561514701603746,0.9998659729709193,0.9998659491539001,0.9998656686379455,0.9999950680230433,0.9999950561163029,0.9999935038799332,0.9999934884044692,-9.436828712818016,-37.04728211746002,,832.8164104808039,False,False,False,,[]
788,788,789,True,1.0,1.0,788.0,789.0,788.0,789.0,789.0,0.0,65.3,65.3,118.77213731770836,0.5000402927398682,0.5000402927398682,0.0,1.0,0.561514701603746,0.561384752542808,0.9998656686379455,0.9998656511306763,0.9998653939129305,0.9999950561163029,0.9999950449241787,0.9999934884044692,0.9999934730196292,-8.580150269370051,-33.6827965951342,,844.5956455384381,False,False,False,,[]
789,789,790,True,1.0,1.0,789.0,790.0,789.0,790.0,790.0,0.0,65.3,65.4,134.12297065104212,0.5000403523445129,0.5000403523445129,0.0,1.0,0.561384752542808,0.5612413866500472,0.9998653939129305,0.9998654127120972,0.9998650887035316,0.9999950449241787,0.9999950329946258,0.9999934730196292,0.9999934574248295,-9.465659466595826,-37.16043940357849,,832.3544946978678,False,False,False,,[]
790,790,791,True,1.0,1.0,790.0,791.0,790.0,791.0,791.0,0.0,65.4,65.7,164.93304343749938,0.5000404715538025,0.5000404715538025,0.0,1.0,0.5612413866500472,0.5610757773667617,0.9998650887035316,0.9998651146888733,0.9998647393464399,0.9999950329946258,0.9999950200592567,0.9999934574248295,0.999993445536278,-10.93347817307428,-42.925926227605906,,816.0807650310701,False,False,False,,[]
791,791,792,True,1.0,1.0,791.0,792.0,791.0,792.0,792.0,0.0,65.7,66.0,165.25925710937437,0.500040590763092,0.500040590763092,0.0,1.0,0.5610757773667617,0.5609106327917905,0.9998647393464399,0.9998647570610046,0.9998643909012899,0.9999950200592567,0.9999950070579492,0.999993445536278,0.9999934350195412,-10.902687980625869,-42.80547383254613,,817.3225737654195,False,False,False,,[]
792,792,793,True,1.0,1.0,792.0,793.0,792.0,793.0,793.0,0.0,66.0,65.6,58.1311304166669,0.5000406503677368,0.5000406503677368,0.0,1.0,0.5609106327917905,0.5608437384923454,0.9998643909012899,0.999864399433136,0.999864257940079,0.9999950070579492,0.9999950007088156,0.9999934350195412,0.9999934263936326,-4.417617832824127,-17.33900241619278,,913.1040323400384,False,False,False,,[]
793,793,794,True,1.0,1.0,793.0,794.0,793.0,794.0,794.0,0.0,65.6,63.5,-203.26964666666603,0.5000407099723816,0.5000407099723816,0.0,1.0,0.5608437384923454,0.5609885163257304,0.999864257940079,0.9998642802238464,0.9998639498987045,0.9999950007088156,0.999994987697204,0.9999934263936326,0.9999934104394669,9.567632385099856,37.52641441340093,,1092.9056329641296,False,False,False,,[]
794,794,795,True,1.0,1.0,794.0,795.0,794.0,795.0,795.0,0.0,63.5,59.7,-466.4824730989593,0.5000408291816711,0.5000408291816711,0.0,1.0,0.5609885163257304,0.5613253907864002,0.9998639498987045,0.9998639225959778,0.9998633002494577,0.999994987697204,0.999994969082661,0.9999934104394669,0.9999933890271563,22.278652100241388,87.31786020561572,,1301.8844609486239,False,False,False,,[]
795,795,796,True,1.0,1.0,795.0,796.0,795.0,796.0,796.0,0.0,59.7,54.6,-669.9263522656247,0.5000410079956055,0.5000410079956055,0.0,1.0,0.5613253907864002,0.5617738311463023,0.9998633002494577,0.99986332654953,0.9998625022954416,0.999994969082661,0.9999949514747066,0.9999933890271563,0.9999933519134653,29.673424835937716,116.23574128661161,,1457.5630084811753,False,False,False,,[]
796,796,797,True,1.0,1.0,796.0,797.0,796.0,797.0,797.0,0.0,54.6,49.3,-705.4629982291673,0.5000412464141846,0.5000412464141846,0.0,1.0,0.5617738311463023,0.5622029119276182,0.9998625022954416,0.9998624920845032,0.9998617269334227,0.9999949514747066,0.99999493451287,0.9999933519134653,0.999993316387128,28.39770466864086,111.21773851706688,,1426.648317858942,False,False,False,,[]
797,797,798,True,1.0,1.0,797.0,798.0,797.0,798.0,798.0,0.0,49.3,44.9,-571.872904348958,0.5000414848327637,0.5000414848327637,0.0,1.0,0.5622029119276182,0.5625153777269714,0.9998617269334227,0.9998617172241211,0.9998611151931821,0.99999493451287,0.9999949189031523,0.999993316387128,0.999993290276888,20.677029261384092,80.99113519234936,,1265.1370766470498,False,False,False,,[]
798,798,799,True,1.0,1.0,798.0,799.0,798.0,799.0,799.0,0.0,44.9,42.3,-298.9957137239589,0.500041663646698,0.500041663646698,0.0,1.0,0.5625153777269714,0.5626642646170481,0.9998611151931821,0.9998611211776733,0.9998607989326165,0.9999949189031523,0.9999949086403922,0.999993290276888,0.999993277806738,9.849058097548122,38.59148190788034,,1104.3962876909102,False,False,False,,[]
799,799,800,True,1.0,1.0,799.0,800.0,799.0,800.0,800.0,0.0,42.3,41.4,-39.91202414062402,0.5000417232513428,0.5000417232513428,0.0,1.0,0.5626642646170481,0.5626793363888196,0.9998607989326165,0.9998608231544495,0.9998607704563508,0.9999949086403922,0.9999949055263309,0.999993277806738,0.9999932732934552,0.996696882211001,3.9066032431882776,,1004.618029276097,False,False,False,,[]
800,800,801,True,1.0,1.0,800.0,801.0,800.0,801.0,801.0,0.0,41.4,41.3,82.26983510416625,0.5000417828559875,0.5000417828559875,0.0,1.0,0.5626793363888196,0.5626144892241093,0.9998607704563508,0.9998607635498047,0.9998606418219564,0.9999949055263309,0.9999948998292648,0.9999932732934552,0.9999932626698232,-4.287437697893951,-16.808385092927423,,914.0506291038647,False,False,False,,[]
801,801,802,True,1.0,1.0,801.0,802.0,801.0,802.0,802.0,0.0,41.3,42.1,220.35874148437557,0.5000417828559875,0.5000417828559875,0.0,1.0,0.5626144892241093,0.5624688822882451,0.9998606418219564,0.9998606443405151,0.999860332119459,0.9999948998292648,0.9999948894951948,0.9999932626698232,0.9999932474912742,-9.624516857345675,-37.74131777599759,,831.8846030146165,False,False,False,,[]
802,802,803,True,1.0,1.0,802.0,803.0,802.0,803.0,803.0,0.0,42.1,44.7,497.22713523437557,0.5000419020652771,0.5000419020652771,0.0,1.0,0.5624688822882451,0.5621560774821728,0.999860332119459,0.9998603463172913,0.9998597198403785,0.9999948894951948,0.9999948723420142,0.9999932474912742,0.9999932300590268,-20.664597466628248,-81.07900573395821,,709.9156046598555,False,False,False,,[]
803,803,804,True,1.0,1.0,803.0,804.0,803.0,804.0,804.0,0.0,44.7,48.4,667.9581529427069,0.5000420808792114,0.5000420808792114,0.0,1.0,0.5621560774821728,0.5617113211543232,0.9998597198403785,0.9998596906661987,0.9998589260778127,0.9999948723420142,0.9999948572689356,0.9999932300590268,0.9999932002305866,-29.36633544839521,-115.2808401786063,,637.3347767575834,False,False,False,,[]
804,804,805,True,1.0,1.0,804.0,805.0,804.0,805.0,805.0,0.0,48.4,51.4,563.3594470833336,0.5000423192977905,0.5000423192977905,0.0,1.0,0.5617113211543232,0.5613087851611629,0.9998589260778127,0.9998589158058167,0.9998581839158559,0.9999948572689356,0.9999948435218875,0.9999932002305866,0.999993172980001,-26.57795701873768,-104.33732942715783,,658.8701149570695,False,False,False,,[]
805,805,806,True,1.0,1.0,805.0,806.0,805.0,806.0,806.0,0.0,51.4,52.7,304.8785851041675,0.5000425577163696,0.5000425577163696,0.0,1.0,0.5613087851611629,0.5610741536790363,0.9998581839158559,0.9998582005500793,0.9998577044613538,0.9999948435218875,0.9999948321366754,0.999993172980001,0.999993154379566,-15.497947628578276,-60.81648016718998,,761.8684363584333,False,False,False,,[]
806,806,807,True,1.0,1.0,806.0,807.0,806.0,807.0,807.0,0.0,52.7,53.0,152.49271544270772,0.5000426769256592,0.5000426769256592,0.0,1.0,0.5610741536790363,0.5609454588534132,0.9998577044613538,0.9998577237129211,0.9998574327215383,0.9999948321366754,0.999994821781499,0.999993154379566,0.9999931417357497,-8.502915525082642,-33.35769880152384,,848.2715365502432,False,False,False,,[]
807,807,808,True,1.0,1.0,807.0,808.0,807.0,808.0,808.0,0.0,53.0,52.5,29.94906010416646,0.5000427961349487,0.5000427961349487,0.0,1.0,0.5609454588534132,0.5609173501056315,0.9998574327215383,0.9998574256896973,0.9998573789318451,0.999994821781499,0.9999948188722562,0.9999931417357497,0.9999931381590575,-1.8577195952563337,-7.285787425007951,,961.5628222634368,False,False,False,,[]
808,808,809,True,1.0,1.0,808.0,809.0,808.0,809.0,809.0,0.0,52.5,51.3,-77.94429601562534,0.5000427961349487,0.5000427961349487,0.0,1.0,0.5609173501056315,0.5609578073370804,0.9998573789318451,0.9998573660850525,0.9998573005708291,0.9999948188722562,0.9999948121522786,0.9999931381590575,0.9999931311962934,2.6744944017104375,10.486514391579528,,1019.3039742881391,False,False,False,,[]
809,809,810,True,1.0,1.0,809.0,810.0,809.0,810.0,810.0,0.0,51.3,49.7,-140.38076372395747,0.5000427961349487,0.5000427961349487,0.0,1.0,0.5609578073370804,0.5610286717306554,0.9998573005708291,0.9998573064804077,0.9998571591704266,0.9999948121522786,0.9999948025330034,0.9999931311962934,0.9999931164478003,4.685357835311035,18.368050814626347,,1033.4385421101522,False,False,False,,[]
810,810,811,True,1.0,1.0,810.0,811.0,810.0,811.0,811.0,0.0,49.7,47.4,-249.1769512239586,0.5000428557395935,0.5000428557395935,0.0,1.0,0.5610286717306554,0.5611646511663264,0.9998571591704266,0.9998571872711182,0.9998568699956978,0.9999948025330034,0.9999947918768705,0.9999931164478003,0.9999931034218906,8.993098942343634,35.24586972593438,,1090.964535862544,False,False,False,,[]
811,811,812,True,1.0,1.0,811.0,812.0,811.0,812.0,812.0,0.0,47.4,43.7,-465.9409773958329,0.5000429153442383,0.5000429153442383,0.0,1.0,0.5611646511663264,0.5614079780044066,0.9998568699956978,0.9998568892478943,0.9998563749577344,0.9999947918768705,0.9999947754774473,0.9999931034218906,0.9999930839861696,16.0996502408348,63.07031643038202,,1187.6313856962915,False,False,False,,[]
812,812,813,True,1.0,1.0,812.0,813.0,812.0,813.0,813.0,0.0,43.7,39.7,-514.7892272656248,0.5000430941581726,0.5000430941581726,0.0,1.0,0.5614079780044066,0.5616549536749381,0.9998563749577344,0.9998563528060913,0.9998558734378454,0.9999947754774473,0.9999947578686641,0.9999930839861696,0.9999930666452032,16.343600833505185,64.01609380179157,,1193.137927770455,False,False,False,,[]
813,813,814,True,1.0,1.0,813.0,814.0,813.0,814.0,814.0,0.0,39.7,35.5,-548.2578626822924,0.5000432133674622,0.5000432133674622,0.0,1.0,0.5616549536749381,0.5618922582844247,0.9998558734378454,0.9998558759689331,0.9998553891723272,0.9999947578686641,0.9999947411303095,0.9999930666452032,0.9999930499926664,15.705346225739516,61.5093547789196,,1184.1146280652792,False,False,False,,[]
814,814,815,True,1.0,1.0,814.0,815.0,814.0,815.0,815.0,0.0,35.5,31.1,-581.579191848958,0.5000433921813965,0.5000433921813965,0.0,1.0,0.5618922582844247,0.5621076310577919,0.9998553891723272,0.9998553991317749,0.9998549449011833,0.9999947411303095,0.9999947260620246,0.9999930499926664,0.9999930241322725,14.25474803882286,55.82462285678316,,1149.4477216697694,False,False,False,,[]
815,815,816,True,1.0,1.0,815.0,816.0,815.0,816.0,816.0,0.0,31.1,26.3,-645.4130783072922,0.500043511390686,0.500043511390686,0.0,1.0,0.5621076310577919,0.5623164090596319,0.9998549449011833,0.9998549222946167,0.9998545128838223,0.9999947260620246,0.9999947096313155,0.9999930241322725,0.999993005260104,13.819618975881047,54.115258076904176,,1149.786595542967,False,False,False,,[]
816,816,817,True,1.0,1.0,816.0,817.0,816.0,817.0,817.0,0.0,26.3,21.9,-586.2949824739584,0.5000436305999756,0.5000436305999756,0.0,1.0,0.5623164090596319,0.5624776083243525,0.9998545128838223,0.9998545050621033,0.9998541721990956,0.9999947096313155,0.999994696619001,0.999993005260104,0.9999929938460337,10.669847698262862,41.782849415560285,,1114.459948255191,False,False,False,,[]
817,817,818,True,1.0,1.0,817.0,818.0,817.0,818.0,818.0,0.0,21.9,18.0,-511.29986476562493,0.5000437498092651,0.5000437498092651,0.0,1.0,0.5624776083243525,0.5625961578395866,0.9998541721990956,0.9998541474342346,0.9998539243532323,0.999994696619001,0.9999946895549306,0.9999929938460337,0.9999929856060604,7.846486386210934,30.728034348704394,,1085.1411340750349,False,False,False,,[]
818,818,819,True,1.0,1.0,818.0,819.0,818.0,819.0,819.0,0.0,18.0,17.0,-67.41636958333328,0.5000438094139099,0.5000438094139099,0.0,1.0,0.5625961578395866,0.5626053958909818,0.9998539243532323,0.9998539090156555,0.9998539069983925,0.9999946895549306,0.9999946864551035,0.9999929856060604,0.9999929817157989,0.6112739838081283,2.394502921643585,,1000.5127414554439,False,False,False,,[]
819,819,820,True,1.0,1.0,819.0,820.0,819.0,820.0,820.0,0.0,17.0,18.0,239.30999760416665,0.5000438094139099,0.5000438094139099,0.0,1.0,0.5626053958909818,0.5625392283515268,0.9998539069983925,0.9998539090156555,0.9998537755751833,0.9999946864551035,0.9999946821134428,0.9999929817157989,0.9999929745284935,-4.3772942160414,-17.15062622672063,,916.7257120992166,False,False,False,,[]
820,820,821,True,1.0,1.0,820.0,821.0,820.0,821.0,821.0,0.0,18.0,21.4,608.0202970833329,0.5000438690185547,0.5000438690185547,0.0,1.0,0.5625392283515268,0.5623672212033345,0.9998537755751833,0.999853789806366,0.9998534137092465,0.9999946821134428,0.9999946738183577,0.9999929745284935,0.9999929648525923,-11.375118568415632,-44.58425281146014,,815.5511058696825,False,False,False,,[]
821,821,822,True,1.0,1.0,821.0,822.0,821.0,822.0,822.0,0.0,21.4,24.8,609.1313976041673,0.5000439882278442,0.5000439882278442,0.0,1.0,0.5623672212033345,0.562160438148823,0.9998534137092465,0.9998534321784973,0.9998529854189325,0.9999946738183577,0.9999946608976932,0.9999929648525923,0.9999929525936315,-13.672588821062647,-53.59816772937162,,784.4418748776758,False,False,False,,[]
822,822,823,True,1.0,1.0,822.0,823.0,822.0,823.0,823.0,0.0,24.8,27.9,564.381761666666,0.5000441074371338,0.5000441074371338,0.0,1.0,0.562160438148823,0.5619366314598921,0.9998529854189325,0.9998530149459839,0.999852525628408,0.9999946608976932,0.9999946485837353,0.9999929525936315,0.9999929332114224,-14.796320755328322,-58.01069377089023,,768.3548987800094,False,False,False,,[]
823,823,824,True,1.0,1.0,823.0,824.0,823.0,824.0,824.0,0.0,27.9,30.8,535.0351300260421,0.5000442266464233,0.5000442266464233,0.0,1.0,0.5619366314598921,0.56170687585931,0.999852525628408,0.9998525381088257,0.9998520549953986,0.9999946485837353,0.9999946342248754,0.9999929332114224,0.9999929205262255,-15.188135567380007,-59.552651670884416,,766.9517671649648,False,False,False,,[]
824,824,825,True,1.0,1.0,824.0,825.0,824.0,825.0,825.0,0.0,30.8,33.0,428.9912304166665,0.5000444054603577,0.5000444054603577,0.0,1.0,0.56170687585931,0.5615047816756156,0.9998520549953986,0.9998520612716675,0.9998516355016119,0.9999946342248754,0.999994623318012,0.9999929205262255,0.9999929057448778,-13.359666838632858,-52.38281241360706,,787.5679107092457,False,False,False,,[]
825,825,826,True,1.0,1.0,825.0,826.0,825.0,826.0,826.0,0.0,33.0,35.1,414.8045809375004,0.5000445246696472,0.5000445246696472,0.0,1.0,0.5615047816756156,0.5612857846999075,0.9998516355016119,0.999851644039154,0.9998511845404738,0.999994623318012,0.9999946056345833,0.9999929057448778,0.9999928885456765,-14.475328934797849,-56.764016103521215,,769.837330266611,False,False,False,,[]
826,826,827,True,1.0,1.0,826.0,827.0,826.0,827.0,827.0,0.0,35.1,37.1,400.63991127604163,0.5000446438789368,0.5000446438789368,0.0,1.0,0.5612857846999075,0.5610697808351521,0.9998511845404738,0.9998511672019958,0.999850739102119,0.9999946056345833,0.9999945890309817,0.9999928885456765,0.9999928768623138,-14.276612595915395,-55.98820174458663,,775.8947113163592,False,False,False,,[]
827,827,828,True,1.0,1.0,827.0,828.0,827.0,828.0,828.0,0.0,37.1,38.9,371.13593731770834,0.5000447630882263,0.5000447630882263,0.0,1.0,0.5610697808351521,0.5608670741502081,0.999850739102119,0.9998507499694824,0.9998503184563541,0.9999945890309817,0.9999945792106293,0.9999928768623138,0.9999928654697111,-13.397399559512758,-52.541572737497646,,789.8992633344355,False,False,False,,[]
828,828,829,True,1.0,1.0,828.0,829.0,828.0,829.0,829.0,0.0,38.9,41.4,479.7264269010418,0.5000448822975159,0.5000448822975159,0.0,1.0,0.5608670741502081,0.5605880026002805,0.9998503184563541,0.999850332736969,0.9998497614321119,0.9999945792106293,0.9999945639674604,0.9999928654697111,0.9999928499105767,-18.438997097208297,-72.33534574121981,,732.2915728278152,False,False,False,,[]
829,829,830,True,1.0,1.0,829.0,830.0,829.0,830.0,830.0,0.0,41.4,44.0,496.7423351041663,0.5000450611114502,0.5000450611114502,0.0,1.0,0.5605880026002805,0.5602801000932109,0.9998497614321119,0.9998497366905212,0.999849156978228,0.9999945639674604,0.9999945467432562,0.9999928499105767,0.9999928327763253,-20.340225886161026,-79.80832983243376,,712.9075869768427,False,False,False,,[]
830,830,831,True,1.0,1.0,830.0,831.0,830.0,831.0,831.0,0.0,44.0,46.3,452.53149500000023,0.5000452399253845,0.5000452399253845,0.0,1.0,0.5602801000932109,0.5599816354210301,0.999849156978228,0.9998491406440735,0.999848567787977,0.9999945467432562,0.9999945302354134,0.9999928327763253,0.9999928143241045,-19.71534362259549,-77.36204302928275,,718.2134384380307,False,False,False,,[]
831,831,832,True,1.0,1.0,831.0,832.0,831.0,832.0,832.0,0.0,46.3,47.7,316.0966321093752,0.5000454187393188,0.5000454187393188,0.0,1.0,0.5599816354210301,0.5597677767002959,0.999848567787977,0.9998485445976257,0.9998481263209706,0.9999945302354134,0.9999945198532658,0.9999928143241045,0.9999928021220866,-14.129053600543877,-55.4321804143166,,780.8903104534107,False,False,False,,[]
832,832,833,True,1.0,1.0,832.0,833.0,832.0,833.0,833.0,0.0,47.7,48.2,179.0306581510419,0.5000455379486084,0.5000455379486084,0.0,1.0,0.5597677767002959,0.5596327037590959,0.9998481263209706,0.9998481273651123,0.9998478393286148,0.9999945198532658,0.9999945095445172,0.9999928021220866,0.9999927894683363,-8.92561151427246,-35.01090635903977,,842.6483361369418,False,False,False,,[]
833,833,834,True,1.0,1.0,833.0,834.0,833.0,834.0,834.0,0.0,48.2,48.7,179.42836843750027,0.500045657157898,0.500045657157898,0.0,1.0,0.5596327037590959,0.5594950165471225,0.9998478393286148,0.9998478293418884,0.9998475460325283,0.9999945095445172,0.9999944991220652,0.9999927894683363,0.9999927758948561,-9.098097787657197,-35.68852534349554,,839.6215722249317,False,False,False,,[]
834,834,835,True,1.0,1.0,834.0,835.0,834.0,835.0,835.0,0.0,48.7,49.3,195.18105919270704,0.5000457167625427,0.5000457167625427,0.0,1.0,0.5594950165471225,0.5593458317269859,0.9998475460325283,0.9998475313186646,0.9998472291773328,0.9999944991220652,0.9999944883936686,0.9999927758948561,0.9999927620412751,-9.857268351965647,-38.66870537940082,,829.5641275849639,False,False,False,,[]
835,835,836,True,1.0,1.0,835.0,836.0,835.0,836.0,836.0,0.0,49.3,49.8,180.31792898437524,0.5000458359718323,0.5000458359718323,0.0,1.0,0.5593458317269859,0.5592076286668555,0.9998472291773328,0.9998472332954407,0.999846934633806,0.9999944883936686,0.9999944777206634,0.9999927620412751,0.9999927508690756,-9.131737541582307,-35.82223318582761,,840.6875153749133,False,False,False,,[]
836,836,837,True,1.0,1.0,836.0,837.0,836.0,837.0,837.0,0.0,49.8,50.2,165.37807677083413,0.500045895576477,0.500045895576477,0.0,1.0,0.5592076286668555,0.5590753416838955,0.999846934633806,0.9998469352722168,0.9998466543258319,0.9999944777206634,0.9999944672964363,0.9999927508690756,0.9999927374670408,-8.74081809468093,-34.28878598323272,,844.4918559265543,False,False,False,,[]
837,837,838,True,1.0,1.0,837.0,838.0,837.0,838.0,838.0,0.0,50.2,50.9,211.7623476041658,0.5000460147857666,0.5000460147857666,0.0,1.0,0.5590753416838955,0.5589048585574196,0.9998466543258319,0.9998466372489929,0.9998462954317294,0.9999944672964363,0.9999944561576464,0.9999927374670408,0.999992718274424,-11.263063007866103,-44.18922638256889,,808.6009633872565,False,False,False,,[]
838,838,839,True,1.0,1.0,838.0,839.0,838.0,839.0,839.0,0.0,50.9,51.8,243.05099981770837,0.5000461339950562,0.5000461339950562,0.0,1.0,0.5589048585574196,0.5587128364290682,0.9998462954317294,0.9998462796211243,0.9998458950046167,0.9999944561576464,0.9999944450830768,0.999992718274424,0.9999926993346044,-12.684764514774438,-49.77213566865929,,792.3432833433577,False,False,False,,[]
839,839,840,True,1.0,1.0,839.0,840.0,839.0,840.0,840.0,0.0,51.8,52.5,213.11597260416676,0.5000462532043457,0.5000462532043457,0.0,1.0,0.5587128364290682,0.5585430521258936,0.9998458950046167,0.9998459219932556,0.9998455374748684,0.9999944450830768,0.9999944335919423,0.9999926993346044,0.9999926852549904,-11.21607698144991,-44.008091382850935,,812.2764034111782,False,False,False,,[]
840,840,841,True,1.0,1.0,840.0,841.0,840.0,841.0,841.0,0.0,52.5,53.3,229.07237065104127,0.5000463128089905,0.5000463128089905,0.0,1.0,0.5585430521258936,0.5583579286884657,0.9998455374748684,0.999845564365387,0.9998451502393723,0.9999944335919423,0.9999944220097123,0.9999926852549904,0.99999266885683,-12.228419152742074,-47.98399498133493,,798.8321857084755,False,False,False,,[]
841,841,842,True,1.0,1.0,841.0,842.0,841.0,842.0,842.0,0.0,53.3,54.5,291.17773106770966,0.50004643201828,0.50004643201828,0.0,1.0,0.5583579286884657,0.5581309821821657,0.9998451502393723,0.9998451471328735,0.9998446847153747,0.9999944220097123,0.9999944108842012,0.99999266885683,0.9999926552012738,-14.988531707174163,-58.82453443295192,,770.2498847929006,False,False,False,,[]
842,842,843,True,1.0,1.0,842.0,843.0,842.0,843.0,843.0,0.0,54.5,55.7,292.2506779427087,0.5000466108322144,0.5000466108322144,0.0,1.0,0.5581309821821657,0.5578978698112826,0.9998446847153747,0.9998446702957153,0.9998442080029087,0.9999944108842012,0.9999943994352373,0.9999926552012738,0.999992640989819,-15.394622128141926,-60.42272653290536,,765.4365379032427,False,False,False,,[]
843,843,844,True,1.0,1.0,843.0,844.0,843.0,844.0,844.0,0.0,55.7,56.5,231.94417898437462,0.5000467300415039,0.5000467300415039,0.0,1.0,0.5578978698112826,0.557704028423783,0.9998442080029087,0.9998441934585571,0.999843804114806,0.9999943994352373,0.9999943873838366,0.999992640989819,0.9999926274508213,-12.80206493780079,-50.243687639917404,,793.7638129366785,False,False,False,,[]
844,844,845,True,1.0,1.0,844.0,845.0,844.0,845.0,845.0,0.0,56.5,56.8,155.9345060677077,0.5000468492507935,0.5000468492507935,0.0,1.0,0.557704028423783,0.5575638437503929,0.999843804114806,0.9998437762260437,0.9998435053004395,0.9999943873838366,0.9999943763899741,0.9999926274508213,0.9999926139314833,-9.259584149359716,-36.33586734269461,,837.1147827562304,False,False,False,,[]
845,845,846,True,1.0,1.0,845.0,846.0,845.0,846.0,846.0,0.0,56.8,57.0,140.86559499999993,0.500046968460083,0.500046968460083,0.0,1.0,0.5575638437503929,0.5574353328031674,0.9998435053004395,0.9998434782028198,0.9998432339976911,0.9999943763899741,0.9999943657694336,0.9999926139314833,0.9999926013316822,-8.488704495235874,-33.31003752085662,,848.2760239043644,False,False,False,,[]
846,846,847,True,1.0,1.0,846.0,847.0,846.0,847.0,847.0,0.0,57.0,57.2,141.05437260416755,0.5000470280647278,0.5000470280647278,0.0,1.0,0.5574353328031674,0.5573086468379786,0.9998432339976911,0.9998432397842407,0.999842967024767,0.9999943657694336,0.9999943551054018,0.9999926013316822,0.9999925907229075,-8.368140438089748,-32.83700217692392,,851.3130188054508,False,False,False,,[]
847,847,848,True,1.0,1.0,847.0,848.0,847.0,848.0,848.0,0.0,57.2,57.7,187.29631375000025,0.5000470876693726,0.5000470876693726,0.0,1.0,0.5573086468379786,0.5571431476712605,0.999842967024767,0.9998429417610168,0.9998426178837267,0.9999943551054018,0.9999943433014455,0.9999925907229075,0.9999925769172,-10.930504161243084,-42.89738401335476,,815.6454270826963,False,False,False,,[]
848,848,849,True,1.0,1.0,848.0,849.0,848.0,849.0,849.0,0.0,57.7,58.7,264.5269862760421,0.5000472068786621,0.5000472068786621,0.0,1.0,0.5571431476712605,0.5569147767179219,0.9998426178837267,0.999842643737793,0.9998421497665969,0.9999943433014455,0.9999943314160642,0.9999925769172,0.9999925591634906,-15.079572839388783,-59.19375110536862,,766.388201752164,False,False,False,,[]
849,849,850,True,1.0,1.0,849.0,850.0,849.0,850.0,850.0,0.0,58.7,60.1,326.89577273437334,0.5000473260879517,0.5000473260879517,0.0,1.0,0.5569147767179219,0.5566303112145741,0.9998421497665969,0.9998421669006348,0.9998415836892625,0.9999943314160642,0.9999943162926695,0.9999925591634906,0.9999925403408256,-18.77929846458608,-73.73345846776517,,727.2625210435065,False,False,False,,[]
850,850,851,True,1.0,1.0,850.0,851.0,850.0,851.0,851.0,0.0,60.1,61.1,266.8719425260421,0.500047504901886,0.500047504901886,0.0,1.0,0.5566303112145741,0.5563954497452526,0.9998415836892625,0.999841570854187,0.9998411038201307,0.9999943162926695,0.9999943043793165,0.9999925403408256,0.9999925258734287,-15.505936785506645,-60.87609284812578,,763.8082404032479,False,False,False,,[]
851,851,852,True,1.0,1.0,851.0,852.0,851.0,852.0,852.0,0.0,61.1,61.7,206.473874817709,0.5000476837158203,0.5000476837158203,0.0,1.0,0.5563954497452526,0.5561999447792694,0.9998411038201307,0.9998410940170288,0.9998406967737624,0.9999943043793165,0.999994291943057,0.9999925258734287,0.9999925075702215,-12.90852215876643,-50.674887182845126,,789.2977106287904,False,False,False,,[]
852,852,853,True,1.0,1.0,852.0,853.0,852.0,853.0,853.0,0.0,61.7,62.3,207.08499669270705,0.5000478029251099,0.5000478029251099,0.0,1.0,0.5561999447792694,0.5560107991599992,0.9998406967737624,0.9998406767845154,0.9998403018341673,0.999994291943057,0.9999942794493619,0.9999925075702215,0.9999924970751258,-12.488497595989138,-49.026544514840644,,798.959199338348,False,False,False,,[]
853,853,854,True,1.0,1.0,853.0,854.0,853.0,854.0,854.0,0.0,62.3,62.9,207.70209044270902,0.5000479221343994,0.5000479221343994,0.0,1.0,0.5560107991599992,0.5558169393926685,0.9998403018341673,0.9998403191566467,0.9998398979111366,0.9999942794493619,0.9999942668635681,0.9999924970751258,0.9999924840966303,-12.799208814306633,-50.248451692110145,,793.7664821221205,False,False,False,,[]
854,854,855,True,1.0,1.0,854.0,855.0,854.0,855.0,855.0,0.0,62.9,63.3,177.62348940104147,0.500048041343689,0.500048041343689,0.0,1.0,0.5558169393926685,0.5556413874016851,0.9998398979111366,0.9998399019241333,0.9998395291519894,0.9999942668635681,0.9999942542134032,0.9999924840966303,0.9999924674546947,-11.590807267455443,-45.50307606290601,,805.3345319269013,False,False,False,,[]
855,855,856,True,1.0,1.0,855.0,856.0,855.0,856.0,856.0,0.0,63.3,63.4,131.98968419270878,0.5000481605529785,0.5000481605529785,0.0,1.0,0.5556413874016851,0.5555085425878177,0.9998395291519894,0.9998395442962646,0.9998392475083526,0.9999942542134032,0.9999942427375065,0.9999924674546947,0.9999924558374768,-8.772071636223679,-34.43337575443791,,844.5216317881564,False,False,False,,[]
856,856,857,True,1.0,1.0,856.0,857.0,856.0,857.0,857.0,0.0,63.4,63.5,132.0947726041671,0.5000482201576233,0.5000482201576233,0.0,1.0,0.5555085425878177,0.5553753983295153,0.9998392475083526,0.9998392462730408,0.9998389651471633,0.9999942427375065,0.9999942312390482,0.9999924558374768,0.9999924442009481,-8.791822625911776,-34.51099175198039,,844.2271246593715,False,False,False,,[]
857,857,858,True,1.0,1.0,857.0,858.0,857.0,858.0,858.0,0.0,63.5,64.5,270.3575269010421,0.5000483393669128,0.5000483393669128,0.0,1.0,0.5553753983295153,0.5551208781864251,0.9998389651471633,0.9998389482498169,0.9998384503342077,0.9999942312390482,0.999994219256233,0.9999924442009481,0.9999924248288465,-16.800089882221595,-65.9716210889971,,747.7438574573539,False,False,False,,[]
858,858,859,True,1.0,1.0,858.0,859.0,858.0,859.0,859.0,0.0,64.5,65.8,317.4716935677062,0.5000484585762024,0.5000484585762024,0.0,1.0,0.5551208781864251,0.5548181861452536,0.9998384503342077,0.9998384714126587,0.9998378542750008,0.999994219256233,0.9999942026751646,0.9999924248288465,0.9999924057343611,-19.97565537493404,-78.4577770716651,,715.3211336027291,False,False,False,,[]
859,859,860,True,1.0,1.0,859.0,860.0,859.0,860.0,860.0,0.0,65.8,66.8,272.8241601041671,0.5000486373901367,0.5000486373901367,0.0,1.0,0.5548181861452536,0.5545545146077947,0.9998378542750008,0.9998378753662109,0.9998373235383663,0.9999942026751646,0.9999941900728088,0.9999924057343611,0.9999923878694573,-17.40143127784528,-68.34366250932858,,742.2734196037856,False,False,False,,[]
860,860,861,True,1.0,1.0,860.0,861.0,860.0,861.0,861.0,0.0,66.8,67.4,212.52064708333594,0.500048816204071,0.500048816204071,0.0,1.0,0.5545545146077947,0.5543442859157109,0.9998373235383663,0.999837338924408,0.9998368888166368,0.9999941900728088,0.9999941766364097,0.9999923878694573,0.9999923755756762,-13.875966882021086,-54.4912769881023,,781.5974168504459,False,False,False,,[]
861,861,862,True,1.0,1.0,861.0,862.0,861.0,862.0,862.0,0.0,67.4,68.8,335.9951684374983,0.5000489354133606,0.5000489354133606,0.0,1.0,0.5543442859157109,0.5540112825537816,0.9998368888166368,0.9998368620872498,0.9998362450578391,0.9999941766364097,0.9999941584316269,0.9999923755756762,0.9999923562074734,-21.970426379564202,-86.31447141209125,,696.8873116235852,False,False,False,,[]
862,862,863,True,1.0,1.0,862.0,863.0,862.0,863.0,863.0,0.0,68.8,71.1,475.7342199999983,0.5000491142272949,0.5000491142272949,0.0,1.0,0.5540112825537816,0.5535470426725511,0.9998362450578391,0.999836266040802,0.9998354297124556,0.9999941584316269,0.9999941421380121,0.9999923562074734,0.999992337080164,-30.613755166722456,-120.33097721497242,,632.4329273683214,False,False,False,,[]
863,863,864,True,1.0,1.0,863.0,864.0,863.0,864.0,864.0,0.0,71.1,72.3,309.5439008593763,0.500049352645874,0.500049352645874,0.0,1.0,0.5535470426725511,0.5532231571860388,0.9998354297124556,0.9998354315757751,0.9998348000105586,0.9999941421380121,0.9999941236936366,0.999992337080164,0.9999923184191933,-21.36479660572509,-83.95111810397881,,702.2664134098665,False,False,False,,[]
864,864,865,True,1.0,1.0,864.0,865.0,864.0,865.0,865.0,0.0,72.3,72.8,203.5153456510419,0.5000495910644531,0.5000495910644531,0.0,1.0,0.5532231571860388,0.5530043042967222,0.9998348000105586,0.9998347759246826,0.9998343493147898,0.9999941236936366,0.9999941090711605,0.9999923184191933,0.9999923054841358,-14.440158966121755,-56.72666891086003,,774.3054480744972,False,False,False,,[]
865,865,866,True,1.0,1.0,865.0,866.0,865.0,866.0,866.0,0.0,72.8,73.4,219.46792833333404,0.5000497102737427,0.5000497102737427,0.0,1.0,0.5530043042967222,0.5527677320112566,0.9998343493147898,0.9998343586921692,0.9998338663655,0.9999941090711605,0.999994094550232,0.9999923054841358,0.9999922909626369,-15.608030875331387,-61.319536392673974,,761.0873443575128,False,False,False,,[]
866,866,867,True,1.0,1.0,866.0,867.0,866.0,867.0,867.0,0.0,73.4,74.6,312.30050177083274,0.5000498294830322,0.5000498294830322,0.0,1.0,0.5527677320112566,0.5524318758699543,0.9998338663655,0.999833881855011,0.9998332182612603,0.999994094550232,0.9999940753446549,0.9999922909626369,0.9999922729982037,-22.150687462848285,-87.0539118255553,,695.4893323716093,False,False,False,,[]
867,867,868,True,1.0,1.0,867.0,868.0,867.0,868.0,868.0,0.0,74.6,76.0,344.4752309375002,0.5000500082969666,0.5000500082969666,0.0,1.0,0.5524318758699543,0.5520631278063012,0.9998332182612603,0.9998332262039185,0.9998325219202546,0.9999940753446549,0.9999940577961787,0.9999922729982037,0.9999922565314692,-24.31566350467555,-95.57949809891306,,679.1644816783293,False,False,False,,[]
868,868,869,True,1.0,1.0,868.0,869.0,868.0,869.0,869.0,0.0,76.0,76.6,223.41732833333202,0.5000502467155457,0.5000502467155457,0.0,1.0,0.5520631278063012,0.5518113753505199,0.9998325219202546,0.9998325109481812,0.9998320119666456,0.9999940577961787,0.9999940427265185,0.9999922565314692,0.9999922403555767,-16.605532115821006,-65.25423653849958,,749.6289134201394,False,False,False,,[]
869,869,870,True,1.0,1.0,869.0,870.0,869.0,870.0,870.0,0.0,76.6,76.5,116.72091843750155,0.5000503659248352,0.5000503659248352,0.0,1.0,0.5518113753505199,0.5516702010981412,0.9998320119666456,0.999832034111023,0.999831711160859,0.9999940427265185,0.9999940297347267,0.9999922403555767,0.9999922296743341,-9.314752006753602,-36.59236621656749,,836.8706003074166,False,False,False,,[]
870,870,871,True,1.0,1.0,870.0,871.0,870.0,871.0,871.0,0.0,76.5,76.2,85.89226648437567,0.5000504851341248,0.5000504851341248,0.0,1.0,0.5516702010981412,0.5515638325720168,0.999831711160859,0.9998317360877991,0.9998314914154226,0.9999940297347267,0.9999940197841941,0.9999922296743341,0.9999922199795104,-7.019122371392182,-27.570721971451643,,871.0889215073868,False,False,False,,[]
871,871,872,True,1.0,1.0,871.0,872.0,871.0,872.0,872.0,0.0,76.2,75.8,70.16147260416494,0.5000505447387695,0.5000505447387695,0.0,1.0,0.5515638325720168,0.5514763816702511,0.9998314914154226,0.99983149766922,0.9998313140643806,0.9999940197841941,0.9999940117353224,0.9999922199795104,0.999992211256411,-5.771283112422596,-22.66727373764862,,891.2989795547184,False,False,False,,[]
872,872,873,True,1.0,1.0,872.0,873.0,872.0,873.0,873.0,0.0,75.8,75.4,69.65718093750219,0.5000506043434143,0.5000506043434143,0.0,1.0,0.5514763816702511,0.5513899347431412,0.9998313140643806,0.9998313188552856,0.9998311389215084,0.9999940117353224,0.9999940037554331,0.999992211256411,0.9999922026117849,-5.705250208574492,-22.407043506895494,,892.3904467469456,False,False,False,,[]
873,873,874,True,1.0,1.0,873.0,874.0,873.0,874.0,874.0,0.0,75.4,74.8,38.45387677083075,0.5000506639480591,0.5000506639480591,0.0,1.0,0.5513899347431412,0.5513444910836452,0.9998311389215084,0.9998311400413513,0.9998310504719415,0.9999940037554331,0.9999940017554676,0.9999922026117849,0.9999921969635999,-2.9996462976467013,-11.778996541357673,,941.6756546318813,False,False,False,,[]
874,874,875,True,1.0,1.0,874.0,875.0,874.0,875.0,875.0,0.0,74.8,73.9,-8.34610291666471,0.5000506639480591,0.5000506639480591,0.0,1.0,0.5513444910836452,0.5513509727618908,0.9998310504719415,0.9998310208320618,0.9998310383280846,0.9999940017554676,0.9999940013257262,0.9999921969635999,0.9999921955285072,0.42793521672747137,1.6800510012527163,,1003.4140747361886,False,False,False,,[]
875,875,876,True,1.0,1.0,875.0,876.0,875.0,876.0,876.0,0.0,73.9,72.7,-55.508625182291,0.5000506639480591,0.5000506639480591,0.0,1.0,0.5513509727618908,0.551395122539977,0.9998310383280846,0.9998310208320618,0.9998309525055721,0.9999940013257262,0.9999939985079476,0.9999921955285072,0.9999921881891086,2.9154552386152512,11.443622479950752,,1026.0728703734994,False,False,False,,[]
876,876,877,True,1.0,1.0,876.0,877.0,876.0,877.0,877.0,0.0,72.7,71.3,-87.66941997396049,0.5000507235527039,0.5000507235527039,0.0,1.0,0.551395122539977,0.55145979539871,0.9998309525055721,0.999830961227417,0.9998308242388143,0.9999939985079476,0.9999939884880267,0.9999921881891086,0.9999921786372243,4.271393786819341,16.763204983591102,,1033.3507525669927,False,False,False,,[]
877,877,878,True,1.0,1.0,877.0,878.0,877.0,878.0,878.0,0.0,71.3,70.4,-12.58737830728971,0.5000507235527039,0.5000507235527039,0.0,1.0,0.55145979539871,0.5514691415081254,0.9998308242388143,0.9998308420181274,0.9998308066791178,0.9999939884880267,0.9999939878704119,0.9999921786372243,0.9999921766165341,0.6172296415167318,2.422511560460576,,1004.9764774429526,False,False,False,,[]
878,878,879,True,1.0,1.0,878.0,879.0,878.0,879.0,879.0,0.0,70.4,70.0,63.10901999999829,0.5000507831573486,0.5000507831573486,0.0,1.0,0.5514691415081254,0.5513951476148273,0.9998308066791178,0.9998307824134827,0.9998306585815121,0.9999939878704119,0.9999939808048617,0.9999921766165341,0.9999921687577509,-4.88573785661747,-19.17921714286583,,906.0203342670059,False,False,False,,[]
879,879,880,True,1.0,1.0,879.0,880.0,879.0,880.0,880.0,0.0,70.0,70.0,124.04654708333334,0.5000507831573486,0.5000507831573486,0.0,1.0,0.5513951476148273,0.5512583285664039,0.9998306585815121,0.9998306632041931,0.9998303673821745,0.9999939808048617,0.9999939685189186,0.9999921687577509,0.9999921581924188,-9.032486830579066,-35.46349735136155,,841.1912815354367,False,False,False,,[]
880,880,881,True,1.0,1.0,880.0,881.0,880.0,881.0,881.0,0.0,70.0,69.0,-29.461786249998468,0.5000509023666382,0.5000509023666382,0.0,1.0,0.5512583285664039,0.5512800507490804,0.9998303673821745,0.9998303651809692,0.9998303260728914,0.9999939685189186,0.9999939671008851,0.9999921581924188,0.9999921538860345,1.4347685884823336,5.630389749740061,,1012.0093494113391,False,False,False,,[]
881,881,882,True,1.0,1.0,881.0,882.0,881.0,882.0,882.0,0.0,69.0,68.0,-30.61468989583375,0.5000509023666382,0.5000509023666382,0.0,1.0,0.5512800507490804,0.551302294473024,0.9998303260728914,0.9998303055763245,0.9998302837502004,0.9999939671008851,0.9999939656485625,0.9999921538860345,0.9999921494730625,1.4693322513214273,5.765573246185157,,1012.2955034247582,False,False,False,,[]
882,882,883,True,1.0,1.0,882.0,883.0,882.0,883.0,883.0,0.0,68.0,68.0,121.75732833333336,0.5000509023666382,0.5000509023666382,0.0,1.0,0.551302294473024,0.5511711488408266,0.9998302837502004,0.9998303055763245,0.9998300061707817,0.9999939656485625,0.9999939538326399,0.9999921494730625,0.9999921388983154,-8.659418941574462,-33.992947865562705,,846.529139805658,False,False,False,,[]
883,883,884,True,1.0,1.0,883.0,884.0,883.0,884.0,884.0,0.0,68.0,68.0,121.75732833333336,0.5000510215759277,0.5000510215759277,0.0,1.0,0.5511711488408266,0.5510400031225453,0.9998300061707817,0.9998300075531006,0.9998297285911574,0.9999939538326399,0.9999939420167158,0.9999921388983154,0.9999921283235685,-8.659419045274216,-33.99297017852995,,846.5290624356824,False,False,False,,[]
884,884,885,True,1.0,1.0,884.0,885.0,884.0,885.0,885.0,0.0,68.0,68.1,137.10816166666515,0.5000510811805725,0.5000510811805725,0.0,1.0,0.5510400031225453,0.550894817981983,0.9998297285911574,0.9998297095298767,0.999829419733565,0.9999939420167158,0.9999939294664647,0.9999921283235685,0.9999921177550933,-9.585996991307837,-37.631988433735195,,833.8964733032797,False,False,False,,[]
885,885,886,True,1.0,1.0,885.0,886.0,885.0,886.0,886.0,0.0,68.1,68.4,167.92271335937633,0.5000512003898621,0.5000512003898621,0.0,1.0,0.550894817981983,0.5507225614833592,0.999829419733565,0.9998294115066528,0.9998290573818676,0.9999939294664647,0.9999939159371312,0.9999921177550933,0.999992108097793,-11.372363244145077,-44.6488844433053,,811.9003137528706,False,False,False,,[]
886,886,887,True,1.0,1.0,886.0,887.0,886.0,887.0,887.0,0.0,68.4,68.6,152.9115304166656,0.5000512599945068,0.5000512599945068,0.0,1.0,0.5507225614833592,0.5505624672831902,0.9998290573818676,0.9998290538787842,0.9998287188765987,0.9999939159371312,0.9999939027320923,0.999992108097793,0.9999920977914597,-10.569621663728388,-41.49641668377516,,821.3848537372601,False,False,False,,[]
887,887,888,True,1.0,1.0,887.0,888.0,887.0,888.0,888.0,0.0,68.6,68.7,137.78796010416713,0.5000513792037964,0.5000513792037964,0.0,1.0,0.5505624672831902,0.5504153844058094,0.9998287188765987,0.9998286962509155,0.9998284062203965,0.9999939027320923,0.9999938900427608,0.9999920977914597,0.9999920871374708,-9.710874151473824,-38.1238818171288,,832.1601137874587,False,False,False,,[]
888,888,889,True,1.0,1.0,888.0,889.0,888.0,889.0,889.0,0.0,68.7,68.5,91.84934044270943,0.5000514984130859,0.5000514984130859,0.0,1.0,0.5504153844058094,0.5503120866635971,0.9998284062203965,0.9998283982276917,0.9998281934589617,0.9999938900427608,0.9999938800438386,0.9999920871374708,0.9999920774231837,-6.820938279847849,-26.774774781421048,,873.9065610257828,False,False,False,,[]
889,889,890,True,1.0,1.0,889.0,890.0,889.0,890.0,890.0,0.0,68.5,68.1,60.920078984373276,0.5000515580177307,0.5000515580177307,0.0,1.0,0.5503120866635971,0.5502421042024495,0.9998281934589617,0.9998282194137573,0.9998280539387624,0.9999938800438386,0.9999938732911455,0.9999920774231837,0.9999920698055351,-4.621612045469027,-18.139453929471244,,910.494044337953,False,False,False,,[]
890,890,891,True,1.0,1.0,890.0,891.0,890.0,891.0,891.0,0.0,68.1,67.3,-0.936453307291232,0.5000516176223755,0.5000516176223755,0.0,1.0,0.5502421042024495,0.550242761087269,0.9998280539387624,0.999828040599823,0.9998280527150377,0.9999938732911455,0.9999938732472401,0.9999920698055351,0.9999920696526854,0.043391200359399286,0.17026454521610945,,1000.3378713025699,False,False,False,,[]
891,891,892,True,1.0,1.0,891.0,892.0,891.0,892.0,892.0,0.0,67.3,66.2,-47.88738872395723,0.5000516176223755,0.5000516176223755,0.0,1.0,0.550242761087269,0.5502769753426989,0.9998280527150377,0.999828040599823,0.999827986849442,0.9999938732472401,0.9999938710335557,0.9999920696526854,0.9999920633200936,2.260439791271885,8.868335007425612,,1019.4526030058397,False,False,False,,[]
892,892,893,True,1.0,1.0,892.0,893.0,892.0,893.0,893.0,0.0,66.2,64.8,-95.15790239583353,0.5000516176223755,0.5000516176223755,0.0,1.0,0.5502769753426989,0.5503393314026891,0.999827986849442,0.9998279809951782,0.9998278634576082,0.9999938710335557,0.9999938612527475,0.9999920633200936,0.9999920519163755,4.120366897705171,16.162690749444018,,1029.688334725169,False,False,False,,[]
893,893,894,True,1.0,1.0,893.0,894.0,893.0,894.0,894.0,0.0,64.8,63.6,-65.97740499999934,0.5000516176223755,0.5000516176223755,0.0,1.0,0.5503393314026891,0.5503806543419183,0.9998278634576082,0.9998278617858887,0.9998277833520033,0.9999938612527475,0.9999938540866327,0.9999920519163755,0.9999920434575298,2.7305913031373716,10.710905848221104,,1018.005896001301,False,False,False,,[]
894,894,895,True,1.0,1.0,894.0,895.0,894.0,895.0,895.0,0.0,63.6,62.6,-36.55371958333375,0.5000516772270203,0.5000516772270203,0.0,1.0,0.5503806543419183,0.5504047717149835,0.9998277833520033,0.9998278021812439,0.9998277373801715,0.9999938540866327,0.9999938524892673,0.9999920434575298,0.9999920381807537,1.5936905099838983,6.251223098481036,,1012.8080192396576,False,False,False,,[]
895,895,896,True,1.0,1.0,895.0,896.0,895.0,896.0,896.0,0.0,62.6,62.1,39.15371010416647,0.5000516772270203,0.5000516772270203,0.0,1.0,0.5504047717149835,0.5503652731219009,0.9998277373801715,0.9998277425765991,0.9998276609476404,0.9999938524892673,0.9999938507986212,0.9999920381807537,0.9999920326433662,-2.6097349549421933,-10.23803532702107,,948.4337700242793,False,False,False,,[]
896,896,897,True,1.0,1.0,896.0,897.0,896.0,897.0,897.0,0.0,62.1,61.9,84.68906231770747,0.5000516772270203,0.5000516772270203,0.0,1.0,0.5503652731219009,0.5502780080090298,0.9998276609476404,0.9998276829719543,0.999827484005542,0.9999938507986212,0.9999938422653243,0.9999920326433662,0.9999920238222392,-5.765043880041779,-22.619117256167996,,891.0164407421253,False,False,False,,[]
897,897,898,True,1.0,1.0,897.0,898.0,897.0,898.0,898.0,0.0,61.9,61.9,115.18503106770834,0.500051736831665,0.500051736831665,0.0,1.0,0.5502780080090298,0.5501643519101327,0.999827484005542,0.99982750415802,0.9998272475248764,0.9999938422653243,0.9999938318395951,0.9999920238222392,0.9999920143676597,-7.507958820942959,-29.459660834140596,,864.1664508986148,False,False,False,,[]
898,898,899,True,1.0,1.0,898.0,899.0,898.0,899.0,899.0,0.0,61.9,61.8,99.83419773437458,0.5000517964363098,0.5000517964363098,0.0,1.0,0.5501643519101327,0.5500641239976916,0.9998272475248764,0.9998272657394409,0.9998270417053712,0.9999938318395951,0.999993822304216,0.9999920143676597,0.9999920052996609,-6.621166102351107,-25.979074904747055,,877.6447070244228,False,False,False,,[]
899,899,900,True,1.0,1.0,899.0,900.0,899.0,900.0,900.0,0.0,61.8,61.5,69.02993093750067,0.5000519156455994,0.5000519156455994,0.0,1.0,0.5500641239976916,0.5499909398011514,0.9998270417053712,0.9998270273208618,0.9998268953443392,0.999993822304216,0.9999938150319774,0.9999920052996609,0.9999919967509084,-4.835049829615628,-18.96934374320194,,906.0915066588293,False,False,False,,[]
900,900,901,True,1.0,1.0,900.0,901.0,900.0,901.0,901.0,0.0,61.5,60.9,22.67062585937435,0.5000519156455994,0.5000519156455994,0.0,1.0,0.5499909398011514,0.5499681618968018,0.9998268953443392,0.9998269081115723,0.9998268519826202,0.9999938150319774,0.9999938140711211,0.9999919967509084,0.9999919933950566,-1.5051239229022058,-5.904032807448388,,969.5270057594242,False,False,False,,[]
901,901,902,True,1.0,1.0,901.0,902.0,901.0,902.0,902.0,0.0,60.9,59.7,-70.04350539062436,0.5000519752502441,0.5000519752502441,0.0,1.0,0.5499681618968018,0.5500096144473562,0.9998268519826202,0.9998268485069275,0.9998267716155709,0.9999938140711211,0.9999938068765578,0.9999919933950566,0.9999919853386846,2.739761541458971,10.744501103723055,,1018.5009789507385,False,False,False,,[]
902,902,903,True,1.0,1.0,902.0,903.0,902.0,903.0,903.0,0.0,59.7,54.6,-669.9263522656247,0.5000519752502441,0.5000519752502441,0.0,1.0,0.5500096144473562,0.550457968507688,0.9998267716155709,0.9998267889022827,0.9998259737591562,0.9999938068765578,0.9999937892684622,0.9999919853386846,0.9999919482258077,29.673459181247885,116.21337243801855,,1457.4018483944074,False,False,False,,[]
903,903,904,True,1.0,1.0,903.0,904.0,903.0,904.0,904.0,0.0,54.6,49.3,-705.4629982291673,0.5000522136688232,0.5000522136688232,0.0,1.0,0.550457968507688,0.5508869707197666,0.9998259737591562,0.9998259544372559,0.9998251984916502,0.9999937892684622,0.9999937723064337,0.9999919482258077,0.9999919127002497,28.397734050434984,111.19737337075031,,1426.5088495788375,False,False,False,,[]
904,904,905,True,1.0,1.0,904.0,905.0,904.0,905.0,905.0,0.0,49.3,44.9,-571.872904348958,0.5000524520874023,0.5000524520874023,0.0,1.0,0.5508869707197666,0.5511993824293044,0.9998251984916502,0.9998251795768738,0.9998245868374152,0.9999937723064337,0.99999375669687,0.9999919127002497,0.9999918865905825,20.677069061709656,80.97711511221138,,1265.0654350924242,False,False,False,,[]
905,905,906,True,1.0,1.0,905.0,906.0,905.0,906.0,906.0,0.0,44.9,42.3,-298.9957137239589,0.5000526309013367,0.5000526309013367,0.0,1.0,0.5511993824293044,0.5513482444356765,0.9998245868374152,0.999824583530426,0.9998242706265222,0.99999375669687,0.9999937464341828,0.9999918865905825,0.999991874120202,9.849050404193958,38.58503205165217,,1104.3718041847433,False,False,False,,[]
906,906,907,True,1.0,1.0,906.0,907.0,906.0,907.0,907.0,0.0,42.3,41.4,-39.91202414062402,0.5000526905059814,0.5000526905059814,0.0,1.0,0.5513482444356765,0.5513633138471138,0.9998242706265222,0.9998242855072021,0.9998242421547818,0.9999937464341828,0.999993743320061,0.999991874120202,0.9999918696070182,0.9966983863729014,3.9059914445306645,,1004.616142692354,False,False,False,,[]
907,907,908,True,1.0,1.0,907.0,908.0,907.0,908.0,908.0,0.0,41.4,41.3,82.26983510416625,0.5000527501106262,0.5000527501106262,0.0,1.0,0.5513633138471138,0.551298476532218,0.9998242421547818,0.9998242259025574,0.9998241135411654,0.999993743320061,0.9999937376229,0.9999918696070182,0.9999918589835753,-4.2874307242538165,-16.80583202100237,,914.0606732528562,False,False,False,,[]
908,908,909,True,1.0,1.0,908.0,909.0,908.0,909.0,909.0,0.0,41.3,42.1,220.35874148437557,0.5000527501106262,0.5000527501106262,0.0,1.0,0.551298476532218,0.5511528903194459,0.9998241135411654,0.9998241066932678,0.9998238038801706,0.9999937376229,0.9999937272887581,0.9999918589835753,0.9999918438050411,-9.624524380428152,-37.73594635050366,,831.901777108868,False,False,False,,[]
909,909,910,True,1.0,1.0,909.0,910.0,909.0,910.0,910.0,0.0,42.1,44.7,497.22713523437557,0.5000528693199158,0.5000528693199158,0.0,1.0,0.5511528903194459,0.5508401283971517,0.9998238038801706,0.999823808670044,0.9998231916692334,0.9999937272887581,0.9999937101355306,0.9999918438050411,0.9999918263731762,-20.664575286468047,-81.06789025865902,,709.9408214544466,False,False,False,,[]
910,910,911,True,1.0,1.0,910.0,911.0,910.0,911.0,911.0,0.0,44.7,48.4,667.9581529427069,0.5000530481338501,0.5000530481338501,0.0,1.0,0.5508401283971517,0.5503954294449724,0.9998231916692334,0.9998232126235962,0.9998223979723494,0.9999937101355306,0.9999936950621213,0.9999918263731762,0.9999917965452659,-29.36632657320058,-115.26596840486407,,637.3608325280743,False,False,False,,[]
911,911,912,True,1.0,1.0,911.0,912.0,911.0,912.0,912.0,0.0,48.4,51.4,563.3594470833336,0.5000532865524292,0.5000532865524292,0.0,1.0,0.5503954294449724,0.549992943105388,0.9998223979723494,0.9998223781585693,0.9998216558748461,0.9999936950621213,0.999993681315372,0.9999917965452659,0.9999917692952781,-26.577898212208,-104.32445922028654,,658.8948581605225,False,False,False,,[]
912,912,913,True,1.0,1.0,912.0,913.0,912.0,913.0,913.0,0.0,51.4,52.7,304.8785851041675,0.5000535249710083,0.5000535249710083,0.0,1.0,0.549992943105388,0.5497583381344777,0.9998216558748461,0.999821662902832,0.9998211764681478,0.999993681315372,0.9999936699299102,0.9999917692952781,0.9999917506949673,-15.497960121468575,-60.809608459960934,,761.8865269121401,False,False,False,,[]
913,913,914,True,1.0,1.0,913.0,914.0,913.0,914.0,914.0,0.0,52.7,54.0,306.0010487760415,0.5000536441802979,0.5000536441802979,0.0,1.0,0.5497583381344777,0.5495214848804196,0.9998211764681478,0.9998211860656738,0.9998206930137049,0.9999936699299102,0.9999936578829813,0.9999917506949673,0.9999917362206288,-15.64532384439727,-61.392363451860334,,762.3578401694388,False,False,False,,[]
914,914,915,True,1.0,1.0,914.0,915.0,914.0,915.0,915.0,0.0,54.0,57.0,568.1157137499994,0.5000537633895874,0.5000537633895874,0.0,1.0,0.5495214848804196,0.5490700000826753,0.9998206930137049,0.9998207092285156,0.9998198916345628,0.9999936578829813,0.999993642597717,0.9999917362206288,0.9999917056566735,-29.80064003690722,-117.0248595753314,,633.9257009687033,False,False,False,,[]
915,915,916,True,1.0,1.0,915.0,916.0,915.0,916.0,916.0,0.0,57.0,58.1,279.2118726041675,0.5000540614128113,0.5000540614128113,0.0,1.0,0.5490700000826753,0.5488333213010579,0.9998198916345628,0.9998198747634888,0.9998194084937803,0.999993642597717,0.9999936311850756,0.9999917056566735,0.9999916875702646,-15.630321266208657,-61.34714019522438,,760.7502125006818,False,False,False,,[]
916,916,917,True,1.0,1.0,916.0,917.0,916.0,917.0,917.0,0.0,58.1,59.2,280.2620102343759,0.5000541806221008,0.5000541806221008,0.0,1.0,0.5488333213010579,0.5485952368808078,0.9998194084937803,0.9998193979263306,0.9998189228281708,0.9999936311850756,0.9999936196191609,0.9999916875702646,0.9999916728076526,-15.722132741696736,-61.71148172882571,,761.6265097730537,False,False,False,,[]
917,917,918,True,1.0,1.0,917.0,918.0,917.0,918.0,918.0,0.0,59.2,59.0,81.77138666666582,0.5000542998313904,0.5000542998313904,0.0,1.0,0.5485952368808078,0.5485149481765957,0.9998189228281708,0.9998189210891724,0.9998187611389765,0.9999936196191609,0.999993611689877,0.9999916728076526,0.999991664805005,-5.30426562676516,-20.810832131765498,,898.9656505085619,False,False,False,,[]
918,918,919,True,1.0,1.0,918.0,919.0,918.0,919.0,919.0,0.0,59.0,59.1,127.62781010416712,0.5000543594360352,0.5000543594360352,0.0,1.0,0.5485149481765957,0.5483952062326382,0.9998187611389765,0.999818742275238,0.9998185105079647,0.999993611689877,0.9999936011707454,0.999991664805005,0.9999916545102022,-7.90983721030218,-31.03711187380914,,857.9132783454401,False,False,False,,[]
919,919,920,True,1.0,1.0,919.0,920.0,919.0,920.0,920.0,0.0,59.1,59.5,173.77826544270815,0.5000544786453247,0.5000544786453247,0.0,1.0,0.5483952062326382,0.5482373479974356,0.9998185105079647,0.9998185038566589,0.9998181764202724,0.9999936011707454,0.9999935893280365,0.9999916545102022,0.9999916425009827,-10.426372117524211,-40.91685456450298,,822.9647098356364,False,False,False,,[]
920,920,921,True,1.0,1.0,920.0,921.0,920.0,921.0,921.0,0.0,59.5,60.5,266.2767456510402,0.5000545382499695,0.5000545382499695,0.0,1.0,0.5482373479974356,0.5480042072124343,0.9998181764202724,0.9998182058334351,0.9998176996564652,0.9999935893280365,0.9999935774172095,0.9999916425009827,0.9999916272371622,-15.394691327874106,-60.4300914723456,,764.5307790663359,False,False,False,,[]
921,921,922,True,1.0,1.0,921.0,922.0,921.0,922.0,922.0,0.0,60.5,62.3,390.0787248177083,0.500054657459259,0.500054657459259,0.0,1.0,0.5480042072124343,0.5476560931945259,0.9998176996564652,0.9998177289962769,0.9998170331706903,0.9999935774172095,0.999993559213532,0.9999916272371622,0.9999916062651402,-22.97696853566427,-90.23115344183269,,687.7870976081205,False,False,False,,[]
922,922,923,True,1.0,1.0,922.0,923.0,922.0,923.0,923.0,0.0,62.3,63.9,361.2104237760428,0.5000548958778381,0.5000548958778381,0.0,1.0,0.5476560931945259,0.5473238433163271,0.9998170331706903,0.9998170137405396,0.9998163905638342,0.999993559213532,0.999993540957937,0.9999916062651402,0.9999915864580058,-21.928699000806464,-86.11916842911587,,697.0713903606041,False,False,False,,[]
923,923,924,True,1.0,1.0,923.0,924.0,923.0,924.0,924.0,0.0,63.9,65.1,301.4818696093744,0.5000550746917725,0.5000550746917725,0.0,1.0,0.5473238433163271,0.5470394890606196,0.9998163905638342,0.9998164176940918,0.9998158246723947,0.999993540957937,0.9999935262154207,0.9999915864580058,0.9999915677001965,-18.768631932705308,-73.70462307937758,,727.5670743054633,False,False,False,,[]
924,924,925,True,1.0,1.0,924.0,925.0,924.0,925.0,925.0,0.0,65.1,64.1,-34.95251059895876,0.5000552535057068,0.5000552535057068,0.0,1.0,0.5470394890606196,0.5470630842006422,0.9998158246723947,0.999815821647644,0.9998157797190002,0.9999935262154207,0.9999935246517068,0.9999915677001965,0.999991562509694,1.558786087129548,6.115860293858173,,1012.4999027594522,False,False,False,,[]
925,925,926,True,1.0,1.0,925.0,926.0,925.0,926.0,926.0,0.0,64.1,62.7,-97.42746372395658,0.5000552535057068,0.5000552535057068,0.0,1.0,0.5470630842006422,0.5471255200558712,0.9998157797190002,0.9998157620429993,0.9998156561596206,0.9999935246517068,0.9999935150335322,0.999991562509694,0.9999915519181226,4.125551448833103,16.18337367536392,,1030.7898699809841,False,False,False,,[]
926,926,927,True,1.0,1.0,926.0,927.0,926.0,927.0,927.0,0.0,62.7,62.0,8.555970651040601,0.5000553131103516,0.5000553131103516,0.0,1.0,0.5471255200558712,0.5471167565924511,0.9998156561596206,0.9998156428337097,0.9998156397039957,0.9999935150335322,0.9999935146640851,0.9999915519181226,0.999991550625344,-0.5789796697256354,-2.2714897185078224,,988.072725523247,False,False,False,,[]
927,927,928,True,1.0,1.0,927.0,928.0,927.0,928.0,928.0,0.0,62.0,61.3,7.831963749998928,0.5000553131103516,0.5000553131103516,0.0,1.0,0.5471167565924511,0.5471088251388679,0.9998156397039957,0.9998156428337097,0.9998156248227973,0.9999935146640851,0.9999935143296975,0.999991550625344,0.999991549455246,-0.5240362375081458,-2.055832768734849,,989.193986570056,False,False,False,,[]
928,928,929,True,1.0,1.0,928.0,929.0,928.0,929.0,929.0,0.0,61.3,60.9,53.16858523437522,0.5000553131103516,0.5000553131103516,0.0,1.0,0.5471088251388679,0.547052182807499,0.9998156248227973,0.9998156428337097,0.9998155133622016,0.9999935143296975,0.9999935087103735,0.999991549455246,0.9999915424739091,-3.7419884522524725,-14.681692290822419,,925.592496747879,False,False,False,,[]
929,929,930,True,1.0,1.0,929.0,930.0,929.0,930.0,930.0,0.0,60.9,60.5,52.76316127604189,0.5000553131103516,0.5000553131103516,0.0,1.0,0.547052182807499,0.5469963882415575,0.9998155133622016,0.9998155236244202,0.9998154036608538,0.9999935087103735,0.9999935031513268,0.9999915424739091,0.9999915356438877,-3.686075430451523,-14.461951492045676,,926.6520016687579,False,False,False,,[]
930,930,931,True,1.0,1.0,930.0,931.0,930.0,931.0,931.0,0.0,60.5,60.2,67.711224817709,0.5000553727149963,0.5000553727149963,0.0,1.0,0.5469963882415575,0.5469268888389723,0.9998154036608538,0.9998154044151306,0.999815265169163,0.9999935031513268,0.9999934961396042,0.9999915356438877,0.9999915280299665,-4.59139167650121,-18.01424515007504,,910.7682001179375,False,False,False,,[]
931,931,932,True,1.0,1.0,931.0,932.0,931.0,932.0,932.0,0.0,60.2,59.8,52.06005593750023,0.5000554323196411,0.5000554323196411,0.0,1.0,0.5469268888389723,0.5468722625173545,0.999815265169163,0.9998152852058411,0.9998151578874542,0.9999934961396042,0.9999934906853079,0.9999915280299665,0.9999915212623315,-3.6090464955909356,-14.159142563336731,,928.0084250817719,False,False,False,,[]
932,932,933,True,1.0,1.0,932.0,933.0,932.0,933.0,933.0,0.0,59.8,59.4,51.66193093750022,0.5000554323196411,0.5000554323196411,0.0,1.0,0.5468722625173545,0.5468193017069499,0.9998151578874542,0.9998151659965515,0.9998150540460042,0.9999934906853079,0.9999934852904456,0.9999915212623315,0.9999915152249558,-3.499104404054588,-13.72744205689232,,930.4253999790424,False,False,False,,[]
933,933,934,True,1.0,1.0,933.0,934.0,933.0,934.0,934.0,0.0,59.4,58.6,-10.136873229166225,0.5000554919242859,0.5000554919242859,0.0,1.0,0.5468193017069499,0.5468254900360288,0.9998150540460042,0.999815046787262,0.9998150424550833,0.9999934852904456,0.9999934848762527,0.9999915152249558,0.9999915137756024,0.40894620007602234,1.60401489722517,,1003.1757440960653,False,False,False,,[]
934,934,935,True,1.0,1.0,934.0,935.0,934.0,935.0,935.0,0.0,58.6,57.5,-56.97235239583419,0.5000554919242859,0.5000554919242859,0.0,1.0,0.5468254900360288,0.5468579807577724,0.9998150424550833,0.999815046787262,0.9998149800128201,0.9999934848762527,0.9999934790116722,0.9999915137756024,0.9999915077756297,2.147390473743043,8.421595075945685,,1014.5918007372373,False,False,False,,[]
935,935,936,True,1.0,1.0,935.0,936.0,935.0,936.0,936.0,0.0,57.5,56.6,-27.32994705729166,0.5000554919242859,0.5000554919242859,0.0,1.0,0.5468579807577724,0.5468742434262551,0.9998149800128201,0.9998149871826172,0.9998149492506835,0.9999934790116722,0.9999934779318779,0.9999915077756297,0.9999915041623142,1.07485114527194,4.215283670716982,,1008.5660997603674,False,False,False,,[]
936,936,937,True,1.0,1.0,936.0,937.0,936.0,937.0,937.0,0.0,56.6,56.0,17.870814270833666,0.5000555515289307,0.5000555515289307,0.0,1.0,0.5468742434262551,0.5468577209397709,0.9998149492506835,0.9998149275779724,0.9998149179891356,0.9999934779318779,0.9999934772350919,0.9999915041623142,0.999991501724105,-1.0919689273931052,-4.2826284967000285,,977.723894266877,False,False,False,,[]
937,937,938,True,1.0,1.0,937.0,938.0,937.0,938.0,938.0,0.0,56.0,55.5,32.66128666666646,0.5000555515289307,0.5000555515289307,0.0,1.0,0.5468577209397709,0.546825617408842,0.9998149179891356,0.9998149275779724,0.99981485631436,0.9999934772350919,0.9999934739637202,0.999991501724105,0.999991497702625,-2.1216829053616904,-8.32123521678249,,956.4217337746804,False,False,False,,[]
938,938,939,True,1.0,1.0,938.0,939.0,938.0,939.0,939.0,0.0,55.5,55.0,32.19888106770813,0.5000555515289307,0.5000555515289307,0.0,1.0,0.546825617408842,0.5467942048676828,0.99981485631436,0.9998148679733276,0.9998147960078388,0.9999934739637202,0.9999934707542736,0.999991497702625,0.9999914937568324,-2.07607251930206,-8.142130668455785,,957.3056678397254,False,False,False,,[]
939,939,940,True,1.0,1.0,939.0,940.0,939.0,940.0,940.0,0.0,55.0,54.4,16.389789270833667,0.5000555515289307,0.5000555515289307,0.0,1.0,0.5467942048676828,0.5467793371960115,0.9998147960078388,0.9998148083686829,0.9998147679228034,0.9999934707542736,0.9999934700092181,0.9999914937568324,0.9999914915842366,-0.9826881440720338,-3.8537004972096707,,979.8217215210071,False,False,False,,[]
940,940,941,True,1.0,1.0,940.0,941.0,940.0,941.0,941.0,0.0,54.4,54.1,61.89785333333399,0.5000555515289307,0.5000555515289307,0.0,1.0,0.5467793371960115,0.5467223845700941,0.9998147679228034,0.9998147487640381,0.9998146558175868,0.9999934700092181,0.9999934641430726,0.9999914915842366,0.9999914855590151,-3.7639373325398333,-14.762120637755977,,925.8791907188934,False,False,False,,[]
941,941,942,True,1.0,1.0,941.0,942.0,941.0,942.0,942.0,0.0,54.1,54.0,92.32954148437457,0.5000556111335754,0.5000556111335754,0.0,1.0,0.5467223845700941,0.546640085062725,0.9998146558175868,0.9998146295547485,0.9998144897525959,0.9999934641430726,0.9999934562364827,0.9999914855590151,0.9999914774048285,-5.438716296634465,-21.332032310099184,,896.8877058923214,False,False,False,,[]
942,942,943,True,1.0,1.0,942.0,943.0,942.0,943.0,943.0,0.0,54.0,53.9,92.23988041666625,0.5000556707382202,0.5000556707382202,0.0,1.0,0.546640085062725,0.5465580110157072,0.9998144897525959,0.999814510345459,0.9998143241790648,0.9999934562364827,0.9999934483498006,0.9999914774048285,0.999991469271282,-5.423824952369438,-21.273592986999795,,897.1412899214902,False,False,False,,[]
943,943,944,True,1.0,1.0,943.0,944.0,943.0,944.0,944.0,0.0,53.9,53.9,107.50121856770835,0.5000556707382202,0.5000556707382202,0.0,1.0,0.5465580110157072,0.546463752368115,0.9998143241790648,0.9998143315315247,0.9998141317445497,0.9999934483498006,0.9999934396391984,0.999991469271282,0.9999914602667225,-6.228804588610447,-24.431841455902905,,884.0034841921502,False,False,False,,[]
944,944,945,True,1.0,1.0,944.0,945.0,944.0,945.0,945.0,0.0,53.9,54.0,122.85205190104212,0.500055730342865,0.500055730342865,0.0,1.0,0.546463752368115,0.5463573950899133,0.9998141317445497,0.9998141527175903,0.999813912024768,0.9999934396391984,0.9999934302190812,0.9999914602667225,0.9999914505028652,-7.028007565452392,-27.567806509854485,,871.4496470099521,False,False,False,,[]
945,945,946,True,1.0,1.0,945.0,946.0,945.0,946.0,946.0,0.0,54.0,54.2,138.2923804166666,0.5000558495521545,0.5000558495521545,0.0,1.0,0.5463573950899133,0.5462389510525176,0.999813912024768,0.9998139142990112,0.9998136644249723,0.9999934302190812,0.9999934202026991,0.9999914505028652,0.9999914400899563,-7.826318250511118,-30.700694492949307,,859.3772567537292,False,False,False,,[]
946,946,947,True,1.0,1.0,946.0,947.0,946.0,947.0,947.0,0.0,54.2,55.0,230.5768684374996,0.5000559091567993,0.5000559091567993,0.0,1.0,0.5462389510525176,0.5460472322776816,0.9998136644249723,0.9998136758804321,0.9998132645756908,0.9999934202026991,0.9999934082694386,0.9999914400899563,0.9999914234631301,-12.664915763277229,-49.69350643750567,,793.4846721348081,False,False,False,,[]
947,947,948,True,1.0,1.0,947.0,948.0,947.0,948.0,948.0,0.0,55.0,55.8,231.3014559374996,0.5000560283660889,0.5000560283660889,0.0,1.0,0.5460472322776816,0.5458548908997285,0.9998132645756908,0.9998132586479187,0.9998128635406919,0.9999934082694386,0.9999933962713673,0.9999914234631301,0.9999914088928258,-12.70543778090064,-49.8548851654292,,794.2728142525029,False,False,False,,[]
948,948,949,True,1.0,1.0,948.0,949.0,948.0,949.0,949.0,0.0,55.8,56.2,170.63332677083415,0.5000561475753784,0.5000561475753784,0.0,1.0,0.5458548908997285,0.5457058317354948,0.9998128635406919,0.9998128414154053,0.9998125469362676,0.9999933962713673,0.9999933849928719,0.9999914088928258,0.9999913957077214,-9.847258896201117,-38.63613536937248,,829.749364846777,False,False,False,,[]
949,949,950,True,1.0,1.0,949.0,950.0,949.0,950.0,950.0,0.0,56.2,56.1,94.25074343750056,0.500056266784668,0.500056266784668,0.0,1.0,0.5457058317354948,0.5456188350572838,0.9998125469362676,0.9998125433921814,0.9998123705847738,0.9999933849928719,0.9999933766624867,0.9999913957077214,0.9999913872266422,-5.748220623290556,-22.549538992278933,,891.7080399872964,False,False,False,,[]
950,950,951,True,1.0,1.0,950.0,951.0,950.0,951.0,951.0,0.0,56.1,55.1,-43.99990122395875,0.500056266784668,0.500056266784668,0.0,1.0,0.5456188350572838,0.5456424675245468,0.9998123705847738,0.9998123645782471,0.9998123255586193,0.9999933766624867,0.9999933722378881,0.9999913872266422,0.9999913823902717,1.5620404160898311,6.125535514563067,,1009.9672484310162,False,False,False,,[]
951,951,952,True,1.0,1.0,951.0,952.0,951.0,952.0,952.0,0.0,55.1,52.7,-259.83389080729137,0.5000563263893127,0.5000563263893127,0.0,1.0,0.5456424675245468,0.5458028000253854,0.9998123255586193,0.9998123049736023,0.9998119865831496,0.9999933722378881,0.99999336096186,0.9999913823902717,0.9999913696950657,10.602682884917263,41.558184217365124,,1114.161089658753,False,False,False,,[]
952,952,953,True,1.0,1.0,952.0,953.0,952.0,953.0,953.0,0.0,52.7,48.4,-553.6456178906261,0.5000563859939575,0.5000563859939575,0.0,1.0,0.5458028000253854,0.5461299389648089,0.9998119865831496,0.9998120069503784,0.9998113518362014,0.99999336096186,0.9999933473830694,0.9999913696950657,0.9999913425662698,21.647266601844212,84.79441309856934,,1286.9295006446112,False,False,False,,[]
953,953,954,True,1.0,1.0,953.0,954.0,953.0,954.0,954.0,0.0,48.4,43.1,-710.7597195833318,0.5000566244125366,0.5000566244125366,0.0,1.0,0.5461299389648089,0.5465107507418364,0.9998113518362014,0.9998113512992859,0.9998106386896659,0.9999933473830694,0.9999933316193186,0.9999913425662698,0.9999913120920539,25.207655046181348,98.70641260553084,,1357.3293909667,False,False,False,,[]
954,954,955,True,1.0,1.0,954.0,955.0,954.0,955.0,955.0,0.0,43.1,37.8,-714.7820262239599,0.500056803226471,0.500056803226471,0.0,1.0,0.5465107507418364,0.5468490746214127,0.9998106386896659,0.9998106360435486,0.999809986846922,0.9999933316193186,0.9999933141217284,0.9999913120920539,0.999991288736615,22.39660217881244,87.69354958619513,,1302.569381868042,False,False,False,,[]
955,955,956,True,1.0,1.0,955.0,956.0,955.0,956.0,956.0,0.0,37.8,32.5,-718.3383607291662,0.5000569820404053,0.5000569820404053,0.0,1.0,0.5468490746214127,0.5471406616888459,0.999809986846922,0.999809980392456,0.9998094089420302,0.9999933141217284,0.9999932946975858,0.999991288736615,0.9999912683403749,19.30318247634058,75.57936787865889,,1240.6581473074955,False,False,False,,[]
956,956,957,True,1.0,1.0,956.0,957.0,956.0,957.0,957.0,0.0,32.5,27.2,-721.4287230989578,0.5000571608543396,0.5000571608543396,0.0,1.0,0.5471406616888459,0.5473883660791897,0.9998094089420302,0.9998093843460083,0.9998089061317197,0.9999932946975858,0.9999932770806997,0.9999912683403749,0.9999912509450182,16.398289114325777,64.20497797711094,,1193.9031423720926,False,False,False,,[]
957,957,958,True,1.0,1.0,957.0,958.0,957.0,958.0,958.0,0.0,27.2,25.1,-232.82644666666647,0.5000573396682739,0.5000573396682739,0.0,1.0,0.5473883660791897,0.5474503531947238,0.9998089061317197,0.9998089075088501,0.999808783514227,0.9999932770806997,0.9999932671969902,0.9999912509450182,0.9999912416425932,4.101725211218989,16.067060346431976,,1031.501255961543,False,False,False,,[]
958,958,959,True,1.0,1.0,958.0,959.0,958.0,959.0,959.0,0.0,25.1,26.0,226.78759356770837,0.5000573396682739,0.5000573396682739,0.0,1.0,0.5474503531947238,0.5473548198604616,0.999808783514227,0.9998087882995605,0.9998085882340052,0.9999932671969902,0.9999932575220327,0.9999912416425932,0.9999912327670188,-6.318628560748073,-24.76224024074404,,882.1361263909063,False,False,False,,[]
959,959,960,True,1.0,1.0,959.0,960.0,959.0,960.0,960.0,0.0,26.0,29.3,595.5890470833335,0.5000573992729187,0.5000573992729187,0.0,1.0,0.5473548198604616,0.5470969654330331,0.9998085882340052,0.9998086094856262,0.9998080675936114,0.9999932575220327,0.9999932361112654,0.9999912327670188,0.999991211441557,-17.045431089410805,-66.83586758947696,,739.2869762081522,False,False,False,,[]
960,960,961,True,1.0,1.0,960.0,961.0,960.0,961.0,961.0,0.0,29.3,34.6,904.1193352343747,0.500057578086853,0.500057578086853,0.0,1.0,0.5470969654330331,0.5466724950925828,0.9998080675936114,0.9998080730438232,0.9998072978157819,0.9999932361112654,0.9999932121049057,0.999991211441557,0.9999911836468274,-28.04207690523187,-110.02271224474076,,643.8116895529636,False,False,False,,[]
961,961,962,True,1.0,1.0,961.0,962.0,961.0,962.0,962.0,0.0,34.6,40.4,983.6825226041666,0.5000578165054321,0.5273411695685455,0.0545730165684446,1.0,0.5466724950925828,0.5461510012391085,0.9998072978157819,0.9998072981834412,0.9998064276831805,0.9999932121049057,0.9999931932465261,0.9999911836468274,0.9999911554753761,-34.43550903958155,-135.17120682050728,,604.0336359562959,False,False,False,,[]
962,962,963,True,1.0,1.0,962.0,963.0,962.0,963.0,963.0,0.0,40.4,45.3,849.1330304166667,0.5000580549240112,0.5000580549240112,0.0,1.0,0.5461510012391085,0.5456358802668663,0.9998064276831805,0.9998064041137695,0.9998055629908968,0.9999931932465261,0.9999931754421852,0.9999911554753761,0.9999911260839027,-34.00840937976905,-133.5193560051875,,606.5068426005763,False,False,False,,[]
963,963,964,True,1.0,1.0,963.0,964.0,963.0,964.0,964.0,0.0,45.3,49.0,668.4060435677088,0.5000583529472351,0.5000583529472351,0.0,1.0,0.5456358802668663,0.5451847210093465,0.9998055629908968,0.9998055696487427,0.999804761976327,0.9999931754421852,0.9999931601640897,0.9999911260839027,0.9999910955435001,-29.785791139280093,-116.94047954913073,,634.083558980398,False,False,False,,[]
964,964,965,True,1.0,1.0,964.0,965.0,964.0,965.0,965.0,0.0,49.0,51.1,425.6866642708337,0.5000585913658142,0.5000585913658142,0.0,1.0,0.5451847210093465,0.5448740939139513,0.999804761976327,0.9998047351837158,0.9998041531645909,0.9999931601640897,0.9999931446108272,0.9999910955435001,0.9999910750497385,-20.513505827828332,-80.51454312644252,,710.4516639252565,False,False,False,,[]
965,965,966,True,1.0,1.0,965.0,966.0,965.0,966.0,966.0,0.0,51.1,52.1,258.5710362760411,0.5000587701797485,0.5000587701797485,0.0,1.0,0.5448740939139513,0.5446761543680141,0.9998041531645909,0.9998041391372681,0.9998037415075742,0.9999931446108272,0.9999931337859439,0.9999910750497385,0.9999910601481394,-13.075082888050236,-51.30593030690805,,790.6190019469253,False,False,False,,[]
966,966,967,True,1.0,1.0,966.0,967.0,966.0,967.0,967.0,0.0,52.1,52.2,121.26950502604211,0.5000588893890381,0.5000588893890381,0.0,1.0,0.5446761543680141,0.5445742810513327,0.9998037415075742,0.9998037219047546,0.9998035319722005,0.9999931337859439,0.9999931247439192,0.9999910601481394,0.9999910505827774,-6.731054651390331,-26.405563683840132,,876.0907674390303,False,False,False,,[]
967,967,968,True,1.0,1.0,967.0,968.0,967.0,968.0,968.0,0.0,52.2,52.1,90.65434760416625,0.5000589489936829,0.5000589489936829,0.0,1.0,0.5445742810513327,0.5444961202549252,0.9998035319722005,0.9998035430908203,0.9998033748956089,0.9999931247439192,0.9999931172113322,0.9999910505827774,0.9999910427627632,-5.164662193313607,-20.259278428809576,,901.5335526724837,False,False,False,,[]
968,968,969,True,1.0,1.0,968.0,969.0,968.0,969.0,969.0,0.0,52.1,51.7,44.51533835937523,0.5000590085983276,0.5000590085983276,0.0,1.0,0.5444961202549252,0.5444560280310796,0.9998033748956089,0.999803364276886,0.9998032972692941,0.9999931172113322,0.9999931129607215,0.9999910427627632,0.9999910382196906,-2.649521862094986,-10.391904420769592,,946.3884758348287,False,False,False,,[]
969,969,970,True,1.0,1.0,969.0,970.0,969.0,970.0,970.0,0.0,51.7,50.9,-17.232373098958877,0.5000590085983276,0.5000590085983276,0.0,1.0,0.5444560280310796,0.5444651731396191,0.9998032972692941,0.9998033046722412,0.9998032800906211,0.9999931129607215,0.999993112348495,0.9999910382196906,0.9999910360774035,0.6044675426890803,2.370412133429102,,1004.6946645179884,False,False,False,,[]
970,970,971,True,1.0,1.0,970.0,971.0,970.0,971.0,971.0,0.0,50.9,49.2,-156.07066684895696,0.5000590085983276,0.5000590085983276,0.0,1.0,0.5444651731396191,0.5445461377444512,0.9998032800906211,0.9998033046722412,0.9998031169324197,0.999993112348495,0.9999931022117415,0.9999910360774035,0.9999910228866793,5.353011417210684,20.986025572489833,,1043.1023526249935,False,False,False,,[]
971,971,972,True,1.0,1.0,971.0,972.0,971.0,972.0,972.0,0.0,49.2,45.9,-403.0954362500007,0.5000590682029724,0.5000590682029724,0.0,1.0,0.5445461377444512,0.5447655868301011,0.9998031169324197,0.9998031258583069,0.9998026651389388,0.9999931022117415,0.9999930866829521,0.9999910228866793,0.9999910057319829,14.51641537927121,56.88120300047767,,1164.9394035291066,False,False,False,,[]
972,972,973,True,1.0,1.0,972.0,973.0,972.0,973.0,973.0,0.0,45.9,40.6,-712.7150939322912,0.500059187412262,0.500059187412262,0.0,1.0,0.5447655868301011,0.5451292381403757,0.9998026651389388,0.9998026490211487,0.9998019760433684,0.9999930866829521,0.9999930711351916,0.9999910057319829,0.9999909808321815,24.069424544294883,94.25841962318083,,1341.0114130674185,False,False,False,,[]
973,973,974,True,1.0,1.0,973.0,974.0,973.0,974.0,974.0,0.0,40.6,35.3,-716.5176023958339,0.5000594258308411,0.5000594258308411,0.0,1.0,0.5451292381403757,0.5454450317700623,0.9998019760433684,0.9998019933700562,0.9998013590284706,0.9999930711351916,0.9999930520741165,0.9999909808321815,0.9999909588671289,20.902644360660684,81.85370881475346,,1270.7546189938334,False,False,False,,[]
974,974,975,True,1.0,1.0,974.0,975.0,974.0,975.0,975.0,0.0,35.3,30.0,-719.8541387239579,0.5000596046447754,0.5000596046447754,0.0,1.0,0.5454450317700623,0.5457085389250615,0.9998013590284706,0.9998013377189636,0.9998008285759009,0.9999930520741165,0.9999930328809373,0.9999909588671289,0.999990931229236,17.44175582387877,68.30105457580768,,1195.6442574687844,False,False,False,,[]
975,975,976,True,1.0,1.0,975.0,976.0,975.0,976.0,976.0,0.0,30.0,24.7,-722.7247029166673,0.5000597834587097,0.5000597834587097,0.0,1.0,0.5457085389250615,0.5459338166736138,0.9998008285759009,0.9998008012771606,0.9998003660961367,0.9999930328809373,0.9999930180634868,0.999990931229236,0.9999909110310545,14.911571119451555,58.3919924247449,,1168.2435971619943,False,False,False,,[]
976,976,977,True,1.0,1.0,976.0,977.0,976.0,977.0,977.0,0.0,24.7,19.3,-740.4801283072911,0.5000599026679993,0.5000599026679993,0.0,1.0,0.5459338166736138,0.5461225748756259,0.9998003660961367,0.9998003840446472,0.999799971897034,0.9999930180634868,0.999993006781475,0.9999909110310545,0.9999908971741431,12.49429433107211,48.926125961528555,,1141.8123760070914,False,False,False,,[]
977,977,978,True,1.0,1.0,977.0,978.0,977.0,978.0,978.0,0.0,19.3,16.0,-420.0833470572918,0.5000600218772888,0.5000600218772888,0.0,1.0,0.5461225748756259,0.5462042723951684,0.999799971897034,0.9997999668121338,0.9997998071437945,0.999993006781475,0.9999929988335854,0.9999908971741431,0.9999908888520312,5.406433704785781,21.17599706543439,,1051.4718543420938,False,False,False,,[]
978,978,979,True,1.0,1.0,978.0,979.0,978.0,979.0,979.0,0.0,16.0,13.2,-344.29538000000025,0.5000600814819336,0.5000600814819336,0.0,1.0,0.5462042723951684,0.5462486530600329,0.9997998071437945,0.9997997879981995,0.9997997208529741,0.9999929988335854,0.9999929938571798,0.9999908888520312,0.9999908689556924,2.9367444739794273,11.503468332874938,,1010.9984891936614,False,False,False,,[]
979,979,980,True,1.0,1.0,979.0,980.0,979.0,980.0,980.0,0.0,13.2,10.7,-298.9210195833335,0.5000600814819336,0.5000600814819336,0.0,1.0,0.5462486530600329,0.54627912959992,0.9997997208529741,0.9997997283935547,0.9997996623969602,0.9999929938571798,0.9999929891823087,0.9999908689556924,0.9999908548168623,2.016660621627688,7.899519138727519,,1005.8512756016526,False,False,False,,[]
980,980,981,True,1.0,1.0,980.0,981.0,980.0,981.0,981.0,0.0,10.7,8.8,-207.31160226562474,0.5000600814819336,0.5000600814819336,0.0,1.0,0.54627912959992,0.5462944432268826,0.9997996623969602,0.9997996687889099,0.9997996334568924,0.9999929891823087,0.9999929844655288,0.9999908548168623,0.9999908468163584,1.0132936497024325,3.9692921087002504,,999.7024248686356,False,False,False,,[]
981,981,982,True,1.0,1.0,981.0,982.0,981.0,982.0,982.0,0.0,8.8,7.2,-161.56640500000012,0.5000601410865784,0.5000601410865784,0.0,1.0,0.5462944432268826,0.5463030772881373,0.9997996334568924,0.9997996091842651,0.999799617246305,0.9999929844655288,0.9999929802073086,0.9999908468163584,0.9999908417003633,0.5713088462756823,2.2379486772194923,,997.6443495218116,False,False,False,,[]
982,982,983,True,1.0,1.0,982.0,983.0,982.0,983.0,983.0,0.0,7.2,5.5,-177.12957166666678,0.5000601410865784,0.5000601410865784,0.0,1.0,0.5463030772881373,0.5463104867851979,0.999799617246305,0.9997996091842651,0.9997996033515116,0.9999929802073086,0.9999929763904019,0.9999908417003633,0.9999908372483766,0.4902855708055558,1.9205416380888467,,997.7561702536253,False,False,False,,[]
983,983,984,True,1.0,1.0,983.0,984.0,983.0,984.0,984.0,0.0,5.5,3.2,-269.4136449739583,0.5000601410865784,0.5000601410865784,0.0,1.0,0.5463104867851979,0.5463182069492734,0.9997996033515116,0.9997996091842651,0.9997995888697337,0.9999929763904019,0.9999929724134018,0.9999908372483766,0.9999908326096593,0.5108497191236979,2.0010665283479976,,997.6617491560592,False,False,False,,[]
984,984,985,True,1.0,1.0,984.0,985.0,984.0,985.0,985.0,0.0,3.2,1.1,-238.8779466666667,0.5000601410865784,0.5000601410865784,0.0,1.0,0.5463182069492734,0.5463215901862882,0.9997995888697337,0.9997996091842651,0.9997995825501975,0.9999929724134018,0.9999929706705467,0.9999908326096593,0.9999908305768175,0.22387151155555557,0.876935034267123,,998.9766348748632,False,False,False,,[]
985,985,986,True,1.0,1.0,985.0,986.0,985.0,986.0,986.0,0.0,1.1,0.0,-85.44451059895835,0.5000601410865784,0.5000601410865784,0.0,1.0,0.5463215901862882,0.5463218997601086,0.9997995825501975,0.9997996091842651,0.9997995819736818,0.9999929706705467,0.9999929705110714,0.9999908305768175,0.9999908303908076,0.020484773694878472,0.0802415342417912,,999.9064458051504,False,False,False,,[]
986,986,987,True,1.0,1.0,986.0,987.0,986.0,987.0,987.0,0.0,0.0,0.0,83.40462000000002,0.5000601410865784,0.5000601410865784,0.0,1.0,0.5463218997601086,0.5463218997601086,0.9997995819736818,0.9997996091842651,0.9997995819736818,0.9999929705110714,0.9999929705110714,0.9999908303908076,0.9999908303908076,-0.0,0.0,,1000.0,False,False,False,,[]
987,987,988,True,1.0,1.0,987.0,988.0,987.0,988.0,988.0,0.0,0.0,0.0,83.40462000000002,0.5000601410865784,0.5000601410865784,0.0,1.0,0.5463218997601086,0.5463218997601086,0.9997995819736818,0.9997996091842651,0.9997995819736818,0.9999929705110714,0.9999929705110714,0.9999908303908076,0.9999908303908076,-0.0,0.0,,1000.0,False,False,False,,[]
988,988,989,True,1.0,1.0,988.0,989.0,988.0,989.0,989.0,0.0,0.0,0.0,83.40462000000002,0.5000601410865784,0.5000601410865784,0.0,1.0,0.5463218997601086,0.5463218997601086,0.9997995819736818,0.9997996091842651,0.9997995819736818,0.9999929705110714,0.9999929705110714,0.9999908303908076,0.9999908303908076,-0.0,0.0,,1000.0,False,False,False,,[]
989,989,990,True,1.0,1.0,989.0,990.0,989.0,990.0,990.0,0.0,0.0,0.0,83.40462000000002,0.5000601410865784,0.5000601410865784,0.0,1.0,0.5463218997601086,0.5463218997601086,0.9997995819736818,0.9997996091842651,0.9997995819736818,0.9999929705110714,0.9999929705110714,0.9999908303908076,0.9999908303908076,-0.0,0.0,,1000.0,False,False,False,,[]
990,990,991,True,1.0,1.0,990.0,991.0,990.0,991.0,991.0,0.0,0.0,0.0,83.40462000000002,0.5000601410865784,0.5000601410865784,0.0,1.0,0.5463218997601086,0.5463218997601086,0.9997995819736818,0.9997996091842651,0.9997995819736818,0.9999929705110714,0.9999929705110714,0.9999908303908076,0.9999908303908076,-0.0,0.0,,1000.0,False,False,False,,[]
991,991,992,True,1.0,1.0,991.0,992.0,991.0,992.0,992.0,0.0,0.0,0.0,83.40462000000002,0.5000601410865784,0.5000601410865784,0.0,1.0,0.5463218997601086,0.5463218997601086,0.9997995819736818,0.9997996091842651,0.9997995819736818,0.9999929705110714,0.9999929705110714,0.9999908303908076,0.9999908303908076,-0.0,0.0,,1000.0,False,False,False,,[]
992,992,993,True,1.0,1.0,992.0,993.0,992.0,993.0,993.0,0.0,0.0,0.0,83.40462000000002,0.5000601410865784,0.5000601410865784,0.0,1.0,0.5463218997601086,0.5463218997601086,0.9997995819736818,0.9997996091842651,0.9997995819736818,0.9999929705110714,0.9999929705110714,0.9999908303908076,0.9999908303908076,-0.0,0.0,,1000.0,False,False,False,,[]
993,993,994,True,1.0,1.0,993.0,994.0,993.0,994.0,994.0,0.0,0.0,0.0,83.40462000000002,0.5000601410865784,0.5000601410865784,0.0,1.0,0.5463218997601086,0.5463218997601086,0.9997995819736818,0.9997996091842651,0.9997995819736818,0.9999929705110714,0.9999929705110714,0.9999908303908076,0.9999908303908076,-0.0,0.0,,1000.0,False,False,False,,[]
994,994,995,True,1.0,1.0,994.0,995.0,994.0,995.0,995.0,0.0,0.0,0.0,83.40462000000002,0.5000601410865784,0.5000601410865784,0.0,1.0,0.5463218997601086,0.5463218997601086,0.9997995819736818,0.9997996091842651,0.9997995819736818,0.9999929705110714,0.9999929705110714,0.9999908303908076,0.9999908303908076,-0.0,0.0,,1000.0,False,False,False,,[]
995,995,996,True,1.0,1.0,995.0,996.0,995.0,996.0,996.0,0.0,0.0,0.0,83.40462000000002,0.5000601410865784,0.5000601410865784,0.0,1.0,0.5463218997601086,0.5463218997601086,0.9997995819736818,0.9997996091842651,0.9997995819736818,0.9999929705110714,0.9999929705110714,0.9999908303908076,0.9999908303908076,-0.0,0.0,,1000.0,False,False,False,,[]
996,996,997,True,1.0,1.0,996.0,997.0,996.0,997.0,997.0,0.0,0.0,0.0,83.40462000000002,0.5000601410865784,0.5000601410865784,0.0,1.0,0.5463218997601086,0.5463218997601086,0.9997995819736818,0.9997996091842651,0.9997995819736818,0.9999929705110714,0.9999929705110714,0.9999908303908076,0.9999908303908076,-0.0,0.0,,1000.0,False,False,False,,[]
997,997,998,True,1.0,1.0,997.0,998.0,997.0,998.0,998.0,0.0,0.0,0.0,83.40462000000002,0.5000601410865784,0.5000601410865784,0.0,1.0,0.5463218997601086,0.5463218997601086,0.9997995819736818,0.9997996091842651,0.9997995819736818,0.9999929705110714,0.9999929705110714,0.9999908303908076,0.9999908303908076,-0.0,0.0,,1000.0,False,False,False,,[]
998,998,999,True,1.0,1.0,998.0,999.0,998.0,999.0,999.0,0.0,0.0,0.0,83.40462000000002,0.5000601410865784,0.5000601410865784,0.0,1.0,0.5463218997601086,0.5463218997601086,0.9997995819736818,0.9997996091842651,0.9997995819736818,0.9999929705110714,0.9999929705110714,0.9999908303908076,0.9999908303908076,-0.0,0.0,,1000.0,False,False,False,,[]
999,999,1000,True,1.0,1.0,999.0,1000.0,999.0,1000.0,1000.0,0.0,0.0,0.0,83.40462000000002,0.5000601410865784,0.5000601410865784,0.0,1.0,0.5463218997601086,0.5463218997601086,0.9997995819736818,0.9997996091842651,0.9997995819736818,0.9999929705110714,0.9999929705110714,0.9999908303908076,0.9999908303908076,-0.0,0.0,,1000.0,False,False,False,,[]
1000,1000,1001,True,1.0,1.0,1000.0,1001.0,1000.0,1001.0,1001.0,0.0,0.0,0.0,83.40462000000002,0.5000601410865784,0.5000601410865784,0.0,1.0,0.5463218997601086,0.5463218997601086,0.9997995819736818,0.9997996091842651,0.9997995819736818,0.9999929705110714,0.9999929705110714,0.9999908303908076,0.9999908303908076,-0.0,0.0,,1000.0,False,False,False,,[]
1001,1001,1002,True,1.0,1.0,1001.0,1002.0,1001.0,1002.0,1002.0,0.0,0.0,0.0,83.40462000000002,0.5000601410865784,0.5000601410865784,0.0,1.0,0.5463218997601086,0.5463218997601086,0.9997995819736818,0.9997996091842651,0.9997995819736818,0.9999929705110714,0.9999929705110714,0.9999908303908076,0.9999908303908076,-0.0,0.0,,1000.0,False,False,False,,[]
1002,1002,1003,True,1.0,1.0,1002.0,1003.0,1002.0,1003.0,1003.0,0.0,0.0,0.0,83.40462000000002,0.5000601410865784,0.5000601410865784,0.0,1.0,0.5463218997601086,0.5463218997601086,0.9997995819736818,0.9997996091842651,0.9997995819736818,0.9999929705110714,0.9999929705110714,0.9999908303908076,0.9999908303908076,-0.0,0.0,,1000.0,False,False,False,,[]
1003,1003,1004,True,1.0,1.0,1003.0,1004.0,1003.0,1004.0,1004.0,0.0,0.0,0.0,83.40462000000002,0.5000601410865784,0.5000601410865784,0.0,1.0,0.5463218997601086,0.5463218997601086,0.9997995819736818,0.9997996091842651,0.9997995819736818,0.9999929705110714,0.9999929705110714,0.9999908303908076,0.9999908303908076,-0.0,0.0,,1000.0,False,False,False,,[]
1004,1004,1005,True,1.0,1.0,1004.0,1005.0,1004.0,1005.0,1005.0,0.0,0.0,0.0,83.40462000000002,0.5000601410865784,0.5000601410865784,0.0,1.0,0.5463218997601086,0.5463218997601086,0.9997995819736818,0.9997996091842651,0.9997995819736818,0.9999929705110714,0.9999929705110714,0.9999908303908076,0.9999908303908076,-0.0,0.0,,1000.0,False,False,False,,[]
1005,1005,1006,True,1.0,1.0,1005.0,1006.0,1005.0,1006.0,1006.0,0.0,0.0,0.0,83.40462000000002,0.5000601410865784,0.5000601410865784,0.0,1.0,0.5463218997601086,0.5463218997601086,0.9997995819736818,0.9997996091842651,0.9997995819736818,0.9999929705110714,0.9999929705110714,0.9999908303908076,0.9999908303908076,-0.0,0.0,,1000.0,False,False,False,,[]
1006,1006,1007,True,1.0,1.0,1006.0,1007.0,1006.0,1007.0,1007.0,0.0,0.0,0.0,83.40462000000002,0.5000601410865784,0.5000601410865784,0.0,1.0,0.5463218997601086,0.5463218997601086,0.9997995819736818,0.9997996091842651,0.9997995819736818,0.9999929705110714,0.9999929705110714,0.9999908303908076,0.9999908303908076,-0.0,0.0,,1000.0,False,False,False,,[]
1007,1007,1008,True,1.0,1.0,1007.0,1008.0,1007.0,1008.0,1008.0,0.0,0.0,0.0,83.40462000000002,0.5000601410865784,0.5000601410865784,0.0,1.0,0.5463218997601086,0.5463218997601086,0.9997995819736818,0.9997996091842651,0.9997995819736818,0.9999929705110714,0.9999929705110714,0.9999908303908076,0.9999908303908076,-0.0,0.0,,1000.0,False,False,False,,[]
1008,1008,1009,True,1.0,1.0,1008.0,1009.0,1008.0,1009.0,1009.0,0.0,0.0,0.0,83.40462000000002,0.5000601410865784,0.5000601410865784,0.0,1.0,0.5463218997601086,0.5463218997601086,0.9997995819736818,0.9997996091842651,0.9997995819736818,0.9999929705110714,0.9999929705110714,0.9999908303908076,0.9999908303908076,-0.0,0.0,,1000.0,False,False,False,,[]
1009,1009,1010,True,1.0,1.0,1009.0,1010.0,1009.0,1010.0,1010.0,0.0,0.0,0.0,83.40462000000002,0.5000601410865784,0.5000601410865784,0.0,1.0,0.5463218997601086,0.5463218997601086,0.9997995819736818,0.9997996091842651,0.9997995819736818,0.9999929705110714,0.9999929705110714,0.9999908303908076,0.9999908303908076,-0.0,0.0,,1000.0,False,False,False,,[]
1010,1010,1011,True,1.0,1.0,1010.0,1011.0,1010.0,1011.0,1011.0,0.0,0.0,0.0,83.40462000000002,0.5000601410865784,0.5000601410865784,0.0,1.0,0.5463218997601086,0.5463218997601086,0.9997995819736818,0.9997996091842651,0.9997995819736818,0.9999929705110714,0.9999929705110714,0.9999908303908076,0.9999908303908076,-0.0,0.0,,1000.0,False,False,False,,[]
1011,1011,1012,True,1.0,1.0,1011.0,1012.0,1011.0,1012.0,1012.0,0.0,0.0,0.0,83.40462000000002,0.5000601410865784,0.5000601410865784,0.0,1.0,0.5463218997601086,0.5463218997601086,0.9997995819736818,0.9997996091842651,0.9997995819736818,0.9999929705110714,0.9999929705110714,0.9999908303908076,0.9999908303908076,-0.0,0.0,,1000.0,False,False,False,,[]
1012,1012,1013,True,1.0,1.0,1012.0,1013.0,1012.0,1013.0,1013.0,0.0,0.0,0.0,83.40462000000002,0.5000601410865784,0.5000601410865784,0.0,1.0,0.5463218997601086,0.5463218997601086,0.9997995819736818,0.9997996091842651,0.9997995819736818,0.9999929705110714,0.9999929705110714,0.9999908303908076,0.9999908303908076,-0.0,0.0,,1000.0,False,False,False,,[]
1013,1013,1014,True,1.0,1.0,1013.0,1014.0,1013.0,1014.0,1014.0,0.0,0.0,0.0,83.40462000000002,0.5000601410865784,0.5000601410865784,0.0,1.0,0.5463218997601086,0.5463218997601086,0.9997995819736818,0.9997996091842651,0.9997995819736818,0.9999929705110714,0.9999929705110714,0.9999908303908076,0.9999908303908076,-0.0,0.0,,1000.0,False,False,False,,[]
1014,1014,1015,True,1.0,1.0,1014.0,1015.0,1014.0,1015.0,1015.0,0.0,0.0,0.0,83.40462000000002,0.5000601410865784,0.5000601410865784,0.0,1.0,0.5463218997601086,0.5463218997601086,0.9997995819736818,0.9997996091842651,0.9997995819736818,0.9999929705110714,0.9999929705110714,0.9999908303908076,0.9999908303908076,-0.0,0.0,,1000.0,False,False,False,,[]
1015,1015,1016,True,1.0,1.0,1015.0,1016.0,1015.0,1016.0,1016.0,0.0,0.0,0.0,83.40462000000002,0.5000601410865784,0.5000601410865784,0.0,1.0,0.5463218997601086,0.5463218997601086,0.9997995819736818,0.9997996091842651,0.9997995819736818,0.9999929705110714,0.9999929705110714,0.9999908303908076,0.9999908303908076,-0.0,0.0,,1000.0,False,False,False,,[]
1016,1016,1017,True,1.0,1.0,1016.0,1017.0,1016.0,1017.0,1017.0,0.0,0.0,0.0,83.40462000000002,0.5000601410865784,0.5000601410865784,0.0,1.0,0.5463218997601086,0.5463218997601086,0.9997995819736818,0.9997996091842651,0.9997995819736818,0.9999929705110714,0.9999929705110714,0.9999908303908076,0.9999908303908076,-0.0,0.0,,1000.0,False,False,False,,[]
1017,1017,1018,True,1.0,1.0,1017.0,1018.0,1017.0,1018.0,1018.0,0.0,0.0,0.0,83.40462000000002,0.5000601410865784,0.5000601410865784,0.0,1.0,0.5463218997601086,0.5463218997601086,0.9997995819736818,0.9997996091842651,0.9997995819736818,0.9999929705110714,0.9999929705110714,0.9999908303908076,0.9999908303908076,-0.0,0.0,,1000.0,False,False,False,,[]
1018,1018,1019,True,1.0,1.0,1018.0,1019.0,1018.0,1019.0,1019.0,0.0,0.0,0.0,83.40462000000002,0.5000601410865784,0.5000601410865784,0.0,1.0,0.5463218997601086,0.5463218997601086,0.9997995819736818,0.9997996091842651,0.9997995819736818,0.9999929705110714,0.9999929705110714,0.9999908303908076,0.9999908303908076,-0.0,0.0,,1000.0,False,False,False,,[]
1019,1019,1020,True,1.0,1.0,1019.0,1020.0,1019.0,1020.0,1020.0,0.0,0.0,0.0,83.40462000000002,0.5000601410865784,0.5000601410865784,0.0,1.0,0.5463218997601086,0.5463218997601086,0.9997995819736818,0.9997996091842651,0.9997995819736818,0.9999929705110714,0.9999929705110714,0.9999908303908076,0.9999908303908076,-0.0,0.0,,1000.0,False,False,False,,[]
1020,1020,1021,True,1.0,1.0,1020.0,1021.0,1020.0,1021.0,1021.0,0.0,0.0,0.0,83.40462000000002,0.5000601410865784,0.5000601410865784,0.0,1.0,0.5463218997601086,0.5463218997601086,0.9997995819736818,0.9997996091842651,0.9997995819736818,0.9999929705110714,0.9999929705110714,0.9999908303908076,0.9999908303908076,-0.0,0.0,,1000.0,False,False,False,,[]
1021,1021,1022,True,1.0,1.0,1021.0,1022.0,1021.0,1022.0,1022.0,0.0,0.0,0.0,83.40462000000002,0.5000601410865784,0.5000601410865784,0.0,1.0,0.5463218997601086,0.5463218997601086,0.9997995819736818,0.9997996091842651,0.9997995819736818,0.9999929705110714,0.9999929705110714,0.9999908303908076,0.9999908303908076,-0.0,0.0,,1000.0,False,False,False,,[]
1022,1022,1023,True,1.0,1.0,1022.0,1023.0,1022.0,1023.0,1023.0,0.0,0.0,0.0,83.40462000000002,0.5000601410865784,0.5000601410865784,0.0,1.0,0.5463218997601086,0.5463218997601086,0.9997995819736818,0.9997996091842651,0.9997995819736818,0.9999929705110714,0.9999929705110714,0.9999908303908076,0.9999908303908076,-0.0,0.0,,1000.0,False,False,False,,[]
1023,1023,1024,True,1.0,1.0,1023.0,1024.0,1023.0,1024.0,1024.0,0.0,0.0,0.0,83.40462000000002,0.5000601410865784,0.5000601410865784,0.0,1.0,0.5463218997601086,0.5463218997601086,0.9997995819736818,0.9997996091842651,0.9997995819736818,0.9999929705110714,0.9999929705110714,0.9999908303908076,0.9999908303908076,-0.0,0.0,,1000.0,False,False,False,,[]
1024,1024,1025,True,1.0,1.0,1024.0,1025.0,1024.0,1025.0,1025.0,0.0,0.0,0.0,83.40462000000002,0.5000601410865784,0.5000601410865784,0.0,1.0,0.5463218997601086,0.5463218997601086,0.9997995819736818,0.9997996091842651,0.9997995819736818,0.9999929705110714,0.9999929705110714,0.9999908303908076,0.9999908303908076,-0.0,0.0,,1000.0,False,False,False,,[]
1025,1025,1026,True,1.0,1.0,1025.0,1026.0,1025.0,1026.0,1026.0,0.0,0.0,0.0,83.40462000000002,0.5000601410865784,0.5000601410865784,0.0,1.0,0.5463218997601086,0.5463218997601086,0.9997995819736818,0.9997996091842651,0.9997995819736818,0.9999929705110714,0.9999929705110714,0.9999908303908076,0.9999908303908076,-0.0,0.0,,1000.0,False,False,False,,[]
1026,1026,1027,True,1.0,1.0,1026.0,1027.0,1026.0,1027.0,1027.0,0.0,0.0,0.8,206.2112866666667,0.5000601410865784,0.5000601410865784,0.0,1.0,0.5463218997601086,0.5463198111342816,0.9997995819736818,0.9997996091842651,0.999799578077283,0.9999929705110714,0.9999929702311608,0.9999908303908076,0.9999908300643239,-0.1382344807552651,-0.5413718143505585,,996.9248258954553,False,False,False,,[]
1027,1027,1028,True,1.0,1.0,1027.0,1028.0,1027.0,1028.0,1028.0,0.0,0.8,3.6,513.2332616666667,0.5000601410865784,0.5000601410865784,0.0,1.0,0.5463198111342816,0.5462912180494803,0.999799578077283,0.9997995495796204,0.9997995233348175,0.9999929702311608,0.9999929663995251,0.9999908300643239,0.9999908255951573,-1.8922627378358752,-7.411327580490296,,959.3539629955028,False,False,False,,[]
1028,1028,1029,True,1.0,1.0,1028.0,1029.0,1028.0,1029.0,1029.0,0.0,3.6,8.6,851.0537804166668,0.5000601410865784,0.5000601410865784,0.0,1.0,0.5462912180494803,0.546159709153316,0.9997995233348175,0.9997995495796204,0.9997992448875896,0.9999929663995251,0.9999929487824587,0.9999908255951573,0.999990805046857,-8.700231373456791,-34.08710588577756,,835.0598295571086,False,False,False,,[]
1029,1029,1030,True,1.0,1.0,1029.0,1030.0,1029.0,1030.0,1030.0,0.0,8.6,14.6,1005.0680642708335,0.5000602006912231,0.5374004707885385,0.07468953291764835,1.0,0.546159709153316,0.5459277339494645,0.9997992448875896,0.9997992515563965,0.9997987702315114,0.9999929487824587,0.9999929357387376,0.999990805046857,0.999990762346653,-15.341104557966567,-60.127972838334045,,748.9600295945997,False,False,False,,[]
1030,1030,1031,True,1.0,1.0,1030.0,1031.0,1030.0,1031.0,1031.0,0.0,14.6,20.0,914.1176267708335,0.5000603795051575,0.5000603795051575,0.0,1.0,0.5459277339494645,0.5456831922359892,0.9997987702315114,0.9997987747192383,0.9997982730316018,0.9999929357387376,0.9999929216766427,0.999990762346653,0.999990737180196,-16.169977223499448,-63.38521213279588,,749.9117412274096,False,False,False,,[]
1031,1031,1032,True,1.0,1.0,1031.0,1032.0,1031.0,1032.0,1032.0,0.0,20.0,24.4,762.1589949999998,0.500060498714447,0.500060498714447,0.0,1.0,0.5456831922359892,0.545435347856454,0.9997982730316018,0.9997982978820801,0.9997977699735546,0.9999929216766427,0.9999929099587495,0.999990737180196,0.9999907188248339,-16.386580170833483,-64.24126317553248,,752.8853731948668,False,False,False,,[]
1032,1032,1033,True,1.0,1.0,1032.0,1033.0,1032.0,1033.0,1033.0,0.0,24.4,28.2,671.6743637500005,0.5000606775283813,0.5000606775283813,0.0,1.0,0.545435347856454,0.5451733771924071,0.9997977699735546,0.9997977614402771,0.9997972421796492,0.9999929099587495,0.9999928974182477,0.9999907188248339,0.9999906970744546,-17.31810617004819,-67.90279612095028,,741.2673504546794,False,False,False,,[]
1033,1033,1034,True,1.0,1.0,1033.0,1034.0,1033.0,1034.0,1034.0,0.0,28.2,31.7,627.2797226041669,0.5000608563423157,0.5000608563423157,0.0,1.0,0.5451733771924071,0.5449019819359482,0.9997972421796492,0.9997972249984741,0.9997966981779396,0.9999928974182477,0.9999928831431404,0.9999906970744546,0.999990681898695,-17.93879887040452,-70.34565047414463,,737.8732590117064,False,False,False,,[]
1034,1034,1035,True,1.0,1.0,1034.0,1035.0,1034.0,1035.0,1035.0,0.0,31.7,35.0,598.3169498177081,0.5000609755516052,0.5000609755516052,0.0,1.0,0.5449019819359482,0.5446019602608868,0.9997966981779396,0.9997966885566711,0.9997961064517215,0.9999928831431404,0.9999928674027921,0.999990681898695,0.9999906554162282,-19.827145945277802,-77.76561817592203,,713.563429125227,False,False,False,,[]
1035,1035,1036,True,1.0,1.0,1035.0,1036.0,1035.0,1036.0,1036.0,0.0,35.0,37.6,492.6867684375006,0.5000611543655396,0.5000611543655396,0.0,1.0,0.5446019602608868,0.5443435441248572,0.9997961064517215,0.9997960925102234,0.9997955848324983,0.9999928674027921,0.999992853801932,0.9999906554162282,0.9999906409694959,-17.077943758450193,-66.98146245886777,,747.0348408391883,False,False,False,,[]
1036,1036,1037,True,1.0,1.0,1036.0,1037.0,1036.0,1037.0,1037.0,0.0,37.6,39.7,417.4982283333337,0.5000613331794739,0.5000613331794739,0.0,1.0,0.5443435441248572,0.5441109461580066,0.9997955848324983,0.9997955560684204,0.9997951090498518,0.999992853801932,0.999992842008109,0.9999906409694959,0.9999906279349446,-15.37155156823347,-60.28939300768622,,766.2808204635372,False,False,False,,[]
1037,1037,1038,True,1.0,1.0,1037.0,1038.0,1037.0,1038.0,1038.0,0.0,39.7,41.5,372.7921373177074,0.5000614523887634,0.5000614523887634,0.0,1.0,0.5441109461580066,0.5438930164955353,0.9997951090498518,0.999795138835907,0.999794660055612,0.999992842008109,0.9999928311578675,0.9999906279349446,0.9999906157089381,-14.4017276251342,-56.487368512544975,,777.6622222423306,False,False,False,,[]
1038,1038,1039,True,1.0,1.0,1038.0,1039.0,1038.0,1039.0,1039.0,0.0,41.5,43.6,420.05692794270874,0.5000616312026978,0.5000616312026978,0.0,1.0,0.5438930164955353,0.5436344137055671,0.999794660055612,0.9997946619987488,0.9997941381113119,0.9999928311578675,0.9999928173236193,0.9999906157089381,0.9999906012711918,-17.08621160898949,-67.02984315976418,,746.7873872160067,False,False,False,,[]
1039,1039,1040,True,1.0,1.0,1039.0,1040.0,1039.0,1040.0,1040.0,0.0,43.6,46.0,467.591697083333,0.5000617504119873,0.5000617504119873,0.0,1.0,0.5436344137055671,0.543330558574202,0.9997941381113119,0.9997941255569458,0.9997935401713408,0.9999928173236193,0.9999928005235313,0.9999906012711918,0.9999905843497879,-20.071523678092845,-78.75925004982271,,715.6297588313246,False,False,False,,[]
1040,1040,1041,True,1.0,1.0,1040.0,1041.0,1040.0,1041.0,1041.0,0.0,46.0,48.4,469.375297083333,0.5000619292259216,0.5000619292259216,0.0,1.0,0.543330558574202,0.5430080341356125,0.9997935401713408,0.999793529510498,0.9997929125895499,0.9999928005235313,0.9999927843482929,0.9999905843497879,0.9999905634764038,-21.3013162676638,-83.59833448240708,,703.0711072588923,False,False,False,,[]
1041,1041,1042,True,1.0,1.0,1041.0,1042.0,1041.0,1042.0,1042.0,0.0,48.4,50.5,425.2019470833337,0.500062108039856,0.500062108039856,0.0,1.0,0.5430080341356125,0.5427013850986189,0.9997929125895499,0.9997929334640503,0.999792310147883,0.9999927843482929,0.999992768622542,0.9999905634764038,0.999990543574444,-20.251650285895032,-79.48343038875343,,713.0018452905246,False,False,False,,[]
1042,1042,1043,True,1.0,1.0,1042.0,1043.0,1042.0,1043.0,1043.0,0.0,50.5,51.9,319.46875085937523,0.5000622868537903,0.5000622868537903,0.0,1.0,0.5427013850986189,0.5424642829147788,0.999792310147883,0.9997923374176025,0.9997918262460554,0.999992768622542,0.9999927564979414,0.999990543574444,0.999990529361916,-15.660552229108365,-61.4568860513536,,762.2941881357804,False,False,False,,[]
1043,1043,1044,True,1.0,1.0,1043.0,1044.0,1043.0,1044.0,1044.0,0.0,51.9,52.6,213.20198419270847,0.5000624656677246,0.5000624656677246,0.0,1.0,0.5424642829147788,0.5422959616847418,0.9997918262460554,0.9997918009757996,0.9997914715761046,0.9999927564979414,0.9999927449848215,0.999990529361916,0.9999905169318112,-11.119268724584238,-43.62886282558245,,814.5103720486304,False,False,False,,[]
1044,1044,1045,True,1.0,1.0,1044.0,1045.0,1044.0,1045.0,1045.0,0.0,52.6,52.8,137.05454343749992,0.5000625848770142,0.5000625848770142,0.0,1.0,0.5422959616847418,0.5421795450443618,0.9997914715761046,0.9997914433479309,0.9997912286966444,0.9999927449848215,0.9999927352228792,0.9999905169318112,0.9999905052866551,-7.6914591381989466,-30.17519318649328,,860.502491413559,False,False,False,,[]
1045,1045,1046,True,1.0,1.0,1045.0,1046.0,1045.0,1046.0,1046.0,0.0,52.8,52.9,121.87855333333279,0.5000626444816589,0.5000626444816589,0.0,1.0,0.5421795450443618,0.5420746752821783,0.9997912286966444,0.9997912049293518,0.9997910123649026,0.9999927352228792,0.9999927260343857,0.9999905052866551,0.9999904946262487,-6.928754445887172,-27.182242357965027,,872.3325320480117,False,False,False,,[]
1046,1046,1047,True,1.0,1.0,1046.0,1047.0,1046.0,1047.0,1047.0,0.0,52.9,53.1,137.3170571093759,0.5000627040863037,0.5000627040863037,0.0,1.0,0.5420746752821783,0.5419574156680667,0.9997910123649026,0.9997910261154175,0.9997907675249255,0.9999927260343857,0.9999927162254417,0.9999904946262487,0.9999904828977508,-7.747009150879433,-30.393691977746673,,859.6374855877577,False,False,False,,[]
1047,1047,1048,True,1.0,1.0,1047.0,1048.0,1047.0,1048.0,1048.0,0.0,53.1,53.3,137.4928956510406,0.5000627636909485,0.5000627636909485,0.0,1.0,0.5419574156680667,0.5418413878683928,0.9997907675249255,0.9997907876968384,0.9997905255487646,0.9999927162254417,0.999992706385242,0.9999904828977508,0.999990472595212,-7.665575403389778,-30.074405675481245,,861.7954536675009,False,False,False,,[]
1048,1048,1049,True,1.0,1.0,1048.0,1049.0,1048.0,1049.0,1049.0,0.0,53.3,53.1,76.26606440104277,0.5000628232955933,0.5000628232955933,0.0,1.0,0.5418413878683928,0.5417734542328185,0.9997905255487646,0.9997905492782593,0.9997903903843782,0.999992706385242,0.9999926996086729,0.999990472595212,0.9999904656070171,-4.488788605530159,-17.60839834083809,,913.0628668612542,False,False,False,,[]
1049,1049,1050,True,1.0,1.0,1049.0,1050.0,1049.0,1050.0,1050.0,0.0,53.1,52.3,-16.01543768229221,0.500062882900238,0.500062882900238,0.0,1.0,0.5417734542328185,0.5417821860827828,0.9997903903843782,0.999790370464325,0.9997903739886226,0.9999926996086729,0.9999926990241487,0.9999904656070171,0.999990463561697,0.5771123653757365,2.263295510746752,,1004.4824325997708,False,False,False,,[]
1050,1050,1051,True,1.0,1.0,1050.0,1051.0,1050.0,1051.0,1051.0,0.0,52.3,50.7,-139.52147726562416,0.500062882900238,0.500062882900238,0.0,1.0,0.5417821860827828,0.5418554065998339,0.9997903739886226,0.999790370464325,0.9997902275497502,0.9999926990241487,0.9999926893115852,0.999990463561697,0.9999904503030754,4.840572043114185,18.978758019645078,,1036.9199978068675,False,False,False,,[]
1051,1051,1052,True,1.0,1.0,1051.0,1052.0,1051.0,1052.0,1052.0,0.0,50.7,48.8,-186.94087309895974,0.5000629425048828,0.5000629425048828,0.0,1.0,0.5418554065998339,0.5419518360099348,0.9997902275497502,0.9997902512550354,0.9997900302649904,0.9999926893115852,0.9999926785034683,0.9999904503030754,0.9999904331735242,6.375848054308374,24.99450309815093,,1051.2630181211514,False,False,False,,[]
1052,1052,1053,True,1.0,1.0,1052.0,1053.0,1052.0,1053.0,1053.0,0.0,48.8,46.5,-249.91223833333257,0.5000630021095276,0.5000630021095276,0.0,1.0,0.5419518360099348,0.542085672208767,0.9997900302649904,0.9997900128364563,0.999789746244202,0.9999926785034683,0.999992667849483,0.9999904331735242,0.9999904205150266,8.850937926308422,34.690342737326134,,1089.4689759461805,False,False,False,,[]
1053,1053,1054,True,1.0,1.0,1053.0,1054.0,1053.0,1054.0,1054.0,0.0,46.5,43.8,-313.13359289062504,0.5000630617141724,0.5000630617141724,0.0,1.0,0.542085672208767,0.5422499338012309,0.999789746244202,0.9997897744178772,0.9997893995330588,0.999992667849483,0.9999926579374522,0.9999904205150266,0.9999904090421186,10.865137734371343,42.576604766633956,,1121.3346168500866,False,False,False,,[]
1054,1054,1055,True,1.0,1.0,1054.0,1055.0,1054.0,1055.0,1055.0,0.0,43.8,40.3,-437.9624857291672,0.5000631809234619,0.5000631809234619,0.0,1.0,0.5422499338012309,0.5424625547956359,0.9997893995330588,0.9997894167900085,0.9997889603624696,0.9999926579374522,0.999992643581,0.9999904090421186,0.9999903941658759,14.067525532838529,55.1113617497837,,1162.0762108742213,False,False,False,,[]
1055,1055,1056,True,1.0,1.0,1055.0,1056.0,1055.0,1056.0,1056.0,0.0,40.3,36.0,-563.2105710156242,0.5000633001327515,0.5000633001327515,0.0,1.0,0.5424625547956359,0.542709671224523,0.9997889603624696,0.9997889399528503,0.9997884585932181,0.999992643581,0.9999926258739409,0.9999903941658759,0.9999903768096385,16.35362758474772,64.05257836754407,,1193.141166795093,False,False,False,,[]
1056,1056,1057,True,1.0,1.0,1056.0,1057.0,1056.0,1057.0,1057.0,0.0,36.0,30.7,-719.4401716666673,0.5000634789466858,0.5000634789466858,0.0,1.0,0.542709671224523,0.5429772514933626,0.9997884585932181,0.9997884631156921,0.9997879211233974,0.9999926258739409,0.9999926065142495,0.9999903768096385,0.9999903465448802,17.711405942350734,69.3568056832538,,1196.4711333083112,False,False,False,,[]
1057,1057,1058,True,1.0,1.0,1057.0,1058.0,1057.0,1058.0,1058.0,0.0,30.7,25.4,-722.3722793489579,0.5000635981559753,0.5000635981559753,0.0,1.0,0.5429772514933626,0.5432046425269769,0.9997879211233974,0.9997879266738892,0.9997874547896244,0.9999926065142495,0.9999925909482388,0.9999903465448802,0.9999903218495387,15.05143394224952,58.93975591281135,,1163.4621291921012,False,False,False,,[]
1058,1058,1059,True,1.0,1.0,1058.0,1059.0,1058.0,1059.0,1059.0,0.0,25.4,21.0,-586.6809148958334,0.5000637769699097,0.5000637769699097,0.0,1.0,0.5432046425269769,0.5433593583009478,0.9997874547896244,0.999787449836731,0.9997871269277939,0.9999925909482388,0.9999925777916752,0.9999903218495387,0.9999903108549302,10.239790678479114,40.10232861326534,,1108.3751716692047,False,False,False,,[]
1059,1059,1060,True,1.0,1.0,1059.0,1060.0,1059.0,1060.0,1060.0,0.0,21.0,16.7,-573.0234398958335,0.5000638365745544,0.5000638365745544,0.0,1.0,0.5433593583009478,0.5434848998519557,0.9997871269277939,0.9997871518135071,0.9997868626625844,0.9999925777916752,0.9999925703110547,0.9999903108549302,0.9999903021297678,8.308839878489586,32.54037002124179,,1090.404626784746,False,False,False,,[]
1060,1060,1061,True,1.0,1.0,1060.0,1061.0,1060.0,1061.0,1061.0,0.0,16.7,13.4,-420.85969080729143,0.500063955783844,0.500063955783844,0.0,1.0,0.5434848998519557,0.5435408416447733,0.9997868626625844,0.9997868537902832,0.9997867526559213,0.9999925703110547,0.9999925637676793,0.9999903021297678,0.999990277404637,3.7018938181296397,14.500112698330684,,1013.8621522212921,False,False,False,,[]
1061,1061,1062,True,1.0,1.0,1061.0,1062.0,1061.0,1062.0,1062.0,0.0,13.4,12.0,-130.01772739583356,0.500063955783844,0.500063955783844,0.0,1.0,0.5435408416447733,0.5435534679967721,0.9997867526559213,0.9997867345809937,0.9997867288569784,0.9999925637676793,0.9999925600388043,0.999990277404637,0.999990270868938,0.8354535408828085,3.272750438069792,,999.9818840655919,False,False,False,,[]
1062,1062,1063,True,1.0,1.0,1062.0,1063.0,1062.0,1063.0,1063.0,0.0,12.0,12.1,99.9498283333333,0.500063955783844,0.500063955783844,0.0,1.0,0.5435534679967721,0.5435258465431119,0.9997867288569784,0.9997867345809937,0.9997866760249763,0.9999925600388043,0.9999925569444432,0.999990270868938,0.9999902661018315,-1.8274414675442636,-7.159480788735371,,960.8306605890232,False,False,False,,[]
1063,1063,1064,True,1.0,1.0,1063.0,1064.0,1063.0,1064.0,1064.0,0.0,12.1,12.8,192.0748175260421,0.5000640153884888,0.5000640153884888,0.0,1.0,0.5435258465431119,0.5434742779887686,0.9997866760249763,0.9997866749763489,0.9997865750509741,0.9999925569444432,0.9999925524051421,0.9999902661018315,0.9999902566367256,-3.4115238397617587,-13.36656928576795,,929.6528338640055,False,False,False,,[]
1064,1064,1065,True,1.0,1.0,1064.0,1065.0,1064.0,1065.0,1065.0,0.0,12.8,15.6,514.5868866666664,0.5000640153884888,0.5000640153884888,0.0,1.0,0.5434742779887686,0.5433235127974086,0.9997865750509741,0.9997865557670593,0.9997862550445369,0.9999925524051421,0.9999925428667426,0.9999902566367256,0.9999902277144301,-9.970654581323817,-39.078337600478385,,818.8488993622241,False,False,False,,[]
1065,1065,1066,True,1.0,1.0,1065.0,1066.0,1065.0,1066.0,1066.0,0.0,15.6,19.9,745.5089470833336,0.5000641345977783,0.5000641345977783,0.0,1.0,0.5433235127974086,0.5431232851729795,0.9997862550445369,0.9997862577438354,0.9997858390666744,0.9999925428667426,0.9999925286691661,0.9999902277144301,0.9999902131478883,-13.239002098297942,-51.89900025202992,,787.036235688852,False,False,False,,[]
1066,1066,1067,True,1.0,1.0,1066.0,1067.0,1066.0,1067.0,1067.0,0.0,19.9,23.4,623.9684008593746,0.5000642538070679,0.5000642538070679,0.0,1.0,0.5431232851729795,0.542929248093651,0.9997858390666744,0.999785840511322,0.9997854348067298,0.9999925286691661,0.9999925193134994,0.9999902131478883,0.9999902022357487,-12.828979941695591,-50.29441096194975,,796.9836527796572,False,False,False,,[]
1067,1067,1068,True,1.0,1.0,1067.0,1068.0,1067.0,1068.0,1068.0,0.0,23.4,24.6,272.1562309375009,0.5000643730163574,0.5000643730163574,0.0,1.0,0.542929248093651,0.5428262930248879,0.9997854348067298,0.9997854232788086,0.9997852228221711,0.9999925193134994,0.9999925083451655,0.9999902022357487,0.9999901966235422,-6.808468128582283,-26.685953823386495,,876.6285066521101,False,False,False,,[]
1068,1068,1069,True,1.0,1.0,1068.0,1069.0,1068.0,1069.0,1069.0,0.0,24.6,25.2,180.5289809374997,0.5000644326210022,0.5000644326210022,0.0,1.0,0.5428262930248879,0.5427502970114476,0.9997852228221711,0.9997852444648743,0.9997850704191478,0.9999925083451655,0.9999924998428867,0.9999901966235422,0.9999901895825292,-5.025935658226983,-19.698166683731014,,903.5222488657496,False,False,False,,[]
1069,1069,1070,True,1.0,1.0,1069.0,1070.0,1069.0,1070.0,1070.0,0.0,25.2,26.4,272.8818137499999,0.500064492225647,0.500064492225647,0.0,1.0,0.5427502970114476,0.5426359496605334,0.9997850704191478,0.9997850656509399,0.9997848323392736,0.9999924998428867,0.9999924890202322,0.9999901895825292,0.9999901790300493,-7.561234584261659,-29.63883335695986,,862.418042030165,False,False,False,,[]
1070,1070,1071,True,1.0,1.0,1070.0,1071.0,1070.0,1071.0,1071.0,0.0,26.4,28.8,457.6053950000002,0.5000645518302917,0.5000645518302917,0.0,1.0,0.5426359496605334,0.5424327344902503,0.9997848323392736,0.9997848272323608,0.9997844107378211,0.9999924890202322,0.9999924697632809,0.9999901790300493,0.9999901615647765,-13.433435287633484,-52.6733721373865,,779.971857937839,False,False,False,,[]
1071,1071,1072,True,1.0,1.0,1071.0,1072.0,1071.0,1072.0,1072.0,0.0,28.8,31.8,550.8092200000003,0.5000646710395813,0.5000646710395813,0.0,1.0,0.5424327344902503,0.5421924218436018,0.9997844107378211,0.9997844099998474,0.9997839210800737,0.9999924697632809,0.9999924577698698,0.9999901615647765,0.9999901480834421,-15.882777501748357,-62.28903801129601,,760.599042589625,False,False,False,,[]
1072,1072,1073,True,1.0,1.0,1072.0,1073.0,1072.0,1073.0,1073.0,0.0,31.8,35.3,629.0712851041662,0.5000648498535156,0.5000648498535156,0.0,1.0,0.5421924218436018,0.5418747839019672,0.9997839210800737,0.9997839331626892,0.9997833011561748,0.9999924577698698,0.9999924406326187,0.9999901480834421,0.9999901203818912,-20.986490107117117,-82.3317544716925,,702.0159134763982,False,False,False,,[]
1073,1073,1074,True,1.0,1.0,1073.0,1074.0,1073.0,1074.0,1074.0,0.0,35.3,39.5,738.475027942708,0.50006502866745,0.50006502866745,0.0,1.0,0.5418747839019672,0.5414775101965406,0.9997833011561748,0.9997832775115967,0.9997825658729711,0.9999924406326187,0.9999924213789321,0.9999901203818912,0.9999900980720666,-26.238445077890777,-102.97334444659566,,661.2158076521948,False,False,False,,[]
1074,1074,1075,True,1.0,1.0,1074.0,1075.0,1074.0,1075.0,1075.0,0.0,39.5,44.5,863.8874227343753,0.5000652074813843,0.5000652074813843,0.0,1.0,0.5414775101965406,0.5409637826767505,0.9997825658729711,0.9997825622558594,0.9997817023926656,0.9999924213789321,0.9999924036333795,0.9999900980720666,0.99999006876347,-33.91234180322885,-133.15817312959572,,607.1167317631151,False,False,False,,[]
1075,1075,1076,True,1.0,1.0,1075.0,1076.0,1075.0,1076.0,1076.0,0.0,44.5,49.3,836.6693498177077,0.5000655055046082,0.5000655055046082,0.0,1.0,0.5409637826767505,0.5404036431776418,0.9997817023926656,0.9997817277908325,0.9997807960029386,0.9999924036333795,0.9999923844714899,0.99999006876347,0.9999900326943661,-36.96353409707411,-145.18815816896887,,586.1632191167535,False,False,False,,[]
1076,1076,1077,True,1.0,1.0,1076.0,1077.0,1076.0,1077.0,1077.0,0.0,49.3,53.3,717.5970956510416,0.5000657439231873,0.5000657439231873,0.0,1.0,0.5404036431776418,0.5398771921775654,0.9997807960029386,0.9997807741165161,0.9997799217556319,0.9999923844714899,0.9999923674160668,0.9999900326943661,0.9999899970108698,-34.73687977387615,-136.45609921979482,,600.0187265138459,False,False,False,,[]
1077,1077,1078,True,1.0,1.0,1077.0,1078.0,1077.0,1078.0,1078.0,0.0,53.3,56.4,582.8435644010425,0.5000660419464111,0.5000660419464111,0.0,1.0,0.5398771921775654,0.5394192830839466,0.9997799217556319,0.9997799396514893,0.99977911326436,0.9999923674160668,0.9999923519178235,0.9999899970108698,0.9999899660225705,-30.215107902375582,-118.69003706599122,,630.8174126424083,False,False,False,,[]
1078,1078,1079,True,1.0,1.0,1078.0,1079.0,1078.0,1079.0,1079.0,0.0,56.4,58.9,493.55919708333346,0.5000662803649902,0.5000662803649902,0.0,1.0,0.5394192830839466,0.5390116234982243,0.99977911326436,0.9997791051864624,0.9997783644983002,0.9999923519178235,0.9999923380279295,0.9999899660225705,0.9999899384417325,-26.89951957013322,-105.66536461921821,,656.1649979403808,False,False,False,,[]
1079,1079,1080,True,1.0,1.0,1079.0,1080.0,1079.0,1080.0,1080.0,0.0,58.9,61.2,465.2483539843753,0.5000664591789246,0.5000664591789246,0.0,1.0,0.5390116234982243,0.5386086372940032,0.9997783644983002,0.9997783899307251,0.9997776217523369,0.9999923380279295,0.9999923193954544,0.9999899384417325,0.9999899141959129,-26.58812701485763,-104.45402413409508,,657.8345383850514,False,False,False,,[]
1080,1080,1081,True,1.0,1.0,1080.0,1081.0,1080.0,1081.0,1081.0,0.0,61.2,62.6,329.3819804166669,0.5000666975975037,0.5000666975975037,0.0,1.0,0.5386086372940032,0.5383098437898051,0.9997776217523369,0.999777615070343,0.9997770320259171,0.9999923193954544,0.9999923030433082,0.9999899141959129,0.9999898949884339,-19.717786736642562,-77.44727628815073,,717.7072444860607,False,False,False,,[]
1081,1081,1082,True,1.0,1.0,1081.0,1082.0,1081.0,1082.0,1082.0,0.0,62.6,63.0,177.31121010416646,0.500066876411438,0.500066876411438,0.0,1.0,0.5383098437898051,0.5381404496504293,0.9997770320259171,0.9997770190238953,0.9997766752583594,0.9999923030433082,0.9999922904567675,0.9999898949884339,0.9999898829276285,-11.182279963673086,-43.90696092620084,,813.194410243419,False,False,False,,[]
1082,1082,1083,True,1.0,1.0,1082.0,1083.0,1082.0,1083.0,1083.0,0.0,63.0,62.5,39.57041427083313,0.5000669956207275,0.5000669956207275,0.0,1.0,0.5381404496504293,0.5380998833800981,0.9997766752583594,0.9997766613960266,0.999776596677766,0.9999922904567675,0.9999922883931833,0.9999898829276285,0.9999898773177126,-2.678960962553002,-10.514777269839493,,946.881976122916,False,False,False,,[]
1083,1083,1084,True,1.0,1.0,1083.0,1084.0,1083.0,1084.0,1084.0,0.0,62.5,60.9,-129.80921789062612,0.5000669956207275,0.5000669956207275,0.0,1.0,0.5380998833800981,0.538183706390778,0.999776596677766,0.9997766017913818,0.999776427286359,0.9999922883931833,0.9999922773073224,0.9999898773177126,0.9999898655337262,5.537989830430153,21.726924368235338,,1046.0404479472547,False,False,False,,[]
1084,1084,1085,True,1.0,1.0,1084.0,1085.0,1084.0,1085.0,1085.0,0.0,60.9,59.3,-131.44683872395748,0.5000670552253723,0.5000670552253723,0.0,1.0,0.538183706390778,0.5382641890274501,0.999776427286359,0.9997764229774475,0.9997762651758619,0.9999922773073224,0.9999922664418307,0.9999898655337262,0.9999898510952194,5.317774692440596,20.86109942541175,,1040.5476319547708,False,False,False,,[]
1085,1085,1086,True,1.0,1.0,1085.0,1086.0,1085.0,1086.0,1086.0,0.0,59.3,58.6,5.115507109375886,0.5000671148300171,0.5000671148300171,0.0,1.0,0.5382641890274501,0.5382591855238481,0.9997762651758619,0.9997762441635132,0.99977625581501,0.9999922664418307,0.9999922661912137,0.9999898510952194,0.9999898503644494,-0.33054179265299194,-1.2969081336311115,,993.1265948982508,False,False,False,,[]
1086,1086,1087,True,1.0,1.0,1086.0,1087.0,1086.0,1087.0,1087.0,0.0,58.6,58.6,111.88681427083334,0.5000671148300171,0.5000671148300171,0.0,1.0,0.5382591855238481,0.53815330279438,0.99977625581501,0.9997762441635132,0.999776037177105,0.9999922661912137,0.9999922564882067,0.9999898503644494,0.9999898406727364,-6.992948885132933,-27.444803478133398,,871.7322375944422,False,False,False,,[]
1087,1087,1088,True,1.0,1.0,1087.0,1088.0,1087.0,1088.0,1088.0,0.0,58.6,58.7,127.23764760416711,0.5000671744346619,0.5000671744346619,0.0,1.0,0.53815330279438,0.5380345263597408,0.999776037177105,0.9997760653495789,0.9997757888017018,0.9999922564882067,0.9999922460565779,0.9999898406727364,0.9999898303428141,-7.844215235265674,-30.78685185847286,,858.8294562936991,False,False,False,,[]
1088,1088,1089,True,1.0,1.0,1088.0,1089.0,1088.0,1089.0,1089.0,0.0,58.7,58.8,127.33493940104017,0.5000672936439514,0.5000672936439514,0.0,1.0,0.5380345263597408,0.537914653691622,0.9997757888017018,0.999775767326355,0.9997755378649836,0.9999922460565779,0.9999922356030602,0.9999898303428141,0.9999898193043327,-7.916569970967848,-31.07099557642216,,857.2959415351231,False,False,False,,[]
1089,1089,1090,True,1.0,1.0,1089.0,1090.0,1089.0,1090.0,1090.0,0.0,58.8,58.8,112.08156375,0.5000673532485962,0.5000673532485962,0.0,1.0,0.537914653691622,0.5378072387729074,0.9997755378649836,0.9997755289077759,0.9997753157305456,0.9999922356030602,0.999992225856845,0.9999898193043327,0.9999898087483687,-7.094103477872861,-27.8419469308053,,869.6177410315419,False,False,False,,[]
1090,1090,1091,True,1.0,1.0,1090.0,1091.0,1090.0,1091.0,1091.0,0.0,58.8,58.8,112.08156375,0.500067412853241,0.500067412853241,0.0,1.0,0.5378072387729074,0.5376998241834129,0.9997753157305456,0.9997752904891968,0.9997750935968599,0.999992225856845,0.999992216110629,0.9999898087483687,0.9999897981924057,-7.094103462320782,-27.841861596974404,,869.6180470663138,False,False,False,,[]
1091,1091,1092,True,1.0,1.0,1091.0,1092.0,1091.0,1092.0,1092.0,0.0,58.8,59.1,158.1340637500013,0.5000674724578857,0.5000674724578857,0.0,1.0,0.5376998241834129,0.5375542297601229,0.9997750935968599,0.9997751116752625,0.9997747839194215,0.999992216110629,0.9999922046184337,0.9999897981924057,0.9999897858064002,-9.614528142650466,-37.738074516754196,,833.0276344146376,False,False,False,,[]
1092,1092,1093,True,1.0,1.0,1092.0,1093.0,1092.0,1093.0,1093.0,0.0,59.1,60.1,265.88326544270683,0.5000675320625305,0.5000675320625305,0.0,1.0,0.5375542297601229,0.5373227417543162,0.9997747839194215,0.9997748136520386,0.9997743101453498,0.9999922046184337,0.9999921927110685,0.9999897858064002,0.9999897705849803,-15.282278409461611,-60.00169110509451,,765.7001856999894,False,False,False,,[]
1093,1093,1094,True,1.0,1.0,1093.0,1094.0,1093.0,1094.0,1094.0,0.0,60.1,61.7,358.9769425260428,0.5000677108764648,0.5000677108764648,0.0,1.0,0.5373227417543162,0.5370024453941297,0.9997743101453498,0.9997743368148804,0.99977368604636,0.9999921927110685,0.9999921748423073,0.9999897705849803,0.9999897504426469,-21.138196297321162,-83.02081656035126,,703.8697720864282,False,False,False,,[]
1094,1094,1095,True,1.0,1.0,1094.0,1095.0,1094.0,1095.0,1095.0,0.0,61.7,63.0,314.54083002604153,0.5000678896903992,0.5000678896903992,0.0,1.0,0.5370024453941297,0.5367154818644193,0.99977368604636,0.9997736811637878,0.9997731158039764,0.9999921748423073,0.9999921597975839,0.9999897504426469,0.9999897315823747,-18.93869919341434,-74.38094690092426,,725.7458826832335,False,False,False,,[]
1095,1095,1096,True,1.0,1.0,1095.0,1096.0,1095.0,1096.0,1096.0,0.0,63.0,63.7,223.78041427083446,0.5000680685043335,0.5000680685043335,0.0,1.0,0.5367154818644193,0.5365075612196394,0.9997731158039764,0.9997731447219849,0.9997726853872232,0.9999921597975839,0.9999921471731037,0.9999897315823747,0.9999897195104892,-13.72456157279269,-53.89303112694631,,783.9087454229265,False,False,False,,[]
1096,1096,1097,True,1.0,1.0,1096.0,1097.0,1096.0,1097.0,1097.0,0.0,63.7,63.9,147.76186648437394,0.500068187713623,0.500068187713623,0.0,1.0,0.5365075612196394,0.5363545230475835,0.9997726853872232,0.9997726678848267,0.9997723608573023,0.9999921471731037,0.9999921350287846,0.9999897195104892,0.9999897028854371,-10.103239223889148,-39.667494196891084,,823.5464884780737,False,False,False,,[]
1097,1097,1098,True,1.0,1.0,1097.0,1098.0,1097.0,1098.0,1098.0,0.0,63.9,63.5,55.868536276041894,0.5000683069229126,0.5000683069229126,0.0,1.0,0.5363545230475835,0.5362921496662185,0.9997723608573023,0.9997723698616028,0.999772237429101,0.9999921350287846,0.999992129010286,0.9999897028854371,0.9999896948916884,-4.11888709183353,-16.167180449781977,,918.5026818756106,False,False,False,,[]
1098,1098,1099,True,1.0,1.0,1098.0,1099.0,1098.0,1099.0,1099.0,0.0,63.5,62.3,-67.36080643229296,0.5000683069229126,0.5000683069229126,0.0,1.0,0.5362921496662185,0.5363334088593353,0.999772237429101,0.9997722506523132,0.9997721574520573,0.999992129010286,0.9999921217500425,0.9999896948916884,0.9999896864274507,2.725561366583589,10.694382855868136,,1017.8500438194084,False,False,False,,[]
1099,1099,1100,True,1.0,1.0,1099.0,1100.0,1099.0,1100.0,1100.0,0.0,62.3,60.3,-191.41957622395728,0.5000683665275574,0.5000683665275574,0.0,1.0,0.5363334088593353,0.5364613513325401,0.9997721574520573,0.9997721314430237,0.9997718874995966,0.9999921217500425,0.999992109371048,0.9999896864274507,0.9999896711091703,8.454810368960342,33.16268905468548,,1079.0395990698694,False,False,False,,[]
1100,1100,1101,True,1.0,1.0,1100.0,1101.0,1100.0,1101.0,1101.0,0.0,60.3,58.9,-101.34833143229187,0.5000684261322021,0.5000684261322021,0.0,1.0,0.5364613513325401,0.5365233971508483,0.9997718874995966,0.9997718930244446,0.9997717647589347,0.999992109371048,0.9999921000918545,0.9999896711091703,0.9999896618412764,4.0997898587171875,16.08227610546006,,1032.2310690243094,False,False,False,,[]
1101,1101,1102,True,1.0,1.0,1101.0,1102.0,1101.0,1102.0,1102.0,0.0,58.9,58.4,35.425020651041464,0.5000684857368469,0.5000684857368469,0.0,1.0,0.5365233971508483,0.5364901425311609,0.9997717647589347,0.999771773815155,0.999771700800797,0.9999921000918545,0.9999920986529365,0.9999896618412764,0.9999896573699875,-2.196883540066062,-8.619597422986383,,956.4246791847748,False,False,False,,[]
1102,1102,1103,True,1.0,1.0,1102.0,1103.0,1102.0,1103.0,1103.0,0.0,58.4,58.8,173.0960616666665,0.5000684857368469,0.5000684857368469,0.0,1.0,0.5364901425311609,0.5363353664821043,0.999771700800797,0.9997717142105103,0.9997713728193597,0.9999920986529365,0.9999920869589314,0.9999896573699875,0.9999896461750188,-10.221319702096187,-40.117951915471124,,826.1300530816766,False,False,False,,[]
1103,1103,1104,True,1.0,1.0,1103.0,1104.0,1103.0,1104.0,1104.0,0.0,58.8,60.2,326.9932304166669,0.5000686049461365,0.5000686049461365,0.0,1.0,0.5363353664821043,0.5360503100068904,0.9997713728193597,0.9997713565826416,0.999770805755093,0.9999920869589314,0.9999920718006705,0.9999896461750188,0.9999896273158475,-18.816850714051878,-73.88663837545093,,726.8602226865986,False,False,False,,[]
1104,1104,1105,True,1.0,1.0,1104.0,1105.0,1104.0,1105.0,1105.0,0.0,60.2,62.3,435.8308892708327,0.5000687837600708,0.5000687837600708,0.0,1.0,0.5360503100068904,0.5356658134883372,0.999770805755093,0.9997708201408386,0.9997700875730927,0.9999920718006705,0.9999920532859871,0.9999896273158475,0.9999896054776969,-25.371088441256727,-99.66149760899157,,668.1510521314327,False,False,False,,[]
1105,1105,1106,True,1.0,1.0,1105.0,1106.0,1105.0,1106.0,1106.0,0.0,62.3,63.9,361.2104237760428,0.5000689625740051,0.5000689625740051,0.0,1.0,0.5356658134883372,0.5353335017878458,0.9997700875730927,0.9997701048851013,0.9997694448716553,0.9999920532859871,0.9999920350302367,0.9999896054776969,0.9999895856707175,-21.92870026445613,-86.13519276738107,,697.0367560987502,False,False,False,,[]
1106,1106,1107,True,1.0,1.0,1106.0,1107.0,1106.0,1107.0,1107.0,0.0,63.9,64.5,209.37686960937572,0.5000691413879395,0.5000691413879395,0.0,1.0,0.5353335017878458,0.5351331613494512,0.9997694448716553,0.9997694492340088,0.9997690286810641,0.9999920350302367,0.9999920221390436,0.9999895856707175,0.9999895722202804,-13.224429774095704,-51.92824163185697,,788.4562886045497,False,False,False,,[]
1107,1107,1108,True,1.0,1.0,1107.0,1108.0,1107.0,1108.0,1108.0,0.0,64.5,64.4,102.56002690104125,0.500069260597229,0.500069260597229,0.0,1.0,0.5351331613494512,0.5350245592792067,0.9997690286810641,0.9997690320014954,0.9997688038306135,0.9999920221390436,0.9999920120275616,0.9999895722202804,0.9999895613723466,-7.170645705582067,-28.149656607390003,,868.0204948648479,False,False,False,,[]
1108,1108,1109,True,1.0,1.0,1108.0,1109.0,1108.0,1109.0,1109.0,0.0,64.4,63.5,-20.353552916666658,0.5000693798065186,0.5000693798065186,0.0,1.0,0.5350245592792067,0.5350380334264919,0.9997688038306135,0.9997687935829163,0.9997687784126205,0.9999920120275616,0.9999920111261161,0.9999895613723466,0.9999895582181628,0.8900049814552317,3.4924989763255563,,1006.9243354108626,False,False,False,,[]
1109,1109,1110,True,1.0,1.0,1109.0,1110.0,1109.0,1110.0,1110.0,0.0,63.5,62.0,-113.41330643229232,0.5000693798065186,0.5000693798065186,0.0,1.0,0.5350380334264919,0.5351114010339063,0.9997687784126205,0.9997687935829163,0.9997686316584562,0.9999920111261161,0.9999920006522094,0.9999895582181628,0.9999895470861584,4.847386747133836,19.01688384181867,,1038.5146447072266,False,False,False,,[]
1110,1110,1111,True,1.0,1.0,1110.0,1111.0,1110.0,1111.0,1111.0,0.0,62.0,61.2,-7.518869583332896,0.5000694394111633,0.5000694394111633,0.0,1.0,0.5351114010339063,0.5351161950027689,0.9997686316584562,0.9997686147689819,0.9997686226914525,0.9999920006522094,0.9999920003314406,0.9999895470861584,0.9999895459637796,0.31669771402653274,1.2425967291837805,,1002.4601585293541,False,False,False,,[]
1111,1111,1112,True,1.0,1.0,1111.0,1112.0,1111.0,1112.0,1112.0,0.0,61.2,61.3,129.82114708333182,0.5000694394111633,0.5000694394111633,0.0,1.0,0.5351161950027689,0.5349886049281358,0.9997686226914525,0.9997686147689819,0.9997683535753269,0.9999920003314406,0.9999919893259015,0.9999895459637796,0.9999895339617484,-8.425810797596583,-33.07134734488533,,849.2502233399304,False,False,False,,[]
1112,1112,1113,True,1.0,1.0,1112.0,1113.0,1112.0,1113.0,1113.0,0.0,61.3,62.6,314.13275190104343,0.5000694990158081,0.5000694990158081,0.0,1.0,0.5349886049281358,0.534703824177573,0.9997683535753269,0.9997683763504028,0.9997677869714028,0.9999919893259015,0.9999919744156641,0.9999895339617484,0.9999895151643767,-18.796957917828543,-73.8151705458783,,727.194057033706,False,False,False,,[]
1113,1113,1114,True,1.0,1.0,1113.0,1114.0,1113.0,1114.0,1114.0,0.0,62.6,65.3,530.3803767708334,0.5000696778297424,0.5000696778297424,0.0,1.0,0.534703824177573,0.5342298315867732,0.9997677869714028,0.9997677803039551,0.9997669613705223,0.9999919744156641,0.9999919566728818,0.9999895151643767,0.999989495986049,-31.264895906146407,-122.85887953530784,,627.5597420960144,False,False,False,,[]
1114,1114,1115,True,1.0,1.0,1114.0,1115.0,1114.0,1115.0,1115.0,0.0,65.3,68.0,533.2446373177085,0.5000699162483215,0.5000699162483215,0.0,1.0,0.5342298315867732,0.5337345921316519,0.9997669613705223,0.9997669458389282,0.9997661147240458,0.9999919566728818,0.9999919394991765,0.999989495986049,0.9999894758900694,-32.65912121043997,-128.3660667674544,,618.3627310939984,False,False,False,,[]
1115,1115,1116,True,1.0,1.0,1115.0,1116.0,1115.0,1116.0,1116.0,0.0,68.0,69.4,336.6689950000003,0.5000701546669006,0.5000701546669006,0.0,1.0,0.5337345921316519,0.5333983651649186,0.9997661147240458,0.9997661113739014,0.9997654660568108,0.9999919394991765,0.9999919211899206,0.9999894758900694,0.9999894566259891,-22.180460334222108,-87.1500297772618,,695.0878707128651,False,False,False,,[]
1116,1116,1117,True,1.0,1.0,1116.0,1117.0,1116.0,1117.0,1117.0,0.0,69.4,69.7,169.4053142708327,0.500070333480835,0.500070333480835,0.0,1.0,0.5333983651649186,0.5332215042890228,0.9997654660568108,0.9997654557228088,0.9997650947592726,0.9999919211899206,0.9999919073743609,0.9999894566259891,0.9999894468619428,-11.672148048137405,-45.84233903217648,,808.0349471068002,False,False,False,,[]
1117,1117,1118,True,1.0,1.0,1117.0,1118.0,1117.0,1118.0,1118.0,0.0,69.7,69.3,62.295600859375234,0.5000704526901245,0.5000704526901245,0.0,1.0,0.5332215042890228,0.5331489790288895,0.9997650947592726,0.9997650980949402,0.9997649498095142,0.9999919073743609,0.999991900424392,0.9999894468619428,0.9999894390840222,-4.787897992690217,-18.798547426550915,,907.6484695729318,False,False,False,,[]
1118,1118,1119,True,1.0,1.0,1118.0,1119.0,1118.0,1119.0,1119.0,0.0,69.3,68.1,-60.9722272656263,0.5000705122947693,0.5000705122947693,0.0,1.0,0.5331489790288895,0.5331907282588625,0.9997649498095142,0.9997649788856506,0.9997648688437757,0.999991900424392,0.9999918936522848,0.9999894390840222,0.9999894314279301,2.7572367061797145,10.821400408993272,,1019.6012807913329,False,False,False,,[]
1119,1119,1120,True,1.0,1.0,1119.0,1120.0,1119.0,1120.0,1120.0,0.0,68.1,66.9,-62.33978664062239,0.5000705718994141,0.5000705718994141,0.0,1.0,0.5331907282588625,0.5332325561876351,0.9997648688437757,0.9997648596763611,0.9997647877191684,0.9999918936522848,0.9999918867647679,0.9999894314279301,0.9999894237000605,2.762679443516838,10.841799137847008,,1019.4719983477347,False,False,False,,[]
1120,1120,1121,True,1.0,1.0,1120.0,1121.0,1120.0,1121.0,1121.0,0.0,66.9,66.2,13.07070815104061,0.5000705718994141,0.5000705718994141,0.0,1.0,0.5332325561876351,0.5332184325917088,0.9997647877191684,0.9997648000717163,0.9997647610591053,0.9999918867647679,0.9999918861623375,0.9999894237000605,0.9999894216991687,-0.9327603187828308,-3.6608360641130204,,980.9760064043417,False,False,False,,[]
1121,1121,1122,True,1.0,1.0,1121.0,1122.0,1121.0,1122.0,1122.0,0.0,66.2,65.7,42.999597604166475,0.5000705718994141,0.5000705718994141,0.0,1.0,0.5332184325917088,0.5331718275654578,0.9997647610591053,0.9997647404670715,0.9997646702459879,0.9999918861623375,0.9999918841983491,0.9999894216991687,0.9999894148271494,-3.0777625067239187,-12.080022804244921,,939.3884534679493,False,False,False,,[]
1122,1122,1123,True,1.0,1.0,1122.0,1123.0,1122.0,1123.0,1123.0,0.0,65.7,64.9,-3.599909557291228,0.5000705718994141,0.5000705718994141,0.0,1.0,0.5331718275654578,0.533174261067533,0.9997646702459879,0.9997646808624268,0.9997646657046795,0.9999918841983491,0.9999918840355453,0.9999894148271494,0.999989414257497,0.1607372591435542,0.6307637378845063,,1001.2484717625425,False,False,False,,[]
1123,1123,1124,True,1.0,1.0,1123.0,1124.0,1123.0,1124.0,1124.0,0.0,64.9,63.2,-142.6239949739579,0.5000705718994141,0.5000705718994141,0.0,1.0,0.533174261067533,0.5332687964008541,0.9997646657046795,0.9997646808624268,0.9997644726530476,0.9999918840355453,0.9999918720167801,0.999989414257497,0.9999893987639461,6.2464427376632665,24.50355839684907,,1050.108945380613,False,False,False,,[]
1124,1124,1125,True,1.0,1.0,1124.0,1125.0,1124.0,1125.0,1125.0,0.0,63.2,60.3,-328.64023833333425,0.5000706315040588,0.5000706315040588,0.0,1.0,0.5332687964008541,0.5335005843121701,0.9997644726530476,0.9997645020484924,0.9997639983359674,0.9999918720167801,0.9999918557761286,0.9999893987639461,0.9999893795001806,15.323607385538617,60.07942661308298,,1174.8835090619511,False,False,False,,[]
1125,1125,1126,True,1.0,1.0,1125.0,1126.0,1125.0,1126.0,1126.0,0.0,60.3,55.8,-577.224164765626,0.5000708103179932,0.5000708103179932,0.0,1.0,0.5335005843121701,0.5338923751996341,0.9997639983359674,0.9997640252113342,0.9997632703222269,0.9999918557761286,0.9999918395316901,0.9999893795001806,0.9999893470205045,25.918576441986527,101.55219803066981,,1370.361222188381,False,False,False,,[]
1126,1126,1127,True,1.0,1.0,1126.0,1127.0,1126.0,1127.0,1127.0,0.0,55.8,50.5,-704.3641732291662,0.5000710487365723,0.5000710487365723,0.0,1.0,0.5338923751996341,0.5343307680106112,0.9997632703222269,0.9997632503509521,0.9997624839194553,0.9999918395316901,0.9999918222628645,0.9999893470205045,0.9999893107323166,29.012093806211585,113.63141660527643,,1441.3282550077122,False,False,False,,[]
1127,1127,1128,True,1.0,1.0,1127.0,1128.0,1127.0,1128.0,1128.0,0.0,50.5,45.2,-709.037082473958,0.5000712871551514,0.5000712871551514,0.0,1.0,0.5343307680106112,0.5347272806666334,0.9997624839194553,0.9997624754905701,0.9997617496390715,0.9999918222628645,0.999991805815009,0.9999893107323166,0.9999892778470534,26.24316766311897,102.7760804409596,,1376.9391586182337,False,False,False,,[]
1128,1128,1129,True,1.0,1.0,1128.0,1129.0,1128.0,1129.0,1129.0,0.0,45.2,40.1,-682.5423529166663,0.5000714659690857,0.5000714659690857,0.0,1.0,0.5347272806666334,0.5350690727352991,0.9997617496390715,0.9997617602348328,0.9997610925744053,0.999991805815009,0.9999917893751814,0.9999892778470534,0.9999892543327679,22.62228062267473,88.59250419813833,,1309.1258318497166,False,False,False,,[]
1129,1129,1130,True,1.0,1.0,1129.0,1130.0,1129.0,1130.0,1130.0,0.0,40.1,36.2,-501.9406095572921,0.50007164478302,0.50007164478302,0.0,1.0,0.5350690727352991,0.535290075139436,0.9997610925744053,0.9997611045837402,0.9997606379250003,0.9999917893751814,0.9999917744046446,0.9999892543327679,0.9999892388649209,14.62458241813967,57.28382315229767,,1169.7261944600627,False,False,False,,[]
1130,1130,1131,True,1.0,1.0,1130.0,1131.0,1130.0,1131.0,1131.0,0.0,36.2,32.9,-412.30373572916733,0.5000718235969543,0.5000718235969543,0.0,1.0,0.535290075139436,0.5354551374770387,0.9997606379250003,0.999760627746582,0.9997602896412795,0.9999917744046446,0.9999917639628751,0.9999892388649209,0.9999892273582907,10.922210477129259,42.78415790659276,,1121.4352507147612,False,False,False,,[]
1131,1131,1132,True,1.0,1.0,1131.0,1132.0,1131.0,1132.0,1132.0,0.0,32.9,29.8,-383.49341164062383,0.5000719428062439,0.5000719428062439,0.0,1.0,0.5354551374770387,0.5355882480079925,0.9997602896412795,0.9997602701187134,0.9997600073609302,0.9999917639628751,0.9999917501141339,0.9999892273582907,0.9999892157680319,8.807890588241696,34.50224962324822,,1086.2994239459724,False,False,False,,[]
1132,1132,1133,True,1.0,1.0,1132.0,1133.0,1132.0,1133.0,1133.0,0.0,29.8,26.6,-400.45640239583355,0.5000720024108887,0.5000720024108887,0.0,1.0,0.5355882480079925,0.5357101609506848,0.9997600073609302,0.9997600317001343,0.999759751643295,0.9999917501141339,0.9999917382063731,0.9999892157680319,0.9999891997019982,8.06728676266854,31.599834745830528,,1073.3844903522477,False,False,False,,[]
1133,1133,1134,True,1.0,1.0,1133.0,1134.0,1133.0,1134.0,1134.0,0.0,26.6,23.0,-463.3566857291673,0.5000720620155334,0.5000720620155334,0.0,1.0,0.5357101609506848,0.5358333724826663,0.999759751643295,0.9997597336769104,0.9997594928732886,0.9999917382063731,0.9999917245990211,0.9999891997019982,0.9999891840494523,8.153821870383448,31.936429089604932,,1073.0473016716433,False,False,False,,[]
1134,1134,1135,True,1.0,1.0,1134.0,1135.0,1134.0,1135.0,1135.0,0.0,23.0,19.4,-464.8377107291667,0.5000721216201782,0.5000721216201782,0.0,1.0,0.5358333724826663,0.5359450317295654,0.9997594928732886,0.9997594952583313,0.9997592610008054,0.9999917245990211,0.9999917177740897,0.9999891840494523,0.9999891724810253,7.389558453861513,28.94207679625263,,1075.359748914495,False,False,False,,[]
1135,1135,1136,True,1.0,1.0,1135.0,1136.0,1135.0,1136.0,1136.0,0.0,19.4,16.3,-389.3495815624998,0.5000722408294678,0.5000722408294678,0.0,1.0,0.5359450317295654,0.5360216199952451,0.9997592610008054,0.9997592568397522,0.9997591073210612,0.9999917177740897,0.999991709790353,0.9999891724810253,0.9999891653155788,5.068328845944059,19.851678464172277,,1048.2961660215071,False,False,False,,[]
1136,1136,1137,True,1.0,1.0,1136.0,1137.0,1136.0,1137.0,1137.0,0.0,16.3,14.6,-175.35584184895842,0.5000723004341125,0.5000723004341125,0.0,1.0,0.5360216199952451,0.5360458663780939,0.9997591073210612,0.9997590780258179,0.9997590610974814,0.999991709790353,0.9999917059320856,0.9999891653155788,0.9999891563711393,1.6043435627091238,6.284662434401225,,1006.8681679262078,False,False,False,,[]
1137,1137,1138,True,1.0,1.0,1137.0,1138.0,1137.0,1138.0,1138.0,0.0,14.6,14.2,23.769293437499986,0.5000723004341125,0.5000723004341125,0.0,1.0,0.5360458663780939,0.5360375045697549,0.9997590610974814,0.9997590780258179,0.9997590454022339,0.9999917059320856,0.9999917048629826,0.9999891563711393,0.9999891550163952,-0.5532421001299445,-2.1673807214991454,,987.7956072659371,False,False,False,,[]
1138,1138,1139,True,1.0,1.0,1138.0,1139.0,1138.0,1139.0,1139.0,0.0,14.2,14.3,100.42791010416688,0.5000723004341125,0.5000723004341125,0.0,1.0,0.5360375045697549,0.5360056795555793,0.9997590454022339,0.9997590184211731,0.9997589842791789,0.9999917048629826,0.9999917016394934,0.9999891550163952,0.9999891493520751,-2.1054933109565286,-8.2490436743032,,955.2693876376871,False,False,False,,[]
1139,1139,1140,True,1.0,1.0,1139.0,1140.0,1139.0,1140.0,1140.0,0.0,14.3,14.6,131.1532154427082,0.5000723004341125,0.5000723004341125,0.0,1.0,0.5360056795555793,0.5359647944931959,0.9997589842791789,0.9997589588165283,0.999758905056353,0.9999917016394934,0.9999916980323478,0.9999891493520751,0.9999891418509692,-2.7048014626926347,-10.597408169793022,,943.4713513016465,False,False,False,,[]
1140,1140,1141,True,1.0,1.0,1140.0,1141.0,1140.0,1141.0,1141.0,0.0,14.6,15.1,161.92679343750024,0.5000723600387573,0.5000723600387573,0.0,1.0,0.5359647944931959,0.5359140365737922,0.999758905056353,0.9997588992118835,0.9997588057484019,0.9999916980323478,0.9999916941215584,0.9999891418509692,0.9999891323334531,-3.357818763255561,-13.156452709435577,,930.9972576534317,False,False,False,,[]
1141,1141,1142,True,1.0,1.0,1141.0,1142.0,1141.0,1142.0,1142.0,0.0,15.1,16.4,284.8566300260415,0.5000723600387573,0.5000723600387573,0.0,1.0,0.5359140365737922,0.535835058174542,0.9997588057484019,0.999758780002594,0.9997586469017067,0.9999916941215584,0.9999916896688639,0.9999891323334531,0.9999891193609931,-5.224174031562829,-20.471201085638864,,899.047548142571,False,False,False,,[]
1142,1142,1143,True,1.0,1.0,1142.0,1143.0,1142.0,1143.0,1143.0,0.0,16.4,19.1,500.10794708333384,0.5000724196434021,0.5000724196434021,0.0,1.0,0.535835058174542,0.535703131538948,0.9997586469017067,0.9997586607933044,0.9997583674558129,0.9999916896688639,0.9999916799052869,0.9999891193609931,0.9999891121905758,-8.724864314349361,-34.195383945974676,,849.7582978936623,False,False,False,,[]
1143,1143,1144,True,1.0,1.0,1143.0,1144.0,1143.0,1144.0,1144.0,0.0,19.1,22.5,608.3587862760413,0.5000724792480469,0.5000724792480469,0.0,1.0,0.535703131538948,0.5355181837074713,0.9997583674558129,0.9997583627700806,0.9997579805574909,0.9999916799052869,0.9999916711416474,0.9999891121905758,0.9999890988365617,-12.228762974018863,-47.93847791877086,,802.7258532472574,False,False,False,,[]
1144,1144,1145,True,1.0,1.0,1144.0,1145.0,1144.0,1145.0,1145.0,0.0,22.5,24.4,379.26942794270786,0.5000725984573364,0.5000725984573364,0.0,1.0,0.5355181837074713,0.5353795183402984,0.9997579805574909,0.9997580051422119,0.999757684894992,0.9999916711416474,0.9999916583752972,0.9999890988365617,0.9999890894119255,-9.169270247809381,-35.94206317122294,,840.037812709524,False,False,False,,[]
1145,1145,1146,True,1.0,1.0,1145.0,1146.0,1145.0,1146.0,1146.0,0.0,24.4,24.8,149.74603041666745,0.500072717666626,0.500072717666626,0.0,1.0,0.5353795183402984,0.5353166128382094,0.999757684894992,0.999757707118988,0.9997575603489819,0.9999916583752972,0.9999916511156866,0.9999890894119255,0.9999890835553653,-4.160434559441887,-16.305106141478447,,918.7154776509226,False,False,False,,[]
1146,1146,1147,True,1.0,1.0,1146.0,1147.0,1146.0,1147.0,1147.0,0.0,24.8,22.7,-233.861571666667,0.500072717666626,0.500072717666626,0.0,1.0,0.5353166128382094,0.5353734379144973,0.9997575603489819,0.9997575879096985,0.9997574485087891,0.9999916511156866,0.999991641244487,0.9999890835553653,0.9999890764031324,3.759657474722874,14.729059773835909,,1029.460720405161,False,False,False,,[]
1147,1147,1148,True,1.0,1.0,1147.0,1148.0,1147.0,1148.0,1148.0,0.0,22.7,17.4,-725.9155918489582,0.5000727772712708,0.5000727772712708,0.0,1.0,0.5353734379144973,0.5355425900616064,0.9997574485087891,0.9997574687004089,0.9997570922141291,0.999991641244487,0.9999916311644496,0.9999890764031324,0.9999890646465116,11.19585201274739,43.844236530673236,,1125.7280935827014,False,False,False,,[]
1148,1148,1149,True,1.0,1.0,1148.0,1149.0,1148.0,1149.0,1149.0,0.0,17.4,13.8,-466.71420656249984,0.5000728368759155,0.5000728368759155,0.0,1.0,0.5355425900616064,0.5356102619222107,0.9997570922141291,0.9997571110725403,0.9997569576050601,0.9999916311644496,0.9999916216693248,0.9999890646465116,0.9999890427394204,4.4780308201519015,17.540546268641553,,1023.3411191168632,False,False,False,,[]
1149,1149,1150,True,1.0,1.0,1149.0,1150.0,1149.0,1150.0,1150.0,0.0,13.8,12.0,-191.33081906250024,0.5000728964805603,0.5000728964805603,0.0,1.0,0.5356102619222107,0.5356301512383788,0.9997569576050601,0.999756932258606,0.9997569198491153,0.9999916216693248,0.9999916171842268,0.9999890427394204,0.9999890329703638,1.3159871543495885,5.15531075075343,,1001.8630315955216,False,False,False,,[]
1150,1150,1151,True,1.0,1.0,1150.0,1151.0,1150.0,1151.0,1151.0,0.0,12.0,12.0,84.59899500000002,0.5000728964805603,0.5000728964805603,0.0,1.0,0.5356301512383788,0.5356065925128518,0.9997569198491153,0.999756932258606,0.9997568749666964,0.9999916171842268,0.9999916144619948,0.9999890329703638,0.9999890289522296,-1.5585939416053332,-6.10642165657194,,966.3821420674989,False,False,False,,[]
1151,1151,1152,True,1.0,1.0,1151.0,1152.0,1151.0,1152.0,1152.0,0.0,12.0,12.0,84.59899500000002,0.5000729560852051,0.5000729560852051,0.0,1.0,0.5356065925128518,0.5355830337792656,0.9997568749666964,0.9997568726539612,0.9997568300842617,0.9999916144619948,0.9999916117397625,0.9999890289522296,0.9999890249340959,-1.5585939131228805,-6.106423745549247,,966.3821331724212,False,False,False,,[]
1152,1152,1153,True,1.0,1.0,1152.0,1153.0,1152.0,1153.0,1153.0,0.0,12.0,13.9,376.2648283333336,0.5000729560852051,0.5000729560852051,0.0,1.0,0.5355830337792656,0.5354863273009487,0.9997568300842617,0.9997568130493164,0.9997566321790142,0.9999916117397625,0.99999160836514,0.9999890249340959,0.9999890056481331,-6.396412074122537,-25.066319179745182,,877.8416702065606,False,False,False,,[]
1153,1153,1154,True,1.0,1.0,1153.0,1154.0,1153.0,1154.0,1154.0,0.0,13.9,17.7,668.3388227343747,0.5000730156898499,0.5000730156898499,0.0,1.0,0.5354863273009487,0.5353055830678569,0.9997566321790142,0.9997566342353821,0.9997562533721307,0.99999160836514,0.9999916005110715,0.9999890056481331,0.9999889761694877,-11.951336252390464,-46.84890521738519,,796.2051997952562,False,False,False,,[]
1154,1154,1155,True,1.0,1.0,1154.0,1155.0,1154.0,1155.0,1155.0,0.0,17.7,22.8,868.8956321093752,0.5000731348991394,0.5000731348991394,0.0,1.0,0.5353055830678569,0.5350528045440492,0.9997562533721307,0.9997562766075134,0.9997557416146736,0.9999916005110715,0.999991588325256,0.9999889761694877,0.9999889619568614,-16.70953138671875,-65.52019337094762,,751.6803562844908,False,False,False,,[]
1155,1155,1156,True,1.0,1.0,1155.0,1156.0,1155.0,1156.0,1156.0,0.0,22.8,27.3,778.5038137500001,0.500073254108429,0.500073254108429,0.0,1.0,0.5350528045440492,0.5347651603506455,0.9997557416146736,0.9997557401657104,0.9997551702404409,0.999991588325256,0.9999915741124923,0.9999889619568614,0.9999889398252634,-19.010337607080135,-74.55737493025312,,724.0469121769834,False,False,False,,[]
1156,1156,1157,True,1.0,1.0,1156.0,1157.0,1156.0,1157.0,1157.0,0.0,27.3,31.2,688.268757109375,0.5000734329223633,0.5000734329223633,0.0,1.0,0.5347651603506455,0.5344715324191978,0.9997551702404409,0.9997551441192627,0.9997545889725863,0.9999915741124923,0.9999915565408029,0.9999889398252634,0.9999889235635852,-19.403307275563716,-76.10835983124004,,721.7152132972091,False,False,False,,[]
1157,1157,1158,True,1.0,1.0,1157.0,1158.0,1157.0,1158.0,1158.0,0.0,31.2,35.2,705.5119283333341,0.5000736117362976,0.5000736117362976,0.0,1.0,0.5344715324191978,0.5341200726910071,0.9997545889725863,0.9997546076774597,0.9997539175523964,0.9999915565408029,0.9999915374271431,0.9999889235635852,0.9999888938940665,-23.21813191901402,-91.09836154700882,,681.4844439094104,False,False,False,,[]
1158,1158,1159,True,1.0,1.0,1158.0,1159.0,1158.0,1159.0,1159.0,0.0,35.2,39.4,738.4165533333331,0.5000738501548767,0.5000738501548767,0.0,1.0,0.5341200726910071,0.5337238446328921,0.9997539175523964,0.9997538924217224,0.9997531836475385,0.9999915374271431,0.9999915181965114,0.9999888938940665,0.9999888716460483,-26.16847637927006,-102.70231266340323,,661.7708008028256,False,False,False,,[]
1159,1159,1160,True,1.0,1.0,1159.0,1160.0,1159.0,1160.0,1160.0,0.0,39.4,42.5,572.1561476041664,0.500074028968811,0.500074028968811,0.0,1.0,0.5337238446328921,0.5333851253425783,0.9997531836475385,0.9997531771659851,0.9997525312075346,0.9999915181965114,0.9999915004038091,0.9999888716460483,0.9999888527204598,-22.371121692456516,-87.79604004934347,,694.1159051391861,False,False,False,,[]
1160,1160,1161,True,1.0,1.0,1160.0,1161.0,1160.0,1161.0,1161.0,0.0,42.5,45.4,543.560313359375,0.5000742673873901,0.5000742673873901,0.0,1.0,0.5333851253425783,0.5330409952648395,0.9997525312075346,0.9997525215148926,0.9997518706439713,0.9999915004038091,0.9999914833572757,0.9999888527204598,0.9999888334235693,-22.72539457409148,-89.19851614990648,,691.3096155368021,False,False,False,,[]
1161,1161,1162,True,1.0,1.0,1161.0,1162.0,1161.0,1162.0,1162.0,0.0,45.4,48.2,530.3237726041671,0.5000744462013245,0.5000744462013245,0.0,1.0,0.5330409952648395,0.5326813711841469,0.9997518706439713,0.9997518658638,0.9997511873337077,0.9999914833572757,0.9999914674004415,0.9999888334235693,0.9999888093661657,-23.744610069850047,-93.21456171552573,,681.2131353929931,False,False,False,,[]
1162,1162,1163,True,1.0,1.0,1162.0,1163.0,1162.0,1163.0,1163.0,0.0,48.2,50.3,425.0417017708327,0.5000746250152588,0.5000746250152588,0.0,1.0,0.5326813711841469,0.5323760894598247,0.9997511873337077,0.9997512102127075,0.999750587092274,0.9999914674004415,0.9999914517383907,0.9999888093661657,0.9999887896258847,-20.157591513193932,-79.12902294430711,,713.9245706238028,False,False,False,,[]
1163,1163,1164,True,1.0,1.0,1163.0,1164.0,1163.0,1164.0,1164.0,0.0,50.3,52.6,457.4590383593753,0.5000748038291931,0.5000748038291931,0.0,1.0,0.5323760894598247,0.5320351412791886,0.999750587092274,0.9997506141662598,0.9997499312947414,0.9999914517383907,0.9999914367305838,0.9999887896258847,0.9999887668120082,-22.507958056162774,-88.3737684208911,,692.3531450177869,False,False,False,,[]
1164,1164,1165,True,1.0,1.0,1164.0,1165.0,1164.0,1165.0,1165.0,0.0,52.6,54.5,398.0187101041671,0.5000749826431274,0.5000749826431274,0.0,1.0,0.5320351412791886,0.5317234375699991,0.9997499312947414,0.9997499585151672,0.9997493207670649,0.9999914367305838,0.9999914205932033,0.9999887668120082,0.9999887461522944,-20.577037192486824,-80.79360142192074,,709.4444797991996,False,False,False,,[]
1165,1165,1166,True,1.0,1.0,1165.0,1166.0,1165.0,1166.0,1166.0,0.0,54.5,56.6,430.40817794270777,0.5000752210617065,0.5000752210617065,0.0,1.0,0.5317234375699991,0.5313764773672737,0.9997493207670649,0.9997493028640747,0.9997486559912749,0.9999914205932033,0.9999914048782685,0.9999887461522944,0.999988722976976,-22.899818834684492,-89.93208454643218,,688.5496774853906,False,False,False,,[]
1166,1166,1167,True,1.0,1.0,1166.0,1167.0,1166.0,1167.0,1167.0,0.0,56.6,58.3,370.93998093749957,0.5000753998756409,0.5000753998756409,0.0,1.0,0.5313764773672737,0.531063970922692,0.9997486559912749,0.9997486472129822,0.999748044186412,0.9999914048782685,0.9999913880766227,0.999988722976976,0.9999887023205751,-20.625893927523837,-81.00167043556253,,708.6444099234834,False,False,False,,[]
1167,1167,1168,True,1.0,1.0,1167.0,1168.0,1167.0,1168.0,1168.0,0.0,58.3,60.0,372.5601008593766,0.5000755786895752,0.5000755786895752,0.0,1.0,0.531063970922692,0.5307403858767822,0.999748044186412,0.9997480511665344,0.9997474149520277,0.9999913880766227,0.9999913703786324,0.9999887023205751,0.9999886809600507,-21.35447811313195,-83.87324389982697,,701.4752730872262,False,False,False,,[]
1168,1168,1169,True,1.0,1.0,1168.0,1169.0,1168.0,1169.0,1169.0,0.0,60.0,61.5,343.52649499999876,0.5000757575035095,0.5000757575035095,0.0,1.0,0.5307403858767822,0.5304338093991589,0.9997474149520277,0.9997473955154419,0.999746812626983,0.9999913703786324,0.9999913530345231,0.9999886809600507,0.9999886612894889,-20.231284262025547,-79.46462299996472,,712.3401844654786,False,False,False,,[]
1169,1169,1170,True,1.0,1.0,1169.0,1170.0,1169.0,1170.0,1170.0,0.0,61.5,63.1,360.3889591927095,0.5000759363174438,0.5000759363174438,0.0,1.0,0.5304338093991589,0.5301060117014814,0.999746812626983,0.9997467994689941,0.9997461768624515,0.9999913530345231,0.999991334990223,0.9999886612894889,0.9999886414439018,-21.62850246958666,-84.9651632379923,,699.6607857604118,False,False,False,,[]
1170,1170,1171,True,1.0,1.0,1170.0,1171.0,1170.0,1171.0,1171.0,0.0,63.1,64.3,300.63917169270775,0.5000761151313782,0.5000761151313782,0.0,1.0,0.5301060117014814,0.5298263288524063,0.9997461768624515,0.9997462034225464,0.999745618808149,0.999991334990223,0.9999913209244741,0.9999886414439018,0.999988622881022,-18.45500855162969,-72.49379448027075,,730.931687305268,False,False,False,,[]
1171,1171,1172,True,1.0,1.0,1171.0,1172.0,1171.0,1172.0,1172.0,0.0,64.3,65.7,332.6088664843752,0.5000762939453125,0.5000762939453125,0.0,1.0,0.5298263288524063,0.5295096874474176,0.999745618808149,0.9997456073760986,0.9997450004548036,0.9999913209244741,0.9999913029567478,0.999988622881022,0.9999886035238037,-20.889952154501167,-82.07345217308851,,706.3136110257344,False,False,False,,[]
1172,1172,1173,True,1.0,1.0,1172.0,1173.0,1172.0,1173.0,1173.0,0.0,65.7,67.1,334.11842377604,0.5000764727592468,0.5000764727592468,0.0,1.0,0.5295096874474176,0.5291855412018376,0.9997450004548036,0.9997450113296509,0.9997443703473643,0.9999913029567478,0.9999912848293318,0.9999886035238037,0.9999885840970241,-21.38287814217491,-84.018706854323,,701.8966443298347,False,False,False,,[]
1173,1173,1174,True,1.0,1.0,1173.0,1174.0,1173.0,1174.0,1174.0,0.0,67.1,68.3,304.95882794270966,0.5000767111778259,0.5000767111778259,0.0,1.0,0.5291855412018376,0.5288840454314249,0.9997443703473643,0.9997443556785583,0.9997437762266878,0.9999912848293318,0.9999912688839016,0.9999885840970241,0.9999885650858752,-19.888527090010918,-78.14770369096338,,716.401956894032,False,False,False,,[]
1174,1174,1175,True,1.0,1.0,1174.0,1175.0,1174.0,1175.0,1175.0,0.0,68.3,69.7,337.00814773437526,0.5000768899917603,0.5000768899917603,0.0,1.0,0.5288840454314249,0.5285460368951207,0.9997437762266878,0.9997437596321106,0.999743124860614,0.9999912688839016,0.9999912505228907,0.9999885650858752,0.9999885457644538,-22.29304288037867,-87.61181261003193,,694.0455726687354,False,False,False,,[]
1175,1175,1176,True,1.0,1.0,1175.0,1176.0,1175.0,1176.0,1176.0,0.0,69.7,70.6,261.8564341927084,0.5000770688056946,0.5000770688056946,0.0,1.0,0.5285460368951207,0.5282785696552804,0.999743124860614,0.9997431039810181,0.9997425875849192,0.9999912505228907,0.9999912376881235,0.9999885457644538,0.9999885280826712,-17.643031738499307,-69.32750856661173,,739.8029122264426,False,False,False,,[]
1176,1176,1177,True,1.0,1.0,1176.0,1177.0,1176.0,1177.0,1177.0,0.0,70.6,71.6,278.2545851041652,0.5000772476196289,0.5000772476196289,0.0,1.0,0.5282785696552804,0.527990085930654,0.9997425875849192,0.9997425675392151,0.9997420148164643,0.9999912376881235,0.9999912231022191,0.9999885280826712,0.9999885095281058,-19.027143675089427,-74.7749814231675,,725.2152047490086,False,False,False,,[]
1177,1177,1178,True,1.0,1.0,1177.0,1178.0,1177.0,1178.0,1178.0,0.0,71.6,72.6,279.4340304166671,0.5000773668289185,0.5000773668289185,0.0,1.0,0.527990085930654,0.5276963675371366,0.9997420148164643,0.9997420310974121,0.9997414333998204,0.9999912231022191,0.9999912079535499,0.9999885095281058,0.9999884910538459,-19.37096649602859,-76.13180759971414,,721.7699599123231,False,False,False,,[]
1178,1178,1179,True,1.0,1.0,1178.0,1179.0,1178.0,1179.0,1179.0,0.0,72.6,73.5,265.27923093750195,0.5000775456428528,0.5000775456428528,0.0,1.0,0.5276963675371366,0.5274143417537485,0.9997414333998204,0.9997414350509644,0.9997408714072094,0.9999912079535499,0.9999911941888122,0.9999884910538459,0.9999884728462327,-18.599432035441357,-73.10108305420631,,729.8218514950667,False,False,False,,[]
1179,1179,1180,True,1.0,1.0,1179.0,1180.0,1179.0,1180.0,1180.0,0.0,73.5,74.2,235.6681779427075,0.5000777244567871,0.5000777244567871,0.0,1.0,0.5274143417537485,0.5271587408070425,0.9997408714072094,0.9997408986091614,0.9997403547020913,0.9999911941888122,0.9999911799427478,0.9999884728462327,0.9999884564041879,-16.857264993965433,-66.25176538617076,,747.4067408897049,False,False,False,,[]
1180,1180,1181,True,1.0,1.0,1180.0,1181.0,1180.0,1181.0,1181.0,0.0,74.2,74.9,236.52572260416778,0.5000779032707214,0.5000779032707214,0.0,1.0,0.5271587408070425,0.5268996662921882,0.9997403547020913,0.9997403621673584,0.9997398319366455,0.9999911799427478,0.9999911655901146,0.9999884564041879,0.9999884395554784,-17.085500595424193,-67.15211425023702,,744.8498833027346,False,False,False,,[]
1181,1181,1182,True,1.0,1.0,1181.0,1182.0,1181.0,1182.0,1182.0,0.0,74.9,75.6,237.3913956510389,0.5000780820846558,0.5000780820846558,0.0,1.0,0.5268996662921882,0.5266371034365662,0.9997398319366455,0.9997398257255554,0.9997393031172951,0.9999911655901146,0.9999911511323195,0.9999884395554784,0.9999884223076702,-17.31467729619414,-68.05629217722291,,742.3076179410427,False,False,False,,[]
1182,1182,1183,True,1.0,1.0,1182.0,1183.0,1182.0,1183.0,1183.0,0.0,75.6,76.3,238.2651970833344,0.5000782012939453,0.5000782012939453,0.0,1.0,0.5266371034365662,0.5263711516859192,0.9997393031172951,0.9997392892837524,0.9997387684477649,0.9999911511323195,0.9999911365708096,0.9999884223076702,0.9999884047785051,-17.53726925214852,-68.93469376769927,,739.9134744173437,False,False,False,,[]
1183,1183,1184,True,1.0,1.0,1183.0,1184.0,1183.0,1184.0,1184.0,0.0,76.3,77.1,254.4979602343746,0.5000783801078796,0.5000783801078796,0.0,1.0,0.5263711516859192,0.5260874225275679,0.9997387684477649,0.9997387528419495,0.9997382036015082,0.9999911365708096,0.9999911225566567,0.9999884047785051,0.9999883870131502,-18.70773197851367,-73.54259784466788,,728.8665373811867,False,False,False,,[]
1184,1184,1185,True,1.0,1.0,1184.0,1185.0,1184.0,1185.0,1185.0,0.0,77.1,77.9,255.51583315104324,0.500078558921814,0.500078558921814,0.0,1.0,0.5260874225275679,0.525800307872496,0.9997382036015082,0.9997382164001465,0.9997376331077114,0.9999911225566567,0.9999911084473984,0.9999883870131502,0.9999883695936239,-18.92985946339083,-74.42011859465065,,726.9064619224288,False,False,False,,[]
1185,1185,1186,True,1.0,1.0,1185.0,1186.0,1185.0,1186.0,1186.0,0.0,77.9,78.5,225.84265606770703,0.5000787377357483,0.5000787377357483,0.0,1.0,0.525800307872496,0.5255393390480497,0.9997376331077114,0.9997376203536987,0.9997371070507319,0.9999911084473984,0.9999910930639857,0.9999883695936239,0.9999883525208015,-17.206633319508583,-67.6431192964665,,742.9250739528028,False,False,False,,[]
1186,1186,1187,True,1.0,1.0,1186.0,1187.0,1186.0,1187.0,1187.0,0.0,78.5,79.0,211.27015710937525,0.5000788569450378,0.5000788569450378,0.0,1.0,0.5255393390480497,0.525292268278305,0.9997371070507319,0.9997370839118958,0.999736605362363,0.9999910930639857,0.9999910772765582,0.9999883525208015,0.9999883368064291,-16.29043062049334,-64.04074351782965,,752.5918851047101,False,False,False,,[]
1187,1187,1188,True,1.0,1.0,1187.0,1188.0,1187.0,1188.0,1188.0,0.0,79.0,79.7,242.62499760416776,0.5000790357589722,0.5000790357589722,0.0,1.0,0.525292268278305,0.5250112311828384,0.999736605362363,0.9997366070747375,0.9997360450298043,0.9999910772765582,0.9999910622332957,0.9999883368064291,0.9999883195603797,-18.527469674069593,-72.84481514494517,,730.2683340650789,False,False,False,,[]
1188,1188,1189,True,1.0,1.0,1188.0,1189.0,1188.0,1189.0,1189.0,0.0,79.7,80.3,228.195574817707,0.5000791549682617,0.5000791549682617,0.0,1.0,0.5250112311828384,0.5247422515943237,0.9997360450298043,0.9997360706329346,0.9997355051595318,0.9999910622332957,0.9999910465613393,0.9999883195603797,0.9999883024287108,-17.732503032119254,-69.71950934300712,,737.5881028667086,False,False,False,,[]
1189,1189,1190,True,1.0,1.0,1189.0,1190.0,1189.0,1190.0,1190.0,0.0,80.3,81.0,244.34265815104277,0.500079333782196,0.500079333782196,0.0,1.0,0.5247422515943237,0.5244552773695648,0.9997355051595318,0.9997355341911316,0.9997349348993538,0.9999910465613393,0.9999910313442382,0.9999883024287108,0.9999882852725951,-18.917048378297206,-74.38371905752572,,726.5469943065615,False,False,False,,[]
1190,1190,1191,True,1.0,1.0,1190.0,1191.0,1190.0,1191.0,1191.0,0.0,81.0,81.6,229.9283309374987,0.5000795125961304,0.5000795125961304,0.0,1.0,0.5244552773695648,0.5241807424332391,0.9997349348993538,0.9997349381446838,0.9997343855517351,0.9999910313442382,0.9999910154697464,0.9999882852725951,0.9999882684219844,-18.09700022437078,-71.15945549560274,,734.1093943072374,False,False,False,,[]
1191,1191,1192,True,1.0,1.0,1191.0,1192.0,1191.0,1192.0,1192.0,0.0,81.6,82.4,261.4391866666682,0.5000796914100647,0.5000796914100647,0.0,1.0,0.5241807424332391,0.523872209973741,0.9997343855517351,0.9997344017028809,0.9997337800883241,0.9999910154697464,0.9999910004840155,0.9999882684219844,0.9999882516337066,-20.335152079008846,-79.97161350191061,,713.8508723572949,False,False,False,,[]
1192,1192,1193,True,1.0,1.0,1192.0,1193.0,1192.0,1193.0,1193.0,0.0,82.4,82.9,216.47489500000026,0.500079870223999,0.500079870223999,0.0,1.0,0.523872209973741,0.5236073466609265,0.9997337800883241,0.9997338056564331,0.9997332472943817,0.9999910004840155,0.9999909840041002,0.9999882516337066,0.9999882350135921,-17.45848164427551,-68.65257068152313,,740.0594821242086,False,False,False,,[]
1193,1193,1194,True,1.0,1.0,1193.0,1194.0,1193.0,1194.0,1194.0,0.0,82.9,83.4,217.16041648437525,0.5000799894332886,0.5000799894332886,0.0,1.0,0.5236073466609265,0.5233402281334603,0.9997332472943817,0.9997332692146301,0.9997327106178137,0.9999909840041002,0.9999909674381239,0.9999882350135921,0.99998821835573,-17.606482451230367,-69.23712231922298,,738.5469702671872,False,False,False,,[]
1194,1194,1195,True,1.0,1.0,1194.0,1195.0,1194.0,1195.0,1195.0,0.0,83.4,83.8,202.49925177083117,0.5000801682472229,0.5000801682472229,0.0,1.0,0.5233402281334603,0.5230875061656133,0.9997327106178137,0.9997327327728271,0.9997321989597115,0.9999909674381239,0.9999909505808345,0.99998821835573,0.9999882021336552,-16.65782286550523,-65.50553406594965,,747.9615380513196,False,False,False,,[]
1195,1195,1196,True,1.0,1.0,1195.0,1196.0,1195.0,1196.0,1196.0,0.0,83.8,84.2,203.05397260416842,0.5000803470611572,0.5000803470611572,0.0,1.0,0.5230875061656133,0.522832970524057,0.9997321989597115,0.9997321963310242,0.9997316841196011,0.9999909505808345,0.9999909336470434,0.9999882021336552,0.9999881858221795,-16.776884515067017,-65.97563829139807,,746.6782601861879,False,False,False,,[]
1196,1196,1197,True,1.0,1.0,1196.0,1197.0,1196.0,1197.0,1197.0,0.0,84.2,84.7,218.96218093750028,0.5000805258750916,0.5000805258750916,0.0,1.0,0.522832970524057,0.5225601082048624,0.9997316841196011,0.9997316598892212,0.9997311376165796,0.9999909336470434,0.9999909168604921,0.9999881858221795,0.9999881692424533,-17.983365601629746,-70.72591313521384,,734.8192413263561,False,False,False,,[]
1197,1197,1198,True,1.0,1.0,1197.0,1198.0,1197.0,1198.0,1198.0,0.0,84.7,85.2,219.66263210937527,0.5000806450843811,0.5000806450843811,0.0,1.0,0.5225601082048624,0.5222852390542502,0.9997311376165796,0.9997311234474182,0.9997305877014866,0.9999909168604921,0.9999908999903744,0.9999881692424533,0.9999881529165426,-18.1149547902495,-71.24608383870351,,733.6452024298983,False,False,False,,[]
1198,1198,1199,True,1.0,1.0,1198.0,1199.0,1198.0,1199.0,1199.0,0.0,85.2,85.6,205.0163970833312,0.5000808238983154,0.5000808238983154,0.0,1.0,0.5222852390542502,0.5220246945398066,0.9997305877014866,0.9997305870056152,0.999730062380955,0.9999908999903744,0.9999908827915517,0.9999881529165426,0.9999881366860746,-17.17115036292312,-67.53313814378485,,742.6629403590018,False,False,False,,[]
1199,1199,1200,True,1.0,1.0,1199.0,1200.0,1199.0,1200.0,1200.0,0.0,85.6,86.3,251.63556166666777,0.5000810027122498,0.5000810027122498,0.0,1.0,0.5220246945398066,0.52171343923289,0.999730062380955,0.9997300505638123,0.9997294525675383,0.9999908827915517,0.9999908669332183,0.9999881366860746,0.9999881207225977,-20.50945922439141,-80.67737555278188,,712.221057232833,False,False,False,,[]
1200,1200,1201,True,1.0,1.0,1200.0,1201.0,1200.0,1201.0,1201.0,0.0,86.3,86.8,221.93194460937525,0.5000811815261841,0.5000811815261841,0.0,1.0,0.52171343923289,0.5214313028622578,0.9997294525675383,0.9997294545173645,0.9997288903894157,0.9999908669332183,0.9999908498006993,0.9999881207225977,0.9999881044642256,-18.59159626592877,-73.12974726788882,,728.9984261608183,False,False,False,,[]
1201,1201,1202,True,1.0,1.0,1201.0,1202.0,1201.0,1202.0,1202.0,0.0,86.8,87.4,238.00064708333403,0.5000813007354736,0.5000813007354736,0.0,1.0,0.5214313028622578,0.5211300236427868,0.9997288903894157,0.9997289180755615,0.9997282966201001,0.9999908498006993,0.9999908326351069,0.9999881044642256,0.9999880885514195,-19.851198164556134,-78.09157368687957,,717.4967430932031,False,False,False,,[]
1202,1202,1203,True,1.0,1.0,1202.0,1203.0,1202.0,1203.0,1203.0,0.0,87.4,88.0,238.86756427083202,0.500081479549408,0.500081479549408,0.0,1.0,0.5211300236427868,0.5208264030666461,0.9997282966201001,0.9997283220291138,0.9997276990590966,0.9999908326351069,0.9999908158458076,0.9999880885514195,0.9999880726570495,-20.00453413231035,-78.69845333568682,,716.3014141897081,False,False,False,,[]
1203,1203,1204,True,1.0,1.0,1203.0,1204.0,1203.0,1204.0,1204.0,0.0,88.0,88.3,193.68795333333273,0.5000816583633423,0.5000816583633423,0.0,1.0,0.5208264030666461,0.5205712730416978,0.9997276990590966,0.999727725982666,0.9997271831780438,0.9999908158458076,0.9999907980406634,0.9999880726570495,0.9999880571362163,-16.811569573691834,-66.12970246657545,,746.244093224454,False,False,False,,[]
1204,1204,1205,True,1.0,1.0,1204.0,1205.0,1204.0,1205.0,1205.0,0.0,88.3,88.7,209.47747065104343,0.5000818371772766,0.5000818371772766,0.0,1.0,0.5205712730416978,0.5202974244614167,0.9997271831780438,0.999727189540863,0.9997266349967742,0.9999907980406634,0.9999907802715953,0.9999880571362163,0.9999880414660633,-18.04363456389567,-70.98155200887116,,734.1572921925048,False,False,False,,[]
1205,1205,1206,True,1.0,1.0,1205.0,1206.0,1205.0,1206.0,1206.0,0.0,88.7,89.0,194.71387169270773,0.5000820159912109,0.5000820159912109,0.0,1.0,0.5202974244614167,0.5200391411036764,0.9997266349967742,0.9997266530990601,0.9997261136088542,0.9999907802715953,0.9999907623248346,0.9999880414660633,0.9999880258621101,-17.018467743931243,-66.94704632627507,,744.0626422431528,False,False,False,,[]
1206,1206,1207,True,1.0,1.0,1206.0,1207.0,1206.0,1207.0,1207.0,0.0,89.0,89.3,195.1560392708327,0.5000821352005005,0.5000821352005005,0.0,1.0,0.5200391411036764,0.5197794747236831,0.9997261136088542,0.9997261166572571,0.9997255898139654,0.9999907623248346,0.999990744317689,0.9999880258621101,0.999988010199452,-17.109220041551847,-67.30552569427387,,743.0990218543548,False,False,False,,[]
1207,1207,1208,True,1.0,1.0,1207.0,1208.0,1207.0,1208.0,1208.0,0.0,89.3,89.8,226.30136648437522,0.5000823140144348,0.5000823140144348,0.0,1.0,0.5197794747236831,0.519483856349738,0.9997255898139654,0.9997255802154541,0.9997250052777041,0.999990744317689,0.9999907267154547,0.999988010199452,0.9999879945912349,-19.4755089430699,-76.62428252657602,,720.8337414964661,False,False,False,,[]
1208,1208,1209,True,1.0,1.0,1208.0,1209.0,1208.0,1209.0,1209.0,0.0,89.8,90.2,211.69328510416844,0.5000824928283691,0.5000824928283691,0.0,1.0,0.519483856349738,0.5192029740910927,0.9997250052777041,0.9997249841690063,0.9997244452053701,0.9999907267154547,0.9999907086796436,0.9999879945912349,0.9999879787892849,-18.504932991306973,-72.80468144085809,,729.5397371468943,False,False,False,,[]
1209,1209,1210,True,1.0,1.0,1209.0,1210.0,1209.0,1210.0,1210.0,0.0,90.2,90.6,212.2904726041645,0.5000826716423035,0.5000826716423035,0.0,1.0,0.5192029740910927,0.518920321807418,0.9997244452053701,0.9997244477272034,0.9997238821622474,0.9999907086796436,0.9999906905738047,0.9999879787892849,0.9999879630794335,-18.620957804444224,-73.26347192848321,,728.452934298967,False,False,False,,[]
1210,1210,1211,True,1.0,1.0,1210.0,1211.0,1210.0,1211.0,1211.0,0.0,90.6,91.0,212.8903142708351,0.5000828504562378,0.5000828504562378,0.0,1.0,0.518920321807418,0.518635734692293,0.9997238821622474,0.9997239112854004,0.9997233158817393,0.9999906905738047,0.9999906723984217,0.9999879630794335,0.999987947305237,-18.747819359078736,-73.76498024039469,,727.1855995850468,False,False,False,,[]
1211,1211,1212,True,1.0,1.0,1211.0,1212.0,1211.0,1212.0,1212.0,0.0,91.0,91.3,198.1419767708327,0.5000830292701721,0.5000830292701721,0.0,1.0,0.518635734692293,0.5183668936809007,0.9997233158817393,0.9997233152389526,0.9997227762489513,0.9999906723984217,0.9999906539937502,0.999987947305237,0.9999879314242895,-17.710924472068154,-69.68359015288222,,736.870853802535,False,False,False,,[]
1212,1212,1213,True,1.0,1.0,1212.0,1213.0,1212.0,1213.0,1213.0,0.0,91.3,91.6,198.5955904427077,0.5000831484794617,0.5000831484794617,0.0,1.0,0.5183668936809007,0.5180967419115863,0.9997227762489513,0.9997227787971497,0.9997222343719557,0.9999906539937502,0.9999906355302491,0.9999879314242895,0.9999879155942909,-17.796867251471216,-70.02333860631252,,736.0339570176967,False,False,False,,[]
1213,1213,1214,True,1.0,1.0,1213.0,1214.0,1213.0,1214.0,1214.0,0.0,91.6,91.9,199.05069708333465,0.500083327293396,0.500083327293396,0.0,1.0,0.5180967419115863,0.5178254187632281,0.9997222343719557,0.9997222423553467,0.9997216904933404,0.9999906355302491,0.9999906170081386,0.9999879155942909,0.9999878999590246,-17.87362948190835,-70.32696005444267,,735.3652822379325,False,False,False,,[]
1214,1214,1215,True,1.0,1.0,1214.0,1215.0,1214.0,1215.0,1215.0,0.0,91.9,92.2,199.50729669270774,0.5000835061073303,0.5000835061073303,0.0,1.0,0.5178254187632281,0.5175527537083175,0.9997216904933404,0.9997217059135437,0.9997211443263084,0.9999906170081386,0.9999905984276428,0.9999878999590246,0.9999878843546411,-17.961610293241826,-70.6747822328172,,734.5020234470963,False,False,False,,[]
1215,1215,1216,True,1.0,1.0,1215.0,1216.0,1215.0,1216.0,1216.0,0.0,92.2,92.8,246.01788927083203,0.5000836253166199,0.5000836253166199,0.0,1.0,0.5175527537083175,0.5172266533414404,0.9997211443263084,0.9997211694717407,0.9997205111863392,0.9999905984276428,0.9999905810588143,0.9999878843546411,0.9999878700139148,-21.47758032351856,-84.52521509456248,,703.6684041847514,False,False,False,,[]
1216,1216,1217,True,1.0,1.0,1216.0,1217.0,1216.0,1217.0,1217.0,0.0,92.8,93.1,200.88605333333268,0.500083863735199,0.500083863735199,0.0,1.0,0.5172266533414404,0.5169498326651476,0.9997205111863392,0.9997205138206482,0.9997199579638143,0.9999905810588143,0.9999905623045474,0.9999878700139148,0.9999878544050084,-18.233998399896418,-71.75191929508082,,731.7932927417744,False,False,False,,[]
1217,1217,1218,True,1.0,1.0,1217.0,1218.0,1217.0,1218.0,1218.0,0.0,93.1,93.3,185.9977914843759,0.5000839829444885,0.5000839829444885,0.0,1.0,0.5169498326651476,0.5166899461047723,0.9997199579638143,0.9997199773788452,0.9997194337861987,0.9999905623045474,0.9999905435145144,0.9999878544050084,0.999987838813083,-17.11914073474215,-67.36259644930263,,742.5634422843509,False,False,False,,[]
1218,1218,1219,True,1.0,1.0,1218.0,1219.0,1218.0,1219.0,1219.0,0.0,93.3,93.5,186.30700190104258,0.5000841617584229,0.5000841617584229,0.0,1.0,0.5166899461047723,0.516429129507553,0.9997194337861987,0.9997194409370422,0.9997189079933751,0.9999905435145144,0.9999905246816039,0.999987838813083,0.999987823187888,-17.18015234601548,-67.60366199923023,,741.9201271740403,False,False,False,,[]
1219,1219,1220,True,1.0,1.0,1219.0,1220.0,1219.0,1220.0,1220.0,0.0,93.5,93.7,186.61687585937588,0.5000843405723572,0.5000843405723572,0.0,1.0,0.516429129507553,0.5161673806093321,0.9997189079933751,0.9997189044952393,0.9997183805837225,0.9999905246816039,0.9999905058058951,0.999987823187888,0.999987807529512,-17.24130811410598,-67.84531441885905,,741.2766847190517,False,False,False,,[]
1220,1220,1221,True,1.0,1.0,1220.0,1221.0,1220.0,1221.0,1221.0,0.0,93.7,93.9,186.9274133593759,0.5000845193862915,0.5000845193862915,0.0,1.0,0.5161673806093321,0.5159046971433617,0.9997183805837225,0.9997183680534363,0.9997178515556367,0.9999905058058951,0.999990486887469,0.999987807529512,0.9999877918380445,-17.30260822840517,-68.08755437950987,,740.6331195860945,False,False,False,,[]
1221,1221,1222,True,1.0,1.0,1221.0,1222.0,1221.0,1222.0,1222.0,0.0,93.9,94.0,171.88778106770687,0.500084638595581,0.500084638595581,0.0,1.0,0.5159046971433617,0.5156598312266661,0.9997178515556367,0.9997178316116333,0.9997173537794268,0.999990486887469,0.9999904681656399,0.9999877918380445,0.9999877762049044,-16.129701756757484,-63.46924560749164,,752.4462930033269,False,False,False,,[]
1222,1222,1223,True,1.0,1.0,1222.0,1223.0,1222.0,1223.0,1223.0,0.0,94.0,94.1,172.0436304166652,0.5000848174095154,0.5000848174095154,0.0,1.0,0.5156598312266661,0.5154145119725386,0.9997173537794268,0.9997173547744751,0.9997168551978212,0.9999904681656399,0.999990449420363,0.9999877762049044,0.9999877605531989,-16.159473767500167,-63.586750669853224,,752.1203794276955,False,False,False,,[]
1223,1223,1224,True,1.0,1.0,1223.0,1224.0,1223.0,1224.0,1224.0,0.0,94.1,94.3,187.55047898437587,0.5000849366188049,0.5000849366188049,0.0,1.0,0.5154145119725386,0.5151500527226193,0.9997168551978212,0.9997168779373169,0.9997163231009673,0.999990449420363,0.9999904304167491,0.9999877605531989,0.9999877448934845,-17.419119031798434,-68.5478375791008,,739.4632420558163,False,False,False,,[]
1224,1224,1225,True,1.0,1.0,1224.0,1225.0,1224.0,1225.0,1225.0,0.0,94.3,94.4,172.51217377604215,0.5000851154327393,0.5000851154327393,0.0,1.0,0.5151500527226193,0.5149033740490695,0.9997163231009673,0.9997163414955139,0.9997158221073954,0.9999904304167491,0.9999904116012108,0.9999877448934845,0.9999877291911308,-16.24867440273774,-63.939112184110705,,751.1477973686737,False,False,False,,[]
1225,1225,1226,True,1.0,1.0,1225.0,1226.0,1225.0,1226.0,1226.0,0.0,94.4,94.6,188.01951999999895,0.5000852346420288,0.5000852346420288,0.0,1.0,0.5149033740490695,0.514637505734553,0.9997158221073954,0.9997158050537109,0.9997152875815289,0.9999904116012108,0.999990392533927,0.9999877291911308,0.999987713485678,-17.511548846836135,-68.91306712268195,,738.5013651404862,False,False,False,,[]
1226,1226,1227,True,1.0,1.0,1226.0,1227.0,1226.0,1227.0,1227.0,0.0,94.6,94.7,172.98221010416907,0.5000854134559631,0.5000854134559631,0.0,1.0,0.514637505734553,0.514389460014016,0.9997152875815289,0.999715268611908,0.9997147841672605,0.999990392533927,0.9999903736482506,0.999987713485678,0.999987697730575,-16.338363035924456,-64.2934507632135,,750.1718305659832,False,False,False,,[]
1227,1227,1228,True,1.0,1.0,1227.0,1228.0,1227.0,1228.0,1228.0,0.0,94.7,94.8,173.1392206510402,0.5000855922698975,0.5000855922698975,0.0,1.0,0.514389460014016,0.5141409577173267,0.9997147841672605,0.9997147917747498,0.9997142799455859,0.9999903736482506,0.9999903547392224,0.999987697730575,0.9999876819579318,-16.36833308062323,-64.41179530185082,,749.8465800720426,False,False,False,,[]
1228,1228,1229,True,1.0,1.0,1228.0,1229.0,1228.0,1229.0,1229.0,0.0,94.8,95.0,188.64723041666758,0.500085711479187,0.500085711479187,0.0,1.0,0.5141409577173267,0.5138732029208104,0.9997142799455859,0.9997142553329468,0.999713742176084,0.9999903547392224,0.9999903355873477,0.9999876819579318,0.9999876661918959,-17.635292752711393,-69.40204325703708,,737.218661024855,False,False,False,,[]
1229,1229,1230,True,1.0,1.0,1229.0,1230.0,1229.0,1230.0,1230.0,0.0,95.0,95.1,173.61124760416516,0.5000858902931213,0.5000858902931213,0.0,1.0,0.5138732029208104,0.5136233265384589,0.999713742176084,0.9997137188911438,0.9997132355277436,0.9999903355873477,0.9999903166083517,0.9999876661918959,0.9999876503667612,-16.458464927033397,-64.76795830550941,,748.8699474664319,False,False,False,,[]
1230,1230,1231,True,1.0,1.0,1230.0,1231.0,1230.0,1231.0,1231.0,0.0,95.1,95.3,189.11975502604258,0.5000860095024109,0.5000860095024109,0.0,1.0,0.5136233265384589,0.51335415062793,0.9997132355277436,0.9997132420539856,0.9997126953211163,0.9999903166083517,0.9999902973932663,0.9999876503667612,0.999987634555595,-17.72847956647255,-69.77039600910061,,736.2562178467401,False,False,False,,[]
1231,1231,1232,True,1.0,1.0,1231.0,1232.0,1231.0,1232.0,1232.0,0.0,95.3,95.4,174.0847675260421,0.5000861883163452,0.5000861883163452,0.0,1.0,0.51335415062793,0.513102936989232,0.9997126953211163,0.9997127056121826,0.9997121863158582,0.9999902973932663,0.9999902783756914,0.999987634555595,0.9999876186781669,-16.546159541356854,-65.11457515051964,,747.938027881045,False,False,False,,[]
1232,1232,1233,True,1.0,1.0,1232.0,1233.0,1232.0,1233.0,1233.0,0.0,95.4,95.6,189.59377260416562,0.5000863671302795,0.5000863671302795,0.0,1.0,0.513102936989232,0.5128323348093894,0.9997121863158582,0.9997121691703796,0.9997116436687719,0.9999902783756914,0.999990259097599,0.9999876186781669,0.9999876028221378,-17.82199182696791,-70.14008501521806,,735.2935715935349,False,False,False,,[]
1233,1233,1234,True,1.0,1.0,1233.0,1234.0,1233.0,1234.0,1234.0,0.0,95.6,95.7,174.55978041666714,0.5000864863395691,0.5000864863395691,0.0,1.0,0.5128323348093894,0.5125798030784373,0.9997116436687719,0.9997116327285767,0.9997111323449305,0.999990259097599,0.9999902400598323,0.9999876028221378,0.9999875868926186,-16.632580224812116,-65.45622466278601,,747.0316318733367,False,False,False,,[]
1234,1234,1235,True,1.0,1.0,1234.0,1235.0,1234.0,1235.0,1235.0,0.0,95.7,95.8,174.71844981770877,0.5000866651535034,0.5000866651535034,0.0,1.0,0.5125798030784373,0.5123268311416056,0.9997111323449305,0.9997111558914185,0.9997106202477575,0.9999902400598323,0.9999902210154791,0.9999875868926186,0.9999875709457814,-16.661454060184862,-65.57032602678474,,746.7295981180303,False,False,False,,[]
1235,1235,1236,True,1.0,1.0,1235.0,1236.0,1235.0,1236.0,1236.0,0.0,95.8,96.0,190.22811843749895,0.500086784362793,0.500086784362793,0.0,1.0,0.5123268311416056,0.5120543194649937,0.9997106202477575,0.9997106194496155,0.99971007434204,0.9999902210154791,0.9999902016537018,0.9999875709457814,0.9999875550303595,-17.947182106826535,-70.63502657779685,,734.0098985023267,False,False,False,,[]
1236,1236,1237,True,1.0,1.0,1236.0,1237.0,1236.0,1237.0,1237.0,0.0,96.0,96.1,175.1954533333338,0.5000869631767273,0.5000869631767273,0.0,1.0,0.5120543194649937,0.5118000230679373,0.99971007434204,0.9997100830078125,0.9997095599211796,0.9999902016537018,0.999990182590035,0.9999875550303595,0.9999875390317075,-16.748275949979018,-65.91362611703194,,745.8229429528902,False,False,False,,[]
1237,1237,1238,True,1.0,1.0,1237.0,1238.0,1237.0,1238.0,1238.0,0.0,96.1,96.3,190.7056196093759,0.5000871419906616,0.5000871419906616,0.0,1.0,0.5118000230679373,0.5115260730520141,0.9997095599211796,0.9997095465660095,0.9997090115674555,0.999990182590035,0.9999901631657429,0.9999875390317075,0.9999875230720645,-18.041456053523987,-71.00784412726156,,733.046831365893,False,False,False,,[]
1238,1238,1239,True,1.0,1.0,1238.0,1239.0,1238.0,1239.0,1239.0,0.0,96.3,96.4,175.6739498177088,0.500087320804596,0.500087320804596,0.0,1.0,0.5115260730520141,0.511270447429532,0.9997090115674555,0.9997090101242065,0.9997084948191735,0.9999901631657429,0.999990144083428,0.9999875230720645,0.9999875070218097,-16.83539946971505,-66.25816134736111,,744.9161223422063,False,False,False,,[]
1239,1239,1240,True,1.0,1.0,1239.0,1240.0,1239.0,1240.0,1240.0,0.0,96.4,96.6,191.18461374999893,0.5000874400138855,0.5000874400138855,0.0,1.0,0.511270447429532,0.510995053902816,0.9997084948191735,0.9997084736824036,0.999707944014342,0.999990144083428,0.9999901245968392,0.9999875070218097,0.9999874910182284,-18.136057419939636,-71.38200212480226,,732.0836187702591,False,False,False,,[]
1240,1240,1241,True,1.0,1.0,1240.0,1241.0,1240.0,1241.0,1241.0,0.0,96.6,96.8,191.50477260416562,0.5000876188278198,0.5000876188278198,0.0,1.0,0.510995053902816,0.5107186949666468,0.999707944014342,0.9997079372406006,0.999707391573424,0.9999901245968392,0.9999901050688426,0.9999874910182284,0.999987474985514,-18.19930719095899,-71.63223625505292,,731.4412834867018,False,False,False,,[]
1241,1241,1242,True,1.0,1.0,1241.0,1242.0,1241.0,1242.0,1242.0,0.0,96.8,97.0,191.82559500000087,0.5000877976417542,0.5000877976417542,0.0,1.0,0.5107186949666468,0.5104413683367934,0.999707391573424,0.9997074007987976,0.9997068374951255,0.9999901050688426,0.9999900854995384,0.999987474985514,0.9999874589237954,-18.262702922114066,-71.88306245799295,,730.7989077346547,False,False,False,,[]
1242,1242,1243,True,1.0,1.0,1242.0,1243.0,1242.0,1243.0,1243.0,0.0,97.0,97.2,192.1470809375009,0.5000879168510437,0.5000879168510437,0.0,1.0,0.5104413683367934,0.510163071726494,0.9997068374951255,0.9997068643569946,0.9997062817781719,0.9999900854995384,0.9999900658890282,0.9999874589237954,0.9999874428332031,-18.326244778490196,-72.13448138961832,,730.1564959258056,False,False,False,,[]
1243,1243,1244,True,1.0,1.0,1243.0,1244.0,1243.0,1244.0,1244.0,0.0,97.2,97.3,177.11839708333184,0.500088095664978,0.500088095664978,0.0,1.0,0.510163071726494,0.5099034293403365,0.9997062817781719,0.9997062683105469,0.999705758024998,0.9999900658890282,0.9999900467548436,0.9999874428332031,0.9999874266294545,-17.098584207836687,-67.29930649202188,,742.1945422360124,False,False,False,,[]
1244,1244,1245,True,1.0,1.0,1244.0,1245.0,1244.0,1245.0,1245.0,0.0,97.3,97.4,177.27972065104407,0.5000882744789124,0.5000882744789124,0.0,1.0,0.5099034293403365,0.5096433783962223,0.999705758024998,0.9997057318687439,0.9997052335617275,0.9999900467548436,0.9999900276152761,0.9999874266294545,0.9999874104478035,-17.125352426819997,-67.4052047144086,,741.939665960919,False,False,False,,[]
1245,1245,1246,True,1.0,1.0,1245.0,1246.0,1245.0,1246.0,1246.0,0.0,97.4,97.4,162.0903767708334,0.5000884532928467,0.5000884532928467,0.0,1.0,0.5096433783962223,0.5094044764709988,0.9997052335617275,0.9997052550315857,0.9997047464299986,0.9999900276152761,0.9999900094413617,0.9999874104478035,0.999987395514658,-15.73355375055489,-61.92337901791784,,757.1615225492139,False,False,False,,[]
1246,1246,1247,True,1.0,1.0,1246.0,1247.0,1246.0,1247.0,1247.0,0.0,97.4,97.4,162.0903767708334,0.5000885725021362,0.5000885725021362,0.0,1.0,0.5094044764709988,0.5091655751793717,0.9997047464299986,0.9997047185897827,0.9997042592994054,0.9999900094413617,0.9999899912674447,0.999987395514658,0.9999873805815196,-15.733553463521714,-61.9232147897765,,757.1619534379919,False,False,False,,[]
1247,1247,1248,True,1.0,1.0,1247.0,1248.0,1247.0,1248.0,1248.0,0.0,97.4,97.4,162.0903767708334,0.5000887513160706,0.5000887513160706,0.0,1.0,0.5091655751793717,0.508926674487844,0.9997042592994054,0.9997042417526245,0.9997037721698879,0.9999899912674447,0.9999899730935238,0.9999873805815196,0.9999873656483919,-15.733553032972067,-61.923059243976894,,757.1623630233383,False,False,False,,[]
1248,1248,1249,True,1.0,1.0,1248.0,1249.0,1248.0,1249.0,1249.0,0.0,97.4,97.3,146.73954343749764,0.5000888705253601,0.5000888705253601,0.0,1.0,0.508926674487844,0.5087109752795834,0.9997037721698879,0.9997037649154663,0.99970332729488,0.9999899730935238,0.9999899560210085,0.9999873656483919,0.9999873534161112,-14.206622223159288,-55.90923478115245,,775.4994865336071,False,False,False,,[]
1249,1249,1250,True,1.0,1.0,1249.0,1250.0,1249.0,1250.0,1250.0,0.0,97.3,97.3,161.92888731770833,0.5000889897346497,0.5000889897346497,0.0,1.0,0.5087109752795834,0.5084725377313383,0.99970332729488,0.9997033476829529,0.9997028409957609,0.9999899560210085,0.9999899378548436,0.9999873534161112,0.9999873385280397,-15.703306269431534,-61.803012505140856,,757.5059197693121,False,False,False,,[]
1250,1250,1251,True,1.0,1.0,1250.0,1251.0,1250.0,1251.0,1251.0,0.0,97.3,97.3,161.92888731770833,0.500089168548584,0.500089168548584,0.0,1.0,0.5084725377313383,0.5082341006649742,0.9997028409957609,0.9997028112411499,0.9997023546975061,0.9999899378548436,0.9999899196886747,0.9999873385280397,0.9999873236399788,-15.70330584157152,-61.80288760155174,,757.5062496978804,False,False,False,,[]
1251,1251,1252,True,1.0,1.0,1251.0,1252.0,1251.0,1252.0,1252.0,0.0,97.3,97.3,161.92888731770833,0.5000892877578735,0.5000892877578735,0.0,1.0,0.5082341006649742,0.5079956640469742,0.9997023546975061,0.9997023344039917,0.9997018684000555,0.9999899196886747,0.9999899015225032,0.9999873236399788,0.9999873087519249,-15.703305556331594,-61.80277138561737,,757.5065556670794,False,False,False,,[]
1252,1252,1253,True,1.0,1.0,1252.0,1253.0,1252.0,1253.0,1253.0,0.0,97.3,97.2,146.57805398437654,0.5000894665718079,0.5000894665718079,0.0,1.0,0.5079956640469742,0.5077804053355478,0.9997018684000555,0.9997018575668335,0.9997014243399722,0.9999899015225032,0.9999898844600568,0.9999873087519249,0.9999872965591198,-14.177884968708312,-55.795058001724705,,775.8433589837156,False,False,False,,[]
1253,1253,1254,True,1.0,1.0,1253.0,1254.0,1253.0,1254.0,1254.0,0.0,97.2,97.1,146.41673041666627,0.5000895857810974,0.5000895857810974,0.0,1.0,0.5077804053355478,0.5075653106725758,0.9997014243399722,0.9997014403343201,0.9997009805834992,0.9999898844600568,0.9999898674077501,0.9999872965591198,0.9999872841333332,-14.167255131157637,-55.75253664233518,,775.8262450444773,False,False,False,,[]
1254,1254,1255,True,1.0,1.0,1254.0,1255.0,1254.0,1255.0,1255.0,0.0,97.1,97.0,146.2555727343746,0.500089704990387,0.500089704990387,0.0,1.0,0.5075653106725758,0.5073506521475464,0.9997009805834992,0.9997009634971619,0.9997005376345146,0.9999898674077501,0.9999898503656434,0.9999872841333332,0.9999872717451288,-14.13871123998733,-55.63948968763326,,776.1662718726255,False,False,False,,[]
1255,1255,1256,True,1.0,1.0,1255.0,1256.0,1255.0,1256.0,1256.0,0.0,97.0,96.9,146.09458093750155,0.5000898241996765,0.5000898241996765,0.0,1.0,0.5073506521475464,0.5071364290543412,0.9997005376345146,0.9997005462646484,0.9997000954921639,0.9999898503656434,0.9999898333337965,0.9999872717451288,0.9999872593944056,-14.110210416754128,-55.52662575877871,,776.506094759786,False,False,False,,[]
1256,1256,1257,True,1.0,1.0,1256.0,1257.0,1256.0,1257.0,1257.0,0.0,96.9,96.7,130.5829216927075,0.5000900030136108,0.5000900030136108,0.0,1.0,0.5071364290543412,0.5069451871901901,0.9997000954921639,0.9997000694274902,0.9996996965517255,0.9999898333337965,0.9999898177443787,0.9999872593944056,0.9999872488311735,-12.597563973990797,-49.569891187966356,,795.3623642720265,False,False,False,,[]
1257,1257,1258,True,1.0,1.0,1257.0,1258.0,1257.0,1258.0,1258.0,0.0,96.7,96.4,114.91093419270901,0.5000900626182556,0.5000900626182556,0.0,1.0,0.5069451871901901,0.5067753225295193,0.9996996965517255,0.9996997117996216,0.9996993388650377,0.9999898177443787,0.9999898041657042,0.9999872488311735,0.9999872374458627,-11.19038635330812,-44.02892004586262,,812.6135072719086,False,False,False,,[]
1258,1258,1259,True,1.0,1.0,1258.0,1259.0,1258.0,1259.0,1259.0,0.0,96.4,96.1,114.43044708333206,0.5000901818275452,0.5000901818275452,0.0,1.0,0.5067753225295193,0.50660656571443,0.9996993388650377,0.9996993541717529,0.9996989833431963,0.9999898041657042,0.9999897906382627,0.9999872374458627,0.9999872260790492,-11.11777298876956,-43.74176647114463,,813.5351062291301,False,False,False,,[]
1259,1259,1260,True,1.0,1.0,1259.0,1260.0,1259.0,1260.0,1260.0,0.0,96.1,95.7,98.60061960937523,0.5000903010368347,0.5000903010368347,0.0,1.0,0.50660656571443,0.5064598268820295,0.9996989833431963,0.9996989965438843,0.9996986713751219,0.9999897906382627,0.9999897790998343,0.9999872260790492,0.9999872145005543,-9.66817543695064,-38.03470535819814,,832.6030273121414,False,False,False,,[]
1260,1260,1261,True,1.0,1.0,1260.0,1261.0,1260.0,1261.0,1261.0,0.0,95.7,95.5,128.66594981770945,0.5000903606414795,0.5000903606414795,0.0,1.0,0.5064598268820295,0.5062731702897996,0.9996986713751219,0.9996986985206604,0.9996982811987759,0.9999897790998343,0.9999897637171814,0.9999872145005543,0.9999872039347495,-12.297153701823056,-48.381388705999214,,798.9628282920407,False,False,False,,[]
1261,1261,1262,True,1.0,1.0,1261.0,1262.0,1261.0,1262.0,1262.0,0.0,95.5,95.3,128.34877690104082,0.5000905394554138,0.5000905394554138,0.0,1.0,0.5062731702897996,0.506087270683033,0.9996982811987759,0.999698281288147,0.9996978924738048,0.9999897637171814,0.9999897483692648,0.9999872039347495,0.9999871933698231,-12.24755105462448,-48.18517807388576,,799.5618740845567,False,False,False,,[]
1262,1262,1263,True,1.0,1.0,1262.0,1263.0,1262.0,1263.0,1263.0,0.0,95.3,95.2,143.38310085937457,0.5000906586647034,0.5000906586647034,0.0,1.0,0.506087270683033,0.5058803437361213,0.9996978924738048,0.9996978640556335,0.9996974639143527,0.9999897483692648,0.9999897315207859,0.9999871933698231,0.9999871816409892,-13.632243577742766,-53.63546463950427,,782.2521352804523,False,False,False,,[]
1263,1263,1264,True,1.0,1.0,1263.0,1264.0,1263.0,1264.0,1264.0,0.0,95.2,95.0,127.87426166666776,0.5000907778739929,0.5000907778739929,0.0,1.0,0.5058803437361213,0.5056955756574223,0.9996974639143527,0.9996974468231201,0.9996970773612375,0.9999897315207859,0.9999897162251188,0.9999871816409892,0.9999871710780653,-12.173395581992592,-47.89188599879653,,800.4597961761964,False,False,False,,[]
1264,1264,1265,True,1.0,1.0,1264.0,1265.0,1264.0,1265.0,1265.0,0.0,95.0,94.9,142.9095809374996,0.5000908970832825,0.5000908970832825,0.0,1.0,0.5056955756574223,0.5054899163357932,0.9996970773612375,0.9996970891952515,0.9996966511744324,0.9999897162251188,0.9999896994106953,0.9999871710780653,0.9999871594560404,-13.549170410734384,-53.306896166244286,,783.2605008629018,False,False,False,,[]
1265,1265,1266,True,1.0,1.0,1265.0,1266.0,1265.0,1266.0,1266.0,0.0,94.9,94.7,127.40123940104277,0.500091016292572,0.500091016292572,0.0,1.0,0.5054899163357932,0.5053062750530625,0.9996966511744324,0.999696671962738,0.9996962667869016,0.9999896994106953,0.9999896841674476,0.9999871594560404,0.9999871488959307,-12.099538083696851,-47.59982048381612,,801.3569259752608,False,False,False,,[]
1266,1266,1267,True,1.0,1.0,1266.0,1267.0,1266.0,1267.0,1267.0,0.0,94.7,94.5,127.08672065104084,0.5000911355018616,0.5000911355018616,0.0,1.0,0.5053062750530625,0.5051233823946898,0.9996962667869016,0.9996962547302246,0.9996958838396958,0.9999896841674476,0.99998966895924,0.9999871488959307,0.9999871383381431,-12.050464941356928,-47.40577705018814,,801.9546045534117,False,False,False,,[]
1267,1267,1268,True,1.0,1.0,1267.0,1268.0,1267.0,1268.0,1268.0,0.0,94.5,94.4,142.12369877604127,0.5000912547111511,0.5000912547111511,0.0,1.0,0.5051233823946898,0.5049199328521334,0.9996958838396958,0.999695897102356,0.9996954617979471,0.99998966895924,0.9999896522026687,0.9999871383381431,0.9999871270021714,-13.40429443998255,-52.734121430601576,,785.0857199877445,False,False,False,,[]
1268,1268,1269,True,1.0,1.0,1268.0,1269.0,1268.0,1269.0,1269.0,0.0,94.4,94.4,157.31785333333335,0.5000913739204407,0.5000913739204407,0.0,1.0,0.5049199328521334,0.5046945269584315,0.9996954617979471,0.9996954798698425,0.9996949990841717,0.9999896522026687,0.9999896342904733,0.9999871270021714,0.9999871132976403,-14.849988258080277,-58.42520764752815,,767.2865844264372,False,False,False,,[]
1269,1269,1270,True,1.0,1.0,1269.0,1270.0,1269.0,1270.0,1270.0,0.0,94.4,94.3,141.96701999999956,0.5000914931297302,0.5000914931297302,0.0,1.0,0.5046945269584315,0.5044915565680796,0.9996949990841717,0.9996950030326843,0.9996945779427031,0.9999896342904733,0.9999896175456303,0.9999871132976403,0.9999871020581473,-13.372842589914987,-52.60992517921548,,785.5034563132166,False,False,False,,[]
1270,1270,1271,True,1.0,1.0,1270.0,1271.0,1270.0,1271.0,1271.0,0.0,94.3,94.3,157.16134044270837,0.5000916123390198,0.5000916123390198,0.0,1.0,0.5044915565680796,0.5042666596996327,0.9996945779427031,0.9996945858001709,0.9996941161587168,0.9999896175456303,0.9999895996431488,0.9999871020581473,0.9999870884613977,-14.81658259041145,-58.293268301438715,,767.7104084198247,False,False,False,,[]
1271,1271,1272,True,1.0,1.0,1271.0,1272.0,1271.0,1272.0,1272.0,0.0,94.3,94.1,126.45967377604082,0.5000917911529541,0.5000917911529541,0.0,1.0,0.5042666596996327,0.504085257348406,0.9996941161587168,0.9996941089630127,0.999693736082471,0.9999895996431488,0.9999895845052255,0.9999870884613977,0.9999870779093035,-11.95271647614168,-47.019489437955585,,803.1483457783664,False,False,False,,[]
1272,1272,1273,True,1.0,1.0,1272.0,1273.0,1272.0,1273.0,1273.0,0.0,94.1,93.9,126.14714565104474,0.5000918507575989,0.5000918507575989,0.0,1.0,0.504085257348406,0.5039045973828321,0.999693736082471,0.999693751335144,0.9996933574381891,0.9999895845052255,0.9999895694025597,0.9999870779093035,0.9999870673605816,-11.904039127972858,-46.827063076775744,,803.7449489947824,False,False,False,,[]
1273,1273,1274,True,1.0,1.0,1273.0,1274.0,1273.0,1274.0,1274.0,0.0,93.9,93.4,79.78278106770816,0.5000920295715332,0.5000920295715332,0.0,1.0,0.5039045973828321,0.5037906228196614,0.9996933574381891,0.9996933341026306,0.999693120221013,0.9999895694025597,0.9999895631927747,0.9999870673605816,0.9999870566322908,-7.5117218012651,-29.542206773866596,,866.0750429534485,False,False,False,,[]
1274,1274,1275,True,1.0,1.0,1274.0,1275.0,1274.0,1275.0,1275.0,0.0,93.4,92.8,63.65518927083076,0.500092089176178,0.500092089176178,0.0,1.0,0.5037906228196614,0.5036999904882371,0.999693120221013,0.9996930956840515,0.99969293584507,0.9999895631927747,0.999989559088259,0.9999870566322908,0.9999870471274108,-5.974023469910817,-23.49190030516884,,890.7263018035368,False,False,False,,[]
1275,1275,1276,True,1.0,1.0,1275.0,1276.0,1275.0,1276.0,1276.0,0.0,92.8,92.0,32.02688666666709,0.5000921487808228,0.5000921487808228,0.0,1.0,0.5036999904882371,0.5036531888364747,0.99969293584507,0.9996929168701172,0.9996928446312707,0.999989559088259,0.9999895570386776,0.9999870471274108,0.999987041213476,-3.0855258610030787,-12.130988136807593,,939.9498489766631,False,False,False,,[]
1276,1276,1277,True,1.0,1.0,1276.0,1277.0,1276.0,1277.0,1277.0,0.0,92.0,91.3,46.15149500000089,0.5000921487808228,0.5000921487808228,0.0,1.0,0.5036531888364747,0.5035873837621754,0.9996928446312707,0.9996928572654724,0.9996927139743341,0.9999895570386776,0.999989554109156,0.999987041213476,0.9999870335528738,-4.3384357050025875,-17.0566752583931,,917.8851737424142,False,False,False,,[]
1277,1277,1278,True,1.0,1.0,1277.0,1278.0,1277.0,1278.0,1278.0,0.0,91.3,90.6,45.08725710937393,0.5000921487808228,0.5000921487808228,0.0,1.0,0.5035873837621754,0.5035235142161884,0.9996927139743341,0.9996927380561829,0.9996925874003078,0.999989554109156,0.9999895512690472,0.9999870335528738,0.9999870260682049,-4.211119731657411,-16.554986319825336,,920.0887073921332,False,False,False,,[]
1278,1278,1279,True,1.0,1.0,1278.0,1279.0,1278.0,1279.0,1279.0,0.0,90.6,90.0,59.38198093750131,0.5000922083854675,0.5000922083854675,0.0,1.0,0.5035235142161884,0.5034411219778943,0.9996925874003078,0.9996925592422485,0.999692421133121,0.9999895512690472,0.9999895475552264,0.9999870260682049,0.9999870171430195,-5.432398180779179,-21.356068165814687,,899.557267747672,False,False,False,,[]
1279,1279,1280,True,1.0,1.0,1279.0,1280.0,1279.0,1280.0,1280.0,0.0,90.0,89.3,43.132380416665605,0.5000922679901123,0.5000922679901123,0.0,1.0,0.5034411219778943,0.5033807677599621,0.999692421133121,0.999692440032959,0.999692301936242,0.9999895475552264,0.9999895448770925,0.9999870171430195,0.9999870099849617,-3.9798417054788864,-15.64381328801889,,924.1203850158413,False,False,False,,[]
1280,1280,1281,True,1.0,1.0,1280.0,1281.0,1280.0,1281.0,1281.0,0.0,89.3,88.7,57.44219981770965,0.5000923275947571,0.5000923275947571,0.0,1.0,0.5033807677599621,0.5033012062213622,0.999692301936242,0.9996923208236694,0.9996921418253857,0.9999895448770925,0.9999895406281492,0.9999870099849617,0.999987001334114,-5.246398202563966,-20.62235080510464,,902.1424315517519,False,False,False,,[]
1281,1281,1282,True,1.0,1.0,1281.0,1282.0,1281.0,1282.0,1282.0,0.0,88.7,88.1,56.5563716927077,0.5000923871994019,0.5000923871994019,0.0,1.0,0.5033012062213622,0.5032233225293371,0.9996921418253857,0.9996921420097351,0.9996919853481036,0.9999895406281492,0.999989536472932,0.999987001334114,0.9999869928107199,-5.136044211825633,-20.187452972896654,,903.9874630632006,False,False,False,,[]
1282,1282,1283,True,1.0,1.0,1282.0,1283.0,1282.0,1283.0,1283.0,0.0,88.1,87.4,40.32568210937588,0.5000923871994019,0.5000923871994019,0.0,1.0,0.5032233225293371,0.5031679223975383,0.9996919853481036,0.9996919631958008,0.9996918764643007,0.999989536472932,0.999989534022134,0.9999869928107199,0.9999869861285658,-3.6538054548652394,-14.359714162259069,,929.8679943995054,False,False,False,,[]
1283,1283,1284,True,1.0,1.0,1283.0,1284.0,1283.0,1284.0,1284.0,0.0,87.4,86.7,39.30673093749893,0.5000924468040466,0.5000924468040466,0.0,1.0,0.5031679223975383,0.5031142930037726,0.9996918764643007,0.999691903591156,0.9996917712431465,0.999989534022134,0.9999895316523191,0.9999869861285658,0.9999869796209765,-3.5372456428382195,-13.90073886404531,,931.9413367802841,False,False,False,,[]
1284,1284,1285,True,1.0,1.0,1284.0,1285.0,1284.0,1285.0,1285.0,0.0,86.7,86.0,38.295908151042546,0.5000924468040466,0.5000924468040466,0.0,1.0,0.5031142930037726,0.5030624052271401,0.9996917712431465,0.9996917843818665,0.9996916696123571,0.9999895316523191,0.9999895293620135,0.9999869796209765,0.9999869732873912,-3.422588692275092,-13.449311703166792,,933.9904609385867,False,False,False,,[]
1285,1285,1286,True,1.0,1.0,1285.0,1286.0,1285.0,1286.0,1286.0,0.0,86.0,85.3,37.293213749998934,0.5000925064086914,0.5000925064086914,0.0,1.0,0.5030624052271401,0.5030122300896819,0.9996916696123571,0.9996916651725769,0.999691571500571,0.9999895293620135,0.9999895271497545,0.9999869732873912,0.9999869671271605,-3.309825882563782,-13.005395629156444,,936.0151240385093,False,False,False,,[]
1286,1286,1287,True,1.0,1.0,1286.0,1287.0,1286.0,1287.0,1287.0,0.0,85.3,84.7,51.649481067709644,0.5000925064086914,0.5000925064086914,0.0,1.0,0.5030122300896819,0.5029441651112337,0.999691571500571,0.9996915459632874,0.999691436057456,0.9999895271497545,0.9999895241091239,0.9999869671271605,0.9999869593252236,-4.489934364596318,-17.642442413748796,,915.3721449394191,False,False,False,,[]
1287,1287,1288,True,1.0,1.0,1287.0,1288.0,1287.0,1288.0,1288.0,0.0,84.7,84.1,50.803465442707704,0.5000925660133362,0.5000925660133362,0.0,1.0,0.5029441651112337,0.5028769179871884,0.999691436057456,0.9996914267539978,0.9996913023488174,0.9999895241091239,0.9999895205454672,0.9999869593252236,0.9999869516512472,-4.436201409032877,-17.430454552553446,,915.872007899878,False,False,False,,[]
1288,1288,1289,True,1.0,1.0,1288.0,1289.0,1288.0,1289.0,1289.0,0.0,84.1,83.5,49.9634216927077,0.500092625617981,0.500092625617981,0.0,1.0,0.5028769179871884,0.5028111866699623,0.9996913023488174,0.9996913075447083,0.9996911718477431,0.9999895205454672,0.9999895170656509,0.9999869516512472,0.9999869441053293,-4.336423543675541,-17.037557424993295,,917.5935319035073,False,False,False,,[]
1289,1289,1290,True,1.0,1.0,1289.0,1290.0,1289.0,1290.0,1290.0,0.0,83.5,82.9,49.12934981770964,0.500092625617981,0.500092625617981,0.0,1.0,0.5028111866699623,0.5027476195909177,0.9996911718477431,0.9996911883354187,0.9996910459104029,0.9999895170656509,0.999989514234629,0.9999869441053293,0.9999869366875118,-4.193861355243935,-16.476586888346343,,920.463103205377,False,False,False,,[]
1290,1290,1291,True,1.0,1.0,1290.0,1291.0,1290.0,1291.0,1291.0,0.0,82.9,82.3,48.3012498177077,0.5000926852226257,0.5000926852226257,0.0,1.0,0.5027476195909177,0.502685511512914,0.9996910459104029,0.9996910691261292,0.9996909230390938,0.999989514234629,0.999989511471397,0.9999869366875118,0.9999869293977836,-4.0978048354530126,-16.09841381858429,,922.1279803311745,False,False,False,,[]
1291,1291,1292,True,1.0,1.0,1291.0,1292.0,1291.0,1292.0,1292.0,0.0,82.3,81.7,47.479121692709654,0.5000927448272705,0.5000927448272705,0.0,1.0,0.502685511512914,0.5026242054319333,0.9996909230390938,0.9996909499168396,0.9996908018495315,0.999989511471397,0.9999895082356336,0.9999869293977836,0.999986922236079,-4.045078460579099,-15.890536190192227,,922.6603020299319,False,False,False,,[]
1292,1292,1293,True,1.0,1.0,1292.0,1293.0,1292.0,1293.0,1293.0,0.0,81.7,81.1,46.66296544270575,0.5000927448272705,0.5000927448272705,0.0,1.0,0.5026242054319333,0.5025649554531478,0.9996908018495315,0.99969083070755,0.9996906849598128,0.9999895082356336,0.999989505604907,0.999986922236079,0.9999869152022798,-3.909607480069227,-15.357594501206187,,925.4088310348261,False,False,False,,[]
1293,1293,1294,True,1.0,1.0,1293.0,1294.0,1293.0,1294.0,1294.0,0.0,81.1,80.5,45.85278106770965,0.5000928044319153,0.5000928044319153,0.0,1.0,0.5025649554531478,0.5025071047868842,0.9996906849598128,0.9996907114982605,0.9996905709868147,0.999989505604907,0.9999895030389103,0.9999869152022798,0.9999869082962174,-3.8174544586160777,-14.994892695543081,,927.0246001996355,False,False,False,,[]
1294,1294,1295,True,1.0,1.0,1294.0,1295.0,1294.0,1295.0,1295.0,0.0,80.5,79.9,45.04856856770966,0.5000928044319153,0.5000928044319153,0.0,1.0,0.5025071047868842,0.5024500460667076,0.9996905709868147,0.999690592288971,0.9996904586611052,0.9999895030389103,0.9999895000361847,0.9999869082962174,0.9999869015201521,-3.7653642308827626,-14.789620269776687,,927.5834815210744,False,False,False,,[]
1295,1295,1296,True,1.0,1.0,1295.0,1296.0,1295.0,1296.0,1296.0,0.0,79.9,79.4,59.60116127604147,0.5000928640365601,0.5000928640365601,0.0,1.0,0.5024500460667076,0.5023769588044142,0.9996904586611052,0.9996904730796814,0.9996903125077921,0.9999895000361847,0.9999894967482772,0.9999869015201521,0.9999868934564785,-4.8230606214025675,-18.944218386432187,,909.8732555657846,False,False,False,,[]
1296,1296,1297,True,1.0,1.0,1296.0,1297.0,1296.0,1297.0,1297.0,0.0,79.4,79.1,89.64218927083206,0.5000929236412048,0.5000929236412048,0.0,1.0,0.5023769588044142,0.5022627521913113,0.9996903125077921,0.9996902942657471,0.9996900747536809,0.9999894967482772,0.9999894862698437,0.9999868934564785,0.9999868834354992,-7.535817542532619,-29.602354116271332,,863.1989845589947,False,False,False,,[]
1297,1297,1298,True,1.0,1.0,1297.0,1298.0,1297.0,1298.0,1298.0,0.0,79.1,78.8,89.24779669270899,0.5000929832458496,0.5000929832458496,0.0,1.0,0.5022627521913113,0.5021493696927701,0.9996900747536809,0.999690055847168,0.9996898389054212,0.9999894862698437,0.999989475846061,0.9999868834354992,0.9999868734421177,-7.481564831123802,-29.38874362188831,,864.0171089847365,False,False,False,,[]
1298,1298,1299,True,1.0,1.0,1298.0,1299.0,1298.0,1299.0,1299.0,0.0,78.8,78.5,88.85489708333206,0.5000930428504944,0.5000930428504944,0.0,1.0,0.5021493696927701,0.5020368072751301,0.9996898389054212,0.9996898174285889,0.9996896049507887,0.999989475846061,0.9999894654769046,0.9999868734421177,0.9999868634768204,-7.427576020800624,-29.17617865228573,,864.8332001437304,False,False,False,,[]
1299,1299,1300,True,1.0,1.0,1299.0,1300.0,1299.0,1300.0,1300.0,0.0,78.5,78.2,88.463490442709,0.5000931024551392,0.5000931024551392,0.0,1.0,0.5020368072751301,0.5019250871150256,0.9996896049507887,0.9996895790100098,0.9996893729379875,0.9999894654769046,0.9999894551623473,0.9999868634768204,0.9999868535622006,-7.372122194443649,-28.957865499096112,,865.6879760900812,False,False,False,,[]
1300,1300,1301,True,1.0,1.0,1300.0,1301.0,1300.0,1301.0,1301.0,0.0,78.2,77.9,88.073576770834,0.5000931620597839,0.5000931620597839,0.0,1.0,0.5019250871150256,0.501814205612046,0.9996893729379875,0.9996894001960754,0.9996891428556964,0.9999894551623473,0.9999894449023597,0.9999868535622006,0.9999868436989983,-7.316903751534386,-28.740485572304735,,866.5414233681284,False,False,False,,[]
1301,1301,1302,True,1.0,1.0,1301.0,1302.0,1301.0,1302.0,1302.0,0.0,77.9,77.6,87.68515606770707,0.5000932216644287,0.5000932216644287,0.0,1.0,0.501814205612046,0.5017041584358093,0.9996891428556964,0.9996891617774963,0.99968891469096,0.9999894449023597,0.9999894346969102,0.9999868436989983,0.9999868338873223,-7.261968863642594,-28.524228080558046,,867.3923803256477,False,False,False,,[]
1302,1302,1303,True,1.0,1.0,1302.0,1303.0,1302.0,1303.0,1303.0,0.0,77.6,77.3,87.29822833333398,0.5000933408737183,0.5000933408737183,0.0,1.0,0.5017041584358093,0.5015949147876573,0.99968891469096,0.9996889233589172,0.99968868837018,0.9999894346969102,0.999989424545963,0.9999868338873223,0.9999868241050167,-7.209063606709982,-28.31595360099241,,868.1995176723541,False,False,False,,[]
1303,1303,1304,True,1.0,1.0,1303.0,1304.0,1303.0,1304.0,1304.0,0.0,77.3,77.0,86.912793567709,0.500093400478363,0.500093400478363,0.0,1.0,0.5015949147876573,0.5014864628419088,0.99968868837018,0.9996886849403381,0.9996884638635221,0.999989424545963,0.9999894144494829,0.9999868241050167,0.999986814345959,-7.156936383175727,-28.110744337996515,,868.9923252758676,False,False,False,,[]
1304,1304,1305,True,1.0,1.0,1304.0,1305.0,1304.0,1305.0,1305.0,0.0,77.0,76.7,86.52885177083401,0.5000934600830078,0.5000934600830078,0.0,1.0,0.5014864628419088,0.5013787987043534,0.9996884638635221,0.999688446521759,0.9996882411594092,0.9999894144494829,0.999989404407431,0.999986814345959,0.9999868046106941,-7.1050639771651385,-27.906544454352908,,869.7831429786215,False,False,False,,[]
1305,1305,1306,True,1.0,1.0,1305.0,1306.0,1305.0,1306.0,1306.0,0.0,76.7,76.0,24.74306960937394,0.5000935196876526,0.5000935196876526,0.0,1.0,0.5013787987043534,0.5013483554233842,0.9996882411594092,0.9996882677078247,0.9996881827690879,0.999989404407431,0.9999894028373447,0.9999868046106941,0.9999868006309192,-2.0095565205616586,-7.890898427217141,,959.8474923578952,False,False,False,,[]
1306,1306,1307,True,1.0,1.0,1306.0,1307.0,1306.0,1307.0,1307.0,0.0,76.0,76.0,131.31232833333337,0.5000935196876526,0.5000935196876526,0.0,1.0,0.5013483554233842,0.5011933564712945,0.9996881827690879,0.9996882081031799,0.9996878543453972,0.9999894028373447,0.9999893891038206,0.9999868006309192,0.9999867901036826,-10.22792415689801,-40.17572838165506,,825.01302079322,False,False,False,,[]
1307,1307,1308,True,1.0,1.0,1307.0,1308.0,1307.0,1308.0,1308.0,0.0,76.0,76.0,131.31232833333337,0.5000936388969421,0.5000936388969421,0.0,1.0,0.5011933564712945,0.5010383561562435,0.9996878543453972,0.9996878504753113,0.9996875259190026,0.9999893891038206,0.9999893753702949,0.9999867901036826,0.9999867795764453,-10.22792432374914,-40.176081661206624,,825.011907394151,False,False,False,,[]
1308,1308,1309,True,1.0,1.0,1308.0,1309.0,1308.0,1309.0,1309.0,0.0,76.0,75.9,115.96149500000153,0.5000937581062317,0.5000937581062317,0.0,1.0,0.5010383561562435,0.5008989757671234,0.9996875259190026,0.9996875524520874,0.9996872287245778,0.9999893753702949,0.9999893625278259,0.9999867795764453,0.99998676887824,-9.19759508413203,-36.127396859919905,,838.4756303842346,False,False,False,,[]
1309,1309,1310,True,1.0,1.0,1309.0,1310.0,1309.0,1310.0,1310.0,0.0,75.9,75.9,131.18633835937504,0.5000938177108765,0.5000938177108765,0.0,1.0,0.5008989757671234,0.5007443028944218,0.9996872287245778,0.9996872544288635,0.9996869009478829,0.9999893625278259,0.9999893488188246,0.99998676887824,0.9999867583618683,-10.20622567870307,-40.091208604231326,,825.3031916541808,False,False,False,,[]
1310,1310,1311,True,1.0,1.0,1310.0,1311.0,1310.0,1311.0,1311.0,0.0,75.9,75.8,115.83550502603931,0.500093936920166,0.500093936920166,0.0,1.0,0.5007443028944218,0.5006052331741174,0.9996869009478829,0.9996868968009949,0.9996866043795261,0.9999893488188246,0.9999893360012819,0.9999867583618683,0.9999867476767603,-9.1770144248156,-36.04687150289835,,838.7648904884437,False,False,False,,[]
1311,1311,1312,True,1.0,1.0,1311.0,1312.0,1311.0,1312.0,1312.0,0.0,75.8,75.7,115.70968093750153,0.5000939965248108,0.5000939965248108,0.0,1.0,0.5006052331741174,0.5004664760280181,0.9996866043795261,0.999686598777771,0.9996863084947714,0.9999893360012819,0.9999893232086484,0.9999867476767603,0.9999867370058387,-9.156386777052445,-35.965852268960376,,839.0604969125976,False,False,False,,[]
1312,1312,1313,True,1.0,1.0,1312.0,1313.0,1312.0,1313.0,1313.0,0.0,75.7,75.5,100.2331894010408,0.5000941157341003,0.5000941157341003,0.0,1.0,0.5004664760280181,0.5003443648536735,0.9996863084947714,0.9996863007545471,0.9996860523116616,0.9999893232086484,0.9999893115276722,0.9999867370058387,0.9999867267137006,-8.058358119568087,-31.65121639010834,,854.9181649278296,False,False,False,,[]
1313,1313,1314,True,1.0,1.0,1313.0,1314.0,1313.0,1314.0,1314.0,0.0,75.5,75.2,84.63153731770902,0.5000941753387451,0.5000941753387451,0.0,1.0,0.5003443648536735,0.5002405785069738,0.9996860523116616,0.999686062335968,0.99968583844165,0.9999893115276722,0.9999893017570883,0.9999867267137006,0.9999867171052549,-6.849506194389994,-26.901421064556807,,873.7040083893189,False,False,False,,[]
1314,1314,1315,True,1.0,1.0,1314.0,1315.0,1314.0,1315.0,1315.0,0.0,75.2,75.0,99.6073866666658,0.5000942349433899,0.5000942349433899,0.0,1.0,0.5002405785069738,0.5001198494708765,0.99968583844165,0.9996858239173889,0.9996855855004303,0.9999893017570883,0.9999892901955607,0.9999867171052549,0.9999867068253113,-7.967347330596207,-31.292966156427376,,856.2636241790325,False,False,False,,[]
1315,1315,1316,True,1.0,1.0,1315.0,1316.0,1315.0,1316.0,1316.0,0.0,75.0,74.7,84.00739343750067,0.5000942945480347,0.5000942945480347,0.0,1.0,0.5001198494708765,0.5000173775171727,0.9996855855004303,0.9996855854988098,0.9996853746102994,0.9999892901955607,0.9999892805151905,0.9999867068253113,0.9999866972967284,-6.762928932294605,-26.560730400034565,,875.0667851812395,False,False,False,,[]
1316,1316,1317,True,1.0,1.0,1316.0,1317.0,1316.0,1317.0,1317.0,0.0,74.7,74.1,37.58239773437436,0.5000944137573242,0.5000944137573242,0.0,1.0,0.5000173775171727,0.49997333844862335,0.9996853746102994,0.9996853470802307,0.9996852890122656,0.9999892805151905,0.9999892785785998,0.9999866972967284,0.9999866917987414,-2.907061349339947,-11.41492656798956,,943.3664572781622,False,False,False,,[]
1317,1317,1318,True,1.0,1.0,1317.0,1318.0,1317.0,1318.0,1318.0,0.0,74.1,73.7,67.5435519010419,0.5000944137573242,0.5000944137573242,0.0,1.0,0.49997333844862335,0.49989094008136387,0.9996852890122656,0.9996852874755859,0.9996851227317136,0.9999892785785998,0.9999892708894355,0.9999866917987414,0.9999866833870122,-5.4387532335000435,-21.357656793655575,,896.7585904157596,False,False,False,,[]
1318,1318,1319,True,1.0,1.0,1318.0,1319.0,1318.0,1319.0,1319.0,0.0,73.7,73.3,67.05319460937523,0.500094473361969,0.500094473361969,0.0,1.0,0.49989094008136387,0.4998094686679604,0.9996851227317136,0.9996851086616516,0.9996849584707825,0.9999892708894355,0.9999892632684053,0.9999866833870122,0.9999866750260821,-5.377701214379021,-21.11739035418091,,897.763204894138,False,False,False,,[]
1319,1319,1320,True,1.0,1.0,1319.0,1320.0,1319.0,1320.0,1320.0,0.0,73.3,73.5,158.6704914843759,0.5000945329666138,0.5000945329666138,0.0,1.0,0.4998094686679604,0.4996336179700616,0.9996849584707825,0.9996849298477173,0.9996845891320112,0.9999892632684053,0.9999892489438066,0.9999866750260821,0.9999866652807701,-11.604207449056517,-45.580500895357,,808.5025453757809,False,False,False,,[]
1320,1320,1321,True,1.0,1.0,1320.0,1321.0,1320.0,1321.0,1321.0,0.0,73.5,74.0,204.96651127603997,0.5000946521759033,0.5000946521759033,0.0,1.0,0.4996336179700616,0.4994095031364808,0.9996845891320112,0.9996845722198486,0.9996841287777304,0.9999892489438066,0.9999892340908252,0.9999866652807701,0.9999866518470788,-14.786546244062304,-58.09056486415348,,770.1567735472634,False,False,False,,[]
1321,1321,1322,True,1.0,1.0,1321.0,1322.0,1321.0,1322.0,1322.0,0.0,74.0,74.9,266.9815470833353,0.5000947713851929,0.5000947713851929,0.0,1.0,0.4994095031364808,0.49912076289899016,0.9996841287777304,0.9996841549873352,0.9996835555836782,0.9999892340908252,0.9999892198718042,0.9999866518470788,0.9999866337576347,-19.04568981835378,-74.84146955757495,,725.4956019323469,False,False,False,,[]
1322,1322,1323,True,1.0,1.0,1322.0,1323.0,1322.0,1323.0,1323.0,0.0,74.9,76.1,314.14556231770575,0.5000949501991272,0.5000949501991272,0.0,1.0,0.49912076289899016,0.49877700316375023,0.9996835555836782,0.9996835589408875,0.9996828955731927,0.9999892198718042,0.9999892001593804,0.9999866337576347,0.9999866163147022,-22.66933818626313,-89.10252337418368,,691.1250571205443,False,False,False,,[]
1323,1323,1324,True,1.0,1.0,1323.0,1324.0,1323.0,1324.0,1324.0,0.0,76.1,77.7,377.05181752604284,0.5000951290130615,0.5000951290130615,0.0,1.0,0.49877700316375023,0.4983707980692723,0.9996828955731927,0.9996829032897949,0.9996821486725046,0.9999892001593804,0.9999891843164946,0.9999866163147022,0.9999865998664116,-26.779571122044953,-105.28836048867484,,660.857142160169,False,False,False,,[]
1324,1324,1325,True,1.0,1.0,1324.0,1325.0,1324.0,1325.0,1325.0,0.0,77.7,79.2,363.7420383593757,0.5000953674316406,0.5000953674316406,0.0,1.0,0.4983707980692723,0.49797047231290004,0.9996821486725046,0.9996821284294128,0.9996814093879377,0.9999891843164946,0.9999891682463489,0.9999865998664116,0.9999865836872089,-26.389365031447998,-103.76443605169486,,663.7886730385616,False,False,False,,[]
1325,1325,1326,True,1.0,1.0,1325.0,1326.0,1325.0,1326.0,1326.0,0.0,79.2,80.3,304.2907616666656,0.5000956058502197,0.5000956058502197,0.0,1.0,0.49797047231290004,0.49762007107428263,0.9996814093879377,0.9996814131736755,0.9996807395249886,0.9999891682463489,0.9999891482257366,0.9999865836872089,0.9999865671467022,-23.099420726117152,-90.82400104962895,,687.7821979795942,False,False,False,,[]
1326,1326,1327,True,1.0,1.0,1326.0,1327.0,1326.0,1327.0,1327.0,0.0,80.3,80.8,213.64099148437526,0.500095784664154,0.500095784664154,0.0,1.0,0.49762007107428263,0.4973644253569713,0.9996807395249886,0.999680757522583,0.9996802227415569,0.9999891482257366,0.9999891321143509,0.9999865671467022,0.9999865505293092,-16.85646118498322,-66.2633699270998,,746.2392308495726,False,False,False,,[]
1327,1327,1328,True,1.0,1.0,1327.0,1328.0,1327.0,1328.0,1328.0,0.0,80.8,81.0,168.2565950000009,0.5000959634780884,0.5000959634780884,0.0,1.0,0.4973644253569713,0.4971595845407891,0.9996802227415569,0.99968022108078,0.999679798088762,0.9999891321143509,0.9999891160694355,0.9999865505293092,0.999986539009327,-13.50814544045875,-53.0947395544131,,784.3930917602592,False,False,False,,[]
1328,1328,1329,True,1.0,1.0,1328.0,1329.0,1328.0,1329.0,1329.0,0.0,81.0,81.0,137.8233309375,0.5000960826873779,0.5000960826873779,0.0,1.0,0.4971595845407891,0.49698809691337764,0.999679798088762,0.9996798038482666,0.9996794372353319,0.9999891160694355,0.9999891010949807,0.999986539009327,0.9999865286080917,-11.309663407848475,-44.44959302506299,,811.0637790702546,False,False,False,,[]
1329,1329,1330,True,1.0,1.0,1329.0,1330.0,1329.0,1330.0,1330.0,0.0,81.0,81.0,137.8233309375,0.5000961422920227,0.5000961422920227,0.0,1.0,0.49698809691337764,0.49681660870481115,0.9996794372353319,0.999679446220398,0.999679076380769,0.9999891010949807,0.9999890861205252,0.9999865286080917,0.9999865182068559,-11.309663488791605,-44.44974366043011,,811.0633214461063,False,False,False,,[]
1330,1330,1331,True,1.0,1.0,1330.0,1331.0,1330.0,1331.0,1331.0,0.0,81.0,81.0,137.8233309375,0.5000962615013123,0.5000962615013123,0.0,1.0,0.49681660870481115,0.4966451199220304,0.999679076380769,0.9996790885925293,0.9996787155250867,0.9999890861205252,0.9999890711460679,0.9999865182068559,0.9999865078056194,-11.309663650677736,-44.44989249675803,,811.0628684686162,False,False,False,,[]
1331,1331,1332,True,1.0,1.0,1331.0,1332.0,1331.0,1332.0,1332.0,0.0,81.0,81.0,137.8233309375,0.5000963807106018,0.5000963807106018,0.0,1.0,0.4966451199220304,0.4964736305729855,0.9996787155250867,0.9996787309646606,0.9996783546683005,0.9999890711460679,0.9999890561716092,0.9999865078056194,0.9999864974043821,-11.309663812563704,-44.45003927243867,,811.0624218168324,False,False,False,,[]
1332,1332,1333,True,1.0,1.0,1332.0,1333.0,1332.0,1333.0,1333.0,0.0,81.0,80.9,122.47249760416823,0.5000964999198914,0.5000964999198914,0.0,1.0,0.4964736305729855,0.496318716201257,0.9996783546683005,0.999678373336792,0.9996780264124105,0.9999890561716092,0.9999890420600118,0.9999864974043821,0.9999864867902475,-10.217051408945943,-40.15380515201994,,824.7656045705761,False,False,False,,[]
1333,1333,1334,True,1.0,1.0,1333.0,1334.0,1333.0,1334.0,1334.0,0.0,80.9,80.6,91.63654669270508,0.5000966191291809,0.5000966191291809,0.0,1.0,0.496318716201257,0.49620029636477897,0.9996780264124105,0.9996780157089233,0.999677778869066,0.9999890420600118,0.9999890313079526,0.9999864867902475,0.9999864766389157,-7.811063683801505,-30.6944216151072,,859.049287334031,False,False,False,,[]
1334,1334,1335,True,1.0,1.0,1334.0,1335.0,1334.0,1335.0,1335.0,0.0,80.6,80.3,91.23468927083398,0.5000966787338257,0.5000966787338257,0.0,1.0,0.49620029636477897,0.4960827218395669,0.999677778869066,0.9996777772903442,0.9996775332959079,0.9999890313079526,0.9999890206106301,0.9999864766389157,0.9999864665126171,-7.755483623884076,-30.47531693495891,,859.8781575215957,False,False,False,,[]
1335,1335,1336,True,1.0,1.0,1335.0,1336.0,1335.0,1336.0,1336.0,0.0,80.3,80.0,90.83432481770899,0.5000967383384705,0.5000967383384705,0.0,1.0,0.4960827218395669,0.49596598852210955,0.9996775332959079,0.9996775388717651,0.9996772896803067,0.9999890206106301,0.9999890099680322,0.9999864665126171,0.9999864564118827,-7.700170047569008,-30.25727588495802,,860.7050374321916,False,False,False,,[]
1336,1336,1337,True,1.0,1.0,1336.0,1337.0,1336.0,1337.0,1337.0,0.0,80.0,79.9,121.13712000000156,0.5000967979431152,0.5000967979431152,0.0,1.0,0.49596598852210955,0.4958142628901229,0.9996772896803067,0.999677300453186,0.9996769677612145,0.9999890099680322,0.9999889961136138,0.9999864564118827,0.9999864457611249,-10.007487499725666,-39.32728381092756,,827.5249924325757,False,False,False,,[]
1337,1337,1338,True,1.0,1.0,1337.0,1338.0,1337.0,1338.0,1338.0,0.0,79.9,79.8,121.00449460937263,0.5000969171524048,0.5000969171524048,0.0,1.0,0.4958142628901229,0.4956628533049468,0.9996769677612145,0.9996769428253174,0.9996766464713038,0.9999889961136138,0.9999889822848245,0.9999864457611249,0.9999864351072763,-9.986688721969267,-39.2453644776523,,827.8000321400225,False,False,False,,[]
1338,1338,1339,True,1.0,1.0,1338.0,1339.0,1338.0,1339.0,1339.0,0.0,79.8,79.8,136.2228684375,0.5000970363616943,0.5000970363616943,0.0,1.0,0.4956628533049468,0.49549545378913046,0.9996766464713038,0.9996766448020935,0.9996762936053063,0.9999889822848245,0.99998896761055,0.9999864351072763,0.9999864246950314,-11.040837639945952,-43.38995449959641,,814.4830497065452,False,False,False,,[]
1339,1339,1340,True,1.0,1.0,1339.0,1340.0,1339.0,1340.0,1340.0,0.0,79.8,79.8,136.2228684375,0.5000970959663391,0.5000970959663391,0.0,1.0,0.49549545378913046,0.49532805368153965,0.9996762936053063,0.9996762871742249,0.99967594073815,0.99998896761055,0.9999889529362748,0.9999864246950314,0.9999864142827863,-11.040837713752095,-43.390107887537326,,814.4825796022752,False,False,False,,[]
1340,1340,1341,True,1.0,1.0,1340.0,1341.0,1340.0,1341.0,1341.0,0.0,79.8,79.9,151.57370177083575,0.5000972151756287,0.5000972151756287,0.0,1.0,0.49532805368153965,0.49514471745138705,0.99967594073815,0.9996759295463562,0.99967555693738,0.9999889529362748,0.999988937590908,0.9999864142827863,0.9999864043106129,-12.0912507176717,-47.52075085555648,,801.9028530286707,False,False,False,,[]
1341,1341,1342,True,1.0,1.0,1341.0,1342.0,1341.0,1342.0,1342.0,0.0,79.9,80.0,151.70616127604018,0.5000973343849182,0.5000973343849182,0.0,1.0,0.49514471745138705,0.4949610404661599,0.99967555693738,0.9996755719184875,0.9996751724811898,0.999988937590908,0.9999889222214798,0.9999864043106129,0.9999863943568091,-12.113583763103643,-47.609074570874924,,801.6380118294531,False,False,False,,[]
1342,1342,1343,True,1.0,1.0,1342.0,1343.0,1342.0,1343.0,1343.0,0.0,80.0,80.4,197.89128666666844,0.5000974535942078,0.5000974535942078,0.0,1.0,0.4949610404661599,0.4947243036455504,0.9996751724811898,0.9996751546859741,0.9996746892360583,0.9999889222214798,0.9999889060270387,0.9999863943568091,0.9999863797333102,-15.610126259451174,-61.362183901976664,,759.9481349669031,False,False,False,,[]
1343,1343,1344,True,1.0,1.0,1343.0,1344.0,1343.0,1344.0,1344.0,0.0,80.4,80.8,198.42344708333118,0.5000975728034973,0.5000975728034973,0.0,1.0,0.4947243036455504,0.4944856950081808,0.9996746892360583,0.9996746778488159,0.9996742026301196,0.9999889060270387,0.9999888897535376,0.9999863797333102,0.9999863648992706,-15.732927626922505,-61.84735880621001,,758.5085093442231,False,False,False,,[]
1344,1344,1345,True,1.0,1.0,1344.0,1345.0,1344.0,1345.0,1345.0,0.0,80.8,81.2,198.9582616666684,0.5000977516174316,0.5000977516174316,0.0,1.0,0.4944856950081808,0.4942451676189603,0.9996742026301196,0.9996742010116577,0.9996737125882998,0.9999888897535376,0.9999888734012493,0.9999863648992706,0.9999863498169047,-15.858811775897072,-62.34469928594605,,757.0216261114568,False,False,False,,[]
1345,1345,1346,True,1.0,1.0,1345.0,1346.0,1345.0,1346.0,1346.0,0.0,81.2,81.5,184.14489708333272,0.5000978708267212,0.5000978708267212,0.0,1.0,0.4942451676189603,0.4940206809204363,0.9996737125882998,0.9996737241744995,0.9996732515539942,0.9999888734012493,0.999988857015324,0.9999863498169047,0.999986336419174,-14.801443780374727,-58.18695225742897,,769.0096582072879,False,False,False,,[]
1346,1346,1347,True,1.0,1.0,1346.0,1347.0,1346.0,1347.0,1347.0,0.0,81.5,81.6,153.84807377604017,0.5000980496406555,0.5000980496406555,0.0,1.0,0.4940206809204363,0.4938308570699159,0.9996732515539942,0.9996732473373413,0.9996728553188655,0.999988857015324,0.9999888412605605,0.999986336419174,0.9999863261258884,-12.517010449124944,-49.20234205488236,,796.498330531374,False,False,False,,[]
1347,1347,1348,True,1.0,1.0,1347.0,1348.0,1347.0,1348.0,1348.0,0.0,81.6,81.6,138.63252,0.5000981688499451,0.5000981688499451,0.0,1.0,0.4938308570699159,0.4936573385473918,0.9996728553188655,0.9996728301048279,0.9996724905106534,0.9999888412605605,0.9999888261354991,0.9999863261258884,0.9999863157845456,-11.442313147820311,-44.97600103825738,,809.4113508022805,False,False,False,,[]
1348,1348,1349,True,1.0,1.0,1348.0,1349.0,1348.0,1349.0,1349.0,0.0,81.6,81.4,107.93085333333444,0.5000982284545898,0.5000982284545898,0.0,1.0,0.4936573385473918,0.4935181409704265,0.9996724905106534,0.9996724724769592,0.9996721936846138,0.9999888261354991,0.9999888133358124,0.9999863157845456,0.9999863051470461,-9.18006515642659,-36.080011949397225,,838.702871882895,False,False,False,,[]
1349,1349,1350,True,1.0,1.0,1349.0,1350.0,1349.0,1350.0,1350.0,0.0,81.4,80.7,30.906293437500892,0.5000983476638794,0.5000983476638794,0.0,1.0,0.4935181409704265,0.4934784901609002,0.9996721936846138,0.9996721744537354,0.9996721169461071,0.9999888133358124,0.999988811600875,0.9999863051470461,0.9999863000983008,-2.6158227339024793,-10.277489829220595,,948.6690877866841,False,False,False,,[]
1350,1350,1351,True,1.0,1.0,1350.0,1351.0,1350.0,1351.0,1351.0,0.0,80.7,79.6,-31.438190807292507,0.5000983476638794,0.5000983476638794,0.0,1.0,0.4934784901609002,0.49350542444228346,0.9996721169461071,0.9996721148490906,0.9996720654630911,0.999988811600875,0.9999888098556762,0.9999863000983008,0.9999862950210223,1.7773690503868398,6.981365734548622,,1015.1908101394093,False,False,False,,[]
1351,1351,1352,True,1.0,1.0,1351.0,1352.0,1351.0,1352.0,1352.0,0.0,79.6,78.2,-78.95321958333354,0.5000984072685242,0.5000984072685242,0.0,1.0,0.49350542444228346,0.4935699556219797,0.9996720654630911,0.9996720552444458,0.9996719374950652,0.9999888098556762,0.99998880068969,0.9999862950210223,0.9999862855814989,4.259277402758655,16.72648177726578,,1034.2639948821939,False,False,False,,[]
1352,1352,1353,True,1.0,1.0,1352.0,1353.0,1352.0,1353.0,1353.0,0.0,78.2,76.8,-80.78558989583354,0.5000984072685242,0.5000984072685242,0.0,1.0,0.4935699556219797,0.4936346609075007,0.9996719374950652,0.9996719360351562,0.9996718091599238,0.99998880068969,0.9999887913295126,0.9999862855814989,0.9999862760862109,4.271244218093004,16.77161000703479,,1034.1436015656602,False,False,False,,[]
1353,1353,1354,True,1.0,1.0,1353.0,1354.0,1353.0,1354.0,1354.0,0.0,76.8,75.3,-97.93628000000065,0.500098466873169,0.500098466873169,0.0,1.0,0.4936346609075007,0.4937122467155348,0.9996718091599238,0.9996718168258667,0.9996716533265428,0.9999887913295126,0.9999887799155492,0.9999862760862109,0.9999862658930159,5.122254389760887,20.110241442450256,,1042.0957838435013,False,False,False,,[]
1354,1354,1355,True,1.0,1.0,1354.0,1355.0,1354.0,1355.0,1355.0,0.0,75.3,73.8,-99.82861789062369,0.5000985264778137,0.5000985264778137,0.0,1.0,0.4937122467155348,0.4937895949841589,0.9996716533265428,0.9996716380119324,0.9996714980063638,0.9999887799155492,0.9999887684219357,0.9999862658930159,0.9999862556009564,5.107125669939674,20.048671227366487,,1041.6998467454546,False,False,False,,[]
1355,1355,1356,True,1.0,1.0,1355.0,1356.0,1355.0,1356.0,1356.0,0.0,73.8,72.1,-132.38529822916817,0.5000985264778137,0.5000985264778137,0.0,1.0,0.4937895949841589,0.49389377429410236,0.9996714980063638,0.9996715188026428,0.9996712832440386,0.9999887684219357,0.9999887551871494,0.9999862556009564,0.9999862450621848,6.880025022220256,27.00327713733666,,1062.6196662563605,False,False,False,,[]
1356,1356,1357,True,1.0,1.0,1356.0,1357.0,1356.0,1357.0,1357.0,0.0,72.1,70.2,-165.1441928906235,0.5000985860824585,0.5000985860824585,0.0,1.0,0.49389377429410236,0.4940250028774522,0.9996712832440386,0.9996712803840637,0.9996710054665073,0.9999887551871494,0.999988741141551,0.9999862450621848,0.9999862354617931,8.668087813416095,34.014448804274735,,1086.725994275143,False,False,False,,[]
1357,1357,1358,True,1.0,1.0,1357.0,1358.0,1357.0,1358.0,1358.0,0.0,70.2,68.2,-182.7375482291656,0.500098705291748,0.500098705291748,0.0,1.0,0.4940250028774522,0.4941672328744846,0.9996710054665073,0.9996709823608398,0.9996707025382611,0.999988741141551,0.9999887272143699,0.9999862354617931,0.9999862250204055,9.396232829489795,36.86601523080141,,1095.972808521613,False,False,False,,[]
1358,1358,1359,True,1.0,1.0,1358.0,1359.0,1358.0,1359.0,1359.0,0.0,68.2,66.1,-200.38423572916793,0.5000988245010376,0.5000988245010376,0.0,1.0,0.4941672328744846,0.4943195491541822,0.9996707025382611,0.999670684337616,0.999670379443856,0.9999887272143699,0.9999887136634902,0.9999862250204055,0.9999862136724174,10.064116701645165,39.48037969761785,,1105.1042205211938,False,False,False,,[]
1359,1359,1360,True,1.0,1.0,1359.0,1360.0,1359.0,1360.0,1360.0,0.0,66.1,63.8,-233.4251355989586,0.5000988841056824,0.5000988841056824,0.0,1.0,0.4943195491541822,0.49449309772015426,0.999670379443856,0.9996703863143921,0.9996700145772062,0.9999887136634902,0.9999887009954592,0.9999862136724174,0.9999862003050839,11.469184508893347,44.98378829996712,,1124.892970534819,False,False,False,,[]
1360,1360,1361,True,1.0,1.0,1360.0,1361.0,1360.0,1361.0,1361.0,0.0,63.8,61.6,-220.55238156249985,0.5000990033149719,0.5000990033149719,0.0,1.0,0.49449309772015426,0.4946508806525709,0.9996700145772062,0.9996700286865234,0.9996696806384678,0.9999887009954592,0.9999886884124817,0.9999862003050839,0.9999861886846982,10.428101418694274,40.897336082394986,,1111.3404119794864,False,False,False,,[]
1361,1361,1362,True,1.0,1.0,1361.0,1362.0,1361.0,1362.0,1362.0,0.0,61.6,60.2,-100.03393833333352,0.5000991225242615,0.5000991225242615,0.0,1.0,0.4946508806525709,0.49471228936676526,0.9996696806384678,0.9996696710586548,0.999669559233832,0.9999886884124817,0.9999886790106981,0.9999861886846982,0.9999861779311764,4.0578310181203525,15.91713871917019,,1029.9859237453052,False,False,False,,[]
1362,1362,1363,True,1.0,1.0,1362.0,1363.0,1362.0,1363.0,1363.0,0.0,60.2,59.8,52.06005593750023,0.5000991225242615,0.5000991225242615,0.0,1.0,0.49471228936676526,0.4946576560944105,0.999669559233832,0.9996695518493652,0.999669451937743,0.9999886790106981,0.9999886735559131,0.9999861779311764,0.9999861711640109,-3.6090564506645713,-14.160944194360024,,928.0011842920328,False,False,False,,[]
1363,1363,1364,True,1.0,1.0,1363.0,1364.0,1363.0,1364.0,1364.0,0.0,59.8,60.4,205.17026427083402,0.5000991821289062,0.5000991821289062,0.0,1.0,0.4946576560944105,0.4944668752086739,0.999669451937743,0.9996694326400757,0.9996690538762718,0.9999886735559131,0.9999886612500147,0.9999861711640109,0.9999861530489584,-12.59767703399121,-49.45040558292322,,793.0163907787673,False,False,False,,[]
1364,1364,1365,True,1.0,1.0,1364.0,1365.0,1364.0,1365.0,1365.0,0.0,60.4,61.8,328.5751137499983,0.5000993013381958,0.5000993013381958,0.0,1.0,0.4944668752086739,0.4941725169048339,0.9996690538762718,0.999669075012207,0.9996684714077908,0.9999886612500147,0.9999886451847655,0.9999861530489584,0.9999861338798421,-19.429839694975204,-76.29767235532232,,720.5444054642634,False,False,False,,[]
1365,1365,1366,True,1.0,1.0,1365.0,1366.0,1365.0,1366.0,1366.0,0.0,61.8,62.6,237.8890976041682,0.5000994801521301,0.5000994801521301,0.0,1.0,0.4941725169048339,0.49395579784172106,0.9996684714077908,0.9996684789657593,0.9996680246478208,0.9999886451847655,0.9999886327410358,0.9999861338798421,0.9999861206579993,-14.307252163329125,-56.173581158844854,,776.9641729503264,False,False,False,,[]
1366,1366,1367,True,1.0,1.0,1366.0,1367.0,1366.0,1367.0,1367.0,0.0,62.6,62.7,131.2587101041671,0.5000995993614197,0.5000995993614197,0.0,1.0,0.49395579784172106,0.49382503356813406,0.9996680246478208,0.9996680021286011,0.9996677479788121,0.9999886327410358,0.9999886214221129,0.9999861206579993,0.9999861091763251,-8.634591863042237,-33.89409971374434,,846.57391047065,False,False,False,,[]
1367,1367,1368,True,1.0,1.0,1367.0,1368.0,1367.0,1368.0,1368.0,0.0,62.7,61.9,-6.794862682293181,0.5000996589660645,0.5000996589660645,0.0,1.0,0.49382503356813406,0.4938294153710492,0.9996677479788121,0.999667763710022,0.9996677397860589,0.9999886214221129,0.9999886211289197,0.9999861091763251,0.9999861081505583,0.28945674667615456,1.1357633155968885,,1002.2486125740489,False,False,False,,[]
1368,1368,1369,True,1.0,1.0,1368.0,1369.0,1368.0,1369.0,1369.0,0.0,61.9,60.0,-176.48080226562348,0.5000996589660645,0.5000996589660645,0.0,1.0,0.4938294153710492,0.4939461413923389,0.9996677397860589,0.999667763710022,0.9996674961874231,0.9999886211289197,0.999988608922513,0.9999861081505583,0.9999860944190821,7.713917193112913,30.2553847182979,,1071.154977126014,False,False,False,,[]
1369,1369,1370,True,1.0,1.0,1369.0,1370.0,1369.0,1370.0,1370.0,0.0,60.0,58.4,-132.34933833333443,0.5000997185707092,0.5000997185707092,0.0,1.0,0.4939461413923389,0.49402906701795013,0.9996674961874231,0.9996675252914429,0.9996673287565211,0.999988608922513,0.9999885981836882,0.9999860944190821,0.999986083950562,5.480148035331649,21.494322158432514,,1047.0932169319592,False,False,False,,[]
1370,1370,1371,True,1.0,1.0,1370.0,1371.0,1370.0,1371.0,1371.0,0.0,58.4,57.8,19.58772833333269,0.500099778175354,0.500099778175354,0.0,1.0,0.49402906701795013,0.49401037253071145,0.9996673287565211,0.9996673464775085,0.9996672933101795,0.9999885981836882,0.9999885973954722,0.999986083950562,0.9999860811929066,-1.2351307861651815,-4.845611092266169,,974.863160343794,False,False,False,,[]
1371,1371,1372,True,1.0,1.0,1371.0,1372.0,1371.0,1372.0,1372.0,0.0,57.8,57.8,111.11445177083334,0.5000998377799988,0.5000998377799988,0.0,1.0,0.49401037253071145,0.4939065939014799,0.9996672933101795,0.9996672868728638,0.9996670794576856,0.9999885973954722,0.9999885878641189,0.9999860811929066,0.9999860716694806,-6.854928752460666,-26.899420696816108,,873.9588304838486,False,False,False,,[]
1372,1372,1373,True,1.0,1.0,1372.0,1373.0,1372.0,1373.0,1373.0,0.0,57.8,57.8,111.11445177083334,0.5000998973846436,0.5000998973846436,0.0,1.0,0.4939065939014799,0.4938028141747499,0.9996670794576856,0.9996671080589294,0.9996668656027006,0.9999885878641189,0.999988578332765,0.9999860716694806,0.9999860621460553,-6.854928763992952,-26.89970516841765,,873.95780193022,False,False,False,,[]
1373,1373,1374,True,1.0,1.0,1373.0,1374.0,1373.0,1374.0,1374.0,0.0,57.8,57.3,34.36028510416744,0.5000999569892883,0.5000999569892883,0.0,1.0,0.4938028141747499,0.49376813187619445,0.9996668656027006,0.9996668696403503,0.9996667988055011,0.999988578332765,0.999988574833007,0.9999860621460553,0.9999860578476734,-2.2913341926565463,-8.989651785576084,,953.1433231403214,False,False,False,,[]
1374,1374,1375,True,1.0,1.0,1374.0,1375.0,1374.0,1375.0,1375.0,0.0,57.3,56.2,-58.22205018229156,0.5000999569892883,0.5000999569892883,0.0,1.0,0.49376813187619445,0.49380057045387554,0.9996667988055011,0.9996668100357056,0.999666736466631,0.999988574833007,0.9999885689956334,0.9999860578476734,0.9999860517950471,2.1435973253323786,8.408079334938726,,1014.5225769888971,False,False,False,,[]
1375,1375,1376,True,1.0,1.0,1375.0,1376.0,1375.0,1376.0,1376.0,0.0,56.2,54.3,-182.06425656250047,0.5000999569892883,0.5000999569892883,0.0,1.0,0.49380057045387554,0.4939085105534415,0.999666736466631,0.9996667504310608,0.9996665131314041,0.9999885689956334,0.9999885575422357,0.9999860517950471,0.9999860375094844,7.134963422252121,27.97807380749228,,1063.6799855410875,False,False,False,,[]
1376,1376,1377,True,1.0,1.0,1376.0,1377.0,1376.0,1377.0,1377.0,0.0,54.3,50.8,-429.4189720572913,0.5001000165939331,0.5001000165939331,0.0,1.0,0.4939085105534415,0.4941679694779447,0.9996665131314041,0.9996665120124817,0.999665989697241,0.9999885575422357,0.9999885418252193,0.9999860375094844,0.9999860156372306,17.16018923637851,67.25175323124276,,1204.1319613976198,False,False,False,,[]
1377,1377,1378,True,1.0,1.0,1377.0,1378.0,1377.0,1378.0,1378.0,0.0,50.8,45.5,-708.7850195833329,0.5001001954078674,0.5001001954078674,0.0,1.0,0.4941679694779447,0.49456687318152504,0.999665989697241,0.9996659755706787,0.9996652522730017,0.9999885418252193,0.9999885252791699,0.9999860156372306,0.9999859825583918,26.398298966278503,103.39583996802327,,1380.3315835472672,False,False,False,,[]
1378,1378,1379,True,1.0,1.0,1378.0,1379.0,1378.0,1379.0,1379.0,0.0,45.5,40.2,-713.0183324739579,0.5001004338264465,0.5001004338264465,0.0,1.0,0.49456687318152504,0.4949272055551155,0.9996652522730017,0.9996652603149414,0.9996645679414047,0.9999885252791699,0.9999885097160638,0.9999859825583918,0.9999859578804177,23.847654211362233,93.39815123464834,,1336.2876580229217,False,False,False,,[]
1379,1379,1380,True,1.0,1.0,1379.0,1380.0,1379.0,1380.0,1380.0,0.0,40.2,34.9,-716.7856732291672,0.5001006126403809,0.5001006126403809,0.0,1.0,0.4949272055551155,0.49523949584540033,0.9996645679414047,0.9996645450592041,0.9996639564802642,0.9999885097160638,0.9999884905006897,0.9999859578804177,0.9999859361405407,20.668673434749895,80.94564324182791,,1266.1255733809924,False,False,False,,[]
1380,1380,1381,True,1.0,1.0,1380.0,1381.0,1380.0,1381.0,1381.0,0.0,34.9,29.6,-720.0870418489579,0.5001007914543152,0.5001007914543152,0.0,1.0,0.49523949584540033,0.495501308981659,0.9996639564802642,0.9996639490127563,0.999663428959293,0.9999884905006897,0.9999884711995953,0.9999859361405407,0.999985911004829,17.327771979409306,67.86196491824347,,1197.066086499921,False,False,False,,[]
1381,1381,1382,True,1.0,1.0,1381.0,1382.0,1381.0,1382.0,1382.0,0.0,29.6,27.3,-262.39743833333404,0.5001009702682495,0.5001009702682495,0.0,1.0,0.495501308981659,0.4955798444772456,0.999663428959293,0.9996634125709534,0.9996632710718196,0.9999884711995953,0.9999884616333413,0.999985911004829,0.9999858997621768,5.195431013800121,20.3564004560565,,1043.773612836985,False,False,False,,[]
1382,1382,1383,True,1.0,1.0,1382.0,1383.0,1382.0,1383.0,1383.0,0.0,27.3,29.3,396.6029237760421,0.5001010298728943,0.5001010298728943,0.0,1.0,0.4955798444772456,0.4954058745519037,0.9996632710718196,0.9996632933616638,0.9996629053857856,0.9999884616333413,0.9999884495795225,0.9999858997621768,0.9999858837755944,-11.500162409950327,-45.09300464862478,,807.3768863704312,False,False,False,,[]
1383,1383,1384,True,1.0,1.0,1383.0,1384.0,1383.0,1384.0,1384.0,0.0,29.3,32.9,643.1551685677074,0.5001011490821838,0.5001011490821838,0.0,1.0,0.4954058745519037,0.4951156459181849,0.9996629053857856,0.9996628761291504,0.9996623297259152,0.9999884495795225,0.9999884338370969,0.9999858837755944,0.9999858670774929,-19.177031604280057,-75.22726185991434,,724.5142261376479,False,False,False,,[]
1384,1384,1385,True,1.0,1.0,1384.0,1385.0,1384.0,1385.0,1385.0,0.0,32.9,35.6,506.85492169270935,0.5001013278961182,0.5001013278961182,0.0,1.0,0.4951156459181849,0.49486103583819707,0.9996623297259152,0.9996623396873474,0.9996618147553901,0.9999884338370969,0.9999884209258152,0.9999858670774929,0.9999858490640394,-16.823421849930718,-65.99493273284449,,747.9253293402958,False,False,False,,[]
1385,1385,1386,True,1.0,1.0,1385.0,1386.0,1385.0,1386.0,1386.0,0.0,35.6,36.7,262.7756137499999,0.5001014471054077,0.5001014471054077,0.0,1.0,0.49486103583819707,0.49471190965001327,0.9996618147553901,0.9996618032455444,0.9996614980172023,0.9999884209258152,0.9999884051021275,0.9999858490640394,0.9999858413912998,-9.855850723298795,-38.65350797724432,,830.3603427697362,False,False,False,,[]
1386,1386,1387,True,1.0,1.0,1386.0,1387.0,1386.0,1387.0,1387.0,0.0,36.7,37.6,232.7335904427084,0.5001015663146973,0.5001015663146973,0.0,1.0,0.49471190965001327,0.49458222515530037,0.9996614980172023,0.9996615052223206,0.9996612239224556,0.9999884051021275,0.9999883947678837,0.9999858413912998,0.9999858344077717,-8.571037305735386,-33.61422102957953,,851.490124684785,False,False,False,,[]
1387,1387,1388,True,1.0,1.0,1387.0,1388.0,1387.0,1388.0,1388.0,0.0,37.6,39.4,371.44572833333336,0.500101625919342,0.500101625919342,0.0,1.0,0.49458222515530037,0.49437652597319487,0.9996612239224556,0.9996612071990967,0.9996607976609855,0.9999883947678837,0.9999883847282872,0.9999858344077717,0.9999858228569456,-13.591165053780278,-53.3172280017467,,787.4538123322382,False,False,False,,[]
1388,1388,1389,True,1.0,1.0,1388.0,1389.0,1388.0,1389.0,1389.0,0.0,39.4,42.5,572.1561476041664,0.5001017451286316,0.5001017451286316,0.0,1.0,0.49437652597319487,0.49403777870736687,0.9996607976609855,0.9996607899665833,0.9996601451787437,0.9999883847282872,0.9999883669355912,0.9999858228569456,0.9999858039324062,-22.371051111301654,-87.8032913026107,,694.1009004712422,False,False,False,,[]
1389,1389,1390,True,1.0,1.0,1389.0,1390.0,1389.0,1390.0,1390.0,0.0,42.5,46.5,712.4194800260416,0.5001019835472107,0.5001019835472107,0.0,1.0,0.49403777870736687,0.49358903291848316,0.9996601451787437,0.9996601343154907,0.9996593468795256,0.9999883669355912,0.9999883515653443,0.9999858039324062,0.9999857783257758,-29.621300312928422,-116.31490847865999,,637.1242401363761,False,False,False,,[]
1390,1390,1391,True,1.0,1.0,1390.0,1391.0,1390.0,1391.0,1391.0,0.0,46.5,50.2,669.3197404427087,0.500102162361145,0.500102162361145,0.0,1.0,0.49358903291848316,0.49312556775074423,0.9996593468795256,0.9996593594551086,0.9996585323646123,0.9999883515653443,0.9999883358756199,0.9999857783257758,0.9999857469591475,-30.58614604031934,-120.13017147792529,,628.1513521935449,False,False,False,,[]
1391,1391,1392,True,1.0,1.0,1391.0,1392.0,1391.0,1392.0,1392.0,0.0,50.2,52.8,503.42818093749963,0.5001024603843689,0.5001024603843689,0.0,1.0,0.49312556775074423,0.49275271048639513,0.9996585323646123,0.9996585249900818,0.999657830244615,0.9999883358756199,0.9999883218460419,0.9999857469591475,0.9999857218297418,-24.60921177272345,-96.64460291928883,,674.6599260127108,False,False,False,,[]
1392,1392,1393,True,1.0,1.0,1392.0,1393.0,1392.0,1393.0,1393.0,0.0,52.8,54.3,336.7902199999997,0.5001026391983032,0.5001026391983032,0.0,1.0,0.49275271048639513,0.4924888788478045,0.999657830244615,0.9996578097343445,0.9996572992313837,0.9999883218460419,0.9999883075650221,0.9999857218297418,0.9999857049890214,-17.41703134990074,-68.38516072268281,,741.8096599405636,False,False,False,,[]
1393,1393,1394,True,1.0,1.0,1393.0,1394.0,1393.0,1394.0,1394.0,0.0,54.3,54.9,199.9651946093757,0.5001028180122375,0.5001028180122375,0.0,1.0,0.4924888788478045,0.4923196576846115,0.9996572992313837,0.9996572732925415,0.9996569428018408,0.9999883075650221,0.9999882958667642,0.9999857049890214,0.9999856895770689,-11.173696375110156,-43.86212549963287,,811.7052257995656,False,False,False,,[]
1394,1394,1395,True,1.0,1.0,1394.0,1395.0,1394.0,1395.0,1395.0,0.0,54.9,54.9,108.40363523437503,0.5001029372215271,0.5001029372215271,0.0,1.0,0.4923196576846115,0.4922229295425364,0.9996569428018408,0.9996569156646729,0.9996567448480642,0.9999882958667642,0.9999882869482531,0.9999856895770689,0.9999856804097704,-6.388204541080098,-25.071934425865596,,881.3606359645129,False,False,False,,[]
1395,1395,1396,True,1.0,1.0,1395.0,1396.0,1395.0,1396.0,1396.0,0.0,54.9,54.7,77.70196856770846,0.5001029968261719,0.5001029968261719,0.0,1.0,0.4922229295425364,0.49215174320284405,0.9996567448480642,0.9996567368507385,0.9996566027605179,0.9999882869482531,0.9999882798686934,0.9999856804097704,0.9999856731424278,-4.701716958866936,-18.451499248250745,,909.3041850205904,False,False,False,,[]
1396,1396,1397,True,1.0,1.0,1396.0,1397.0,1396.0,1397.0,1397.0,0.0,54.7,54.1,16.11682481770867,0.5001029968261719,0.5001029968261719,0.0,1.0,0.49215174320284405,0.4921373389948935,0.9996566027605179,0.999656617641449,0.9996565755632993,0.9999882798686934,0.9999882792614452,0.9999856731424278,0.9999856710179343,-0.9515481691285469,-3.7335707007870162,,980.5309005132932,False,False,False,,[]
1397,1397,1398,True,1.0,1.0,1397.0,1398.0,1397.0,1398.0,1398.0,0.0,54.1,53.2,-30.47712518229166,0.5001030564308167,0.5001030564308167,0.0,1.0,0.4921373389948935,0.49215274998823555,0.9996565755632993,0.9996565580368042,0.999656546436452,0.9999882792614452,0.9999882762724793,0.9999856710179343,0.9999856673340372,1.018186917922833,3.9945294742579103,,1005.859580229982,False,False,False,,[]
1398,1398,1399,True,1.0,1.0,1398.0,1399.0,1398.0,1399.0,1399.0,0.0,53.2,52.1,-61.979769583334175,0.5001030564308167,0.5001030564308167,0.0,1.0,0.49215274998823555,0.4921849421293259,0.999656546436452,0.9996565580368042,0.9996564845860842,0.9999882762724793,0.9999882705727995,0.9999856673340372,0.9999856614696518,2.1271239467474126,8.344202970616358,,1014.6546975393783,False,False,False,,[]
1399,1399,1400,True,1.0,1.0,1399.0,1400.0,1399.0,1400.0,1400.0,0.0,52.1,50.7,-108.99299497395758,0.5001030564308167,0.5001030564308167,0.0,1.0,0.4921849421293259,0.49223973772560564,0.9996564845860842,0.9996564984321594,0.9996563769541118,0.9999882705727995,0.9999882621951093,0.9999856614696518,0.999985649180346,3.621136904279347,14.20301855571526,,1023.924406430254,False,False,False,,[]
1400,1400,1401,True,1.0,1.0,1400.0,1401.0,1400.0,1401.0,1401.0,0.0,50.7,49.1,-140.88837309895843,0.5001031160354614,0.5001031160354614,0.0,1.0,0.49223973772560564,0.4923114681499862,0.9996563769541118,0.9996563792228699,0.9996562337043496,0.9999882621951093,0.9999882526291766,0.999985649180346,0.9999856363699878,4.740832392079928,18.592525999446437,,1036.3007416188073,False,False,False,,[]
1401,1401,1402,True,1.0,1.0,1401.0,1402.0,1401.0,1402.0,1402.0,0.0,49.1,47.4,-157.56363559895888,0.5001031160354614,0.5001031160354614,0.0,1.0,0.4923114681499862,0.4923900791789007,0.9996562337043496,0.9996562600135803,0.999656075653346,0.9999882526291766,0.9999882427000694,0.9999856363699878,0.9999856233453155,5.196070248491425,20.375978694629787,,1041.5062627779537,False,False,False,,[]
1402,1402,1403,True,1.0,1.0,1402.0,1403.0,1402.0,1403.0,1403.0,0.0,47.4,45.2,-235.67847739583317,0.5001031756401062,0.5001031756401062,0.0,1.0,0.4923900791789007,0.49251034684352923,0.999656075653346,0.999656081199646,0.9996558237924544,0.9999882427000694,0.9999882320540069,0.9999856233453155,0.999985609766674,7.9511252372898,31.17337867171768,,1076.2604483545215,False,False,False,,[]
1403,1403,1404,True,1.0,1.0,1403.0,1404.0,1403.0,1404.0,1404.0,0.0,45.2,41.8,-421.57818625000016,0.500103235244751,0.500103235244751,0.0,1.0,0.49251034684352923,0.4927220325180063,0.9996558237924544,0.9996558427810669,0.9996553863596255,0.9999882320540069,0.9999882176274294,0.999985609766674,0.9999855949543592,14.000193617474212,54.86892682445306,,1161.040360847699,False,False,False,,[]
1404,1404,1405,True,1.0,1.0,1404.0,1405.0,1404.0,1405.0,1405.0,0.0,41.8,36.5,-715.6974648958328,0.5001034140586853,0.5001034140586853,0.0,1.0,0.4927220325180063,0.4930485957827037,0.9996553863596255,0.9996553659439087,0.9996547525030091,0.9999882176274294,0.9999881991084673,0.9999855949543592,0.9999855723226874,21.608284474773384,84.64519820957747,,1285.3916012635955,False,False,False,,[]
1405,1405,1406,True,1.0,1.0,1405.0,1406.0,1405.0,1406.0,1406.0,0.0,36.5,31.2,-719.1395043489589,0.5001035928726196,0.5001035928726196,0.0,1.0,0.4930485957827037,0.49332351441590455,0.9996547525030091,0.9996547698974609,0.9996542025039239,0.9999881991084673,0.9999881798336852,0.9999855723226874,0.9999855453795671,18.191108206603772,71.25890972566418,,1210.2154122575125,False,False,False,,[]
1406,1406,1407,True,1.0,1.0,1406.0,1407.0,1406.0,1407.0,1407.0,0.0,31.2,27.6,-461.1514049999995,0.500103771686554,0.500103771686554,0.0,1.0,0.49332351441590455,0.4934787531013024,0.9996542025039239,0.9996541738510132,0.9996538736047004,0.9999881798336852,0.9999881678581165,0.9999855453795671,0.9999855344287646,10.269568332454837,40.23786725511972,,1110.3984720668584,False,False,False,,[]
1407,1407,1408,True,1.0,1.0,1407.0,1408.0,1407.0,1408.0,1408.0,0.0,27.6,26.9,-17.732969583333926,0.5001038312911987,0.5001038312911987,0.0,1.0,0.4934787531013024,0.49348272518376063,0.9996538736047004,0.9996538758277893,0.9996538661809867,0.9999881678581165,0.9999881668540607,0.9999855344287646,0.9999855327579475,0.26266407330194014,1.0295637731780238,,1000.5551462314386,False,False,False,,[]
1408,1408,1409,True,1.0,1.0,1408.0,1409.0,1408.0,1409.0,1409.0,0.0,26.9,27.3,150.80977065104196,0.5001038312911987,0.5001038312911987,0.0,1.0,0.49348272518376063,0.4934168160677384,0.9996538661809867,0.9996538758277893,0.9996537353041538,0.9999881668540607,0.9999881601374391,0.9999855327579475,0.9999855276326324,-4.357531234947739,-17.08364287296149,,916.7257880794677,False,False,False,,[]
1409,1409,1410,True,1.0,1.0,1409.0,1410.0,1409.0,1410.0,1410.0,0.0,27.3,27.5,120.28792377604158,0.5001038908958435,0.5001038908958435,0.0,1.0,0.4934168160677384,0.4933598688836651,0.9996537353041538,0.9996537566184998,0.9996536232102455,0.9999881601374391,0.9999881533129261,0.9999855276326324,0.9999855223661273,-3.7650691595164933,-14.760710111797579,,925.7137035088917,False,False,False,,[]
1410,1410,1411,True,1.0,1.0,1410.0,1411.0,1410.0,1411.0,1411.0,0.0,27.5,27.4,74.32632898437507,0.5001038908958435,0.5001038908958435,0.0,1.0,0.4933598688836651,0.49332379398077114,0.9996536232102455,0.9996536374092102,0.9996535536362077,0.9999881533129261,0.9999881490736183,0.9999855223661273,0.9999855184947914,-2.385227220775367,-9.350614830119016,,951.3453900177141,False,False,False,,[]
1411,1411,1412,True,1.0,1.0,1411.0,1412.0,1411.0,1412.0,1412.0,0.0,27.4,27.1,43.57912677083351,0.5001039505004883,0.5001039505004883,0.0,1.0,0.49332379398077114,0.49330123867115216,0.9996535536362077,0.9996535778045654,0.9996535107075857,0.9999881490736183,0.9999881466061306,0.9999855184947914,0.9999855152543689,-1.4913904236963595,-5.846336253241699,,968.4703981252723,False,False,False,,[]
1412,1412,1413,True,1.0,1.0,1412.0,1413.0,1412.0,1413.0,1413.0,0.0,27.1,26.7,28.092682109374735,0.5001039505004883,0.5001039505004883,0.0,1.0,0.49330123867115216,0.4932862301100359,0.9996535107075857,0.9996535181999207,0.9996534823525022,0.9999881466061306,0.9999881450359288,0.9999855152543689,0.9999855128622435,-0.9924166390000119,-3.8902190413358357,,978.6589742712299,False,False,False,,[]
1413,1413,1414,True,1.0,1.0,1413.0,1414.0,1413.0,1414.0,1414.0,0.0,26.7,26.8,104.66835606770877,0.5001039505004883,0.5001039505004883,0.0,1.0,0.4932862301100359,0.4932381192595365,0.9996534823525022,0.9996534585952759,0.9996533884669812,0.9999881450359288,0.9999881392182578,0.9999855128622435,0.9999855086354764,-3.180945521748628,-12.470332449450531,,936.7296797674225,False,False,False,,[]
1414,1414,1415,True,1.0,1.0,1414.0,1415.0,1414.0,1415.0,1415.0,0.0,26.8,28.2,304.27356374999977,0.5001039505004883,0.5001039505004883,0.0,1.0,0.4932381192595365,0.49309947796238895,0.9996533884669812,0.9996533989906311,0.999653092862765,0.9999881392182578,0.9999881245707577,0.9999855086354764,0.9999854962466032,-9.1638713104928,-35.935824220636675,,836.6533886365679,False,False,False,,[]
1415,1415,1416,True,1.0,1.0,1415.0,1416.0,1415.0,1416.0,1416.0,0.0,28.2,31.1,535.1747226041672,0.5001040697097778,0.5001040697097778,0.0,1.0,0.49309947796238895,0.49286371992707395,0.999653092862765,0.9996531009674072,0.9996526113785367,0.9999881245707577,0.9999881073304869,0.9999854962466032,0.9999854834299358,-15.577567233533312,-61.10848275365437,,761.0562081149575,False,False,False,,[]
1416,1416,1417,True,1.0,1.0,1416.0,1417.0,1416.0,1417.0,1417.0,0.0,31.1,34.8,659.4077550260412,0.5001041889190674,0.5001041889190674,0.0,1.0,0.49286371992707395,0.492537575330315,0.9996526113785367,0.999652624130249,0.9996519781700636,0.9999881073304869,0.9999880894584119,0.9999854834299358,0.9999854560019297,-21.5417543581624,-84.53667947991464,,696.9779956630032,False,False,False,,[]
1417,1417,1418,True,1.0,1.0,1417.0,1418.0,1417.0,1418.0,1418.0,0.0,34.8,38.4,646.0793137500001,0.5001044273376465,0.5001044273376465,0.0,1.0,0.492537575330315,0.49219461056279845,0.9996519781700636,0.9996519684791565,0.999651319348264,0.9999880894584119,0.9999880705986556,0.9999854560019297,0.9999854369024546,-22.648656668757628,-88.89646774029585,,691.1775845207934,False,False,False,,[]
1418,1418,1419,True,1.0,1.0,1418.0,1419.0,1418.0,1419.0,1419.0,0.0,38.4,40.9,479.4058533333335,0.5001046061515808,0.5001046061515808,0.0,1.0,0.49219461056279845,0.4919192200595601,0.999651319348264,0.999651312828064,0.9996507685485605,0.9999880705986556,0.9999880556747307,0.9999854369024546,0.9999854215491848,-18.187698991976752,-71.38121843937945,,734.8901073633583,False,False,False,,[]
1419,1419,1420,True,1.0,1.0,1419.0,1420.0,1419.0,1420.0,1420.0,0.0,40.9,41.7,220.08602585937555,0.5001047849655151,0.5001047849655151,0.0,1.0,0.4919192200595601,0.49177081476706613,0.9996507685485605,0.999650776386261,0.9996504532495769,0.9999880556747307,0.9999880453223783,0.9999854215491848,0.9999854034498068,-9.804149507254523,-38.466651814444724,,827.5495062044175,False,False,False,,[]
1420,1420,1421,True,1.0,1.0,1420.0,1421.0,1420.0,1421.0,1421.0,0.0,41.7,40.9,-24.979222057292212,0.5001048445701599,0.5001048445701599,0.0,1.0,0.49177081476706613,0.49177933334284146,0.9996504532495769,0.9996504783630371,0.9996504372576221,0.9999880453223783,0.9999880433165,0.9999854034498068,0.9999853997647631,0.5630225563674083,2.208014840971923,,1001.2299693094433,False,False,False,,[]
1421,1421,1422,True,1.0,1.0,1421.0,1422.0,1421.0,1422.0,1422.0,0.0,40.9,38.3,-301.84230747395895,0.5001049041748047,0.5001049041748047,0.0,1.0,0.49177933334284146,0.49191647916229614,0.9996504372576221,0.9996504187583923,0.9996501452694754,0.9999880433165,0.9999880329942032,0.9999853997647631,0.9999853901102718,9.068465113882313,35.5481964026553,,1096.4554209437676,False,False,False,,[]
1422,1422,1423,True,1.0,1.0,1422.0,1423.0,1422.0,1423.0,1423.0,0.0,38.3,35.3,-364.95359705729106,0.5001049637794495,0.5001049637794495,0.0,1.0,0.49191647916229614,0.4920721378096678,0.9996501452694754,0.9996501207351685,0.9996498155375014,0.9999880329942032,0.9999880230947301,0.9999853901102718,0.9999853792625256,10.294119821114904,40.3467213987272,,1113.5091529178574,False,False,False,,[]
1423,1423,1424,True,1.0,1.0,1423.0,1424.0,1423.0,1424.0,1424.0,0.0,35.3,34.3,-59.76830539062542,0.5001050233840942,0.5001050233840942,0.0,1.0,0.4920721378096678,0.49209143034996955,0.9996498155375014,0.9996498227119446,0.9996497789357924,0.9999880230947301,0.9999880188285772,0.9999853792625256,0.9999853747443876,1.2754411015204923,5.000626446212848,,1006.8952980947709,False,False,False,,[]
1424,1424,1425,True,1.0,1.0,1424.0,1425.0,1424.0,1425.0,1425.0,0.0,34.3,34.6,139.21524669270866,0.500105082988739,0.500105082988739,0.0,1.0,0.49209143034996955,0.49201564929111913,0.9996497789357924,0.9996497631072998,0.9996496269957946,0.9999880188285772,0.999988010538088,0.9999853747443876,0.9999853708706521,-5.008605834748428,-19.642450454023404,,906.5038431455553,False,False,False,,[]
1425,1425,1426,True,1.0,1.0,1425.0,1426.0,1425.0,1426.0,1426.0,0.0,34.6,36.3,354.2983559374996,0.500105082988739,0.500105082988739,0.0,1.0,0.49201564929111913,0.491832701963357,0.9996496269957946,0.9996496438980103,0.9996492439433652,0.999988010538088,0.999987999798506,0.9999853708706521,0.9999853607259496,-12.087332488936267,-47.419947355953056,,805.0642695920536,False,False,False,,[]
1426,1426,1427,True,1.0,1.0,1426.0,1427.0,1426.0,1427.0,1427.0,0.0,36.3,39.5,585.5605644010419,0.5001052618026733,0.5001052618026733,0.0,1.0,0.491832701963357,0.4915101253225438,0.9996492439433652,0.9996492266654968,0.9996486162801551,0.999987999798506,0.9999879815201301,0.9999853607259496,0.9999853428007163,-21.302004817328474,-83.61186529877922,,703.4591904132187,False,False,False,,[]
1427,1427,1428,True,1.0,1.0,1427.0,1428.0,1427.0,1428.0,1428.0,0.0,39.5,41.8,449.4149227343753,0.5001053810119629,0.5001053810119629,0.0,1.0,0.4915101253225438,0.4912456192398046,0.9996486162801551,0.9996486306190491,0.9996480841024828,0.9999879815201301,0.9999879673249686,0.9999853428007163,0.9999853280449515,-17.468309355989838,-68.55997664599599,,742.5697857343941,False,False,False,,[]
1428,1428,1429,True,1.0,1.0,1428.0,1429.0,1428.0,1429.0,1429.0,0.0,41.8,42.5,205.35253510416678,0.5001055598258972,0.5001055598258972,0.0,1.0,0.4912456192398046,0.4911090772853011,0.9996480841024828,0.9996480941772461,0.9996477935716646,0.9999879673249686,0.999987957178013,0.9999853280449515,0.9999853147494195,-9.020222635979735,-35.39167460729228,,841.0163513407164,False,False,False,,[]
1429,1429,1430,True,1.0,1.0,1429.0,1430.0,1429.0,1430.0,1430.0,0.0,42.5,41.9,6.281146692707689,0.5001056790351868,0.5001056790351868,0.0,1.0,0.4911090772853011,0.4911047243224711,0.9996477935716646,0.9996477961540222,0.999647785433064,0.999987957178013,0.9999879569944262,0.9999853147494195,0.9999853141071371,-0.28767590557048284,-1.1282879655352058,,994.0430062804797,False,False,False,,[]
1430,1430,1431,True,1.0,1.0,1430.0,1431.0,1430.0,1431.0,1431.0,0.0,41.9,40.1,-178.34887518229064,0.5001056790351868,0.5001056790351868,0.0,1.0,0.4911047243224711,0.4911762265734393,0.999647785433064,0.9996477961540222,0.9996476426708473,0.9999879569944262,0.9999879474805198,0.9999853141071371,0.9999852964121492,4.726659689670723,18.53338345095916,,1030.946046593241,False,False,False,,[]
1431,1431,1432,True,1.0,1.0,1431.0,1432.0,1431.0,1432.0,1432.0,0.0,40.1,36.6,-440.53727622395894,0.5001057386398315,0.5001057386398315,0.0,1.0,0.4911762265734393,0.4913719034512822,0.9996476426708473,0.9996476173400879,0.9996472352984664,0.9999879474805198,0.9999879348924899,0.9999852964121492,0.9999852827662737,12.941132713448976,50.719446736882254,,1147.7178716587987,False,False,False,,[]
1432,1432,1433,True,1.0,1.0,1432.0,1433.0,1432.0,1433.0,1433.0,0.0,36.6,31.3,-719.0788732291662,0.5001057982444763,0.5001057982444763,0.0,1.0,0.4913719034512822,0.49164877238093174,0.9996472352984664,0.9996472597122192,0.999646681994295,0.9999879348924899,0.9999879155903191,0.9999852827662737,0.9999852571172965,18.317581032548684,71.76442656517126,,1214.457923915873,False,False,False,,[]
1433,1433,1434,True,1.0,1.0,1433.0,1434.0,1433.0,1434.0,1434.0,0.0,31.3,26.0,-722.0637324739583,0.5001059770584106,0.5001059770584106,0.0,1.0,0.49164877238093174,0.4918835574707479,0.999646681994295,0.9996466636657715,0.9996462022628484,0.9999879155903191,0.9999878991479468,0.9999852571172965,0.9999852356978907,15.533532106649764,60.85629528034852,,1175.019324788628,False,False,False,,[]
1434,1434,1435,True,1.0,1.0,1434.0,1435.0,1434.0,1435.0,1435.0,0.0,26.0,20.6,-739.9334529166667,0.500106155872345,0.500106155872345,0.0,1.0,0.4918835574707479,0.4920840041395536,0.9996462022628484,0.9996461868286133,0.9996457858719695,0.9999878991479468,0.9999878872069876,0.9999852356978907,0.9999852217726858,13.261884194583338,51.95577655444041,,1153.3246073517228,False,False,False,,[]
1435,1435,1436,True,1.0,1.0,1435.0,1436.0,1435.0,1436.0,1436.0,0.0,20.6,19.1,-143.33812322916634,0.5001062750816345,0.5001062750816345,0.0,1.0,0.4920840041395536,0.4921121432067644,0.9996457858719695,0.9996457695960999,0.999645732022659,0.9999878872069876,0.9999878824942676,0.9999852217726858,0.9999852164777313,1.8609132092962908,7.293646221038517,,1012.9110316690094,False,False,False,,[]
1436,1436,1437,True,1.0,1.0,1436.0,1437.0,1436.0,1437.0,1437.0,0.0,19.1,19.7,178.53545294270805,0.5001062750816345,0.5001062750816345,0.0,1.0,0.4921121432067644,0.4920579589032221,0.999645732022659,0.9996457099914551,0.9996456256550429,0.9999878824942676,0.9999878782312732,0.9999852164777313,0.9999852117328935,-3.5825312656072974,-14.044571478156206,,931.2470565899877,False,False,False,,[]
1437,1437,1438,True,1.0,1.0,1437.0,1438.0,1437.0,1438.0,1438.0,0.0,19.7,21.1,301.5352102343752,0.5001063346862793,0.5001063346862793,0.0,1.0,0.4920579589032221,0.4919695950789585,0.9996456256550429,0.9996456503868103,0.9996454462924736,0.9999878782312732,0.9999878739707887,0.9999852117328935,0.9999852067644419,-5.841707776620372,-22.90390324914014,,896.4356682243495,False,False,False,,[]
1438,1438,1439,True,1.0,1.0,1438.0,1439.0,1438.0,1439.0,1439.0,0.0,21.1,22.0,225.2548123177079,0.5001063346862793,0.5001063346862793,0.0,1.0,0.4919695950789585,0.4918987423552251,0.9996454462924736,0.999645471572876,0.9996453049169707,0.9999878739707887,0.999987870608677,0.9999852067644419,0.9999852017417613,-4.684194972837857,-18.365025991682256,,914.5992356965402,False,False,False,,[]
1439,1439,1440,True,1.0,1.0,1439.0,1440.0,1439.0,1440.0,1440.0,0.0,22.0,22.1,102.7698804166671,0.5001063942909241,0.5001063942909241,0.0,1.0,0.4918987423552251,0.49185822778583954,0.9996453049169707,0.9996452927589417,0.9996452264404959,0.999987870608677,0.9999878660462685,0.9999852017417613,0.9999851969339724,-2.6786991888431095,-10.501376384742263,,945.418696184915,False,False,False,,[]
1440,1440,1441,True,1.0,1.0,1440.0,1441.0,1440.0,1441.0,1441.0,0.0,22.1,21.4,-20.000208515625594,0.5001064538955688,0.5001064538955688,0.0,1.0,0.49185822778583954,0.4918613644727269,0.9996452264404959,0.9996452331542969,0.9996452205829028,0.9999878660462685,0.9999878646756755,0.9999851969339724,0.9999851954254552,0.2074160898463329,0.8130292411991494,,999.6719249646508,False,False,False,,[]
1441,1441,1442,True,1.0,1.0,1441.0,1442.0,1441.0,1442.0,1442.0,0.0,21.4,19.6,-189.11193572916616,0.5001064538955688,0.5001064538955688,0.0,1.0,0.4918613644727269,0.49190419914047107,0.9996452205829028,0.9996452331542969,0.9996451374238815,0.9999878646756755,0.9999878604571261,0.9999851954254552,0.9999851912614648,2.8328883701191927,11.102745879294353,,1026.837661006192,False,False,False,,[]
1442,1442,1443,True,1.0,1.0,1442.0,1443.0,1442.0,1443.0,1443.0,0.0,19.6,18.3,-112.96988625000029,0.5001064538955688,0.5001064538955688,0.0,1.0,0.49190419914047107,0.49192380382369183,0.9996451374238815,0.9996451139450073,0.9996451002186173,0.9999878604571261,0.9999878560554842,0.9999851912614648,0.9999851863167263,1.296515175449394,5.081533890815184,,1006.5808002652332,False,False,False,,[]
1443,1443,1444,True,1.0,1.0,1443.0,1444.0,1443.0,1444.0,1444.0,0.0,18.3,18.0,40.129788359375176,0.5001064538955688,0.5001064538955688,0.0,1.0,0.49192380382369183,0.4919074831622875,0.9996451002186173,0.9996451139450073,0.999645069345031,0.9999878560554842,0.9999878539157445,0.9999851863167263,0.9999851838329453,-1.079237787872563,-4.230315436010121,,976.5324213545778,False,False,False,,[]
1444,1444,1445,True,1.0,1.0,1444.0,1445.0,1444.0,1445.0,1445.0,0.0,18.0,18.3,132.14446374999986,0.5001064538955688,0.5001064538955688,0.0,1.0,0.4919074831622875,0.49186509576699644,0.999645069345031,0.9996450543403625,0.9996449870903409,0.9999878539157445,0.9999878494958353,0.9999851838329453,0.9999851785810048,-2.802741807561552,-10.986812859445559,,943.1428999560735,False,False,False,,[]
1445,1445,1446,True,1.0,1.0,1445.0,1446.0,1445.0,1446.0,1446.0,0.0,18.3,18.5,116.88395502604159,0.5001065135002136,0.5001065135002136,0.0,1.0,0.49186509576699644,0.4918258364370549,0.9996449870903409,0.9996449947357178,0.9996449111385803,0.9999878494958353,0.9999878451207067,0.9999851785810048,0.9999851735421876,-2.5959185877823883,-10.176018320849732,,946.729023632043,False,False,False,,[]
1446,1446,1447,True,1.0,1.0,1446.0,1447.0,1446.0,1447.0,1447.0,0.0,18.5,17.9,-5.861665807291832,0.5001065135002136,0.5001065135002136,0.0,1.0,0.4918258364370549,0.491826553089827,0.9996449111385803,0.999644935131073,0.9996449098034347,0.9999878451207067,0.999987844765754,0.9999851735421876,0.999985173128499,0.04739252745370897,0.18575639852396045,,999.8145312382707,False,False,False,,[]
1447,1447,1448,True,1.0,1.0,1447.0,1448.0,1447.0,1448.0,1448.0,0.0,17.9,15.0,-359.11197934895773,0.5001065135002136,0.5001065135002136,0.0,1.0,0.491826553089827,0.49188862141076495,0.9996449098034347,0.999644935131073,0.9996447870155545,0.999987844765754,0.9999878406742145,0.999985173128499,0.999985160064011,4.105461855860903,16.088108787119292,,1033.7343763857443,False,False,False,,[]
1448,1448,1449,True,1.0,1.0,1448.0,1449.0,1448.0,1449.0,1449.0,0.0,15.0,9.9,-697.6216690625001,0.5001065731048584,0.5001065731048584,0.0,1.0,0.49188862141076495,0.4919632589364609,0.9996447870155545,0.9996448159217834,0.9996446375356391,0.9999878406742145,0.9999878298530661,0.999985160064011,0.9999851256893802,4.937242815141932,19.346046660390833,,1014.7069134442136,False,False,False,,[]
1449,1449,1450,True,1.0,1.0,1449.0,1450.0,1449.0,1450.0,1450.0,0.0,9.9,4.6,-729.3766251822916,0.5001066327095032,0.5001066327095032,0.0,1.0,0.4919632589364609,0.4919981072322415,0.9996446375356391,0.9996446371078491,0.9996445704078334,0.9999878298530661,0.9999878119066814,0.9999851256893802,0.99998510476086,2.305017155223524,9.032678266335427,,989.3747192739531,False,False,False,,[]
1450,1450,1451,True,1.0,1.0,1450.0,1451.0,1450.0,1451.0,1451.0,0.0,4.6,1.2,-438.3482065625,0.5001066327095032,0.5001066327095032,0.0,1.0,0.4919981072322415,0.49200648509524014,0.9996445704078334,0.9996445775032043,0.9996445546822041,0.9999878119066814,0.9999878075924409,0.99998510476086,0.9999850997297257,0.5541170918854166,2.1715420892484594,,997.4663608996132,False,False,False,,[]
1451,1451,1452,True,1.0,1.0,1451.0,1452.0,1451.0,1452.0,1452.0,0.0,1.2,0.0,-100.79343624999998,0.5001066327095032,0.5001066327095032,0.0,1.0,0.49200648509524014,0.49200688366447737,0.9996445546822041,0.9996445775032043,0.9996445539398887,0.9999878075924409,0.9999878073871968,0.9999850997297257,0.9999850994903764,0.026361360249999993,0.10330914628481526,,999.8797587916522,False,False,False,,[]
1452,1452,1453,True,1.0,1.0,1452.0,1453.0,1452.0,1453.0,1453.0,0.0,0.0,0.0,83.40462000000002,0.5001066327095032,0.5001066327095032,0.0,1.0,0.49200688366447737,0.49200688366447737,0.9996445539398887,0.9996445775032043,0.9996445539398887,0.9999878073871968,0.9999878073871968,0.9999850994903764,0.9999850994903764,-0.0,0.0,,1000.0,False,False,False,,[]
1453,1453,1454,True,1.0,1.0,1453.0,1454.0,1453.0,1454.0,1454.0,0.0,0.0,0.0,83.40462000000002,0.5001066327095032,0.5001066327095032,0.0,1.0,0.49200688366447737,0.49200688366447737,0.9996445539398887,0.9996445775032043,0.9996445539398887,0.9999878073871968,0.9999878073871968,0.9999850994903764,0.9999850994903764,-0.0,0.0,,1000.0,False,False,False,,[]
1454,1454,1455,True,1.0,1.0,1454.0,1455.0,1454.0,1455.0,1455.0,0.0,0.0,0.0,83.40462000000002,0.5001066327095032,0.5001066327095032,0.0,1.0,0.49200688366447737,0.49200688366447737,0.9996445539398887,0.9996445775032043,0.9996445539398887,0.9999878073871968,0.9999878073871968,0.9999850994903764,0.9999850994903764,-0.0,0.0,,1000.0,False,False,False,,[]
1455,1455,1456,True,1.0,1.0,1455.0,1456.0,1455.0,1456.0,1456.0,0.0,0.0,0.0,83.40462000000002,0.5001066327095032,0.5001066327095032,0.0,1.0,0.49200688366447737,0.49200688366447737,0.9996445539398887,0.9996445775032043,0.9996445539398887,0.9999878073871968,0.9999878073871968,0.9999850994903764,0.9999850994903764,-0.0,0.0,,1000.0,False,False,False,,[]
1456,1456,1457,True,1.0,1.0,1456.0,1457.0,1456.0,1457.0,1457.0,0.0,0.0,0.0,83.40462000000002,0.5001066327095032,0.5001066327095032,0.0,1.0,0.49200688366447737,0.49200688366447737,0.9996445539398887,0.9996445775032043,0.9996445539398887,0.9999878073871968,0.9999878073871968,0.9999850994903764,0.9999850994903764,-0.0,0.0,,1000.0,False,False,False,,[]
1457,1457,1458,True,1.0,1.0,1457.0,1458.0,1457.0,1458.0,1458.0,0.0,0.0,0.0,83.40462000000002,0.5001066327095032,0.5001066327095032,0.0,1.0,0.49200688366447737,0.49200688366447737,0.9996445539398887,0.9996445775032043,0.9996445539398887,0.9999878073871968,0.9999878073871968,0.9999850994903764,0.9999850994903764,-0.0,0.0,,1000.0,False,False,False,,[]
1458,1458,1459,True,1.0,1.0,1458.0,1459.0,1458.0,1459.0,1459.0,0.0,0.0,0.0,83.40462000000002,0.5001066327095032,0.5001066327095032,0.0,1.0,0.49200688366447737,0.49200688366447737,0.9996445539398887,0.9996445775032043,0.9996445539398887,0.9999878073871968,0.9999878073871968,0.9999850994903764,0.9999850994903764,-0.0,0.0,,1000.0,False,False,False,,[]
1459,1459,1460,True,1.0,1.0,1459.0,1460.0,1459.0,1460.0,1460.0,0.0,0.0,0.0,83.40462000000002,0.5001066327095032,0.5001066327095032,0.0,1.0,0.49200688366447737,0.49200688366447737,0.9996445539398887,0.9996445775032043,0.9996445539398887,0.9999878073871968,0.9999878073871968,0.9999850994903764,0.9999850994903764,-0.0,0.0,,1000.0,False,False,False,,[]
1460,1460,1461,True,1.0,1.0,1460.0,1461.0,1460.0,1461.0,1461.0,0.0,0.0,0.0,83.40462000000002,0.5001066327095032,0.5001066327095032,0.0,1.0,0.49200688366447737,0.49200688366447737,0.9996445539398887,0.9996445775032043,0.9996445539398887,0.9999878073871968,0.9999878073871968,0.9999850994903764,0.9999850994903764,-0.0,0.0,,1000.0,False,False,False,,[]
1461,1461,1462,True,1.0,1.0,1461.0,1462.0,1461.0,1462.0,1462.0,0.0,0.0,0.0,83.40462000000002,0.5001066327095032,0.5001066327095032,0.0,1.0,0.49200688366447737,0.49200688366447737,0.9996445539398887,0.9996445775032043,0.9996445539398887,0.9999878073871968,0.9999878073871968,0.9999850994903764,0.9999850994903764,-0.0,0.0,,1000.0,False,False,False,,[]
1462,1462,1463,True,1.0,1.0,1462.0,1463.0,1462.0,1463.0,1463.0,0.0,0.0,0.0,83.40462000000002,0.5001066327095032,0.5001066327095032,0.0,1.0,0.49200688366447737,0.49200688366447737,0.9996445539398887,0.9996445775032043,0.9996445539398887,0.9999878073871968,0.9999878073871968,0.9999850994903764,0.9999850994903764,-0.0,0.0,,1000.0,False,False,False,,[]
1463,1463,1464,True,1.0,1.0,1463.0,1464.0,1463.0,1464.0,1464.0,0.0,0.0,0.0,83.40462000000002,0.5001066327095032,0.5001066327095032,0.0,1.0,0.49200688366447737,0.49200688366447737,0.9996445539398887,0.9996445775032043,0.9996445539398887,0.9999878073871968,0.9999878073871968,0.9999850994903764,0.9999850994903764,-0.0,0.0,,1000.0,False,False,False,,[]
1464,1464,1465,True,1.0,1.0,1464.0,1465.0,1464.0,1465.0,1465.0,0.0,0.0,0.0,83.40462000000002,0.5001066327095032,0.5001066327095032,0.0,1.0,0.49200688366447737,0.49200688366447737,0.9996445539398887,0.9996445775032043,0.9996445539398887,0.9999878073871968,0.9999878073871968,0.9999850994903764,0.9999850994903764,-0.0,0.0,,1000.0,False,False,False,,[]
1465,1465,1466,True,1.0,1.0,1465.0,1466.0,1465.0,1466.0,1466.0,0.0,0.0,0.0,83.40462000000002,0.5001066327095032,0.5001066327095032,0.0,1.0,0.49200688366447737,0.49200688366447737,0.9996445539398887,0.9996445775032043,0.9996445539398887,0.9999878073871968,0.9999878073871968,0.9999850994903764,0.9999850994903764,-0.0,0.0,,1000.0,False,False,False,,[]
1466,1466,1467,True,1.0,1.0,1466.0,1467.0,1466.0,1467.0,1467.0,0.0,0.0,0.0,83.40462000000002,0.5001066327095032,0.5001066327095032,0.0,1.0,0.49200688366447737,0.49200688366447737,0.9996445539398887,0.9996445775032043,0.9996445539398887,0.9999878073871968,0.9999878073871968,0.9999850994903764,0.9999850994903764,-0.0,0.0,,1000.0,False,False,False,,[]
1467,1467,1468,True,1.0,1.0,1467.0,1468.0,1467.0,1468.0,1468.0,0.0,0.0,0.0,83.40462000000002,0.5001066327095032,0.5001066327095032,0.0,1.0,0.49200688366447737,0.49200688366447737,0.9996445539398887,0.9996445775032043,0.9996445539398887,0.9999878073871968,0.9999878073871968,0.9999850994903764,0.9999850994903764,-0.0,0.0,,1000.0,False,False,False,,[]
1468,1468,1469,True,1.0,1.0,1468.0,1469.0,1468.0,1469.0,1469.0,0.0,0.0,0.0,83.40462000000002,0.5001066327095032,0.5001066327095032,0.0,1.0,0.49200688366447737,0.49200688366447737,0.9996445539398887,0.9996445775032043,0.9996445539398887,0.9999878073871968,0.9999878073871968,0.9999850994903764,0.9999850994903764,-0.0,0.0,,1000.0,False,False,False,,[]
1469,1469,1470,True,1.0,1.0,1469.0,1470.0,1469.0,1470.0,1470.0,0.0,0.0,0.0,83.40462000000002,0.5001066327095032,0.5001066327095032,0.0,1.0,0.49200688366447737,0.49200688366447737,0.9996445539398887,0.9996445775032043,0.9996445539398887,0.9999878073871968,0.9999878073871968,0.9999850994903764,0.9999850994903764,-0.0,0.0,,1000.0,False,False,False,,[]
1470,1470,1471,True,1.0,1.0,1470.0,1471.0,1470.0,1471.0,1471.0,0.0,0.0,0.0,83.40462000000002,0.5001066327095032,0.5001066327095032,0.0,1.0,0.49200688366447737,0.49200688366447737,0.9996445539398887,0.9996445775032043,0.9996445539398887,0.9999878073871968,0.9999878073871968,0.9999850994903764,0.9999850994903764,-0.0,0.0,,1000.0,False,False,False,,[]
1471,1471,1472,True,1.0,1.0,1471.0,1472.0,1471.0,1472.0,1472.0,0.0,0.0,0.0,83.40462000000002,0.5001066327095032,0.5001066327095032,0.0,1.0,0.49200688366447737,0.49200688366447737,0.9996445539398887,0.9996445775032043,0.9996445539398887,0.9999878073871968,0.9999878073871968,0.9999850994903764,0.9999850994903764,-0.0,0.0,,1000.0,False,False,False,,[]
1472,1472,1473,True,1.0,1.0,1472.0,1473.0,1472.0,1473.0,1473.0,0.0,0.0,0.0,83.40462000000002,0.5001066327095032,0.5001066327095032,0.0,1.0,0.49200688366447737,0.49200688366447737,0.9996445539398887,0.9996445775032043,0.9996445539398887,0.9999878073871968,0.9999878073871968,0.9999850994903764,0.9999850994903764,-0.0,0.0,,1000.0,False,False,False,,[]
1473,1473,1474,True,1.0,1.0,1473.0,1474.0,1473.0,1474.0,1474.0,0.0,0.0,0.0,83.40462000000002,0.5001066327095032,0.5001066327095032,0.0,1.0,0.49200688366447737,0.49200688366447737,0.9996445539398887,0.9996445775032043,0.9996445539398887,0.9999878073871968,0.9999878073871968,0.9999850994903764,0.9999850994903764,-0.0,0.0,,1000.0,False,False,False,,[]
1474,1474,1475,True,1.0,1.0,1474.0,1475.0,1474.0,1475.0,1475.0,0.0,0.0,0.0,83.40462000000002,0.5001066327095032,0.5001066327095032,0.0,1.0,0.49200688366447737,0.49200688366447737,0.9996445539398887,0.9996445775032043,0.9996445539398887,0.9999878073871968,0.9999878073871968,0.9999850994903764,0.9999850994903764,-0.0,0.0,,1000.0,False,False,False,,[]
1475,1475,1476,True,1.0,1.0,1475.0,1476.0,1475.0,1476.0,1476.0,0.0,0.0,0.0,83.40462000000002,0.5001066327095032,0.5001066327095032,0.0,1.0,0.49200688366447737,0.49200688366447737,0.9996445539398887,0.9996445775032043,0.9996445539398887,0.9999878073871968,0.9999878073871968,0.9999850994903764,0.9999850994903764,-0.0,0.0,,1000.0,False,False,False,,[]
1476,1476,1477,True,1.0,1.0,1476.0,1477.0,1476.0,1477.0,1477.0,0.0,0.0,0.0,83.40462000000002,0.5001066327095032,0.5001066327095032,0.0,1.0,0.49200688366447737,0.49200688366447737,0.9996445539398887,0.9996445775032043,0.9996445539398887,0.9999878073871968,0.9999878073871968,0.9999850994903764,0.9999850994903764,-0.0,0.0,,1000.0,False,False,False,,[]
1477,1477,1478,True,1.0,1.0,1477.0,1478.0,1477.0,1478.0,1478.0,0.0,0.0,0.0,83.40462000000002,0.5001066327095032,0.5001066327095032,0.0,1.0,0.49200688366447737,0.49200688366447737,0.9996445539398887,0.9996445775032043,0.9996445539398887,0.9999878073871968,0.9999878073871968,0.9999850994903764,0.9999850994903764,-0.0,0.0,,1000.0,False,False,False,,[]
1478,1478,1479,True,1.0,1.0,1478.0,1479.0,1478.0,1479.0,1479.0,0.0,0.0,2.2,421.1229533333334,0.5001066327095032,0.5001066327095032,0.0,1.0,0.49200688366447737,0.49199514782295634,0.9996445539398887,0.9996445775032043,0.999644531838698,0.9999878073871968,0.9999878058150659,0.9999850994903764,0.9999850976570057,-0.7763285548293393,-3.041930122255889,,982.9444760243999,False,False,False,,[]
1479,1479,1480,True,1.0,1.0,1479.0,1480.0,1479.0,1480.0,1480.0,0.0,2.2,4.4,421.1630976041667,0.5001066327095032,0.5001066327095032,0.0,1.0,0.49199514782295634,0.4919599343317657,0.999644531838698,0.9996445178985596,0.9996444639831835,0.9999878058150659,0.9999878010982234,0.9999850976570057,0.9999850921563694,-2.3292076790577343,-9.127336916606971,,950.3747372101876,False,False,False,,[]
1480,1480,1481,True,1.0,1.0,1480.0,1481.0,1480.0,1481.0,1481.0,0.0,4.4,6.3,375.2310304166666,0.500106692314148,0.500106692314148,0.0,1.0,0.4919599343317657,0.4919090688258785,0.9996444639831835,0.9996444582939148,0.9996443644542646,0.9999878010982234,0.9999877942852027,0.9999850921563694,0.9999850842112368,-3.3643137468228024,-13.184339125967515,,929.7339170684912,False,False,False,,[]
1481,1481,1482,True,1.0,1.0,1481.0,1482.0,1481.0,1482.0,1482.0,0.0,6.3,7.9,329.3471529427085,0.500106692314148,0.500106692314148,0.0,1.0,0.4919090688258785,0.4918498169564388,0.9996443644542646,0.9996443390846252,0.9996442475605998,0.9999877942852027,0.9999877863492432,0.9999850842112368,0.9999850749565679,-3.9188281982457345,-15.358084558767455,,919.0062646054043,False,False,False,,[]
1482,1482,1483,True,1.0,1.0,1482.0,1483.0,1482.0,1483.0,1483.0,0.0,7.9,9.2,283.4830987760415,0.5001067519187927,0.5001067519187927,0.0,1.0,0.4918498169564388,0.49179203209474043,0.9996442475605998,0.9996442198753357,0.9996441337245732,0.9999877863492432,0.9999877792716743,0.9999850749565679,0.9999850653638459,-3.821741939550974,-14.977836152226129,,920.9470514230615,False,False,False,,[]
1483,1483,1484,True,1.0,1.0,1483.0,1484.0,1483.0,1484.0,1484.0,0.0,9.2,10.4,268.31664708333346,0.5001067519187927,0.5001067519187927,0.0,1.0,0.49179203209474043,0.49173488854041825,0.9996441337245732,0.9996441602706909,0.999644021222523,0.9999877792716743,0.9999877740448981,0.9999850653638459,0.9999850549569247,-3.7792623534051137,-14.811609280307662,,922.4858594182094,False,False,False,,[]
1484,1484,1485,True,1.0,1.0,1484.0,1485.0,1484.0,1485.0,1485.0,0.0,10.4,11.5,253.1608949999999,0.5001068115234375,0.5001068115234375,0.0,1.0,0.49173488854041825,0.4916755858615199,0.999644021222523,0.9996440410614014,0.9996439042228046,0.9999877740448981,0.9999877690675553,0.9999850549569247,0.9999850439855951,-3.921959812634347,-15.371254370452812,,920.0044000315131,False,False,False,,[]
1485,1485,1486,True,1.0,1.0,1485.0,1486.0,1485.0,1486.0,1486.0,0.0,11.5,12.9,299.41320398437523,0.5001068115234375,0.5001068115234375,0.0,1.0,0.4916755858615199,0.4915998276083952,0.9996439042228046,0.9996439218521118,0.9996437523319206,0.9999877690675553,0.9999877640287932,0.9999850439855951,0.9999850295285578,-5.00988855844275,-19.63653920991386,,900.5413813908327,False,False,False,,[]
1486,1486,1487,True,1.0,1.0,1486.0,1487.0,1486.0,1487.0,1487.0,0.0,12.9,14.7,361.0998696093748,0.5001068711280823,0.5001068711280823,0.0,1.0,0.4915998276083952,0.4914966852910785,0.9996437523319206,0.9996437430381775,0.9996435399229117,0.9999877640287932,0.9999877573056262,0.9999850295285578,0.9999850098063793,-6.820031630041154,-26.734488648492796,,868.9391551998682,False,False,False,,[]
1487,1487,1488,True,1.0,1.0,1487.0,1488.0,1487.0,1488.0,1488.0,0.0,14.7,17.0,438.26609565104195,0.500106930732727,0.500106930732727,0.0,1.0,0.4914966852910785,0.49138088924097667,0.9996435399229117,0.9996435642242432,0.9996432984848083,0.9999877573056262,0.9999877524766068,0.9999850098063793,0.9999849919309816,-7.656139083452632,-30.014336186395997,,860.1083059503236,False,False,False,,[]
1488,1488,1489,True,1.0,1.0,1488.0,1489.0,1488.0,1489.0,1489.0,0.0,17.0,19.8,515.6249976041667,0.5001069903373718,0.5001069903373718,0.0,1.0,0.49138088924097667,0.49123463407461293,0.9996432984848083,0.9996433258056641,0.9996429874845171,0.9999877524766068,0.9999877400927544,0.9999849919309816,0.9999849817939805,-9.668686594917107,-37.90933912148192,,833.4194193873496,False,False,False,,[]
1489,1489,1490,True,1.0,1.0,1489.0,1490.0,1489.0,1490.0,1490.0,0.0,19.8,23.1,593.2338059375002,0.5001071095466614,0.5001071095466614,0.0,1.0,0.49123463407461293,0.49104995903342274,0.9996429874845171,0.9996429681777954,0.9996426011101042,0.9999877400927544,0.9999877312793307,0.9999849817939805,0.9999849696844756,-12.206422105648503,-47.86777067649947,,803.7064297355224,False,False,False,,[]
1490,1490,1491,True,1.0,1.0,1490.0,1491.0,1490.0,1491.0,1491.0,0.0,23.1,26.7,640.4605258593745,0.5001072287559509,0.5001072287559509,0.0,1.0,0.49104995903342274,0.49081317947517494,0.9996426011101042,0.9996426105499268,0.9996421177881396,0.9999877312793307,0.999987719830959,0.9999849696844756,0.9999849500127361,-15.646700727099672,-61.373261497830036,,759.7445601635208,False,False,False,,[]
1491,1491,1492,True,1.0,1.0,1491.0,1492.0,1491.0,1492.0,1492.0,0.0,26.7,30.5,672.6491894010416,0.5001073479652405,0.5001073479652405,0.0,1.0,0.49081317947517494,0.4905281288321525,0.9996421177881396,0.9996421337127686,0.999641550733608,0.999987719830959,0.9999877051370489,0.9999849500127361,0.9999849278113866,-18.831935948337676,-73.88512667140668,,725.3465466746542,False,False,False,,[]
1492,1492,1493,True,1.0,1.0,1492.0,1493.0,1492.0,1493.0,1493.0,0.0,30.5,34.1,643.7503654427094,0.5001075267791748,0.5001075267791748,0.0,1.0,0.4905281288321525,0.4902199130511965,0.999641550733608,0.9996415376663208,0.9996409457775425,0.9999877051370489,0.9999876884586526,0.9999849278113866,0.9999849046301698,-20.358617407033694,-79.88953042379602,,709.9393637365862,False,False,False,,[]
1493,1493,1494,True,1.0,1.0,1493.0,1494.0,1493.0,1494.0,1494.0,0.0,34.1,37.5,614.9776144010408,0.5001077055931091,0.5001077055931091,0.0,1.0,0.4902199130511965,0.4898998757422246,0.9996409457775425,0.999640941619873,0.9996403220844603,0.9999876884586526,0.999987670279699,0.9999849046301698,0.9999848868476214,-21.136194966568855,-82.95367048551653,,705.0355874118865,False,False,False,,[]
1494,1494,1495,True,1.0,1.0,1494.0,1495.0,1494.0,1495.0,1495.0,0.0,37.5,40.6,570.9442716927092,0.5001078844070435,0.5001078844070435,0.0,1.0,0.4898998757422246,0.48957607413538595,0.9996403220844603,0.9996403455734253,0.99963969251306,0.999987670279699,0.9999876521501576,0.9999848868476214,0.9999848688395889,-21.38198791911352,-83.92937649257841,,702.7918938135981,False,False,False,,[]
1495,1495,1496,True,1.0,1.0,1495.0,1496.0,1495.0,1496.0,1496.0,0.0,40.6,43.3,511.5490642708324,0.5001081228256226,0.5001081228256226,0.0,1.0,0.48957607413538595,0.4892644576156627,0.99963969251306,0.9996396899223328,0.9996390821242207,0.9999876521501576,0.9999876347587459,0.9999848688395889,0.9999848515067157,-20.575714653774217,-80.77100191226897,,710.5403098138457,False,False,False,,[]
1496,1496,1497,True,1.0,1.0,1496.0,1497.0,1496.0,1497.0,1497.0,0.0,43.3,45.7,467.37546544270907,0.5001082420349121,0.5001082420349121,0.0,1.0,0.4892644576156627,0.48896258770729695,0.9996390821242207,0.999639093875885,0.9996384873968144,0.9999876347587459,0.9999876180434968,0.9999848515067157,0.9999848347079598,-19.93058392043582,-78.2446802483926,,716.9195466804357,False,False,False,,[]
1497,1497,1498,True,1.0,1.0,1497.0,1498.0,1497.0,1498.0,1498.0,0.0,45.7,47.7,407.74378835937495,0.5001084804534912,0.5001084804534912,0.0,1.0,0.48896258770729695,0.48868423662180316,0.9996384873968144,0.9996384978294373,0.9996379315879093,0.9999876180434968,0.9999876023565463,0.9999848347079598,0.9999848178195978,-18.377264745895793,-72.1486013599949,,731.7926573596486,False,False,False,,[]
1498,1498,1499,True,1.0,1.0,1498.0,1499.0,1498.0,1499.0,1499.0,0.0,47.7,49.3,347.88982481770756,0.5001085996627808,0.5001085996627808,0.0,1.0,0.48868423662180316,0.4884390452054403,0.9996379315879093,0.9996379613876343,0.9996374332333657,0.9999876023565463,0.9999875892973892,0.9999848178195978,0.9999848032969514,-16.188249756305577,-63.5536151212492,,756.0815375626004,False,False,False,,[]
1499,1499,1500,True,1.0,1.0,1499.0,1500.0,1499.0,1500.0,1500.0,0.0,49.3,50.5,287.7737623177087,0.5001087784767151,0.5001087784767151,0.0,1.0,0.4884390452054403,0.488225374974133,0.9996374332333657,0.9996374249458313,0.9996369921158382,0.9999875892973892,0.9999875791592135,0.9999848032969514,0.9999847851578488,-14.107515065597738,-55.38332395485301,,777.5691442519654,False,False,False,,[]
1500,1500,1501,True,1.0,1.0,1500.0,1501.0,1500.0,1501.0,1501.0,0.0,50.5,51.3,227.3637508593746,0.5001088976860046,0.5001088976860046,0.0,1.0,0.488225374974133,0.4880478366342294,0.9996369921158382,0.9996370077133179,0.9996366195059121,0.9999875791592135,0.999987568001382,0.9999847851578488,0.9999847690257886,-11.72259499946171,-46.01793770301437,,805.0951416611447,False,False,False,,[]
1501,1501,1502,True,1.0,1.0,1501.0,1502.0,1501.0,1502.0,1502.0,0.0,51.3,52.1,228.0392362760422,0.5001090168952942,0.5001090168952942,0.0,1.0,0.4880478366342294,0.4878717047683546,0.9996366195059121,0.9996365904808044,0.9996362496217258,0.999987568001382,0.999987556673521,0.9999847690257886,0.9999847568136376,-11.629330213266094,-45.65337963474613,,808.6295022786084,False,False,False,,[]
1502,1502,1503,True,1.0,1.0,1502.0,1503.0,1502.0,1503.0,1503.0,0.0,52.1,52.7,198.02367169270906,0.5001091361045837,0.5001091361045837,0.0,1.0,0.4878717047683546,0.4877138726476608,0.9996362496217258,0.9996362328529358,0.9996359155856884,0.999987556673521,0.9999875452279235,0.9999847568136376,0.9999847452110502,-10.421282593367739,-40.910085683841835,,823.5306358761402,False,False,False,,[]
1503,1503,1504,True,1.0,1.0,1503.0,1504.0,1503.0,1504.0,1504.0,0.0,52.7,53.4,213.89604877604083,0.5001091957092285,0.5001091957092285,0.0,1.0,0.4877138726476608,0.4875394274483364,0.9996359155856884,0.9996359348297119,0.9996355489758839,0.9999875452279235,0.9999875335390616,0.9999847452110502,0.999984729912255,-11.517280600476708,-45.21619566488763,,807.6932217241156,False,False,False,,[]
1504,1504,1505,True,1.0,1.0,1504.0,1505.0,1504.0,1505.0,1505.0,0.0,53.4,54.0,199.1612309375007,0.5001093149185181,0.5001093149185181,0.0,1.0,0.4875394274483364,0.4873739010111856,0.9996355489758839,0.9996355772018433,0.999635199781336,0.9999875335390616,0.999987521941273,0.999984729912255,0.9999847151900451,-10.928373197438269,-42.90445250948812,,815.1514546236757,False,False,False,,[]
1505,1505,1506,True,1.0,1.0,1505.0,1506.0,1505.0,1506.0,1506.0,0.0,54.0,54.5,184.34488041666694,0.5001094341278076,0.5001094341278076,0.0,1.0,0.4873739010111856,0.4872183946146924,0.999635199781336,0.9996352195739746,0.9996348703512216,0.999987521941273,0.9999875105574967,0.9999847151900451,0.9999847014144472,-10.266850974319258,-40.30725797104281,,823.9887636605224,False,False,False,,[]
1506,1506,1507,True,1.0,1.0,1506.0,1507.0,1506.0,1507.0,1507.0,0.0,54.5,55.0,184.79484460937425,0.5001095533370972,0.5001095533370972,0.0,1.0,0.4872183946146924,0.48706221912985725,0.9996348703512216,0.999634861946106,0.9996345395948947,0.9999875105574967,0.9999874991096601,0.9999847014144472,0.9999846883998893,-10.310752036531479,-40.48068566927184,,823.9176627270695,False,False,False,,[]
1507,1507,1508,True,1.0,1.0,1507.0,1508.0,1507.0,1508.0,1508.0,0.0,55.0,55.6,200.59978927083404,0.5001096129417419,0.5001096129417419,0.0,1.0,0.48706221912985725,0.4868908035625554,0.9996345395948947,0.9996345639228821,0.9996341788819498,0.9999874991096601,0.9999874873359978,0.9999846883998893,0.9999846730913806,-11.316090195112368,-44.430915044640166,,809.9992576220455,False,False,False,,[]
1508,1508,1509,True,1.0,1.0,1508.0,1509.0,1508.0,1509.0,1509.0,0.0,55.6,56.3,216.50103041666583,0.5001097321510315,0.5001097321510315,0.0,1.0,0.4868908035625554,0.48670559409796743,0.9996341788819498,0.9996342062950134,0.9996337914813012,0.9999874873359978,0.9999874753422714,0.9999846730913806,0.9999846571294362,-12.22579973907143,-48.00629322119679,,798.7825274029501,False,False,False,,[]
1509,1509,1510,True,1.0,1.0,1509.0,1510.0,1509.0,1510.0,1510.0,0.0,56.3,57.2,247.85238731770934,0.500109851360321,0.500109851360321,0.0,1.0,0.48670559409796743,0.48649400633675516,0.9996337914813012,0.9996337890625,0.9996333542305083,0.9999874753422714,0.9999874633171166,0.9999846571294362,0.9999846395944507,-13.965388770484,-54.843547706224726,,778.2870486029598,False,False,False,,[]
1510,1510,1511,True,1.0,1.0,1510.0,1511.0,1510.0,1511.0,1511.0,0.0,57.2,58.5,310.1029804166665,0.5001099705696106,0.5001099705696106,0.0,1.0,0.48649400633675516,0.48623241209547785,0.9996333542305083,0.9996333718299866,0.9996328270889069,0.9999874633171166,0.9999874499320515,0.9999846395944507,0.9999846228159605,-17.26243100422286,-67.8052273390781,,743.7864322185732,False,False,False,,[]
1511,1511,1512,True,1.0,1.0,1511.0,1512.0,1511.0,1512.0,1512.0,0.0,58.5,60.2,372.75385502604126,0.5001101493835449,0.5001101493835449,0.0,1.0,0.48623241209547785,0.48590746574797916,0.9996328270889069,0.9996328353881836,0.9996321957384112,0.9999874499320515,0.9999874321708929,0.9999846228159605,0.9999846013735476,-21.437258912543285,-84.2260932716633,,700.630933627198,False,False,False,,[]
1512,1512,1513,True,1.0,1.0,1512.0,1513.0,1512.0,1513.0,1513.0,0.0,60.2,62.3,435.8308892708327,0.5001103281974792,0.5001103281974792,0.0,1.0,0.48590746574797916,0.4855227819951823,0.9996321957384112,0.9996321797370911,0.9996314773017727,0.9999874321708929,0.999987413656024,0.9999846013735476,0.9999845795359958,-25.3710636607625,-99.71002872495019,,668.0562961860738,False,False,False,,[]
1513,1513,1514,True,1.0,1.0,1513.0,1514.0,1513.0,1514.0,1514.0,0.0,62.3,64.7,484.01709044270905,0.5001105666160583,0.5001105666160583,0.0,1.0,0.4855227819951823,0.48508820670381503,0.9996314773017727,0.9996314644813538,0.999630695386508,0.999987413656024,0.9999873952523272,0.9999845795359958,0.999984559688902,-28.653657296983635,-112.64191552238994,,644.7380058915952,False,False,False,,[]
1514,1514,1515,True,1.0,1.0,1514.0,1515.0,1514.0,1515.0,1515.0,0.0,64.7,67.1,486.54518419270704,0.5001108050346375,0.5001108050346375,0.0,1.0,0.48508820670381503,0.48463952282384287,0.999630695386508,0.9996306896209717,0.9996298971572322,0.9999873952523272,0.9999873787919353,0.999984559688902,0.9999845408161304,-29.57851992919955,-116.29886168878461,,639.4516181824997,False,False,False,,[]
1515,1515,1516,True,1.0,1.0,1515.0,1516.0,1515.0,1516.0,1516.0,0.0,67.1,69.2,443.1163279427097,0.5001110434532166,0.5001110434532166,0.0,1.0,0.48463952282384287,0.48421598893986123,0.9996298971572322,0.9996299147605896,0.9996291285231063,0.9999873787919353,0.9999873631238798,0.9999845408161304,0.9999845222497059,-27.918864949439055,-109.77998272804349,,651.6221123839755,False,False,False,,[]
1516,1516,1517,True,1.0,1.0,1516.0,1517.0,1516.0,1517.0,1517.0,0.0,69.2,70.7,353.385397083334,0.5001112818717957,0.5001112818717957,0.0,1.0,0.48421598893986123,0.48386156314973416,0.9996291285231063,0.9996291399002075,0.9996284527584318,0.9999873631238798,0.9999873466751544,0.9999845222497059,0.9999845031859349,-23.365513303713282,-91.86716480093358,,686.0994012469906,False,False,False,,[]
1517,1517,1518,True,1.0,1.0,1517.0,1518.0,1517.0,1518.0,1518.0,0.0,70.7,71.9,309.0734498177097,0.50011146068573,0.50011146068573,0.0,1.0,0.48386156314973416,0.48354009022296124,0.9996284527584318,0.9996284246444702,0.9996278268184302,0.9999873466751544,0.9999873288292265,0.9999845031859349,0.9999844843967165,-21.193371497236537,-83.32578261954936,,703.8773426161737,False,False,False,,[]
1518,1518,1519,True,1.0,1.0,1518.0,1519.0,1518.0,1519.0,1519.0,0.0,71.9,72.7,249.08943210937463,0.5001116394996643,0.5001116394996643,0.0,1.0,0.48354009022296124,0.48327680126963457,0.9996278268184302,0.9996278285980225,0.9996272967430407,0.9999873288292265,0.9999873153800286,0.9999844843967165,0.9999844671258191,-17.35945003708069,-68.24449670227017,,742.381355408337,False,False,False,,[]
1519,1519,1520,True,1.0,1.0,1519.0,1520.0,1519.0,1520.0,1520.0,0.0,72.7,73.4,234.69808002604083,0.5001118183135986,0.5001118183135986,0.0,1.0,0.48327680126963457,0.48302504130611346,0.9996272967430407,0.9996272921562195,0.9996267867762231,0.9999873153800286,0.9999873012579334,0.9999844671258191,0.9999844511338661,-16.59914766012089,-65.25618254466926,,750.2603252724454,False,False,False,,[]
1520,1520,1521,True,1.0,1.0,1520.0,1521.0,1520.0,1521.0,1521.0,0.0,73.4,73.8,189.49383510416646,0.5001119375228882,0.5001119375228882,0.0,1.0,0.48302504130611346,0.4828171033418533,0.9996267867762231,0.9996268153190613,0.9996263563271188,0.9999873012579334,0.9999872864010276,0.9999844511338661,0.9999844391803275,-13.711209192554236,-53.89752033623506,,782.5991770721259,False,False,False,,[]
1521,1521,1522,True,1.0,1.0,1521.0,1522.0,1521.0,1522.0,1522.0,0.0,73.8,74.1,174.6313684374994,0.5001121163368225,0.5001121163368225,0.0,1.0,0.4828171033418533,0.48262351619741967,0.9996263563271188,0.9996263384819031,0.9996259529222431,0.9999872864010276,0.9999872716186331,0.9999844391803275,0.9999844284186807,-12.765265383592126,-50.17778783719182,,793.983716484687,False,False,False,,[]
1522,1522,1523,True,1.0,1.0,1522.0,1523.0,1522.0,1523.0,1523.0,0.0,74.1,74.0,113.59605190104124,0.5001121759414673,0.5001121759414673,0.0,1.0,0.48262351619741967,0.48248992769430155,0.9996259529222431,0.9996259808540344,0.999625669495789,0.9999872716186331,0.9999872592462639,0.9999844284186807,0.9999844179925366,-8.810476154302643,-34.62614000821051,,844.0744180955409,False,False,False,,[]
1523,1523,1524,True,1.0,1.0,1523.0,1524.0,1523.0,1524.0,1524.0,0.0,74.0,73.6,67.42071375000023,0.5001122951507568,0.5001122951507568,0.0,1.0,0.48248992769430155,0.48240770926445903,0.999625669495789,0.9996256828308105,0.9996255036075554,0.9999872592462639,0.9999872515738653,0.9999844179925366,0.9999844095936484,-5.423458994436435,-21.31101701518072,,896.9586947532661,False,False,False,,[]
1524,1524,1525,True,1.0,1.0,1524.0,1525.0,1524.0,1525.0,1525.0,0.0,73.6,72.5,-40.52481333333223,0.5001123547554016,0.5001123547554016,0.0,1.0,0.48240770926445903,0.48243949889053966,0.9996255036075554,0.9996255040168762,0.9996254425545803,0.9999872515738653,0.9999872495234715,0.9999844095936484,0.9999844038115825,2.097805016543365,8.239871080105889,,1018.176350717679,False,False,False,,[]
1525,1525,1526,True,1.0,1.0,1525.0,1526.0,1525.0,1526.0,1526.0,0.0,72.5,70.8,-133.9627855989598,0.5001123547554016,0.5001123547554016,0.0,1.0,0.48243949889053966,0.4825429946769178,0.9996254425545803,0.9996254444122314,0.9996252293439322,0.9999872495234715,0.9999872364503767,0.9999844038115825,0.99998439312978,6.831947131785156,26.826107829214887,,1062.044450170304,False,False,False,,[]
1526,1526,1527,True,1.0,1.0,1526.0,1527.0,1526.0,1527.0,1527.0,0.0,70.8,68.6,-212.73751958333318,0.5001124143600464,0.5001124143600464,0.0,1.0,0.4825429946769178,0.48271149058902485,0.9996252293439322,0.9996252059936523,0.9996248743323006,0.9999872364503767,0.9999872224966478,0.99998439312978,0.9999843801658662,11.126428711825612,43.67414041814571,,1118.6647159711345,False,False,False,,[]
1527,1527,1528,True,1.0,1.0,1527.0,1528.0,1527.0,1528.0,1528.0,0.0,68.6,66.2,-245.9828732291654,0.5001125335693359,0.5001125335693359,0.0,1.0,0.48271149058902485,0.48290208113253297,0.9996248743323006,0.9996248483657837,0.9996244766339023,0.9999872224966478,0.9999872098401019,0.9999843801658662,0.9999843650234047,12.588200430745117,49.40106887730625,,1140.2790647382942,False,False,False,,[]
1528,1528,1529,True,1.0,1.0,1528.0,1529.0,1528.0,1529.0,1529.0,0.0,66.2,64.0,-217.9645690624998,0.5001126527786255,0.5001126527786255,0.0,1.0,0.48290208113253297,0.4830632993761548,0.9996244766339023,0.999624490737915,0.9996241359117666,0.9999872098401019,0.9999871968833995,0.9999843650234047,0.9999843521820367,10.64887638689557,41.78776874677822,,1112.7777550795302,False,False,False,,[]
1529,1529,1530,True,1.0,1.0,1529.0,1530.0,1529.0,1530.0,1530.0,0.0,64.0,62.2,-158.93704666666667,0.500112771987915,0.500112771987915,0.0,1.0,0.4830632993761548,0.483168865321531,0.9996241359117666,0.9996241331100464,0.9996239179955336,0.9999871968833995,0.9999871845623864,0.9999843521820367,0.9999843363267671,6.972639101932666,27.36269304152885,,1058.8711604226721,False,False,False,,[]
1530,1530,1531,True,1.0,1.0,1530.0,1531.0,1530.0,1531.0,1531.0,0.0,62.2,60.9,-84.06700656250173,0.5001128315925598,0.5001128315925598,0.0,1.0,0.483168865321531,0.48322017855345595,0.9996239179955336,0.9996238946914673,0.9996238175465592,0.9999871845623864,0.9999871761353063,0.9999843363267671,0.9999843266214469,3.3890364986642307,13.300389714940351,,1023.6838828726076,False,False,False,,[]
1531,1531,1532,True,1.0,1.0,1531.0,1532.0,1531.0,1532.0,1532.0,0.0,60.9,60.2,6.710661276042545,0.5001128315925598,0.5001128315925598,0.0,1.0,0.48322017855345595,0.4832135008521809,0.9996238175465592,0.9996238350868225,0.9996238050330406,0.9999871761353063,0.9999871758538728,0.9999843266214469,0.9999843256368739,-0.44099208089419084,-1.7308601704899635,,990.8887191188554,False,False,False,,[]
1532,1532,1533,True,1.0,1.0,1532.0,1533.0,1532.0,1533.0,1533.0,0.0,60.2,60.0,82.76172260416777,0.5001128911972046,0.5001128911972046,0.0,1.0,0.4832135008521809,0.48312810785048793,0.9996238050330406,0.9996237754821777,0.9996236322037209,0.9999871758538728,0.9999871677183861,0.9999843256368739,0.999984315369143,-5.63817419085658,-22.13386603881968,,891.9976782672279,False,False,False,,[]
1533,1533,1534,True,1.0,1.0,1533.0,1534.0,1533.0,1534.0,1534.0,0.0,60.0,60.4,174.66732833333313,0.5001128911972046,0.5001128911972046,0.0,1.0,0.48312810785048793,0.4829625893246823,0.9996236322037209,0.9996236562728882,0.9996232830246957,0.9999871677183861,0.9999871556841167,0.999984315369143,0.9999842992917739,-10.925906110025295,-42.9024018888233,,813.9689662528068,False,False,False,,[]
1534,1534,1535,True,1.0,1.0,1534.0,1535.0,1534.0,1535.0,1535.0,0.0,60.4,61.4,267.1717804166652,0.5001130104064941,0.5001130104064941,0.0,1.0,0.4829625893246823,0.48272557941165584,0.9996232830246957,0.9996232986450195,0.999622799288682,0.9999871556841167,0.9999871437714304,0.9999842992917739,0.9999842840444155,-15.6411309527982,-61.43296945645437,,761.8794767629306,False,False,False,,[]
1535,1535,1536,True,1.0,1.0,1535.0,1536.0,1535.0,1536.0,1536.0,0.0,61.4,63.2,390.9886892708354,0.5001131296157837,0.5001131296157837,0.0,1.0,0.48272557941165584,0.4823724358763874,0.999622799288682,0.9996228218078613,0.9996221253986953,0.9999871437714304,0.9999871252898768,0.9999842840444155,0.999984263778572,-23.295330212170217,-91.53480434157528,,685.2694802933689,False,False,False,,[]
1536,1536,1537,True,1.0,1.0,1536.0,1537.0,1536.0,1537.0,1537.0,0.0,63.2,65.6,484.95392833333204,0.5001133680343628,0.5001133680343628,0.0,1.0,0.4823724358763874,0.4819338577631568,0.9996221253986953,0.999622106552124,0.9996213387794761,0.9999871252898768,0.9999871087959428,0.999984263778572,0.9999842441643044,-28.920158520485476,-113.67944694937695,,643.7706474178383,False,False,False,,[]
1537,1537,1538,True,1.0,1.0,1537.0,1538.0,1537.0,1538.0,1538.0,0.0,65.6,68.4,548.9211866666672,0.5001136064529419,0.5001136064529419,0.0,1.0,0.4819338577631568,0.48142170305982435,0.9996213387794761,0.9996213316917419,0.9996204766767871,0.9999871087959428,0.9999870915375179,0.9999842441643044,0.9999842233707193,-33.759174889719,-132.75049910376424,,611.0911893878032,False,False,False,,[]
1538,1538,1539,True,1.0,1.0,1538.0,1539.0,1538.0,1539.0,1539.0,0.0,68.4,71.6,613.436530416665,0.500113844871521,0.500113844871521,0.0,1.0,0.48142170305982435,0.4808234416464409,0.9996204766767871,0.9996204972267151,0.9996194844349429,0.9999870915375179,0.9999870733501478,0.9999842233707193,0.9999841968249372,-39.41746220216879,-155.0693583489799,,573.9807357747485,False,False,False,,[]
1539,1539,1540,True,1.0,1.0,1539.0,1540.0,1539.0,1540.0,1540.0,0.0,71.6,74.9,632.5031970833361,0.5001141428947449,0.5001141428947449,0.0,1.0,0.4808234416464409,0.48017639402415035,0.9996194844349429,0.9996194839477539,0.9996183770213317,0.9999870733501478,0.9999870536382257,0.9999841968249372,0.9999841668880658,-42.61645320002144,-167.71474369772108,,553.2693920455484,False,False,False,,[]
1540,1540,1541,True,1.0,1.0,1540.0,1541.0,1540.0,1541.0,1541.0,0.0,74.9,78.4,667.2147289843746,0.5001145005226135,0.5001145005226135,0.0,1.0,0.48017639402415035,0.47946311267931624,0.9996183770213317,0.9996183514595032,0.99961710334396,0.9999870536382257,0.9999870309274203,0.9999841668880658,0.9999841362622773,-46.95849109832073,-184.8825245810032,,527.9870976391555,False,False,False,,[]
1541,1541,1542,True,1.0,1.0,1541.0,1542.0,1541.0,1542.0,1542.0,0.0,78.4,81.8,656.3141866666658,0.5001148581504822,0.5001148581504822,0.0,1.0,0.47946311267931624,0.4787292063008756,0.99961710334396,0.9996170997619629,0.9996157754843777,0.9999870309274203,0.9999870071324372,0.9999841362622773,0.9999841047946836,-48.30125030211001,-190.22853329180444,,520.3035685003715,False,False,False,,[]
1542,1542,1543,True,1.0,1.0,1542.0,1543.0,1542.0,1543.0,1543.0,0.0,81.8,84.9,614.7794101041685,0.5001152753829956,0.5001152753829956,0.0,1.0,0.4787292063008756,0.4780132855076817,0.9996157754843777,0.9996157884597778,0.9996144949380341,0.9999870071324372,0.9999869832346969,0.9999841047946836,0.9999840744740325,-47.10846377513498,-185.56666959587497,,526.8165927256529,False,False,False,,[]
1543,1543,1544,True,1.0,1.0,1543.0,1544.0,1543.0,1544.0,1544.0,0.0,84.9,87.4,526.9606404427075,0.5001156330108643,0.5001156330108643,0.0,1.0,0.4780132855076817,0.477378376035957,0.9996144949380341,0.9996144771575928,0.9996134167464712,0.9999869832346969,0.9999869611569698,0.9999840744740325,0.9999840479595938,-41.77870624500294,-164.56853507103764,,558.2473019281516,False,False,False,,[]
1544,1544,1545,True,1.0,1.0,1544.0,1545.0,1544.0,1545.0,1545.0,0.0,87.4,89.0,392.37589760416586,0.5001159906387329,0.5001159906387329,0.0,1.0,0.477378376035957,0.47689258416008556,0.9996134167464712,0.9996134042739868,0.999612579236433,0.9999869611569698,0.9999869421886562,0.9999840479595938,0.9999840281961316,-31.97530570588957,-125.91725422588011,,621.784342987206,False,False,False,,[]
1545,1545,1546,True,1.0,1.0,1545.0,1546.0,1545.0,1546.0,1546.0,0.0,89.0,90.0,302.6118726041671,0.500116229057312,0.500116229057312,0.0,1.0,0.47689258416008556,0.4765052377674597,0.999612579236433,0.99961256980896,0.9996118571915436,0.9999869421886562,0.9999869209140188,0.9999840281961316,0.9999840128834485,-25.500391930550425,-100.40018496862643,,668.3874514655763,False,False,False,,[]
1546,1546,1547,True,1.0,1.0,1546.0,1547.0,1546.0,1547.0,1547.0,0.0,90.0,90.6,242.6932137499987,0.5001164674758911,0.5001164674758911,0.0,1.0,0.4765052377674597,0.4761892619152344,0.9996118571915436,0.9996118545532227,0.9996112398887755,0.9999869209140188,0.9999869037988635,0.9999840128834485,0.9999839976204957,-20.804987686398388,-81.9009408967799,,709.1774900267109,False,False,False,,[]
1547,1547,1548,True,1.0,1.0,1547.0,1548.0,1547.0,1548.0,1548.0,0.0,90.6,91.0,212.8903142708351,0.5001166462898254,0.5001166462898254,0.0,1.0,0.4761892619152344,0.4759045465697409,0.9996112398887755,0.9996112585067749,0.9996106733940813,0.9999869037988635,0.999986885623738,0.9999839976204957,0.9999839818461719,-18.74779966687724,-73.79821755191624,,727.1065428832305,False,False,False,,[]
1548,1548,1549,True,1.0,1.0,1548.0,1549.0,1548.0,1549.0,1549.0,0.0,91.0,91.5,228.84364343749832,0.5001168251037598,0.5001168251037598,0.0,1.0,0.4759045465697409,0.475600691243778,0.9996106733940813,0.9996106624603271,0.9996100754537959,0.999986885623738,0.9999868677700314,0.9999839818461719,0.9999839663666404,-20.0064221300074,-78.7593004895829,,715.8285331005097,False,False,False,,[]
1549,1549,1550,True,1.0,1.0,1549.0,1550.0,1549.0,1550.0,1550.0,0.0,91.5,92.0,229.60049565104194,0.5001170039176941,0.5001170039176941,0.0,1.0,0.475600691243778,0.47529458463669194,0.9996100754537959,0.9996100664138794,0.9996094738843324,0.9999868677700314,0.9999868498443288,0.9999839663666404,0.9999839510927807,-20.153855324420995,-79.34283255671686,,714.5597399050694,False,False,False,,[]
1550,1550,1551,True,1.0,1.0,1550.0,1551.0,1550.0,1551.0,1551.0,0.0,92.0,92.7,261.0631616666678,0.5001171827316284,0.5001171827316284,0.0,1.0,0.47529458463669194,0.4749521722806302,0.9996094738843324,0.9996094703674316,0.999608815889708,0.9999868498443288,0.9999868330414241,0.9999839510927807,0.9999839373569567,-22.540878083968725,-88.75328269120763,,695.0475201513798,False,False,False,,[]
1551,1551,1552,True,1.0,1.0,1551.0,1552.0,1551.0,1552.0,1552.0,0.0,92.7,93.4,262.1355279427095,0.5001173615455627,0.5001173615455627,0.0,1.0,0.4749521722806302,0.4746057536227077,0.999608815889708,0.9996088147163391,0.999608151917962,0.9999868330414241,0.9999868159800976,0.9999839373569567,0.9999839235663435,-22.803225049724006,-89.79171613351728,,692.6801437751923,False,False,False,,[]
1552,1552,1553,True,1.0,1.0,1552.0,1553.0,1552.0,1553.0,1553.0,0.0,93.4,94.2,278.5668559374996,0.5001175403594971,0.5001175403594971,0.0,1.0,0.4746057536227077,0.4742341384722151,0.999608151917962,0.9996081590652466,0.9996074515388992,0.9999868159800976,0.9999867973014801,0.9999839235663435,0.9999839087931821,-24.458657900102445,-96.3226470076686,,677.9179186532491,False,False,False,,[]
1553,1553,1554,True,1.0,1.0,1553.0,1554.0,1553.0,1554.0,1554.0,0.0,94.2,94.9,264.4608267708325,0.5001177787780762,0.5001177787780762,0.0,1.0,0.4742341384722151,0.4738788059491312,0.9996074515388992,0.9996074438095093,0.999606774451758,0.9999867973014801,0.9999867796745948,0.9999839087931821,0.9999838946559679,-23.386810006457594,-92.10218998336381,,687.3771870376419,False,False,False,,[]
1554,1554,1555,True,1.0,1.0,1554.0,1555.0,1554.0,1555.0,1555.0,0.0,94.9,95.7,280.9095727343746,0.5001179575920105,0.5001179575920105,0.0,1.0,0.4738788059491312,0.47349711699461566,0.999606774451758,0.9996067881584167,0.999606060102322,0.9999867796745948,0.9999867597674542,0.9999838946559679,0.9999838795203472,-25.118150550433562,-98.93377701042215,,671.967748793419,False,False,False,,[]
1555,1555,1556,True,1.0,1.0,1555.0,1556.0,1555.0,1556.0,1556.0,0.0,95.7,96.6,297.525116484375,0.5001181960105896,0.5001181960105896,0.0,1.0,0.47349711699461566,0.47308786146513576,0.999606060102322,0.9996060729026794,0.9996053092980935,0.9999867597674542,0.9999867373771243,0.9999838795203472,0.9999838633464934,-26.928265332458214,-106.07903324119016,,656.6418744873856,False,False,False,,[]
1556,1556,1557,True,1.0,1.0,1556.0,1557.0,1556.0,1557.0,1557.0,0.0,96.6,97.7,329.6622726041675,0.5001184344291687,0.5001184344291687,0.0,1.0,0.47308786146513576,0.47263058050123824,0.9996053092980935,0.9996052980422974,0.9996045014952615,0.9999867373771243,0.9999867124934659,0.9999838633464934,0.9999838460818855,-30.08152368949217,-118.52722584223791,,632.8274773527605,False,False,False,,[]
1557,1557,1558,True,1.0,1.0,1557.0,1558.0,1557.0,1558.0,1558.0,0.0,97.7,98.9,346.7858404427078,0.500118613243103,0.500118613243103,0.0,1.0,0.47263058050123824,0.4721488211033988,0.9996045014952615,0.9996045231819153,0.9996036679933619,0.9999867124934659,0.99998668990055,0.9999838460818855,0.9999838282487539,-31.686446520197205,-124.87203591997935,,622.8450978839364,False,False,False,,[]
1558,1558,1559,True,1.0,1.0,1558.0,1559.0,1558.0,1559.0,1559.0,0.0,98.9,100.4,394.79512481770905,0.5001189112663269,0.5001189112663269,0.0,1.0,0.4721488211033988,0.47159953725379217,0.9996036679933619,0.9996036887168884,0.999602776134326,0.99998668990055,0.999986668329282,0.9999838282487539,0.9999838096404582,-36.116345751800864,-142.3743738180402,,595.7170386642626,False,False,False,,[]
1559,1559,1560,True,1.0,1.0,1559.0,1560.0,1559.0,1560.0,1560.0,0.0,100.4,102.0,412.6255304166659,0.500119149684906,0.500119149684906,0.0,1.0,0.47159953725379217,0.4710177158286643,0.999602776134326,0.9996027946472168,0.9996018213544998,0.999986668329282,0.9999866458369167,0.9999838096404582,0.9999837908704663,-38.246904644607,-150.80811339313615,,581.8819086968424,False,False,False,,[]
1560,1560,1561,True,1.0,1.0,1560.0,1561.0,1560.0,1561.0,1561.0,0.0,102.0,103.6,415.3115470833325,0.5001194477081299,0.5001194477081299,0.0,1.0,0.4710177158286643,0.4704230903551024,0.9996018213544998,0.9996018409729004,0.9996008374556941,0.9999866458369167,0.99998662287765,0.9999837908704663,0.999983772021008,-39.081559866871174,-154.12692274725168,,576.4273231318946,False,False,False,,[]
1561,1561,1562,True,1.0,1.0,1561.0,1562.0,1561.0,1562.0,1562.0,0.0,103.6,105.2,418.0400304166678,0.5001197457313538,0.5001197457313538,0.0,1.0,0.4704230903551024,0.46981574748481714,0.9996008374556941,0.9996008276939392,0.9995998242312536,0.99998662287765,0.9999865993715229,0.999983772021008,0.9999837534817925,-39.91014099209409,-157.423271977935,,571.1966143641159,False,False,False,,[]
1562,1562,1563,True,1.0,1.0,1562.0,1563.0,1562.0,1563.0,1563.0,0.0,105.2,106.8,420.81098041666587,0.5001200437545776,0.5001200437545776,0.0,1.0,0.46981574748481714,0.4691950458268428,0.9995998242312536,0.999599814414978,0.9995987797645762,0.9999865993715229,0.9999865751766376,0.9999837534817925,0.999983734913567,-40.78038871464325,-160.88586974695596,,565.6391939837813,False,False,False,,[]
1563,1563,1564,True,1.0,1.0,1563.0,1564.0,1563.0,1564.0,1564.0,0.0,106.8,108.5,438.97523041666824,0.5001203417778015,0.5001203417778015,0.0,1.0,0.4691950458268428,0.4685379755987768,0.9995987797645762,0.9995988011360168,0.9995976479347055,0.9999865751766376,0.9999865496800222,0.999983734913567,0.9999837158297721,-43.15853105299054,-170.3126031146997,,551.0146968900465,False,False,False,,[]
1564,1564,1565,True,1.0,1.0,1564.0,1565.0,1564.0,1565.0,1565.0,0.0,108.5,110.2,442.01101648437464,0.5001206994056702,0.5001206994056702,0.0,1.0,0.4685379755987768,0.4678657808129268,0.9995976479347055,0.9995976686477661,0.9995964787630655,0.9999865496800222,0.9999865236077489,0.9999837158297721,0.999983696310561,-44.142825413670145,-174.23288849231668,,545.0472165406711,False,False,False,,[]
1565,1565,1566,True,1.0,1.0,1565.0,1566.0,1565.0,1566.0,1566.0,0.0,110.2,111.9,445.0947434375016,0.5001210570335388,0.5001210570335388,0.0,1.0,0.4678657808129268,0.46717826673339446,0.9995964787630655,0.9995964765548706,0.9995952711538446,0.9999865236077489,0.9999864969798674,0.999983696310561,0.9999836763496162,-45.139341161225346,-178.20364941477172,,539.1231339580079,False,False,False,,[]
1566,1566,1567,True,1.0,1.0,1566.0,1567.0,1566.0,1567.0,1567.0,0.0,111.9,113.7,463.5772446093731,0.5001214146614075,0.5001214146614075,0.0,1.0,0.46717826673339446,0.4664506695094208,0.9995952711538446,0.9995952844619751,0.9995939599922996,0.9999864969798674,0.9999864687750731,0.9999836763496162,0.9999836552321908,-47.75709764506147,-188.5932004539691,,524.0992364018279,False,False,False,,[]
1567,1567,1568,True,1.0,1.0,1567.0,1568.0,1567.0,1568.0,1568.0,0.0,113.7,115.3,436.24371544270946,0.5001218318939209,0.5001218318939209,0.0,1.0,0.4664506695094208,0.46575499436213924,0.9995939599922996,0.99959397315979,0.9995927316510573,0.9999864687750731,0.9999864412862989,0.9999836552321908,0.9999836350604181,-45.65830677014614,-180.31899817539133,,535.8569140421342,False,False,False,,[]
1568,1568,1569,True,1.0,1.0,1568.0,1569.0,1568.0,1569.0,1569.0,0.0,115.3,116.8,423.9319029427071,0.5001221895217896,0.5001221895217896,0.0,1.0,0.46575499436213924,0.46506777661100085,0.9995927316510573,0.9995927214622498,0.9995915247912673,0.9999864412862989,0.9999864124790436,0.9999836350604181,0.9999836151925929,-45.09724649442836,-178.12684109506725,,538.6251282834669,False,False,False,,[]
1569,1569,1570,True,1.0,1.0,1569.0,1570.0,1569.0,1570.0,1570.0,0.0,116.8,118.2,411.46872000000224,0.5001225471496582,0.5001225471496582,0.0,1.0,0.46506777661100085,0.4643884300702084,0.9995915247912673,0.9995915293693542,0.9995903377526404,0.9999864124790436,0.9999863807222319,0.9999836151925929,0.9999835956679336,-44.575064918516595,-176.08662337339308,,540.7358266831424,False,False,False,,[]
1570,1570,1571,True,1.0,1.0,1570.0,1571.0,1570.0,1571.0,1571.0,0.0,118.2,119.5,398.84670177083126,0.5001229047775269,0.5001229047775269,0.0,1.0,0.4643884300702084,0.4637195594994783,0.9995903377526404,0.9995903372764587,0.99958917683981,0.9999863807222319,0.9999863472324427,0.9999835956679336,0.9999835765247725,-43.882814295184176,-173.37125193324619,,544.1896101508246,False,False,False,,[]
1571,1571,1572,True,1.0,1.0,1571.0,1572.0,1571.0,1572.0,1572.0,0.0,119.5,120.7,386.0588810677096,0.5001232624053955,0.5001232624053955,0.0,1.0,0.4637195594994783,0.46306326701777417,0.99958917683981,0.999589204788208,0.9995880469139719,0.9999863472324427,0.9999863127753014,0.9999835765247725,0.9999835578005106,-43.053466687998956,-170.11101125770406,,548.7069403587503,False,False,False,,[]
1572,1572,1573,True,1.0,1.0,1572.0,1573.0,1572.0,1573.0,1573.0,0.0,120.7,121.8,373.098788359372,0.5001235604286194,0.5001235604286194,0.0,1.0,0.46306326701777417,0.46242136399786776,0.9995880469139719,0.9995880722999573,0.9995869519321195,0.9999863127753014,0.9999862778767317,0.9999835578005106,0.9999835395315652,-42.106088138744816,-166.3812627597437,,554.149026716541,False,False,False,,[]
1573,1573,1574,True,1.0,1.0,1573.0,1574.0,1573.0,1574.0,1574.0,0.0,121.8,122.6,329.25878510416624,0.500123918056488,0.500123918056488,0.0,1.0,0.46242136399786776,0.46184568226137607,0.9995869519321195,0.9995869398117065,0.9995860109716678,0.9999862778767317,0.9999862444968406,0.9999835395315652,0.9999835210566809,-37.765774821234025,-149.21670609865143,,580.8440342949315,False,False,False,,[]
1574,1574,1575,True,1.0,1.0,1574.0,1575.0,1574.0,1575.0,1575.0,0.0,122.6,123.2,300.1788142708359,0.5001242160797119,0.5001242160797119,0.0,1.0,0.46184568226137607,0.46131919874465294,0.9995860109716678,0.9995859861373901,0.9995851366977102,0.9999862444968406,0.9999862159528471,0.9999835210566809,0.999983502844991,-34.540774089869245,-136.46452753463686,,602.1678297898161,False,False,False,,[]
1575,1575,1576,True,1.0,1.0,1575.0,1576.0,1575.0,1576.0,1576.0,0.0,123.2,123.6,270.70038666666454,0.500124454498291,0.500124454498291,0.0,1.0,0.46131919874465294,0.4608433280660297,0.9995851366977102,0.9995851516723633,0.9995843091645341,0.9999862159528471,0.9999861917494461,0.999983502844991,0.9999834851059184,-31.223395387169475,-123.34567989915327,,624.7788010335668,False,False,False,,[]
1576,1576,1577,True,1.0,1.0,1576.0,1577.0,1576.0,1577.0,1577.0,0.0,123.6,123.7,225.46669708333772,0.5001246929168701,0.5001246929168701,0.0,1.0,0.4608433280660297,0.4604458738474781,0.9995843091645341,0.9995843172073364,0.9995835736437674,0.9999861917494461,0.9999861724394026,0.9999834851059184,0.9999834687733061,-26.08381523762037,-103.02013344857546,,663.7246183337638,False,False,False,,[]
1577,1577,1578,True,1.0,1.0,1577.0,1578.0,1577.0,1578.0,1578.0,0.0,123.7,123.6,194.9701477343707,0.5001249313354492,0.5001249313354492,0.0,1.0,0.4604458738474781,0.4601010454594649,0.9995835736437674,0.9995836019515991,0.9995829120385122,0.9999861724394026,0.9999861556828988,0.9999834687733061,0.9999834534582552,-22.633936698131897,-89.37951817302296,,692.9716543855535,False,False,False,,[]
1578,1578,1579,True,1.0,1.0,1578.0,1579.0,1578.0,1579.0,1579.0,0.0,123.6,123.3,164.06336375000262,0.5001251101493835,0.5001251101493835,0.0,1.0,0.4601010454594649,0.4598047194716053,0.9995829120385122,0.9995828866958618,0.9995823263430517,0.9999861556828988,0.9999861397840789,0.9999834534582552,0.9999834359611607,-19.453803383397517,-76.80769605321123,,720.3098464344766,False,False,False,,[]
1579,1579,1580,True,1.0,1.0,1579.0,1580.0,1579.0,1580.0,1580.0,0.0,123.3,123.0,163.44900710937372,0.5001252889633179,0.5001252889633179,0.0,1.0,0.4598047194716053,0.459509613508569,0.9995823263430517,0.9995823502540588,0.9995817426471095,0.9999861397840789,0.9999861238648076,0.9999834359611607,0.9999834180983942,-19.374679837664953,-76.4914656190102,,720.8466571341571,False,False,False,,[]
1580,1580,1581,True,1.0,1.0,1580.0,1581.0,1580.0,1581.0,1581.0,0.0,123.0,122.5,132.13447677083508,0.5001254677772522,0.5001254677772522,0.0,1.0,0.459509613508569,0.4592719357220534,0.9995817426471095,0.9995817542076111,0.9995812577113887,0.9999861238648076,0.9999861103836775,0.9999834180983942,0.9999834045458582,-15.607882288508673,-61.6060822648482,,761.4957156018011,False,False,False,,[]
1581,1581,1582,True,1.0,1.0,1581.0,1582.0,1581.0,1582.0,1582.0,0.0,122.5,122.1,146.4671883593733,0.5001256465911865,0.5001256465911865,0.0,1.0,0.4592719357220534,0.45900761656620215,0.9995812577113887,0.9995812773704529,0.9995807258563272,0.9999861103836775,0.9999860952454218,0.9999834045458582,0.9999833880803647,-17.35712566329979,-68.511525196639,,741.2302760205532,False,False,False,,[]
1582,1582,1583,True,1.0,1.0,1582.0,1583.0,1582.0,1583.0,1583.0,0.0,122.1,121.5,114.95401023437631,0.5001257658004761,0.5001257658004761,0.0,1.0,0.45900761656620215,0.45880152297960397,0.9995807258563272,0.9995807409286499,0.9995802988562743,0.9999860952454218,0.999986083607905,0.9999833880803647,0.9999833754261592,-13.53686747190003,-53.41945764624806,,785.4933120799056,False,False,False,,[]
1583,1583,1584,True,1.0,1.0,1583.0,1584.0,1583.0,1584.0,1584.0,0.0,121.5,120.8,98.39088627604256,0.5001258850097656,0.5001258850097656,0.0,1.0,0.45880152297960397,0.45862340434719984,0.9995802988562743,0.9995803236961365,0.9995799251229923,0.999986083607905,0.9999860737003315,0.9999833754261592,0.9999833620958706,-11.70136959545275,-46.168349519150304,,807.2785378129166,False,False,False,,[]
1584,1584,1585,True,1.0,1.0,1584.0,1585.0,1584.0,1585.0,1585.0,0.0,120.8,120.0,81.63326166666714,0.5001260042190552,0.5001260042190552,0.0,1.0,0.45862340434719984,0.45847411696130574,0.9995799251229923,0.999579906463623,0.99957960806313,0.9999860737003315,0.999986065531071,0.9999833620958706,0.9999833489203549,-9.809114377783043,-38.695290423741966,,831.7127767443134,False,False,False,,[]
1585,1585,1586,True,1.0,1.0,1585.0,1586.0,1585.0,1586.0,1586.0,0.0,120.0,119.1,64.68461999999612,0.5001261234283447,0.5001261234283447,0.0,1.0,0.45847411696130574,0.4583558728037806,0.99957960806313,0.9995796084403992,0.9995793609294988,0.999986065531071,0.9999860601748488,0.9999833489203549,0.9999833368160538,-7.770935858793579,-30.648885630515018,,861.7584027314069,False,False,False,,[]
1586,1586,1587,True,1.0,1.0,1586.0,1587.0,1586.0,1587.0,1587.0,0.0,119.1,118.1,47.54894252604123,0.5001261830329895,0.5001261830329895,0.0,1.0,0.4583558728037806,0.45826801767787095,0.9995793609294988,0.9995793700218201,0.9995791826882178,0.9999860601748488,0.9999860562688367,0.9999833368160538,0.9999833267076179,-5.774995649280972,-22.77204863578537,,893.1013885821988,False,False,False,,[]
1587,1587,1588,True,1.0,1.0,1587.0,1588.0,1587.0,1588.0,1588.0,0.0,118.1,117.1,45.58154148437846,0.5001262426376343,0.5001262426376343,0.0,1.0,0.45826801767787095,0.4581834522078117,0.9995791826882178,0.9995791912078857,0.9995790116722644,0.9999860562688367,0.9999860518134475,0.9999833267076179,0.9999833169592921,-5.559501825098878,-21.919369839356627,,896.1611124533783,False,False,False,,[]
1588,1588,1589,True,1.0,1.0,1588.0,1589.0,1588.0,1589.0,1589.0,0.0,117.1,116.2,58.981562317708345,0.500126302242279,0.500126302242279,0.0,1.0,0.4581834522078117,0.45807763891625947,0.9995790116722644,0.9995790123939514,0.9995787931925837,0.9999860518134475,0.9999860470479401,0.9999833169592921,0.999983305669611,-6.9567546157135,-27.426805170344164,,874.3425887859773,False,False,False,,[]
1589,1589,1590,True,1.0,1.0,1589.0,1590.0,1589.0,1590.0,1590.0,0.0,116.2,115.5,87.9416809375009,0.5001263618469238,0.5001263618469238,0.0,1.0,0.45807763891625947,0.45792395224273663,0.9995787931925837,0.9995787739753723,0.9995784673739876,0.9999860470479401,0.9999860385799523,0.999983305669611,0.9999832928645721,-10.103783476709065,-39.835585777118176,,828.128847232516,False,False,False,,[]
1590,1590,1591,True,1.0,1.0,1590.0,1591.0,1590.0,1591.0,1591.0,0.0,115.5,114.9,101.94726648437438,0.5001264810562134,0.5001264810562134,0.0,1.0,0.45792395224273663,0.45774910888957904,0.9995784673739876,0.9995784759521484,0.9995780999906816,0.9999860385799523,0.999986028818429,0.9999832928645721,0.9999832802105078,-11.494876252068199,-45.31939713844637,,810.3745633839098,False,False,False,,[]
1591,1591,1592,True,1.0,1.0,1591.0,1592.0,1591.0,1592.0,1592.0,0.0,114.9,114.5,131.50233315103995,0.5001265406608582,0.5001265406608582,0.0,1.0,0.45774910888957904,0.45752648058030526,0.9995780999906816,0.9995781183242798,0.9995776423581603,0.999986028818429,0.9999860144573316,0.9999832802105078,0.9999832680281268,-14.635281407860319,-57.705257763760095,,772.239509510867,False,False,False,,[]
1592,1592,1593,True,1.0,1.0,1592.0,1593.0,1592.0,1593.0,1593.0,0.0,114.5,114.1,130.74125085937524,0.5001267194747925,0.5001267194747925,0.0,1.0,0.45752648058030526,0.45730581792274777,0.9995776423581603,0.9995776414871216,0.9995771883329128,0.9999860144573316,0.9999860001446312,0.9999832680281268,0.9999832559584952,-14.506852010779955,-57.195760838903844,,773.7258101595296,False,False,False,,[]
1593,1593,1594,True,1.0,1.0,1593.0,1594.0,1593.0,1594.0,1594.0,0.0,114.1,113.9,160.68448940104275,0.500126838684082,0.500126838684082,0.0,1.0,0.45730581792274777,0.45703304557297586,0.9995771883329128,0.9995771646499634,0.9995766419831181,0.9999860001446312,0.9999859831940752,0.9999832559584952,0.999983238211758,-17.93055391357356,-70.70259306088232,,734.1579960046886,False,False,False,,[]
1594,1594,1595,True,1.0,1.0,1594.0,1595.0,1594.0,1595.0,1595.0,0.0,113.9,113.7,160.30627065104082,0.5001270174980164,0.5001270174980164,0.0,1.0,0.45703304557297586,0.4567613346087654,0.9995766419831181,0.9995766282081604,0.9995760974426373,0.9999859831940752,0.9999859662431109,0.999983238211758,0.9999832205594371,-17.86124860728618,-70.42748192335944,,734.8789664012236,False,False,False,,[]
1595,1595,1596,True,1.0,1.0,1595.0,1596.0,1595.0,1596.0,1596.0,0.0,113.7,113.3,129.2270487760419,0.5001271963119507,0.5001271963119507,0.0,1.0,0.4567613346087654,0.4565445666925261,0.9995760974426373,0.9995760917663574,0.9995756505924364,0.9999859662431109,0.999985952029192,0.9999832205594371,0.9999832087131019,-14.252300673605468,-56.186243889226816,,776.6910719485749,False,False,False,,[]
1596,1596,1597,True,1.0,1.0,1596.0,1597.0,1596.0,1597.0,1597.0,0.0,113.3,112.9,128.47392898437525,0.5001273155212402,0.5001273155212402,0.0,1.0,0.4565445666925261,0.4563296293572138,0.9995756505924364,0.999575674533844,0.9995752071271956,0.999985952029192,0.9999859378656405,0.9999832087131019,0.9999831968777374,-14.132683278554993,-55.711757312952074,,778.0389025153927,False,False,False,,[]
1597,1597,1598,True,1.0,1.0,1597.0,1598.0,1597.0,1598.0,1598.0,0.0,112.9,112.2,81.6709633593759,0.5001274347305298,0.5001274347305298,0.0,1.0,0.4563296293572138,0.45619166365888614,0.9995752071271956,0.9995751976966858,0.9995749131578118,0.9999859378656405,0.9999859314988246,0.9999831968777374,0.9999831845601707,-9.074230444377736,-35.760709006518894,,843.1368940023748,False,False,False,,[]
1598,1598,1599,True,1.0,1.0,1598.0,1599.0,1598.0,1599.0,1599.0,0.0,112.2,111.4,65.01320177083379,0.5001275539398193,0.5001275539398193,0.0,1.0,0.45619166365888614,0.45608066889911497,0.9995749131578118,0.9995748996734619,0.99957468281499,0.9999859314988246,0.9999859264643683,0.9999831845601707,0.9999831732147317,-7.3015137777821035,-28.769841732682725,,869.2561120563963,False,False,False,,[]
1599,1599,1600,True,1.0,1.0,1599.0,1600.0,1599.0,1600.0,1600.0,0.0,111.4,110.5,48.17868927083141,0.5001276135444641,0.5001276135444641,0.0,1.0,0.45608066889911497,0.4559966513968632,0.99957468281499,0.9995746612548828,0.999574512998243,0.9999859264643683,0.9999859220214043,0.9999831732147317,0.999983163677729,-5.5278507169812965,-21.777336583669136,,896.8777628335798,False,False,False,,[]
1600,1600,1601,True,1.0,1.0,1600.0,1601.0,1600.0,1601.0,1601.0,0.0,110.5,109.5,31.17140710937459,0.5001276135444641,0.5001276135444641,0.0,1.0,0.4559966513968632,0.45594226861824494,0.999574512998243,0.9995745420455933,0.999574406220276,0.9999859220214043,0.9999859196464331,0.999983163677729,0.9999831567868744,-3.578754614970575,-14.096016217849645,,930.8158107182965,False,False,False,,[]
1601,1601,1602,True,1.0,1.0,1601.0,1602.0,1601.0,1602.0,1602.0,0.0,109.5,108.5,29.346667526043205,0.5001276731491089,0.5001276731491089,0.0,1.0,0.45594226861824494,0.45589143026928014,0.999574406220276,0.9995744228363037,0.999574306747138,0.9999859196464331,0.9999859174308166,0.9999831567868744,0.9999831502809801,-3.34591369895646,-13.177300051680621,,935.0100911559657,False,False,False,,[]
1602,1602,1603,True,1.0,1.0,1602.0,1603.0,1602.0,1603.0,1603.0,0.0,108.5,107.7,58.24018315104213,0.5001277327537537,0.5001277327537537,0.0,1.0,0.45589143026928014,0.4557935920846831,0.999574306747138,0.9995743036270142,0.9995741063041169,0.9999859174308166,0.9999859121979574,0.9999831502809801,0.9999831398884177,-6.438939768632557,-25.359657447547725,,882.2170474078547,False,False,False,,[]
1603,1603,1604,True,1.0,1.0,1603.0,1604.0,1603.0,1604.0,1604.0,0.0,107.7,107.1,87.50727273437242,0.5001277923583984,0.5001277923583984,0.0,1.0,0.4557935920846831,0.4556517900534457,0.9995741063041169,0.9995741248130798,0.9995738042359861,0.9999859121979574,0.9999859043863736,0.9999831398884177,0.9999831279250027,-9.331784375358511,-36.75508649673666,,839.0783326360972,False,False,False,,[]
1604,1604,1605,True,1.0,1.0,1604.0,1605.0,1604.0,1605.0,1605.0,0.0,107.1,106.6,101.7891404427081,0.5001278519630432,0.5001278519630432,0.0,1.0,0.4556517900534457,0.45549124527250123,0.9995738042359861,0.999573826789856,0.9995734648417567,0.9999859043863736,0.9999858968530704,0.9999831279250027,0.9999831156778377,-10.565247242630685,-41.61320722079979,,823.5436828806646,False,False,False,,[]
1605,1605,1606,True,1.0,1.0,1605.0,1606.0,1605.0,1606.0,1606.0,0.0,106.6,106.4,146.95539760416972,0.5001279711723328,0.5001279711723328,0.0,1.0,0.45549124527250123,0.45525704388212296,0.9995734648417567,0.9995734691619873,0.9995729861629958,0.9999858968530704,0.9999858801396094,0.9999831156778377,0.9999831019669577,-15.40970151187391,-60.70500038604572,,761.9084728205395,False,False,False,,[]
1606,1606,1607,True,1.0,1.0,1606.0,1607.0,1606.0,1607.0,1607.0,0.0,106.4,106.2,146.60206166666583,0.5001280903816223,0.5001280903816223,0.0,1.0,0.45525704388212296,0.4550237991027394,0.9995729861629958,0.9995729923248291,0.9995725092112995,0.9999858801396094,0.999985863438964,0.9999831019669577,0.9999830883415085,-15.347065521511828,-60.45704681621685,,762.6217462419561,False,False,False,,[]
1607,1607,1608,True,1.0,1.0,1607.0,1608.0,1607.0,1608.0,1608.0,0.0,106.2,106.2,176.95105593750003,0.5001282691955566,0.5001282691955566,0.0,1.0,0.4550237991027394,0.45474399164222906,0.9995725092112995,0.9995725154876709,0.9995719509471497,0.999985863438964,0.9999858448823327,0.9999830883415085,0.999983071365764,-18.408397809045454,-72.52609376427971,,729.3061647666786,False,False,False,,[]
1608,1608,1609,True,1.0,1.0,1608.0,1609.0,1608.0,1609.0,1609.0,0.0,106.2,106.2,176.95105593750003,0.5001283884048462,0.5001283884048462,0.0,1.0,0.45474399164222906,0.4544641828013445,0.9995719509471497,0.9995719790458679,0.9995713926806755,0.9999858448823327,0.9999858263256991,0.999983071365764,0.9999830543900188,-18.408398021857167,-72.52645155727666,,729.3053053395611,False,False,False,,[]
1609,1609,1610,True,1.0,1.0,1609.0,1610.0,1609.0,1610.0,1610.0,0.0,106.2,106.4,207.6527226041676,0.5001285672187805,0.5001285672187805,0.0,1.0,0.4544641828013445,0.4541420053595539,0.9995713926806755,0.9995713829994202,0.9995707656403015,0.9999858263256991,0.9999858064706401,0.9999830543900188,0.9999830385689504,-21.192847835655847,-83.50839291212208,,703.9489249614865,False,False,False,,[]
1610,1610,1611,True,1.0,1.0,1610.0,1611.0,1610.0,1611.0,1611.0,0.0,106.4,106.5,192.65456166666516,0.5001287460327148,0.5001287460327148,0.0,1.0,0.4541420053595539,0.4538398259287268,0.9995707656403015,0.9995707869529724,0.9995701704112583,0.9999858064706401,0.9999857871988281,0.9999830385689504,0.9999830220004873,-19.878156788349894,-78.32490847038245,,715.541689164808,False,False,False,,[]
1611,1611,1612,True,1.0,1.0,1611.0,1612.0,1611.0,1612.0,1612.0,0.0,106.5,106.8,223.53281335937436,0.5001289248466492,0.5001289248466492,0.0,1.0,0.4538398259287268,0.4534954842869822,0.9995701704112583,0.9995701909065247,0.9995695095319352,0.9999857871988281,0.9999857669381406,0.9999830220004873,0.999983007214296,-22.64834644714622,-89.25335354019221,,691.8134141852872,False,False,False,,[]
1612,1612,1613,True,1.0,1.0,1612.0,1613.0,1612.0,1613.0,1613.0,0.0,106.8,107.2,239.4143970833351,0.5001291632652283,0.5001291632652283,0.0,1.0,0.4534954842869822,0.4531283366580491,0.9995695095319352,0.9995695352554321,0.9995688154568512,0.9999857669381406,0.9999857464831756,0.999983007214296,0.9999829927310768,-24.145812429349306,-95.16466541947192,,679.5817455732974,False,False,False,,[]
1613,1613,1614,True,1.0,1.0,1613.0,1614.0,1613.0,1614.0,1614.0,0.0,107.2,107.8,270.826053333332,0.5001293420791626,0.5001293420791626,0.0,1.0,0.4531283366580491,0.45271370434319586,0.9995688154568512,0.9995688199996948,0.9995680578526157,0.9999857464831756,0.9999857255230217,0.9999829927310768,0.9999829762710776,-27.263415529268336,-107.47269600995978,,654.5304110862337,False,False,False,,[]
1614,1614,1615,True,1.0,1.0,1614.0,1615.0,1614.0,1615.0,1615.0,0.0,107.8,108.5,287.2468476041678,0.5001295804977417,0.5001295804977417,0.0,1.0,0.45271370434319586,0.45226996306357625,0.9995680578526157,0.9995680451393127,0.9995672652538667,0.9999857255230217,0.9999857019580571,0.9999829762710776,0.9999829588907464,-29.172878987116828,-115.01773967740203,,639.4080819427242,False,False,False,,[]
1615,1615,1616,True,1.0,1.0,1615.0,1616.0,1615.0,1616.0,1616.0,0.0,108.5,109.4,319.2043498177084,0.5001298189163208,0.5001298189163208,0.0,1.0,0.45226996306357625,0.45177157969243514,0.9995672652538667,0.9995672702789307,0.9995664156465967,0.9999857019580571,0.9999856732274618,0.9999829588907464,0.9999829408524974,-32.75707573497826,-129.18096979977955,,613.454426332202,False,False,False,,[]
1616,1616,1617,True,1.0,1.0,1616.0,1617.0,1616.0,1617.0,1617.0,0.0,109.4,110.5,351.532605937499,0.5001300573348999,0.5001300573348999,0.0,1.0,0.45177157969243514,0.4512262114341098,0.9995664156465967,0.9995664358139038,0.9995655266497806,0.9999856732274618,0.9999856471729681,0.9999829408524974,0.9999829226913399,-35.83637489411251,-141.35945255792916,,595.7758570412974,False,False,False,,[]
1617,1617,1618,True,1.0,1.0,1617.0,1618.0,1617.0,1618.0,1618.0,0.0,110.5,111.7,368.8897404427097,0.5001303553581238,0.5001303553581238,0.0,1.0,0.4512262114341098,0.45065278241842904,0.9995655266497806,0.9995655417442322,0.999564590736611,0.9999856471729681,0.9999856228914713,0.9999829226913399,0.9999829047230109,-37.67248875302191,-148.63280086444317,,585.0450234708809,False,False,False,,[]
1618,1618,1619,True,1.0,1.0,1618.0,1619.0,1618.0,1619.0,1619.0,0.0,111.7,113.0,386.4521581510415,0.5001306533813477,0.5001306533813477,0.0,1.0,0.45065278241842904,0.4500483817382527,0.999564590736611,0.9995645880699158,0.9995635843326829,0.9999856228914713,0.9999855989079535,0.9999829047230109,0.9999828871166584,-39.69828410203298,-156.66065630171033,,572.530793542941,False,False,False,,[]
1619,1619,1620,True,1.0,1.0,1619.0,1620.0,1619.0,1620.0,1620.0,0.0,113.0,114.1,358.173330937499,0.5001309514045715,0.5001309514045715,0.0,1.0,0.4500483817382527,0.44947438079684165,0.9995635843326829,0.9995635747909546,0.9995626471392755,0.9999855989079535,0.9999855706174869,0.9999828871166584,0.9999828692752568,-37.69999663446346,-148.78104401373645,,583.4809028594059,False,False,False,,[]
1620,1620,1621,True,1.0,1.0,1620.0,1621.0,1620.0,1621.0,1621.0,0.0,114.1,115.1,344.8944894010421,0.5001311898231506,0.5001311898231506,0.0,1.0,0.44947438079684165,0.448912239657726,0.9995626471392755,0.9995626211166382,0.9995617363302668,0.9999855706174869,0.999985540085842,0.9999828692752568,0.9999828511708865,-36.9179884650133,-145.70698325877814,,587.593070339326,False,False,False,,[]
1621,1621,1622,True,1.0,1.0,1621.0,1622.0,1621.0,1622.0,1622.0,0.0,115.1,115.9,316.0938696093746,0.5001314878463745,0.5001314878463745,0.0,1.0,0.448912239657726,0.44838956346046954,0.9995617363302668,0.9995617270469666,0.9995608652069247,0.999985540085842,0.9999855099590708,0.9999828511708865,0.9999828332091831,-34.32662039581151,-135.47767032886415,,603.1810540697104,False,False,False,,[]
1622,1622,1623,True,1.0,1.0,1622.0,1623.0,1622.0,1623.0,1623.0,0.0,115.9,116.5,286.9249841927071,0.5001317262649536,0.5001317262649536,0.0,1.0,0.44838956346046954,0.4479147507103722,0.9995608652069247,0.9995608925819397,0.9995600387605112,0.9999855099590708,0.9999854856172131,0.9999828332091831,0.9999828153876332,-31.185090313242487,-123.0714648252362,,625.1481605117644,False,False,False,,[]
1623,1623,1624,True,1.0,1.0,1623.0,1624.0,1623.0,1624.0,1624.0,0.0,116.5,116.7,226.6782039843759,0.5001319646835327,0.5001319646835327,0.0,1.0,0.4479147507103722,0.4475350985747408,0.9995600387605112,0.9995600581169128,0.9995593272082199,0.9999854856172131,0.9999854670299847,0.9999828153876332,0.9999827968497594,-24.940917338031774,-98.40583355566518,,672.073512873616,False,False,False,,[]
1624,1624,1625,True,1.0,1.0,1624.0,1625.0,1624.0,1625.0,1625.0,0.0,116.7,116.6,181.01254877604126,0.5001322031021118,0.5001322031021118,0.0,1.0,0.4475350985747408,0.44722477769737656,0.9995593272082199,0.9995593428611755,0.9995587188851711,0.9999854670299847,0.999985449476224,0.9999827968497594,0.9999827781332873,-20.390297349624625,-80.43517141279993,,710.5182344538176,False,False,False,,[]
1625,1625,1626,True,1.0,1.0,1625.0,1626.0,1625.0,1626.0,1626.0,0.0,116.6,116.2,134.76654343750218,0.5001323819160461,0.5001323819160461,0.0,1.0,0.44722477769737656,0.44699312614224873,0.9995587188851711,0.9995587468147278,0.9995582448149495,0.999985449476224,0.9999854349169384,0.9999827781332873,0.9999827649246796,-15.225115048348483,-60.04408308913775,,765.2125377700278,False,False,False,,[]
1626,1626,1627,True,1.0,1.0,1626.0,1627.0,1626.0,1627.0,1627.0,0.0,116.2,115.2,41.889180937499596,0.5001325011253357,0.5001325011253357,0.0,1.0,0.44699312614224873,0.44691716223497174,0.9995582448149495,0.9995582699775696,0.9995580924810967,0.9999854349169384,0.9999854315599584,0.9999827649246796,0.999982755873542,-4.995360494426292,-19.68984476619543,,906.1209657555047,False,False,False,,[]
1627,1627,1628,True,1.0,1.0,1627.0,1628.0,1627.0,1628.0,1628.0,0.0,115.2,113.8,-21.433446666666857,0.5001325607299805,0.5001325607299805,0.0,1.0,0.44691716223497174,0.4469432151355467,0.9995580924810967,0.9995580911636353,0.999558042725698,0.9999854315599584,0.9999854295201362,0.999982755873542,0.999982751002301,1.7139818290211402,6.752911829029391,,1014.3698653275895,False,False,False,,[]
1628,1628,1629,True,1.0,1.0,1628.0,1629.0,1628.0,1629.0,1629.0,0.0,113.8,112.0,-85.49592322916668,0.5001325607299805,0.5001325607299805,0.0,1.0,0.4469432151355467,0.44705228895268395,0.999558042725698,0.9995580315589905,0.9995578167942974,0.9999854295201362,0.9999854228343436,0.999982751002301,0.9999827385573533,7.179069962399867,28.271933401976142,,1072.213512107343,False,False,False,,[]
1629,1629,1630,True,1.0,1.0,1629.0,1630.0,1629.0,1630.0,1630.0,0.0,112.0,110.1,-104.21788000000048,0.50013267993927,0.50013267993927,0.0,1.0,0.44705228895268395,0.4471850051495951,0.9995578167942974,0.9995577931404114,0.9995575354587413,0.9999854228343436,0.9999854148180343,0.9999827385573533,0.9999827260934502,8.73775525242968,34.4000382393651,,1091.8251467516727,False,False,False,,[]
1630,1630,1631,True,1.0,1.0,1630.0,1631.0,1630.0,1631.0,1631.0,0.0,110.1,108.3,-92.36714601562501,0.5001327395439148,0.5001327395439148,0.0,1.0,0.4471850051495951,0.4472982497052891,0.9995575354587413,0.9995575547218323,0.9995572999292038,0.9999854148180343,0.999985406434346,0.9999827260934502,0.9999827138708027,7.456987186709935,29.35298883589014,,1074.212238451111,False,False,False,,[]
1631,1631,1632,True,1.0,1.0,1631.0,1632.0,1631.0,1632.0,1632.0,0.0,108.3,107.0,-18.873623098958117,0.5001327991485596,0.5001327991485596,0.0,1.0,0.4472982497052891,0.44731996129300533,0.9995572999292038,0.9995573163032532,0.9995572586404973,0.999985406434346,0.9999854050270577,0.9999827138708027,0.9999827097094641,1.4295585226969567,5.627643536044044,,1012.1601837103645,False,False,False,,[]
1632,1632,1633,True,1.0,1.0,1632.0,1633.0,1632.0,1633.0,1633.0,0.0,107.0,106.1,40.208226770833335,0.5001327991485596,0.5001327991485596,0.0,1.0,0.44731996129300533,0.44725275895694605,0.9995572586404973,0.9995572566986084,0.9995571250267657,0.9999854050270577,0.9999854020596164,0.9999827097094641,0.9999827016131209,-4.424282022778961,-17.418845506563414,,916.0634059787035,False,False,False,,[]
1633,1633,1634,True,1.0,1.0,1633.0,1634.0,1633.0,1634.0,1634.0,0.0,106.1,105.8,130.72246856770704,0.5001328587532043,0.5001328587532043,0.0,1.0,0.44725275895694605,0.44704574580157447,0.9995571250267657,0.9995571374893188,0.9995566963060915,0.9999854020596164,0.999985386972093,0.9999827016131209,0.9999826900616461,-13.623945786032865,-53.657809872311006,,783.3772235670053,False,False,False,,[]
1634,1634,1635,True,1.0,1.0,1634.0,1635.0,1634.0,1635.0,1635.0,0.0,105.8,105.7,160.89686843750155,0.5001329779624939,0.5001329779624939,0.0,1.0,0.44704574580157447,0.4467906223463467,0.9995566963060915,0.9995567202568054,0.999556180436539,0.999985386972093,0.999985369294103,0.9999826900616461,0.9999826740026831,-16.7880040747873,-66.12799959503762,,746.0195955815816,False,False,False,,[]
1635,1635,1636,True,1.0,1.0,1635.0,1636.0,1635.0,1636.0,1636.0,0.0,105.7,105.7,176.07227794270835,0.5001331567764282,0.5001331567764282,0.0,1.0,0.4467906223463467,0.44651322937889115,0.999556180436539,0.9995561838150024,0.999555626246089,0.999985369294103,0.9999853507415167,0.9999826740026831,0.999982657091342,-18.252128135217188,-71.90025716447452,,730.8467326667957,False,False,False,,[]
1636,1636,1637,True,1.0,1.0,1636.0,1637.0,1636.0,1637.0,1637.0,0.0,105.7,105.6,160.72144460937457,0.5001332759857178,0.5001332759857178,0.0,1.0,0.44651322937889115,0.4462585963519741,0.999555626246089,0.9995556473731995,0.9995551112353642,0.9999853507415167,0.999985333067584,0.999982657091342,0.9999826410795575,-16.755586056002713,-66.00088057690033,,746.3690173282675,False,False,False,,[]
1637,1637,1638,True,1.0,1.0,1637.0,1638.0,1637.0,1638.0,1638.0,0.0,105.6,105.3,129.84452000000067,0.5001334547996521,0.5001334547996521,0.0,1.0,0.4462585963519741,0.4460536724749743,0.9995551112353642,0.9995551109313965,0.9995546864268289,0.999985333067584,0.9999853180544517,0.9999826410795575,0.9999826295136833,-13.486706999440878,-53.11626891835977,,784.9393763648173,False,False,False,,[]
1638,1638,1639,True,1.0,1.0,1638.0,1639.0,1638.0,1639.0,1639.0,0.0,105.3,104.9,113.9689081510419,0.5001335740089417,0.5001335740089417,0.0,1.0,0.4460536724749743,0.44587245440289974,0.9995546864268289,0.9995546936988831,0.9995543067059207,0.9999853180544517,0.9999853050165306,0.9999826295136833,0.9999826173588812,-11.92771955867657,-46.971724281721,,803.6111804050392,False,False,False,,[]
1639,1639,1640,True,1.0,1.0,1639.0,1640.0,1639.0,1640.0,1640.0,0.0,104.9,104.4,97.92069252604148,0.5001336932182312,0.5001336932182312,0.0,1.0,0.44587245440289974,0.44572064150860286,0.9995543067059207,0.9995543360710144,0.9995539846131434,0.9999853050165306,0.9999852979186571,0.9999826173588812,0.9999826052767764,-9.993540171889624,-39.3499022017581,,831.1155359456159,False,False,False,,[]
1640,1640,1641,True,1.0,1.0,1640.0,1641.0,1640.0,1641.0,1641.0,0.0,104.4,104.0,112.40353041666691,0.5001338124275208,0.5001338124275208,0.0,1.0,0.44572064150860286,0.4455429899303986,0.9995539846131434,0.9995539784431458,0.9995536117839482,0.9999852979186571,0.9999852850194274,0.9999826052767764,0.9999825931355533,-11.69402640639736,-46.047289070538646,,806.4679045012268,False,False,False,,[]
1641,1641,1642,True,1.0,1.0,1641.0,1642.0,1641.0,1642.0,1642.0,0.0,104.0,103.8,142.41378666666583,0.5001339316368103,0.5001339316368103,0.0,1.0,0.4455429899303986,0.445321015574672,0.9995536117839482,0.9995536208152771,0.9995531553504908,0.9999852850194274,0.9999852684956412,0.9999825931355533,0.9999825804998002,-14.610026611494046,-57.535753004330104,,771.1424665209843,False,False,False,,[]
1642,1642,1643,True,1.0,1.0,1642.0,1643.0,1642.0,1643.0,1643.0,0.0,103.8,103.9,188.1215767708338,0.5001340508460999,0.5001340508460999,0.0,1.0,0.445321015574672,0.445031307895717,0.9995531553504908,0.9995531439781189,0.9995525805529691,0.9999852684956412,0.9999852491838326,0.9999825804998002,0.9999825639770582,-19.064262780986283,-75.09223038515107,,723.0543066207572,False,False,False,,[]
1643,1643,1644,True,1.0,1.0,1643.0,1644.0,1643.0,1644.0,1644.0,0.0,103.9,104.4,249.69718210937526,0.5001342296600342,0.5001342296600342,0.0,1.0,0.445031307895717,0.4446604073154709,0.9995525805529691,0.9995526075363159,0.9995518811777673,0.9999852491838326,0.999985229847801,0.9999825639770582,0.9999825492742743,-24.400413181899523,-96.13743039978779,,678.0226805660707,False,False,False,,[]
1644,1644,1645,True,1.0,1.0,1644.0,1645.0,1644.0,1645.0,1645.0,0.0,104.4,105.1,281.2626970833325,0.5001344084739685,0.5001344084739685,0.0,1.0,0.4446604073154709,0.44423969358815585,0.9995518811777673,0.9995518922805786,0.9995511160071411,0.999985229847801,0.999985207578588,0.9999825492742743,0.9999825326174321,-27.671530947588337,-109.0489981200678,,650.9751937916411,False,False,False,,[]
1645,1645,1646,True,1.0,1.0,1645.0,1646.0,1645.0,1646.0,1646.0,0.0,105.1,106.1,328.5315519010421,0.5001346468925476,0.5001346468925476,0.0,1.0,0.44423969358815585,0.4437450107273757,0.9995511160071411,0.9995511174201965,0.9995502698889962,0.999985207578588,0.9999851808640631,0.9999825326174321,0.9999825145836384,-32.52652529857017,-128.22179751420634,,615.7472454681372,False,False,False,,[]
1646,1646,1647,True,1.0,1.0,1646.0,1647.0,1646.0,1647.0,1647.0,0.0,106.1,107.2,345.63413523437583,0.5001349449157715,0.5001349449157715,0.0,1.0,0.4437450107273757,0.44322449111870166,0.9995502698889962,0.9995502829551697,0.9995494005771413,0.9999851808640631,0.9999851561855041,0.9999825145836384,0.9999824963587649,-34.21878140145129,-134.91868256830875,,605.9305231912223,False,False,False,,[]
1647,1647,1648,True,1.0,1.0,1647.0,1648.0,1647.0,1648.0,1648.0,0.0,107.2,108.5,378.28188666666654,0.5001351833343506,0.5001351833343506,0.0,1.0,0.44322449111870166,0.4426552313193834,0.9995494005771413,0.999549388885498,0.9995484739724613,0.9999851561855041,0.9999851335904828,0.9999824963587649,0.9999824780199797,-37.41270844658089,-147.55213998328952,,587.2493805559751,False,False,False,,[]
1648,1648,1649,True,1.0,1.0,1648.0,1649.0,1648.0,1649.0,1649.0,0.0,108.5,109.9,395.9585164843753,0.5001354217529297,0.5001354217529297,0.0,1.0,0.4426552313193834,0.4420530526132436,0.9995484739724613,0.9995484948158264,0.999547472705076,0.9999851335904828,0.9999851098158961,0.9999824780199797,0.999982459802389,-39.566587014125574,-156.08472063142415,,573.296659518975,False,False,False,,[]
1649,1649,1650,True,1.0,1.0,1649.0,1650.0,1649.0,1650.0,1650.0,0.0,109.9,111.3,398.4945727343733,0.5001357793807983,0.5001357793807983,0.0,1.0,0.4420530526132436,0.44143984177191864,0.999547472705076,0.9995474815368652,0.9995464458126708,0.9999851098158961,0.9999850856075395,0.999982459802389,0.9999824419934222,-40.28400900455943,-158.9442500714344,,568.8549399871061,False,False,False,,[]
1650,1650,1651,True,1.0,1.0,1650.0,1651.0,1650.0,1651.0,1651.0,0.0,111.3,112.7,401.06314252604386,0.5001360774040222,0.5001360774040222,0.0,1.0,0.44143984177191864,0.44081478595316786,0.9995464458126708,0.999546468257904,0.9995453910652737,0.9999850856075395,0.9999850609599285,0.9999824419934222,0.9999824238538186,-41.05439685112775,-162.0144682201939,,563.9147225376556,False,False,False,,[]
1651,1651,1652,True,1.0,1.0,1651.0,1652.0,1651.0,1652.0,1652.0,0.0,112.7,113.9,372.9625591927077,0.5001363754272461,0.5001363754272461,0.0,1.0,0.44081478595316786,0.44022484307538756,0.9995453910652737,0.9995453953742981,0.9995444178627266,0.9999850609599285,0.9999850365316109,0.9999824238538186,0.9999824061985972,-38.74653233095081,-152.91319392065728,,578.2530573499575,False,False,False,,[]
1652,1652,1653,True,1.0,1.0,1652.0,1653.0,1652.0,1653.0,1653.0,0.0,113.9,115.0,359.867103984374,0.50013667345047,0.50013667345047,0.0,1.0,0.44022484307538756,0.43964270564645946,0.9995444178627266,0.9995444416999817,0.9995434623691216,0.9999850365316109,0.9999850071333003,0.9999824061985972,0.9999823882324584,-38.229755029014036,-150.8900215781701,,579.692925933123,False,False,False,,[]
1653,1653,1654,True,1.0,1.0,1653.0,1654.0,1653.0,1654.0,1654.0,0.0,115.0,116.0,346.6046851041671,0.5001369714736938,0.5001369714736938,0.0,1.0,0.43964270564645946,0.4390731918489211,0.9995434623691216,0.9995434880256653,0.9995425351985617,0.9999850071333003,0.999984975823044,0.9999823882324584,0.9999823703185973,-37.397539140949064,-147.61797632195615,,584.2981655719542,False,False,False,,[]
1654,1654,1655,True,1.0,1.0,1654.0,1655.0,1654.0,1655.0,1655.0,0.0,116.0,116.8,317.8189949999996,0.500137209892273,0.500137209892273,0.0,1.0,0.4390731918489211,0.4385445889376529,0.9995425351985617,0.9995425343513489,0.9995416591971081,0.999984975823044,0.9999849461257566,0.9999823703185973,0.9999823522112399,-34.71154880367147,-137.01387460071237,,600.9587570675919,False,False,False,,[]
1655,1655,1656,True,1.0,1.0,1655.0,1656.0,1655.0,1656.0,1656.0,0.0,116.8,117.6,319.3637199999996,0.5001375079154968,0.5001375079154968,0.0,1.0,0.4385445889376529,0.4380097536793937,0.9995416591971081,0.9995416402816772,0.9995407782254042,0.9999849461257566,0.9999849159430387,0.9999823522112399,0.9999823341237749,-35.116778289928234,-138.62929894078812,,598.3714919528604,False,False,False,,[]
1656,1656,1657,True,1.0,1.0,1656.0,1657.0,1656.0,1657.0,1657.0,0.0,117.6,118.4,320.91906166667013,0.5001377463340759,0.5001377463340759,0.0,1.0,0.4380097536793937,0.43746849018566425,0.9995407782254042,0.9995408058166504,0.9995398922997213,0.9999849159430387,0.9999848852677719,0.9999823341237749,0.9999823159059748,-35.534735546698485,-140.2954975746741,,595.6816195395852,False,False,False,,[]
1657,1657,1658,True,1.0,1.0,1657.0,1658.0,1657.0,1658.0,1658.0,0.0,118.4,119.2,322.4850199999997,0.5001380443572998,0.5001380443572998,0.0,1.0,0.43746849018566425,0.4369208591294912,0.9995398922997213,0.9995399117469788,0.9995390016408013,0.9999848852677719,0.9999848540927289,0.9999823159059748,0.9999822976892494,-35.94859938319362,-141.94596976006054,,593.0886021643536,False,False,False,,[]
1658,1658,1659,True,1.0,1.0,1658.0,1659.0,1658.0,1659.0,1659.0,0.0,119.2,120.0,324.06159499999967,0.5001382827758789,0.5001382827758789,0.0,1.0,0.4369208591294912,0.4363666801552132,0.9995390016408013,0.9995390176773071,0.9995381062965152,0.9999848540927289,0.9999848224106015,0.9999822976892494,0.9999822793412189,-36.37416452245116,-143.64319013285265,,590.4081486386708,False,False,False,,[]
1659,1659,1660,True,1.0,1.0,1659.0,1660.0,1659.0,1660.0,1660.0,0.0,120.0,120.8,325.6487866666663,0.5001385807991028,0.5001385807991028,0.0,1.0,0.4363666801552132,0.4358058936825861,0.9995381062965152,0.9995381236076355,0.9995371984794428,0.9999848224106015,0.9999847902139706,0.9999822793412189,0.9999822608625109,-36.80351050568755,-145.35585370493763,,587.4600131885317,False,False,False,,[]
1660,1660,1661,True,1.0,1.0,1660.0,1661.0,1660.0,1661.0,1661.0,0.0,120.8,121.6,327.2465949999996,0.5001388788223267,0.5001388788223267,0.0,1.0,0.4358058936825861,0.4352387044832935,0.9995371984794428,0.9995371699333191,0.9995362764819612,0.9999847902139706,0.9999847574953268,0.9999822608625109,0.999982242544996,-37.21931864080459,-147.0154404566415,,584.6499776244062,False,False,False,,[]
1661,1661,1662,True,1.0,1.0,1661.0,1662.0,1661.0,1662.0,1662.0,0.0,121.6,122.3,313.5041866666658,0.5001391172409058,0.5001391172409058,0.0,1.0,0.4352387044832935,0.4346928108262266,0.9995362764819612,0.9995362758636475,0.9995353870972608,0.9999847574953268,0.9999847271921476,0.999982242544996,0.9999822241914504,-35.82079534237174,-141.495635911725,,594.0045274955858,False,False,False,,[]
1662,1662,1663,True,1.0,1.0,1662.0,1663.0,1662.0,1663.0,1663.0,0.0,122.3,123.1,330.2711008593746,0.5001393556594849,0.5001393556594849,0.0,1.0,0.4346928108262266,0.43411311305338907,0.9995353870972608,0.9995353817939758,0.9995344371078909,0.9999847271921476,0.9999846935269621,0.9999822241914504,0.9999822057335089,-38.03162638067329,-150.257662719496,,579.0992080676953,False,False,False,,[]
1663,1663,1664,True,1.0,1.0,1663.0,1664.0,1663.0,1664.0,1664.0,0.0,123.1,123.8,316.5485987760408,0.5001396536827087,0.5001396536827087,0.0,1.0,0.43411311305338907,0.4335539482902778,0.9995344371078909,0.9995344281196594,0.9995335328667,0.9999846935269621,0.9999846614588622,0.9999822057335089,0.9999821872542091,-36.68328414738184,-144.93550659842697,,588.188141526044,False,False,False,,[]
1664,1664,1665,True,1.0,1.0,1664.0,1665.0,1664.0,1665.0,1665.0,0.0,123.8,124.4,302.6312642708359,0.5001399517059326,0.5001399517059326,0.0,1.0,0.4335539482902778,0.43301664454005456,0.9995335328667,0.9995335340499878,0.9995326499718419,0.9999846614588622,0.9999846311436478,0.9999821872542091,0.9999821689369959,-35.248485883174226,-139.26913205787352,,597.291047256419,False,False,False,,[]
1665,1665,1666,True,1.0,1.0,1665.0,1666.0,1665.0,1666.0,1666.0,0.0,124.4,125.0,303.86644708333205,0.5001401901245117,0.5001401901245117,0.0,1.0,0.43301664454005456,0.4324753777234294,0.9995326499718419,0.9995326399803162,0.9995317640436436,0.9999846311436478,0.9999846012282746,0.9999821689369959,0.9999821505433631,-35.5053584270824,-140.29635886923725,,595.8876687123663,False,False,False,,[]
1666,1666,1667,True,1.0,1.0,1666.0,1667.0,1666.0,1667.0,1667.0,0.0,125.0,125.4,274.40593510416846,0.5001404881477356,0.5001404881477356,0.0,1.0,0.4324753777234294,0.4319841444030594,0.9995317640436436,0.9995317459106445,0.9995309212276825,0.9999846012282746,0.9999845746097636,0.9999821505433631,0.9999821326362098,-32.22602056500942,-127.32767663991702,,617.2684881368955,False,False,False,,[]
1667,1667,1668,True,1.0,1.0,1667.0,1668.0,1667.0,1668.0,1668.0,0.0,125.4,125.8,275.2366892708312,0.5001407265663147,0.5001407265663147,0.0,1.0,0.4319841444030594,0.4314893901585246,0.9995309212276825,0.9995309114456177,0.9995300750417088,0.9999845746097636,0.9999845474392106,0.9999821326362098,0.9999821146523689,-32.455010988233504,-128.24030018340557,,615.5637024083942,False,False,False,,[]
1668,1668,1669,True,1.0,1.0,1668.0,1669.0,1668.0,1669.0,1669.0,0.0,125.8,126.1,260.7192642708346,0.5001409649848938,0.5001409649848938,0.0,1.0,0.4314893901585246,0.43101984205708627,0.9995300750417088,0.9995300769805908,0.9995292540685589,0.9999845474392106,0.9999845223446227,0.9999821146523689,0.9999820970821317,-30.80243903495224,-121.70686789281882,,627.2304937526666,False,False,False,,[]
1669,1669,1670,True,1.0,1.0,1669.0,1670.0,1669.0,1670.0,1670.0,0.0,126.1,126.4,261.34606231770965,0.5001412034034729,0.5001412034034729,0.0,1.0,0.43101984205708627,0.43054779359126444,0.9995292540685589,0.999529242515564,0.9995284304824674,0.9999845223446227,0.9999844968531054,0.9999820970821317,0.9999820795363565,-30.965049162363858,-122.35496234101936,,625.999891095677,False,False,False,,[]
1670,1670,1671,True,1.0,1.0,1670.0,1671.0,1670.0,1671.0,1671.0,0.0,126.4,126.6,246.623519999997,0.5001415014266968,0.5001415014266968,0.0,1.0,0.43054779359126444,0.4301018879853911,0.9995284304824674,0.9995284080505371,0.9995276354068493,0.9999844968531054,0.9999844735158165,0.9999820795363565,0.9999820624102649,-29.251466506850726,-115.57873304237059,,638.6199481283699,False,False,False,,[]
1671,1671,1672,True,1.0,1.0,1671.0,1672.0,1671.0,1672.0,1672.0,0.0,126.6,126.7,231.69237677083376,0.5001417398452759,0.5001417398452759,0.0,1.0,0.4301018879853911,0.42968296897918823,0.9995276354068493,0.999527633190155,0.9995268724553388,0.9999844735158165,0.9999844523677482,0.9999820624102649,0.9999820457832328,-27.482807477902362,-108.58380640779468,,652.3202918863417,False,False,False,,[]
1672,1672,1673,True,1.0,1.0,1672.0,1673.0,1672.0,1673.0,1673.0,0.0,126.7,126.8,231.9024706510421,0.5001419186592102,0.5001419186592102,0.0,1.0,0.42968296897918823,0.4292632622192609,0.9995268724553388,0.999526858329773,0.9995261085283643,0.9999844523677482,0.9999844311015518,0.9999820457832328,0.999982029155558,-27.534086304470993,-108.78799217315125,,651.8933174821373,False,False,False,,[]
1673,1673,1674,True,1.0,1.0,1673.0,1674.0,1673.0,1674.0,1674.0,0.0,126.8,126.9,232.1127304166671,0.5001421570777893,0.5001421570777893,0.0,1.0,0.4292632622192609,0.4288427498128131,0.9995261085283643,0.9995260834693909,0.9995253436060858,0.9999844311015518,0.9999844097168881,0.999982029155558,0.9999820125095843,-27.5865304882438,-108.99681575127276,,651.4508288019418,False,False,False,,[]
1674,1674,1675,True,1.0,1.0,1674.0,1675.0,1674.0,1675.0,1675.0,0.0,126.9,126.9,216.97232273437504,0.5001423954963684,0.5001423954963684,0.0,1.0,0.4288427498128131,0.42845003863707515,0.9995253436060858,0.9995253682136536,0.999524614364909,0.9999844097168881,0.9999843905490523,0.9999820125095843,0.9999819964376057,-25.76466208388695,-101.79073675128015,,666.2779566351657,False,False,False,,[]
1675,1675,1676,True,1.0,1.0,1675.0,1676.0,1675.0,1676.0,1676.0,0.0,126.9,126.9,216.97232273437504,0.5001426339149475,0.5001426339149475,0.0,1.0,0.42845003863707515,0.4280573276845222,0.999524614364909,0.9995245933532715,0.9995238851240296,0.9999843905490523,0.9999843713812016,0.9999819964376057,0.9999819803656305,-25.76466297849,-101.7906789017282,,666.2780637858904,False,False,False,,[]
1676,1676,1677,True,1.0,1.0,1676.0,1677.0,1676.0,1677.0,1677.0,0.0,126.9,126.8,201.62148940104126,0.5001428127288818,0.5001428127288818,0.0,1.0,0.4280573276845222,0.427692112583802,0.9995238851240296,0.9995238780975342,0.9995231937963134,0.9999843713812016,0.9999843536658509,0.9999819803656305,0.9999819648320483,-23.962839223804668,-94.6637541066718,,681.3860567689359,False,False,False,,[]
1677,1677,1678,True,1.0,1.0,1677.0,1678.0,1677.0,1678.0,1678.0,0.0,126.8,126.6,186.06023041666583,0.5001430511474609,0.5001430511474609,0.0,1.0,0.427692112583802,0.4273549420031773,0.9995231937963134,0.9995232224464417,0.9995225436983963,0.9999843536658509,0.9999843373371047,0.9999819648320483,0.9999819499054727,-22.12501292685386,-87.3946144979243,,697.6245980983173,False,False,False,,[]
1678,1678,1679,True,1.0,1.0,1678.0,1679.0,1678.0,1679.0,1679.0,0.0,126.6,126.3,170.28904343749872,0.5001432299613953,0.5001432299613953,0.0,1.0,0.4273549420031773,0.4270437998254802,0.9995225436983963,0.9995225667953491,0.9995219340652773,0.9999843373371047,0.999984321706161,0.9999819499054727,0.9999819338240875,-20.419246109214416,-80.64805245909163,,712.3431451312197,False,False,False,,[]
1679,1679,1680,True,1.0,1.0,1679.0,1680.0,1679.0,1680.0,1680.0,0.0,126.3,126.0,169.65975710937764,0.5001434087753296,0.5001434087753296,0.0,1.0,0.4270437998254802,0.4267342142611624,0.9995219340652773,0.9995219111442566,0.9995213269168327,0.999984321706161,0.9999843060430446,0.9999819338240875,0.9999819176436848,-20.317937678128118,-80.24457827116386,,713.1935460236311,False,False,False,,[]
1680,1680,1681,True,1.0,1.0,1680.0,1681.0,1680.0,1681.0,1681.0,0.0,126.0,125.7,169.03196374999874,0.5001435875892639,0.5001435875892639,0.0,1.0,0.4267342142611624,0.4264261808238897,0.9995213269168327,0.9995213150978088,0.9995207222530309,0.9999843060430446,0.9999842903489744,0.9999819176436848,0.9999819013666907,-20.216906689274808,-79.84226694107993,,714.0455493016311,False,False,False,,[]
1681,1681,1682,True,1.0,1.0,1681.0,1682.0,1681.0,1682.0,1682.0,0.0,125.7,125.6,199.10733002604124,0.5001437664031982,0.5001437664031982,0.0,1.0,0.4264261808238897,0.42606877091091944,0.9995207222530309,0.9995207190513611,0.9995200421460417,0.9999842903489744,0.999984273019993,0.9999819013666907,0.9999818859363367,-23.454760233723515,-92.64064944190409,,685.7864160667008,False,False,False,,[]
1682,1682,1683,True,1.0,1.0,1682.0,1683.0,1682.0,1683.0,1683.0,0.0,125.6,125.6,214.24972833333334,0.5001440048217773,0.5001440048217773,0.0,1.0,0.42606877091091944,0.4256848558967183,0.9995200421460417,0.9995200634002686,0.9995193247556463,0.999984273019993,0.9999842543805291,0.9999818859363367,0.9999818699240532,-25.192319468470306,-99.51077168093636,,671.0032257707863,False,False,False,,[]
1683,1683,1684,True,1.0,1.0,1683.0,1684.0,1683.0,1684.0,1684.0,0.0,125.6,125.8,244.9513950000009,0.5001441836357117,0.5001441836357117,0.0,1.0,0.4256848558967183,0.42524540621974005,0.9995193247556463,0.9995193481445312,0.9995185371200842,0.9999842543805291,0.999984232036367,0.9999818699240532,0.9999818527729271,-28.831371190327307,-113.90535627276036,,641.9686264979927,False,False,False,,[]
1684,1684,1685,True,1.0,1.0,1684.0,1685.0,1684.0,1685.0,1685.0,0.0,125.8,126.2,276.07009760416844,0.5001444220542908,0.5001444220542908,0.0,1.0,0.42524540621974005,0.4247480948638552,0.9995185371200842,0.9995185136795044,0.9995176885178999,0.999984232036367,0.9999842050503477,0.9999818527729271,0.9999818348186703,-32.62068991963275,-128.90310344535615,,614.5858994094456,False,False,False,,[]
1685,1685,1686,True,1.0,1.0,1685.0,1686.0,1685.0,1686.0,1686.0,0.0,126.2,126.6,276.90616010416454,0.5001447200775146,0.5001447200775146,0.0,1.0,0.4247480948638552,0.4242484284095277,0.9995176885178999,0.9995176792144775,0.9995168377137716,0.9999842050503477,0.9999841784706585,0.9999818348186703,0.9999818168416983,-32.7731876815377,-129.51354496168634,,613.7591814952767,False,False,False,,[]
1686,1686,1687,True,1.0,1.0,1686.0,1687.0,1686.0,1687.0,1687.0,0.0,126.6,127.0,277.7448767708351,0.5001449584960938,0.5001449584960938,0.0,1.0,0.4242484284095277,0.4237463476356515,0.9995168377137716,0.9995168447494507,0.9995159846756807,0.9999841784706585,0.9999841523037639,0.9999818168416983,0.9999817987876838,-32.929550163478666,-130.13933658871133,,612.8932544621199,False,False,False,,[]
1687,1687,1688,True,1.0,1.0,1687.0,1688.0,1687.0,1688.0,1688.0,0.0,127.0,127.4,278.5862476041684,0.5001451969146729,0.5001451969146729,0.0,1.0,0.4237463476356515,0.42324184336220233,0.9995159846756807,0.9995160102844238,0.9995151294189841,0.9999841523037639,0.9999841265561763,0.9999817987876838,0.9999817806566454,-33.08649898581753,-130.76750767802716,,612.0293503169319,False,False,False,,[]
1688,1688,1689,True,1.0,1.0,1688.0,1689.0,1688.0,1689.0,1689.0,0.0,127.4,127.6,248.728605937497,0.500145435333252,0.500145435333252,0.0,1.0,0.42324184336220233,0.4227884077624296,0.9995151294189841,0.9995151162147522,0.9995143258635634,0.9999841265561763,0.9999841026491065,0.9999817806566454,0.9999817633812447,-29.74056168621454,-117.53050746109705,,634.9312725819736,False,False,False,,[]
1689,1689,1690,True,1.0,1.0,1689.0,1690.0,1689.0,1690.0,1690.0,0.0,127.6,127.8,249.1516137500009,0.500145673751831,0.500145673751831,0.0,1.0,0.4227884077624296,0.42233391071336984,0.9995143258635634,0.9995143413543701,0.9995135211300843,0.9999841026491065,0.9999840789248997,0.9999817633812447,0.9999817461867114,-29.80925799372364,-117.80563511629519,,634.5624044876929,False,False,False,,[]
1690,1690,1691,True,1.0,1.0,1690.0,1691.0,1690.0,1691.0,1691.0,0.0,127.8,127.9,234.22445177083384,0.5001459717750549,0.5001459717750549,0.0,1.0,0.42233391071336984,0.42190539921601894,0.9995135211300843,0.9995135068893433,0.9995127464533831,0.9999840789248997,0.9999840563369158,0.9999817461867114,0.99998172950837,-28.106480122676142,-111.07018011335684,,647.1463626166126,False,False,False,,[]
1691,1691,1692,True,1.0,1.0,1691.0,1692.0,1691.0,1692.0,1692.0,0.0,127.9,128.0,234.43653627604212,0.5001461505889893,0.5001461505889893,0.0,1.0,0.42190539921601894,0.4214761324019351,0.9995127464533831,0.9995127320289612,0.9995119708676707,0.9999840563369158,0.9999840336843473,0.99998172950837,0.9999817128092958,-28.155536343747837,-111.26595821052881,,646.7564721672925,False,False,False,,[]
1692,1692,1693,True,1.0,1.0,1692.0,1693.0,1692.0,1693.0,1693.0,0.0,128.0,128.1,234.64878666666323,0.5001463890075684,0.5001463890075684,0.0,1.0,0.4214761324019351,0.42104628690732643,0.9995119708676707,0.9995119571685791,0.9995111945869402,0.9999840336843473,0.999984011116857,0.9999817128092958,0.9999816960894853,-28.193018253482567,-111.41595220256627,,646.5123474154749,False,False,False,,[]
1693,1693,1694,True,1.0,1.0,1693.0,1694.0,1693.0,1694.0,1694.0,0.0,128.1,128.2,234.86120294270876,0.5001466274261475,0.5001466274261475,0.0,1.0,0.42104628690732643,0.42061586212423535,0.9995111945869402,0.999511182308197,0.9995104176116911,0.999984011116857,0.9999839886348194,0.9999816960894853,0.9999816793489338,-28.230538019389517,-111.56610377721307,,646.2683283477369,False,False,False,,[]
1694,1694,1695,True,1.0,1.0,1694.0,1695.0,1694.0,1695.0,1695.0,0.0,128.2,128.3,235.07378510417104,0.5001468658447266,0.5001468658447266,0.0,1.0,0.42061586212423535,0.42018485744433426,0.9995104176116911,0.9995104074478149,0.999509639942428,0.9999839886348194,0.9999839662386097,0.9999816793489338,0.999981662587637,-28.268095661220197,-111.71641303036037,,646.0244153396069,False,False,False,,[]
1695,1695,1696,True,1.0,1.0,1695.0,1696.0,1695.0,1696.0,1696.0,0.0,128.3,128.4,235.28653315103824,0.5001471042633057,0.5001471042633057,0.0,1.0,0.42018485744433426,0.41975327225892495,0.999509639942428,0.9995096325874329,0.9995088615796599,0.9999839662386097,0.9999839439286042,0.999981662587637,0.9999816458055903,-28.305691198712985,-111.8668800580919,,645.7806087697553,False,False,False,,[]
1696,1696,1697,True,1.0,1.0,1696.0,1697.0,1696.0,1697.0,1697.0,0.0,128.4,128.5,235.49944708333376,0.5001473426818848,0.5001473426818848,0.0,1.0,0.41975327225892495,0.4193211059589377,0.9995088615796599,0.9995088577270508,0.9995080825239002,0.9999839439286042,0.9999839217051797,0.9999816458055903,0.9999816290027894,-28.343324651597754,-112.01750495669764,,645.5369089134084,False,False,False,,[]
1697,1697,1698,True,1.0,1.0,1697.0,1698.0,1697.0,1698.0,1698.0,0.0,128.5,128.6,235.7125269010421,0.5001475811004639,0.5001475811004639,0.0,1.0,0.4193211059589377,0.41888835793493057,0.9995080825239002,0.9995080828666687,0.999507302775667,0.9999839217051797,0.9999838995687137,0.9999816290027894,0.99998161217923,-28.38099603958734,-112.16828782263721,,645.2933161878951,False,False,False,,[]
1698,1698,1699,True,1.0,1.0,1698.0,1699.0,1698.0,1699.0,1699.0,0.0,128.6,128.6,220.57493927083334,0.500147819519043,0.500147819519043,0.0,1.0,0.41888835793493057,0.41848228481841243,0.999507302775667,0.9995073080062866,0.9995065560446094,0.9999838995687137,0.9999838784704144,0.99998161217923,0.9999815958458411,-26.633424101317985,-105.25415180150011,,658.6843301426692,False,False,False,,[]
1699,1699,1700,True,1.0,1.0,1699.0,1700.0,1699.0,1700.0,1700.0,0.0,128.6,128.5,205.2241059374996,0.5001480579376221,0.5001480579376221,0.0,1.0,0.41848228481841243,0.4181050577101462,0.9995065560446094,0.9995065331459045,0.9995058478408361,0.9999838784704144,0.999983859717001,0.9999815958458411,0.9999815799987771,-24.743685424949305,-97.77726646260113,,674.4689400162702,False,False,False,,[]
1700,1700,1701,True,1.0,1.0,1700.0,1701.0,1700.0,1701.0,1701.0,0.0,128.5,128.3,189.66002690104474,0.5001482367515564,0.5001482367515564,0.0,1.0,0.4181050577101462,0.4177568176349692,0.9995058478408361,0.999505877494812,0.9995051811684977,0.999983859717001,0.9999838428488296,0.9999815799987771,0.9999815647564,-22.844673529639433,-90.26382748588401,,691.0764748152656,False,False,False,,[]
1701,1701,1702,True,1.0,1.0,1701.0,1702.0,1701.0,1702.0,1702.0,0.0,128.3,128.1,189.23403315103695,0.5001484751701355,0.5001484751701355,0.0,1.0,0.4177568176349692,0.417409894850836,0.9995051811684977,0.9995051622390747,0.999504516448234,0.9999838428488296,0.999983826044753,0.9999815647564,0.999981549555203,-22.75890011575985,-89.92238564731694,,691.849966688478,False,False,False,,[]
1702,1702,1703,True,1.0,1.0,1702.0,1703.0,1702.0,1703.0,1703.0,0.0,128.1,127.9,188.80870294271142,0.5001486539840698,0.5001486539840698,0.0,1.0,0.417409894850836,0.4170642857104384,0.999504516448234,0.9995045065879822,0.9995038536801341,0.999983826044753,0.9999838093045965,0.999981549555203,0.999981534395179,-22.67335678731909,-89.58188919105822,,692.6233592389767,False,False,False,,[]
1703,1703,1704,True,1.0,1.0,1703.0,1704.0,1703.0,1704.0,1704.0,0.0,127.9,127.6,173.03320294270708,0.5001488327980042,0.5001488327980042,0.0,1.0,0.4170642857104384,0.416746589974297,0.9995038536801341,0.9995038509368896,0.9995032336652416,0.9999838093045965,0.9999837938273608,0.999981534395179,0.9999815190393542,-20.844464355479214,-82.34673480786576,,708.9532284223849,False,False,False,,[]
1704,1704,1705,True,1.0,1.0,1704.0,1705.0,1704.0,1705.0,1705.0,0.0,127.6,127.4,187.74828041666973,0.5001490116119385,0.5001490116119385,0.0,1.0,0.416746589974297,0.41640424928366243,0.9995032336652416,0.9995032548904419,0.9995025757779987,0.9999837938273608,0.9999837772462356,0.9999815190393542,0.9999815039822292,-22.460503215529958,-88.7347070124725,,694.5565067152963,False,False,False,,[]
1705,1705,1706,True,1.0,1.0,1705.0,1706.0,1705.0,1706.0,1706.0,0.0,127.4,127.2,187.32527260416586,0.5001492500305176,0.5001492500305176,0.0,1.0,0.41640424928366243,0.4160632095402585,0.9995025757779987,0.9995025992393494,0.9995019198428724,0.9999837772462356,0.9999837607284117,0.9999815039822292,0.999981488966251,-22.37576302286816,-88.39750149029388,,695.329512939552,False,False,False,,[]
1706,1706,1707,True,1.0,1.0,1706.0,1707.0,1706.0,1707.0,1707.0,0.0,127.2,127.0,186.9029283333325,0.5001494288444519,0.5001494288444519,0.0,1.0,0.4160632095402585,0.41572346712903596,0.9995019198428724,0.9995019435882568,0.9995012658597373,0.9999837607284117,0.9999837442737156,0.999981488966251,0.9999814739914099,-22.29125145366408,-88.06123298888502,,696.102395060634,False,False,False,,[]
1707,1707,1708,True,1.0,1.0,1707.0,1708.0,1707.0,1708.0,1708.0,0.0,127.0,126.9,201.8320809374996,0.5001496076583862,0.5001496076583862,0.0,1.0,0.41572346712903596,0.41535758438048304,0.9995012658597373,0.9995012879371643,0.9995005735814727,0.9999837442737156,0.9999837265256402,0.9999814739914099,0.9999814584594263,-24.004935816459895,-94.83680842491125,,681.0176916195826,False,False,False,,[]
1708,1708,1709,True,1.0,1.0,1708.0,1709.0,1708.0,1709.0,1709.0,0.0,126.9,126.8,201.62148940104126,0.5001498460769653,0.5001498460769653,0.0,1.0,0.41535758438048304,0.4149923474947368,0.9995005735814727,0.999500572681427,0.9994998822227175,0.9999837265256402,0.9999837088100404,0.9999814584594263,0.9999814429259569,-23.96285035017463,-94.66940078543335,,681.3744380617411,False,False,False,,[]
1709,1709,1710,True,1.0,1.0,1709.0,1710.0,1709.0,1710.0,1710.0,0.0,126.8,126.7,201.41106374999958,0.5001500248908997,0.5001500248908997,0.0,1.0,0.4149923474947368,0.41462771618414934,0.9994998822227175,0.9994998574256897,0.9994991917273607,0.9999837088100404,0.9999836911268747,0.9999814429259569,0.9999814273493218,-23.923401400046938,-94.51243570426887,,681.6908386844198,False,False,False,,[]
1710,1710,1711,True,1.0,1.0,1710.0,1711.0,1710.0,1711.0,1711.0,0.0,126.7,126.8,231.9024706510421,0.5001502633094788,0.5001502633094788,0.0,1.0,0.41462771618414934,0.41420798230932465,0.9994991917273607,0.9994992017745972,0.99949842776685,0.9999836911268747,0.999983669860088,0.9999814273493218,0.9999814107217587,-27.534123222101673,-108.79502035455671,,651.8801663498934,False,False,False,,[]
1711,1711,1712,True,1.0,1.0,1711.0,1712.0,1711.0,1712.0,1712.0,0.0,126.8,126.9,232.1127304166671,0.5001504421234131,0.5001504421234131,0.0,1.0,0.41420798230932465,0.4137874411482907,0.99949842776685,0.9994984269142151,0.9994976628090912,0.999983669860088,0.9999836484748359,0.9999814107217587,0.9999813940760609,-27.586557255501184,-109.0042689400016,,651.4369876149955,False,False,False,,[]
1712,1712,1713,True,1.0,1.0,1712.0,1713.0,1712.0,1713.0,1713.0,0.0,126.9,127.1,247.67398940103863,0.5001506805419922,0.5001506805419922,0.0,1.0,0.4137874411482907,0.4133373140030313,0.9994976628090912,0.999497652053833,0.9994968629530367,0.9999836484748359,0.9999836245048178,0.9999813940760609,0.9999813768477466,-29.52407101768376,-116.67295605123643,,636.4112178304746,False,False,False,,[]
1713,1713,1714,True,1.0,1.0,1713.0,1714.0,1713.0,1714.0,1714.0,0.0,127.1,127.4,263.44617169271356,0.5001509189605713,0.5001509189605713,0.0,1.0,0.4133373140030313,0.4128587969881307,0.9994968629530367,0.9994968771934509,0.999496032720658,0.9999836245048178,0.9999835995521749,0.9999813768477466,0.9999813591031795,-31.382405330924062,-124.03161026223266,,623.3491133395747,False,False,False,,[]
1714,1714,1715,True,1.0,1.0,1714.0,1715.0,1714.0,1715.0,1715.0,0.0,127.4,127.7,264.0794392708308,0.5001511573791504,0.5001511573791504,0.0,1.0,0.4128587969881307,0.4123785503058838,0.999496032720658,0.9994960427284241,0.9994952007389671,0.9999835995521749,0.9999835748951429,0.9999813591031795,0.9999813413669774,-31.494324954844224,-124.47994003840145,,622.7277887118208,False,False,False,,[]
1715,1715,1716,True,1.0,1.0,1715.0,1716.0,1715.0,1716.0,1716.0,0.0,127.7,128.1,280.06503315103953,0.5001514554023743,0.5001514554023743,0.0,1.0,0.4123785503058838,0.4118699603539246,0.9994952007389671,0.9994952082633972,0.9994943417963255,0.9999835748951429,0.9999835498970222,0.9999813413669774,0.999981323332716,-33.34864254194365,-131.82651554782498,,610.68083288387,False,False,False,,[]
1716,1716,1717,True,1.0,1.0,1716.0,1717.0,1716.0,1717.0,1717.0,0.0,128.1,128.5,280.9137029427101,0.5001516938209534,0.5001516938209534,0.0,1.0,0.4118699603539246,0.41135892142364655,0.9994943417963255,0.9994943141937256,0.9994934806771162,0.9999835498970222,0.9999835253363804,0.999981323332716,0.9999813052229264,-33.50712796231262,-132.46129072807517,,609.8225523315281,False,False,False,,[]
1717,1717,1718,True,1.0,1.0,1717.0,1718.0,1717.0,1718.0,1718.0,0.0,128.5,129.0,297.11586023437724,0.5001519322395325,0.5001519322395325,0.0,1.0,0.41135892142364655,0.4108187782981674,0.9994934806771162,0.9994934797286987,0.9994925956021941,0.9999835253363804,0.9999835007316015,0.9999813052229264,0.9999812867246214,-35.41018515164984,-140.0050981241964,,598.1742400567889,False,False,False,,[]
1718,1718,1719,True,1.0,1.0,1718.0,1719.0,1718.0,1719.0,1719.0,0.0,129.0,129.5,298.18374760416503,0.5001522302627563,0.5001522302627563,0.0,1.0,0.4108187782981674,0.41027238635758995,0.9994925956021941,0.9994925856590271,0.9994917058507227,0.9999835007316015,0.9999834740356649,0.9999812867246214,0.9999812681357587,-35.81672948140212,-141.62479099766298,,595.0072158064413,False,False,False,,[]
1719,1719,1720,True,1.0,1.0,1719.0,1720.0,1719.0,1720.0,1720.0,0.0,129.5,130.1,314.60661544270704,0.5001524686813354,0.5001524686813354,0.0,1.0,0.41027238635758995,0.4096941470706942,0.9994917058507227,0.9994916915893555,0.9994907591449255,0.9999834740356649,0.9999834457495441,0.9999812681357587,0.9999812493153503,-37.89794303730764,-149.87962316338655,,581.3898067562244,False,False,False,,[]
1720,1720,1721,True,1.0,1.0,1720.0,1721.0,1720.0,1721.0,1721.0,0.0,130.1,130.6,300.5476977343772,0.5001527667045593,0.5001527667045593,0.0,1.0,0.4096941470706942,0.4091388401306284,0.9994907591449255,0.9994907379150391,0.9994898630122485,0.9999834457495441,0.9999834186129369,0.9999812493153503,0.9999812306418638,-36.39463564800038,-143.93555886505558,,591.4603879699861,False,False,False,,[]
1721,1721,1722,True,1.0,1.0,1721.0,1722.0,1721.0,1722.0,1722.0,0.0,130.6,131.0,286.27802260416456,0.5001530647277832,0.5001530647277832,0.0,1.0,0.4091388401306284,0.4086074298435859,0.9994898630122485,0.9994898438453674,0.9994889847516346,0.9999834186129369,0.9999833926754964,0.9999812306418638,0.9999812120861332,-34.828705807718286,-137.74154640142086,,601.0592396367508,False,False,False,,[]
1722,1722,1723,True,1.0,1.0,1722.0,1723.0,1722.0,1723.0,1723.0,0.0,131.0,131.2,256.4442684375009,0.5001533031463623,0.5001533031463623,0.0,1.0,0.4086074298435859,0.4081289804051516,0.9994889847516346,0.9994890093803406,0.9994881545878394,0.9999833926754964,0.9999833693877608,0.9999812120861332,0.9999811939276865,-31.361168459415197,-124.0140944421666,,623.8645663584032,False,False,False,,[]
1723,1723,1724,True,1.0,1.0,1723.0,1724.0,1723.0,1724.0,1724.0,0.0,131.2,131.3,241.5283866666671,0.5001535415649414,0.5001535415649414,0.0,1.0,0.4081289804051516,0.4076773198018548,0.9994881545878394,0.9994881749153137,0.9994873530119797,0.9999833693877608,0.9999833474294325,0.9999811939276865,0.9999811762147288,-29.60686694469059,-117.07042837452909,,636.3389738133576,False,False,False,,[]
1724,1724,1725,True,1.0,1.0,1724.0,1725.0,1724.0,1725.0,1725.0,0.0,131.3,131.2,211.04444460937458,0.5001537799835205,0.5001537799835205,0.0,1.0,0.4076773198018548,0.407281740238794,0.9994873530119797,0.9994873404502869,0.9994866199638592,0.9999833474294325,0.9999833282425143,0.9999811762147288,0.9999811596817679,-25.934882800972474,-102.53422274536022,,664.6265934955416,False,False,False,,[]
1725,1725,1726,True,1.0,1.0,1725.0,1726.0,1725.0,1726.0,1726.0,0.0,131.2,130.7,149.42338666666453,0.5001540184020996,0.5001540184020996,0.0,1.0,0.407281740238794,0.4069951929392215,0.9994866199638592,0.9994866251945496,0.9994860504142523,0.9999833282425143,0.9999833146888641,0.9999811596817679,0.9999811407183441,-18.793234737569517,-74.27306004919204,,726.7339746429791,False,False,False,,[]
1726,1726,1727,True,1.0,1.0,1726.0,1727.0,1726.0,1727.0,1727.0,0.0,130.7,129.8,86.93391856771225,0.5001541972160339,0.5001541972160339,0.0,1.0,0.4069951929392215,0.4068257376632304,0.9994860504142523,0.9994860291481018,0.999485693527242,0.9999833146888641,0.9999833068455549,0.9999811407183441,0.9999811263353923,-11.118550518469625,-43.922807536897466,,814.7500802775218,False,False,False,,[]
1727,1727,1728,True,1.0,1.0,1727.0,1728.0,1727.0,1728.0,1728.0,0.0,129.8,128.4,8.235160104164525,0.5001543164253235,0.5001543164253235,0.0,1.0,0.4068257376632304,0.4068101844152429,0.999485693527242,0.9994856715202332,0.9994856641274416,0.9999833068455549,0.9999833061091261,0.9999811263353923,0.9999811253050283,-1.02111756404855,-4.031401878348202,,980.1422966256546,False,False,False,,[]
1728,1728,1729,True,1.0,1.0,1728.0,1729.0,1728.0,1729.0,1729.0,0.0,128.4,126.5,-71.51721958333381,0.5001543164253235,0.5001543164253235,0.0,1.0,0.4068101844152429,0.406910838767861,0.9994856641274416,0.9994856715202332,0.9994854573459895,0.9999833061091261,0.9999832985327041,0.9999811253050283,0.9999811118639125,6.6119057970275,26.089608198601912,,1062.6525825001665,False,False,False,,[]
1729,1729,1730,True,1.0,1.0,1729.0,1730.0,1729.0,1730.0,1730.0,0.0,126.5,124.1,-152.2883845572904,0.5001543760299683,0.5001543760299683,0.0,1.0,0.406910838767861,0.4071298730831968,0.9994854573459895,0.999485433101654,0.9994850063160897,0.9999832985327041,0.9999832834084919,0.9999811118639125,0.9999810933707914,14.397546545403447,56.77369453504496,,1163.2153958785784,False,False,False,,[]
1730,1730,1731,True,1.0,1.0,1730.0,1731.0,1730.0,1731.0,1731.0,0.0,124.1,121.6,-172.62772414062417,0.5001544952392578,0.5001544952392578,0.0,1.0,0.4071298730831968,0.407376591050854,0.9994850063160897,0.9994850158691406,0.9994845052528706,0.9999832834084919,0.999983267096721,0.9999810933707914,0.9999810764426942,16.223779951345502,63.949297216748484,,1195.2740456290041,False,False,False,,[]
1731,1731,1732,True,1.0,1.0,1731.0,1732.0,1731.0,1732.0,1732.0,0.0,121.6,119.0,-193.07331333333292,0.5001546740531921,0.5001546740531921,0.0,1.0,0.407376591050854,0.40764915511126254,0.9994845052528706,0.9994844794273376,0.9994839592578982,0.999983267096721,0.9999832497510355,0.9999810764426942,0.9999810603567366,17.930506166934443,70.64860445788851,,1226.291072431272,False,False,False,,[]
1732,1732,1733,True,1.0,1.0,1732.0,1733.0,1732.0,1733.0,1733.0,0.0,119.0,116.5,-182.91104406250307,0.5001547932624817,0.5001547932624817,0.0,1.0,0.40764915511126254,0.407898576017602,0.9994839592578982,0.9994839429855347,0.9994834534133963,0.9999832497510355,0.9999832322889325,0.9999810603567366,0.9999810429898781,16.412022491090383,64.64989892318928,,1196.1829724576373,False,False,False,,[]
1733,1733,1734,True,1.0,1.0,1733.0,1734.0,1733.0,1734.0,1734.0,0.0,116.5,114.1,-172.4434626822904,0.500154972076416,0.500154972076416,0.0,1.0,0.407898576017602,0.4081257215328742,0.9994834534133963,0.9994834661483765,0.9994829875268129,0.9999832322889325,0.9999832149072394,0.9999810429898781,0.9999810246254015,14.949645285873762,58.8761175585491,,1169.3317316740727,False,False,False,,[]
1734,1734,1735,True,1.0,1.0,1734.0,1735.0,1734.0,1735.0,1735.0,0.0,114.1,111.8,-161.6830105989586,0.5001550912857056,0.5001550912857056,0.0,1.0,0.4081257215328742,0.40833262263394143,0.9994829875268129,0.9994829893112183,0.9994825590156996,0.9999832149072394,0.9999831977938981,0.9999810246254015,0.9999810069997398,13.620129932032984,53.628765396629134,,1148.5156982154324,False,False,False,,[]
1735,1735,1736,True,1.0,1.0,1735.0,1736.0,1735.0,1736.0,1736.0,0.0,111.8,109.5,-165.9924648958336,0.5001552104949951,0.5001552104949951,0.0,1.0,0.40833262263394143,0.4085402610130254,0.9994825590156996,0.9994825720787048,0.9994821291262883,0.9999831977938981,0.9999831802205394,0.9999810069997398,0.9999809891992715,13.67221149201494,53.81986785856212,,1148.46903636301,False,False,False,,[]
1736,1736,1737,True,1.0,1.0,1736.0,1737.0,1736.0,1737.0,1737.0,0.0,109.5,107.1,-185.56499914062573,0.5001553297042847,0.5001553297042847,0.0,1.0,0.4085402610130254,0.40876889957258483,0.9994821291262883,0.9994821548461914,0.9994816605225534,0.9999831802205394,0.9999831614478076,0.9999809891992715,0.9999809710818427,15.059736868541794,59.263114637815306,,1169.437488644857,False,False,False,,[]
1737,1737,1738,True,1.0,1.0,1737.0,1738.0,1737.0,1738.0,1738.0,0.0,107.1,104.8,-174.52585955728995,0.500155508518219,0.500155508518219,0.0,1.0,0.40876889957258483,0.40897788223261267,0.9994816605225534,0.9994816780090332,0.9994812281233696,0.9999831614478076,0.9999831429976126,0.9999809710818427,0.9999809541054797,13.767630608605645,54.16830547921615,,1149.8431742375597,False,False,False,,[]
1738,1738,1739,True,1.0,1.0,1738.0,1739.0,1738.0,1739.0,1739.0,0.0,104.8,102.5,-178.56823833333357,0.5001556277275085,0.5001556277275085,0.0,1.0,0.40897788223261267,0.4091869392575406,0.9994812281233696,0.999481201171875,0.9994807955854704,0.9999831429976126,0.9999831241514943,0.9999809541054797,0.9999809374599717,13.77572631541827,54.18758086132093,,1149.8371255861234,False,False,False,,[]
1739,1739,1740,True,1.0,1.0,1739.0,1740.0,1739.0,1740.0,1740.0,0.0,102.5,100.4,-151.82119705729104,0.5001557469367981,0.5001557469367981,0.0,1.0,0.4091869392575406,0.4093593601004786,0.9994807955854704,0.9994807839393616,0.9994804329136858,0.9999831241514943,0.9999831068372935,0.9999809374599717,0.9999809236037932,11.362828063588932,44.69148248951859,,1117.2975693792607,False,False,False,,[]
1740,1740,1741,True,1.0,1.0,1740.0,1741.0,1740.0,1741.0,1741.0,0.0,100.4,98.6,-109.3028029166686,0.5001558661460876,0.5001558661460876,0.0,1.0,0.4093593601004786,0.4094789073647184,0.9994804329136858,0.9994804263114929,0.999480182737807,0.9999831068372935,0.9999830940823152,0.9999809236037932,0.9999809117014149,7.878633414641476,30.98665089097146,,1075.1212131884479,False,False,False,,[]
1741,1741,1742,True,1.0,1.0,1741.0,1742.0,1741.0,1742.0,1742.0,0.0,98.6,97.2,-50.87047739583159,0.5001559257507324,0.5001559257507324,0.0,1.0,0.4094789073647184,0.40953263179671334,0.999480182737807,0.9994801878929138,0.9994800773203868,0.9999830940823152,0.9999830899426655,0.9999809117014149,0.9999809029940595,3.5405212074821897,13.925372773083808,,1031.284728509297,False,False,False,,[]
1742,1742,1743,True,1.0,1.0,1742.0,1743.0,1742.0,1743.0,1743.0,0.0,97.2,95.9,-37.79326958333312,0.5001559853553772,0.5001559853553772,0.0,1.0,0.40953263179671334,0.40957195688400494,0.9994800773203868,0.9994800686836243,0.9994800012365167,0.9999830899426655,0.9999830874151103,0.9999809029940595,0.9999808959816094,2.5918217318156063,10.19306262598489,,1022.679654841359,False,False,False,,[]
1743,1743,1744,True,1.0,1.0,1743.0,1744.0,1743.0,1744.0,1744.0,0.0,95.9,94.8,-9.173713723959178,0.5001559853553772,0.5001559853553772,0.0,1.0,0.40957195688400494,0.40958205215682086,0.9994800012365167,0.9994800090789795,0.999479982255368,0.9999830874151103,0.9999830866880323,0.9999808959816094,0.999980895275169,0.6653781011414662,2.6166947138918775,,1006.8096977648053,False,False,False,,[]
1744,1744,1745,True,1.0,1.0,1744.0,1745.0,1744.0,1745.0,1745.0,0.0,94.8,93.8,4.437230416666244,0.5001559853553772,0.5001559853553772,0.0,1.0,0.40958205215682086,0.4095758865029289,0.999479982255368,0.9994800090789795,0.9994799707071746,0.9999830866880323,0.9999830863402248,0.999980895275169,0.9999808948696468,-0.4064013483795909,-1.5981374887848043,,991.990861353451,False,False,False,,[]
1745,1745,1746,True,1.0,1.0,1745.0,1746.0,1745.0,1746.0,1746.0,0.0,93.8,92.8,2.872930937499575,0.500156044960022,0.500156044960022,0.0,1.0,0.4095758865029289,0.40957198102607517,0.9994799707071746,0.9994799494743347,0.9994799634084206,0.9999830863402248,0.9999830861174213,0.9999808948696468,0.9999808946531674,-0.25744669213166066,-1.012299600485874,,994.9509866989682,False,False,False,,[]
1746,1746,1747,True,1.0,1.0,1746.0,1747.0,1746.0,1747.0,1747.0,0.0,92.8,91.8,1.3252200000015208,0.500156044960022,0.500156044960022,0.0,1.0,0.40957198102607517,0.40957021900354945,0.9994799634084206,0.9994799494743347,0.9994799601223608,0.9999830861174213,0.9999830860326939,0.9999808946531674,0.9999808945543806,-0.11616125925939252,-0.4567162386730351,,997.731017285173,False,False,False,,[]
1747,1747,1748,True,1.0,1.0,1747.0,1748.0,1747.0,1748.0,1748.0,0.0,91.8,91.0,30.495764270833778,0.500156044960022,0.500156044960022,0.0,1.0,0.40957021900354945,0.40952605258204766,0.9994799601223608,0.9994799494743347,0.9994798742660974,0.9999830860326939,0.9999830841019722,0.9999808945543806,0.9999808889280949,-2.9115018017662195,-11.447936453269252,,943.1212485618721,False,False,False,,[]
1748,1748,1749,True,1.0,1.0,1748.0,1749.0,1748.0,1749.0,1749.0,0.0,91.0,90.2,29.282810104167112,0.500156044960022,0.500156044960022,0.0,1.0,0.40952605258204766,0.40948395561146406,0.9994798742660974,0.9994798898696899,0.999479792598196,0.9999830841019722,0.999983082264271,0.9999808889280949,0.9999808835302115,-2.7752506576662523,-10.911534775271637,,945.6270629773502,False,False,False,,[]
1749,1749,1750,True,1.0,1.0,1749.0,1750.0,1749.0,1750.0,1750.0,0.0,90.2,89.6,58.78213927083075,0.500156044960022,0.500156044960022,0.0,1.0,0.40948395561146406,0.4094026837260036,0.999479792598196,0.9994797706604004,0.9994796287715296,0.999983082264271,0.9999830786037827,0.9999808835302115,0.9999808746898587,-5.357490418468138,-21.065672711360563,,900.7747979191389,False,False,False,,[]
1750,1750,1751,True,1.0,1.0,1750.0,1751.0,1750.0,1751.0,1751.0,0.0,89.6,89.1,73.23818666666645,0.5001561045646667,0.5001561045646667,0.0,1.0,0.4094026837260036,0.40930213081218725,0.9994796287715296,0.9994796514511108,0.9994794222189687,0.9999830786037827,0.9999830731644278,0.9999808746898587,0.9999808646722146,-6.62833030439374,-26.063315261198692,,879.7665551289181,False,False,False,,[]
1751,1751,1752,True,1.0,1.0,1751.0,1752.0,1751.0,1752.0,1752.0,0.0,89.1,88.6,72.4970935677081,0.5001561641693115,0.5001561641693115,0.0,1.0,0.40930213081218725,0.4092041248424113,0.9994794222189687,0.9994794130325317,0.9994792213992432,0.9999830731644278,0.9999830687026074,0.9999808646722146,0.9999808547415079,-6.460647712387538,-25.403147365930256,,883.0174356487697,False,False,False,,[]
1752,1752,1753,True,1.0,1.0,1752.0,1753.0,1752.0,1753.0,1753.0,0.0,88.6,88.1,71.76014760416841,0.5001562237739563,0.5001562237739563,0.0,1.0,0.4092041248424113,0.40910655538216417,0.9994792213992432,0.9994792342185974,0.9994790215593047,0.9999830687026074,0.9999830634326727,0.9999808547415079,0.9999808449100464,-6.4320410112823225,-25.2900040960603,,882.8814883011355,False,False,False,,[]
1753,1753,1754,True,1.0,1.0,1753.0,1754.0,1753.0,1754.0,1754.0,0.0,88.1,87.6,71.02734877604146,0.5001562833786011,0.5001562833786011,0.0,1.0,0.40910655538216417,0.4090114852588611,0.9994790215593047,0.9994789958000183,0.9994788273139761,0.9999830634326727,0.9999830591105059,0.9999808449100464,0.9999808351784792,-6.267479893712627,-24.64217596015271,,886.0940379313131,False,False,False,,[]
1754,1754,1755,True,1.0,1.0,1754.0,1755.0,1754.0,1755.0,1755.0,0.0,87.6,87.1,70.29869708333314,0.5001563429832458,0.5001563429832458,0.0,1.0,0.4090114852588611,0.40891685583589427,0.9994788273139761,0.999478816986084,0.9994786340524148,0.9999830591105059,0.9999830540063298,0.9999808351784792,0.9999808255471843,-6.2385902247462095,-24.527946433011955,,885.9820407499834,False,False,False,,[]
1755,1755,1756,True,1.0,1.0,1755.0,1756.0,1755.0,1756.0,1756.0,0.0,87.1,86.6,69.57419252604147,0.5001564025878906,0.5001564025878906,0.0,1.0,0.40891685583589427,0.408824664292256,0.9994786340524148,0.9994786381721497,0.9994784462182317,0.9999830540063298,0.9999830498207825,0.9999808255471843,0.999980816016505,-6.078063882232347,-23.896048111044276,,889.1329550576805,False,False,False,,[]
1756,1756,1757,True,1.0,1.0,1756.0,1757.0,1756.0,1757.0,1757.0,0.0,86.6,86.1,68.85383510416646,0.5001564621925354,0.5001564621925354,0.0,1.0,0.408824664292256,0.40873389060751797,0.9994784462182317,0.9994784593582153,0.9994782615291924,0.9999830498207825,0.9999830457024178,0.999980816016505,0.9999808065867513,-5.984761434229302,-23.528539084104928,,890.637937864961,False,False,False,,[]
1757,1757,1758,True,1.0,1.0,1757.0,1758.0,1757.0,1758.0,1758.0,0.0,86.1,85.5,52.78679148437631,0.5001565217971802,0.5001565217971802,0.0,1.0,0.40873389060751797,0.4086637421630766,0.9994782615291924,0.999478280544281,0.999478121655371,0.9999830457024178,0.9999830425651838,0.9999808065867513,0.9999807986151664,-4.625343218449796,-18.18247679920656,,913.038017721916,False,False,False,,[]
1758,1758,1759,True,1.0,1.0,1758.0,1759.0,1758.0,1759.0,1759.0,0.0,85.5,85.0,67.28364669270813,0.500156581401825,0.500156581401825,0.0,1.0,0.4086637421630766,0.408576038101253,0.999478121655371,0.9994781017303467,0.9994779437468635,0.9999830425651838,0.999983038592003,0.9999807986151664,0.9999807894083762,-5.782773333737641,-22.732892824687806,,893.9147688772879,False,False,False,,[]
1759,1759,1760,True,1.0,1.0,1759.0,1760.0,1759.0,1760.0,1760.0,0.0,85.0,84.4,51.225726770834655,0.5001566410064697,0.5001566410064697,0.0,1.0,0.408576038101253,0.4085087089769612,0.9994779437468635,0.9994779229164124,0.999477809864443,0.999983038592003,0.9999830355865772,0.9999807894083762,0.9999807816711105,-4.439745170253544,-17.451709016440983,,916.2039350903332,False,False,False,,[]
1760,1760,1761,True,1.0,1.0,1760.0,1761.0,1760.0,1761.0,1761.0,0.0,84.4,83.8,50.38269708333075,0.5001566410064697,0.5001566410064697,0.0,1.0,0.4085087089769612,0.40844219525563147,0.999477809864443,0.9994778037071228,0.9994776777088928,0.9999830355865772,0.9999830320645466,0.9999807816711105,0.9999807740618555,-4.386134438618223,-17.240356568653542,,916.7074463230682,False,False,False,,[]
1761,1761,1762,True,1.0,1.0,1761.0,1762.0,1761.0,1762.0,1762.0,0.0,83.8,83.2,49.54563927083464,0.5001567006111145,0.5001567006111145,0.0,1.0,0.40844219525563147,0.40837786429372464,0.9994776777088928,0.9994776844978333,0.9994775501628917,0.9999830320645466,0.9999830291988749,0.9999807740618555,0.9999807665806817,-4.242364633210602,-16.674585326251375,,919.5973865556097,False,False,False,,[]
1762,1762,1763,True,1.0,1.0,1762.0,1763.0,1762.0,1763.0,1763.0,0.0,83.2,82.6,48.714553333332695,0.5001567602157593,0.5001567602157593,0.0,1.0,0.40837786429372464,0.40831500224282763,0.9994775501628917,0.9994775652885437,0.9994774257082005,0.9999830291988749,0.9999830264015184,0.9999807665806817,0.999980759227604,-4.145651780902921,-16.29384359251074,,921.2701386063942,False,False,False,,[]
1763,1763,1764,True,1.0,1.0,1763.0,1764.0,1763.0,1764.0,1764.0,0.0,82.6,82.0,47.88943927083465,0.5001567602157593,0.5001567602157593,0.0,1.0,0.40831500224282763,0.4082529438551374,0.9994774257082005,0.9994774460792542,0.999477302941164,0.9999830264015184,0.9999830231254315,0.999980759227604,0.9999807520025825,-4.092795822572704,-16.08553408930807,,921.798148248804,False,False,False,,[]
1764,1764,1765,True,1.0,1.0,1764.0,1765.0,1764.0,1765.0,1765.0,0.0,82.0,81.3,31.719463749998944,0.500156819820404,0.500156819820404,0.0,1.0,0.4082529438551374,0.408211559895774,0.999477302941164,0.9994773268699646,0.999477222712481,0.9999830231254315,0.9999830209726602,0.9999807520025825,0.9999807468140006,-2.72956832724994,-10.72672226698046,,946.2992396047125,False,False,False,,[]
1765,1765,1766,True,1.0,1.0,1765.0,1766.0,1765.0,1766.0,1766.0,0.0,81.3,80.4,0.06967898437696932,0.500156819820404,0.500156819820404,0.0,1.0,0.408211559895774,0.40821147787517925,0.999477222712481,0.999477207660675,0.999477222559769,0.9999830209726602,0.999983020968758,0.9999807468140006,0.9999807468085409,-0.005410772436208569,-0.021259738159165688,,999.8933576279735,False,False,False,,[]
1766,1766,1767,True,1.0,1.0,1766.0,1767.0,1766.0,1767.0,1767.0,0.0,80.4,79.1,-62.54071958333507,0.500156819820404,0.500156819820404,0.0,1.0,0.40821147787517925,0.4082662037441922,0.999477222559769,0.999477207660675,0.9994771150720901,0.999983020968758,0.999983017513916,0.9999807468085409,0.9999807385153554,3.611019425560739,14.18494524815533,,1033.302378496834,False,False,False,,[]
1767,1767,1768,True,1.0,1.0,1767.0,1768.0,1767.0,1768.0,1768.0,0.0,79.1,77.4,-125.6638699739579,0.5001568794250488,0.5001568794250488,0.0,1.0,0.4082662037441922,0.40837208341745757,0.9994771150720901,0.9994770884513855,0.9994768964411496,0.999983017513916,0.9999830036843534,0.9999807385153554,0.9999807278754904,6.9881338596739475,27.4440113103752,,1063.3175301822187,False,False,False,,[]
1768,1768,1769,True,1.0,1.0,1768.0,1769.0,1768.0,1769.0,1769.0,0.0,77.4,75.1,-219.97556072916692,0.5001569390296936,0.5001569390296936,0.0,1.0,0.40837208341745757,0.4085624427194957,0.9994768964411496,0.9994769096374512,0.9994764991839477,0.9999830036843534,0.99998298854913,0.9999807278754904,0.9999807121219636,12.568625190117471,49.34113108828892,,1136.0342272609817,False,False,False,,[]
1769,1769,1770,True,1.0,1.0,1769.0,1770.0,1769.0,1770.0,1770.0,0.0,75.1,72.3,-299.63894289062546,0.5001570582389832,0.5001570582389832,0.0,1.0,0.4085624427194957,0.4088169284672558,0.9994764991839477,0.9994764924049377,0.9994759844312583,0.99998298854913,0.9999829706274789,0.9999807121219636,0.9999806939699132,16.808464063682642,65.9627058194239,,1200.3890853443984,False,False,False,,[]
1770,1770,1771,True,1.0,1.0,1770.0,1771.0,1770.0,1771.0,1771.0,0.0,72.3,69.1,-364.4654876822919,0.5001572370529175,0.5001572370529175,0.0,1.0,0.4088169284672558,0.4091219426145628,0.9994759844312583,0.9994759559631348,0.9994753846210417,0.9999829706274789,0.9999829562307012,0.9999806939699132,0.9999806753904391,20.152380629766814,79.05966698196897,,1269.1271322732707,False,False,False,,[]
1771,1771,1772,True,1.0,1.0,1771.0,1772.0,1771.0,1772.0,1772.0,0.0,69.1,65.9,-368.2184793489567,0.5001574158668518,0.5001574158668518,0.0,1.0,0.4091219426145628,0.4094125884354967,0.9994753846210417,0.999475359916687,0.999474808271147,0.9999829562307012,0.9999829400508085,0.9999806753904391,0.9999806557461614,19.205701079036533,75.33539678607235,,1245.61956229729,False,False,False,,[]
1772,1772,1773,True,1.0,1.0,1772.0,1773.0,1772.0,1773.0,1773.0,0.0,65.9,62.7,-371.80160434895856,0.5001575350761414,0.5001575350761414,0.0,1.0,0.4094125884354967,0.4096891852136955,0.999474808271147,0.999474823474884,0.9994742554275504,0.9999829400508085,0.9999829222959077,0.9999806557461614,0.9999806357489321,18.279655647697318,71.69388490913592,,1224.8301815714676,False,False,False,,[]
1773,1773,1774,True,1.0,1.0,1773.0,1774.0,1773.0,1774.0,1774.0,0.0,62.7,59.7,-344.5131960156263,0.5001577138900757,0.5001577138900757,0.0,1.0,0.4096891852136955,0.40992982594722716,0.9994742554275504,0.9994742274284363,0.9994737651830587,0.9999829222959077,0.9999829048581288,0.9999806357489321,0.9999806160807757,15.90412485199648,62.374078131404815,,1182.7465881634878,False,False,False,,[]
1774,1774,1775,True,1.0,1.0,1774.0,1775.0,1774.0,1775.0,1775.0,0.0,59.7,57.0,-301.5063522656251,0.50015789270401,0.50015789270401,0.0,1.0,0.40992982594722716,0.4101322533599698,0.9994737651830587,0.9994737505912781,0.9994733450624349,0.9999829048581288,0.9999828920257477,0.9999806160807757,0.9999805997114251,13.378816479479687,52.46918538288109,,1151.0309340440176,False,False,False,,[]
1775,1775,1776,True,1.0,1.0,1775.0,1776.0,1775.0,1776.0,1776.0,0.0,57.0,54.6,-258.0672940624997,0.5001580119132996,0.5001580119132996,0.0,1.0,0.4101322533599698,0.4102955646496982,0.9994733450624349,0.9994733333587646,0.9994730002193225,0.9999828920257477,0.9999828803083362,0.9999805997114251,0.9999805847543483,10.793494268394285,42.33028629759735,,1113.7748770982246,False,False,False,,[]
1776,1776,1777,True,1.0,1.0,1776.0,1777.0,1776.0,1777.0,1777.0,0.0,54.6,52.2,-260.2888315624997,0.5001581311225891,0.5001581311225891,0.0,1.0,0.4102955646496982,0.41045512890327973,0.9994730002193225,0.999472975730896,0.9994726627601334,0.9999828803083362,0.9999828691496531,0.9999805847543483,0.9999805725713954,10.54674574047867,41.359054528340366,,1114.1772013740097,False,False,False,,[]
1777,1777,1778,True,1.0,1.0,1777.0,1778.0,1777.0,1778.0,1778.0,0.0,52.2,49.7,-277.76565239583346,0.5001581907272339,0.5001581907272339,0.0,1.0,0.41045512890327973,0.4106163492453047,0.9994726627601334,0.9994726777076721,0.9994723220338616,0.9999828691496531,0.9999828588841705,0.9999805725713954,0.9999805573517195,10.657246519566803,41.78831265287114,,1113.1674485444362,False,False,False,,[]
1778,1778,1779,True,1.0,1.0,1778.0,1779.0,1778.0,1779.0,1779.0,0.0,49.7,46.8,-341.2819512239592,0.5001583099365234,0.5001583099365234,0.0,1.0,0.4106163492453047,0.4108063095676949,0.9994723220338616,0.9994723200798035,0.9994719255381735,0.9999828588841705,0.999982846349955,0.9999805573517195,0.9999805433366851,12.559327438219897,49.23771556354767,,1141.241801397233,False,False,False,,[]
1779,1779,1780,True,1.0,1.0,1779.0,1780.0,1779.0,1780.0,1780.0,0.0,46.8,43.5,-405.00643624999975,0.500158429145813,0.500158429145813,0.0,1.0,0.4108063095676949,0.4110163673112089,0.9994719255381735,0.99947190284729,0.9994714911348677,0.999982846349955,0.9999828318151592,0.9999805433366851,0.9999805274238073,13.890331227157214,54.44696711881919,,1157.634833507811,False,False,False,,[]
1780,1780,1781,True,1.0,1.0,1780.0,1781.0,1780.0,1781.0,1781.0,0.0,43.5,39.9,-453.530546015625,0.5001585483551025,0.5001585483551025,0.0,1.0,0.4110163673112089,0.41123455468925235,0.9994714911348677,0.9994714856147766,0.9994710416654454,0.9999828318151592,0.9999828168015805,0.9999805274238073,0.9999805121499021,14.429783122760323,56.55416838887244,,1166.7970880867995,False,False,False,,[]
1781,1781,1782,True,1.0,1.0,1781.0,1782.0,1781.0,1782.0,1782.0,0.0,39.9,36.4,-440.6699845572913,0.5001586675643921,0.5001586675643921,0.0,1.0,0.41123455468925235,0.41142931531904026,0.9994710416654454,0.9994710683822632,0.9994706360314064,0.9999828168015805,0.9999828043280905,0.9999805121499021,0.9999804985725401,12.880847353305468,50.48195524101897,,1146.9815230577724,False,False,False,,[]
1782,1782,1783,True,1.0,1.0,1782.0,1783.0,1782.0,1783.0,1783.0,0.0,36.4,33.2,-396.83246958333257,0.5001587867736816,0.5001587867736816,0.0,1.0,0.41142931531904026,0.41158162748094573,0.9994706360314064,0.9994706511497498,0.9994703129451927,0.9999828043280905,0.9999827858519503,0.9999804985725401,0.9999804874194881,10.07300668948573,39.47931236589577,,1099.353341851466,False,False,False,,[]
1783,1783,1784,True,1.0,1.0,1783.0,1784.0,1783.0,1784.0,1784.0,0.0,33.2,30.5,-321.9256029166677,0.5001589059829712,0.5001589059829712,0.0,1.0,0.41158162748094573,0.41169499416055716,0.9994703129451927,0.9994702935218811,0.9994700771334875,0.9999827858519503,0.9999827749740664,0.9999804874194881,0.9999804761672793,7.496990583033388,29.38464335528579,,1072.5648193923435,False,False,False,,[]
1784,1784,1785,True,1.0,1.0,1784.0,1785.0,1784.0,1785.0,1785.0,0.0,30.5,28.3,-246.59796789062483,0.500158965587616,0.500158965587616,0.0,1.0,0.41169499416055716,0.41177525680147625,0.9994700771334875,0.999470055103302,0.9994699155009019,0.9999827749740664,0.9999827655870663,0.9999804761672793,0.9999804703120494,5.30752260598941,20.80407652623388,,1051.36678740538,False,False,False,,[]
1785,1785,1786,True,1.0,1.0,1785.0,1786.0,1785.0,1786.0,1786.0,0.0,28.3,26.3,-216.96924809895822,0.5001590251922607,0.5001590251922607,0.0,1.0,0.41177525680147625,0.4118346602235789,0.9994699155009019,0.9994699358940125,0.9994697982908738,0.9999827655870663,0.9999827550045799,0.9999804703120494,0.9999804612100376,3.9280473459187886,15.397367009002908,,1028.8043839022419,False,False,False,,[]
1786,1786,1787,True,1.0,1.0,1786.0,1787.0,1786.0,1787.0,1787.0,0.0,26.3,24.4,-202.5241491406255,0.5001590251922607,0.5001590251922607,0.0,1.0,0.4118346602235789,0.41188587953967765,0.9994697982908738,0.9994698166847229,0.9994696980349571,0.9999827550045799,0.9999827456020818,0.9999804612100376,0.9999804532535513,3.386872892909923,13.276046732797905,,1024.416705908414,False,False,False,,[]
1787,1787,1788,True,1.0,1.0,1787.0,1788.0,1787.0,1788.0,1788.0,0.0,24.4,22.5,-203.32313624999944,0.5001590847969055,0.5001590847969055,0.0,1.0,0.41188587953967765,0.41193471314382724,0.9994696980349571,0.9994696974754333,0.999469602671622,0.9999827456020818,0.9999827367848758,0.9999804532535513,0.999980447547434,3.229162218128371,12.657670195567004,,1025.403287010137,False,False,False,,[]
1788,1788,1789,True,1.0,1.0,1788.0,1789.0,1788.0,1789.0,1789.0,0.0,22.5,20.5,-219.41307205729154,0.5001591444015503,0.5001591444015503,0.0,1.0,0.41193471314382724,0.41198826595070237,0.999469602671622,0.9994695782661438,0.9994694976086036,0.9999827367848758,0.9999827335172102,0.999980447547434,0.9999804420851699,3.5413453476910988,13.880887542027708,,1035.5360509377206,False,False,False,,[]
1789,1789,1790,True,1.0,1.0,1789.0,1790.0,1789.0,1790.0,1790.0,0.0,20.5,18.2,-266.1788793489586,0.5001591444015503,0.5001591444015503,0.0,1.0,0.41198826595070237,0.4120481770607208,0.9994694976086036,0.999469518661499,0.9994693793381217,0.9999827335172102,0.9999827299494866,0.9999804420851699,0.9999804379254744,3.9619702426171917,15.528959716777441,,1042.053792564173,False,False,False,,[]
1790,1790,1791,True,1.0,1.0,1790.0,1791.0,1790.0,1791.0,1791.0,0.0,18.2,15.5,-328.32048572916676,0.5001592040061951,0.5001592040061951,0.0,1.0,0.4120481770607208,0.41210762514405413,0.9994693793381217,0.9994693994522095,0.9994692620348468,0.9999827299494866,0.9999827255871981,0.9999804379254744,0.99998042794917,3.931434564850293,15.408943200010263,,1034.531805737779,False,False,False,,[]
1791,1791,1792,True,1.0,1.0,1791.0,1792.0,1791.0,1792.0,1792.0,0.0,15.5,12.3,-405.8293480989581,0.5001592040061951,0.5001592040061951,0.0,1.0,0.41210762514405413,0.41215564391009246,0.9994692620348468,0.9994692802429199,0.9994691683374641,0.9999827255871981,0.999982718052759,0.99998042794917,0.9999804056257232,3.175544092115354,12.446464157127293,,1008.8691114505322,False,False,False,,[]
1792,1792,1793,True,1.0,1.0,1792.0,1793.0,1792.0,1793.0,1793.0,0.0,12.3,8.7,-467.97053976562523,0.5001592636108398,0.5001592636108398,0.0,1.0,0.41215564391009246,0.4121997990218923,0.9994691683374641,0.9994691610336304,0.9994690825041356,0.999982718052759,0.9999827139843385,0.9999804056257232,0.9999803861805973,2.920048470804909,11.445004978523436,,1012.2054081502451,False,False,False,,[]
1793,1793,1794,True,1.0,1.0,1793.0,1794.0,1793.0,1794.0,1794.0,0.0,8.7,5.2,-453.24675330729167,0.5001592636108398,0.5001592636108398,0.0,1.0,0.4121997990218923,0.41222056347318525,0.9994690825041356,0.9994691014289856,0.9994690430531591,0.9999827139843385,0.9999827032925013,0.9999803861805973,0.9999803737147313,1.3731052282886282,5.382145775135703,,993.7015720826859,False,False,False,,[]
1794,1794,1795,True,1.0,1.0,1794.0,1795.0,1794.0,1795.0,1795.0,0.0,5.2,0.0,-714.6144362499999,0.5001592636108398,0.5001592636108398,0.0,1.0,0.41222056347318525,0.41223281121182,0.9994690430531591,0.9994690418243408,0.9994690199763993,0.9999827032925013,0.9999826969861528,0.9999803737147313,0.9999803663620104,0.8098963610833333,3.1746138541169815,,996.2947730946148,False,False,False,,[]
1795,1795,1796,True,1.0,1.0,1795.0,1796.0,1795.0,1796.0,1796.0,0.0,0.0,0.0,83.40462000000002,0.5001592636108398,0.5001592636108398,0.0,1.0,0.41223281121182,0.41223281121182,0.9994690199763993,0.9994690418243408,0.9994690199763993,0.9999826969861528,0.9999826969861528,0.9999803663620104,0.9999803663620104,-0.0,0.0,,1000.0,False,False,False,,[]
1796,1796,1797,True,1.0,1.0,1796.0,1797.0,1796.0,1797.0,1797.0,0.0,0.0,0.0,83.40462000000002,0.5001592636108398,0.5001592636108398,0.0,1.0,0.41223281121182,0.41223281121182,0.9994690199763993,0.9994690418243408,0.9994690199763993,0.9999826969861528,0.9999826969861528,0.9999803663620104,0.9999803663620104,-0.0,0.0,,1000.0,False,False,False,,[]
1797,1797,1798,True,1.0,1.0,1797.0,1798.0,1797.0,1798.0,1798.0,0.0,0.0,0.0,83.40462000000002,0.5001592636108398,0.5001592636108398,0.0,1.0,0.41223281121182,0.41223281121182,0.9994690199763993,0.9994690418243408,0.9994690199763993,0.9999826969861528,0.9999826969861528,0.9999803663620104,0.9999803663620104,-0.0,0.0,,1000.0,False,False,False,,[]
1798,1798,1799,True,1.0,1.0,1798.0,1799.0,1798.0,1799.0,1799.0,0.0,0.0,0.0,83.40462000000002,0.5001592636108398,0.5001592636108398,0.0,1.0,0.41223281121182,0.41223281121182,0.9994690199763993,0.9994690418243408,0.9994690199763993,0.9999826969861528,0.9999826969861528,0.9999803663620104,0.9999803663620104,-0.0,0.0,,1000.0,False,False,False,,[]
1799,1799,1800,True,1.0,1.0,1799.0,1800.0,1799.0,1800.0,1800.0,0.0,0.0,0.0,83.40462000000002,0.5001592636108398,0.5001592636108398,0.0,1.0,0.41223281121182,0.41223281121182,0.9994690199763993,0.9994690418243408,0.9994690199763993,0.9999826969861528,0.9999826969861528,0.9999803663620104,0.9999803663620104,-0.0,0.0,,1000.0,True,False,False,,[]
